1788702462.502411634,0 %, 2405 MHz, 43, 11.98 W
1788702462.603565164,0 %, 2405 MHz, 43, 11.98 W
1788702462.703789800,0 %, 2405 MHz, 43, 11.98 W
1788702462.803879956,0 %, 2405 MHz, 43, 11.98 W
1788702462.904620255,0 %, 2405 MHz, 43, 12.18 W
1788702463.004839483,0 %, 2405 MHz, 43, 12.18 W
1788702463.105985429,0 %, 2405 MHz, 43, 12.18 W
1788702463.205948385,0 %, 2405 MHz, 43, 12.18 W
1788702463.306229677,0 %, 2405 MHz, 43, 12.18 W
1788702463.406426184,6 %, 2411 MHz, 43, 12.22 W
1788702463.506243092,6 %, 2411 MHz, 43, 12.22 W
1788702463.606955855,6 %, 2411 MHz, 43, 12.22 W
1788702463.707051419,6 %, 2411 MHz, 43, 12.22 W
1788702463.807294359,6 %, 2411 MHz, 43, 12.22 W
1788702463.907390690,6 %, 2411 MHz, 43, 11.80 W
1788702464.008266973,6 %, 2411 MHz, 43, 11.80 W
1788702464.107350074,6 %, 2411 MHz, 43, 11.80 W
1788702464.208086885,6 %, 2411 MHz, 43, 11.80 W
1788702464.308791455,6 %, 2411 MHz, 43, 11.80 W
1788702464.408596203,15 %, 2411 MHz, 43, 11.79 W
1788702464.508354695,15 %, 2411 MHz, 43, 11.79 W
1788702464.609312369,15 %, 2411 MHz, 43, 11.79 W
1788702464.709609836,15 %, 2411 MHz, 43, 11.79 W
1788702464.809738440,15 %, 2411 MHz, 43, 11.79 W
1788702464.909954691,15 %, 2411 MHz, 43, 11.75 W
1788702465.010296878,15 %, 2411 MHz, 43, 11.75 W
1788702465.110186490,15 %, 2411 MHz, 43, 11.75 W
1788702465.210768868,15 %, 2411 MHz, 43, 11.75 W
1788702465.310753808,15 %, 2411 MHz, 43, 11.75 W
1788702465.410729052,0 %, 2411 MHz, 43, 11.67 W
1788702465.510380632,0 %, 2411 MHz, 43, 11.67 W
1788702465.611492849,0 %, 2411 MHz, 43, 11.67 W
1788702465.711871036,0 %, 2411 MHz, 43, 11.67 W
1788702465.811581464,0 %, 2411 MHz, 43, 11.67 W
1788702465.912046003,0 %, 2411 MHz, 43, 11.69 W
1788702466.012381726,0 %, 2411 MHz, 43, 11.69 W
1788702466.112520201,0 %, 2411 MHz, 43, 11.69 W
1788702466.212866931,0 %, 2411 MHz, 43, 11.69 W
1788702466.312936847,0 %, 2411 MHz, 43, 11.69 W
1788702466.412797050,0 %, 2411 MHz, 43, 11.68 W
1788702466.512633334,0 %, 2411 MHz, 43, 11.68 W
1788702466.613780031,0 %, 2411 MHz, 43, 11.68 W
1788702466.713780010,0 %, 2411 MHz, 43, 11.68 W
1788702466.814500084,0 %, 2411 MHz, 43, 11.68 W
1788702466.914720639,0 %, 2411 MHz, 43, 12.03 W
1788702467.014826794,0 %, 2411 MHz, 43, 12.03 W
1788702467.114942805,0 %, 2411 MHz, 43, 12.03 W
1788702467.214960096,0 %, 2411 MHz, 43, 12.03 W
1788702467.315101627,0 %, 2411 MHz, 43, 12.03 W
1788702467.415637749,0 %, 2411 MHz, 42, 12.03 W
1788702467.515391825,0 %, 2411 MHz, 42, 12.03 W
1788702467.616061370,0 %, 2411 MHz, 42, 12.03 W
1788702467.716310757,0 %, 2411 MHz, 42, 12.03 W
1788702467.816622752,0 %, 2411 MHz, 42, 12.03 W
1788702467.916714171,0 %, 2411 MHz, 42, 11.67 W
1788702468.016942005,0 %, 2411 MHz, 42, 11.67 W
1788702468.117052432,0 %, 2411 MHz, 42, 11.67 W
1788702468.217215546,0 %, 2411 MHz, 42, 11.67 W
1788702468.317673876,0 %, 2411 MHz, 42, 11.67 W
1788702468.417657663,0 %, 2411 MHz, 42, 11.67 W
1788702468.517367483,0 %, 2411 MHz, 42, 11.67 W
1788702468.618353828,0 %, 2411 MHz, 42, 11.67 W
1788702468.718369695,0 %, 2411 MHz, 42, 11.67 W
1788702468.818733321,0 %, 2411 MHz, 42, 11.67 W
1788702468.918690228,0 %, 2411 MHz, 42, 11.66 W
1788702469.018922334,0 %, 2411 MHz, 42, 11.66 W
1788702469.119032857,0 %, 2411 MHz, 42, 11.66 W
1788702469.219245571,0 %, 2411 MHz, 42, 11.66 W
1788702469.319400509,0 %, 2411 MHz, 42, 11.66 W
1788702469.419624695,0 %, 2411 MHz, 42, 11.65 W
1788702469.519128691,0 %, 2411 MHz, 42, 11.65 W
1788702469.620135804,0 %, 2411 MHz, 42, 11.65 W
1788702469.719653287,0 %, 2411 MHz, 42, 11.65 W
1788702469.820374288,0 %, 2411 MHz, 42, 11.65 W
1788702469.920749530,0 %, 2411 MHz, 42, 11.63 W
1788702470.020735957,0 %, 2411 MHz, 42, 11.63 W
1788702470.121055007,0 %, 2411 MHz, 42, 11.63 W
1788702470.221077529,0 %, 2411 MHz, 42, 11.63 W
1788702470.321286019,0 %, 2411 MHz, 42, 11.63 W
1788702470.421437197,0 %, 2411 MHz, 42, 11.62 W
1788702470.520713241,0 %, 2411 MHz, 42, 11.62 W
1788702470.621959937,0 %, 2411 MHz, 42, 11.62 W
1788702470.722171579,0 %, 2411 MHz, 42, 11.62 W
1788702470.822178710,0 %, 2411 MHz, 42, 11.62 W
1788702470.922382960,0 %, 2411 MHz, 42, 11.61 W
1788702471.022617369,0 %, 2411 MHz, 42, 11.61 W
1788702471.122394212,0 %, 2411 MHz, 42, 11.61 W
1788702471.223021469,0 %, 2411 MHz, 42, 11.61 W
1788702471.323337367,0 %, 2411 MHz, 42, 11.61 W
1788702471.423370193,0 %, 2411 MHz, 42, 11.61 W
1788702471.522896236,0 %, 2411 MHz, 42, 11.61 W
1788702471.623705621,0 %, 2411 MHz, 42, 11.61 W
1788702471.723864494,0 %, 2411 MHz, 42, 11.61 W
1788702471.824097992,0 %, 2411 MHz, 42, 11.61 W
1788702471.924334306,0 %, 2411 MHz, 42, 11.61 W
1788702472.024604732,0 %, 2411 MHz, 42, 11.61 W
1788702472.124813509,0 %, 2411 MHz, 42, 11.61 W
1788702472.224941791,0 %, 2411 MHz, 42, 11.61 W
1788702472.325080617,0 %, 2411 MHz, 42, 11.61 W
1788702472.425324914,0 %, 2411 MHz, 42, 11.60 W
1788702472.525124572,0 %, 2411 MHz, 42, 11.60 W
1788702472.625864597,0 %, 2411 MHz, 42, 11.60 W
1788702472.726538286,0 %, 2411 MHz, 42, 11.60 W
1788702472.826638775,0 %, 2411 MHz, 42, 11.60 W
1788702472.926750209,0 %, 2411 MHz, 42, 11.61 W
1788702473.027212490,0 %, 2411 MHz, 42, 11.61 W
1788702473.127389460,0 %, 2411 MHz, 42, 11.61 W
1788702473.227442477,0 %, 2411 MHz, 42, 11.61 W
1788702473.327828182,0 %, 2411 MHz, 42, 11.61 W
1788702473.427894512,0 %, 2411 MHz, 42, 11.61 W
1788702473.527401242,0 %, 2411 MHz, 42, 11.61 W
1788702473.628270163,0 %, 2411 MHz, 42, 11.61 W
1788702473.728122525,0 %, 2411 MHz, 42, 11.61 W
1788702473.828784293,0 %, 2411 MHz, 42, 11.61 W
1788702473.929019950,0 %, 2411 MHz, 42, 11.60 W
1788702474.028704137,0 %, 2411 MHz, 42, 11.60 W
1788702474.129382033,0 %, 2411 MHz, 42, 11.60 W
1788702474.229493322,0 %, 2411 MHz, 42, 11.60 W
1788702474.329837011,0 %, 2411 MHz, 42, 11.60 W
1788702474.429995340,0 %, 2411 MHz, 42, 11.60 W
1788702474.529306359,0 %, 2411 MHz, 42, 11.60 W
1788702474.630369103,0 %, 2411 MHz, 42, 11.60 W
1788702474.731140167,0 %, 2411 MHz, 42, 11.60 W
1788702474.831300464,0 %, 2411 MHz, 42, 11.60 W
1788702474.931617433,0 %, 2411 MHz, 42, 11.52 W
1788702475.031838802,0 %, 2411 MHz, 42, 11.52 W
1788702475.131097821,0 %, 2411 MHz, 42, 11.52 W
1788702475.232078916,0 %, 2411 MHz, 42, 11.52 W
1788702475.331973725,0 %, 2411 MHz, 42, 11.52 W
1788702475.432187094,0 %, 2411 MHz, 42, 11.44 W
1788702475.531615345,0 %, 2411 MHz, 42, 11.44 W
1788702475.632893432,0 %, 2411 MHz, 42, 11.44 W
1788702475.732923329,0 %, 2411 MHz, 42, 11.44 W
1788702475.833273705,0 %, 2411 MHz, 42, 11.44 W
1788702475.933094227,0 %, 2411 MHz, 42, 11.43 W
1788702476.033536171,0 %, 2411 MHz, 42, 11.43 W
1788702476.133307621,0 %, 2411 MHz, 42, 11.43 W
1788702476.233930045,0 %, 2411 MHz, 42, 11.43 W
1788702476.333897814,0 %, 2411 MHz, 42, 11.43 W
1788702476.433870559,0 %, 2411 MHz, 42, 11.43 W
1788702476.533645417,0 %, 2411 MHz, 42, 11.43 W
1788702476.634911615,0 %, 2411 MHz, 42, 11.43 W
1788702476.735053816,0 %, 2411 MHz, 42, 11.43 W
1788702476.835140593,0 %, 2411 MHz, 42, 11.43 W
1788702476.935701225,0 %, 2411 MHz, 42, 11.44 W
1788702477.035905938,0 %, 2411 MHz, 42, 11.44 W
1788702477.136031338,0 %, 2411 MHz, 42, 11.44 W
1788702477.235745748,0 %, 2411 MHz, 42, 11.44 W
1788702477.336416251,0 %, 2411 MHz, 42, 11.44 W
1788702477.436581460,0 %, 2411 MHz, 41, 11.44 W
1788702477.536097085,0 %, 2411 MHz, 41, 11.44 W
1788702477.637098212,0 %, 2411 MHz, 41, 11.44 W
1788702477.737136365,0 %, 2411 MHz, 41, 11.44 W
1788702477.837230262,0 %, 2411 MHz, 41, 11.44 W
1788702477.937703054,0 %, 2411 MHz, 41, 11.43 W
1788702478.037662087,0 %, 2411 MHz, 41, 11.43 W
1788702478.137696063,0 %, 2411 MHz, 41, 11.43 W
1788702478.237990695,0 %, 2411 MHz, 41, 11.43 W
1788702478.338230703,0 %, 2411 MHz, 41, 11.43 W
1788702478.438527879,0 %, 2411 MHz, 41, 11.42 W
1788702478.537899393,0 %, 2411 MHz, 41, 11.42 W
1788702478.638858968,0 %, 2411 MHz, 41, 11.42 W
1788702478.739075696,0 %, 2411 MHz, 41, 11.42 W
1788702478.839144969,0 %, 2411 MHz, 41, 11.42 W
1788702478.939521841,0 %, 2411 MHz, 41, 11.42 W
1788702479.039650345,0 %, 2411 MHz, 41, 11.42 W
1788702479.139830145,0 %, 2411 MHz, 41, 11.42 W
1788702479.239910025,0 %, 2411 MHz, 41, 11.42 W
1788702479.340060561,0 %, 2411 MHz, 41, 11.42 W
1788702479.440206810,0 %, 2411 MHz, 41, 11.41 W
1788702479.539754691,0 %, 2411 MHz, 41, 11.41 W
1788702479.640617097,0 %, 2411 MHz, 41, 11.41 W
1788702479.740983473,0 %, 2411 MHz, 41, 11.41 W
1788702479.840999402,0 %, 2411 MHz, 41, 11.41 W
1788702479.941221138,0 %, 2411 MHz, 41, 11.42 W
1788702480.041620217,0 %, 2411 MHz, 41, 11.42 W
1788702480.141692049,0 %, 2411 MHz, 41, 11.42 W
1788702480.242079017,0 %, 2411 MHz, 41, 11.42 W
1788702480.342023089,0 %, 2411 MHz, 41, 11.42 W
1788702480.442276025,0 %, 2411 MHz, 41, 11.43 W
1788702480.541733426,0 %, 2411 MHz, 41, 11.43 W
1788702480.642516344,0 %, 2411 MHz, 41, 11.43 W
1788702480.742529473,0 %, 2411 MHz, 41, 11.43 W
1788702480.842701336,0 %, 2411 MHz, 41, 11.43 W
1788702480.942802400,0 %, 2411 MHz, 41, 11.42 W
1788702481.043216648,0 %, 2411 MHz, 41, 11.42 W
1788702481.143357167,0 %, 2411 MHz, 41, 11.42 W
1788702481.243549111,0 %, 2411 MHz, 41, 11.42 W
1788702481.343623343,0 %, 2411 MHz, 41, 11.42 W
1788702481.444037734,0 %, 2411 MHz, 41, 11.41 W
1788702481.543543551,0 %, 2411 MHz, 41, 11.41 W
1788702481.644406485,0 %, 2411 MHz, 41, 11.41 W
1788702481.744613021,0 %, 2411 MHz, 41, 11.41 W
1788702481.844783844,0 %, 2411 MHz, 41, 11.41 W
1788702481.944966380,0 %, 2411 MHz, 41, 11.42 W
1788702482.045179555,0 %, 2411 MHz, 41, 11.42 W
1788702482.145398971,0 %, 2411 MHz, 41, 11.42 W
1788702482.245530290,0 %, 2411 MHz, 41, 11.42 W
1788702482.345268122,0 %, 2411 MHz, 41, 11.42 W
1788702482.445882225,0 %, 2411 MHz, 41, 11.41 W
1788702482.545338906,0 %, 2411 MHz, 41, 11.41 W
1788702482.646225152,0 %, 2411 MHz, 41, 11.41 W
1788702482.746407511,0 %, 2411 MHz, 41, 11.41 W
1788702482.846691774,0 %, 2411 MHz, 41, 11.41 W
1788702482.946963846,0 %, 2411 MHz, 41, 11.40 W
1788702483.047112685,0 %, 2411 MHz, 41, 11.40 W
1788702483.147363524,0 %, 2411 MHz, 41, 11.40 W
1788702483.247580203,0 %, 2411 MHz, 41, 11.40 W
1788702483.347632355,0 %, 2411 MHz, 41, 11.40 W
1788702483.447911978,0 %, 2411 MHz, 41, 11.41 W
1788702483.548119201,0 %, 2411 MHz, 41, 11.41 W
1788702483.648248072,0 %, 2411 MHz, 41, 11.41 W
1788702483.748419535,0 %, 2411 MHz, 41, 11.41 W
1788702483.848586518,0 %, 2411 MHz, 41, 11.41 W
1788702483.949495036,0 %, 2411 MHz, 41, 11.42 W
1788702484.049558563,0 %, 2411 MHz, 41, 11.42 W
1788702484.148948892,0 %, 2411 MHz, 41, 11.42 W
1788702484.249895777,0 %, 2411 MHz, 41, 11.42 W
1788702484.349598185,0 %, 2411 MHz, 41, 11.42 W
1788702484.449043010,0 %, 2411 MHz, 41, 11.44 W
1788702484.549635464,0 %, 2411 MHz, 41, 11.44 W
1788702484.650180862,0 %, 2411 MHz, 41, 11.44 W
1788702484.750521253,0 %, 2411 MHz, 41, 11.44 W
1788702484.850532764,0 %, 2411 MHz, 41, 11.44 W
1788702484.951228834,0 %, 2411 MHz, 41, 11.44 W
1788702485.050683882,0 %, 2411 MHz, 41, 11.44 W
1788702485.151202080,0 %, 2411 MHz, 41, 11.44 W
1788702485.251313447,0 %, 2411 MHz, 41, 11.44 W
1788702485.351684205,0 %, 2411 MHz, 41, 11.44 W
1788702485.452259891,0 %, 2411 MHz, 41, 11.42 W
1788702485.551539276,0 %, 2411 MHz, 41, 11.42 W
1788702485.652637825,0 %, 2411 MHz, 41, 11.42 W
1788702485.752695448,0 %, 2411 MHz, 41, 11.42 W
1788702485.852924990,0 %, 2411 MHz, 41, 11.42 W
1788702485.953508116,0 %, 2411 MHz, 41, 11.42 W
1788702486.053571835,0 %, 2411 MHz, 41, 11.42 W
1788702486.153941665,0 %, 2411 MHz, 41, 11.42 W
1788702486.254706295,0 %, 2411 MHz, 41, 11.42 W
1788702486.354884477,0 %, 2411 MHz, 41, 11.42 W
1788702486.455196804,0 %, 2411 MHz, 41, 11.42 W
1788702486.555224506,0 %, 2411 MHz, 41, 11.42 W
1788702486.655544593,0 %, 2411 MHz, 41, 11.42 W
1788702486.755710199,0 %, 2411 MHz, 41, 11.42 W
1788702486.855844222,0 %, 2411 MHz, 41, 11.42 W
1788702486.956179524,0 %, 2411 MHz, 41, 11.40 W
1788702487.055766812,0 %, 2411 MHz, 41, 11.40 W
1788702487.156403249,0 %, 2411 MHz, 41, 11.40 W
1788702487.256694279,0 %, 2411 MHz, 41, 11.40 W
1788702487.356856845,0 %, 2411 MHz, 41, 11.40 W
1788702487.456931540,0 %, 2411 MHz, 41, 11.40 W
1788702487.557321722,0 %, 2411 MHz, 41, 11.40 W
1788702487.657388048,0 %, 2411 MHz, 41, 11.40 W
1788702487.757593782,0 %, 2411 MHz, 41, 11.40 W
1788702487.857787277,0 %, 2411 MHz, 41, 11.40 W
1788702487.957957603,0 %, 2411 MHz, 41, 11.40 W
1788702488.058234793,0 %, 2411 MHz, 41, 11.40 W
1788702488.158274239,0 %, 2411 MHz, 41, 11.40 W
1788702488.258356070,0 %, 2411 MHz, 41, 11.40 W
1788702488.358666108,0 %, 2411 MHz, 41, 11.40 W
1788702488.458689042,0 %, 2411 MHz, 41, 11.40 W
1788702488.559099224,0 %, 2411 MHz, 41, 11.40 W
1788702488.659182334,0 %, 2411 MHz, 41, 11.40 W
1788702488.759349204,0 %, 2411 MHz, 41, 11.40 W
1788702488.859662890,0 %, 2411 MHz, 41, 11.40 W
1788702488.959730080,0 %, 2411 MHz, 41, 11.40 W
1788702489.059417911,0 %, 2411 MHz, 41, 11.40 W
1788702489.160177564,0 %, 2411 MHz, 41, 11.40 W
1788702489.260181442,0 %, 2411 MHz, 41, 11.40 W
1788702489.360497943,0 %, 2411 MHz, 41, 11.40 W
1788702489.459693871,0 %, 2411 MHz, 41, 11.40 W
1788702489.560860195,0 %, 2411 MHz, 41, 11.40 W
1788702489.661100121,0 %, 2411 MHz, 41, 11.40 W
1788702489.761272655,0 %, 2411 MHz, 41, 11.40 W
1788702489.860813366,0 %, 2411 MHz, 41, 11.40 W
1788702489.961650426,0 %, 2411 MHz, 41, 11.42 W
1788702490.061781808,0 %, 2411 MHz, 41, 11.42 W
1788702490.162072774,0 %, 2411 MHz, 41, 11.42 W
1788702490.262364315,0 %, 2411 MHz, 41, 11.42 W
1788702490.362414161,0 %, 2411 MHz, 41, 11.42 W
1788702490.462627207,0 %, 2411 MHz, 41, 11.41 W
1788702490.562800508,0 %, 2411 MHz, 41, 11.41 W
1788702490.663034242,0 %, 2411 MHz, 41, 11.41 W
1788702490.762763560,0 %, 2411 MHz, 41, 11.41 W
1788702490.863338557,0 %, 2411 MHz, 41, 11.41 W
1788702490.963603859,0 %, 2411 MHz, 41, 11.39 W
1788702491.063717496,0 %, 2411 MHz, 41, 11.39 W
1788702491.163821934,0 %, 2411 MHz, 41, 11.39 W
1788702491.264115395,0 %, 2411 MHz, 41, 11.39 W
1788702491.364255097,0 %, 2411 MHz, 41, 11.39 W
1788702491.464448734,0 %, 2411 MHz, 41, 11.40 W
1788702491.564655971,0 %, 2411 MHz, 41, 11.40 W
1788702491.664712905,0 %, 2411 MHz, 41, 11.40 W
1788702491.764956302,0 %, 2411 MHz, 41, 11.40 W
1788702491.864638261,0 %, 2411 MHz, 41, 11.40 W
1788702491.965533241,0 %, 2411 MHz, 41, 11.40 W
1788702492.065592430,0 %, 2411 MHz, 41, 11.40 W
1788702492.165760691,0 %, 2411 MHz, 41, 11.40 W
1788702492.265345754,0 %, 2411 MHz, 41, 11.40 W
1788702492.365571647,0 %, 2411 MHz, 41, 11.40 W
1788702492.466322451,0 %, 2411 MHz, 41, 11.39 W
1788702492.566470856,0 %, 2411 MHz, 41, 11.39 W
1788702492.666692285,0 %, 2411 MHz, 41, 11.39 W
1788702492.766996898,0 %, 2411 MHz, 41, 11.39 W
1788702492.867065432,0 %, 2411 MHz, 41, 11.39 W
1788702492.967515085,0 %, 2411 MHz, 41, 11.38 W
1788702493.067719746,0 %, 2411 MHz, 41, 11.38 W
1788702493.167889511,0 %, 2411 MHz, 41, 11.38 W
1788702493.268096475,0 %, 2411 MHz, 41, 11.38 W
1788702493.367859857,0 %, 2411 MHz, 41, 11.38 W
1788702493.468553781,0 %, 2411 MHz, 41, 11.38 W
1788702493.568615114,0 %, 2411 MHz, 41, 11.38 W
1788702493.668895487,0 %, 2411 MHz, 41, 11.38 W
1788702493.769000500,0 %, 2411 MHz, 41, 11.38 W
1788702493.869163369,0 %, 2411 MHz, 41, 11.38 W
1788702493.969418638,0 %, 2411 MHz, 41, 11.39 W
1788702494.069598067,0 %, 2411 MHz, 41, 11.39 W
1788702494.169183641,0 %, 2411 MHz, 41, 11.39 W
1788702494.269938349,0 %, 2411 MHz, 41, 11.39 W
1788702494.370106849,0 %, 2411 MHz, 41, 11.39 W
1788702494.470266854,0 %, 2411 MHz, 41, 11.40 W
1788702494.570490891,0 %, 2411 MHz, 41, 11.40 W
1788702494.670846687,0 %, 2411 MHz, 41, 11.40 W
1788702494.770985396,0 %, 2411 MHz, 41, 11.40 W
1788702494.871095577,0 %, 2411 MHz, 41, 11.40 W
1788702494.971753597,0 %, 2411 MHz, 41, 11.39 W
1788702495.071463603,0 %, 2411 MHz, 41, 11.39 W
1788702495.171716487,0 %, 2411 MHz, 41, 11.39 W
1788702495.271969931,0 %, 2411 MHz, 41, 11.39 W
1788702495.372168512,0 %, 2411 MHz, 41, 11.39 W
1788702495.472363221,0 %, 2411 MHz, 41, 11.38 W
1788702495.572401465,0 %, 2411 MHz, 41, 11.38 W
1788702495.672901933,0 %, 2411 MHz, 41, 11.38 W
1788702495.773465665,0 %, 2411 MHz, 41, 11.38 W
1788702495.873656902,0 %, 2411 MHz, 41, 11.38 W
1788702495.973529643,0 %, 2411 MHz, 41, 11.39 W
1788702496.073983215,0 %, 2411 MHz, 41, 11.39 W
1788702496.173828308,0 %, 2411 MHz, 41, 11.39 W
1788702496.274334455,0 %, 2411 MHz, 41, 11.39 W
1788702496.374096893,0 %, 2411 MHz, 41, 11.39 W
1788702496.474295857,0 %, 2411 MHz, 41, 11.39 W
1788702496.574375029,0 %, 2411 MHz, 41, 11.39 W
1788702496.674802969,0 %, 2411 MHz, 41, 11.39 W
1788702496.775283885,0 %, 2411 MHz, 41, 11.39 W
1788702496.875502865,0 %, 2411 MHz, 41, 11.39 W
1788702496.975650790,0 %, 2411 MHz, 41, 11.39 W
1788702497.075411467,0 %, 2411 MHz, 41, 11.39 W
1788702497.175768574,0 %, 2411 MHz, 41, 11.39 W
1788702497.275626867,0 %, 2411 MHz, 41, 11.39 W
1788702497.375930583,0 %, 2411 MHz, 41, 11.39 W
1788702497.476100027,0 %, 2411 MHz, 41, 11.39 W
1788702497.576315039,0 %, 2411 MHz, 41, 11.39 W
1788702497.676465747,0 %, 2411 MHz, 41, 11.39 W
1788702497.776856535,0 %, 2411 MHz, 41, 11.39 W
1788702497.877553450,0 %, 2411 MHz, 41, 11.39 W
1788702497.977938110,0 %, 2411 MHz, 41, 11.39 W
1788702498.077957874,0 %, 2411 MHz, 41, 11.39 W
1788702498.178067110,0 %, 2411 MHz, 41, 11.39 W
1788702498.277642987,0 %, 2411 MHz, 41, 11.39 W
1788702498.377743472,0 %, 2411 MHz, 41, 11.39 W
1788702498.478512946,0 %, 2411 MHz, 41, 11.39 W
1788702498.578686422,0 %, 2411 MHz, 41, 11.39 W
1788702498.678802570,0 %, 2411 MHz, 41, 11.39 W
1788702498.778986814,0 %, 2411 MHz, 41, 11.39 W
1788702498.879324994,0 %, 2411 MHz, 41, 11.39 W
1788702498.979555126,0 %, 2411 MHz, 41, 11.39 W
1788702499.079827561,0 %, 2411 MHz, 41, 11.39 W
1788702499.179828061,0 %, 2411 MHz, 41, 11.39 W
1788702499.280084865,0 %, 2411 MHz, 41, 11.39 W
1788702499.380237141,0 %, 2411 MHz, 41, 11.39 W
1788702499.480403624,0 %, 2411 MHz, 41, 11.39 W
1788702499.580602652,0 %, 2411 MHz, 41, 11.39 W
1788702499.680860720,0 %, 2411 MHz, 41, 11.39 W
1788702499.780834692,0 %, 2411 MHz, 41, 11.39 W
1788702499.880808984,0 %, 2411 MHz, 41, 11.39 W
1788702499.981112075,0 %, 2411 MHz, 41, 11.38 W
1788702500.081558766,0 %, 2411 MHz, 41, 11.38 W
1788702500.181493442,0 %, 2411 MHz, 41, 11.38 W
1788702500.282112597,0 %, 2411 MHz, 41, 11.38 W
1788702500.382246072,0 %, 2411 MHz, 41, 11.38 W
1788702500.482576220,0 %, 2411 MHz, 41, 11.36 W
1788702500.582913007,0 %, 2411 MHz, 41, 11.36 W
1788702500.683103938,0 %, 2411 MHz, 41, 11.36 W
1788702500.783289798,0 %, 2411 MHz, 41, 11.36 W
1788702500.883459881,0 %, 2411 MHz, 41, 11.35 W
1788702500.983552157,0 %, 2411 MHz, 41, 11.35 W
1788702501.083881952,0 %, 2411 MHz, 41, 11.35 W
1788702501.183932211,0 %, 2411 MHz, 41, 11.35 W
1788702501.284230695,0 %, 2411 MHz, 41, 11.35 W
1788702501.384400330,0 %, 2411 MHz, 41, 11.36 W
1788702501.484497709,0 %, 2411 MHz, 41, 11.36 W
1788702501.585303071,0 %, 2411 MHz, 41, 11.36 W
1788702501.685274083,0 %, 2411 MHz, 41, 11.36 W
1788702501.785773702,0 %, 2411 MHz, 41, 11.36 W
1788702501.886090185,0 %, 2411 MHz, 41, 11.36 W
1788702501.986545851,0 %, 2411 MHz, 41, 11.36 W
1788702502.086623791,0 %, 2411 MHz, 41, 11.36 W
1788702502.186104067,0 %, 2411 MHz, 41, 11.36 W
1788702502.286860037,0 %, 2411 MHz, 41, 11.36 W
1788702502.387029384,0 %, 2411 MHz, 40, 11.35 W
1788702502.487234155,0 %, 2411 MHz, 40, 11.35 W
1788702502.587381326,0 %, 2411 MHz, 40, 11.35 W
1788702502.687513041,0 %, 2411 MHz, 40, 11.35 W
1788702502.787952260,0 %, 2411 MHz, 40, 11.35 W
1788702502.888151479,0 %, 2411 MHz, 40, 11.33 W
1788702502.988354026,0 %, 2411 MHz, 40, 11.33 W
1788702503.088454141,0 %, 2411 MHz, 40, 11.33 W
1788702503.188634016,0 %, 2411 MHz, 40, 11.33 W
1788702503.288962483,0 %, 2411 MHz, 40, 11.33 W
1788702503.389172021,0 %, 2411 MHz, 40, 11.31 W
1788702503.489339992,0 %, 2411 MHz, 40, 11.31 W
1788702503.589710299,0 %, 2411 MHz, 40, 11.31 W
1788702503.689670270,0 %, 2411 MHz, 40, 11.31 W
1788702503.789843185,0 %, 2411 MHz, 40, 11.31 W
1788702503.890076164,0 %, 2411 MHz, 40, 11.33 W
1788702503.990267638,0 %, 2411 MHz, 40, 11.33 W
1788702504.090452585,0 %, 2411 MHz, 40, 11.33 W
1788702504.190645772,0 %, 2411 MHz, 40, 11.33 W
1788702504.290846398,0 %, 2411 MHz, 40, 11.33 W
1788702504.390996113,0 %, 2411 MHz, 40, 11.34 W
1788702504.491117300,0 %, 2411 MHz, 40, 11.34 W
1788702504.591829429,0 %, 2411 MHz, 40, 11.34 W
1788702504.692146056,0 %, 2411 MHz, 40, 11.34 W
1788702504.791232252,0 %, 2411 MHz, 40, 11.34 W
1788702504.892629149,0 %, 2411 MHz, 40, 11.35 W
1788702504.992414832,0 %, 2411 MHz, 40, 11.35 W
1788702505.093071586,0 %, 2411 MHz, 40, 11.35 W
1788702505.192991269,0 %, 2411 MHz, 40, 11.35 W
1788702505.293413383,0 %, 2411 MHz, 40, 11.35 W
1788702505.393261594,0 %, 2411 MHz, 40, 11.36 W
1788702505.493881883,0 %, 2411 MHz, 40, 11.36 W
1788702505.593875150,0 %, 2411 MHz, 40, 11.36 W
1788702505.694264080,0 %, 2411 MHz, 40, 11.36 W
1788702505.794425203,0 %, 2411 MHz, 40, 11.36 W
1788702505.894513077,0 %, 2411 MHz, 40, 11.35 W
1788702505.994858535,0 %, 2411 MHz, 40, 11.35 W
1788702506.095017658,0 %, 2411 MHz, 40, 11.35 W
1788702506.195718827,0 %, 2411 MHz, 40, 11.35 W
1788702506.295368974,0 %, 2411 MHz, 40, 11.35 W
1788702506.395442096,0 %, 2411 MHz, 40, 11.34 W
1788702506.495732994,0 %, 2411 MHz, 40, 11.34 W
1788702506.595829813,0 %, 2411 MHz, 40, 11.34 W
1788702506.695977431,0 %, 2411 MHz, 40, 11.34 W
1788702506.796277881,0 %, 2411 MHz, 40, 11.34 W
1788702506.896346971,0 %, 2411 MHz, 40, 11.33 W
1788702506.996737277,0 %, 2411 MHz, 40, 11.33 W
1788702507.096892527,0 %, 2411 MHz, 40, 11.33 W
1788702507.197152225,0 %, 2411 MHz, 40, 11.33 W
1788702507.297226435,0 %, 2411 MHz, 40, 11.33 W
1788702507.397405989,0 %, 2411 MHz, 40, 11.33 W
1788702507.497601431,0 %, 2411 MHz, 40, 11.33 W
1788702507.597636714,0 %, 2411 MHz, 40, 11.33 W
1788702507.697989627,0 %, 2411 MHz, 40, 11.33 W
1788702507.797997598,0 %, 2411 MHz, 40, 11.33 W
1788702507.898536815,0 %, 2411 MHz, 40, 11.34 W
1788702507.998560945,0 %, 2411 MHz, 40, 11.34 W
1788702508.098631331,0 %, 2411 MHz, 40, 11.34 W
1788702508.198217542,0 %, 2411 MHz, 40, 11.34 W
1788702508.298916727,0 %, 2411 MHz, 40, 11.34 W
1788702508.399303529,0 %, 2411 MHz, 40, 11.35 W
1788702508.499492586,0 %, 2411 MHz, 40, 11.35 W
1788702508.599106141,0 %, 2411 MHz, 40, 11.35 W
1788702508.699301759,0 %, 2411 MHz, 40, 11.35 W
1788702508.799989632,0 %, 2411 MHz, 40, 11.35 W
1788702508.899770770,0 %, 2411 MHz, 40, 11.39 W
1788702509.000406323,0 %, 2411 MHz, 40, 11.39 W
1788702509.100542773,0 %, 2411 MHz, 40, 11.39 W
1788702509.200641399,0 %, 2411 MHz, 40, 11.39 W
1788702509.300998792,0 %, 2411 MHz, 40, 11.39 W
1788702509.401195545,0 %, 2411 MHz, 40, 11.38 W
1788702509.501323115,0 %, 2411 MHz, 40, 11.38 W
1788702509.601434589,0 %, 2411 MHz, 40, 11.38 W
1788702509.701852238,0 %, 2411 MHz, 40, 11.38 W
1788702509.801969728,0 %, 2411 MHz, 40, 11.38 W
1788702509.902186593,0 %, 2411 MHz, 40, 11.35 W
1788702510.002421107,0 %, 2411 MHz, 40, 11.35 W
1788702510.103172387,0 %, 2411 MHz, 40, 11.35 W
1788702510.202863205,0 %, 2411 MHz, 40, 11.35 W
1788702510.303044199,0 %, 2411 MHz, 40, 11.35 W
1788702510.403423064,0 %, 2411 MHz, 40, 11.35 W
1788702510.503423193,0 %, 2411 MHz, 40, 11.35 W
1788702510.603697451,0 %, 2411 MHz, 40, 11.35 W
1788702510.704302155,0 %, 2411 MHz, 40, 11.35 W
1788702510.804497356,0 %, 2411 MHz, 40, 11.35 W
1788702510.904892269,0 %, 2411 MHz, 40, 11.34 W
1788702511.005153855,0 %, 2411 MHz, 40, 11.34 W
1788702511.105319040,0 %, 2411 MHz, 40, 11.34 W
1788702511.205503745,0 %, 2411 MHz, 40, 11.34 W
1788702511.305863026,0 %, 2411 MHz, 40, 11.34 W
1788702511.406023811,0 %, 2411 MHz, 40, 11.34 W
1788702511.505968533,0 %, 2411 MHz, 40, 11.34 W
1788702511.606373221,0 %, 2411 MHz, 40, 11.34 W
1788702511.707175477,0 %, 2411 MHz, 40, 11.34 W
1788702511.806860504,0 %, 2411 MHz, 40, 11.34 W
1788702511.907164873,0 %, 2411 MHz, 40, 11.34 W
1788702512.007388698,0 %, 2411 MHz, 40, 11.34 W
1788702512.107973466,0 %, 2411 MHz, 40, 11.34 W
1788702512.207733211,0 %, 2411 MHz, 40, 11.34 W
1788702512.308438044,0 %, 2411 MHz, 40, 11.34 W
1788702512.408607708,0 %, 2411 MHz, 40, 11.35 W
1788702512.508748925,0 %, 2411 MHz, 40, 11.35 W
1788702512.609042686,0 %, 2411 MHz, 40, 11.35 W
1788702512.709060975,0 %, 2411 MHz, 40, 11.35 W
1788702512.809323664,0 %, 2411 MHz, 40, 11.35 W
1788702512.909654689,0 %, 2411 MHz, 40, 11.35 W
1788702513.009672114,0 %, 2411 MHz, 40, 11.35 W
1788702513.110012082,0 %, 2411 MHz, 40, 11.35 W
1788702513.210219747,0 %, 2411 MHz, 40, 11.35 W
1788702513.310417236,0 %, 2411 MHz, 40, 11.35 W
1788702513.410582965,0 %, 2411 MHz, 40, 11.33 W
1788702513.510645430,0 %, 2411 MHz, 40, 11.33 W
1788702513.610952310,0 %, 2411 MHz, 40, 11.33 W
1788702513.711127511,0 %, 2411 MHz, 40, 11.33 W
1788702513.811410264,0 %, 2411 MHz, 40, 11.33 W
1788702513.911292537,0 %, 2411 MHz, 40, 11.32 W
1788702514.011721961,0 %, 2411 MHz, 40, 11.32 W
1788702514.111975737,0 %, 2411 MHz, 40, 11.32 W
1788702514.211851035,0 %, 2411 MHz, 40, 11.32 W
1788702514.312220331,0 %, 2411 MHz, 40, 11.32 W
1788702514.412430939,0 %, 2411 MHz, 40, 11.32 W
1788702514.512612460,0 %, 2411 MHz, 40, 11.32 W
1788702514.612254493,0 %, 2411 MHz, 40, 11.32 W
1788702514.713000797,0 %, 2411 MHz, 40, 11.32 W
1788702514.812529583,0 %, 2411 MHz, 40, 11.32 W
1788702514.912642399,0 %, 2411 MHz, 40, 11.35 W
1788702515.013320735,0 %, 2411 MHz, 40, 11.35 W
1788702515.114164254,0 %, 2411 MHz, 40, 11.35 W
1788702515.214026239,0 %, 2411 MHz, 40, 11.35 W
1788702515.314225103,0 %, 2411 MHz, 40, 11.35 W
1788702515.414153216,0 %, 2411 MHz, 40, 11.37 W
1788702515.514205809,0 %, 2411 MHz, 40, 11.37 W
1788702515.614742752,0 %, 2411 MHz, 40, 11.37 W
1788702515.715083456,0 %, 2411 MHz, 40, 11.37 W
1788702515.815245409,0 %, 2411 MHz, 40, 11.37 W
1788702515.915360673,0 %, 2411 MHz, 40, 11.35 W
1788702516.016193248,0 %, 2411 MHz, 40, 11.35 W
1788702516.115907041,0 %, 2411 MHz, 40, 11.35 W
1788702516.216067761,0 %, 2411 MHz, 40, 11.35 W
1788702516.316257138,0 %, 2411 MHz, 40, 11.35 W
1788702516.416399090,0 %, 2411 MHz, 40, 11.35 W
1788702516.516610850,0 %, 2411 MHz, 40, 11.35 W
1788702516.616808786,0 %, 2411 MHz, 40, 11.35 W
1788702516.717270001,0 %, 2411 MHz, 40, 11.35 W
1788702516.817186338,0 %, 2411 MHz, 40, 11.35 W
1788702516.917448210,0 %, 2411 MHz, 40, 11.35 W
1788702517.017787282,0 %, 2411 MHz, 40, 11.35 W
1788702517.118324753,0 %, 2411 MHz, 40, 11.35 W
1788702517.218463137,0 %, 2411 MHz, 40, 11.35 W
1788702517.318661537,0 %, 2411 MHz, 40, 11.35 W
1788702517.418979857,0 %, 2411 MHz, 40, 11.34 W
1788702517.519137745,0 %, 2411 MHz, 40, 11.34 W
1788702517.619326624,0 %, 2411 MHz, 40, 11.34 W
1788702517.719538865,0 %, 2411 MHz, 40, 11.34 W
1788702517.819879520,0 %, 2411 MHz, 40, 11.34 W
1788702517.920070672,0 %, 2411 MHz, 40, 11.36 W
1788702518.020279680,0 %, 2411 MHz, 40, 11.36 W
1788702518.120439776,0 %, 2411 MHz, 40, 11.36 W
1788702518.220776463,0 %, 2411 MHz, 40, 11.36 W
1788702518.320958063,0 %, 2411 MHz, 40, 11.36 W
1788702518.421126334,0 %, 2411 MHz, 40, 11.36 W
1788702518.521292094,0 %, 2411 MHz, 40, 11.36 W
1788702518.621514286,0 %, 2411 MHz, 40, 11.36 W
1788702518.721642238,0 %, 2411 MHz, 40, 11.36 W
1788702518.821890445,0 %, 2411 MHz, 40, 11.36 W
1788702518.921917933,0 %, 2411 MHz, 40, 11.33 W
1788702519.022250637,0 %, 2411 MHz, 40, 11.33 W
1788702519.122239181,0 %, 2411 MHz, 40, 11.33 W
1788702519.222586860,0 %, 2411 MHz, 40, 11.33 W
1788702519.322890107,0 %, 2411 MHz, 40, 11.33 W
1788702519.423085563,0 %, 2411 MHz, 40, 11.33 W
1788702519.523905801,0 %, 2411 MHz, 40, 11.33 W
1788702519.624073144,0 %, 2411 MHz, 40, 11.33 W
1788702519.724318968,0 %, 2411 MHz, 40, 11.33 W
1788702519.824471303,0 %, 2411 MHz, 40, 11.33 W
1788702519.924050552,0 %, 2411 MHz, 40, 11.34 W
1788702520.024841110,0 %, 2411 MHz, 40, 11.34 W
1788702520.124803542,0 %, 2411 MHz, 40, 11.34 W
1788702520.224720790,0 %, 2411 MHz, 40, 11.34 W
1788702520.325541108,0 %, 2411 MHz, 40, 11.34 W
1788702520.425794339,0 %, 2411 MHz, 40, 11.35 W
1788702520.526060882,0 %, 2411 MHz, 40, 11.35 W
1788702520.626090258,0 %, 2411 MHz, 40, 11.35 W
1788702520.726316161,0 %, 2411 MHz, 40, 11.35 W
1788702520.826516896,0 %, 2411 MHz, 40, 11.35 W
1788702520.926447984,0 %, 2411 MHz, 40, 11.36 W
1788702521.026409216,0 %, 2411 MHz, 40, 11.36 W
1788702521.126965422,0 %, 2411 MHz, 40, 11.36 W
1788702521.227117901,0 %, 2411 MHz, 40, 11.36 W
1788702521.327682140,0 %, 2411 MHz, 40, 11.36 W
1788702521.427564523,0 %, 2411 MHz, 40, 11.34 W
1788702521.528169194,0 %, 2411 MHz, 40, 11.34 W
1788702521.628100601,0 %, 2411 MHz, 40, 11.34 W
1788702521.728291720,0 %, 2411 MHz, 40, 11.34 W
1788702521.827701321,0 %, 2411 MHz, 40, 11.34 W
1788702521.928842150,0 %, 2411 MHz, 40, 11.33 W
1788702522.028879173,0 %, 2411 MHz, 40, 11.33 W
1788702522.129066612,0 %, 2411 MHz, 40, 11.33 W
1788702522.229147939,0 %, 2411 MHz, 40, 11.33 W
1788702522.329199427,0 %, 2411 MHz, 40, 11.33 W
1788702522.429760849,0 %, 2411 MHz, 40, 11.34 W
1788702522.529938464,0 %, 2411 MHz, 40, 11.34 W
1788702522.630039999,0 %, 2411 MHz, 40, 11.34 W
1788702522.730149566,0 %, 2411 MHz, 40, 11.34 W
1788702522.830113805,0 %, 2411 MHz, 40, 11.34 W
1788702522.930549131,0 %, 2411 MHz, 40, 11.34 W
1788702523.030780378,0 %, 2411 MHz, 40, 11.34 W
1788702523.130253434,0 %, 2411 MHz, 40, 11.34 W
1788702523.230936920,0 %, 2411 MHz, 40, 11.34 W
1788702523.331733013,0 %, 2411 MHz, 40, 11.34 W
1788702523.432200884,0 %, 2411 MHz, 40, 11.34 W
1788702523.532190291,0 %, 2411 MHz, 40, 11.34 W
1788702523.632552961,0 %, 2411 MHz, 40, 11.34 W
1788702523.732773200,0 %, 2411 MHz, 40, 11.34 W
1788702523.833076094,0 %, 2411 MHz, 40, 11.34 W
1788702523.933400012,0 %, 2411 MHz, 40, 11.34 W
1788702524.033499515,0 %, 2411 MHz, 40, 11.34 W
1788702524.133590346,0 %, 2411 MHz, 40, 11.34 W
1788702524.233704441,0 %, 2411 MHz, 40, 11.34 W
1788702524.334012071,0 %, 2411 MHz, 40, 11.34 W
1788702524.434152725,0 %, 2411 MHz, 40, 11.34 W
1788702524.534621011,0 %, 2411 MHz, 40, 11.34 W
1788702524.634723106,0 %, 2411 MHz, 40, 11.34 W
1788702524.734931280,0 %, 2411 MHz, 40, 11.34 W
1788702524.835107135,0 %, 2411 MHz, 40, 11.34 W
1788702524.935763420,0 %, 2411 MHz, 40, 11.34 W
1788702525.036325082,0 %, 2411 MHz, 40, 11.34 W
1788702525.135690058,0 %, 2411 MHz, 40, 11.34 W
1788702525.235929208,0 %, 2411 MHz, 40, 11.34 W
1788702525.336826165,0 %, 2411 MHz, 40, 11.34 W
1788702525.436432996,0 %, 2411 MHz, 40, 11.33 W
1788702525.536560051,0 %, 2411 MHz, 40, 11.33 W
1788702525.637417392,0 %, 2411 MHz, 40, 11.33 W
1788702525.737821246,0 %, 2411 MHz, 40, 11.33 W
1788702525.837755900,0 %, 2411 MHz, 40, 11.33 W
1788702525.937930203,0 %, 2411 MHz, 40, 11.36 W
1788702526.038858200,0 %, 2411 MHz, 40, 11.36 W
1788702526.138900390,0 %, 2411 MHz, 40, 11.36 W
1788702526.239050436,0 %, 2411 MHz, 40, 11.36 W
1788702526.339589153,0 %, 2411 MHz, 40, 11.36 W
1788702526.440076863,0 %, 2411 MHz, 40, 11.36 W
1788702526.540176557,0 %, 2411 MHz, 40, 11.36 W
1788702526.640357579,0 %, 2411 MHz, 40, 11.36 W
1788702526.740320698,0 %, 2411 MHz, 40, 11.36 W
1788702526.840756999,0 %, 2411 MHz, 40, 11.36 W
1788702526.940929621,0 %, 2411 MHz, 40, 11.35 W
1788702527.041466819,0 %, 2411 MHz, 40, 11.35 W
1788702527.140773106,0 %, 2411 MHz, 40, 11.35 W
1788702527.241748959,0 %, 2411 MHz, 40, 11.35 W
1788702527.342378924,0 %, 2411 MHz, 40, 11.35 W
1788702527.442012363,0 %, 2411 MHz, 40, 11.36 W
1788702527.542214776,0 %, 2411 MHz, 40, 11.36 W
1788702527.642391558,0 %, 2411 MHz, 40, 11.36 W
1788702527.742575412,0 %, 2411 MHz, 40, 11.36 W
1788702527.842795554,0 %, 2411 MHz, 40, 11.36 W
1788702527.943062032,0 %, 2411 MHz, 40, 11.35 W
1788702528.043633965,0 %, 2411 MHz, 40, 11.35 W
1788702528.143373163,0 %, 2411 MHz, 40, 11.35 W
1788702528.243365561,0 %, 2411 MHz, 40, 11.35 W
1788702528.344206598,0 %, 2411 MHz, 40, 11.35 W
1788702528.443612725,0 %, 2411 MHz, 40, 11.35 W
1788702528.543760211,0 %, 2411 MHz, 40, 11.35 W
1788702528.644735087,0 %, 2411 MHz, 40, 11.35 W
1788702528.745158956,0 %, 2411 MHz, 40, 11.35 W
1788702528.845616937,0 %, 2411 MHz, 40, 11.35 W
1788702528.945340184,0 %, 2411 MHz, 40, 11.34 W
1788702529.045514613,0 %, 2411 MHz, 40, 11.34 W
1788702529.146100082,0 %, 2411 MHz, 40, 11.34 W
1788702529.246371247,0 %, 2411 MHz, 40, 11.34 W
1788702529.346415581,0 %, 2411 MHz, 40, 11.34 W
1788702529.446529227,0 %, 2411 MHz, 40, 11.32 W
1788702529.546298201,0 %, 2411 MHz, 40, 11.32 W
1788702529.647108885,0 %, 2411 MHz, 40, 11.32 W
1788702529.747159731,0 %, 2411 MHz, 40, 11.32 W
1788702529.847461776,0 %, 2411 MHz, 40, 11.32 W
1788702529.947687598,0 %, 2411 MHz, 40, 11.33 W
1788702530.047893771,0 %, 2411 MHz, 40, 11.33 W
1788702530.147955096,0 %, 2411 MHz, 40, 11.33 W
1788702530.248086454,0 %, 2411 MHz, 40, 11.33 W
1788702530.348262355,0 %, 2411 MHz, 40, 11.33 W
1788702530.448460816,0 %, 2411 MHz, 40, 11.33 W
1788702530.548827229,0 %, 2411 MHz, 40, 11.33 W
1788702530.648991227,0 %, 2411 MHz, 40, 11.33 W
1788702530.749123112,0 %, 2411 MHz, 40, 11.33 W
1788702530.849147574,0 %, 2411 MHz, 40, 11.33 W
1788702530.949550754,0 %, 2411 MHz, 40, 11.32 W
1788702531.049597232,0 %, 2411 MHz, 40, 11.32 W
1788702531.149622669,0 %, 2411 MHz, 40, 11.32 W
1788702531.249893818,0 %, 2411 MHz, 40, 11.32 W
1788702531.350082743,0 %, 2411 MHz, 40, 11.32 W
1788702531.450260452,0 %, 2411 MHz, 40, 11.34 W
1788702531.550569553,0 %, 2411 MHz, 40, 11.34 W
1788702531.650735070,0 %, 2411 MHz, 40, 11.34 W
1788702531.750899083,0 %, 2411 MHz, 40, 11.34 W
1788702531.851076760,0 %, 2411 MHz, 40, 11.34 W
1788702531.951413221,0 %, 2411 MHz, 40, 11.35 W
1788702532.051452994,0 %, 2411 MHz, 40, 11.35 W
1788702532.151642159,0 %, 2411 MHz, 40, 11.35 W
1788702532.251767180,0 %, 2411 MHz, 40, 11.35 W
1788702532.352002425,0 %, 2411 MHz, 40, 11.35 W
1788702532.452171878,0 %, 2411 MHz, 40, 11.34 W
1788702532.552370691,0 %, 2411 MHz, 40, 11.34 W
1788702532.652558000,0 %, 2411 MHz, 40, 11.34 W
1788702532.752669389,0 %, 2411 MHz, 40, 11.34 W
1788702532.852921545,0 %, 2411 MHz, 40, 11.34 W
1788702532.953230582,0 %, 2411 MHz, 40, 11.34 W
1788702533.053174115,0 %, 2411 MHz, 40, 11.34 W
1788702533.153657071,0 %, 2411 MHz, 40, 11.34 W
1788702533.253835884,0 %, 2411 MHz, 40, 11.34 W
1788702533.353992681,0 %, 2411 MHz, 40, 11.34 W
1788702533.454203909,0 %, 2411 MHz, 40, 11.34 W
1788702533.554363666,0 %, 2411 MHz, 40, 11.34 W
1788702533.654568943,0 %, 2411 MHz, 40, 11.34 W
1788702533.754508556,0 %, 2411 MHz, 40, 11.34 W
1788702533.854927880,0 %, 2411 MHz, 40, 11.34 W
1788702533.955075845,0 %, 2411 MHz, 40, 11.35 W
1788702534.054766194,0 %, 2411 MHz, 40, 11.35 W
1788702534.155442478,0 %, 2411 MHz, 40, 11.35 W
1788702534.255805258,0 %, 2411 MHz, 40, 11.35 W
1788702534.355961863,0 %, 2411 MHz, 40, 11.35 W
1788702534.456118339,0 %, 2411 MHz, 40, 11.35 W
1788702534.556327055,0 %, 2411 MHz, 40, 11.35 W
1788702534.656520700,0 %, 2411 MHz, 40, 11.35 W
1788702534.756703592,0 %, 2411 MHz, 40, 11.35 W
1788702534.856880869,0 %, 2411 MHz, 40, 11.35 W
1788702534.957063057,0 %, 2411 MHz, 40, 11.35 W
1788702535.057275854,0 %, 2411 MHz, 40, 11.35 W
1788702535.157407898,0 %, 2411 MHz, 40, 11.35 W
1788702535.257632726,0 %, 2411 MHz, 40, 11.35 W
1788702535.357821826,0 %, 2411 MHz, 40, 11.35 W
1788702535.457979087,0 %, 2411 MHz, 40, 11.35 W
1788702535.557231613,0 %, 2411 MHz, 40, 11.35 W
1788702535.658368071,0 %, 2411 MHz, 40, 11.35 W
1788702535.758707507,0 %, 2411 MHz, 40, 11.35 W
1788702535.858859808,0 %, 2411 MHz, 40, 11.35 W
1788702535.958892204,0 %, 2411 MHz, 40, 11.35 W
1788702536.059776647,0 %, 2411 MHz, 40, 11.35 W
1788702536.159871587,0 %, 2411 MHz, 40, 11.35 W
1788702536.260170607,0 %, 2411 MHz, 40, 11.35 W
1788702536.360271451,0 %, 2411 MHz, 40, 11.35 W
1788702536.460424919,0 %, 2411 MHz, 40, 11.34 W
1788702536.560632771,0 %, 2411 MHz, 40, 11.34 W
1788702536.660810512,0 %, 2411 MHz, 40, 11.34 W
1788702536.760997660,0 %, 2411 MHz, 40, 11.34 W
1788702536.861161384,0 %, 2411 MHz, 40, 11.34 W
1788702536.961149700,0 %, 2411 MHz, 40, 11.35 W
1788702537.061941231,0 %, 2411 MHz, 40, 11.35 W
1788702537.161840043,0 %, 2411 MHz, 40, 11.35 W
1788702537.261972551,0 %, 2411 MHz, 40, 11.35 W
1788702537.362114099,0 %, 2411 MHz, 40, 11.35 W
1788702537.462355295,0 %, 2411 MHz, 40, 11.35 W
1788702537.562541835,0 %, 2411 MHz, 40, 11.35 W
1788702537.662725127,0 %, 2411 MHz, 40, 11.35 W
1788702537.762903955,0 %, 2411 MHz, 40, 11.35 W
1788702537.863088111,0 %, 2411 MHz, 40, 11.35 W
1788702537.963051867,0 %, 2411 MHz, 40, 11.34 W
1788702538.063608374,0 %, 2411 MHz, 40, 11.34 W
1788702538.163571314,0 %, 2411 MHz, 40, 11.34 W
1788702538.263432222,0 %, 2411 MHz, 40, 11.34 W
1788702538.364211369,0 %, 2411 MHz, 40, 11.34 W
1788702538.464302837,2 %, 2411 MHz, 40, 11.35 W
1788702538.564454896,2 %, 2411 MHz, 40, 11.35 W
1788702538.664827980,2 %, 2411 MHz, 40, 11.35 W
1788702538.764944104,2 %, 2411 MHz, 40, 11.35 W
1788702538.865169731,2 %, 2411 MHz, 40, 11.35 W
1788702538.964812224,2 %, 2411 MHz, 40, 11.36 W
1788702539.065162699,2 %, 2411 MHz, 40, 11.36 W
1788702539.165572518,2 %, 2411 MHz, 40, 11.36 W
1788702539.265940177,2 %, 2411 MHz, 40, 11.36 W
1788702539.366016557,2 %, 2411 MHz, 40, 11.36 W
1788702539.466391832,0 %, 2411 MHz, 40, 11.34 W
1788702539.566596084,0 %, 2411 MHz, 40, 11.34 W
1788702539.666755199,0 %, 2411 MHz, 40, 11.34 W
1788702539.766927931,0 %, 2411 MHz, 40, 11.34 W
1788702539.867002934,0 %, 2411 MHz, 40, 11.34 W
1788702539.967342849,0 %, 2411 MHz, 40, 11.33 W
1788702540.067581501,0 %, 2411 MHz, 40, 11.33 W
1788702540.167734968,0 %, 2411 MHz, 40, 11.33 W
1788702540.267881331,0 %, 2411 MHz, 40, 11.33 W
1788702540.367971791,0 %, 2411 MHz, 40, 11.33 W
1788702540.468848025,0 %, 2411 MHz, 40, 11.35 W
1788702540.568450949,0 %, 2411 MHz, 40, 11.35 W
1788702540.668684928,0 %, 2411 MHz, 40, 11.35 W
1788702540.768569404,0 %, 2411 MHz, 40, 11.35 W
1788702540.868902263,0 %, 2411 MHz, 40, 11.35 W
1788702540.968978035,0 %, 2411 MHz, 40, 11.37 W
1788702541.069980156,0 %, 2411 MHz, 40, 11.37 W
1788702541.169565721,0 %, 2411 MHz, 40, 11.37 W
1788702541.269664052,0 %, 2411 MHz, 40, 11.37 W
1788702541.370717325,0 %, 2411 MHz, 40, 11.37 W
1788702541.470734857,0 %, 2411 MHz, 40, 11.37 W
1788702541.570277221,0 %, 2411 MHz, 40, 11.37 W
1788702541.671117311,0 %, 2411 MHz, 40, 11.37 W
1788702541.770783835,0 %, 2411 MHz, 40, 11.37 W
1788702541.870877622,0 %, 2411 MHz, 40, 11.37 W
1788702541.971713440,0 %, 2411 MHz, 40, 11.38 W
1788702542.072040667,0 %, 2411 MHz, 40, 11.38 W
1788702542.172029990,0 %, 2411 MHz, 40, 11.38 W
1788702542.272472752,0 %, 2411 MHz, 40, 11.38 W
1788702542.372734491,0 %, 2411 MHz, 40, 11.38 W
1788702542.473153365,0 %, 2411 MHz, 40, 11.37 W
1788702542.574001727,0 %, 2411 MHz, 40, 11.37 W
1788702542.673941834,0 %, 2411 MHz, 40, 11.37 W
1788702542.774148725,0 %, 2411 MHz, 40, 11.37 W
1788702542.873846609,0 %, 2411 MHz, 40, 11.37 W
1788702542.973913324,0 %, 2411 MHz, 40, 11.36 W
1788702543.074849893,0 %, 2411 MHz, 40, 11.36 W
1788702543.174930304,0 %, 2411 MHz, 40, 11.36 W
1788702543.275133275,0 %, 2411 MHz, 40, 11.36 W
1788702543.374788135,0 %, 2411 MHz, 40, 11.36 W
1788702543.475514128,0 %, 2411 MHz, 40, 11.36 W
1788702543.575768491,0 %, 2411 MHz, 40, 11.36 W
1788702543.675194903,0 %, 2411 MHz, 40, 11.36 W
1788702543.776036320,0 %, 2411 MHz, 40, 11.36 W
1788702543.876207675,0 %, 2411 MHz, 40, 11.36 W
1788702543.975868487,0 %, 2411 MHz, 40, 11.37 W
1788702544.076606064,0 %, 2411 MHz, 40, 11.37 W
1788702544.176132412,0 %, 2411 MHz, 40, 11.37 W
1788702544.276944965,0 %, 2411 MHz, 40, 11.37 W
1788702544.377125024,0 %, 2411 MHz, 40, 11.37 W
1788702544.476840059,0 %, 2411 MHz, 40, 11.37 W
1788702544.576908278,0 %, 2411 MHz, 40, 11.37 W
1788702544.677773871,0 %, 2411 MHz, 40, 11.37 W
1788702544.777606570,0 %, 2411 MHz, 40, 11.37 W
1788702544.877159270,0 %, 2411 MHz, 40, 11.37 W
1788702544.977358625,0 %, 2411 MHz, 40, 11.38 W
1788702545.077840458,0 %, 2411 MHz, 40, 11.38 W
1788702545.177733653,0 %, 2411 MHz, 40, 11.38 W
1788702545.277487264,0 %, 2411 MHz, 40, 11.38 W
1788702545.378974872,0 %, 2411 MHz, 40, 11.38 W
1788702545.478264084,0 %, 2411 MHz, 40, 11.40 W
1788702545.578211151,0 %, 2411 MHz, 40, 11.40 W
1788702545.678900504,0 %, 2411 MHz, 40, 11.40 W
1788702545.778424100,0 %, 2411 MHz, 40, 11.40 W
1788702545.879573196,0 %, 2411 MHz, 40, 11.40 W
1788702545.979582711,0 %, 2411 MHz, 40, 11.40 W
1788702546.079782241,0 %, 2411 MHz, 40, 11.40 W
1788702546.179538588,0 %, 2411 MHz, 40, 11.40 W
1788702546.279961798,0 %, 2411 MHz, 40, 11.40 W
1788702546.380306975,0 %, 2411 MHz, 40, 11.40 W
1788702546.480717225,0 %, 2411 MHz, 40, 11.35 W
1788702546.580798307,0 %, 2411 MHz, 40, 11.35 W
1788702546.681461117,0 %, 2411 MHz, 40, 11.35 W
1788702546.781666775,0 %, 2411 MHz, 40, 11.35 W
1788702546.881825841,0 %, 2411 MHz, 40, 11.35 W
1788702546.981439116,0 %, 2411 MHz, 40, 11.35 W
1788702547.082200485,0 %, 2411 MHz, 40, 11.35 W
1788702547.181888832,0 %, 2411 MHz, 40, 11.35 W
1788702547.282633657,0 %, 2411 MHz, 40, 11.35 W
1788702547.382795906,0 %, 2411 MHz, 40, 11.35 W
1788702547.482962604,0 %, 2411 MHz, 40, 11.34 W
1788702547.583166726,0 %, 2411 MHz, 40, 11.34 W
1788702547.682832225,0 %, 2411 MHz, 40, 11.34 W
1788702547.783686522,0 %, 2411 MHz, 40, 11.34 W
1788702547.883742548,0 %, 2411 MHz, 40, 11.34 W
1788702547.983433983,0 %, 2411 MHz, 40, 11.33 W
1788702548.084252215,0 %, 2411 MHz, 40, 11.33 W
1788702548.184212290,0 %, 2411 MHz, 40, 11.33 W
1788702548.284736747,0 %, 2411 MHz, 40, 11.33 W
1788702548.384903636,0 %, 2411 MHz, 40, 11.33 W
1788702548.485043822,0 %, 2411 MHz, 40, 11.32 W
1788702548.585103672,0 %, 2411 MHz, 40, 11.32 W
1788702548.685558449,0 %, 2411 MHz, 40, 11.32 W
1788702548.785794843,0 %, 2411 MHz, 40, 11.32 W
1788702548.885844117,0 %, 2411 MHz, 40, 11.32 W
1788702548.985922143,0 %, 2411 MHz, 40, 11.33 W
1788702549.086184632,0 %, 2411 MHz, 40, 11.33 W
1788702549.186515185,0 %, 2411 MHz, 40, 11.33 W
1788702549.286440684,0 %, 2411 MHz, 40, 11.33 W
1788702549.386877732,0 %, 2411 MHz, 40, 11.33 W
1788702549.486976830,0 %, 2411 MHz, 40, 11.34 W
1788702549.587214712,0 %, 2411 MHz, 40, 11.34 W
1788702549.686931474,0 %, 2411 MHz, 40, 11.34 W
1788702549.787782746,0 %, 2411 MHz, 40, 11.34 W
1788702549.887901396,0 %, 2411 MHz, 40, 11.34 W
1788702549.987417935,0 %, 2411 MHz, 40, 11.34 W
1788702550.088535558,0 %, 2411 MHz, 40, 11.34 W
1788702550.188068753,0 %, 2411 MHz, 40, 11.34 W
1788702550.288876025,0 %, 2411 MHz, 40, 11.34 W
1788702550.388866627,0 %, 2411 MHz, 40, 11.34 W
1788702550.488883292,0 %, 2411 MHz, 40, 11.37 W
1788702550.588358295,0 %, 2411 MHz, 40, 11.37 W
1788702550.689422239,0 %, 2411 MHz, 40, 11.37 W
1788702550.789604488,0 %, 2411 MHz, 40, 11.37 W
1788702550.889552850,0 %, 2411 MHz, 40, 11.37 W
1788702550.990178154,0 %, 2411 MHz, 40, 11.37 W
1788702551.090832322,0 %, 2411 MHz, 40, 11.37 W
1788702551.190925676,0 %, 2411 MHz, 40, 11.37 W
1788702551.291096485,0 %, 2411 MHz, 40, 11.37 W
1788702551.391222238,0 %, 2411 MHz, 40, 11.35 W
1788702551.490902744,0 %, 2411 MHz, 40, 11.35 W
1788702551.591676288,0 %, 2411 MHz, 40, 11.35 W
1788702551.691830234,0 %, 2411 MHz, 40, 11.35 W
1788702551.792023443,0 %, 2411 MHz, 40, 11.35 W
1788702551.891403997,0 %, 2411 MHz, 40, 11.35 W
1788702551.991831606,0 %, 2411 MHz, 40, 11.35 W
1788702552.092335582,0 %, 2411 MHz, 40, 11.35 W
1788702552.192804023,0 %, 2411 MHz, 40, 11.35 W
1788702552.292954464,0 %, 2411 MHz, 40, 11.35 W
1788702552.393141049,0 %, 2411 MHz, 40, 11.36 W
1788702552.492803443,0 %, 2411 MHz, 40, 11.36 W
1788702552.593522763,0 %, 2411 MHz, 40, 11.36 W
1788702552.693725507,0 %, 2411 MHz, 40, 11.36 W
1788702552.793866781,0 %, 2411 MHz, 40, 11.36 W
1788702552.894054949,0 %, 2411 MHz, 40, 11.36 W
1788702552.993798111,0 %, 2411 MHz, 40, 11.36 W
1788702553.094053304,0 %, 2411 MHz, 40, 11.36 W
1788702553.193442514,0 %, 2411 MHz, 40, 11.36 W
1788702553.294827609,0 %, 2411 MHz, 40, 11.36 W
1788702553.394461442,0 %, 2411 MHz, 40, 11.37 W
1788702553.494694171,0 %, 2411 MHz, 40, 11.37 W
1788702553.594833316,0 %, 2411 MHz, 40, 11.37 W
1788702553.694906653,0 %, 2411 MHz, 40, 11.37 W
1788702553.795769908,0 %, 2411 MHz, 40, 11.37 W
1788702553.895400462,0 %, 2411 MHz, 40, 11.37 W
1788702553.994988024,0 %, 2411 MHz, 40, 11.37 W
1788702554.095331344,0 %, 2411 MHz, 40, 11.37 W
1788702554.195632345,0 %, 2411 MHz, 40, 11.37 W
1788702554.295961153,0 %, 2411 MHz, 40, 11.37 W
1788702554.396320201,0 %, 2411 MHz, 40, 11.36 W
1788702554.496496818,0 %, 2411 MHz, 40, 11.36 W
1788702554.596572410,0 %, 2411 MHz, 40, 11.36 W
1788702554.696850547,0 %, 2411 MHz, 40, 11.36 W
1788702554.796362141,0 %, 2411 MHz, 40, 11.36 W
1788702554.897829571,0 %, 2411 MHz, 40, 11.36 W
1788702554.997497292,0 %, 2411 MHz, 40, 11.36 W
1788702555.097670645,0 %, 2411 MHz, 40, 11.36 W
1788702555.197029775,0 %, 2411 MHz, 40, 11.36 W
1788702555.297976038,0 %, 2411 MHz, 40, 11.36 W
1788702555.398206174,0 %, 2411 MHz, 40, 11.37 W
1788702555.498118567,0 %, 2411 MHz, 40, 11.37 W
1788702555.597885216,0 %, 2411 MHz, 40, 11.37 W
1788702555.698611863,0 %, 2411 MHz, 40, 11.37 W
1788702555.798977983,0 %, 2411 MHz, 40, 11.37 W
1788702555.899110280,0 %, 2411 MHz, 40, 11.37 W
1788702555.999838383,0 %, 2411 MHz, 40, 11.37 W
1788702556.099459496,0 %, 2411 MHz, 40, 11.37 W
1788702556.199757712,0 %, 2411 MHz, 40, 11.37 W
1788702556.299938825,0 %, 2411 MHz, 40, 11.37 W
1788702556.400111825,0 %, 2411 MHz, 40, 11.36 W
1788702556.500314041,0 %, 2411 MHz, 40, 11.36 W
1788702556.601101504,0 %, 2411 MHz, 40, 11.36 W
1788702556.700894889,0 %, 2411 MHz, 40, 11.36 W
1788702556.801106769,0 %, 2411 MHz, 40, 11.36 W
1788702556.901770808,0 %, 2411 MHz, 40, 11.35 W
1788702557.001969712,0 %, 2411 MHz, 40, 11.35 W
1788702557.102170808,0 %, 2411 MHz, 40, 11.35 W
1788702557.202251168,0 %, 2411 MHz, 40, 11.35 W
1788702557.302433320,0 %, 2411 MHz, 40, 11.35 W
1788702557.402708352,0 %, 2411 MHz, 40, 11.36 W
1788702557.502816088,0 %, 2411 MHz, 40, 11.36 W
1788702557.602924560,0 %, 2411 MHz, 40, 11.36 W
1788702557.702916585,0 %, 2411 MHz, 40, 11.36 W
1788702557.803234305,0 %, 2411 MHz, 40, 11.36 W
1788702557.902933402,0 %, 2411 MHz, 40, 11.37 W
1788702558.003145777,0 %, 2411 MHz, 40, 11.37 W
1788702558.103515913,0 %, 2411 MHz, 40, 11.37 W
1788702558.203669633,0 %, 2411 MHz, 40, 11.37 W
1788702558.303702313,0 %, 2411 MHz, 40, 11.37 W
1788702558.403866337,0 %, 2411 MHz, 40, 11.37 W
1788702558.503963481,0 %, 2411 MHz, 40, 11.37 W
1788702558.604078801,0 %, 2411 MHz, 40, 11.37 W
1788702558.704271112,0 %, 2411 MHz, 40, 11.37 W
1788702558.804185681,0 %, 2411 MHz, 40, 11.37 W
1788702558.905260951,0 %, 2411 MHz, 40, 11.37 W
1788702559.005054623,0 %, 2411 MHz, 40, 11.37 W
1788702559.105114311,0 %, 2411 MHz, 40, 11.37 W
1788702559.205282479,0 %, 2411 MHz, 40, 11.37 W
1788702559.305466102,0 %, 2411 MHz, 40, 11.37 W
1788702559.405865182,0 %, 2411 MHz, 40, 11.37 W
1788702559.505854134,0 %, 2411 MHz, 40, 11.37 W
1788702559.606000765,0 %, 2411 MHz, 40, 11.37 W
1788702559.706191653,0 %, 2411 MHz, 40, 11.37 W
1788702559.806591724,0 %, 2411 MHz, 40, 11.37 W
1788702559.906940691,0 %, 2411 MHz, 40, 11.37 W
1788702560.006737148,0 %, 2411 MHz, 40, 11.37 W
1788702560.107419890,0 %, 2411 MHz, 40, 11.37 W
1788702560.207225194,0 %, 2411 MHz, 40, 11.37 W
1788702560.307361778,0 %, 2411 MHz, 40, 11.37 W
1788702560.407562489,0 %, 2411 MHz, 40, 11.36 W
1788702560.508405439,0 %, 2411 MHz, 40, 11.36 W
1788702560.608462567,0 %, 2411 MHz, 40, 11.36 W
1788702560.708669182,0 %, 2411 MHz, 40, 11.36 W
1788702560.808840406,0 %, 2411 MHz, 40, 11.36 W
1788702560.909041757,0 %, 2411 MHz, 40, 11.37 W
1788702561.008513078,0 %, 2411 MHz, 40, 11.37 W
1788702561.109378268,0 %, 2411 MHz, 40, 11.37 W
1788702561.208944996,0 %, 2411 MHz, 40, 11.37 W
1788702561.309295851,0 %, 2411 MHz, 40, 11.37 W
1788702561.409386883,0 %, 2411 MHz, 40, 11.36 W
1788702561.509810185,0 %, 2411 MHz, 40, 11.36 W
1788702561.609813425,0 %, 2411 MHz, 40, 11.36 W
1788702561.710247464,0 %, 2411 MHz, 40, 11.36 W
1788702561.810695102,0 %, 2411 MHz, 40, 11.36 W
1788702561.910864630,0 %, 2411 MHz, 40, 11.36 W
1788702562.010444238,0 %, 2411 MHz, 40, 11.36 W
1788702562.110964932,0 %, 2411 MHz, 40, 11.36 W
1788702562.211494683,0 %, 2411 MHz, 40, 11.36 W
1788702562.311686946,0 %, 2411 MHz, 40, 11.36 W
1788702562.411991241,0 %, 2411 MHz, 40, 11.36 W
1788702562.512303199,0 %, 2411 MHz, 40, 11.36 W
1788702562.612332071,0 %, 2411 MHz, 40, 11.36 W
1788702562.712663821,0 %, 2411 MHz, 40, 11.36 W
1788702562.812882580,0 %, 2411 MHz, 40, 11.36 W
1788702562.913080075,0 %, 2411 MHz, 40, 11.36 W
1788702563.013335362,0 %, 2411 MHz, 40, 11.36 W
1788702563.113269418,0 %, 2411 MHz, 40, 11.36 W
1788702563.213648816,0 %, 2411 MHz, 40, 11.36 W
1788702563.313841399,0 %, 2411 MHz, 40, 11.36 W
1788702563.414048510,0 %, 2411 MHz, 40, 11.37 W
1788702563.514169077,0 %, 2411 MHz, 40, 11.37 W
1788702563.614624459,0 %, 2411 MHz, 40, 11.37 W
1788702563.714632098,0 %, 2411 MHz, 40, 11.37 W
1788702563.814744601,0 %, 2411 MHz, 40, 11.37 W
1788702563.914729872,0 %, 2411 MHz, 40, 11.38 W
1788702564.016032405,0 %, 2411 MHz, 40, 11.38 W
1788702564.116305100,0 %, 2411 MHz, 40, 11.38 W
1788702564.216398690,0 %, 2411 MHz, 40, 11.38 W
1788702564.316579881,0 %, 2411 MHz, 40, 11.38 W
1788702564.416753776,0 %, 2411 MHz, 40, 11.36 W
1788702564.516914022,0 %, 2411 MHz, 40, 11.36 W
1788702564.617109661,0 %, 2411 MHz, 40, 11.36 W
1788702564.717303220,0 %, 2411 MHz, 40, 11.36 W
1788702564.817141659,0 %, 2411 MHz, 40, 11.36 W
1788702564.917775041,0 %, 2411 MHz, 40, 11.35 W
1788702565.018005495,0 %, 2411 MHz, 40, 11.35 W
1788702565.118155550,0 %, 2411 MHz, 40, 11.35 W
1788702565.218300933,0 %, 2411 MHz, 40, 11.35 W
1788702565.318312939,0 %, 2411 MHz, 40, 11.35 W
1788702565.418859665,0 %, 2411 MHz, 40, 11.34 W
1788702565.519014360,0 %, 2411 MHz, 40, 11.34 W
1788702565.618961135,0 %, 2411 MHz, 40, 11.34 W
1788702565.719409397,0 %, 2411 MHz, 40, 11.34 W
1788702565.819272108,0 %, 2411 MHz, 40, 11.34 W
1788702565.920524208,0 %, 2411 MHz, 40, 11.35 W
1788702566.020152536,0 %, 2411 MHz, 40, 11.35 W
1788702566.119863183,0 %, 2411 MHz, 40, 11.35 W
1788702566.220390724,0 %, 2411 MHz, 40, 11.35 W
1788702566.321147402,0 %, 2411 MHz, 40, 11.35 W
1788702566.421314192,0 %, 2411 MHz, 40, 11.35 W
1788702566.521498470,0 %, 2411 MHz, 40, 11.35 W
1788702566.621686684,0 %, 2411 MHz, 40, 11.35 W
1788702566.721919299,0 %, 2411 MHz, 40, 11.35 W
1788702566.821551626,0 %, 2411 MHz, 40, 11.35 W
1788702566.922194047,0 %, 2411 MHz, 40, 11.35 W
1788702567.022650085,0 %, 2411 MHz, 40, 11.35 W
1788702567.121775997,0 %, 2411 MHz, 40, 11.35 W
1788702567.222847074,0 %, 2411 MHz, 40, 11.35 W
1788702567.322982664,0 %, 2411 MHz, 40, 11.35 W
1788702567.423214734,0 %, 2411 MHz, 40, 11.35 W
1788702567.523407828,0 %, 2411 MHz, 40, 11.35 W
1788702567.623616618,0 %, 2411 MHz, 40, 11.35 W
1788702567.723751712,0 %, 2411 MHz, 40, 11.35 W
1788702567.823398823,0 %, 2411 MHz, 40, 11.35 W
1788702567.923755229,0 %, 2411 MHz, 40, 11.35 W
1788702568.024345682,0 %, 2411 MHz, 40, 11.35 W
1788702568.124541176,0 %, 2411 MHz, 40, 11.35 W
1788702568.224700158,0 %, 2411 MHz, 40, 11.35 W
1788702568.325070324,0 %, 2411 MHz, 40, 11.35 W
1788702568.425216586,0 %, 2411 MHz, 40, 11.34 W
1788702568.525386976,0 %, 2411 MHz, 40, 11.34 W
1788702568.625606229,0 %, 2411 MHz, 40, 11.34 W
1788702568.725927915,0 %, 2411 MHz, 40, 11.34 W
1788702568.826102801,0 %, 2411 MHz, 40, 11.34 W
1788702568.925726904,0 %, 2411 MHz, 40, 11.34 W
1788702569.026439469,0 %, 2411 MHz, 40, 11.34 W
1788702569.126913602,0 %, 2411 MHz, 40, 11.34 W
1788702569.227028168,0 %, 2411 MHz, 40, 11.34 W
1788702569.326624223,0 %, 2411 MHz, 40, 11.34 W
1788702569.427913202,0 %, 2411 MHz, 40, 11.37 W
1788702569.527932664,0 %, 2411 MHz, 40, 11.37 W
1788702569.628084558,0 %, 2411 MHz, 40, 11.37 W
1788702569.728646051,0 %, 2411 MHz, 40, 11.37 W
1788702569.828910793,0 %, 2411 MHz, 40, 11.37 W
1788702569.929054590,0 %, 2411 MHz, 40, 11.36 W
1788702570.029362004,0 %, 2411 MHz, 40, 11.36 W
1788702570.129513610,0 %, 2411 MHz, 40, 11.36 W
1788702570.229852703,0 %, 2411 MHz, 40, 11.36 W
1788702570.330054404,0 %, 2411 MHz, 40, 11.36 W
1788702570.430196522,0 %, 2411 MHz, 40, 11.34 W
1788702570.530400031,0 %, 2411 MHz, 40, 11.34 W
1788702570.630757141,0 %, 2411 MHz, 40, 11.34 W
1788702570.730721434,0 %, 2411 MHz, 40, 11.34 W
1788702570.830947904,0 %, 2411 MHz, 40, 11.34 W
1788702570.931207877,0 %, 2411 MHz, 40, 11.36 W
1788702571.031400827,0 %, 2411 MHz, 40, 11.36 W
1788702571.130817666,0 %, 2411 MHz, 40, 11.36 W
1788702571.231697526,0 %, 2411 MHz, 40, 11.36 W
1788702571.331886891,0 %, 2411 MHz, 40, 11.36 W
1788702571.432037280,0 %, 2411 MHz, 40, 11.36 W
1788702571.532225798,0 %, 2411 MHz, 40, 11.36 W
1788702571.632398747,0 %, 2411 MHz, 40, 11.36 W
1788702571.732510545,0 %, 2411 MHz, 40, 11.36 W
1788702571.833125285,0 %, 2411 MHz, 40, 11.36 W
1788702571.933026235,0 %, 2411 MHz, 40, 11.35 W
1788702572.033286176,0 %, 2411 MHz, 40, 11.35 W
1788702572.133951396,0 %, 2411 MHz, 40, 11.35 W
1788702572.233934906,0 %, 2411 MHz, 40, 11.35 W
1788702572.334089983,0 %, 2411 MHz, 40, 11.35 W
1788702572.434665268,0 %, 2411 MHz, 40, 11.35 W
1788702572.534969961,0 %, 2411 MHz, 40, 11.35 W
1788702572.635122622,0 %, 2411 MHz, 40, 11.35 W
1788702572.735402115,0 %, 2411 MHz, 40, 11.35 W
1788702572.835516248,0 %, 2411 MHz, 40, 11.35 W
1788702572.935604605,0 %, 2411 MHz, 40, 11.35 W
1788702573.036229250,0 %, 2411 MHz, 40, 11.35 W
1788702573.136223879,0 %, 2411 MHz, 40, 11.35 W
1788702573.236553036,0 %, 2411 MHz, 40, 11.35 W
1788702573.336533441,0 %, 2411 MHz, 40, 11.35 W
1788702573.436728294,0 %, 2411 MHz, 40, 11.35 W
1788702573.536914155,0 %, 2411 MHz, 40, 11.35 W
1788702573.637129136,0 %, 2411 MHz, 40, 11.35 W
1788702573.737158405,0 %, 2411 MHz, 40, 11.35 W
1788702573.837346762,0 %, 2411 MHz, 40, 11.35 W
1788702573.937615855,0 %, 2411 MHz, 40, 11.35 W
1788702574.037987156,0 %, 2411 MHz, 40, 11.35 W
1788702574.138097720,0 %, 2411 MHz, 40, 11.35 W
1788702574.238272221,0 %, 2411 MHz, 40, 11.35 W
1788702574.338593922,0 %, 2411 MHz, 40, 11.35 W
1788702574.438722087,0 %, 2411 MHz, 40, 11.35 W
1788702574.538959003,0 %, 2411 MHz, 40, 11.35 W
1788702574.639147824,0 %, 2411 MHz, 40, 11.35 W
1788702574.739322725,0 %, 2411 MHz, 40, 11.35 W
1788702574.839490458,0 %, 2411 MHz, 40, 11.35 W
1788702574.939542495,0 %, 2411 MHz, 40, 11.34 W
1788702575.039904355,0 %, 2411 MHz, 40, 11.34 W
1788702575.139841560,0 %, 2411 MHz, 40, 11.34 W
1788702575.240198701,0 %, 2411 MHz, 40, 11.34 W
1788702575.339774738,0 %, 2411 MHz, 40, 11.34 W
1788702575.440523654,0 %, 2411 MHz, 40, 11.38 W
1788702575.540663675,0 %, 2411 MHz, 40, 11.38 W
1788702575.640827695,0 %, 2411 MHz, 40, 11.38 W
1788702575.741036708,0 %, 2411 MHz, 40, 11.38 W
1788702575.841192329,0 %, 2411 MHz, 40, 11.38 W
1788702575.941502381,0 %, 2411 MHz, 40, 11.39 W
1788702576.041750049,0 %, 2411 MHz, 40, 11.39 W
1788702576.141967542,0 %, 2411 MHz, 40, 11.39 W
1788702576.241969803,0 %, 2411 MHz, 40, 11.39 W
1788702576.342158255,0 %, 2411 MHz, 40, 11.39 W
1788702576.442376243,0 %, 2411 MHz, 40, 11.36 W
1788702576.542536936,0 %, 2411 MHz, 40, 11.36 W
1788702576.642714828,0 %, 2411 MHz, 40, 11.36 W
1788702576.742895441,0 %, 2411 MHz, 40, 11.36 W
1788702576.843001397,0 %, 2411 MHz, 40, 11.36 W
1788702576.943439801,0 %, 2411 MHz, 40, 11.36 W
1788702577.043554942,0 %, 2411 MHz, 40, 11.36 W
1788702577.143770034,0 %, 2411 MHz, 40, 11.36 W
1788702577.243771959,0 %, 2411 MHz, 40, 11.36 W
1788702577.344018539,0 %, 2411 MHz, 40, 11.36 W
1788702577.444337423,0 %, 2411 MHz, 40, 11.37 W
1788702577.544291171,0 %, 2411 MHz, 40, 11.37 W
1788702577.644698023,0 %, 2411 MHz, 40, 11.37 W
1788702577.744881723,0 %, 2411 MHz, 40, 11.37 W
1788702577.844927760,0 %, 2411 MHz, 40, 11.37 W
1788702577.945106484,0 %, 2411 MHz, 40, 11.37 W
1788702578.045587512,0 %, 2411 MHz, 40, 11.37 W
1788702578.145390877,0 %, 2411 MHz, 40, 11.37 W
1788702578.245732160,0 %, 2411 MHz, 40, 11.37 W
1788702578.345803941,0 %, 2411 MHz, 40, 11.37 W
1788702578.446131272,0 %, 2411 MHz, 40, 11.37 W
1788702578.546109069,0 %, 2411 MHz, 40, 11.37 W
1788702578.646373537,0 %, 2411 MHz, 40, 11.37 W
1788702578.746661797,0 %, 2411 MHz, 40, 11.37 W
1788702578.846630953,0 %, 2411 MHz, 40, 11.37 W
1788702578.946998813,0 %, 2411 MHz, 40, 11.36 W
1788702579.047127649,0 %, 2411 MHz, 40, 11.36 W
1788702579.147355445,0 %, 2411 MHz, 40, 11.36 W
1788702579.247549769,0 %, 2411 MHz, 40, 11.36 W
1788702579.347703884,0 %, 2411 MHz, 40, 11.36 W
1788702579.448038960,0 %, 2411 MHz, 40, 11.35 W
1788702579.548201892,0 %, 2411 MHz, 40, 11.35 W
1788702579.648420392,0 %, 2411 MHz, 40, 11.35 W
1788702579.748635068,0 %, 2411 MHz, 40, 11.35 W
1788702579.848914063,0 %, 2411 MHz, 40, 11.35 W
1788702579.949091011,0 %, 2411 MHz, 40, 11.36 W
1788702580.049797862,0 %, 2411 MHz, 40, 11.36 W
1788702580.150096569,0 %, 2411 MHz, 40, 11.36 W
1788702580.250263853,0 %, 2411 MHz, 40, 11.36 W
1788702580.350074594,0 %, 2411 MHz, 40, 11.36 W
1788702580.450632036,0 %, 2411 MHz, 40, 11.36 W
1788702580.550708456,0 %, 2411 MHz, 40, 11.36 W
1788702580.651049932,0 %, 2411 MHz, 40, 11.36 W
1788702580.751235439,0 %, 2411 MHz, 40, 11.36 W
1788702580.851521555,0 %, 2411 MHz, 40, 11.36 W
1788702580.951712839,0 %, 2411 MHz, 40, 11.37 W
1788702581.052285497,0 %, 2411 MHz, 40, 11.37 W
1788702581.152176238,0 %, 2411 MHz, 40, 11.37 W
1788702581.252449729,0 %, 2411 MHz, 40, 11.37 W
1788702581.352633284,0 %, 2411 MHz, 40, 11.37 W
1788702581.452713272,0 %, 2411 MHz, 40, 11.37 W
1788702581.552917148,0 %, 2411 MHz, 40, 11.37 W
1788702581.652987439,0 %, 2411 MHz, 40, 11.37 W
1788702581.753392946,0 %, 2411 MHz, 40, 11.37 W
1788702581.852956055,0 %, 2411 MHz, 40, 11.37 W
1788702581.953451354,0 %, 2411 MHz, 40, 11.38 W
1788702582.053920653,0 %, 2411 MHz, 40, 11.38 W
1788702582.153991985,0 %, 2411 MHz, 40, 11.38 W
1788702582.254292932,0 %, 2411 MHz, 40, 11.38 W
1788702582.354496711,0 %, 2411 MHz, 40, 11.38 W
1788702582.454420059,0 %, 2411 MHz, 40, 11.38 W
1788702582.554867406,0 %, 2411 MHz, 40, 11.38 W
1788702582.654929937,0 %, 2411 MHz, 40, 11.38 W
1788702582.755363396,0 %, 2411 MHz, 40, 11.38 W
1788702582.855937031,0 %, 2411 MHz, 40, 11.38 W
1788702582.956146426,0 %, 2411 MHz, 40, 11.37 W
1788702583.055843358,0 %, 2411 MHz, 40, 11.37 W
1788702583.155907218,0 %, 2411 MHz, 40, 11.37 W
1788702583.256729411,0 %, 2411 MHz, 40, 11.37 W
1788702583.356916582,0 %, 2411 MHz, 40, 11.37 W
1788702583.457120874,0 %, 2411 MHz, 40, 11.37 W
1788702583.556791230,0 %, 2411 MHz, 40, 11.37 W
1788702583.656894369,0 %, 2411 MHz, 40, 11.37 W
1788702583.757807427,0 %, 2411 MHz, 40, 11.37 W
1788702583.858019238,0 %, 2411 MHz, 40, 11.37 W
1788702583.957899098,0 %, 2411 MHz, 40, 11.37 W
1788702584.058218509,0 %, 2411 MHz, 40, 11.37 W
1788702584.158672175,0 %, 2411 MHz, 40, 11.37 W
1788702584.258688802,0 %, 2411 MHz, 40, 11.37 W
1788702584.358891189,0 %, 2411 MHz, 40, 11.37 W
1788702584.459046200,0 %, 2411 MHz, 40, 11.37 W
1788702584.559199883,0 %, 2411 MHz, 40, 11.37 W
1788702584.658843711,0 %, 2411 MHz, 40, 11.37 W
1788702584.758984050,0 %, 2411 MHz, 40, 11.37 W
1788702584.859807220,0 %, 2411 MHz, 40, 11.37 W
1788702584.960024423,0 %, 2411 MHz, 40, 11.37 W
1788702585.060145770,0 %, 2411 MHz, 40, 11.37 W
1788702585.159723118,0 %, 2411 MHz, 40, 11.37 W
1788702585.260614495,0 %, 2411 MHz, 40, 11.37 W
1788702585.360791938,0 %, 2411 MHz, 40, 11.37 W
1788702585.460703686,0 %, 2411 MHz, 40, 11.37 W
1788702585.560048730,0 %, 2411 MHz, 40, 11.37 W
1788702585.661055419,0 %, 2411 MHz, 40, 11.37 W
1788702585.761550765,0 %, 2411 MHz, 40, 11.37 W
1788702585.860992322,0 %, 2411 MHz, 40, 11.37 W
1788702585.961234404,0 %, 2411 MHz, 40, 11.37 W
1788702586.062128630,0 %, 2411 MHz, 40, 11.37 W
1788702586.161406634,0 %, 2411 MHz, 40, 11.37 W
1788702586.261797372,0 %, 2411 MHz, 40, 11.37 W
1788702586.361796191,0 %, 2411 MHz, 40, 11.37 W
1788702586.461900930,0 %, 2411 MHz, 40, 11.37 W
1788702586.562913139,0 %, 2411 MHz, 40, 11.37 W
1788702586.663118645,0 %, 2411 MHz, 40, 11.37 W
1788702586.763348808,0 %, 2411 MHz, 40, 11.37 W
1788702586.863620394,0 %, 2411 MHz, 40, 11.37 W
1788702586.963782621,0 %, 2411 MHz, 40, 11.38 W
1788702587.064031055,0 %, 2411 MHz, 40, 11.38 W
1788702587.164037234,0 %, 2411 MHz, 40, 11.38 W
1788702587.264298469,0 %, 2411 MHz, 40, 11.38 W
1788702587.364538679,0 %, 2411 MHz, 40, 11.38 W
1788702587.464735081,0 %, 2411 MHz, 40, 11.37 W
1788702587.564912812,0 %, 2411 MHz, 40, 11.37 W
1788702587.665177534,0 %, 2411 MHz, 40, 11.37 W
1788702587.765284080,0 %, 2411 MHz, 40, 11.37 W
1788702587.865452243,0 %, 2411 MHz, 40, 11.37 W
1788702587.965801317,0 %, 2411 MHz, 40, 11.37 W
1788702588.065651672,0 %, 2411 MHz, 40, 11.37 W
1788702588.166144058,0 %, 2411 MHz, 40, 11.37 W
1788702588.266232108,0 %, 2411 MHz, 40, 11.37 W
1788702588.366408302,0 %, 2411 MHz, 40, 11.37 W
1788702588.466605889,0 %, 2411 MHz, 40, 11.37 W
1788702588.566774995,0 %, 2411 MHz, 40, 11.37 W
1788702588.666974245,0 %, 2411 MHz, 40, 11.37 W
1788702588.767139671,0 %, 2411 MHz, 40, 11.37 W
1788702588.867099178,0 %, 2411 MHz, 40, 11.37 W
1788702588.967263148,0 %, 2411 MHz, 40, 11.36 W
1788702589.067742910,0 %, 2411 MHz, 40, 11.36 W
1788702589.167980608,0 %, 2411 MHz, 40, 11.36 W
1788702589.268074386,0 %, 2411 MHz, 40, 11.36 W
1788702589.368068069,0 %, 2411 MHz, 40, 11.36 W
1788702589.468559046,0 %, 2411 MHz, 40, 11.36 W
1788702589.568651656,0 %, 2411 MHz, 40, 11.36 W
1788702589.668908570,0 %, 2411 MHz, 40, 11.36 W
1788702589.768993533,0 %, 2411 MHz, 40, 11.36 W
1788702589.869017983,0 %, 2411 MHz, 40, 11.36 W
1788702589.968966130,0 %, 2411 MHz, 40, 11.36 W
1788702590.069662002,0 %, 2411 MHz, 40, 11.36 W
1788702590.169978516,0 %, 2411 MHz, 40, 11.36 W
1788702590.270131142,0 %, 2411 MHz, 40, 11.36 W
1788702590.370304440,0 %, 2411 MHz, 40, 11.36 W
1788702590.470467114,0 %, 2411 MHz, 40, 11.36 W
1788702590.570726716,0 %, 2411 MHz, 40, 11.36 W
1788702590.670991693,0 %, 2411 MHz, 40, 11.36 W
1788702590.771350191,0 %, 2411 MHz, 40, 11.36 W
1788702590.871532497,0 %, 2411 MHz, 40, 11.36 W
1788702590.971729923,0 %, 2411 MHz, 40, 11.36 W
1788702591.071605445,0 %, 2411 MHz, 40, 11.36 W
1788702591.171608471,0 %, 2411 MHz, 40, 11.36 W
1788702591.272146200,0 %, 2411 MHz, 40, 11.36 W
1788702591.372320010,0 %, 2411 MHz, 40, 11.36 W
1788702591.472516844,0 %, 2411 MHz, 40, 11.37 W
1788702591.572623917,0 %, 2411 MHz, 40, 11.37 W
1788702591.672760127,0 %, 2411 MHz, 40, 11.37 W
1788702591.772881233,0 %, 2411 MHz, 40, 11.37 W
1788702591.873010211,0 %, 2411 MHz, 40, 11.37 W
1788702591.973150229,0 %, 2411 MHz, 40, 11.37 W
1788702592.073386006,0 %, 2411 MHz, 40, 11.37 W
1788702592.173573320,0 %, 2411 MHz, 40, 11.37 W
1788702592.273724857,0 %, 2411 MHz, 40, 11.37 W
1788702592.373922667,0 %, 2411 MHz, 40, 11.37 W
1788702592.474079149,0 %, 2411 MHz, 40, 11.35 W
1788702592.574265486,0 %, 2411 MHz, 40, 11.35 W
1788702592.674142144,0 %, 2411 MHz, 40, 11.35 W
1788702592.774643553,0 %, 2411 MHz, 40, 11.35 W
1788702592.874711619,0 %, 2411 MHz, 40, 11.35 W
1788702592.974845269,0 %, 2411 MHz, 40, 11.36 W
1788702593.075293093,0 %, 2411 MHz, 40, 11.36 W
1788702593.175011816,0 %, 2411 MHz, 40, 11.36 W
1788702593.275719400,0 %, 2411 MHz, 40, 11.36 W
1788702593.375898009,0 %, 2411 MHz, 40, 11.36 W
1788702593.476132587,0 %, 2411 MHz, 40, 11.36 W
1788702593.576266028,0 %, 2411 MHz, 40, 11.36 W
1788702593.676462461,0 %, 2411 MHz, 40, 11.36 W
1788702593.776723999,0 %, 2411 MHz, 40, 11.36 W
1788702593.876807872,0 %, 2411 MHz, 40, 11.36 W
1788702593.976964258,0 %, 2411 MHz, 40, 11.37 W
1788702594.076377668,0 %, 2411 MHz, 40, 11.37 W
1788702594.177520580,0 %, 2411 MHz, 40, 11.37 W
1788702594.277580325,0 %, 2411 MHz, 40, 11.37 W
1788702594.377742918,0 %, 2411 MHz, 40, 11.37 W
1788702594.477955383,0 %, 2411 MHz, 40, 11.36 W
1788702594.578097033,0 %, 2411 MHz, 40, 11.36 W
1788702594.678321642,0 %, 2411 MHz, 40, 11.36 W
1788702594.778344091,0 %, 2411 MHz, 40, 11.36 W
1788702594.878449229,0 %, 2411 MHz, 40, 11.36 W
1788702594.978704526,0 %, 2411 MHz, 40, 11.36 W
1788702595.079300590,0 %, 2411 MHz, 40, 11.36 W
1788702595.179119552,0 %, 2411 MHz, 40, 11.36 W
1788702595.279503424,0 %, 2411 MHz, 40, 11.36 W
1788702595.379845681,0 %, 2411 MHz, 40, 11.36 W
1788702595.479579763,0 %, 2411 MHz, 40, 11.36 W
1788702595.579511492,0 %, 2411 MHz, 40, 11.36 W
1788702595.680352900,0 %, 2411 MHz, 40, 11.36 W
1788702595.781127044,0 %, 2411 MHz, 40, 11.36 W
1788702595.881372421,0 %, 2411 MHz, 40, 11.36 W
1788702595.981739509,0 %, 2411 MHz, 40, 11.36 W
1788702596.081747735,0 %, 2411 MHz, 40, 11.36 W
1788702596.181802392,0 %, 2411 MHz, 40, 11.36 W
1788702596.282144232,0 %, 2411 MHz, 40, 11.36 W
1788702596.382422473,0 %, 2411 MHz, 40, 11.36 W
1788702596.482626266,0 %, 2411 MHz, 40, 11.36 W
1788702596.582796266,0 %, 2411 MHz, 40, 11.36 W
1788702596.682832780,0 %, 2411 MHz, 40, 11.36 W
1788702596.783051980,0 %, 2411 MHz, 40, 11.36 W
1788702596.883343053,0 %, 2411 MHz, 40, 11.36 W
1788702596.983138351,0 %, 2411 MHz, 40, 11.36 W
1788702597.083932142,0 %, 2411 MHz, 40, 11.36 W
1788702597.183717888,0 %, 2411 MHz, 40, 11.36 W
1788702597.284300175,0 %, 2411 MHz, 40, 11.36 W
1788702597.384512272,0 %, 2411 MHz, 40, 11.36 W
1788702597.484524609,0 %, 2411 MHz, 40, 11.37 W
1788702597.584870929,0 %, 2411 MHz, 40, 11.37 W
1788702597.684790722,0 %, 2411 MHz, 40, 11.37 W
1788702597.784994467,0 %, 2411 MHz, 40, 11.37 W
1788702597.885408867,0 %, 2411 MHz, 40, 11.37 W
1788702597.985999091,0 %, 2411 MHz, 40, 11.38 W
1788702598.086532531,0 %, 2411 MHz, 40, 11.38 W
1788702598.185751285,0 %, 2411 MHz, 40, 11.38 W
1788702598.286299813,0 %, 2411 MHz, 40, 11.38 W
1788702598.386502741,0 %, 2411 MHz, 40, 11.38 W
1788702598.486667910,0 %, 2411 MHz, 40, 11.38 W
1788702598.587041958,0 %, 2411 MHz, 40, 11.38 W
1788702598.687245351,0 %, 2411 MHz, 40, 11.38 W
1788702598.787395319,0 %, 2411 MHz, 40, 11.38 W
1788702598.887421160,0 %, 2411 MHz, 40, 11.38 W
1788702598.987626504,0 %, 2411 MHz, 40, 11.37 W
1788702599.087896664,0 %, 2411 MHz, 40, 11.37 W
1788702599.187833689,0 %, 2411 MHz, 40, 11.37 W
1788702599.288371289,0 %, 2411 MHz, 40, 11.37 W
1788702599.388367001,0 %, 2411 MHz, 40, 11.37 W
1788702599.489109849,0 %, 2411 MHz, 40, 11.37 W
1788702599.589387385,0 %, 2411 MHz, 40, 11.37 W
1788702599.689455801,0 %, 2411 MHz, 40, 11.37 W
1788702599.789651306,0 %, 2411 MHz, 40, 11.37 W
1788702599.889816122,0 %, 2411 MHz, 40, 11.37 W
1788702599.990078714,0 %, 2411 MHz, 40, 11.37 W
1788702600.089912171,0 %, 2411 MHz, 40, 11.37 W
1788702600.190402650,0 %, 2411 MHz, 40, 11.37 W
1788702600.290564219,0 %, 2411 MHz, 40, 11.37 W
1788702600.390730331,0 %, 2411 MHz, 40, 11.37 W
1788702600.490377468,0 %, 2411 MHz, 40, 11.38 W
1788702600.591184619,0 %, 2411 MHz, 40, 11.38 W
1788702600.691401147,0 %, 2411 MHz, 40, 11.38 W
1788702600.791594507,0 %, 2411 MHz, 40, 11.38 W
1788702600.891757915,0 %, 2411 MHz, 40, 11.38 W
1788702600.991911899,0 %, 2411 MHz, 40, 11.37 W
1788702601.092190555,0 %, 2411 MHz, 40, 11.37 W
1788702601.192145084,0 %, 2411 MHz, 40, 11.37 W
1788702601.292454811,0 %, 2411 MHz, 40, 11.37 W
1788702601.392744891,0 %, 2411 MHz, 40, 11.37 W
1788702601.492913387,0 %, 2411 MHz, 40, 11.36 W
1788702601.593066331,0 %, 2411 MHz, 40, 11.36 W
1788702601.693196987,0 %, 2411 MHz, 40, 11.36 W
1788702601.793348091,0 %, 2411 MHz, 40, 11.36 W
1788702601.893554475,0 %, 2411 MHz, 40, 11.36 W
1788702601.993697435,0 %, 2411 MHz, 40, 11.37 W
1788702602.094108458,0 %, 2411 MHz, 40, 11.37 W
1788702602.194356922,0 %, 2411 MHz, 40, 11.37 W
1788702602.294454058,0 %, 2411 MHz, 40, 11.37 W
1788702602.394795721,0 %, 2411 MHz, 40, 11.37 W
1788702602.495025321,0 %, 2411 MHz, 40, 11.37 W
1788702602.595234889,0 %, 2411 MHz, 40, 11.37 W
1788702602.695403625,0 %, 2411 MHz, 40, 11.37 W
1788702602.795939064,0 %, 2411 MHz, 40, 11.37 W
1788702602.895860280,0 %, 2411 MHz, 40, 11.36 W
1788702602.996296231,0 %, 2411 MHz, 40, 11.36 W
1788702603.096998550,0 %, 2411 MHz, 40, 11.36 W
1788702603.197134085,0 %, 2411 MHz, 40, 11.36 W
1788702603.297307077,0 %, 2411 MHz, 40, 11.36 W
1788702603.397399797,0 %, 2411 MHz, 40, 11.36 W
1788702603.497602388,0 %, 2411 MHz, 40, 11.36 W
1788702603.597767508,0 %, 2411 MHz, 40, 11.36 W
1788702603.698016820,0 %, 2411 MHz, 40, 11.36 W
1788702603.797775524,0 %, 2411 MHz, 40, 11.36 W
1788702603.898353347,0 %, 2411 MHz, 40, 11.36 W
1788702603.998451539,0 %, 2411 MHz, 40, 11.36 W
1788702604.098151043,0 %, 2411 MHz, 40, 11.36 W
1788702604.197951267,0 %, 2411 MHz, 40, 11.36 W
1788702604.298990081,0 %, 2411 MHz, 40, 11.36 W
1788702604.399001137,0 %, 2411 MHz, 40, 11.36 W
1788702604.499378736,0 %, 2411 MHz, 40, 11.36 W
1788702604.599582511,0 %, 2411 MHz, 40, 11.36 W
1788702604.699819934,0 %, 2411 MHz, 40, 11.36 W
1788702604.799392671,0 %, 2411 MHz, 40, 11.36 W
1788702604.900003214,0 %, 2411 MHz, 40, 11.35 W
1788702605.000334157,0 %, 2411 MHz, 40, 11.35 W
1788702605.100132621,0 %, 2411 MHz, 40, 11.35 W
1788702605.200728715,0 %, 2411 MHz, 40, 11.35 W
1788702605.300882891,0 %, 2411 MHz, 40, 11.35 W
1788702605.400605387,0 %, 2411 MHz, 40, 11.37 W
1788702605.501039338,0 %, 2411 MHz, 40, 11.37 W
1788702605.600406587,0 %, 2411 MHz, 40, 11.37 W
1788702605.700952009,0 %, 2411 MHz, 40, 11.37 W
1788702605.801035480,0 %, 2411 MHz, 40, 11.37 W
1788702605.901510263,0 %, 2411 MHz, 40, 11.40 W
1788702606.001650854,0 %, 2411 MHz, 40, 11.40 W
1788702606.102387316,0 %, 2411 MHz, 40, 11.40 W
1788702606.202067685,0 %, 2411 MHz, 40, 11.40 W
1788702606.302249460,0 %, 2411 MHz, 40, 11.40 W
1788702606.402424883,0 %, 2411 MHz, 40, 11.40 W
1788702606.502805569,0 %, 2411 MHz, 40, 11.40 W
1788702606.602830401,0 %, 2411 MHz, 40, 11.40 W
1788702606.702984736,0 %, 2411 MHz, 40, 11.40 W
1788702606.802645600,0 %, 2411 MHz, 40, 11.40 W
1788702606.903363950,0 %, 2411 MHz, 40, 11.39 W
1788702607.003570493,0 %, 2411 MHz, 40, 11.39 W
1788702607.104234843,0 %, 2411 MHz, 40, 11.39 W
1788702607.204148571,0 %, 2411 MHz, 40, 11.39 W
1788702607.304088890,0 %, 2411 MHz, 40, 11.39 W
1788702607.404525928,0 %, 2411 MHz, 40, 11.38 W
1788702607.504498440,0 %, 2411 MHz, 40, 11.38 W
1788702607.604825078,0 %, 2411 MHz, 40, 11.38 W
1788702607.704874517,0 %, 2411 MHz, 40, 11.38 W
1788702607.805024996,0 %, 2411 MHz, 40, 11.38 W
1788702607.905383011,0 %, 2411 MHz, 40, 11.37 W
1788702608.005432034,0 %, 2411 MHz, 40, 11.37 W
1788702608.105626353,0 %, 2411 MHz, 40, 11.37 W
1788702608.205809296,0 %, 2411 MHz, 40, 11.37 W
1788702608.305971550,0 %, 2411 MHz, 40, 11.37 W
1788702608.406371341,0 %, 2411 MHz, 40, 11.38 W
1788702608.506348700,0 %, 2411 MHz, 40, 11.38 W
1788702608.606545387,0 %, 2411 MHz, 40, 11.38 W
1788702608.706715465,0 %, 2411 MHz, 40, 11.38 W
1788702608.806520633,0 %, 2411 MHz, 40, 11.38 W
1788702608.907780581,0 %, 2411 MHz, 40, 11.38 W
1788702609.008076036,0 %, 2411 MHz, 40, 11.38 W
1788702609.108016435,0 %, 2411 MHz, 40, 11.38 W
1788702609.208399777,0 %, 2411 MHz, 40, 11.38 W
1788702609.308709247,0 %, 2411 MHz, 40, 11.38 W
1788702609.408687630,0 %, 2411 MHz, 40, 11.39 W
1788702609.508886925,0 %, 2411 MHz, 40, 11.39 W
1788702609.609287355,0 %, 2411 MHz, 40, 11.39 W
1788702609.709402522,0 %, 2411 MHz, 40, 11.39 W
1788702609.809533400,0 %, 2411 MHz, 40, 11.39 W
1788702609.909651063,0 %, 2411 MHz, 40, 11.39 W
1788702610.010316981,0 %, 2411 MHz, 40, 11.39 W
1788702610.111094290,0 %, 2411 MHz, 40, 11.39 W
1788702610.210418626,0 %, 2411 MHz, 40, 11.39 W
1788702610.310624080,0 %, 2411 MHz, 40, 11.39 W
1788702610.410545087,0 %, 2411 MHz, 40, 11.38 W
1788702610.511016717,0 %, 2411 MHz, 40, 11.38 W
1788702610.610614749,0 %, 2411 MHz, 40, 11.38 W
1788702610.711373354,0 %, 2411 MHz, 40, 11.38 W
1788702610.811541736,0 %, 2411 MHz, 40, 11.38 W
1788702610.911766759,0 %, 2411 MHz, 40, 11.40 W
1788702611.011673814,0 %, 2411 MHz, 40, 11.40 W
1788702611.111271925,0 %, 2411 MHz, 40, 11.40 W
1788702611.213030336,0 %, 2411 MHz, 40, 11.40 W
1788702611.312846351,0 %, 2411 MHz, 40, 11.40 W
1788702611.412705774,0 %, 2411 MHz, 40, 11.40 W
1788702611.512941036,0 %, 2411 MHz, 40, 11.40 W
1788702611.613115850,0 %, 2411 MHz, 40, 11.40 W
1788702611.713319096,0 %, 2411 MHz, 40, 11.40 W
1788702611.813501607,0 %, 2411 MHz, 40, 11.40 W
1788702611.913154678,0 %, 2411 MHz, 40, 11.40 W
1788702612.013643043,0 %, 2411 MHz, 40, 11.40 W
1788702612.113906833,0 %, 2411 MHz, 40, 11.40 W
1788702612.214221919,0 %, 2411 MHz, 40, 11.40 W
1788702612.314407565,0 %, 2411 MHz, 40, 11.40 W
1788702612.414342892,0 %, 2411 MHz, 40, 11.39 W
1788702612.514697545,0 %, 2411 MHz, 40, 11.39 W
1788702612.614903111,0 %, 2411 MHz, 40, 11.39 W
1788702612.714972966,0 %, 2411 MHz, 40, 11.39 W
1788702612.815354035,0 %, 2411 MHz, 40, 11.39 W
1788702612.915248674,0 %, 2411 MHz, 40, 11.38 W
1788702613.015763631,0 %, 2411 MHz, 40, 11.38 W
1788702613.115874237,0 %, 2411 MHz, 40, 11.38 W
1788702613.216270379,0 %, 2411 MHz, 40, 11.38 W
1788702613.316285801,0 %, 2411 MHz, 40, 11.38 W
1788702613.416214487,0 %, 2411 MHz, 40, 11.38 W
1788702613.516580133,0 %, 2411 MHz, 40, 11.38 W
1788702613.617026482,0 %, 2411 MHz, 40, 11.38 W
1788702613.716918673,0 %, 2411 MHz, 40, 11.38 W
1788702613.817000367,0 %, 2411 MHz, 40, 11.38 W
1788702613.917343756,0 %, 2411 MHz, 40, 11.38 W
1788702614.017306427,0 %, 2411 MHz, 40, 11.38 W
1788702614.117909655,0 %, 2411 MHz, 40, 11.38 W
1788702614.218063061,0 %, 2411 MHz, 40, 11.38 W
1788702614.317975524,0 %, 2411 MHz, 40, 11.38 W
1788702614.418372081,0 %, 2411 MHz, 40, 11.39 W
1788702614.518467695,0 %, 2411 MHz, 40, 11.39 W
1788702614.618958812,0 %, 2411 MHz, 40, 11.39 W
1788702614.718882682,0 %, 2411 MHz, 40, 11.39 W
1788702614.818932104,0 %, 2411 MHz, 40, 11.39 W
1788702614.919347525,0 %, 2411 MHz, 40, 11.39 W
1788702615.019543923,0 %, 2411 MHz, 40, 11.39 W
1788702615.119889408,0 %, 2411 MHz, 40, 11.39 W
1788702615.220060542,0 %, 2411 MHz, 40, 11.39 W
1788702615.319916156,0 %, 2411 MHz, 40, 11.39 W
1788702615.420695752,0 %, 2411 MHz, 40, 11.38 W
1788702615.520439879,0 %, 2411 MHz, 40, 11.38 W
1788702615.620004661,0 %, 2411 MHz, 40, 11.38 W
1788702615.720801826,0 %, 2411 MHz, 40, 11.38 W
1788702615.820897663,0 %, 2411 MHz, 40, 11.38 W
1788702615.921269629,0 %, 2411 MHz, 40, 11.38 W
1788702616.022112217,0 %, 2411 MHz, 40, 11.38 W
1788702616.121603304,0 %, 2411 MHz, 40, 11.38 W
1788702616.222001812,0 %, 2411 MHz, 40, 11.38 W
1788702616.321879698,0 %, 2411 MHz, 40, 11.38 W
1788702616.422632751,0 %, 2411 MHz, 40, 11.37 W
1788702616.522805484,0 %, 2411 MHz, 40, 11.37 W
1788702616.623004489,0 %, 2411 MHz, 40, 11.37 W
1788702616.723187527,0 %, 2411 MHz, 40, 11.37 W
1788702616.822850821,0 %, 2411 MHz, 40, 11.37 W
1788702616.923585777,0 %, 2411 MHz, 40, 11.36 W
1788702617.023788639,0 %, 2411 MHz, 40, 11.36 W
1788702617.123300333,0 %, 2411 MHz, 40, 11.36 W
1788702617.223848762,0 %, 2411 MHz, 40, 11.36 W
1788702617.323423608,0 %, 2411 MHz, 40, 11.36 W
1788702617.423890885,0 %, 2411 MHz, 40, 11.36 W
1788702617.524141234,0 %, 2411 MHz, 40, 11.36 W
1788702617.624342463,0 %, 2411 MHz, 40, 11.36 W
1788702617.724546812,0 %, 2411 MHz, 40, 11.36 W
1788702617.824718137,0 %, 2411 MHz, 40, 11.36 W
1788702617.924648119,0 %, 2411 MHz, 40, 11.36 W
1788702618.025114708,0 %, 2411 MHz, 40, 11.36 W
1788702618.124991297,0 %, 2411 MHz, 40, 11.36 W
1788702618.226098476,0 %, 2411 MHz, 40, 11.36 W
1788702618.325276300,0 %, 2411 MHz, 40, 11.36 W
1788702618.425452249,0 %, 2411 MHz, 40, 11.36 W
1788702618.525894469,0 %, 2411 MHz, 40, 11.36 W
1788702618.625983874,0 %, 2411 MHz, 40, 11.36 W
1788702618.726400959,0 %, 2411 MHz, 40, 11.36 W
1788702618.826453292,0 %, 2411 MHz, 40, 11.36 W
1788702618.926662057,0 %, 2411 MHz, 40, 11.38 W
1788702619.026945942,0 %, 2411 MHz, 40, 11.38 W
1788702619.126452228,0 %, 2411 MHz, 40, 11.38 W
1788702619.227045760,0 %, 2411 MHz, 40, 11.38 W
1788702619.327370733,0 %, 2411 MHz, 40, 11.38 W
1788702619.427552762,0 %, 2411 MHz, 40, 11.38 W
1788702619.527728918,0 %, 2411 MHz, 40, 11.38 W
1788702619.627918883,0 %, 2411 MHz, 40, 11.38 W
1788702619.727939057,0 %, 2411 MHz, 40, 11.38 W
1788702619.828111309,0 %, 2411 MHz, 40, 11.38 W
1788702619.928535098,0 %, 2411 MHz, 40, 11.37 W
1788702620.028943222,0 %, 2411 MHz, 40, 11.37 W
1788702620.128812835,0 %, 2411 MHz, 40, 11.37 W
1788702620.228715617,0 %, 2411 MHz, 40, 11.37 W
1788702620.329082861,0 %, 2411 MHz, 40, 11.37 W
1788702620.429158362,0 %, 2411 MHz, 40, 11.38 W
1788702620.529512566,0 %, 2411 MHz, 40, 11.38 W
1788702620.629679315,0 %, 2411 MHz, 40, 11.38 W
1788702620.729850784,0 %, 2411 MHz, 40, 11.38 W
1788702620.830053420,0 %, 2411 MHz, 40, 11.38 W
1788702620.930396777,0 %, 2411 MHz, 40, 11.39 W
1788702621.030079238,0 %, 2411 MHz, 40, 11.39 W
1788702621.130789266,0 %, 2411 MHz, 40, 11.39 W
1788702621.230041040,0 %, 2411 MHz, 40, 11.39 W
1788702621.330989307,0 %, 2411 MHz, 40, 11.39 W
1788702621.431093400,0 %, 2411 MHz, 40, 11.41 W
1788702621.531132357,0 %, 2411 MHz, 40, 11.41 W
1788702621.630869586,0 %, 2411 MHz, 40, 11.41 W
1788702621.731689725,0 %, 2411 MHz, 40, 11.41 W
1788702621.831823162,0 %, 2411 MHz, 40, 11.41 W
1788702621.931380216,0 %, 2411 MHz, 40, 11.41 W
1788702622.031342981,0 %, 2411 MHz, 40, 11.41 W
1788702622.131874320,0 %, 2411 MHz, 40, 11.41 W
1788702622.232189677,0 %, 2411 MHz, 40, 11.41 W
1788702622.333090023,0 %, 2411 MHz, 40, 11.41 W
1788702622.433261300,0 %, 2411 MHz, 40, 11.40 W
1788702622.534147615,0 %, 2411 MHz, 40, 11.40 W
1788702622.633520493,0 %, 2411 MHz, 40, 11.40 W
1788702622.734057464,0 %, 2411 MHz, 40, 11.40 W
1788702622.834047621,0 %, 2411 MHz, 40, 11.40 W
1788702622.934320305,0 %, 2411 MHz, 40, 11.39 W
1788702623.035018924,0 %, 2411 MHz, 40, 11.39 W
1788702623.134252795,0 %, 2411 MHz, 40, 11.39 W
1788702623.234271607,0 %, 2411 MHz, 40, 11.39 W
1788702623.335720337,0 %, 2411 MHz, 40, 11.39 W
1788702623.435814349,0 %, 2411 MHz, 40, 11.38 W
1788702623.535990409,0 %, 2411 MHz, 40, 11.38 W
1788702623.636191349,0 %, 2411 MHz, 40, 11.38 W
1788702623.736246978,0 %, 2411 MHz, 40, 11.38 W
1788702623.836460270,0 %, 2411 MHz, 40, 11.38 W
1788702623.936184123,0 %, 2411 MHz, 40, 11.37 W
1788702624.036941302,0 %, 2411 MHz, 40, 11.37 W
1788702624.137157538,0 %, 2411 MHz, 40, 11.37 W
1788702624.237302382,0 %, 2411 MHz, 40, 11.37 W
1788702624.337500874,0 %, 2411 MHz, 40, 11.37 W
1788702624.437124487,0 %, 2411 MHz, 40, 11.36 W
1788702624.537314019,0 %, 2411 MHz, 40, 11.36 W
1788702624.637703375,0 %, 2411 MHz, 40, 11.36 W
1788702624.738516522,0 %, 2411 MHz, 40, 11.36 W
1788702624.838450998,0 %, 2411 MHz, 40, 11.36 W
1788702624.938601474,0 %, 2411 MHz, 40, 11.37 W
1788702625.038881454,0 %, 2411 MHz, 40, 11.37 W
1788702625.138970442,0 %, 2411 MHz, 40, 11.37 W
1788702625.239199606,0 %, 2411 MHz, 40, 11.37 W
1788702625.339249698,0 %, 2411 MHz, 40, 11.37 W
1788702625.438986735,0 %, 2411 MHz, 40, 11.38 W
1788702625.539123371,0 %, 2411 MHz, 40, 11.38 W
1788702625.638624856,0 %, 2411 MHz, 40, 11.38 W
1788702625.739453538,0 %, 2411 MHz, 40, 11.38 W
1788702625.839680542,0 %, 2411 MHz, 40, 11.38 W
1788702625.939870362,0 %, 2411 MHz, 40, 11.37 W
1788702626.040002294,0 %, 2411 MHz, 40, 11.37 W
1788702626.140265969,0 %, 2411 MHz, 40, 11.37 W
1788702626.240443037,0 %, 2411 MHz, 40, 11.37 W
1788702626.340627497,0 %, 2411 MHz, 40, 11.37 W
1788702626.440721749,0 %, 2411 MHz, 40, 11.38 W
1788702626.541204672,0 %, 2411 MHz, 40, 11.38 W
1788702626.641719835,0 %, 2411 MHz, 40, 11.38 W
1788702626.741495319,0 %, 2411 MHz, 40, 11.38 W
1788702626.842116946,0 %, 2411 MHz, 40, 11.38 W
1788702626.942149630,0 %, 2411 MHz, 40, 11.41 W
1788702627.042709833,0 %, 2411 MHz, 40, 11.41 W
1788702627.142437749,0 %, 2411 MHz, 40, 11.41 W
1788702627.243119968,0 %, 2411 MHz, 40, 11.41 W
1788702627.343046636,0 %, 2411 MHz, 40, 11.41 W
1788702627.443451223,0 %, 2411 MHz, 40, 11.43 W
1788702627.543265299,0 %, 2411 MHz, 40, 11.43 W
1788702627.643512495,0 %, 2411 MHz, 40, 11.43 W
1788702627.743714890,0 %, 2411 MHz, 40, 11.43 W
1788702627.844357509,0 %, 2411 MHz, 40, 11.43 W
1788702627.944717328,0 %, 2411 MHz, 40, 11.42 W
1788702628.044927067,0 %, 2411 MHz, 40, 11.42 W
1788702628.144915623,0 %, 2411 MHz, 40, 11.42 W
1788702628.245083682,0 %, 2411 MHz, 40, 11.42 W
1788702628.345289486,0 %, 2411 MHz, 40, 11.42 W
1788702628.445453353,0 %, 2411 MHz, 40, 11.40 W
1788702628.545793332,0 %, 2411 MHz, 40, 11.40 W
1788702628.646158063,0 %, 2411 MHz, 40, 11.40 W
1788702628.746142107,0 %, 2411 MHz, 40, 11.40 W
1788702628.846873445,0 %, 2411 MHz, 40, 11.40 W
1788702628.947297072,0 %, 2411 MHz, 40, 11.38 W
1788702629.047319435,0 %, 2411 MHz, 40, 11.38 W
1788702629.147551159,0 %, 2411 MHz, 40, 11.38 W
1788702629.247841490,0 %, 2411 MHz, 40, 11.38 W
1788702629.347156111,0 %, 2411 MHz, 40, 11.38 W
1788702629.448044936,0 %, 2411 MHz, 40, 11.39 W
1788702629.547912724,0 %, 2411 MHz, 40, 11.39 W
1788702629.647300401,0 %, 2411 MHz, 40, 11.39 W
1788702629.748560330,0 %, 2411 MHz, 40, 11.39 W
1788702629.848838581,0 %, 2411 MHz, 40, 11.39 W
1788702629.948951280,0 %, 2411 MHz, 40, 11.40 W
1788702630.049452795,0 %, 2411 MHz, 40, 11.40 W
1788702630.149647638,0 %, 2411 MHz, 40, 11.40 W
1788702630.249975648,0 %, 2411 MHz, 40, 11.40 W
1788702630.350145691,0 %, 2411 MHz, 40, 11.40 W
1788702630.450334710,0 %, 2411 MHz, 40, 11.39 W
1788702630.550517617,0 %, 2411 MHz, 40, 11.39 W
1788702630.650715996,0 %, 2411 MHz, 40, 11.39 W
1788702630.750869767,0 %, 2411 MHz, 40, 11.39 W
1788702630.851073762,0 %, 2411 MHz, 40, 11.39 W
1788702630.951260894,0 %, 2411 MHz, 40, 11.39 W
1788702631.051711960,0 %, 2411 MHz, 40, 11.39 W
1788702631.151112116,0 %, 2411 MHz, 40, 11.39 W
1788702631.251777182,0 %, 2411 MHz, 40, 11.39 W
1788702631.352137209,0 %, 2411 MHz, 40, 11.39 W
1788702631.452167172,0 %, 2411 MHz, 40, 11.39 W
1788702631.552328367,0 %, 2411 MHz, 40, 11.39 W
1788702631.652503626,0 %, 2411 MHz, 40, 11.39 W
1788702631.752692132,0 %, 2411 MHz, 40, 11.39 W
1788702631.852170273,0 %, 2411 MHz, 40, 11.39 W
1788702631.953034154,0 %, 2411 MHz, 40, 11.39 W
1788702632.053325941,0 %, 2411 MHz, 40, 11.39 W
1788702632.152943169,0 %, 2411 MHz, 40, 11.39 W
1788702632.253537562,0 %, 2411 MHz, 40, 11.39 W
1788702632.353558694,0 %, 2411 MHz, 40, 11.39 W
1788702632.453521729,0 %, 2411 MHz, 40, 11.37 W
1788702632.554141642,0 %, 2411 MHz, 40, 11.37 W
1788702632.654287029,0 %, 2411 MHz, 40, 11.37 W
1788702632.754495040,0 %, 2411 MHz, 40, 11.37 W
1788702632.854559883,0 %, 2411 MHz, 40, 11.37 W
1788702632.954914693,0 %, 2411 MHz, 40, 11.37 W
1788702633.055169152,0 %, 2411 MHz, 40, 11.37 W
1788702633.155259866,0 %, 2411 MHz, 40, 11.37 W
1788702633.255499685,0 %, 2411 MHz, 40, 11.37 W
1788702633.355535648,0 %, 2411 MHz, 40, 11.37 W
1788702633.455877962,0 %, 2411 MHz, 40, 11.37 W
1788702633.556021060,0 %, 2411 MHz, 40, 11.37 W
1788702633.656222463,0 %, 2411 MHz, 40, 11.37 W
1788702633.756387657,0 %, 2411 MHz, 40, 11.37 W
1788702633.856514196,0 %, 2411 MHz, 40, 11.37 W
1788702633.956564015,0 %, 2411 MHz, 40, 11.37 W
1788702634.057086713,0 %, 2411 MHz, 40, 11.37 W
1788702634.157226931,0 %, 2411 MHz, 40, 11.37 W
1788702634.257912748,0 %, 2411 MHz, 40, 11.37 W
1788702634.357927959,0 %, 2411 MHz, 40, 11.37 W
1788702634.458086002,0 %, 2411 MHz, 40, 11.37 W
1788702634.558718811,0 %, 2411 MHz, 40, 11.37 W
1788702634.659046757,0 %, 2411 MHz, 40, 11.37 W
1788702634.759201663,0 %, 2411 MHz, 40, 11.37 W
1788702634.859423450,0 %, 2411 MHz, 40, 11.37 W
1788702634.959519684,0 %, 2411 MHz, 40, 11.36 W
1788702635.059871134,0 %, 2411 MHz, 40, 11.36 W
1788702635.159491402,0 %, 2411 MHz, 40, 11.36 W
1788702635.260151731,0 %, 2411 MHz, 40, 11.36 W
1788702635.360336877,0 %, 2411 MHz, 40, 11.36 W
1788702635.460528407,0 %, 2411 MHz, 40, 11.36 W
1788702635.560710033,0 %, 2411 MHz, 40, 11.36 W
1788702635.660636924,0 %, 2411 MHz, 40, 11.36 W
1788702635.761145286,0 %, 2411 MHz, 40, 11.36 W
1788702635.861073328,0 %, 2411 MHz, 40, 11.36 W
1788702635.961782633,0 %, 2411 MHz, 40, 11.35 W
1788702636.061683156,0 %, 2411 MHz, 40, 11.35 W
1788702636.162455149,0 %, 2411 MHz, 40, 11.35 W
1788702636.262219384,0 %, 2411 MHz, 40, 11.35 W
1788702636.362350914,0 %, 2411 MHz, 40, 11.35 W
1788702636.461883629,0 %, 2411 MHz, 40, 11.37 W
1788702636.562690326,0 %, 2411 MHz, 40, 11.37 W
1788702636.662825472,0 %, 2411 MHz, 40, 11.37 W
1788702636.763002250,0 %, 2411 MHz, 40, 11.37 W
1788702636.863162452,0 %, 2411 MHz, 40, 11.37 W
1788702636.963348190,0 %, 2411 MHz, 40, 11.38 W
1788702637.063551480,0 %, 2411 MHz, 40, 11.38 W
1788702637.163695874,0 %, 2411 MHz, 40, 11.38 W
1788702637.263770140,0 %, 2411 MHz, 40, 11.38 W
1788702637.364100118,0 %, 2411 MHz, 40, 11.38 W
1788702637.464906798,0 %, 2411 MHz, 40, 11.36 W
1788702637.564423450,0 %, 2411 MHz, 40, 11.36 W
1788702637.665179106,0 %, 2411 MHz, 40, 11.36 W
1788702637.765420380,0 %, 2411 MHz, 40, 11.36 W
1788702637.865115815,0 %, 2411 MHz, 40, 11.36 W
1788702637.965444961,0 %, 2411 MHz, 40, 11.37 W
1788702638.065465435,0 %, 2411 MHz, 40, 11.37 W
1788702638.165787044,0 %, 2411 MHz, 40, 11.37 W
1788702638.265852270,0 %, 2411 MHz, 40, 11.37 W
1788702638.366818294,0 %, 2411 MHz, 40, 11.37 W
1788702638.467017072,0 %, 2411 MHz, 40, 11.38 W
1788702638.567214522,0 %, 2411 MHz, 40, 11.38 W
1788702638.667379299,0 %, 2411 MHz, 40, 11.38 W
1788702638.767603885,0 %, 2411 MHz, 40, 11.38 W
1788702638.867736487,0 %, 2411 MHz, 40, 11.38 W
1788702638.967303842,0 %, 2411 MHz, 40, 11.37 W
1788702639.068157162,0 %, 2411 MHz, 40, 11.37 W
1788702639.168191252,0 %, 2411 MHz, 40, 11.37 W
1788702639.267909998,0 %, 2411 MHz, 40, 11.37 W
1788702639.368270216,0 %, 2411 MHz, 40, 11.37 W
1788702639.468759744,0 %, 2411 MHz, 40, 11.39 W
1788702639.568969258,0 %, 2411 MHz, 40, 11.39 W
1788702639.669179667,0 %, 2411 MHz, 40, 11.39 W
1788702639.769281101,0 %, 2411 MHz, 40, 11.39 W
1788702639.869529287,0 %, 2411 MHz, 40, 11.39 W
1788702639.969661392,0 %, 2411 MHz, 40, 11.40 W
1788702640.070086489,0 %, 2411 MHz, 40, 11.40 W
1788702640.170229411,0 %, 2411 MHz, 40, 11.40 W
1788702640.270509548,0 %, 2411 MHz, 40, 11.40 W
1788702640.371277380,0 %, 2411 MHz, 40, 11.40 W
1788702640.471463677,0 %, 2411 MHz, 40, 11.37 W
1788702640.571674439,0 %, 2411 MHz, 40, 11.37 W
1788702640.672072031,0 %, 2411 MHz, 40, 11.37 W
1788702640.771346171,0 %, 2411 MHz, 40, 11.37 W
1788702640.872445330,0 %, 2411 MHz, 40, 11.37 W
1788702640.972678940,0 %, 2411 MHz, 40, 11.37 W
1788702641.072057895,0 %, 2411 MHz, 40, 11.37 W
1788702641.172768591,0 %, 2411 MHz, 40, 11.37 W
1788702641.273073928,0 %, 2411 MHz, 40, 11.37 W
1788702641.373237617,0 %, 2411 MHz, 40, 11.37 W
1788702641.473407738,0 %, 2411 MHz, 40, 11.38 W
1788702641.573609299,0 %, 2411 MHz, 40, 11.38 W
1788702641.673778317,0 %, 2411 MHz, 40, 11.38 W
1788702641.773926486,0 %, 2411 MHz, 40, 11.38 W
1788702641.873256849,0 %, 2411 MHz, 40, 11.38 W
1788702641.973240299,0 %, 2411 MHz, 40, 11.37 W
1788702642.074641121,0 %, 2411 MHz, 40, 11.37 W
1788702642.174683882,0 %, 2411 MHz, 40, 11.37 W
1788702642.274865107,0 %, 2411 MHz, 40, 11.37 W
1788702642.375083020,0 %, 2411 MHz, 40, 11.37 W
1788702642.475181142,0 %, 2411 MHz, 40, 11.38 W
1788702642.575441103,0 %, 2411 MHz, 40, 11.38 W
1788702642.675622552,0 %, 2411 MHz, 40, 11.38 W
1788702642.775793185,0 %, 2411 MHz, 40, 11.38 W
1788702642.875527275,0 %, 2411 MHz, 40, 11.38 W
1788702642.976014707,0 %, 2411 MHz, 40, 11.38 W
1788702643.076348092,0 %, 2411 MHz, 40, 11.38 W
1788702643.176541365,0 %, 2411 MHz, 40, 11.38 W
1788702643.276747645,0 %, 2411 MHz, 40, 11.38 W
1788702643.376337416,0 %, 2411 MHz, 40, 11.38 W
1788702643.476702448,0 %, 2411 MHz, 40, 11.37 W
1788702643.577274024,0 %, 2411 MHz, 40, 11.37 W
1788702643.677458513,0 %, 2411 MHz, 40, 11.37 W
1788702643.777768138,0 %, 2411 MHz, 40, 11.37 W
1788702643.878077986,0 %, 2411 MHz, 40, 11.37 W
1788702643.978356715,0 %, 2411 MHz, 40, 11.38 W
1788702644.078454564,0 %, 2411 MHz, 40, 11.38 W
1788702644.178086078,0 %, 2411 MHz, 40, 11.38 W
1788702644.279137621,0 %, 2411 MHz, 40, 11.38 W
1788702644.379161998,0 %, 2411 MHz, 40, 11.38 W
1788702644.479351255,0 %, 2411 MHz, 40, 11.40 W
1788702644.579431360,0 %, 2411 MHz, 40, 11.40 W
1788702644.679599144,0 %, 2411 MHz, 40, 11.40 W
1788702644.779947073,0 %, 2411 MHz, 40, 11.40 W
1788702644.880134105,0 %, 2411 MHz, 40, 11.40 W
1788702644.980904625,0 %, 2411 MHz, 40, 11.41 W
1788702645.080634283,0 %, 2411 MHz, 40, 11.41 W
1788702645.180356500,0 %, 2411 MHz, 40, 11.41 W
1788702645.281406427,0 %, 2411 MHz, 40, 11.41 W
1788702645.381659987,0 %, 2411 MHz, 40, 11.41 W
1788702645.481828700,0 %, 2411 MHz, 40, 11.41 W
1788702645.581418134,0 %, 2411 MHz, 40, 11.41 W
1788702645.682376989,0 %, 2411 MHz, 40, 11.41 W
1788702645.782756533,0 %, 2411 MHz, 40, 11.41 W
1788702645.883064669,0 %, 2411 MHz, 40, 11.41 W
1788702645.983087094,0 %, 2411 MHz, 40, 11.40 W
1788702646.083314094,0 %, 2411 MHz, 40, 11.40 W
1788702646.182979464,0 %, 2411 MHz, 40, 11.40 W
1788702646.283545680,0 %, 2411 MHz, 40, 11.40 W
1788702646.383806824,0 %, 2411 MHz, 40, 11.40 W
1788702646.483999936,0 %, 2411 MHz, 40, 11.40 W
1788702646.584174313,0 %, 2411 MHz, 40, 11.40 W
1788702646.684342945,0 %, 2411 MHz, 40, 11.40 W
1788702646.784497946,0 %, 2411 MHz, 40, 11.40 W
1788702646.884688738,0 %, 2411 MHz, 40, 11.40 W
1788702646.984714731,0 %, 2411 MHz, 40, 11.41 W
1788702647.085202082,0 %, 2411 MHz, 40, 11.41 W
1788702647.185295947,0 %, 2411 MHz, 40, 11.41 W
1788702647.285491619,0 %, 2411 MHz, 40, 11.41 W
1788702647.385632187,0 %, 2411 MHz, 40, 11.41 W
1788702647.485155061,0 %, 2411 MHz, 40, 11.40 W
1788702647.585920732,0 %, 2411 MHz, 40, 11.40 W
1788702647.686167108,0 %, 2411 MHz, 40, 11.40 W
1788702647.786327629,0 %, 2411 MHz, 40, 11.40 W
1788702647.886428501,0 %, 2411 MHz, 40, 11.40 W
1788702647.986632493,0 %, 2411 MHz, 40, 11.40 W
1788702648.086903109,0 %, 2411 MHz, 40, 11.40 W
1788702648.187185821,0 %, 2411 MHz, 40, 11.40 W
1788702648.287333653,0 %, 2411 MHz, 40, 11.40 W
1788702648.387175166,0 %, 2411 MHz, 40, 11.40 W
1788702648.487776261,0 %, 2411 MHz, 40, 11.39 W
1788702648.587726110,0 %, 2411 MHz, 40, 11.39 W
1788702648.687770406,0 %, 2411 MHz, 40, 11.39 W
1788702648.787549887,0 %, 2411 MHz, 40, 11.39 W
1788702648.888016391,0 %, 2411 MHz, 40, 11.39 W
1788702648.988503086,0 %, 2411 MHz, 40, 11.38 W
1788702649.088946789,0 %, 2411 MHz, 40, 11.38 W
1788702649.188903454,0 %, 2411 MHz, 40, 11.38 W
1788702649.289125958,0 %, 2411 MHz, 40, 11.38 W
1788702649.389286174,0 %, 2411 MHz, 40, 11.38 W
1788702649.489143078,0 %, 2411 MHz, 40, 11.38 W
1788702649.589674222,0 %, 2411 MHz, 40, 11.38 W
1788702649.689729878,0 %, 2411 MHz, 40, 11.38 W
1788702649.790072029,0 %, 2411 MHz, 40, 11.38 W
1788702649.889923078,0 %, 2411 MHz, 40, 11.38 W
1788702649.989849039,0 %, 2411 MHz, 40, 11.37 W
1788702650.090631733,0 %, 2411 MHz, 40, 11.37 W
1788702650.190217982,0 %, 2411 MHz, 40, 11.37 W
1788702650.290908725,0 %, 2411 MHz, 40, 11.37 W
1788702650.390873389,0 %, 2411 MHz, 40, 11.37 W
1788702650.491048869,0 %, 2411 MHz, 40, 11.37 W
1788702650.591560412,0 %, 2411 MHz, 40, 11.37 W
1788702650.691930963,0 %, 2411 MHz, 40, 11.37 W
1788702650.791865132,0 %, 2411 MHz, 40, 11.37 W
1788702650.892276323,0 %, 2411 MHz, 40, 11.37 W
1788702650.992388267,0 %, 2411 MHz, 40, 11.37 W
1788702651.092365523,0 %, 2411 MHz, 40, 11.37 W
1788702651.193023354,0 %, 2411 MHz, 40, 11.37 W
1788702651.293125649,0 %, 2411 MHz, 40, 11.37 W
1788702651.393263049,0 %, 2411 MHz, 40, 11.37 W
1788702651.493446337,0 %, 2411 MHz, 40, 11.39 W
1788702651.593618776,0 %, 2411 MHz, 40, 11.39 W
1788702651.693814960,0 %, 2411 MHz, 40, 11.39 W
1788702651.793987720,0 %, 2411 MHz, 40, 11.39 W
1788702651.894137359,0 %, 2411 MHz, 40, 11.39 W
1788702651.994447847,0 %, 2411 MHz, 40, 11.39 W
1788702652.094737502,0 %, 2411 MHz, 40, 11.39 W
1788702652.194724118,0 %, 2411 MHz, 40, 11.39 W
1788702652.294948989,0 %, 2411 MHz, 40, 11.39 W
1788702652.395096933,0 %, 2411 MHz, 40, 11.39 W
1788702652.495285692,0 %, 2411 MHz, 40, 11.39 W
1788702652.595470420,0 %, 2411 MHz, 40, 11.39 W
1788702652.695672603,0 %, 2411 MHz, 40, 11.39 W
1788702652.796005410,0 %, 2411 MHz, 40, 11.39 W
1788702652.896316457,0 %, 2411 MHz, 40, 11.39 W
1788702652.996679744,0 %, 2411 MHz, 40, 11.39 W
1788702653.096855368,0 %, 2411 MHz, 40, 11.39 W
1788702653.197226735,0 %, 2411 MHz, 40, 11.39 W
1788702653.297523110,0 %, 2411 MHz, 40, 11.39 W
1788702653.397716845,0 %, 2411 MHz, 40, 11.39 W
1788702653.497850516,0 %, 2411 MHz, 40, 11.38 W
1788702653.597580621,0 %, 2411 MHz, 40, 11.38 W
1788702653.698214179,0 %, 2411 MHz, 40, 11.38 W
1788702653.798411978,0 %, 2411 MHz, 40, 11.38 W
1788702653.898609650,0 %, 2411 MHz, 40, 11.38 W
1788702653.998893321,0 %, 2411 MHz, 40, 11.37 W
1788702654.098228882,0 %, 2411 MHz, 40, 11.37 W
1788702654.198773528,0 %, 2411 MHz, 40, 11.37 W
1788702654.299336526,0 %, 2411 MHz, 40, 11.37 W
1788702654.399548101,0 %, 2411 MHz, 40, 11.37 W
1788702654.499722077,0 %, 2411 MHz, 40, 11.37 W
1788702654.599821028,0 %, 2411 MHz, 40, 11.37 W
1788702654.700184219,0 %, 2411 MHz, 40, 11.37 W
1788702654.799766179,0 %, 2411 MHz, 40, 11.37 W
1788702654.900434201,0 %, 2411 MHz, 40, 11.37 W
1788702655.000177905,0 %, 2411 MHz, 40, 11.37 W
1788702655.101050407,0 %, 2411 MHz, 40, 11.37 W
1788702655.201152990,0 %, 2411 MHz, 40, 11.37 W
1788702655.301024694,0 %, 2411 MHz, 40, 11.37 W
1788702655.401377644,0 %, 2411 MHz, 40, 11.37 W
1788702655.501698099,0 %, 2411 MHz, 40, 11.37 W
1788702655.601242667,0 %, 2411 MHz, 40, 11.37 W
1788702655.702159649,0 %, 2411 MHz, 40, 11.37 W
1788702655.802370104,0 %, 2411 MHz, 40, 11.37 W
1788702655.902575903,0 %, 2411 MHz, 40, 11.36 W
1788702656.002701062,0 %, 2411 MHz, 40, 11.36 W
1788702656.103249468,0 %, 2411 MHz, 40, 11.36 W
1788702656.203323571,0 %, 2411 MHz, 40, 11.36 W
1788702656.303460442,0 %, 2411 MHz, 40, 11.36 W
1788702656.403817888,0 %, 2411 MHz, 40, 11.36 W
1788702656.503873271,0 %, 2411 MHz, 40, 11.36 W
1788702656.604129262,0 %, 2411 MHz, 40, 11.36 W
1788702656.704959619,0 %, 2411 MHz, 40, 11.36 W
1788702656.804513468,0 %, 2411 MHz, 40, 11.36 W
1788702656.904650563,0 %, 2411 MHz, 40, 11.37 W
1788702657.004861961,0 %, 2411 MHz, 40, 11.37 W
1788702657.105170336,0 %, 2411 MHz, 40, 11.37 W
1788702657.205457782,0 %, 2411 MHz, 40, 11.37 W
1788702657.305689901,0 %, 2411 MHz, 40, 11.37 W
1788702657.405556996,0 %, 2411 MHz, 40, 11.37 W
1788702657.505762155,0 %, 2411 MHz, 40, 11.37 W
1788702657.605937377,0 %, 2411 MHz, 40, 11.37 W
1788702657.706093640,0 %, 2411 MHz, 40, 11.37 W
1788702657.806281919,0 %, 2411 MHz, 40, 11.37 W
1788702657.906468502,0 %, 2411 MHz, 40, 11.39 W
1788702658.006728396,0 %, 2411 MHz, 40, 11.39 W
1788702658.106994530,0 %, 2411 MHz, 40, 11.39 W
1788702658.207081561,0 %, 2411 MHz, 40, 11.39 W
1788702658.307262336,0 %, 2411 MHz, 40, 11.39 W
1788702658.407443014,0 %, 2411 MHz, 40, 11.38 W
1788702658.508186876,0 %, 2411 MHz, 40, 11.38 W
1788702658.608364818,0 %, 2411 MHz, 40, 11.38 W
1788702658.708571289,0 %, 2411 MHz, 40, 11.38 W
1788702658.808337648,0 %, 2411 MHz, 40, 11.38 W
1788702658.908460711,0 %, 2411 MHz, 40, 11.35 W
1788702659.008425661,0 %, 2411 MHz, 40, 11.35 W
1788702659.108878419,0 %, 2411 MHz, 40, 11.35 W
1788702659.209086266,0 %, 2411 MHz, 40, 11.35 W
1788702659.309723583,0 %, 2411 MHz, 40, 11.35 W
1788702659.409375575,0 %, 2411 MHz, 40, 11.35 W
1788702659.509458909,0 %, 2411 MHz, 40, 11.35 W
1788702659.610320914,0 %, 2411 MHz, 40, 11.35 W
1788702659.710463880,0 %, 2411 MHz, 40, 11.35 W
1788702659.810704319,0 %, 2411 MHz, 40, 11.35 W
1788702659.910992949,0 %, 2411 MHz, 40, 11.36 W
1788702660.010533341,0 %, 2411 MHz, 40, 11.36 W
1788702660.111530913,0 %, 2411 MHz, 40, 11.36 W
1788702660.211341560,0 %, 2411 MHz, 40, 11.36 W
1788702660.311927485,0 %, 2411 MHz, 40, 11.36 W
1788702660.412104820,0 %, 2411 MHz, 40, 11.38 W
1788702660.512271242,0 %, 2411 MHz, 40, 11.38 W
1788702660.612498032,0 %, 2411 MHz, 40, 11.38 W
1788702660.712558918,0 %, 2411 MHz, 40, 11.38 W
1788702660.812661773,0 %, 2411 MHz, 40, 11.38 W
1788702660.913057459,0 %, 2411 MHz, 40, 11.38 W
1788702661.013104553,0 %, 2411 MHz, 40, 11.38 W
1788702661.113465823,0 %, 2411 MHz, 40, 11.38 W
1788702661.213561381,0 %, 2411 MHz, 40, 11.38 W
1788702661.313942683,0 %, 2411 MHz, 40, 11.38 W
1788702661.414125201,0 %, 2411 MHz, 40, 11.37 W
1788702661.514294279,0 %, 2411 MHz, 40, 11.37 W
1788702661.614408509,0 %, 2411 MHz, 40, 11.37 W
1788702661.714668579,0 %, 2411 MHz, 40, 11.37 W
1788702661.814763849,0 %, 2411 MHz, 40, 11.37 W
1788702661.915638142,0 %, 2411 MHz, 40, 11.37 W
1788702662.015668164,0 %, 2411 MHz, 40, 11.37 W
1788702662.116040553,0 %, 2411 MHz, 40, 11.37 W
1788702662.216296207,0 %, 2411 MHz, 40, 11.37 W
1788702662.316455509,0 %, 2411 MHz, 40, 11.37 W
1788702662.416672827,0 %, 2411 MHz, 40, 11.37 W
1788702662.516820113,0 %, 2411 MHz, 40, 11.37 W
1788702662.617102711,0 %, 2411 MHz, 40, 11.37 W
1788702662.716591774,0 %, 2411 MHz, 40, 11.37 W
1788702662.817368579,0 %, 2411 MHz, 40, 11.37 W
1788702662.917569800,0 %, 2411 MHz, 40, 11.37 W
1788702663.016952784,0 %, 2411 MHz, 40, 11.37 W
1788702663.118227635,0 %, 2411 MHz, 40, 11.37 W
1788702663.218335321,0 %, 2411 MHz, 40, 11.37 W
1788702663.318432399,0 %, 2411 MHz, 40, 11.37 W
1788702663.418723829,0 %, 2411 MHz, 40, 11.38 W
1788702663.518879947,0 %, 2411 MHz, 40, 11.38 W
1788702663.619091504,0 %, 2411 MHz, 40, 11.38 W
1788702663.719274886,0 %, 2411 MHz, 40, 11.38 W
1788702663.819473644,0 %, 2411 MHz, 40, 11.38 W
1788702663.919661825,0 %, 2411 MHz, 40, 11.36 W
1788702664.019238616,0 %, 2411 MHz, 40, 11.36 W
1788702664.119985357,0 %, 2411 MHz, 40, 11.36 W
1788702664.220136434,0 %, 2411 MHz, 40, 11.36 W
1788702664.320292808,0 %, 2411 MHz, 40, 11.36 W
1788702664.420469342,0 %, 2411 MHz, 40, 11.34 W
1788702664.520639443,0 %, 2411 MHz, 40, 11.34 W
1788702664.620695785,0 %, 2411 MHz, 40, 11.34 W
1788702664.721030126,0 %, 2411 MHz, 40, 11.34 W
1788702664.821248660,0 %, 2411 MHz, 40, 11.34 W
1788702664.921547673,0 %, 2411 MHz, 40, 11.35 W
1788702665.021069648,0 %, 2411 MHz, 40, 11.35 W
1788702665.121744981,0 %, 2411 MHz, 40, 11.35 W
1788702665.221940666,0 %, 2411 MHz, 40, 11.35 W
1788702665.322300287,0 %, 2411 MHz, 40, 11.35 W
1788702665.422460405,0 %, 2411 MHz, 40, 11.36 W
1788702665.522756106,0 %, 2411 MHz, 40, 11.36 W
1788702665.622100641,0 %, 2411 MHz, 40, 11.36 W
1788702665.723104501,0 %, 2411 MHz, 40, 11.36 W
1788702665.823208506,0 %, 2411 MHz, 40, 11.36 W
1788702665.923401904,0 %, 2411 MHz, 40, 11.37 W
1788702666.024286820,0 %, 2411 MHz, 40, 11.37 W
1788702666.124506169,0 %, 2411 MHz, 40, 11.37 W
1788702666.224622622,0 %, 2411 MHz, 40, 11.37 W
1788702666.324766356,0 %, 2411 MHz, 40, 11.37 W
1788702666.425103080,0 %, 2411 MHz, 40, 11.38 W
1788702666.524592783,0 %, 2411 MHz, 40, 11.38 W
1788702666.625192964,0 %, 2411 MHz, 40, 11.38 W
1788702666.725591192,0 %, 2411 MHz, 40, 11.38 W
1788702666.825064143,0 %, 2411 MHz, 40, 11.38 W
1788702666.926279650,0 %, 2411 MHz, 40, 11.41 W
1788702667.026224040,0 %, 2411 MHz, 40, 11.41 W
1788702667.126141950,0 %, 2411 MHz, 40, 11.41 W
1788702667.226666162,0 %, 2411 MHz, 40, 11.41 W
1788702667.326775463,0 %, 2411 MHz, 40, 11.41 W
1788702667.427073948,0 %, 2411 MHz, 40, 11.40 W
1788702667.527395953,0 %, 2411 MHz, 40, 11.40 W
1788702667.627497734,0 %, 2411 MHz, 40, 11.40 W
1788702667.727795035,0 %, 2411 MHz, 40, 11.40 W
1788702667.827157666,0 %, 2411 MHz, 40, 11.40 W
1788702667.928149350,0 %, 2411 MHz, 40, 11.37 W
1788702668.028710714,0 %, 2411 MHz, 40, 11.37 W
1788702668.128889839,0 %, 2411 MHz, 40, 11.37 W
1788702668.228842068,0 %, 2411 MHz, 40, 11.37 W
1788702668.328984729,0 %, 2411 MHz, 40, 11.37 W
1788702668.429161278,0 %, 2411 MHz, 40, 11.36 W
1788702668.529369059,0 %, 2411 MHz, 40, 11.36 W
1788702668.629458248,0 %, 2411 MHz, 40, 11.36 W
1788702668.729611310,0 %, 2411 MHz, 40, 11.36 W
1788702668.829723811,0 %, 2411 MHz, 40, 11.36 W
1788702668.929833480,0 %, 2411 MHz, 40, 11.35 W
1788702669.029695965,0 %, 2411 MHz, 40, 11.35 W
1788702669.130155778,0 %, 2411 MHz, 40, 11.35 W
1788702669.230402694,0 %, 2411 MHz, 40, 11.35 W
1788702669.330638155,0 %, 2411 MHz, 40, 11.35 W
1788702669.430809920,0 %, 2411 MHz, 40, 11.36 W
1788702669.530918933,0 %, 2411 MHz, 40, 11.36 W
1788702669.631316217,0 %, 2411 MHz, 40, 11.36 W
1788702669.731537582,0 %, 2411 MHz, 40, 11.36 W
1788702669.831803810,0 %, 2411 MHz, 40, 11.36 W
1788702669.931985287,0 %, 2411 MHz, 40, 11.38 W
1788702670.032114476,0 %, 2411 MHz, 40, 11.38 W
1788702670.132308865,0 %, 2411 MHz, 40, 11.38 W
1788702670.232312198,0 %, 2411 MHz, 40, 11.38 W
1788702670.332674362,0 %, 2411 MHz, 40, 11.38 W
1788702670.432713135,0 %, 2411 MHz, 40, 11.38 W
1788702670.532986324,0 %, 2411 MHz, 40, 11.38 W
1788702670.632855017,0 %, 2411 MHz, 40, 11.38 W
1788702670.733320717,0 %, 2411 MHz, 40, 11.38 W
1788702670.833596817,0 %, 2411 MHz, 40, 11.38 W
1788702670.933928102,0 %, 2411 MHz, 40, 11.38 W
1788702671.034032731,0 %, 2411 MHz, 40, 11.38 W
1788702671.133917344,0 %, 2411 MHz, 40, 11.38 W
1788702671.234405668,0 %, 2411 MHz, 40, 11.38 W
1788702671.334745832,0 %, 2411 MHz, 40, 11.38 W
1788702671.434759293,0 %, 2411 MHz, 40, 11.40 W
1788702671.535037265,0 %, 2411 MHz, 40, 11.40 W
1788702671.634515815,0 %, 2411 MHz, 40, 11.40 W
1788702671.735850057,0 %, 2411 MHz, 40, 11.40 W
1788702671.835549935,0 %, 2411 MHz, 40, 11.40 W
1788702671.935353540,0 %, 2411 MHz, 40, 11.39 W
1788702672.036058871,0 %, 2411 MHz, 40, 11.39 W
1788702672.136728667,0 %, 2411 MHz, 40, 11.39 W
1788702672.236842335,0 %, 2411 MHz, 40, 11.39 W
1788702672.336447237,0 %, 2411 MHz, 40, 11.39 W
1788702672.436855961,0 %, 2411 MHz, 40, 11.38 W
1788702672.537090317,0 %, 2411 MHz, 40, 11.38 W
1788702672.637276689,0 %, 2411 MHz, 40, 11.38 W
1788702672.737262710,0 %, 2411 MHz, 40, 11.38 W
1788702672.837456138,0 %, 2411 MHz, 40, 11.38 W
1788702672.937675215,0 %, 2411 MHz, 40, 11.37 W
1788702673.037904419,0 %, 2411 MHz, 40, 11.37 W
1788702673.138426870,0 %, 2411 MHz, 40, 11.37 W
1788702673.238667818,0 %, 2411 MHz, 40, 11.37 W
1788702673.338891054,0 %, 2411 MHz, 40, 11.37 W
1788702673.438592644,0 %, 2411 MHz, 40, 11.37 W
1788702673.538790952,0 %, 2411 MHz, 40, 11.37 W
1788702673.638957164,0 %, 2411 MHz, 40, 11.37 W
1788702673.739125904,0 %, 2411 MHz, 40, 11.37 W
1788702673.839198485,0 %, 2411 MHz, 40, 11.37 W
1788702673.939447913,0 %, 2411 MHz, 40, 11.37 W
1788702674.040276092,0 %, 2411 MHz, 40, 11.37 W
1788702674.140379952,0 %, 2411 MHz, 40, 11.37 W
1788702674.240103253,0 %, 2411 MHz, 40, 11.37 W
1788702674.340270569,0 %, 2411 MHz, 40, 11.37 W
1788702674.440452317,0 %, 2411 MHz, 40, 11.36 W
1788702674.540680881,0 %, 2411 MHz, 40, 11.36 W
1788702674.640850069,0 %, 2411 MHz, 40, 11.36 W
1788702674.740995657,0 %, 2411 MHz, 40, 11.36 W
1788702674.841188237,0 %, 2411 MHz, 40, 11.36 W
1788702674.941533809,0 %, 2411 MHz, 40, 11.37 W
1788702675.041919973,0 %, 2411 MHz, 40, 11.37 W
1788702675.141572586,0 %, 2411 MHz, 40, 11.37 W
1788702675.242417708,0 %, 2411 MHz, 40, 11.37 W
1788702675.342128337,0 %, 2411 MHz, 40, 11.37 W
1788702675.442361765,0 %, 2411 MHz, 40, 11.38 W
1788702675.542527513,0 %, 2411 MHz, 40, 11.38 W
1788702675.641810111,0 %, 2411 MHz, 40, 11.38 W
1788702675.742924448,0 %, 2411 MHz, 40, 11.38 W
1788702675.843060244,0 %, 2411 MHz, 40, 11.38 W
1788702675.943928615,0 %, 2411 MHz, 40, 11.38 W
1788702676.043650972,0 %, 2411 MHz, 40, 11.38 W
1788702676.143614848,0 %, 2411 MHz, 40, 11.38 W
1788702676.244363218,0 %, 2411 MHz, 40, 11.38 W
1788702676.344008711,0 %, 2411 MHz, 40, 11.38 W
1788702676.444927129,0 %, 2411 MHz, 40, 11.37 W
1788702676.545136829,0 %, 2411 MHz, 40, 11.37 W
1788702676.645112289,0 %, 2411 MHz, 40, 11.37 W
1788702676.745510965,0 %, 2411 MHz, 40, 11.37 W
1788702676.845634697,0 %, 2411 MHz, 40, 11.37 W
1788702676.946074972,0 %, 2411 MHz, 40, 11.37 W
1788702677.045684433,0 %, 2411 MHz, 40, 11.37 W
1788702677.145762085,0 %, 2411 MHz, 40, 11.37 W
1788702677.246611799,0 %, 2411 MHz, 40, 11.37 W
1788702677.346753786,0 %, 2411 MHz, 40, 11.37 W
1788702677.447058414,0 %, 2411 MHz, 40, 11.37 W
1788702677.547093522,0 %, 2411 MHz, 40, 11.37 W
1788702677.647297429,0 %, 2411 MHz, 40, 11.37 W
1788702677.747492569,0 %, 2411 MHz, 40, 11.37 W
1788702677.847690364,0 %, 2411 MHz, 40, 11.37 W
1788702677.947630976,0 %, 2411 MHz, 40, 11.38 W
1788702678.048241843,0 %, 2411 MHz, 40, 11.38 W
1788702678.148329383,0 %, 2411 MHz, 40, 11.38 W
1788702678.248600986,0 %, 2411 MHz, 40, 11.38 W
1788702678.348589102,0 %, 2411 MHz, 40, 11.38 W
1788702678.449184048,0 %, 2411 MHz, 40, 11.38 W
1788702678.549134884,0 %, 2411 MHz, 40, 11.38 W
1788702678.649305976,0 %, 2411 MHz, 40, 11.38 W
1788702678.749662219,0 %, 2411 MHz, 40, 11.38 W
1788702678.849615887,0 %, 2411 MHz, 40, 11.38 W
1788702678.949926882,0 %, 2411 MHz, 40, 11.39 W
1788702679.050610532,0 %, 2411 MHz, 40, 11.39 W
1788702679.150688440,0 %, 2411 MHz, 40, 11.39 W
1788702679.250935723,0 %, 2411 MHz, 40, 11.39 W
1788702679.351094894,0 %, 2411 MHz, 40, 11.39 W
1788702679.450842627,0 %, 2411 MHz, 40, 11.38 W
1788702679.550973638,0 %, 2411 MHz, 40, 11.38 W
1788702679.651639688,0 %, 2411 MHz, 40, 11.38 W
1788702679.751339469,0 %, 2411 MHz, 40, 11.38 W
1788702679.851723344,0 %, 2411 MHz, 40, 11.38 W
1788702679.952388162,0 %, 2411 MHz, 40, 11.38 W
1788702680.052178678,0 %, 2411 MHz, 40, 11.38 W
1788702680.152788056,0 %, 2411 MHz, 40, 11.38 W
1788702680.252804316,0 %, 2411 MHz, 40, 11.38 W
1788702680.353085135,0 %, 2411 MHz, 40, 11.38 W
1788702680.453378113,0 %, 2411 MHz, 40, 11.38 W
1788702680.553512517,0 %, 2411 MHz, 40, 11.38 W
1788702680.653607976,0 %, 2411 MHz, 40, 11.38 W
1788702680.753790731,0 %, 2411 MHz, 40, 11.38 W
1788702680.853944318,0 %, 2411 MHz, 40, 11.38 W
1788702680.954141490,0 %, 2411 MHz, 40, 11.38 W
1788702681.054319717,0 %, 2411 MHz, 40, 11.38 W
1788702681.154636215,0 %, 2411 MHz, 40, 11.38 W
1788702681.254499659,0 %, 2411 MHz, 40, 11.38 W
1788702681.355016157,0 %, 2411 MHz, 40, 11.38 W
1788702681.455101057,0 %, 2411 MHz, 40, 11.39 W
1788702681.555384371,0 %, 2411 MHz, 40, 11.39 W
1788702681.655047559,0 %, 2411 MHz, 40, 11.39 W
1788702681.755731689,0 %, 2411 MHz, 40, 11.39 W
1788702681.855901580,0 %, 2411 MHz, 40, 11.39 W
1788702681.955725120,0 %, 2411 MHz, 40, 11.40 W
1788702682.055434100,0 %, 2411 MHz, 40, 11.40 W
1788702682.156655157,0 %, 2411 MHz, 40, 11.40 W
1788702682.256736600,0 %, 2411 MHz, 40, 11.40 W
1788702682.357078794,0 %, 2411 MHz, 40, 11.40 W
1788702682.457075630,0 %, 2411 MHz, 40, 11.40 W
1788702682.557555056,0 %, 2411 MHz, 40, 11.40 W
1788702682.658416545,0 %, 2411 MHz, 40, 11.40 W
1788702682.758495252,0 %, 2411 MHz, 40, 11.40 W
1788702682.858815335,0 %, 2411 MHz, 40, 11.40 W
1788702682.959031402,0 %, 2411 MHz, 40, 11.39 W
1788702683.059037821,0 %, 2411 MHz, 40, 11.39 W
1788702683.159310079,0 %, 2411 MHz, 40, 11.39 W
1788702683.259391698,0 %, 2411 MHz, 40, 11.39 W
1788702683.359964692,0 %, 2411 MHz, 40, 11.39 W
1788702683.460115431,0 %, 2411 MHz, 40, 11.39 W
1788702683.560294105,0 %, 2411 MHz, 40, 11.39 W
1788702683.660508732,0 %, 2411 MHz, 40, 11.39 W
1788702683.760842526,0 %, 2411 MHz, 40, 11.39 W
1788702683.860996417,0 %, 2411 MHz, 40, 11.39 W
1788702683.961373923,0 %, 2411 MHz, 40, 11.39 W
1788702684.061702534,0 %, 2411 MHz, 40, 11.39 W
1788702684.161661065,0 %, 2411 MHz, 40, 11.39 W
1788702684.262364970,0 %, 2411 MHz, 40, 11.39 W
1788702684.362549533,0 %, 2411 MHz, 40, 11.39 W
1788702684.462709135,0 %, 2411 MHz, 40, 11.39 W
1788702684.562892322,0 %, 2411 MHz, 40, 11.39 W
1788702684.663081204,0 %, 2411 MHz, 40, 11.39 W
1788702684.763225815,0 %, 2411 MHz, 40, 11.39 W
1788702684.863420074,0 %, 2411 MHz, 40, 11.39 W
1788702684.963811660,0 %, 2411 MHz, 40, 11.39 W
1788702685.063642607,0 %, 2411 MHz, 40, 11.39 W
1788702685.163990785,0 %, 2411 MHz, 40, 11.39 W
1788702685.263732100,0 %, 2411 MHz, 40, 11.39 W
1788702685.363815575,0 %, 2411 MHz, 40, 11.39 W
1788702685.464010697,0 %, 2411 MHz, 40, 11.39 W
1788702685.564151100,0 %, 2411 MHz, 40, 11.39 W
1788702685.663590672,0 %, 2411 MHz, 40, 11.39 W
1788702685.764530001,0 %, 2411 MHz, 40, 11.39 W
1788702685.864869923,0 %, 2411 MHz, 40, 11.39 W
1788702685.964858102,0 %, 2411 MHz, 40, 11.39 W
1788702686.065047832,0 %, 2411 MHz, 40, 11.39 W
1788702686.165272986,0 %, 2411 MHz, 40, 11.39 W
1788702686.265440476,0 %, 2411 MHz, 40, 11.39 W
1788702686.365631151,0 %, 2411 MHz, 40, 11.39 W
1788702686.465693777,0 %, 2411 MHz, 40, 11.39 W
1788702686.565904435,0 %, 2411 MHz, 40, 11.39 W
1788702686.666047126,0 %, 2411 MHz, 40, 11.39 W
1788702686.765737577,0 %, 2411 MHz, 40, 11.39 W
1788702686.865964523,0 %, 2411 MHz, 40, 11.39 W
1788702686.966596188,0 %, 2411 MHz, 40, 11.38 W
1788702687.066417455,0 %, 2411 MHz, 40, 11.38 W
1788702687.167313056,0 %, 2411 MHz, 40, 11.38 W
1788702687.266776868,0 %, 2411 MHz, 40, 11.38 W
1788702687.367561316,0 %, 2411 MHz, 40, 11.38 W
1788702687.467431015,0 %, 2411 MHz, 40, 11.39 W
1788702687.567827689,0 %, 2411 MHz, 40, 11.39 W
1788702687.667553708,0 %, 2411 MHz, 40, 11.39 W
1788702687.768066541,0 %, 2411 MHz, 40, 11.39 W
1788702687.867922096,0 %, 2411 MHz, 40, 11.39 W
1788702687.967952931,0 %, 2411 MHz, 40, 11.39 W
1788702688.067974101,0 %, 2411 MHz, 40, 11.39 W
1788702688.168243527,0 %, 2411 MHz, 40, 11.39 W
1788702688.269033255,0 %, 2411 MHz, 40, 11.39 W
1788702688.369342697,0 %, 2411 MHz, 40, 11.39 W
1788702688.469400587,0 %, 2411 MHz, 40, 11.40 W
1788702688.569554509,0 %, 2411 MHz, 40, 11.40 W
1788702688.669772735,0 %, 2411 MHz, 40, 11.40 W
1788702688.769925649,0 %, 2411 MHz, 40, 11.40 W
1788702688.869986739,0 %, 2411 MHz, 40, 11.40 W
1788702688.970511525,0 %, 2411 MHz, 40, 11.40 W
1788702689.070619111,0 %, 2411 MHz, 40, 11.40 W
1788702689.170735273,0 %, 2411 MHz, 40, 11.40 W
1788702689.270918139,0 %, 2411 MHz, 40, 11.40 W
1788702689.371151436,0 %, 2411 MHz, 40, 11.40 W
1788702689.471309854,0 %, 2411 MHz, 40, 11.40 W
1788702689.571505840,0 %, 2411 MHz, 40, 11.40 W
1788702689.670999235,0 %, 2411 MHz, 40, 11.40 W
1788702689.771300805,0 %, 2411 MHz, 40, 11.40 W
1788702689.872018597,0 %, 2411 MHz, 40, 11.40 W
1788702689.971279753,0 %, 2411 MHz, 40, 11.40 W
1788702690.072376025,0 %, 2411 MHz, 40, 11.40 W
1788702690.172524763,0 %, 2411 MHz, 40, 11.40 W
1788702690.272877356,0 %, 2411 MHz, 40, 11.40 W
1788702690.374083243,0 %, 2411 MHz, 40, 11.40 W
1788702690.473906734,0 %, 2411 MHz, 40, 11.40 W
1788702690.573436993,0 %, 2411 MHz, 40, 11.40 W
1788702690.673464691,0 %, 2411 MHz, 40, 11.40 W
1788702690.773559557,0 %, 2411 MHz, 40, 11.40 W
1788702690.874131142,0 %, 2411 MHz, 40, 11.40 W
1788702690.973928120,0 %, 2411 MHz, 40, 11.38 W
1788702691.074168474,0 %, 2411 MHz, 40, 11.38 W
1788702691.174438747,0 %, 2411 MHz, 40, 11.38 W
1788702691.274326445,0 %, 2411 MHz, 40, 11.38 W
1788702691.374542095,0 %, 2411 MHz, 40, 11.38 W
1788702691.475141295,0 %, 2411 MHz, 40, 11.39 W
1788702691.575349009,0 %, 2411 MHz, 40, 11.39 W
1788702691.675521362,0 %, 2411 MHz, 40, 11.39 W
1788702691.775778691,0 %, 2411 MHz, 40, 11.39 W
1788702691.875948949,0 %, 2411 MHz, 40, 11.39 W
1788702691.975966583,0 %, 2411 MHz, 40, 11.39 W
1788702692.076514344,0 %, 2411 MHz, 40, 11.39 W
1788702692.177026920,0 %, 2411 MHz, 40, 11.39 W
1788702692.276657915,0 %, 2411 MHz, 40, 11.39 W
1788702692.376748092,0 %, 2411 MHz, 40, 11.39 W
1788702692.476889406,0 %, 2411 MHz, 40, 11.37 W
1788702692.577818014,0 %, 2411 MHz, 40, 11.37 W
1788702692.677830703,0 %, 2411 MHz, 40, 11.37 W
1788702692.777465362,0 %, 2411 MHz, 40, 11.37 W
1788702692.878405074,0 %, 2411 MHz, 40, 11.37 W
1788702692.978690867,0 %, 2411 MHz, 40, 11.37 W
1788702693.078031510,0 %, 2411 MHz, 40, 11.37 W
1788702693.178375799,0 %, 2411 MHz, 40, 11.37 W
1788702693.279129639,0 %, 2411 MHz, 40, 11.37 W
1788702693.379204984,0 %, 2411 MHz, 40, 11.37 W
1788702693.479616585,0 %, 2411 MHz, 40, 11.37 W
1788702693.579692010,0 %, 2411 MHz, 40, 11.37 W
1788702693.679743468,0 %, 2411 MHz, 40, 11.37 W
1788702693.780085885,0 %, 2411 MHz, 40, 11.37 W
1788702693.880170974,0 %, 2411 MHz, 40, 11.37 W
1788702693.980507551,0 %, 2411 MHz, 40, 11.38 W
1788702694.080485937,0 %, 2411 MHz, 40, 11.38 W
1788702694.180845793,0 %, 2411 MHz, 40, 11.38 W
1788702694.281002962,0 %, 2411 MHz, 40, 11.38 W
1788702694.381279155,0 %, 2411 MHz, 40, 11.38 W
1788702694.481442644,0 %, 2411 MHz, 40, 11.38 W
1788702694.581625462,0 %, 2411 MHz, 40, 11.38 W
1788702694.681792919,0 %, 2411 MHz, 40, 11.38 W
1788702694.781996840,0 %, 2411 MHz, 40, 11.38 W
1788702694.882140505,0 %, 2411 MHz, 40, 11.38 W
1788702694.982282026,0 %, 2411 MHz, 40, 11.38 W
1788702695.082593531,0 %, 2411 MHz, 40, 11.38 W
1788702695.182844411,0 %, 2411 MHz, 40, 11.38 W
1788702695.282938573,0 %, 2411 MHz, 40, 11.38 W
1788702695.383128142,0 %, 2411 MHz, 40, 11.38 W
1788702695.483410238,0 %, 2411 MHz, 40, 11.38 W
1788702695.583410512,0 %, 2411 MHz, 40, 11.38 W
1788702695.683877216,0 %, 2411 MHz, 40, 11.38 W
1788702695.783956673,0 %, 2411 MHz, 40, 11.38 W
1788702695.884174210,0 %, 2411 MHz, 40, 11.38 W
1788702695.984257987,0 %, 2411 MHz, 40, 11.37 W
1788702696.084560052,0 %, 2411 MHz, 40, 11.37 W
1788702696.184689973,0 %, 2411 MHz, 40, 11.37 W
1788702696.284850821,0 %, 2411 MHz, 40, 11.37 W
1788702696.385044358,0 %, 2411 MHz, 40, 11.37 W
1788702696.485169287,0 %, 2411 MHz, 40, 11.36 W
1788702696.585416856,0 %, 2411 MHz, 40, 11.36 W
1788702696.685614616,0 %, 2411 MHz, 40, 11.36 W
1788702696.785787737,0 %, 2411 MHz, 40, 11.36 W
1788702696.885327916,0 %, 2411 MHz, 40, 11.36 W
1788702696.985218077,0 %, 2411 MHz, 40, 11.37 W
1788702697.086131724,0 %, 2411 MHz, 40, 11.37 W
1788702697.185895998,0 %, 2411 MHz, 40, 11.37 W
1788702697.286637645,0 %, 2411 MHz, 40, 11.37 W
1788702697.386824446,0 %, 2411 MHz, 40, 11.37 W
1788702697.487196910,0 %, 2411 MHz, 40, 11.40 W
1788702697.587335263,0 %, 2411 MHz, 40, 11.40 W
1788702697.687604495,0 %, 2411 MHz, 40, 11.40 W
1788702697.787700672,0 %, 2411 MHz, 40, 11.40 W
1788702697.887677425,0 %, 2411 MHz, 40, 11.40 W
1788702697.988039041,0 %, 2411 MHz, 40, 11.40 W
1788702698.088294754,0 %, 2411 MHz, 40, 11.40 W
1788702698.187878179,0 %, 2411 MHz, 40, 11.40 W
1788702698.288893746,0 %, 2411 MHz, 40, 11.40 W
1788702698.388966419,0 %, 2411 MHz, 40, 11.40 W
1788702698.489040756,0 %, 2411 MHz, 40, 11.40 W
1788702698.589379604,0 %, 2411 MHz, 40, 11.40 W
1788702698.689372725,0 %, 2411 MHz, 40, 11.40 W
1788702698.789033766,0 %, 2411 MHz, 40, 11.40 W
1788702698.889776486,0 %, 2411 MHz, 40, 11.40 W
1788702698.989962118,0 %, 2411 MHz, 40, 11.40 W
1788702699.090120662,0 %, 2411 MHz, 40, 11.40 W
1788702699.190676614,0 %, 2411 MHz, 40, 11.40 W
1788702699.290763303,0 %, 2411 MHz, 40, 11.40 W
1788702699.390911543,0 %, 2411 MHz, 40, 11.40 W
1788702699.491145543,0 %, 2411 MHz, 40, 11.40 W
1788702699.591359320,0 %, 2411 MHz, 40, 11.40 W
1788702699.691556344,0 %, 2411 MHz, 40, 11.40 W
1788702699.791718936,0 %, 2411 MHz, 40, 11.40 W
1788702699.891908313,0 %, 2411 MHz, 40, 11.40 W
1788702699.992051593,0 %, 2411 MHz, 40, 11.40 W
1788702700.092261833,0 %, 2411 MHz, 40, 11.40 W
1788702700.192624633,0 %, 2411 MHz, 40, 11.40 W
1788702700.293249112,0 %, 2411 MHz, 40, 11.40 W
1788702700.392922042,0 %, 2411 MHz, 40, 11.40 W
1788702700.493632953,0 %, 2411 MHz, 40, 11.42 W
1788702700.593724281,0 %, 2411 MHz, 40, 11.42 W
1788702700.693827897,0 %, 2411 MHz, 40, 11.42 W
1788702700.794167881,0 %, 2411 MHz, 40, 11.42 W
1788702700.894360793,0 %, 2411 MHz, 40, 11.42 W
1788702700.994466538,0 %, 2411 MHz, 40, 11.44 W
1788702701.094029451,0 %, 2411 MHz, 40, 11.44 W
1788702701.194368651,0 %, 2411 MHz, 40, 11.44 W
1788702701.294813195,0 %, 2411 MHz, 40, 11.44 W
1788702701.394638043,0 %, 2411 MHz, 40, 11.44 W
1788702701.494631660,0 %, 2411 MHz, 40, 11.43 W
1788702701.595160827,0 %, 2411 MHz, 40, 11.43 W
1788702701.695341787,0 %, 2411 MHz, 40, 11.43 W
1788702701.796067354,0 %, 2411 MHz, 40, 11.43 W
1788702701.896262218,0 %, 2411 MHz, 40, 11.43 W
1788702701.996354442,0 %, 2411 MHz, 40, 11.42 W
1788702702.095916908,0 %, 2411 MHz, 40, 11.42 W
1788702702.196208827,0 %, 2411 MHz, 40, 11.42 W
1788702702.297011802,0 %, 2411 MHz, 40, 11.42 W
1788702702.396908427,0 %, 2411 MHz, 40, 11.42 W
1788702702.496977051,0 %, 2411 MHz, 40, 11.42 W
1788702702.597543162,0 %, 2411 MHz, 40, 11.42 W
1788702702.697768906,0 %, 2411 MHz, 40, 11.42 W
1788702702.797339851,0 %, 2411 MHz, 40, 11.42 W
1788702702.897838618,0 %, 2411 MHz, 40, 11.42 W
1788702702.997917738,0 %, 2411 MHz, 40, 11.42 W
1788702703.097693435,0 %, 2411 MHz, 40, 11.42 W
1788702703.198733753,0 %, 2411 MHz, 40, 11.42 W
1788702703.299018616,0 %, 2411 MHz, 40, 11.42 W
1788702703.399187960,0 %, 2411 MHz, 40, 11.42 W
1788702703.499386088,0 %, 2411 MHz, 40, 11.43 W
1788702703.599668183,0 %, 2411 MHz, 40, 11.43 W
1788702703.699828951,0 %, 2411 MHz, 40, 11.43 W
1788702703.800192791,0 %, 2411 MHz, 40, 11.43 W
1788702703.900380422,0 %, 2411 MHz, 40, 11.43 W
1788702704.000436423,0 %, 2411 MHz, 40, 11.42 W
1788702704.100260151,0 %, 2411 MHz, 40, 11.42 W
1788702704.200959558,0 %, 2411 MHz, 40, 11.42 W
1788702704.300907222,0 %, 2411 MHz, 40, 11.42 W
1788702704.401020549,0 %, 2411 MHz, 40, 11.42 W
1788702704.501405701,0 %, 2411 MHz, 40, 11.41 W
1788702704.601951011,0 %, 2411 MHz, 40, 11.41 W
1788702704.701949652,0 %, 2411 MHz, 40, 11.41 W
1788702704.802113507,0 %, 2411 MHz, 40, 11.41 W
1788702704.902927393,0 %, 2411 MHz, 40, 11.41 W
1788702705.003261889,0 %, 2411 MHz, 40, 11.41 W
1788702705.102850994,0 %, 2411 MHz, 40, 11.41 W
1788702705.203721743,0 %, 2411 MHz, 40, 11.41 W
1788702705.303780127,0 %, 2411 MHz, 40, 11.41 W
1788702705.403882623,0 %, 2411 MHz, 40, 11.41 W
1788702705.503534112,0 %, 2411 MHz, 40, 11.42 W
1788702705.604295630,0 %, 2411 MHz, 40, 11.42 W
1788702705.704593725,0 %, 2411 MHz, 40, 11.42 W
1788702705.804750413,0 %, 2411 MHz, 40, 11.42 W
1788702705.904652829,0 %, 2411 MHz, 40, 11.42 W
1788702706.004832668,0 %, 2411 MHz, 40, 11.41 W
1788702706.104691804,0 %, 2411 MHz, 40, 11.41 W
1788702706.205762362,0 %, 2411 MHz, 40, 11.41 W
1788702706.305381994,0 %, 2411 MHz, 40, 11.41 W
1788702706.405931369,0 %, 2411 MHz, 40, 11.41 W
1788702706.506108936,0 %, 2411 MHz, 40, 11.40 W
1788702706.606282824,0 %, 2411 MHz, 40, 11.40 W
1788702706.706528215,0 %, 2411 MHz, 40, 11.40 W
1788702706.806607862,0 %, 2411 MHz, 40, 11.40 W
1788702706.906796982,0 %, 2411 MHz, 40, 11.43 W
1788702707.006942389,0 %, 2411 MHz, 40, 11.40 W
1788702707.106671877,0 %, 2411 MHz, 40, 11.40 W
1788702707.207547731,0 %, 2411 MHz, 40, 11.40 W
1788702707.307670818,0 %, 2411 MHz, 40, 11.40 W
1788702707.407833250,0 %, 2411 MHz, 40, 11.41 W
1788702707.507907313,0 %, 2411 MHz, 40, 11.41 W
1788702707.608153760,0 %, 2411 MHz, 40, 11.41 W
1788702707.708387967,0 %, 2411 MHz, 40, 11.41 W
1788702707.808581743,0 %, 2411 MHz, 40, 11.41 W
1788702707.908782670,0 %, 2411 MHz, 40, 11.41 W
1788702708.009000749,0 %, 2411 MHz, 40, 11.41 W
1788702708.108855069,0 %, 2411 MHz, 40, 11.41 W
1788702708.209692266,0 %, 2411 MHz, 40, 11.41 W
1788702708.309515354,0 %, 2411 MHz, 40, 11.41 W
1788702708.409840873,0 %, 2411 MHz, 40, 11.41 W
1788702708.509332393,0 %, 2411 MHz, 40, 11.41 W
1788702708.610250615,0 %, 2411 MHz, 40, 11.41 W
1788702708.710209558,0 %, 2411 MHz, 40, 11.41 W
1788702708.810524085,0 %, 2411 MHz, 40, 11.41 W
1788702708.910697204,0 %, 2411 MHz, 40, 11.39 W
1788702709.010829235,0 %, 2411 MHz, 40, 11.39 W
1788702709.110661187,0 %, 2411 MHz, 40, 11.39 W
1788702709.211443793,0 %, 2411 MHz, 40, 11.39 W
1788702709.311622528,0 %, 2411 MHz, 40, 11.39 W
1788702709.411622143,0 %, 2411 MHz, 40, 11.38 W
1788702709.511967518,0 %, 2411 MHz, 40, 11.38 W
1788702709.611914957,0 %, 2411 MHz, 40, 11.38 W
1788702709.712207004,0 %, 2411 MHz, 40, 11.38 W
1788702709.812370411,0 %, 2411 MHz, 40, 11.38 W
1788702709.912570474,0 %, 2411 MHz, 40, 11.39 W
1788702710.012621017,0 %, 2411 MHz, 40, 11.39 W
1788702710.112387849,0 %, 2411 MHz, 40, 11.39 W
1788702710.213043254,0 %, 2411 MHz, 40, 11.39 W
1788702710.313317317,0 %, 2411 MHz, 40, 11.39 W
1788702710.413514419,0 %, 2411 MHz, 40, 11.39 W
1788702710.513585667,0 %, 2411 MHz, 40, 11.39 W
1788702710.613637682,0 %, 2411 MHz, 40, 11.39 W
1788702710.714023840,0 %, 2411 MHz, 40, 11.39 W
1788702710.813995167,0 %, 2411 MHz, 40, 11.39 W
1788702710.914234526,0 %, 2411 MHz, 40, 11.38 W
1788702711.013898478,0 %, 2411 MHz, 40, 11.38 W
1788702711.114181628,0 %, 2411 MHz, 40, 11.38 W
1788702711.214810602,0 %, 2411 MHz, 40, 11.38 W
1788702711.314873401,0 %, 2411 MHz, 40, 11.38 W
1788702711.415140359,0 %, 2411 MHz, 40, 11.39 W
1788702711.515284310,0 %, 2411 MHz, 40, 11.39 W
1788702711.615316613,0 %, 2411 MHz, 40, 11.39 W
1788702711.715191972,0 %, 2411 MHz, 40, 11.39 W
1788702711.815893602,0 %, 2411 MHz, 40, 11.39 W
1788702711.915983073,0 %, 2411 MHz, 40, 11.40 W
1788702712.016322351,0 %, 2411 MHz, 40, 11.40 W
1788702712.115674367,0 %, 2411 MHz, 40, 11.40 W
1788702712.216759196,0 %, 2411 MHz, 40, 11.40 W
1788702712.316909082,0 %, 2411 MHz, 40, 11.40 W
1788702712.417222265,0 %, 2411 MHz, 40, 11.40 W
1788702712.517411559,0 %, 2411 MHz, 40, 11.40 W
1788702712.617379062,0 %, 2411 MHz, 40, 11.40 W
1788702712.717566804,0 %, 2411 MHz, 40, 11.40 W
1788702712.817999122,0 %, 2411 MHz, 40, 11.40 W
1788702712.918155377,0 %, 2411 MHz, 40, 11.40 W
1788702713.018314256,0 %, 2411 MHz, 40, 11.40 W
1788702713.117904639,0 %, 2411 MHz, 40, 11.40 W
1788702713.218769372,0 %, 2411 MHz, 40, 11.40 W
1788702713.318903707,0 %, 2411 MHz, 40, 11.40 W
1788702713.419076441,0 %, 2411 MHz, 40, 11.40 W
1788702713.519240711,0 %, 2411 MHz, 40, 11.40 W
1788702713.619430966,0 %, 2411 MHz, 40, 11.40 W
1788702713.719644068,0 %, 2411 MHz, 40, 11.40 W
1788702713.819826034,0 %, 2411 MHz, 40, 11.40 W
1788702713.920004993,0 %, 2411 MHz, 40, 11.41 W
1788702714.020321679,0 %, 2411 MHz, 40, 11.41 W
1788702714.119427039,0 %, 2411 MHz, 40, 11.41 W
1788702714.220511980,0 %, 2411 MHz, 40, 11.41 W
1788702714.320622298,0 %, 2411 MHz, 40, 11.41 W
1788702714.420825448,0 %, 2411 MHz, 40, 11.41 W
1788702714.520970326,0 %, 2411 MHz, 40, 11.41 W
1788702714.621141925,0 %, 2411 MHz, 40, 11.41 W
1788702714.721332403,0 %, 2411 MHz, 40, 11.41 W
1788702714.821519361,0 %, 2411 MHz, 40, 11.41 W
1788702714.921410112,0 %, 2411 MHz, 40, 11.41 W
1788702715.021955245,0 %, 2411 MHz, 40, 11.41 W
1788702715.122018860,0 %, 2411 MHz, 40, 11.41 W
1788702715.222418009,0 %, 2411 MHz, 40, 11.41 W
1788702715.322780695,0 %, 2411 MHz, 40, 11.41 W
1788702715.422997813,0 %, 2411 MHz, 40, 11.41 W
1788702715.523134755,0 %, 2411 MHz, 40, 11.41 W
1788702715.622811906,0 %, 2411 MHz, 40, 11.41 W
1788702715.723538735,0 %, 2411 MHz, 40, 11.41 W
1788702715.823702605,0 %, 2411 MHz, 40, 11.41 W
1788702715.924438426,0 %, 2411 MHz, 40, 11.40 W
1788702716.024697944,0 %, 2411 MHz, 40, 11.40 W
1788702716.123916344,0 %, 2411 MHz, 40, 11.40 W
1788702716.225094772,0 %, 2411 MHz, 40, 11.40 W
1788702716.324935683,0 %, 2411 MHz, 40, 11.40 W
1788702716.425086129,0 %, 2411 MHz, 40, 11.42 W
1788702716.525603486,0 %, 2411 MHz, 40, 11.42 W
1788702716.625923404,0 %, 2411 MHz, 40, 11.42 W
1788702716.726128329,0 %, 2411 MHz, 40, 11.42 W
1788702716.826309607,0 %, 2411 MHz, 40, 11.42 W
1788702716.926681157,0 %, 2411 MHz, 40, 11.42 W
1788702717.026690531,0 %, 2411 MHz, 40, 11.42 W
1788702717.126370866,0 %, 2411 MHz, 40, 11.42 W
1788702717.227106431,0 %, 2411 MHz, 40, 11.42 W
1788702717.327373676,0 %, 2411 MHz, 40, 11.42 W
1788702717.427217243,0 %, 2411 MHz, 40, 11.42 W
1788702717.527699112,0 %, 2411 MHz, 40, 11.42 W
1788702717.627466743,0 %, 2411 MHz, 40, 11.42 W
1788702717.727993428,0 %, 2411 MHz, 40, 11.42 W
1788702717.828190017,0 %, 2411 MHz, 40, 11.42 W
1788702717.928572495,0 %, 2411 MHz, 40, 11.42 W
1788702718.028626253,0 %, 2411 MHz, 40, 11.42 W
1788702718.128016300,0 %, 2411 MHz, 40, 11.42 W
1788702718.228999768,0 %, 2411 MHz, 40, 11.42 W
1788702718.329162054,0 %, 2411 MHz, 40, 11.42 W
1788702718.429320692,0 %, 2411 MHz, 40, 11.43 W
1788702718.529773089,0 %, 2411 MHz, 40, 11.43 W
1788702718.629921150,0 %, 2411 MHz, 40, 11.43 W
1788702718.730111036,0 %, 2411 MHz, 40, 11.43 W
1788702718.830526825,0 %, 2411 MHz, 40, 11.43 W
1788702718.930318568,0 %, 2411 MHz, 40, 11.41 W
1788702719.030758469,0 %, 2411 MHz, 40, 11.41 W
1788702719.130582771,0 %, 2411 MHz, 40, 11.41 W
1788702719.231560367,0 %, 2411 MHz, 40, 11.41 W
1788702719.331824508,0 %, 2411 MHz, 40, 11.41 W
1788702719.431896890,0 %, 2411 MHz, 40, 11.41 W
1788702719.531251545,0 %, 2411 MHz, 40, 11.41 W
1788702719.631777446,0 %, 2411 MHz, 40, 11.41 W
1788702719.732424355,0 %, 2411 MHz, 40, 11.41 W
1788702719.832149169,0 %, 2411 MHz, 40, 11.41 W
1788702719.932394143,0 %, 2411 MHz, 40, 11.41 W
1788702720.032119021,0 %, 2411 MHz, 40, 11.41 W
1788702720.132105019,0 %, 2411 MHz, 40, 11.41 W
1788702720.232617912,0 %, 2411 MHz, 40, 11.41 W
1788702720.333356244,0 %, 2411 MHz, 40, 11.41 W
1788702720.433287986,0 %, 2411 MHz, 40, 11.42 W
1788702720.533450047,0 %, 2411 MHz, 40, 11.42 W
1788702720.633618828,0 %, 2411 MHz, 40, 11.42 W
1788702720.733852170,0 %, 2411 MHz, 40, 11.42 W
1788702720.834233735,0 %, 2411 MHz, 40, 11.42 W
1788702720.934358260,0 %, 2411 MHz, 40, 11.42 W
1788702721.034355186,0 %, 2411 MHz, 40, 11.42 W
1788702721.134035696,0 %, 2411 MHz, 40, 11.42 W
1788702721.234403357,0 %, 2411 MHz, 40, 11.42 W
1788702721.334946410,0 %, 2411 MHz, 40, 11.42 W
1788702721.435375174,0 %, 2411 MHz, 40, 11.41 W
1788702721.535277492,0 %, 2411 MHz, 40, 11.41 W
1788702721.635469729,0 %, 2411 MHz, 40, 11.41 W
1788702721.735656927,0 %, 2411 MHz, 40, 11.41 W
1788702721.836098043,0 %, 2411 MHz, 40, 11.41 W
1788702721.936186841,0 %, 2411 MHz, 40, 11.41 W
1788702722.037014789,0 %, 2411 MHz, 40, 11.41 W
1788702722.136610291,0 %, 2411 MHz, 40, 11.41 W
1788702722.237264607,0 %, 2411 MHz, 40, 11.41 W
1788702722.337584892,0 %, 2411 MHz, 40, 11.41 W
1788702722.437740409,0 %, 2411 MHz, 40, 11.41 W
1788702722.537902646,0 %, 2411 MHz, 40, 11.41 W
1788702722.637872612,0 %, 2411 MHz, 40, 11.41 W
1788702722.738296528,0 %, 2411 MHz, 40, 11.41 W
1788702722.837895247,0 %, 2411 MHz, 40, 11.41 W
1788702722.938748490,0 %, 2411 MHz, 40, 11.41 W
1788702723.038413896,0 %, 2411 MHz, 40, 11.41 W
1788702723.138266422,0 %, 2411 MHz, 40, 11.41 W
1788702723.238856354,0 %, 2411 MHz, 40, 11.41 W
1788702723.339536750,0 %, 2411 MHz, 40, 11.41 W
1788702723.439688267,0 %, 2411 MHz, 40, 11.42 W
1788702723.539819672,0 %, 2411 MHz, 40, 11.42 W
1788702723.640059765,0 %, 2411 MHz, 40, 11.42 W
1788702723.740224530,0 %, 2411 MHz, 40, 11.42 W
1788702723.840412815,0 %, 2411 MHz, 40, 11.42 W
1788702723.940786075,0 %, 2411 MHz, 40, 11.41 W
1788702724.040913209,0 %, 2411 MHz, 40, 11.41 W
1788702724.140397559,0 %, 2411 MHz, 40, 11.41 W
1788702724.241161859,0 %, 2411 MHz, 40, 11.41 W
1788702724.341354719,0 %, 2411 MHz, 40, 11.41 W
1788702724.441517820,0 %, 2411 MHz, 40, 11.42 W
1788702724.541358426,0 %, 2411 MHz, 40, 11.42 W
1788702724.641605670,0 %, 2411 MHz, 40, 11.42 W
1788702724.742191938,0 %, 2411 MHz, 40, 11.42 W
1788702724.842409903,0 %, 2411 MHz, 40, 11.42 W
1788702724.942608124,0 %, 2411 MHz, 40, 11.42 W
1788702725.042452761,0 %, 2411 MHz, 40, 11.42 W
1788702725.142515638,0 %, 2411 MHz, 40, 11.42 W
1788702725.243182754,0 %, 2411 MHz, 40, 11.42 W
1788702725.343322223,0 %, 2411 MHz, 40, 11.42 W
1788702725.443540699,0 %, 2411 MHz, 40, 11.42 W
1788702725.543865528,0 %, 2411 MHz, 40, 11.42 W
1788702725.643262230,0 %, 2411 MHz, 40, 11.42 W
1788702725.743996194,0 %, 2411 MHz, 40, 11.42 W
1788702725.844407550,0 %, 2411 MHz, 40, 11.42 W
1788702725.944358235,0 %, 2411 MHz, 40, 11.43 W
1788702726.044635016,0 %, 2411 MHz, 40, 11.43 W
1788702726.144357909,0 %, 2411 MHz, 40, 11.43 W
1788702726.245209344,0 %, 2411 MHz, 40, 11.43 W
1788702726.345196573,0 %, 2411 MHz, 40, 11.43 W
1788702726.445361082,0 %, 2411 MHz, 40, 11.42 W
1788702726.545458775,0 %, 2411 MHz, 40, 11.42 W
1788702726.645723747,0 %, 2411 MHz, 40, 11.42 W
1788702726.745904336,0 %, 2411 MHz, 40, 11.42 W
1788702726.846074044,0 %, 2411 MHz, 40, 11.42 W
1788702726.946375512,0 %, 2411 MHz, 40, 11.40 W
1788702727.046632917,0 %, 2411 MHz, 40, 11.40 W
1788702727.146083411,0 %, 2411 MHz, 40, 11.40 W
1788702727.245745904,0 %, 2411 MHz, 40, 11.40 W
1788702727.346240028,0 %, 2411 MHz, 40, 11.40 W
1788702727.447118775,0 %, 2411 MHz, 40, 11.44 W
1788702727.547024964,0 %, 2411 MHz, 40, 11.44 W
1788702727.646485618,0 %, 2411 MHz, 40, 11.44 W
1788702727.747418525,0 %, 2411 MHz, 40, 11.44 W
1788702727.847990296,0 %, 2411 MHz, 40, 11.44 W
1788702727.948128917,0 %, 2411 MHz, 40, 11.45 W
1788702728.049336287,0 %, 2411 MHz, 40, 11.45 W
1788702728.148421822,0 %, 2411 MHz, 40, 11.45 W
1788702728.249137977,0 %, 2411 MHz, 40, 11.45 W
1788702728.349610180,0 %, 2411 MHz, 40, 11.45 W
1788702728.449767985,0 %, 2411 MHz, 40, 11.43 W
1788702728.549579390,0 %, 2411 MHz, 40, 11.43 W
1788702728.650261257,0 %, 2411 MHz, 40, 11.43 W
1788702728.750460197,0 %, 2411 MHz, 40, 11.43 W
1788702728.849939443,0 %, 2411 MHz, 40, 11.43 W
1788702728.950693134,0 %, 2411 MHz, 40, 11.43 W
1788702729.051224874,0 %, 2411 MHz, 40, 11.43 W
1788702729.150773975,0 %, 2411 MHz, 40, 11.43 W
1788702729.251538498,0 %, 2411 MHz, 40, 11.43 W
1788702729.351740334,0 %, 2411 MHz, 40, 11.43 W
1788702729.451912570,0 %, 2411 MHz, 40, 11.44 W
1788702729.552065366,0 %, 2411 MHz, 40, 11.44 W
1788702729.652104611,0 %, 2411 MHz, 40, 11.44 W
1788702729.752297999,0 %, 2411 MHz, 40, 11.44 W
1788702729.852146300,0 %, 2411 MHz, 40, 11.44 W
1788702729.952725943,0 %, 2411 MHz, 40, 11.42 W
1788702730.052981827,0 %, 2411 MHz, 40, 11.42 W
1788702730.152277361,0 %, 2411 MHz, 40, 11.42 W
1788702730.252937308,0 %, 2411 MHz, 40, 11.42 W
1788702730.353393399,0 %, 2411 MHz, 40, 11.42 W
1788702730.453573571,0 %, 2411 MHz, 40, 11.41 W
1788702730.553781407,0 %, 2411 MHz, 40, 11.41 W
1788702730.653905676,0 %, 2411 MHz, 40, 11.41 W
1788702730.753759880,0 %, 2411 MHz, 40, 11.41 W
1788702730.854289380,0 %, 2411 MHz, 40, 11.41 W
1788702730.954388336,0 %, 2411 MHz, 40, 11.41 W
1788702731.054046141,0 %, 2411 MHz, 40, 11.41 W
1788702731.154088073,0 %, 2411 MHz, 40, 11.41 W
1788702731.255097635,0 %, 2411 MHz, 40, 11.41 W
1788702731.354909664,0 %, 2411 MHz, 40, 11.41 W
1788702731.455553371,0 %, 2411 MHz, 40, 11.40 W
1788702731.555766375,0 %, 2411 MHz, 40, 11.40 W
1788702731.654598533,0 %, 2411 MHz, 40, 11.40 W
1788702731.755335744,0 %, 2411 MHz, 40, 11.40 W
1788702731.855744347,0 %, 2411 MHz, 40, 11.40 W
1788702731.955420552,0 %, 2411 MHz, 40, 11.43 W
1788702732.055745252,0 %, 2411 MHz, 40, 11.43 W
1788702732.155599664,0 %, 2411 MHz, 40, 11.43 W
1788702732.256327739,0 %, 2411 MHz, 40, 11.43 W
1788702732.356679334,0 %, 2411 MHz, 40, 11.43 W
1788702732.456827186,0 %, 2411 MHz, 40, 11.43 W
1788702732.557487085,0 %, 2411 MHz, 40, 11.43 W
1788702732.657673065,0 %, 2411 MHz, 40, 11.43 W
1788702732.757914052,0 %, 2411 MHz, 40, 11.43 W
1788702732.858178624,0 %, 2411 MHz, 40, 11.43 W
1788702732.958272140,0 %, 2411 MHz, 40, 11.40 W
1788702733.057672521,0 %, 2411 MHz, 40, 11.40 W
1788702733.157981044,0 %, 2411 MHz, 40, 11.40 W
1788702733.259002334,0 %, 2411 MHz, 40, 11.40 W
1788702733.359029194,0 %, 2411 MHz, 40, 11.40 W
1788702733.459216822,0 %, 2411 MHz, 40, 11.41 W
1788702733.559389377,0 %, 2411 MHz, 40, 11.41 W
1788702733.659799724,0 %, 2411 MHz, 40, 11.41 W
1788702733.759976808,0 %, 2411 MHz, 40, 11.41 W
1788702733.860084132,0 %, 2411 MHz, 40, 11.41 W
1788702733.961031854,0 %, 2411 MHz, 40, 11.42 W
1788702734.060405995,0 %, 2411 MHz, 40, 11.42 W
1788702734.160232359,0 %, 2411 MHz, 40, 11.42 W
1788702734.261013265,0 %, 2411 MHz, 40, 11.42 W
1788702734.361754300,0 %, 2411 MHz, 40, 11.42 W
1788702734.461999687,0 %, 2411 MHz, 40, 11.44 W
1788702734.561431476,0 %, 2411 MHz, 40, 11.44 W
1788702734.661731407,0 %, 2411 MHz, 40, 11.44 W
1788702734.761783019,0 %, 2411 MHz, 40, 11.44 W
1788702734.862768037,0 %, 2411 MHz, 40, 11.44 W
1788702734.962936336,0 %, 2411 MHz, 40, 11.44 W
1788702735.063120604,0 %, 2411 MHz, 40, 11.44 W
1788702735.162328329,0 %, 2411 MHz, 40, 11.44 W
1788702735.262928356,0 %, 2411 MHz, 40, 11.44 W
1788702735.363147839,0 %, 2411 MHz, 40, 11.44 W
1788702735.463470474,0 %, 2411 MHz, 40, 11.42 W
1788702735.563467318,0 %, 2411 MHz, 40, 11.42 W
1788702735.662924899,0 %, 2411 MHz, 40, 11.42 W
1788702735.763783916,0 %, 2411 MHz, 40, 11.42 W
1788702735.863969320,0 %, 2411 MHz, 40, 11.42 W
1788702735.963890548,0 %, 2411 MHz, 40, 11.41 W
1788702736.064349710,0 %, 2411 MHz, 40, 11.41 W
1788702736.164121770,0 %, 2411 MHz, 40, 11.41 W
1788702736.264776357,0 %, 2411 MHz, 40, 11.41 W
1788702736.365018800,0 %, 2411 MHz, 40, 11.41 W
1788702736.465159355,0 %, 2411 MHz, 40, 11.42 W
1788702736.565337462,0 %, 2411 MHz, 40, 11.42 W
1788702736.665526721,0 %, 2411 MHz, 40, 11.42 W
1788702736.765720285,0 %, 2411 MHz, 40, 11.42 W
1788702736.865901704,0 %, 2411 MHz, 40, 11.42 W
1788702736.966160243,0 %, 2411 MHz, 40, 11.43 W
1788702737.066207118,0 %, 2411 MHz, 40, 11.43 W
1788702737.165902138,0 %, 2411 MHz, 40, 11.43 W
1788702737.266609540,0 %, 2411 MHz, 40, 11.43 W
1788702737.366760479,0 %, 2411 MHz, 40, 11.43 W
1788702737.466921914,0 %, 2411 MHz, 40, 11.43 W
1788702737.567110166,0 %, 2411 MHz, 40, 11.43 W
1788702737.667267233,0 %, 2411 MHz, 40, 11.43 W
1788702737.767436780,0 %, 2411 MHz, 40, 11.43 W
1788702737.867681575,0 %, 2411 MHz, 40, 11.43 W
1788702737.967936946,0 %, 2411 MHz, 40, 11.42 W
1788702738.068103149,0 %, 2411 MHz, 40, 11.42 W
1788702738.168024808,0 %, 2411 MHz, 40, 11.42 W
1788702738.268376755,0 %, 2411 MHz, 40, 11.42 W
1788702738.368752957,0 %, 2411 MHz, 40, 11.42 W
1788702738.468515321,0 %, 2411 MHz, 40, 11.43 W
1788702738.568737204,0 %, 2411 MHz, 40, 11.43 W
1788702738.669717005,0 %, 2411 MHz, 40, 11.43 W
1788702738.770125639,0 %, 2411 MHz, 40, 11.43 W
1788702738.869704612,0 %, 2411 MHz, 40, 11.43 W
1788702738.970761357,0 %, 2411 MHz, 40, 11.45 W
1788702739.070627672,0 %, 2411 MHz, 40, 11.45 W
1788702739.170250420,0 %, 2411 MHz, 40, 11.45 W
1788702739.271150477,0 %, 2411 MHz, 40, 11.45 W
1788702739.371195913,0 %, 2411 MHz, 40, 11.45 W
1788702739.471501683,0 %, 2411 MHz, 40, 11.45 W
1788702739.571615886,0 %, 2411 MHz, 40, 11.45 W
1788702739.671998808,0 %, 2411 MHz, 40, 11.45 W
1788702739.772169827,0 %, 2411 MHz, 40, 11.45 W
1788702739.872447854,0 %, 2411 MHz, 40, 11.45 W
1788702739.973389671,0 %, 2411 MHz, 40, 11.42 W
1788702740.073444418,0 %, 2411 MHz, 40, 11.42 W
1788702740.172869854,0 %, 2411 MHz, 40, 11.42 W
1788702740.273252377,0 %, 2411 MHz, 40, 11.42 W
1788702740.373926690,0 %, 2411 MHz, 40, 11.42 W
1788702740.473518574,0 %, 2411 MHz, 40, 11.43 W
1788702740.574349559,0 %, 2411 MHz, 40, 11.43 W
1788702740.674537970,0 %, 2411 MHz, 40, 11.43 W
1788702740.774697789,0 %, 2411 MHz, 40, 11.43 W
1788702740.874884711,0 %, 2411 MHz, 40, 11.43 W
1788702740.975106338,0 %, 2411 MHz, 40, 11.42 W
1788702741.075304748,0 %, 2411 MHz, 40, 11.42 W
1788702741.174519081,0 %, 2411 MHz, 40, 11.42 W
1788702741.275155779,0 %, 2411 MHz, 40, 11.42 W
1788702741.375327197,0 %, 2411 MHz, 40, 11.42 W
1788702741.475507112,0 %, 2411 MHz, 40, 11.40 W
1788702741.576114849,0 %, 2411 MHz, 40, 11.40 W
1788702741.675919053,0 %, 2411 MHz, 40, 11.40 W
1788702741.776117143,0 %, 2411 MHz, 40, 11.40 W
1788702741.876289650,0 %, 2411 MHz, 40, 11.40 W
1788702741.977052619,0 %, 2411 MHz, 40, 11.41 W
1788702742.077213765,0 %, 2411 MHz, 40, 11.41 W
1788702742.176318770,0 %, 2411 MHz, 40, 11.41 W
1788702742.277449355,0 %, 2411 MHz, 40, 11.41 W
1788702742.377773845,0 %, 2411 MHz, 40, 11.41 W
1788702742.477948399,0 %, 2411 MHz, 40, 11.40 W
1788702742.578150713,0 %, 2411 MHz, 40, 11.40 W
1788702742.678296996,0 %, 2411 MHz, 40, 11.40 W
1788702742.778498686,0 %, 2411 MHz, 40, 11.40 W
1788702742.878688569,0 %, 2411 MHz, 40, 11.40 W
1788702742.978904419,0 %, 2411 MHz, 40, 11.39 W
1788702743.079061885,0 %, 2411 MHz, 40, 11.39 W
1788702743.178270890,0 %, 2411 MHz, 40, 11.39 W
1788702743.279327026,0 %, 2411 MHz, 40, 11.39 W
1788702743.379600444,0 %, 2411 MHz, 40, 11.39 W
1788702743.479656951,0 %, 2411 MHz, 40, 11.40 W
1788702743.580036961,0 %, 2411 MHz, 40, 11.40 W
1788702743.679581100,0 %, 2411 MHz, 40, 11.40 W
1788702743.780187574,0 %, 2411 MHz, 40, 11.40 W
1788702743.880524992,0 %, 2411 MHz, 40, 11.40 W
1788702743.980705418,0 %, 2411 MHz, 40, 11.39 W
1788702744.080760932,0 %, 2411 MHz, 40, 11.39 W
1788702744.180373360,0 %, 2411 MHz, 40, 11.39 W
1788702744.281257464,0 %, 2411 MHz, 40, 11.39 W
1788702744.381567666,0 %, 2411 MHz, 40, 11.39 W
1788702744.481718380,0 %, 2411 MHz, 40, 11.38 W
1788702744.581888374,0 %, 2411 MHz, 40, 11.38 W
1788702744.682050193,0 %, 2411 MHz, 40, 11.38 W
1788702744.781719964,0 %, 2411 MHz, 40, 11.38 W
1788702744.881925110,0 %, 2411 MHz, 40, 11.38 W
1788702744.981988944,0 %, 2411 MHz, 40, 11.38 W
1788702745.082102571,0 %, 2411 MHz, 40, 11.38 W
1788702745.181676022,0 %, 2411 MHz, 40, 11.38 W
1788702745.282400335,0 %, 2411 MHz, 40, 11.38 W
1788702745.382817048,0 %, 2411 MHz, 40, 11.38 W
1788702745.482880643,0 %, 2411 MHz, 40, 11.38 W
1788702745.583022525,0 %, 2411 MHz, 40, 11.38 W
1788702745.682508360,0 %, 2411 MHz, 40, 11.38 W
1788702745.783284545,0 %, 2411 MHz, 40, 11.38 W
1788702745.883599915,0 %, 2411 MHz, 40, 11.38 W
1788702745.983749365,0 %, 2411 MHz, 40, 11.37 W
1788702746.083930031,0 %, 2411 MHz, 40, 11.37 W
1788702746.183598218,0 %, 2411 MHz, 40, 11.37 W
1788702746.284289506,0 %, 2411 MHz, 40, 11.37 W
1788702746.384661868,0 %, 2411 MHz, 40, 11.37 W
1788702746.484694966,0 %, 2411 MHz, 40, 11.37 W
1788702746.584869344,0 %, 2411 MHz, 40, 11.37 W
1788702746.685040154,0 %, 2411 MHz, 40, 11.37 W
1788702746.785097204,0 %, 2411 MHz, 40, 11.37 W
1788702746.885545853,0 %, 2411 MHz, 40, 11.37 W
1788702746.985725799,0 %, 2411 MHz, 40, 11.37 W
1788702747.085717729,0 %, 2411 MHz, 40, 11.37 W
1788702747.185361260,0 %, 2411 MHz, 40, 11.37 W
1788702747.286016677,0 %, 2411 MHz, 40, 11.37 W
1788702747.386503710,0 %, 2411 MHz, 40, 11.37 W
1788702747.486292793,0 %, 2411 MHz, 40, 11.36 W
1788702747.586786674,0 %, 2411 MHz, 40, 11.36 W
1788702747.686937787,0 %, 2411 MHz, 40, 11.36 W
1788702747.787169957,0 %, 2411 MHz, 40, 11.36 W
1788702747.887694238,0 %, 2411 MHz, 40, 11.36 W
1788702747.988546726,0 %, 2411 MHz, 40, 11.35 W
1788702748.087774738,0 %, 2411 MHz, 40, 11.35 W
1788702748.187836716,0 %, 2411 MHz, 40, 11.35 W
1788702748.288812676,0 %, 2411 MHz, 40, 11.35 W
1788702748.389102973,0 %, 2411 MHz, 40, 11.35 W
1788702748.489259671,0 %, 2411 MHz, 40, 11.36 W
1788702748.588782482,0 %, 2411 MHz, 40, 11.36 W
1788702748.689590186,0 %, 2411 MHz, 40, 11.36 W
1788702748.789740292,0 %, 2411 MHz, 40, 11.36 W
1788702748.889986429,0 %, 2411 MHz, 40, 11.36 W
1788702748.989463288,0 %, 2411 MHz, 40, 11.36 W
1788702749.089398914,0 %, 2411 MHz, 40, 11.36 W
1788702749.189607964,0 %, 2411 MHz, 40, 11.36 W
1788702749.290588436,0 %, 2411 MHz, 40, 11.36 W
1788702749.390783037,0 %, 2411 MHz, 40, 11.36 W
1788702749.489976953,0 %, 2411 MHz, 40, 11.36 W
1788702749.591182256,0 %, 2411 MHz, 40, 11.36 W
1788702749.690865882,0 %, 2411 MHz, 40, 11.36 W
1788702749.791060676,0 %, 2411 MHz, 40, 11.36 W
1788702749.891198814,0 %, 2411 MHz, 40, 11.36 W
1788702749.991276551,0 %, 2411 MHz, 40, 11.36 W
1788702750.091674624,0 %, 2411 MHz, 40, 11.36 W
1788702750.191722410,0 %, 2411 MHz, 40, 11.36 W
1788702750.292842641,0 %, 2411 MHz, 40, 11.36 W
1788702750.392975034,0 %, 2411 MHz, 40, 11.36 W
1788702750.493115604,0 %, 2411 MHz, 40, 11.42 W
1788702750.593766476,0 %, 2411 MHz, 40, 11.42 W
1788702750.694406676,0 %, 2411 MHz, 40, 11.42 W
1788702750.794633998,0 %, 2411 MHz, 40, 11.42 W
1788702750.894626744,0 %, 2411 MHz, 40, 11.42 W
1788702750.994892609,0 %, 2411 MHz, 40, 11.43 W
1788702751.094938122,0 %, 2411 MHz, 40, 11.43 W
1788702751.194440677,0 %, 2411 MHz, 40, 11.43 W
1788702751.294973229,0 %, 2411 MHz, 40, 11.43 W
1788702751.395434022,0 %, 2411 MHz, 40, 11.43 W
1788702751.495754767,0 %, 2411 MHz, 40, 11.39 W
1788702751.595815496,0 %, 2411 MHz, 40, 11.39 W
1788702751.695493347,0 %, 2411 MHz, 40, 11.39 W
1788702751.796287771,0 %, 2411 MHz, 40, 11.39 W
1788702751.896675299,0 %, 2411 MHz, 40, 11.39 W
1788702751.995860463,0 %, 2411 MHz, 40, 11.38 W
1788702752.096646134,0 %, 2411 MHz, 40, 11.38 W
1788702752.195972482,0 %, 2411 MHz, 40, 11.38 W
1788702752.296718633,0 %, 2411 MHz, 40, 11.38 W
1788702752.397119010,0 %, 2411 MHz, 40, 11.38 W
1788702752.497621978,0 %, 2411 MHz, 40, 11.40 W
1788702752.597312133,0 %, 2411 MHz, 40, 11.40 W
1788702752.698074364,0 %, 2411 MHz, 40, 11.40 W
1788702752.798272805,0 %, 2411 MHz, 40, 11.40 W
1788702752.898549854,0 %, 2411 MHz, 40, 11.40 W
1788702752.998794183,0 %, 2411 MHz, 40, 11.41 W
1788702753.098672097,0 %, 2411 MHz, 40, 11.41 W
1788702753.198135995,0 %, 2411 MHz, 40, 11.41 W
1788702753.298698660,0 %, 2411 MHz, 40, 11.41 W
1788702753.398796109,0 %, 2411 MHz, 40, 11.41 W
1788702753.499542548,0 %, 2411 MHz, 40, 11.40 W
1788702753.599692701,0 %, 2411 MHz, 40, 11.40 W
1788702753.699783399,0 %, 2411 MHz, 40, 11.40 W
1788702753.800175215,0 %, 2411 MHz, 40, 11.40 W
1788702753.900405240,0 %, 2411 MHz, 40, 11.40 W
1788702754.000668625,0 %, 2411 MHz, 40, 11.41 W
1788702754.101005721,0 %, 2411 MHz, 40, 11.41 W
1788702754.200311940,0 %, 2411 MHz, 40, 11.41 W
1788702754.301405483,0 %, 2411 MHz, 40, 11.41 W
1788702754.401466260,0 %, 2411 MHz, 40, 11.41 W
1788702754.501821612,0 %, 2411 MHz, 40, 11.41 W
1788702754.601542598,0 %, 2411 MHz, 40, 11.41 W
1788702754.702154462,0 %, 2411 MHz, 40, 11.41 W
1788702754.802371847,0 %, 2411 MHz, 40, 11.41 W
1788702754.902754015,0 %, 2411 MHz, 40, 11.41 W
1788702755.003280247,0 %, 2411 MHz, 40, 11.40 W
1788702755.103464928,0 %, 2411 MHz, 40, 11.40 W
1788702755.202741115,0 %, 2411 MHz, 40, 11.40 W
1788702755.303973185,0 %, 2411 MHz, 40, 11.40 W
1788702755.403551147,0 %, 2411 MHz, 40, 11.40 W
1788702755.504202627,0 %, 2411 MHz, 40, 11.39 W
1788702755.603999884,0 %, 2411 MHz, 40, 11.39 W
1788702755.704393060,0 %, 2411 MHz, 40, 11.39 W
1788702755.804323902,0 %, 2411 MHz, 40, 11.39 W
1788702755.905073685,0 %, 2411 MHz, 40, 11.39 W
1788702756.004875343,0 %, 2411 MHz, 40, 11.41 W
1788702756.105338231,0 %, 2411 MHz, 40, 11.41 W
1788702756.204672529,0 %, 2411 MHz, 40, 11.41 W
1788702756.305849783,0 %, 2411 MHz, 40, 11.41 W
1788702756.405895024,0 %, 2411 MHz, 40, 11.41 W
1788702756.506245464,0 %, 2411 MHz, 40, 11.42 W
1788702756.606262673,0 %, 2411 MHz, 40, 11.42 W
1788702756.706614665,0 %, 2411 MHz, 40, 11.42 W
1788702756.806939698,0 %, 2411 MHz, 40, 11.42 W
1788702756.907257322,0 %, 2411 MHz, 40, 11.42 W
1788702757.007091443,0 %, 2411 MHz, 40, 11.42 W
1788702757.106868397,0 %, 2411 MHz, 40, 11.42 W
1788702757.207017269,0 %, 2411 MHz, 40, 11.42 W
1788702757.307802412,0 %, 2411 MHz, 40, 11.42 W
1788702757.408052549,0 %, 2411 MHz, 40, 11.42 W
1788702757.508152813,0 %, 2411 MHz, 40, 11.40 W
1788702757.608005334,0 %, 2411 MHz, 40, 11.40 W
1788702757.707875104,0 %, 2411 MHz, 40, 11.40 W
1788702757.808679559,0 %, 2411 MHz, 40, 11.40 W
1788702757.908697711,0 %, 2411 MHz, 40, 11.40 W
1788702758.008419609,0 %, 2411 MHz, 40, 11.41 W
1788702758.108738097,0 %, 2411 MHz, 40, 11.41 W
1788702758.208424586,0 %, 2411 MHz, 40, 11.41 W
1788702758.309801216,0 %, 2411 MHz, 40, 11.41 W
1788702758.409957800,0 %, 2411 MHz, 40, 11.41 W
1788702758.510150193,0 %, 2411 MHz, 40, 11.42 W
1788702758.610355945,0 %, 2411 MHz, 40, 11.42 W
1788702758.710744705,0 %, 2411 MHz, 40, 11.42 W
1788702758.810904329,0 %, 2411 MHz, 40, 11.42 W
1788702758.911049521,0 %, 2411 MHz, 40, 11.42 W
1788702759.011205274,0 %, 2411 MHz, 40, 11.41 W
1788702759.111584449,0 %, 2411 MHz, 40, 11.41 W
1788702759.210735404,0 %, 2411 MHz, 40, 11.41 W
1788702759.311691122,0 %, 2411 MHz, 40, 11.41 W
1788702759.411929003,0 %, 2411 MHz, 40, 11.41 W
1788702759.512091923,0 %, 2411 MHz, 40, 11.41 W
1788702759.612286443,0 %, 2411 MHz, 40, 11.41 W
1788702759.712489363,0 %, 2411 MHz, 40, 11.41 W
1788702759.812684059,0 %, 2411 MHz, 40, 11.41 W
1788702759.912858915,0 %, 2411 MHz, 40, 11.40 W
1788702760.013141947,0 %, 2411 MHz, 40, 11.40 W
1788702760.112575909,0 %, 2411 MHz, 40, 11.40 W
1788702760.213132044,0 %, 2411 MHz, 40, 11.40 W
1788702760.313760163,0 %, 2411 MHz, 40, 11.40 W
1788702760.414031099,0 %, 2411 MHz, 40, 11.40 W
1788702760.514046644,0 %, 2411 MHz, 40, 11.40 W
1788702760.614431115,0 %, 2411 MHz, 40, 11.40 W
1788702760.714399188,0 %, 2411 MHz, 40, 11.40 W
1788702760.814600892,0 %, 2411 MHz, 40, 11.40 W
1788702760.915266675,0 %, 2411 MHz, 40, 11.41 W
1788702761.014987324,0 %, 2411 MHz, 40, 11.41 W
1788702761.114682117,0 %, 2411 MHz, 40, 11.41 W
1788702761.215353820,0 %, 2411 MHz, 40, 11.41 W
1788702761.315689891,0 %, 2411 MHz, 40, 11.41 W
1788702761.415887147,0 %, 2411 MHz, 40, 11.41 W
1788702761.515883732,0 %, 2411 MHz, 40, 11.41 W
1788702761.616036124,0 %, 2411 MHz, 40, 11.41 W
1788702761.716226131,0 %, 2411 MHz, 40, 11.41 W
1788702761.816516187,0 %, 2411 MHz, 40, 11.41 W
1788702761.916674931,0 %, 2411 MHz, 40, 11.42 W
1788702762.016897803,0 %, 2411 MHz, 40, 11.42 W
1788702762.116454116,0 %, 2411 MHz, 40, 11.42 W
1788702762.217397546,0 %, 2411 MHz, 40, 11.42 W
1788702762.317200467,0 %, 2411 MHz, 40, 11.42 W
1788702762.417582106,0 %, 2411 MHz, 40, 11.43 W
1788702762.517749378,0 %, 2411 MHz, 40, 11.43 W
1788702762.617915450,0 %, 2411 MHz, 40, 11.43 W
1788702762.718024658,0 %, 2411 MHz, 40, 11.43 W
1788702762.818440601,0 %, 2411 MHz, 40, 11.43 W
1788702762.918455857,0 %, 2411 MHz, 40, 11.44 W
1788702763.018691769,0 %, 2411 MHz, 40, 11.44 W
1788702763.118764273,0 %, 2411 MHz, 40, 11.44 W
1788702763.218851161,0 %, 2411 MHz, 40, 11.44 W
1788702763.318891105,0 %, 2411 MHz, 40, 11.44 W
1788702763.419196808,0 %, 2411 MHz, 40, 11.44 W
1788702763.519597663,0 %, 2411 MHz, 40, 11.44 W
1788702763.620219542,0 %, 2411 MHz, 40, 11.44 W
1788702763.720445390,0 %, 2411 MHz, 40, 11.44 W
1788702763.821217668,0 %, 2411 MHz, 40, 11.44 W
1788702763.921468523,0 %, 2411 MHz, 40, 11.45 W
1788702764.021734131,0 %, 2411 MHz, 40, 11.45 W
1788702764.122579593,0 %, 2411 MHz, 40, 11.45 W
1788702764.222189138,0 %, 2411 MHz, 40, 11.45 W
1788702764.322726248,0 %, 2411 MHz, 40, 11.45 W
1788702764.423352703,0 %, 2411 MHz, 40, 11.44 W
1788702764.523815174,0 %, 2411 MHz, 40, 11.44 W
1788702764.624743068,0 %, 2411 MHz, 40, 11.44 W
1788702764.725124611,0 %, 2411 MHz, 40, 11.44 W
1788702764.825377450,0 %, 2411 MHz, 40, 11.44 W
1788702764.925688785,0 %, 2411 MHz, 40, 11.41 W
1788702765.026460663,0 %, 2411 MHz, 40, 11.41 W
1788702765.126817039,0 %, 2411 MHz, 40, 11.41 W
1788702765.227191301,0 %, 2411 MHz, 40, 11.41 W
1788702765.327537117,0 %, 2411 MHz, 40, 11.41 W
1788702765.428357250,0 %, 2411 MHz, 40, 11.40 W
1788702765.528451066,0 %, 2411 MHz, 40, 11.40 W
1788702765.628640961,0 %, 2411 MHz, 40, 11.40 W
1788702765.728521370,0 %, 2411 MHz, 40, 11.40 W
1788702765.829259904,0 %, 2411 MHz, 40, 11.40 W
1788702765.930386533,0 %, 2411 MHz, 40, 11.40 W
1788702766.030785804,0 %, 2411 MHz, 40, 11.40 W
1788702766.131732657,0 %, 2411 MHz, 40, 11.40 W
1788702766.232199176,0 %, 2411 MHz, 40, 11.40 W
1788702766.333130397,0 %, 2411 MHz, 40, 11.40 W
1788702766.433718916,0 %, 2411 MHz, 40, 11.40 W
1788702766.534657721,0 %, 2411 MHz, 40, 11.40 W
1788702766.635459743,0 %, 2411 MHz, 40, 11.40 W
1788702766.735429799,0 %, 2411 MHz, 40, 11.40 W
1788702766.835631118,0 %, 2411 MHz, 40, 11.40 W
1788702766.936360740,0 %, 2411 MHz, 40, 11.40 W
1788702767.036701547,0 %, 2411 MHz, 40, 11.40 W
1788702767.137684256,0 %, 2411 MHz, 40, 11.40 W
1788702767.237649192,0 %, 2411 MHz, 40, 11.40 W
1788702767.338346366,0 %, 2411 MHz, 40, 11.40 W
1788702767.439073460,0 %, 2411 MHz, 40, 11.41 W
1788702767.539473611,0 %, 2411 MHz, 40, 11.41 W
1788702767.640360544,0 %, 2411 MHz, 40, 11.41 W
1788702767.740952070,0 %, 2411 MHz, 40, 11.41 W
1788702767.841842524,0 %, 2411 MHz, 40, 11.41 W
1788702767.942330050,0 %, 2411 MHz, 40, 11.41 W
1788702768.042361322,0 %, 2411 MHz, 40, 11.41 W
1788702768.142746096,0 %, 2411 MHz, 40, 11.41 W
1788702768.242770152,0 %, 2411 MHz, 40, 11.41 W
1788702768.343631437,0 %, 2411 MHz, 40, 11.41 W
1788702768.443561109,0 %, 2411 MHz, 40, 11.40 W
1788702768.544348811,0 %, 2411 MHz, 40, 11.40 W
1788702768.644743553,0 %, 2411 MHz, 40, 11.40 W
1788702768.745629702,0 %, 2411 MHz, 40, 11.40 W
1788702768.845496990,0 %, 2411 MHz, 40, 11.40 W
1788702768.945756757,0 %, 2411 MHz, 40, 11.42 W
1788702769.046279931,0 %, 2411 MHz, 40, 11.42 W
1788702769.146445794,0 %, 2411 MHz, 40, 11.42 W
1788702769.246352026,0 %, 2411 MHz, 40, 11.42 W
1788702769.346749904,0 %, 2411 MHz, 40, 11.42 W
1788702769.447572166,0 %, 2411 MHz, 40, 11.45 W
1788702769.547223054,0 %, 2411 MHz, 40, 11.45 W
1788702769.648247875,0 %, 2411 MHz, 40, 11.45 W
1788702769.749134040,0 %, 2411 MHz, 40, 11.45 W
1788702769.849955933,0 %, 2411 MHz, 40, 11.45 W
1788702769.950753443,0 %, 2411 MHz, 40, 11.45 W
1788702770.051169737,0 %, 2411 MHz, 40, 11.45 W
1788702770.151319952,0 %, 2411 MHz, 40, 11.45 W
1788702770.251777686,0 %, 2411 MHz, 40, 11.45 W
1788702770.352581532,0 %, 2411 MHz, 40, 11.45 W
1788702770.453179489,0 %, 2411 MHz, 40, 11.43 W
1788702770.553892759,0 %, 2411 MHz, 40, 11.43 W
1788702770.654318861,0 %, 2411 MHz, 40, 11.43 W
1788702770.755221746,0 %, 2411 MHz, 40, 11.43 W
1788702770.855467689,0 %, 2411 MHz, 40, 11.43 W
1788702770.955748815,0 %, 2411 MHz, 40, 11.42 W
1788702771.056314949,0 %, 2411 MHz, 40, 11.42 W
1788702771.156334684,0 %, 2411 MHz, 40, 11.42 W
1788702771.257012146,0 %, 2411 MHz, 40, 11.42 W
1788702771.357605336,0 %, 2411 MHz, 40, 11.42 W
1788702771.457715550,0 %, 2411 MHz, 40, 11.42 W
1788702771.558701763,0 %, 2411 MHz, 40, 11.42 W
1788702771.659040425,0 %, 2411 MHz, 40, 11.42 W
1788702771.760124942,0 %, 2411 MHz, 40, 11.42 W
1788702771.860390548,0 %, 2411 MHz, 40, 11.42 W
1788702771.960786411,0 %, 2411 MHz, 40, 11.42 W
1788702772.061837327,0 %, 2411 MHz, 40, 11.42 W
1788702772.162227285,0 %, 2411 MHz, 40, 11.42 W
1788702772.262558267,0 %, 2411 MHz, 40, 11.42 W
1788702772.363372880,0 %, 2411 MHz, 40, 11.42 W
1788702772.463636775,0 %, 2411 MHz, 40, 11.42 W
1788702772.564585276,0 %, 2411 MHz, 40, 11.42 W
1788702772.664600642,0 %, 2411 MHz, 40, 11.42 W
1788702772.765246104,0 %, 2411 MHz, 40, 11.42 W
1788702772.865575774,0 %, 2411 MHz, 40, 11.42 W
1788702772.966387123,0 %, 2411 MHz, 40, 11.43 W
1788702773.066721577,0 %, 2411 MHz, 40, 11.43 W
1788702773.166421025,0 %, 2411 MHz, 40, 11.43 W
1788702773.266779959,0 %, 2411 MHz, 40, 11.43 W
1788702773.367515484,0 %, 2411 MHz, 40, 11.43 W
1788702773.468356945,0 %, 2411 MHz, 40, 11.43 W
1788702773.568797911,0 %, 2411 MHz, 40, 11.43 W
1788702773.669698795,0 %, 2411 MHz, 40, 11.43 W
1788702773.769951362,0 %, 2411 MHz, 40, 11.43 W
1788702773.870294808,0 %, 2411 MHz, 40, 11.43 W
1788702773.971328668,0 %, 2411 MHz, 40, 11.42 W
1788702774.071780418,0 %, 2411 MHz, 40, 11.42 W
1788702774.171543433,0 %, 2411 MHz, 40, 11.42 W
1788702774.272289902,0 %, 2411 MHz, 40, 11.42 W
1788702774.372229445,0 %, 2411 MHz, 40, 11.42 W
1788702774.473295497,0 %, 2411 MHz, 40, 11.42 W
1788702774.573579759,0 %, 2411 MHz, 40, 11.42 W
1788702774.674468804,0 %, 2411 MHz, 40, 11.42 W
1788702774.774717354,0 %, 2411 MHz, 40, 11.42 W
1788702774.875268527,0 %, 2411 MHz, 40, 11.42 W
1788702774.976148660,0 %, 2411 MHz, 40, 11.41 W
1788702775.076115147,0 %, 2411 MHz, 40, 11.41 W
1788702775.176669568,0 %, 2411 MHz, 40, 11.41 W
1788702775.277194677,0 %, 2411 MHz, 40, 11.41 W
1788702775.377390811,0 %, 2411 MHz, 40, 11.41 W
1788702775.478216544,0 %, 2411 MHz, 40, 11.40 W
1788702775.579010501,0 %, 2411 MHz, 40, 11.40 W
1788702775.679151163,0 %, 2411 MHz, 40, 11.40 W
1788702775.779070258,0 %, 2411 MHz, 40, 11.40 W
1788702775.879344072,0 %, 2411 MHz, 40, 11.40 W
1788702775.980081789,0 %, 2411 MHz, 40, 11.40 W
1788702776.080287059,0 %, 2411 MHz, 40, 11.40 W
1788702776.181110343,0 %, 2411 MHz, 40, 11.40 W
1788702776.280929870,0 %, 2411 MHz, 40, 11.40 W
1788702776.381715139,0 %, 2411 MHz, 40, 11.40 W
1788702776.482126488,0 %, 2411 MHz, 40, 11.42 W
1788702776.582974477,0 %, 2411 MHz, 40, 11.42 W
1788702776.683518226,0 %, 2411 MHz, 40, 11.42 W
1788702776.784319575,0 %, 2411 MHz, 40, 11.42 W
1788702776.884587692,0 %, 2411 MHz, 40, 11.42 W
1788702776.984965522,0 %, 2411 MHz, 40, 11.42 W
1788702777.085124120,0 %, 2411 MHz, 40, 11.42 W
1788702777.185297454,0 %, 2411 MHz, 40, 11.42 W
1788702777.285743699,0 %, 2411 MHz, 40, 11.42 W
1788702777.386523816,0 %, 2411 MHz, 40, 11.42 W
1788702777.486954365,0 %, 2411 MHz, 40, 11.43 W
1788702777.587362562,0 %, 2411 MHz, 40, 11.43 W
1788702777.688134631,0 %, 2411 MHz, 40, 11.43 W
1788702777.788550044,0 %, 2411 MHz, 40, 11.43 W
1788702777.889464432,0 %, 2411 MHz, 40, 11.43 W
1788702777.989898918,0 %, 2411 MHz, 40, 11.43 W
1788702778.090267995,0 %, 2411 MHz, 40, 11.43 W
1788702778.190132162,0 %, 2411 MHz, 40, 11.43 W
1788702778.290149288,0 %, 2411 MHz, 40, 11.43 W
1788702778.390854396,0 %, 2411 MHz, 40, 11.43 W
1788702778.491853920,0 %, 2411 MHz, 40, 11.42 W
1788702778.591978630,0 %, 2411 MHz, 40, 11.42 W
1788702778.692515051,0 %, 2411 MHz, 40, 11.42 W
1788702778.793300432,0 %, 2411 MHz, 40, 11.42 W
1788702778.893847845,0 %, 2411 MHz, 40, 11.42 W
1788702778.994610841,0 %, 2411 MHz, 40, 11.42 W
1788702779.095012078,0 %, 2411 MHz, 40, 11.42 W
1788702779.195646179,0 %, 2411 MHz, 40, 11.42 W
1788702779.295293706,0 %, 2411 MHz, 40, 11.42 W
1788702779.396498685,0 %, 2411 MHz, 40, 11.42 W
1788702779.497105458,0 %, 2411 MHz, 40, 11.42 W
1788702779.597921798,0 %, 2411 MHz, 40, 11.42 W
1788702779.698847578,0 %, 2411 MHz, 40, 11.42 W
1788702779.799354159,0 %, 2411 MHz, 40, 11.42 W
1788702779.899384117,0 %, 2411 MHz, 40, 11.42 W
1788702780.000419160,0 %, 2411 MHz, 40, 11.42 W
1788702780.100340606,0 %, 2411 MHz, 40, 11.42 W
1788702780.200972195,0 %, 2411 MHz, 40, 11.42 W
1788702780.301103833,0 %, 2411 MHz, 40, 11.42 W
1788702780.401734445,0 %, 2411 MHz, 40, 11.42 W
1788702780.502217074,0 %, 2411 MHz, 40, 11.45 W
1788702780.601966824,0 %, 2411 MHz, 40, 11.45 W
1788702780.702909180,0 %, 2411 MHz, 40, 11.45 W
1788702780.803501857,0 %, 2411 MHz, 40, 11.45 W
1788702780.904257941,0 %, 2411 MHz, 40, 11.45 W
1788702781.004701450,0 %, 2411 MHz, 40, 11.47 W
1788702781.105580590,0 %, 2411 MHz, 40, 11.47 W
1788702781.205793795,0 %, 2411 MHz, 40, 11.47 W
1788702781.305997416,0 %, 2411 MHz, 40, 11.47 W
1788702781.406961100,0 %, 2411 MHz, 40, 11.47 W
1788702781.506793074,0 %, 2411 MHz, 40, 11.45 W
1788702781.607509526,0 %, 2411 MHz, 40, 11.45 W
1788702781.707458380,0 %, 2411 MHz, 40, 11.45 W
1788702781.807579106,0 %, 2411 MHz, 40, 11.45 W
1788702781.907728103,0 %, 2411 MHz, 40, 11.45 W
1788702782.008333644,0 %, 2411 MHz, 40, 11.44 W
1788702782.108356354,0 %, 2411 MHz, 40, 11.44 W
1788702782.208798614,0 %, 2411 MHz, 40, 11.44 W
1788702782.308972172,0 %, 2411 MHz, 40, 11.44 W
1788702782.409908559,0 %, 2411 MHz, 40, 11.44 W
1788702782.509759813,0 %, 2411 MHz, 40, 11.42 W
1788702782.610602809,0 %, 2411 MHz, 40, 11.42 W
1788702782.710642815,0 %, 2411 MHz, 40, 11.42 W
1788702782.811310115,0 %, 2411 MHz, 40, 11.42 W
1788702782.911436088,0 %, 2411 MHz, 40, 11.42 W
1788702783.012292476,0 %, 2411 MHz, 40, 11.41 W
1788702783.112463793,0 %, 2411 MHz, 40, 11.41 W
1788702783.212465607,0 %, 2411 MHz, 40, 11.41 W
1788702783.312925355,0 %, 2411 MHz, 40, 11.41 W
1788702783.413544143,0 %, 2411 MHz, 40, 11.41 W
1788702783.514177827,0 %, 2411 MHz, 40, 11.42 W
1788702783.614809719,0 %, 2411 MHz, 40, 11.42 W
1788702783.715465724,0 %, 2411 MHz, 40, 11.42 W
1788702783.815705313,0 %, 2411 MHz, 40, 11.42 W
1788702783.916441956,0 %, 2411 MHz, 40, 11.42 W
1788702784.016367514,0 %, 2411 MHz, 40, 11.42 W
1788702784.116617951,0 %, 2411 MHz, 40, 11.42 W
1788702784.216943188,0 %, 2411 MHz, 40, 11.42 W
1788702784.317115577,0 %, 2411 MHz, 40, 11.42 W
1788702784.417340382,0 %, 2411 MHz, 40, 11.42 W
1788702784.518035074,0 %, 2411 MHz, 40, 11.42 W
1788702784.618038663,0 %, 2411 MHz, 40, 11.42 W
1788702784.718435852,0 %, 2411 MHz, 40, 11.42 W
1788702784.818436625,0 %, 2411 MHz, 40, 11.42 W
1788702784.919209717,0 %, 2411 MHz, 40, 11.42 W
1788702785.019160650,0 %, 2411 MHz, 40, 11.42 W
1788702785.119391263,0 %, 2411 MHz, 40, 11.42 W
1788702785.220325154,0 %, 2411 MHz, 40, 11.42 W
1788702785.320235112,0 %, 2411 MHz, 40, 11.42 W
1788702785.420865900,0 %, 2411 MHz, 40, 11.40 W
1788702785.521769103,0 %, 2411 MHz, 40, 11.40 W
1788702785.622148516,0 %, 2411 MHz, 40, 11.40 W
1788702785.721819290,0 %, 2411 MHz, 40, 11.40 W
1788702785.822688093,0 %, 2411 MHz, 40, 11.40 W
1788702785.923617920,0 %, 2411 MHz, 40, 11.40 W
1788702786.024203540,0 %, 2411 MHz, 40, 11.40 W
1788702786.124794200,0 %, 2411 MHz, 40, 11.40 W
1788702786.225467580,0 %, 2411 MHz, 40, 11.40 W
1788702786.325549585,0 %, 2411 MHz, 40, 11.40 W
1788702786.425986293,0 %, 2411 MHz, 40, 11.41 W
1788702786.526097354,0 %, 2411 MHz, 40, 11.41 W
1788702786.626230975,0 %, 2411 MHz, 40, 11.41 W
1788702786.726979522,0 %, 2411 MHz, 40, 11.41 W
1788702786.827351943,0 %, 2411 MHz, 40, 11.41 W
1788702786.927841275,0 %, 2411 MHz, 40, 11.42 W
1788702787.027944000,0 %, 2411 MHz, 40, 11.42 W
1788702787.127874517,0 %, 2411 MHz, 40, 11.42 W
1788702787.228091898,0 %, 2411 MHz, 40, 11.42 W
1788702787.328610333,0 %, 2411 MHz, 40, 11.42 W
1788702787.429392849,0 %, 2411 MHz, 40, 11.42 W
1788702787.529851429,0 %, 2411 MHz, 40, 11.42 W
1788702787.630586408,0 %, 2411 MHz, 40, 11.42 W
1788702787.730966684,0 %, 2411 MHz, 40, 11.42 W
1788702787.831415376,0 %, 2411 MHz, 40, 11.42 W
1788702787.932368259,0 %, 2411 MHz, 40, 11.43 W
1788702788.031930025,0 %, 2411 MHz, 40, 11.43 W
1788702788.132663853,0 %, 2411 MHz, 40, 11.43 W
1788702788.233246960,0 %, 2411 MHz, 40, 11.43 W
1788702788.333359573,0 %, 2411 MHz, 40, 11.43 W
1788702788.434019400,0 %, 2411 MHz, 40, 11.47 W
1788702788.534050637,0 %, 2411 MHz, 40, 11.47 W
1788702788.634666545,0 %, 2411 MHz, 40, 11.47 W
1788702788.735253349,0 %, 2411 MHz, 40, 11.47 W
1788702788.835316745,0 %, 2411 MHz, 40, 11.47 W
1788702788.936433996,0 %, 2411 MHz, 40, 11.46 W
1788702789.036253089,0 %, 2411 MHz, 40, 11.46 W
1788702789.136527157,0 %, 2411 MHz, 40, 11.46 W
1788702789.236687146,0 %, 2411 MHz, 40, 11.46 W
1788702789.336722783,0 %, 2411 MHz, 40, 11.46 W
1788702789.436846659,0 %, 2411 MHz, 40, 11.44 W
1788702789.536938744,0 %, 2411 MHz, 40, 11.44 W
1788702789.636953565,0 %, 2411 MHz, 40, 11.44 W
1788702789.736997153,0 %, 2411 MHz, 40, 11.44 W
1788702789.837234214,0 %, 2411 MHz, 40, 11.44 W
1788702789.937295307,0 %, 2411 MHz, 40, 11.44 W
1788702790.037551839,0 %, 2411 MHz, 40, 11.44 W
1788702790.137561379,0 %, 2411 MHz, 40, 11.44 W
1788702790.237870967,0 %, 2411 MHz, 40, 11.44 W
1788702790.337919196,0 %, 2411 MHz, 40, 11.44 W
1788702790.438155072,0 %, 2411 MHz, 40, 11.45 W
1788702790.538235829,0 %, 2411 MHz, 40, 11.45 W
1788702790.638472921,0 %, 2411 MHz, 40, 11.45 W
1788702790.738546334,0 %, 2411 MHz, 40, 11.45 W
1788702790.838801698,0 %, 2411 MHz, 40, 11.45 W
1788702790.938854550,0 %, 2411 MHz, 40, 11.44 W
1788702791.038955899,0 %, 2411 MHz, 40, 11.44 W
1788702791.139178623,0 %, 2411 MHz, 40, 11.44 W
1788702791.239252675,0 %, 2411 MHz, 40, 11.44 W
1788702791.339269992,0 %, 2411 MHz, 40, 11.44 W
1788702791.439520092,0 %, 2411 MHz, 40, 11.44 W
1788702791.539610209,0 %, 2411 MHz, 40, 11.44 W
1788702791.639729669,0 %, 2411 MHz, 40, 11.44 W
1788702791.739863913,0 %, 2411 MHz, 40, 11.44 W
1788702791.839990397,0 %, 2411 MHz, 40, 11.44 W
1788702791.939898114,0 %, 2411 MHz, 40, 11.44 W
1788702792.040306262,0 %, 2411 MHz, 40, 11.44 W
1788702792.140286235,0 %, 2411 MHz, 40, 11.44 W
1788702792.240200287,0 %, 2411 MHz, 40, 11.44 W
1788702792.340555779,0 %, 2411 MHz, 40, 11.44 W
1788702792.440736007,0 %, 2411 MHz, 40, 11.46 W
1788702792.540786971,0 %, 2411 MHz, 40, 11.46 W
1788702792.640959343,0 %, 2411 MHz, 40, 11.46 W
1788702792.741001828,0 %, 2411 MHz, 40, 11.46 W
1788702792.841187336,0 %, 2411 MHz, 40, 11.46 W
1788702792.941302156,0 %, 2411 MHz, 40, 11.46 W
1788702793.041439296,0 %, 2411 MHz, 40, 11.46 W
1788702793.141592948,0 %, 2411 MHz, 40, 11.46 W
1788702793.241736344,0 %, 2411 MHz, 40, 11.46 W
1788702793.341415998,0 %, 2411 MHz, 40, 11.46 W
1788702793.442048448,0 %, 2411 MHz, 40, 11.44 W
1788702793.542112309,0 %, 2411 MHz, 40, 11.44 W
1788702793.642245737,0 %, 2411 MHz, 40, 11.44 W
1788702793.742280477,0 %, 2411 MHz, 40, 11.44 W
1788702793.842443009,0 %, 2411 MHz, 40, 11.44 W
1788702793.942604421,0 %, 2411 MHz, 40, 11.45 W
1788702794.042728729,0 %, 2411 MHz, 40, 11.45 W
1788702794.142804461,0 %, 2411 MHz, 40, 11.45 W
1788702794.242959745,0 %, 2411 MHz, 40, 11.45 W
1788702794.343023749,0 %, 2411 MHz, 40, 11.45 W
1788702794.443185817,0 %, 2411 MHz, 40, 11.45 W
1788702794.543321469,0 %, 2411 MHz, 40, 11.45 W
1788702794.643461889,0 %, 2411 MHz, 40, 11.45 W
1788702794.743589957,0 %, 2411 MHz, 40, 11.45 W
1788702794.843710745,0 %, 2411 MHz, 40, 11.45 W
1788702794.943801613,0 %, 2411 MHz, 40, 11.45 W
1788702795.043956177,0 %, 2411 MHz, 40, 11.45 W
1788702795.143892597,0 %, 2411 MHz, 40, 11.45 W
1788702795.244202313,0 %, 2411 MHz, 40, 11.45 W
1788702795.344627788,0 %, 2411 MHz, 40, 11.45 W
1788702795.444746608,0 %, 2411 MHz, 40, 11.46 W
1788702795.545499042,0 %, 2411 MHz, 40, 11.46 W
1788702795.645473494,0 %, 2411 MHz, 40, 11.46 W
1788702795.745603178,0 %, 2411 MHz, 40, 11.46 W
1788702795.845705902,0 %, 2411 MHz, 40, 11.46 W
1788702795.945845122,0 %, 2411 MHz, 40, 11.45 W
1788702796.045952742,0 %, 2411 MHz, 40, 11.45 W
1788702796.146143401,0 %, 2411 MHz, 40, 11.45 W
1788702796.246276237,0 %, 2411 MHz, 40, 11.45 W
1788702796.346260721,0 %, 2411 MHz, 40, 11.45 W
1788702796.446399605,0 %, 2411 MHz, 40, 11.44 W
1788702796.546542856,0 %, 2411 MHz, 40, 11.44 W
1788702796.646684092,0 %, 2411 MHz, 40, 11.44 W
1788702796.746782992,0 %, 2411 MHz, 40, 11.44 W
1788702796.846935636,0 %, 2411 MHz, 40, 11.44 W
1788702796.947090839,0 %, 2411 MHz, 40, 11.43 W
1788702797.047205163,0 %, 2411 MHz, 40, 11.43 W
1788702797.147373230,0 %, 2411 MHz, 40, 11.43 W
1788702797.247830289,0 %, 2411 MHz, 40, 11.43 W
1788702797.348102644,0 %, 2411 MHz, 40, 11.43 W
1788702797.449058038,0 %, 2411 MHz, 40, 11.43 W
1788702797.549525417,0 %, 2411 MHz, 40, 11.43 W
1788702797.650406379,0 %, 2411 MHz, 40, 11.43 W
1788702797.750360367,0 %, 2411 MHz, 40, 11.43 W
1788702797.850998065,0 %, 2411 MHz, 40, 11.43 W
1788702797.951445444,0 %, 2411 MHz, 40, 11.43 W
1788702798.052020711,0 %, 2411 MHz, 40, 11.43 W
1788702798.152322458,0 %, 2411 MHz, 40, 11.43 W
1788702798.252975932,0 %, 2411 MHz, 40, 11.43 W
1788702798.353721150,0 %, 2411 MHz, 40, 11.43 W
1788702798.454266144,0 %, 2411 MHz, 40, 11.42 W
1788702798.554532724,0 %, 2411 MHz, 40, 11.42 W
1788702798.655372277,0 %, 2411 MHz, 40, 11.42 W
1788702798.755836984,0 %, 2411 MHz, 40, 11.42 W
1788702798.856625946,0 %, 2411 MHz, 40, 11.42 W
1788702798.957035517,0 %, 2411 MHz, 40, 11.43 W
1788702799.057315616,0 %, 2411 MHz, 40, 11.43 W
1788702799.158094930,0 %, 2411 MHz, 40, 11.43 W
1788702799.258534308,0 %, 2411 MHz, 40, 11.43 W
1788702799.358666568,0 %, 2411 MHz, 40, 11.43 W
1788702799.458998635,0 %, 2411 MHz, 40, 11.43 W
1788702799.559854156,0 %, 2411 MHz, 40, 11.43 W
1788702799.659698992,0 %, 2411 MHz, 40, 11.43 W
1788702799.760353362,0 %, 2411 MHz, 40, 11.43 W
1788702799.860342502,0 %, 2411 MHz, 40, 11.43 W
1788702799.960981784,0 %, 2411 MHz, 40, 11.43 W
1788702800.061049116,0 %, 2411 MHz, 40, 11.43 W
1788702800.161579502,0 %, 2411 MHz, 40, 11.43 W
1788702800.261703617,0 %, 2411 MHz, 40, 11.43 W
1788702800.362017652,0 %, 2411 MHz, 40, 11.43 W
1788702800.462220823,0 %, 2411 MHz, 40, 11.42 W
1788702800.562905897,0 %, 2411 MHz, 40, 11.42 W
1788702800.662947917,0 %, 2411 MHz, 40, 11.42 W
1788702800.763719182,0 %, 2411 MHz, 40, 11.42 W
1788702800.863826050,0 %, 2411 MHz, 40, 11.42 W
1788702800.964765683,0 %, 2411 MHz, 40, 11.40 W
1788702801.065149045,0 %, 2411 MHz, 40, 11.40 W
1788702801.165786583,0 %, 2411 MHz, 40, 11.40 W
1788702801.266374330,0 %, 2411 MHz, 40, 11.40 W
1788702801.366681964,0 %, 2411 MHz, 40, 11.40 W
1788702801.467519934,0 %, 2411 MHz, 40, 11.40 W
1788702801.568071632,0 %, 2411 MHz, 40, 11.40 W
1788702801.668955793,0 %, 2411 MHz, 40, 11.40 W
1788702801.769607363,0 %, 2411 MHz, 40, 11.40 W
1788702801.870461076,0 %, 2411 MHz, 40, 11.40 W
1788702801.970695799,0 %, 2411 MHz, 40, 11.41 W
1788702802.071244697,0 %, 2411 MHz, 40, 11.41 W
1788702802.171358748,0 %, 2411 MHz, 40, 11.41 W
1788702802.272113326,0 %, 2411 MHz, 40, 11.41 W
1788702802.372109121,0 %, 2411 MHz, 40, 11.41 W
1788702802.473098674,0 %, 2411 MHz, 40, 11.42 W
1788702802.573174293,0 %, 2411 MHz, 40, 11.42 W
1788702802.673867079,0 %, 2411 MHz, 40, 11.42 W
1788702802.774283785,0 %, 2411 MHz, 40, 11.42 W
1788702802.874467404,0 %, 2411 MHz, 40, 11.42 W
1788702802.975485789,0 %, 2411 MHz, 40, 11.42 W
1788702803.075198049,0 %, 2411 MHz, 40, 11.42 W
1788702803.175434724,0 %, 2411 MHz, 40, 11.42 W
1788702803.275264087,0 %, 2411 MHz, 40, 11.42 W
1788702803.375747209,0 %, 2411 MHz, 40, 11.42 W
1788702803.475829900,0 %, 2411 MHz, 40, 11.45 W
1788702803.576459246,0 %, 2411 MHz, 40, 11.45 W
1788702803.676840112,0 %, 2411 MHz, 40, 11.45 W
1788702803.777436386,0 %, 2411 MHz, 40, 11.45 W
1788702803.877562101,0 %, 2411 MHz, 40, 11.45 W
1788702803.978452502,0 %, 2411 MHz, 40, 11.47 W
1788702804.078272266,0 %, 2411 MHz, 40, 11.47 W
1788702804.178927339,0 %, 2411 MHz, 40, 11.47 W
1788702804.279114190,0 %, 2411 MHz, 40, 11.47 W
1788702804.379388816,0 %, 2411 MHz, 40, 11.47 W
1788702804.479660947,0 %, 2411 MHz, 40, 11.44 W
1788702804.580386804,0 %, 2411 MHz, 40, 11.44 W
1788702804.680616343,0 %, 2411 MHz, 40, 11.44 W
1788702804.780975321,0 %, 2411 MHz, 40, 11.44 W
1788702804.881092988,0 %, 2411 MHz, 40, 11.44 W
1788702804.981988685,0 %, 2411 MHz, 40, 11.43 W
1788702805.081803040,0 %, 2411 MHz, 40, 11.43 W
1788702805.181916227,0 %, 2411 MHz, 40, 11.43 W
1788702805.282728164,0 %, 2411 MHz, 40, 11.43 W
1788702805.382289000,0 %, 2411 MHz, 40, 11.43 W
1788702805.483284409,0 %, 2411 MHz, 40, 11.43 W
1788702805.584089818,0 %, 2411 MHz, 40, 11.43 W
1788702805.683677693,0 %, 2411 MHz, 40, 11.43 W
1788702805.784076384,0 %, 2411 MHz, 40, 11.43 W
1788702805.884087251,0 %, 2411 MHz, 40, 11.43 W
1788702805.984471957,0 %, 2411 MHz, 41, 11.44 W
1788702806.085124038,0 %, 2411 MHz, 41, 11.44 W
1788702806.184868953,0 %, 2411 MHz, 41, 11.44 W
1788702806.285759034,0 %, 2411 MHz, 41, 11.44 W
1788702806.385772605,0 %, 2411 MHz, 41, 11.44 W
1788702806.486908685,0 %, 2411 MHz, 40, 11.44 W
1788702806.587278671,0 %, 2411 MHz, 40, 11.44 W
1788702806.687909536,0 %, 2411 MHz, 40, 11.44 W
1788702806.788726369,0 %, 2411 MHz, 40, 11.44 W
1788702806.889688658,0 %, 2411 MHz, 40, 11.44 W
1788702806.990198595,0 %, 2411 MHz, 40, 11.43 W
1788702807.091076804,0 %, 2411 MHz, 40, 11.43 W
1788702807.191419350,0 %, 2411 MHz, 40, 11.43 W
1788702807.292474246,0 %, 2411 MHz, 40, 11.43 W
1788702807.392211866,0 %, 2411 MHz, 40, 11.43 W
1788702807.493036090,0 %, 2411 MHz, 40, 11.44 W
1788702807.593837003,0 %, 2411 MHz, 40, 11.44 W
1788702807.694261437,0 %, 2411 MHz, 40, 11.44 W
1788702807.795067998,0 %, 2411 MHz, 40, 11.44 W
1788702807.895377776,0 %, 2411 MHz, 40, 11.44 W
1788702807.995908929,0 %, 2411 MHz, 40, 11.44 W
1788702808.096718866,0 %, 2411 MHz, 40, 11.44 W
1788702808.197286787,0 %, 2411 MHz, 40, 11.44 W
1788702808.297551397,0 %, 2411 MHz, 40, 11.44 W
1788702808.398687605,0 %, 2411 MHz, 40, 11.44 W
1788702808.498797047,0 %, 2411 MHz, 40, 11.44 W
1788702808.599397625,0 %, 2411 MHz, 40, 11.44 W
1788702808.699540987,0 %, 2411 MHz, 40, 11.44 W
1788702808.800275820,0 %, 2411 MHz, 40, 11.44 W
1788702808.900499198,0 %, 2411 MHz, 40, 11.44 W
1788702809.000450177,0 %, 2411 MHz, 40, 11.43 W
1788702809.100774482,0 %, 2411 MHz, 40, 11.43 W
1788702809.201353955,0 %, 2411 MHz, 40, 11.43 W
1788702809.301669589,0 %, 2411 MHz, 40, 11.43 W
1788702809.401701256,0 %, 2411 MHz, 40, 11.43 W
1788702809.502672152,0 %, 2411 MHz, 40, 11.42 W
1788702809.602686618,0 %, 2411 MHz, 40, 11.42 W
1788702809.702790861,0 %, 2411 MHz, 40, 11.42 W
1788702809.802925855,0 %, 2411 MHz, 40, 11.42 W
1788702809.902833361,0 %, 2411 MHz, 40, 11.42 W
1788702810.003072947,0 %, 2411 MHz, 40, 11.42 W
1788702810.103545461,0 %, 2411 MHz, 40, 11.42 W
1788702810.203589975,0 %, 2411 MHz, 40, 11.42 W
1788702810.304235208,0 %, 2411 MHz, 40, 11.42 W
1788702810.404214218,0 %, 2411 MHz, 40, 11.42 W
1788702810.504846571,0 %, 2411 MHz, 40, 11.45 W
1788702810.604943805,0 %, 2411 MHz, 40, 11.45 W
1788702810.704922672,0 %, 2411 MHz, 40, 11.45 W
1788702810.805243713,0 %, 2411 MHz, 40, 11.45 W
1788702810.906200577,0 %, 2411 MHz, 40, 11.45 W
1788702811.005959844,0 %, 2411 MHz, 40, 11.44 W
1788702811.106555109,0 %, 2411 MHz, 40, 11.44 W
1788702811.206642391,0 %, 2411 MHz, 40, 11.44 W
1788702811.306813913,0 %, 2411 MHz, 40, 11.44 W
1788702811.406950651,0 %, 2411 MHz, 40, 11.44 W
1788702811.507535852,0 %, 2411 MHz, 40, 11.43 W
1788702811.608286284,0 %, 2411 MHz, 40, 11.43 W
1788702811.708682158,0 %, 2411 MHz, 40, 11.43 W
1788702811.809096175,0 %, 2411 MHz, 40, 11.43 W
1788702811.909177265,0 %, 2411 MHz, 40, 11.43 W
1788702812.010186257,0 %, 2411 MHz, 40, 11.43 W
1788702812.109875428,0 %, 2411 MHz, 40, 11.43 W
1788702812.210547956,0 %, 2411 MHz, 40, 11.43 W
1788702812.310425511,0 %, 2411 MHz, 40, 11.43 W
1788702812.411112199,0 %, 2411 MHz, 40, 11.43 W
1788702812.511128729,0 %, 2411 MHz, 40, 11.43 W
1788702812.611694698,0 %, 2411 MHz, 40, 11.43 W
1788702812.711807804,0 %, 2411 MHz, 40, 11.43 W
1788702812.812656620,0 %, 2411 MHz, 40, 11.43 W
1788702812.912517983,0 %, 2411 MHz, 40, 11.43 W
1788702813.013174527,0 %, 2411 MHz, 40, 11.43 W
1788702813.113423313,0 %, 2411 MHz, 40, 11.43 W
1788702813.214312737,0 %, 2411 MHz, 40, 11.43 W
1788702813.314701714,0 %, 2411 MHz, 40, 11.43 W
1788702813.415115875,0 %, 2411 MHz, 40, 11.43 W
1788702813.515925747,0 %, 2411 MHz, 40, 11.43 W
1788702813.616433188,0 %, 2411 MHz, 40, 11.43 W
1788702813.717266068,0 %, 2411 MHz, 40, 11.43 W
1788702813.817640149,0 %, 2411 MHz, 40, 11.43 W
1788702813.919626962,0 %, 2418 MHz, 40, 11.43 W
1788702814.019732212,0 %, 2411 MHz, 40, 11.43 W
1788702814.120310501,0 %, 2411 MHz, 40, 11.43 W
1788702814.220515142,0 %, 2411 MHz, 40, 11.43 W
1788702814.320937831,0 %, 2411 MHz, 40, 11.43 W
1788702814.421732087,0 %, 2411 MHz, 40, 11.43 W
1788702814.522239336,0 %, 2411 MHz, 40, 11.43 W
1788702814.622492409,0 %, 2411 MHz, 40, 11.43 W
1788702814.723321737,0 %, 2411 MHz, 40, 11.43 W
1788702814.823612522,0 %, 2411 MHz, 40, 11.43 W
1788702814.923811836,0 %, 2411 MHz, 40, 11.42 W
1788702815.024424764,0 %, 2411 MHz, 40, 11.42 W
1788702815.124504638,0 %, 2411 MHz, 40, 11.42 W
1788702815.225341454,0 %, 2411 MHz, 40, 11.42 W
1788702815.325241168,0 %, 2411 MHz, 40, 11.42 W
1788702815.425836800,0 %, 2411 MHz, 40, 11.42 W
1788702815.525799554,0 %, 2411 MHz, 40, 11.42 W
1788702815.625875956,0 %, 2411 MHz, 40, 11.42 W
1788702815.725898341,0 %, 2411 MHz, 40, 11.42 W
1788702815.826795861,0 %, 2411 MHz, 40, 11.42 W
1788702815.927520629,0 %, 2411 MHz, 40, 11.42 W
1788702816.027731990,0 %, 2411 MHz, 40, 11.42 W
1788702816.128139335,0 %, 2411 MHz, 40, 11.42 W
1788702816.228209369,0 %, 2411 MHz, 40, 11.42 W
1788702816.328810073,0 %, 2411 MHz, 40, 11.42 W
1788702816.428982506,0 %, 2411 MHz, 40, 11.41 W
1788702816.529731226,0 %, 2411 MHz, 40, 11.41 W
1788702816.629676860,0 %, 2411 MHz, 40, 11.41 W
1788702816.730251020,0 %, 2411 MHz, 40, 11.41 W
1788702816.830341870,0 %, 2411 MHz, 40, 11.41 W
1788702816.931308925,0 %, 2411 MHz, 40, 11.41 W
1788702817.031547614,0 %, 2411 MHz, 40, 11.41 W
1788702817.131806735,0 %, 2411 MHz, 40, 11.41 W
1788702817.232250543,0 %, 2411 MHz, 40, 11.41 W
1788702817.332236689,0 %, 2411 MHz, 40, 11.41 W
1788702817.432567954,0 %, 2411 MHz, 40, 11.40 W
1788702817.533466865,0 %, 2411 MHz, 40, 11.40 W
1788702817.633672578,0 %, 2411 MHz, 40, 11.40 W
1788702817.734225923,0 %, 2411 MHz, 40, 11.40 W
1788702817.834318820,0 %, 2411 MHz, 40, 11.40 W
1788702817.935330947,0 %, 2411 MHz, 40, 11.40 W
1788702818.035604756,0 %, 2411 MHz, 40, 11.40 W
1788702818.135800757,0 %, 2411 MHz, 40, 11.40 W
1788702818.236525637,0 %, 2411 MHz, 40, 11.40 W
1788702818.337182661,0 %, 2411 MHz, 40, 11.40 W
1788702818.436804359,0 %, 2411 MHz, 41, 11.42 W
1788702818.537208215,0 %, 2411 MHz, 41, 11.42 W
1788702818.637786584,0 %, 2411 MHz, 41, 11.42 W
1788702818.738230312,0 %, 2411 MHz, 41, 11.42 W
1788702818.839063751,0 %, 2411 MHz, 41, 11.42 W
1788702818.939404232,0 %, 2411 MHz, 40, 11.44 W
1788702819.040301415,0 %, 2411 MHz, 40, 11.44 W
1788702819.140458648,0 %, 2411 MHz, 40, 11.44 W
1788702819.240768553,0 %, 2411 MHz, 40, 11.44 W
1788702819.340700250,0 %, 2411 MHz, 40, 11.44 W
1788702819.441453274,0 %, 2411 MHz, 40, 11.43 W
1788702819.541621051,0 %, 2411 MHz, 40, 11.43 W
1788702819.642346251,0 %, 2411 MHz, 40, 11.43 W
1788702819.742582411,0 %, 2411 MHz, 40, 11.43 W
1788702819.842999228,0 %, 2411 MHz, 40, 11.43 W
1788702819.943240876,0 %, 2411 MHz, 40, 11.42 W
1788702820.043582669,0 %, 2411 MHz, 40, 11.42 W
1788702820.143530350,0 %, 2411 MHz, 40, 11.42 W
1788702820.243855279,0 %, 2411 MHz, 40, 11.42 W
1788702820.343952624,0 %, 2411 MHz, 40, 11.42 W
1788702820.444910863,0 %, 2411 MHz, 40, 11.41 W
1788702820.545302495,0 %, 2411 MHz, 40, 11.41 W
1788702820.646159326,0 %, 2411 MHz, 40, 11.41 W
1788702820.746610654,0 %, 2411 MHz, 40, 11.41 W
1788702820.846568752,0 %, 2411 MHz, 40, 11.41 W
1788702820.947305455,0 %, 2411 MHz, 40, 11.42 W
1788702821.047427648,0 %, 2411 MHz, 40, 11.42 W
1788702821.148132384,0 %, 2411 MHz, 40, 11.42 W
1788702821.248324560,0 %, 2411 MHz, 40, 11.42 W
1788702821.348964528,0 %, 2411 MHz, 40, 11.42 W
1788702821.449454752,0 %, 2411 MHz, 40, 11.43 W
1788702821.550012544,0 %, 2411 MHz, 40, 11.43 W
1788702821.649977041,0 %, 2411 MHz, 40, 11.43 W
1788702821.750584816,0 %, 2411 MHz, 40, 11.43 W
1788702821.851383888,0 %, 2411 MHz, 40, 11.43 W
1788702821.951860144,0 %, 2411 MHz, 40, 11.43 W
1788702822.052236992,0 %, 2411 MHz, 40, 11.43 W
1788702822.153067615,0 %, 2411 MHz, 40, 11.43 W
1788702822.253431311,0 %, 2411 MHz, 40, 11.43 W
1788702822.353839375,0 %, 2411 MHz, 40, 11.43 W
1788702822.454636686,0 %, 2411 MHz, 40, 11.43 W
1788702822.554532511,0 %, 2411 MHz, 40, 11.43 W
1788702822.655204959,0 %, 2411 MHz, 40, 11.43 W
1788702822.755203520,0 %, 2411 MHz, 40, 11.43 W
1788702822.855774159,0 %, 2411 MHz, 40, 11.43 W
1788702822.955725505,0 %, 2411 MHz, 40, 11.42 W
1788702823.056027953,0 %, 2411 MHz, 40, 11.42 W
1788702823.155980274,0 %, 2411 MHz, 40, 11.42 W
1788702823.256297202,0 %, 2411 MHz, 40, 11.42 W
1788702823.356442322,0 %, 2411 MHz, 40, 11.42 W
1788702823.456937394,0 %, 2411 MHz, 40, 11.43 W
1788702823.557048851,0 %, 2411 MHz, 40, 11.43 W
1788702823.657867058,0 %, 2411 MHz, 40, 11.43 W
1788702823.758287842,0 %, 2411 MHz, 40, 11.43 W
1788702823.858723361,0 %, 2411 MHz, 40, 11.43 W
1788702823.959444193,0 %, 2411 MHz, 40, 11.44 W
1788702824.059996688,0 %, 2411 MHz, 40, 11.44 W
1788702824.160667583,0 %, 2411 MHz, 40, 11.44 W
1788702824.261377342,0 %, 2411 MHz, 40, 11.44 W
1788702824.361834942,0 %, 2411 MHz, 40, 11.44 W
1788702824.462654477,0 %, 2411 MHz, 40, 11.44 W
1788702824.563578987,0 %, 2411 MHz, 40, 11.44 W
1788702824.664010475,0 %, 2411 MHz, 40, 11.44 W
1788702824.764596411,0 %, 2411 MHz, 40, 11.44 W
1788702824.865275402,0 %, 2411 MHz, 40, 11.44 W
1788702824.965427850,0 %, 2411 MHz, 40, 11.44 W
1788702825.066029577,0 %, 2411 MHz, 40, 11.44 W
1788702825.166647833,0 %, 2411 MHz, 40, 11.44 W
1788702825.266992600,0 %, 2411 MHz, 40, 11.44 W
1788702825.367971047,0 %, 2411 MHz, 40, 11.44 W
1788702825.468395078,0 %, 2411 MHz, 40, 11.43 W
1788702825.568594551,0 %, 2411 MHz, 40, 11.43 W
1788702825.668579735,0 %, 2411 MHz, 40, 11.43 W
1788702825.769202615,0 %, 2411 MHz, 40, 11.43 W
1788702825.869917941,0 %, 2411 MHz, 40, 11.43 W
1788702825.969845686,0 %, 2411 MHz, 40, 11.43 W
1788702826.070522741,0 %, 2411 MHz, 40, 11.43 W
1788702826.170978277,0 %, 2411 MHz, 40, 11.43 W
1788702826.271708180,0 %, 2411 MHz, 40, 11.43 W
1788702826.372460226,0 %, 2411 MHz, 40, 11.43 W
1788702826.473297105,0 %, 2411 MHz, 40, 11.43 W
1788702826.573927504,0 %, 2411 MHz, 40, 11.43 W
1788702826.674634191,0 %, 2411 MHz, 40, 11.43 W
1788702826.775406638,0 %, 2411 MHz, 40, 11.43 W
1788702826.876067996,0 %, 2411 MHz, 40, 11.43 W
1788702826.976682939,0 %, 2411 MHz, 40, 11.43 W
1788702827.077498986,0 %, 2411 MHz, 40, 11.43 W
1788702827.177405339,0 %, 2411 MHz, 40, 11.43 W
1788702827.277742570,0 %, 2411 MHz, 40, 11.43 W
1788702827.377834267,0 %, 2411 MHz, 40, 11.43 W
1788702827.477926763,0 %, 2411 MHz, 40, 11.43 W
1788702827.578026267,0 %, 2411 MHz, 40, 11.43 W
1788702827.678179627,0 %, 2411 MHz, 40, 11.43 W
1788702827.778810298,0 %, 2411 MHz, 40, 11.43 W
1788702827.878830074,0 %, 2411 MHz, 40, 11.43 W
1788702827.978975435,0 %, 2411 MHz, 40, 11.43 W
1788702828.079105579,0 %, 2411 MHz, 40, 11.43 W
1788702828.179505002,0 %, 2411 MHz, 40, 11.43 W
1788702828.279822058,0 %, 2411 MHz, 40, 11.43 W
1788702828.380669016,0 %, 2411 MHz, 40, 11.43 W
1788702828.480527593,0 %, 2411 MHz, 40, 11.42 W
1788702828.581197927,0 %, 2411 MHz, 40, 11.42 W
1788702828.681668982,0 %, 2411 MHz, 40, 11.42 W
1788702828.782429637,0 %, 2411 MHz, 40, 11.42 W
1788702828.882296934,0 %, 2411 MHz, 40, 11.42 W
1788702828.983001972,0 %, 2411 MHz, 40, 11.42 W
1788702829.083425139,0 %, 2411 MHz, 40, 11.42 W
1788702829.183792899,0 %, 2411 MHz, 40, 11.42 W
1788702829.284591985,0 %, 2411 MHz, 40, 11.42 W
1788702829.384677777,0 %, 2411 MHz, 40, 11.42 W
1788702829.484770097,0 %, 2411 MHz, 40, 11.41 W
1788702829.584845361,0 %, 2411 MHz, 40, 11.41 W
1788702829.684944033,0 %, 2411 MHz, 40, 11.41 W
1788702829.785097121,0 %, 2411 MHz, 40, 11.41 W
1788702829.885709744,0 %, 2411 MHz, 40, 11.41 W
1788702829.986174991,0 %, 2411 MHz, 40, 11.40 W
1788702830.087171357,0 %, 2411 MHz, 40, 11.40 W
1788702830.186919133,0 %, 2411 MHz, 40, 11.40 W
1788702830.287149933,0 %, 2411 MHz, 40, 11.40 W
1788702830.387842811,0 %, 2411 MHz, 40, 11.40 W
1788702830.488585882,0 %, 2411 MHz, 40, 11.41 W
1788702830.588536362,0 %, 2411 MHz, 40, 11.41 W
1788702830.689416312,0 %, 2411 MHz, 40, 11.41 W
1788702830.789522856,0 %, 2411 MHz, 40, 11.41 W
1788702830.889642903,0 %, 2411 MHz, 40, 11.41 W
1788702830.989712343,0 %, 2411 MHz, 40, 11.43 W
1788702831.090714469,0 %, 2411 MHz, 40, 11.43 W
1788702831.190456854,0 %, 2411 MHz, 40, 11.43 W
1788702831.291246068,0 %, 2411 MHz, 40, 11.43 W
1788702831.391109380,0 %, 2411 MHz, 40, 11.43 W
1788702831.491808434,0 %, 2411 MHz, 40, 11.41 W
1788702831.591911442,0 %, 2411 MHz, 40, 11.41 W
1788702831.692754656,0 %, 2411 MHz, 40, 11.41 W
1788702831.792563249,0 %, 2411 MHz, 40, 11.41 W
1788702831.893416783,0 %, 2411 MHz, 40, 11.41 W
1788702831.993490094,0 %, 2411 MHz, 40, 11.41 W
1788702832.094418220,0 %, 2411 MHz, 40, 11.41 W
1788702832.195317450,0 %, 2411 MHz, 40, 11.41 W
1788702832.296322423,0 %, 2411 MHz, 40, 11.41 W
1788702832.396070648,0 %, 2411 MHz, 40, 11.41 W
1788702832.496699430,0 %, 2411 MHz, 40, 11.40 W
1788702832.597496516,0 %, 2411 MHz, 40, 11.40 W
1788702832.697945443,0 %, 2411 MHz, 40, 11.40 W
1788702832.798911312,0 %, 2411 MHz, 40, 11.40 W
1788702832.899376703,0 %, 2411 MHz, 40, 11.40 W
1788702832.999902414,0 %, 2411 MHz, 40, 11.40 W
1788702833.100642092,0 %, 2411 MHz, 40, 11.40 W
1788702833.200893323,0 %, 2411 MHz, 40, 11.40 W
1788702833.301683913,0 %, 2411 MHz, 40, 11.40 W
1788702833.402108968,0 %, 2411 MHz, 40, 11.40 W
1788702833.502673686,0 %, 2411 MHz, 40, 11.42 W
1788702833.603419172,0 %, 2411 MHz, 40, 11.42 W
1788702833.703823715,0 %, 2411 MHz, 40, 11.42 W
1788702833.804201010,0 %, 2411 MHz, 40, 11.42 W
1788702833.905122735,0 %, 2411 MHz, 40, 11.42 W
1788702834.005722638,0 %, 2411 MHz, 40, 11.42 W
1788702834.106592539,0 %, 2411 MHz, 40, 11.42 W
1788702834.206851578,0 %, 2411 MHz, 40, 11.42 W
1788702834.307780248,0 %, 2411 MHz, 40, 11.42 W
1788702834.408077031,0 %, 2411 MHz, 40, 11.42 W
1788702834.508560629,0 %, 2411 MHz, 40, 11.42 W
1788702834.609184963,0 %, 2411 MHz, 40, 11.42 W
1788702834.708972963,0 %, 2411 MHz, 40, 11.42 W
1788702834.809726257,0 %, 2411 MHz, 40, 11.42 W
1788702834.910510847,0 %, 2411 MHz, 40, 11.42 W
1788702835.011095917,0 %, 2411 MHz, 40, 11.41 W
1788702835.110909741,0 %, 2411 MHz, 40, 11.41 W
1788702835.211439356,0 %, 2411 MHz, 40, 11.41 W
1788702835.312238905,0 %, 2411 MHz, 40, 11.41 W
1788702835.412712952,0 %, 2411 MHz, 40, 11.41 W
1788702835.513401830,0 %, 2411 MHz, 40, 11.41 W
1788702835.614278835,0 %, 2411 MHz, 40, 11.41 W
1788702835.713947459,0 %, 2411 MHz, 40, 11.41 W
1788702835.814726161,0 %, 2411 MHz, 40, 11.41 W
1788702835.915198879,0 %, 2411 MHz, 40, 11.41 W
1788702836.015513470,0 %, 2411 MHz, 40, 11.41 W
1788702836.115933117,0 %, 2411 MHz, 40, 11.41 W
1788702836.216135516,0 %, 2411 MHz, 40, 11.41 W
1788702836.316128011,0 %, 2411 MHz, 40, 11.41 W
1788702836.416608793,0 %, 2411 MHz, 40, 11.41 W
1788702836.517326711,0 %, 2411 MHz, 40, 11.41 W
1788702836.618179476,0 %, 2411 MHz, 40, 11.41 W
1788702836.718519235,0 %, 2411 MHz, 40, 11.41 W
1788702836.819342224,0 %, 2411 MHz, 40, 11.41 W
1788702836.919691919,0 %, 2411 MHz, 40, 11.41 W
1788702837.020095262,0 %, 2411 MHz, 40, 11.41 W
1788702837.120288140,0 %, 2411 MHz, 40, 11.41 W
1788702837.221138698,0 %, 2411 MHz, 40, 11.41 W
1788702837.321586888,0 %, 2411 MHz, 40, 11.41 W
1788702837.421982934,0 %, 2411 MHz, 40, 11.41 W
1788702837.522379717,0 %, 2411 MHz, 40, 11.41 W
1788702837.623198146,0 %, 2411 MHz, 40, 11.41 W
1788702837.723497441,0 %, 2411 MHz, 40, 11.41 W
1788702837.824423918,0 %, 2411 MHz, 40, 11.41 W
1788702837.924979452,0 %, 2411 MHz, 40, 11.42 W
1788702838.025844057,0 %, 2411 MHz, 40, 11.42 W
1788702838.126439943,0 %, 2411 MHz, 40, 11.42 W
1788702838.227101172,0 %, 2411 MHz, 40, 11.42 W
1788702838.327534243,0 %, 2411 MHz, 40, 11.42 W
1788702838.427952081,0 %, 2411 MHz, 40, 11.43 W
1788702838.528795134,0 %, 2411 MHz, 40, 11.43 W
1788702838.629388252,0 %, 2411 MHz, 40, 11.43 W
1788702838.730200153,0 %, 2411 MHz, 40, 11.43 W
1788702838.830517112,0 %, 2411 MHz, 40, 11.43 W
1788702838.931403109,0 %, 2411 MHz, 40, 11.42 W
1788702839.031691971,0 %, 2411 MHz, 40, 11.42 W
1788702839.131666082,0 %, 2411 MHz, 40, 11.42 W
1788702839.232382320,0 %, 2411 MHz, 40, 11.42 W
1788702839.333275325,0 %, 2411 MHz, 40, 11.42 W
1788702839.433227228,0 %, 2411 MHz, 40, 11.42 W
1788702839.534062233,0 %, 2411 MHz, 40, 11.42 W
1788702839.634909398,0 %, 2411 MHz, 40, 11.42 W
1788702839.735340308,0 %, 2411 MHz, 40, 11.42 W
1788702839.836243041,0 %, 2411 MHz, 40, 11.42 W
1788702839.936565903,0 %, 2411 MHz, 40, 11.42 W
1788702840.037443660,0 %, 2411 MHz, 40, 11.42 W
1788702840.137546123,0 %, 2411 MHz, 40, 11.42 W
1788702840.238292168,0 %, 2411 MHz, 40, 11.42 W
1788702840.339111253,0 %, 2411 MHz, 40, 11.42 W
1788702840.439122788,0 %, 2411 MHz, 40, 11.44 W
1788702840.539929953,0 %, 2411 MHz, 40, 11.44 W
1788702840.640703135,0 %, 2411 MHz, 40, 11.44 W
1788702840.741210748,0 %, 2411 MHz, 40, 11.44 W
1788702840.842063001,0 %, 2411 MHz, 40, 11.44 W
1788702840.942690631,0 %, 2411 MHz, 40, 11.44 W
1788702841.043530884,0 %, 2411 MHz, 40, 11.44 W
1788702841.143652162,0 %, 2411 MHz, 40, 11.44 W
1788702841.244791886,0 %, 2411 MHz, 40, 11.44 W
1788702841.345222204,0 %, 2411 MHz, 40, 11.44 W
1788702841.445637338,0 %, 2411 MHz, 40, 11.44 W
1788702841.546524647,0 %, 2411 MHz, 40, 11.44 W
1788702841.647411124,0 %, 2411 MHz, 40, 11.44 W
1788702841.747947809,0 %, 2411 MHz, 40, 11.44 W
1788702841.848436543,0 %, 2411 MHz, 40, 11.44 W
1788702841.949421260,0 %, 2411 MHz, 40, 11.46 W
1788702842.050169049,0 %, 2411 MHz, 40, 11.46 W
1788702842.150514022,0 %, 2411 MHz, 40, 11.46 W
1788702842.251651234,0 %, 2411 MHz, 40, 11.46 W
1788702842.352031120,0 %, 2411 MHz, 40, 11.46 W
1788702842.452466718,0 %, 2411 MHz, 40, 11.44 W
1788702842.553310203,0 %, 2411 MHz, 40, 11.44 W
1788702842.653778649,0 %, 2411 MHz, 40, 11.44 W
1788702842.754652997,0 %, 2411 MHz, 40, 11.44 W
1788702842.855048643,0 %, 2411 MHz, 40, 11.44 W
1788702842.955298065,0 %, 2411 MHz, 40, 11.45 W
1788702843.056098062,0 %, 2411 MHz, 40, 11.45 W
1788702843.156233916,0 %, 2411 MHz, 40, 11.45 W
1788702843.256838346,0 %, 2411 MHz, 40, 11.45 W
1788702843.357611030,0 %, 2411 MHz, 40, 11.45 W
1788702843.457690789,0 %, 2411 MHz, 40, 11.46 W
1788702843.558457474,0 %, 2411 MHz, 40, 11.46 W
1788702843.659251774,0 %, 2411 MHz, 40, 11.46 W
1788702843.759621724,0 %, 2411 MHz, 40, 11.46 W
1788702843.860019034,0 %, 2411 MHz, 40, 11.46 W
1788702843.960900551,0 %, 2411 MHz, 40, 11.45 W
1788702844.061308388,0 %, 2411 MHz, 40, 11.45 W
1788702844.161987793,0 %, 2411 MHz, 40, 11.45 W
1788702844.262577806,0 %, 2411 MHz, 40, 11.45 W
1788702844.362972764,0 %, 2411 MHz, 40, 11.45 W
1788702844.463094874,0 %, 2411 MHz, 41, 11.45 W
1788702844.564027702,0 %, 2411 MHz, 41, 11.45 W
1788702844.664637123,0 %, 2411 MHz, 41, 11.45 W
1788702844.765437088,0 %, 2411 MHz, 41, 11.45 W
1788702844.865873758,0 %, 2411 MHz, 41, 11.45 W
1788702844.966673514,0 %, 2411 MHz, 40, 11.44 W
1788702845.067211496,0 %, 2411 MHz, 40, 11.44 W
1788702845.167963428,0 %, 2411 MHz, 40, 11.44 W
1788702845.268547793,0 %, 2411 MHz, 40, 11.44 W
1788702845.369446046,0 %, 2411 MHz, 40, 11.44 W
1788702845.469635531,0 %, 2411 MHz, 40, 11.43 W
1788702845.570184425,0 %, 2411 MHz, 40, 11.43 W
1788702845.670443526,0 %, 2411 MHz, 40, 11.43 W
1788702845.771176787,0 %, 2411 MHz, 40, 11.43 W
1788702845.871059378,0 %, 2411 MHz, 40, 11.43 W
1788702845.971578511,0 %, 2411 MHz, 40, 11.44 W
1788702846.071984188,0 %, 2411 MHz, 40, 11.44 W
1788702846.172661225,0 %, 2411 MHz, 40, 11.44 W
1788702846.273199622,0 %, 2411 MHz, 40, 11.44 W
1788702846.373452932,0 %, 2411 MHz, 40, 11.44 W
1788702846.473761810,0 %, 2411 MHz, 40, 11.45 W
1788702846.574602574,0 %, 2411 MHz, 40, 11.45 W
1788702846.674523244,0 %, 2411 MHz, 40, 11.45 W
1788702846.775163433,0 %, 2411 MHz, 40, 11.45 W
1788702846.875516999,0 %, 2411 MHz, 40, 11.45 W
1788702846.976450563,0 %, 2411 MHz, 40, 11.45 W
1788702847.076857824,0 %, 2411 MHz, 40, 11.45 W
1788702847.177085134,0 %, 2411 MHz, 40, 11.45 W
1788702847.277826730,0 %, 2411 MHz, 40, 11.45 W
1788702847.378397095,0 %, 2411 MHz, 40, 11.45 W
1788702847.478399589,0 %, 2411 MHz, 41, 11.44 W
1788702847.579567505,0 %, 2411 MHz, 41, 11.44 W
1788702847.679800766,0 %, 2411 MHz, 41, 11.44 W
1788702847.780204284,0 %, 2411 MHz, 41, 11.44 W
1788702847.880471737,0 %, 2411 MHz, 41, 11.44 W
1788702847.980605847,0 %, 2411 MHz, 41, 11.45 W
1788702848.081610051,0 %, 2411 MHz, 41, 11.45 W
1788702848.181836865,0 %, 2411 MHz, 41, 11.45 W
1788702848.282708909,0 %, 2411 MHz, 41, 11.45 W
1788702848.383494585,0 %, 2411 MHz, 41, 11.45 W
1788702848.483515751,0 %, 2411 MHz, 40, 11.46 W
1788702848.584689858,0 %, 2411 MHz, 40, 11.46 W
1788702848.685621374,0 %, 2411 MHz, 40, 11.46 W
1788702848.784972910,0 %, 2411 MHz, 40, 11.46 W
1788702848.885816602,0 %, 2411 MHz, 40, 11.46 W
1788702848.986380551,0 %, 2411 MHz, 41, 11.47 W
1788702849.086566884,0 %, 2411 MHz, 41, 11.47 W
1788702849.186676386,0 %, 2411 MHz, 41, 11.47 W
1788702849.287309391,0 %, 2411 MHz, 41, 11.47 W
1788702849.388010747,0 %, 2411 MHz, 41, 11.47 W
1788702849.487865273,0 %, 2411 MHz, 41, 11.45 W
1788702849.588628453,0 %, 2411 MHz, 41, 11.45 W
1788702849.689023282,0 %, 2411 MHz, 41, 11.45 W
1788702849.789733535,0 %, 2411 MHz, 41, 11.45 W
1788702849.890447707,0 %, 2411 MHz, 41, 11.45 W
1788702849.990877432,0 %, 2411 MHz, 41, 11.41 W
1788702850.091657396,0 %, 2411 MHz, 41, 11.41 W
1788702850.191749954,0 %, 2411 MHz, 41, 11.41 W
1788702850.291832464,0 %, 2411 MHz, 41, 11.41 W
1788702850.392816011,0 %, 2411 MHz, 41, 11.41 W
1788702850.492670889,0 %, 2411 MHz, 41, 11.42 W
1788702850.592904071,0 %, 2411 MHz, 41, 11.42 W
1788702850.693643523,0 %, 2411 MHz, 41, 11.42 W
1788702850.794060848,0 %, 2411 MHz, 41, 11.42 W
1788702850.894887324,0 %, 2411 MHz, 41, 11.42 W
1788702850.995553960,0 %, 2411 MHz, 41, 11.44 W
1788702851.096233572,0 %, 2411 MHz, 41, 11.44 W
1788702851.196518657,0 %, 2411 MHz, 41, 11.44 W
1788702851.296711279,0 %, 2411 MHz, 41, 11.44 W
1788702851.397638218,0 %, 2411 MHz, 41, 11.44 W
1788702851.497409721,0 %, 2411 MHz, 41, 11.44 W
1788702851.598345860,0 %, 2411 MHz, 41, 11.44 W
1788702851.699139168,0 %, 2411 MHz, 41, 11.44 W
1788702851.799491597,0 %, 2411 MHz, 41, 11.44 W
1788702851.899918826,0 %, 2411 MHz, 41, 11.44 W
1788702851.999786360,0 %, 2411 MHz, 41, 11.44 W
1788702852.100340836,0 %, 2411 MHz, 41, 11.44 W
1788702852.201101520,0 %, 2411 MHz, 41, 11.44 W
1788702852.301507405,0 %, 2411 MHz, 41, 11.44 W
1788702852.402607752,0 %, 2411 MHz, 41, 11.44 W
1788702852.502540214,0 %, 2411 MHz, 41, 11.44 W
1788702852.603694161,0 %, 2411 MHz, 41, 11.44 W
1788702852.704292269,0 %, 2411 MHz, 41, 11.44 W
1788702852.804094603,0 %, 2411 MHz, 41, 11.44 W
1788702852.904727063,0 %, 2411 MHz, 41, 11.44 W
1788702853.005751138,0 %, 2411 MHz, 41, 11.46 W
1788702853.105951664,0 %, 2411 MHz, 41, 11.46 W
1788702853.206251020,0 %, 2411 MHz, 41, 11.46 W
1788702853.305993563,0 %, 2411 MHz, 41, 11.46 W
1788702853.406352615,0 %, 2411 MHz, 41, 11.46 W
1788702853.507143283,0 %, 2411 MHz, 41, 11.48 W
1788702853.607827807,0 %, 2411 MHz, 41, 11.48 W
1788702853.708801962,0 %, 2411 MHz, 41, 11.48 W
1788702853.809549606,0 %, 2411 MHz, 41, 11.48 W
1788702853.910098546,0 %, 2411 MHz, 41, 11.48 W
1788702854.010322031,0 %, 2411 MHz, 41, 11.46 W
1788702854.110537308,0 %, 2411 MHz, 41, 11.46 W
1788702854.211363624,0 %, 2411 MHz, 41, 11.46 W
1788702854.311191686,0 %, 2411 MHz, 41, 11.46 W
1788702854.411920529,0 %, 2411 MHz, 41, 11.46 W
1788702854.512666173,0 %, 2411 MHz, 41, 11.44 W
1788702854.613037786,0 %, 2411 MHz, 41, 11.44 W
1788702854.713767941,0 %, 2411 MHz, 41, 11.44 W
1788702854.813927619,0 %, 2411 MHz, 41, 11.44 W
1788702854.914724510,0 %, 2411 MHz, 41, 11.44 W
1788702855.015070139,0 %, 2411 MHz, 41, 11.43 W
1788702855.115526759,0 %, 2411 MHz, 41, 11.43 W
1788702855.216141027,0 %, 2411 MHz, 41, 11.43 W
1788702855.317059342,0 %, 2411 MHz, 41, 11.43 W
1788702855.417030891,0 %, 2411 MHz, 41, 11.43 W
1788702855.517441416,0 %, 2411 MHz, 41, 11.43 W
1788702855.618184275,0 %, 2411 MHz, 41, 11.43 W
1788702855.718192257,0 %, 2411 MHz, 41, 11.43 W
1788702855.818889885,0 %, 2411 MHz, 41, 11.43 W
1788702855.919376633,0 %, 2411 MHz, 41, 11.43 W
1788702856.020307556,0 %, 2411 MHz, 41, 11.43 W
1788702856.120167057,0 %, 2411 MHz, 41, 11.43 W
1788702856.220663918,0 %, 2411 MHz, 41, 11.43 W
1788702856.320968842,0 %, 2411 MHz, 41, 11.43 W
1788702856.421211111,0 %, 2411 MHz, 41, 11.43 W
1788702856.521933650,0 %, 2411 MHz, 41, 11.43 W
1788702856.622374639,0 %, 2411 MHz, 41, 11.43 W
1788702856.722777627,0 %, 2411 MHz, 41, 11.43 W
1788702856.823369911,0 %, 2411 MHz, 41, 11.43 W
1788702856.923780227,0 %, 2411 MHz, 41, 11.43 W
1788702857.024133919,0 %, 2411 MHz, 41, 11.43 W
1788702857.124752555,0 %, 2411 MHz, 41, 11.43 W
1788702857.225633862,0 %, 2411 MHz, 41, 11.43 W
1788702857.325769059,0 %, 2411 MHz, 41, 11.43 W
1788702857.426147519,0 %, 2411 MHz, 41, 11.44 W
1788702857.526820667,0 %, 2411 MHz, 41, 11.44 W
1788702857.626962871,0 %, 2411 MHz, 41, 11.44 W
1788702857.727586547,0 %, 2411 MHz, 41, 11.44 W
1788702857.828305567,0 %, 2411 MHz, 41, 11.44 W
1788702857.928672171,0 %, 2411 MHz, 41, 11.45 W
1788702858.029020695,0 %, 2411 MHz, 41, 11.45 W
1788702858.129671459,0 %, 2411 MHz, 41, 11.45 W
1788702858.230558846,0 %, 2411 MHz, 41, 11.45 W
1788702858.331313209,0 %, 2411 MHz, 41, 11.45 W
1788702858.431713717,0 %, 2411 MHz, 41, 11.45 W
1788702858.531913233,0 %, 2411 MHz, 41, 11.45 W
1788702858.632270302,0 %, 2411 MHz, 41, 11.45 W
1788702858.733317288,0 %, 2411 MHz, 41, 11.45 W
1788702858.833537141,0 %, 2411 MHz, 41, 11.45 W
1788702858.934314480,0 %, 2411 MHz, 41, 11.44 W
1788702859.034361933,0 %, 2411 MHz, 41, 11.44 W
1788702859.134567177,0 %, 2411 MHz, 41, 11.44 W
1788702859.235210293,0 %, 2411 MHz, 41, 11.44 W
1788702859.335608625,0 %, 2411 MHz, 41, 11.44 W
1788702859.436651963,0 %, 2411 MHz, 41, 11.44 W
1788702859.537193383,0 %, 2411 MHz, 41, 11.44 W
1788702859.637168868,0 %, 2411 MHz, 41, 11.44 W
1788702859.738241422,0 %, 2411 MHz, 41, 11.44 W
1788702859.838518010,0 %, 2411 MHz, 41, 11.44 W
1788702859.938822455,0 %, 2411 MHz, 41, 11.42 W
1788702860.039105523,0 %, 2411 MHz, 41, 11.42 W
1788702860.140059517,0 %, 2411 MHz, 41, 11.42 W
1788702860.240507513,0 %, 2411 MHz, 41, 11.42 W
1788702860.341411908,0 %, 2411 MHz, 41, 11.42 W
1788702860.441279553,0 %, 2411 MHz, 41, 11.41 W
1788702860.541507293,0 %, 2411 MHz, 41, 11.41 W
1788702860.642502888,0 %, 2411 MHz, 41, 11.41 W
1788702860.742816532,0 %, 2411 MHz, 41, 11.41 W
1788702860.843160912,0 %, 2411 MHz, 41, 11.41 W
1788702860.943996299,0 %, 2411 MHz, 41, 11.42 W
1788702861.044643830,0 %, 2411 MHz, 41, 11.42 W
1788702861.144912530,0 %, 2411 MHz, 41, 11.42 W
1788702861.245322142,0 %, 2411 MHz, 41, 11.42 W
1788702861.346125305,0 %, 2411 MHz, 41, 11.42 W
1788702861.446425541,0 %, 2411 MHz, 41, 11.43 W
1788702861.546520689,0 %, 2411 MHz, 41, 11.43 W
1788702861.647183260,0 %, 2411 MHz, 41, 11.43 W
1788702861.748075895,0 %, 2411 MHz, 41, 11.43 W
1788702861.848725698,0 %, 2411 MHz, 41, 11.43 W
1788702861.949556941,0 %, 2411 MHz, 41, 11.44 W
1788702862.049975944,0 %, 2411 MHz, 41, 11.44 W
1788702862.150136341,0 %, 2411 MHz, 41, 11.44 W
1788702862.250350305,0 %, 2411 MHz, 41, 11.44 W
1788702862.351191179,0 %, 2411 MHz, 41, 11.44 W
1788702862.451631287,0 %, 2411 MHz, 41, 11.44 W
1788702862.552420546,0 %, 2411 MHz, 41, 11.44 W
1788702862.652865933,0 %, 2411 MHz, 41, 11.44 W
1788702862.753078121,0 %, 2411 MHz, 41, 11.44 W
1788702862.854067252,0 %, 2411 MHz, 41, 11.44 W
1788702862.954406847,0 %, 2411 MHz, 41, 11.44 W
1788702863.054835275,0 %, 2411 MHz, 41, 11.44 W
1788702863.155252471,0 %, 2411 MHz, 41, 11.44 W
1788702863.255730466,0 %, 2411 MHz, 41, 11.44 W
1788702863.355947438,0 %, 2411 MHz, 41, 11.44 W
1788702863.456762729,0 %, 2411 MHz, 41, 11.44 W
1788702863.557217556,0 %, 2411 MHz, 41, 11.44 W
1788702863.657616416,0 %, 2411 MHz, 41, 11.44 W
1788702863.758436858,0 %, 2411 MHz, 41, 11.44 W
1788702863.859049669,0 %, 2411 MHz, 41, 11.44 W
1788702863.959377137,0 %, 2411 MHz, 41, 11.45 W
1788702864.060191499,0 %, 2411 MHz, 41, 11.45 W
1788702864.159901993,0 %, 2411 MHz, 41, 11.45 W
1788702864.260774115,0 %, 2411 MHz, 41, 11.45 W
1788702864.361089070,0 %, 2411 MHz, 41, 11.45 W
1788702864.461825529,0 %, 2411 MHz, 41, 11.46 W
1788702864.562117157,0 %, 2411 MHz, 41, 11.46 W
1788702864.662400049,0 %, 2411 MHz, 41, 11.46 W
1788702864.763582330,0 %, 2411 MHz, 41, 11.46 W
1788702864.863938038,0 %, 2411 MHz, 41, 11.46 W
1788702864.964111650,0 %, 2411 MHz, 41, 11.46 W
1788702865.064342334,0 %, 2411 MHz, 41, 11.46 W
1788702865.165513239,0 %, 2411 MHz, 41, 11.46 W
1788702865.265675011,0 %, 2411 MHz, 41, 11.46 W
1788702865.366646909,0 %, 2411 MHz, 41, 11.46 W
1788702865.466331450,0 %, 2411 MHz, 41, 11.44 W
1788702865.567265172,0 %, 2411 MHz, 41, 11.44 W
1788702865.667150449,0 %, 2411 MHz, 41, 11.44 W
1788702865.767595772,0 %, 2411 MHz, 41, 11.44 W
1788702865.868613942,0 %, 2411 MHz, 41, 11.44 W
1788702865.969026705,0 %, 2411 MHz, 41, 11.44 W
1788702866.069053741,0 %, 2411 MHz, 41, 11.44 W
1788702866.169449561,0 %, 2411 MHz, 41, 11.44 W
1788702866.270467026,0 %, 2411 MHz, 41, 11.44 W
1788702866.370571870,0 %, 2411 MHz, 41, 11.44 W
1788702866.470992106,0 %, 2411 MHz, 41, 11.43 W
1788702866.571072838,0 %, 2411 MHz, 41, 11.43 W
1788702866.671226625,0 %, 2411 MHz, 41, 11.43 W
1788702866.772002332,0 %, 2411 MHz, 41, 11.43 W
1788702866.872360551,0 %, 2411 MHz, 41, 11.43 W
1788702866.972738178,0 %, 2411 MHz, 41, 11.41 W
1788702867.073995212,0 %, 2411 MHz, 41, 11.41 W
1788702867.174238631,0 %, 2411 MHz, 41, 11.41 W
1788702867.274605762,0 %, 2411 MHz, 41, 11.41 W
1788702867.375356861,0 %, 2411 MHz, 41, 11.41 W
1788702867.475340809,0 %, 2411 MHz, 41, 11.42 W
1788702867.575562548,0 %, 2411 MHz, 41, 11.42 W
1788702867.675826416,0 %, 2411 MHz, 41, 11.42 W
1788702867.776145787,0 %, 2411 MHz, 41, 11.42 W
1788702867.876985477,0 %, 2411 MHz, 41, 11.42 W
1788702867.977233617,0 %, 2411 MHz, 41, 11.43 W
1788702868.077925419,0 %, 2411 MHz, 41, 11.43 W
1788702868.178351078,0 %, 2411 MHz, 41, 11.43 W
1788702868.279273552,0 %, 2411 MHz, 41, 11.43 W
1788702868.379429916,0 %, 2411 MHz, 41, 11.43 W
1788702868.479776279,0 %, 2411 MHz, 41, 11.43 W
1788702868.580176034,0 %, 2411 MHz, 41, 11.43 W
1788702868.680431117,0 %, 2411 MHz, 41, 11.43 W
1788702868.781300775,0 %, 2411 MHz, 41, 11.43 W
1788702868.881604146,0 %, 2411 MHz, 41, 11.43 W
1788702868.982505676,0 %, 2411 MHz, 41, 11.44 W
1788702869.082996247,0 %, 2411 MHz, 41, 11.44 W
1788702869.183508417,0 %, 2411 MHz, 41, 11.44 W
1788702869.284162268,0 %, 2411 MHz, 41, 11.44 W
1788702869.384535735,0 %, 2411 MHz, 41, 11.44 W
1788702869.485055042,0 %, 2411 MHz, 41, 11.44 W
1788702869.585159709,0 %, 2411 MHz, 41, 11.44 W
1788702869.685697128,0 %, 2411 MHz, 41, 11.44 W
1788702869.786292914,0 %, 2411 MHz, 41, 11.44 W
1788702869.886793309,0 %, 2411 MHz, 41, 11.44 W
1788702869.987471031,0 %, 2411 MHz, 41, 11.44 W
1788702870.088065394,0 %, 2411 MHz, 41, 11.44 W
1788702870.188038637,0 %, 2411 MHz, 41, 11.44 W
1788702870.288735864,0 %, 2411 MHz, 41, 11.44 W
1788702870.389157762,0 %, 2411 MHz, 41, 11.44 W
1788702870.489227870,0 %, 2411 MHz, 41, 11.43 W
1788702870.589649241,0 %, 2411 MHz, 41, 11.43 W
1788702870.689886276,0 %, 2411 MHz, 41, 11.43 W
1788702870.790087535,0 %, 2411 MHz, 41, 11.43 W
1788702870.890204507,0 %, 2411 MHz, 41, 11.43 W
1788702870.990020647,0 %, 2411 MHz, 41, 11.45 W
1788702871.090512258,0 %, 2411 MHz, 41, 11.45 W
1788702871.191272476,0 %, 2411 MHz, 41, 11.45 W
1788702871.291400311,0 %, 2411 MHz, 41, 11.45 W
1788702871.391577442,0 %, 2411 MHz, 41, 11.45 W
1788702871.492095901,0 %, 2411 MHz, 41, 11.47 W
1788702871.592567143,0 %, 2411 MHz, 41, 11.47 W
1788702871.693188193,0 %, 2411 MHz, 41, 11.47 W
1788702871.793836348,0 %, 2411 MHz, 41, 11.47 W
1788702871.894425286,0 %, 2411 MHz, 41, 11.47 W
1788702871.995132032,0 %, 2411 MHz, 41, 11.44 W
1788702872.095536234,0 %, 2411 MHz, 41, 11.44 W
1788702872.196557156,0 %, 2411 MHz, 41, 11.44 W
1788702872.297027774,0 %, 2411 MHz, 41, 11.44 W
1788702872.397443257,0 %, 2411 MHz, 41, 11.44 W
1788702872.497964483,0 %, 2411 MHz, 41, 11.43 W
1788702872.598339326,0 %, 2411 MHz, 41, 11.43 W
1788702872.699262647,0 %, 2411 MHz, 41, 11.43 W
1788702872.799533858,0 %, 2411 MHz, 41, 11.43 W
1788702872.899989148,0 %, 2411 MHz, 41, 11.43 W
1788702873.000790630,0 %, 2411 MHz, 41, 11.44 W
1788702873.101294736,0 %, 2411 MHz, 41, 11.44 W
1788702873.202129802,0 %, 2411 MHz, 41, 11.44 W
1788702873.302472389,0 %, 2411 MHz, 41, 11.44 W
1788702873.403024927,0 %, 2411 MHz, 41, 11.44 W
1788702873.503136090,0 %, 2411 MHz, 41, 11.44 W
1788702873.604122803,0 %, 2411 MHz, 41, 11.44 W
1788702873.704270718,0 %, 2411 MHz, 41, 11.44 W
1788702873.804393913,0 %, 2411 MHz, 41, 11.44 W
1788702873.905272147,0 %, 2411 MHz, 41, 11.44 W
1788702874.005494638,0 %, 2411 MHz, 41, 11.44 W
1788702874.106267735,0 %, 2411 MHz, 41, 11.44 W
1788702874.206878785,0 %, 2411 MHz, 41, 11.44 W
1788702874.307705930,0 %, 2411 MHz, 41, 11.44 W
1788702874.408667716,0 %, 2411 MHz, 41, 11.44 W
1788702874.508748559,0 %, 2411 MHz, 41, 11.44 W
1788702874.609288441,0 %, 2411 MHz, 41, 11.44 W
1788702874.710354018,0 %, 2411 MHz, 41, 11.44 W
1788702874.810987691,0 %, 2411 MHz, 41, 11.44 W
1788702874.911807157,0 %, 2411 MHz, 41, 11.44 W
1788702875.012380143,0 %, 2411 MHz, 41, 11.44 W
1788702875.113210552,0 %, 2411 MHz, 41, 11.44 W
1788702875.213446323,0 %, 2411 MHz, 41, 11.44 W
1788702875.314350428,0 %, 2411 MHz, 41, 11.44 W
1788702875.414964934,0 %, 2411 MHz, 41, 11.44 W
1788702875.515052753,0 %, 2411 MHz, 41, 11.44 W
1788702875.616068634,0 %, 2411 MHz, 41, 11.44 W
1788702875.715844053,0 %, 2411 MHz, 41, 11.44 W
1788702875.816849870,0 %, 2411 MHz, 41, 11.44 W
1788702875.917695656,0 %, 2411 MHz, 41, 11.44 W
1788702876.018381681,0 %, 2411 MHz, 41, 11.44 W
1788702876.119051755,0 %, 2411 MHz, 41, 11.44 W
1788702876.220014996,0 %, 2411 MHz, 41, 11.44 W
1788702876.320394814,0 %, 2411 MHz, 41, 11.44 W
1788702876.421019319,0 %, 2411 MHz, 41, 11.44 W
1788702876.521114210,0 %, 2411 MHz, 41, 11.44 W
1788702876.621996652,0 %, 2411 MHz, 41, 11.44 W
1788702876.723074180,0 %, 2411 MHz, 41, 11.44 W
1788702876.823529982,0 %, 2411 MHz, 41, 11.44 W
1788702876.924370071,0 %, 2411 MHz, 41, 11.44 W
1788702877.024671266,0 %, 2411 MHz, 41, 11.45 W
1788702877.125292347,0 %, 2411 MHz, 41, 11.45 W
1788702877.226220580,0 %, 2411 MHz, 41, 11.45 W
1788702877.325489313,0 %, 2411 MHz, 41, 11.45 W
1788702877.426312138,0 %, 2411 MHz, 41, 11.45 W
1788702877.526603940,0 %, 2411 MHz, 41, 11.45 W
1788702877.627583645,0 %, 2411 MHz, 41, 11.45 W
1788702877.728204503,0 %, 2411 MHz, 41, 11.45 W
1788702877.829017056,0 %, 2411 MHz, 41, 11.45 W
1788702877.929566858,0 %, 2411 MHz, 41, 11.44 W
1788702878.030401123,0 %, 2411 MHz, 41, 11.44 W
1788702878.131414699,0 %, 2411 MHz, 41, 11.44 W
1788702878.231212135,0 %, 2411 MHz, 41, 11.44 W
1788702878.331331313,0 %, 2411 MHz, 41, 11.44 W
1788702878.432010123,0 %, 2411 MHz, 41, 11.45 W
1788702878.531844406,0 %, 2411 MHz, 41, 11.45 W
1788702878.632757279,0 %, 2411 MHz, 41, 11.45 W
1788702878.732831226,0 %, 2411 MHz, 41, 11.45 W
1788702878.833683283,0 %, 2411 MHz, 41, 11.45 W
1788702878.933525358,0 %, 2411 MHz, 41, 11.45 W
1788702879.034170711,0 %, 2411 MHz, 41, 11.45 W
1788702879.134256482,0 %, 2411 MHz, 41, 11.45 W
1788702879.234297389,0 %, 2411 MHz, 41, 11.45 W
1788702879.334547431,0 %, 2411 MHz, 41, 11.45 W
1788702879.435047009,0 %, 2411 MHz, 41, 11.47 W
1788702879.535179419,0 %, 2411 MHz, 41, 11.47 W
1788702879.635607077,0 %, 2411 MHz, 41, 11.47 W
1788702879.735710016,0 %, 2411 MHz, 41, 11.47 W
1788702879.836566185,0 %, 2411 MHz, 41, 11.47 W
1788702879.936438804,0 %, 2411 MHz, 41, 11.46 W
1788702880.037260141,0 %, 2411 MHz, 41, 11.46 W
1788702880.137235720,0 %, 2411 MHz, 41, 11.46 W
1788702880.237628257,0 %, 2411 MHz, 41, 11.46 W
1788702880.337689564,0 %, 2411 MHz, 41, 11.46 W
1788702880.437811271,0 %, 2411 MHz, 41, 11.44 W
1788702880.537865441,0 %, 2411 MHz, 41, 11.44 W
1788702880.638001452,0 %, 2411 MHz, 41, 11.44 W
1788702880.738126006,0 %, 2411 MHz, 41, 11.44 W
1788702880.838227457,0 %, 2411 MHz, 41, 11.44 W
1788702880.938345835,0 %, 2411 MHz, 41, 11.43 W
1788702881.038498534,0 %, 2411 MHz, 41, 11.43 W
1788702881.138572128,0 %, 2411 MHz, 41, 11.43 W
1788702881.238732186,0 %, 2411 MHz, 41, 11.43 W
1788702881.338835637,0 %, 2411 MHz, 41, 11.43 W
1788702881.438959471,0 %, 2411 MHz, 41, 11.42 W
1788702881.538930202,0 %, 2411 MHz, 41, 11.42 W
1788702881.639172452,0 %, 2411 MHz, 41, 11.42 W
1788702881.739319870,0 %, 2411 MHz, 41, 11.42 W
1788702881.839464073,0 %, 2411 MHz, 41, 11.42 W
1788702881.939584579,0 %, 2411 MHz, 41, 11.43 W
1788702882.039457806,0 %, 2411 MHz, 41, 11.43 W
1788702882.140003671,0 %, 2411 MHz, 41, 11.43 W
1788702882.239992050,0 %, 2411 MHz, 41, 11.43 W
1788702882.339984797,0 %, 2411 MHz, 41, 11.43 W
1788702882.440156167,0 %, 2411 MHz, 41, 11.43 W
1788702882.540015122,0 %, 2411 MHz, 41, 11.43 W
1788702882.640378971,0 %, 2411 MHz, 41, 11.43 W
1788702882.740502454,0 %, 2411 MHz, 41, 11.43 W
1788702882.840617728,0 %, 2411 MHz, 41, 11.43 W
1788702882.940755802,0 %, 2411 MHz, 41, 11.43 W
1788702883.040856677,0 %, 2411 MHz, 41, 11.43 W
1788702883.141246110,0 %, 2411 MHz, 41, 11.43 W
1788702883.241982823,0 %, 2411 MHz, 41, 11.43 W
1788702883.342069105,0 %, 2411 MHz, 41, 11.43 W
1788702883.441889708,0 %, 2411 MHz, 41, 11.42 W
1788702883.541729223,0 %, 2411 MHz, 41, 11.42 W
1788702883.642133072,0 %, 2411 MHz, 41, 11.42 W
1788702883.743028633,0 %, 2411 MHz, 41, 11.42 W
1788702883.843018691,0 %, 2411 MHz, 41, 11.42 W
1788702883.943768572,0 %, 2411 MHz, 41, 11.42 W
1788702884.043888518,0 %, 2411 MHz, 41, 11.42 W
1788702884.144576255,0 %, 2411 MHz, 41, 11.42 W
1788702884.244588137,0 %, 2411 MHz, 41, 11.42 W
1788702884.344789155,0 %, 2411 MHz, 41, 11.42 W
1788702884.445068909,0 %, 2411 MHz, 41, 11.42 W
1788702884.545417558,0 %, 2411 MHz, 41, 11.42 W
1788702884.646275006,0 %, 2411 MHz, 41, 11.42 W
1788702884.746269273,0 %, 2411 MHz, 41, 11.42 W
1788702884.847049953,0 %, 2411 MHz, 41, 11.42 W
1788702884.947234955,0 %, 2411 MHz, 41, 11.42 W
1788702885.047830244,0 %, 2411 MHz, 41, 11.42 W
1788702885.148501757,0 %, 2411 MHz, 41, 11.42 W
1788702885.248826550,0 %, 2411 MHz, 41, 11.42 W
1788702885.349761694,0 %, 2411 MHz, 41, 11.42 W
1788702885.450173959,0 %, 2411 MHz, 41, 11.43 W
1788702885.550431553,0 %, 2411 MHz, 41, 11.43 W
1788702885.651552505,0 %, 2411 MHz, 41, 11.43 W
1788702885.751260548,0 %, 2411 MHz, 41, 11.43 W
1788702885.851593181,0 %, 2411 MHz, 41, 11.43 W
1788702885.952728421,0 %, 2411 MHz, 41, 11.43 W
1788702886.052764319,0 %, 2411 MHz, 41, 11.43 W
1788702886.153926342,0 %, 2411 MHz, 41, 11.43 W
1788702886.253166706,0 %, 2411 MHz, 41, 11.43 W
1788702886.353880683,0 %, 2411 MHz, 41, 11.43 W
1788702886.453832133,0 %, 2411 MHz, 41, 11.43 W
1788702886.554020911,0 %, 2411 MHz, 41, 11.43 W
1788702886.655220710,0 %, 2411 MHz, 41, 11.43 W
1788702886.755560031,0 %, 2411 MHz, 41, 11.43 W
1788702886.856088872,0 %, 2411 MHz, 41, 11.43 W
1788702886.956698145,0 %, 2411 MHz, 41, 11.43 W
1788702887.057193770,0 %, 2411 MHz, 41, 11.43 W
1788702887.157157140,0 %, 2411 MHz, 41, 11.43 W
1788702887.257918156,0 %, 2411 MHz, 41, 11.43 W
1788702887.358054246,0 %, 2411 MHz, 41, 11.43 W
1788702887.458729278,0 %, 2411 MHz, 41, 11.43 W
1788702887.558099930,0 %, 2411 MHz, 41, 11.43 W
1788702887.659749664,0 %, 2411 MHz, 41, 11.43 W
1788702887.759286875,0 %, 2411 MHz, 41, 11.43 W
1788702887.859677444,0 %, 2411 MHz, 41, 11.43 W
1788702887.959630559,0 %, 2411 MHz, 41, 11.42 W
1788702888.060190727,0 %, 2411 MHz, 41, 11.42 W
1788702888.160239073,0 %, 2411 MHz, 41, 11.42 W
1788702888.260544010,0 %, 2411 MHz, 41, 11.42 W
1788702888.360472997,0 %, 2411 MHz, 41, 11.42 W
1788702888.461245117,0 %, 2411 MHz, 41, 11.43 W
1788702888.561085591,0 %, 2411 MHz, 41, 11.43 W
1788702888.661571536,0 %, 2411 MHz, 41, 11.43 W
1788702888.761652170,0 %, 2411 MHz, 41, 11.43 W
1788702888.861785747,0 %, 2411 MHz, 41, 11.43 W
1788702888.961893757,0 %, 2411 MHz, 41, 11.44 W
1788702889.062103190,0 %, 2411 MHz, 41, 11.44 W
1788702889.162041776,0 %, 2411 MHz, 41, 11.44 W
1788702889.263211319,0 %, 2411 MHz, 41, 11.44 W
1788702889.362937522,0 %, 2411 MHz, 41, 11.44 W
1788702889.463690058,0 %, 2411 MHz, 41, 11.43 W
1788702889.563356597,0 %, 2411 MHz, 41, 11.43 W
1788702889.664562700,0 %, 2411 MHz, 41, 11.43 W
1788702889.764405718,0 %, 2411 MHz, 41, 11.43 W
1788702889.865298926,0 %, 2411 MHz, 41, 11.43 W
1788702889.965314199,0 %, 2411 MHz, 41, 11.43 W
1788702890.066011440,0 %, 2411 MHz, 41, 11.43 W
1788702890.166242041,0 %, 2411 MHz, 41, 11.43 W
1788702890.267506160,0 %, 2411 MHz, 41, 11.43 W
1788702890.366926043,0 %, 2411 MHz, 41, 11.43 W
1788702890.467629507,0 %, 2411 MHz, 41, 11.44 W
1788702890.567678860,0 %, 2411 MHz, 41, 11.44 W
1788702890.668700228,0 %, 2411 MHz, 41, 11.44 W
1788702890.769058477,0 %, 2411 MHz, 41, 11.44 W
1788702890.868927399,0 %, 2411 MHz, 41, 11.44 W
1788702890.969303344,0 %, 2411 MHz, 41, 11.44 W
1788702891.069234762,0 %, 2411 MHz, 41, 11.44 W
1788702891.169942274,0 %, 2411 MHz, 41, 11.44 W
1788702891.269335085,0 %, 2411 MHz, 41, 11.44 W
1788702891.370190180,0 %, 2411 MHz, 41, 11.44 W
1788702891.469736655,0 %, 2411 MHz, 41, 11.44 W
1788702891.569385322,0 %, 2411 MHz, 41, 11.44 W
1788702891.669915746,0 %, 2411 MHz, 41, 11.44 W
1788702891.770019707,0 %, 2411 MHz, 41, 11.44 W
1788702891.870169637,0 %, 2411 MHz, 41, 11.44 W
1788702891.970716573,0 %, 2411 MHz, 41, 11.44 W
1788702892.070723943,0 %, 2411 MHz, 41, 11.44 W
1788702892.170577633,0 %, 2411 MHz, 41, 11.44 W
1788702892.270717066,0 %, 2411 MHz, 41, 11.44 W
1788702892.370807427,0 %, 2411 MHz, 41, 11.44 W
1788702892.470952845,0 %, 2411 MHz, 41, 11.43 W
1788702892.570742727,0 %, 2411 MHz, 41, 11.43 W
1788702892.671177439,0 %, 2411 MHz, 41, 11.43 W
1788702892.771702695,0 %, 2411 MHz, 41, 11.43 W
1788702892.871721105,0 %, 2411 MHz, 41, 11.43 W
1788702892.971559819,0 %, 2411 MHz, 41, 11.43 W
1788702893.071680052,0 %, 2411 MHz, 41, 11.43 W
1788702893.171802573,0 %, 2411 MHz, 41, 11.43 W
1788702893.271950871,0 %, 2411 MHz, 41, 11.43 W
1788702893.372058016,0 %, 2411 MHz, 41, 11.43 W
1788702893.472167353,0 %, 2411 MHz, 41, 11.43 W
1788702893.571984723,0 %, 2411 MHz, 41, 11.43 W
1788702893.672763483,0 %, 2411 MHz, 41, 11.43 W
1788702893.772571861,0 %, 2411 MHz, 41, 11.43 W
1788702893.872658510,0 %, 2411 MHz, 41, 11.43 W
1788702893.972827063,0 %, 2411 MHz, 41, 11.43 W
1788702894.072888096,0 %, 2411 MHz, 41, 11.43 W
1788702894.173277961,0 %, 2411 MHz, 41, 11.43 W
1788702894.273056595,0 %, 2411 MHz, 41, 11.43 W
1788702894.373176732,0 %, 2411 MHz, 41, 11.43 W
1788702894.473315077,0 %, 2411 MHz, 41, 11.42 W
1788702894.573051775,0 %, 2411 MHz, 41, 11.42 W
1788702894.673491959,0 %, 2411 MHz, 41, 11.42 W
1788702894.773569824,0 %, 2411 MHz, 41, 11.42 W
1788702894.873686153,0 %, 2411 MHz, 41, 11.42 W
1788702894.973766707,0 %, 2411 MHz, 41, 11.41 W
1788702895.073854636,0 %, 2411 MHz, 41, 11.41 W
1788702895.173981477,0 %, 2411 MHz, 41, 11.41 W
1788702895.274037246,0 %, 2411 MHz, 41, 11.41 W
1788702895.374138087,0 %, 2411 MHz, 41, 11.41 W
1788702895.474708431,0 %, 2411 MHz, 41, 11.41 W
1788702895.574432761,0 %, 2411 MHz, 41, 11.41 W
1788702895.675257776,0 %, 2411 MHz, 41, 11.41 W
1788702895.774964330,0 %, 2411 MHz, 41, 11.41 W
1788702895.875769585,0 %, 2411 MHz, 41, 11.41 W
1788702895.975949322,0 %, 2411 MHz, 41, 11.41 W
1788702896.076852225,0 %, 2411 MHz, 41, 11.41 W
1788702896.177384617,0 %, 2411 MHz, 41, 11.41 W
1788702896.277734993,0 %, 2411 MHz, 41, 11.41 W
1788702896.377509067,0 %, 2411 MHz, 41, 11.41 W
1788702896.478204323,0 %, 2411 MHz, 41, 11.43 W
1788702896.578361211,0 %, 2411 MHz, 41, 11.43 W
1788702896.679237411,0 %, 2411 MHz, 41, 11.43 W
1788702896.779839850,0 %, 2411 MHz, 41, 11.43 W
1788702896.880531474,0 %, 2411 MHz, 41, 11.43 W
1788702896.981236313,0 %, 2411 MHz, 41, 11.42 W
1788702897.081215602,0 %, 2411 MHz, 41, 11.42 W
1788702897.181536763,0 %, 2411 MHz, 41, 11.42 W
1788702897.281554324,0 %, 2411 MHz, 41, 11.42 W
1788702897.382428219,0 %, 2411 MHz, 41, 11.42 W
1788702897.482116804,0 %, 2411 MHz, 41, 11.41 W
1788702897.582405469,0 %, 2411 MHz, 41, 11.41 W
1788702897.682760661,0 %, 2411 MHz, 41, 11.41 W
1788702897.783534476,0 %, 2411 MHz, 41, 11.41 W
1788702897.883717957,0 %, 2411 MHz, 41, 11.41 W
1788702897.984560124,0 %, 2411 MHz, 41, 11.43 W
1788702898.084603749,0 %, 2411 MHz, 41, 11.43 W
1788702898.184753806,0 %, 2411 MHz, 41, 11.43 W
1788702898.284943046,0 %, 2411 MHz, 41, 11.43 W
1788702898.385723309,0 %, 2411 MHz, 41, 11.43 W
1788702898.485950662,0 %, 2411 MHz, 41, 11.43 W
1788702898.586088430,0 %, 2411 MHz, 41, 11.43 W
1788702898.687014597,0 %, 2411 MHz, 41, 11.43 W
1788702898.787847356,0 %, 2411 MHz, 41, 11.43 W
1788702898.888205956,0 %, 2411 MHz, 41, 11.43 W
1788702898.988145901,0 %, 2411 MHz, 41, 11.42 W
1788702899.089125444,0 %, 2411 MHz, 41, 11.42 W
1788702899.189199852,0 %, 2411 MHz, 41, 11.42 W
1788702899.290102755,0 %, 2411 MHz, 41, 11.42 W
1788702899.390706363,0 %, 2411 MHz, 41, 11.42 W
1788702899.490755635,0 %, 2411 MHz, 41, 11.42 W
1788702899.590607485,0 %, 2411 MHz, 41, 11.42 W
1788702899.691202564,0 %, 2411 MHz, 41, 11.42 W
1788702899.792037723,0 %, 2411 MHz, 41, 11.42 W
1788702899.892633250,0 %, 2411 MHz, 41, 11.42 W
1788702899.993462313,0 %, 2411 MHz, 41, 11.43 W
1788702900.095138542,0 %, 2411 MHz, 41, 11.43 W
1788702900.195446934,0 %, 2411 MHz, 41, 11.43 W
1788702900.294805920,0 %, 2411 MHz, 41, 11.43 W
1788702900.395161736,0 %, 2411 MHz, 41, 11.43 W
1788702900.496138111,0 %, 2411 MHz, 41, 11.44 W
1788702900.595961560,0 %, 2411 MHz, 41, 11.44 W
1788702900.697050846,0 %, 2411 MHz, 41, 11.44 W
1788702900.797239014,0 %, 2411 MHz, 41, 11.44 W
1788702900.898231277,0 %, 2411 MHz, 41, 11.44 W
1788702900.999339491,0 %, 2411 MHz, 41, 11.43 W
1788702901.099449227,0 %, 2411 MHz, 41, 11.43 W
1788702901.200753185,0 %, 2411 MHz, 41, 11.43 W
1788702901.300886281,0 %, 2411 MHz, 41, 11.43 W
1788702901.401701904,0 %, 2411 MHz, 41, 11.43 W
1788702901.502211975,0 %, 2411 MHz, 41, 11.41 W
1788702901.602239904,0 %, 2411 MHz, 41, 11.41 W
1788702901.703466853,0 %, 2411 MHz, 41, 11.41 W
1788702901.803874541,0 %, 2411 MHz, 41, 11.41 W
1788702901.904498292,0 %, 2411 MHz, 41, 11.41 W
1788702902.005192299,0 %, 2411 MHz, 41, 11.42 W
1788702902.105780211,0 %, 2411 MHz, 41, 11.42 W
1788702902.206831433,0 %, 2411 MHz, 41, 11.42 W
1788702902.307530063,0 %, 2411 MHz, 41, 11.42 W
1788702902.407878359,0 %, 2411 MHz, 41, 11.42 W
1788702902.508446110,0 %, 2411 MHz, 41, 11.43 W
1788702902.608490343,0 %, 2411 MHz, 41, 11.43 W
1788702902.709497053,0 %, 2411 MHz, 41, 11.43 W
1788702902.810060196,0 %, 2411 MHz, 41, 11.43 W
1788702902.910243388,0 %, 2411 MHz, 41, 11.43 W
1788702903.011109971,0 %, 2411 MHz, 41, 11.43 W
1788702903.112018649,0 %, 2411 MHz, 41, 11.43 W
1788702903.213008799,0 %, 2411 MHz, 41, 11.43 W
1788702903.313022808,0 %, 2411 MHz, 41, 11.43 W
1788702903.413831966,0 %, 2411 MHz, 41, 11.43 W
1788702903.514334517,0 %, 2411 MHz, 41, 11.43 W
1788702903.614438190,0 %, 2411 MHz, 41, 11.43 W
1788702903.715756739,0 %, 2411 MHz, 41, 11.43 W
1788702903.816732297,0 %, 2411 MHz, 41, 11.43 W
1788702903.916617394,0 %, 2411 MHz, 41, 11.43 W
1788702904.017003033,0 %, 2411 MHz, 41, 11.44 W
1788702904.117349233,0 %, 2411 MHz, 41, 11.44 W
1788702904.218512503,0 %, 2411 MHz, 41, 11.44 W
1788702904.318550511,0 %, 2411 MHz, 41, 11.44 W
1788702904.418941494,0 %, 2411 MHz, 41, 11.44 W
1788702904.519122990,0 %, 2411 MHz, 41, 11.45 W
1788702904.619284934,0 %, 2411 MHz, 41, 11.45 W
1788702904.720264284,0 %, 2411 MHz, 41, 11.45 W
1788702904.820826403,0 %, 2411 MHz, 41, 11.45 W
1788702904.921557626,0 %, 2411 MHz, 41, 11.45 W
1788702905.022160273,0 %, 2411 MHz, 41, 11.44 W
1788702905.122873415,0 %, 2411 MHz, 41, 11.44 W
1788702905.224527900,0 %, 2411 MHz, 41, 11.44 W
1788702905.324111221,0 %, 2411 MHz, 41, 11.44 W
1788702905.424649724,0 %, 2411 MHz, 41, 11.44 W
1788702905.525581890,0 %, 2411 MHz, 41, 11.44 W
1788702905.626036601,0 %, 2411 MHz, 41, 11.44 W
1788702905.725918162,0 %, 2411 MHz, 41, 11.44 W
1788702905.826739000,0 %, 2411 MHz, 41, 11.44 W
1788702905.927358447,0 %, 2411 MHz, 41, 11.44 W
1788702906.027622503,0 %, 2411 MHz, 41, 11.44 W
1788702906.127895198,0 %, 2411 MHz, 41, 11.44 W
1788702906.228750084,0 %, 2411 MHz, 41, 11.44 W
1788702906.329220411,0 %, 2411 MHz, 41, 11.44 W
1788702906.429468691,0 %, 2411 MHz, 41, 11.44 W
1788702906.530050026,0 %, 2411 MHz, 41, 11.44 W
1788702906.630194258,0 %, 2411 MHz, 41, 11.44 W
1788702906.731083048,0 %, 2411 MHz, 41, 11.44 W
1788702906.831752926,0 %, 2411 MHz, 41, 11.44 W
1788702906.932302277,0 %, 2411 MHz, 41, 11.44 W
1788702907.032574237,0 %, 2411 MHz, 41, 11.44 W
1788702907.132418229,0 %, 2411 MHz, 41, 11.44 W
1788702907.233225563,0 %, 2411 MHz, 41, 11.44 W
1788702907.334059025,0 %, 2411 MHz, 41, 11.44 W
1788702907.434725496,0 %, 2411 MHz, 41, 11.43 W
1788702907.535341646,0 %, 2411 MHz, 41, 11.43 W
1788702907.634935863,0 %, 2411 MHz, 41, 11.43 W
1788702907.735925837,0 %, 2411 MHz, 41, 11.43 W
1788702907.836919267,0 %, 2411 MHz, 41, 11.43 W
1788702907.937378730,0 %, 2411 MHz, 41, 11.43 W
1788702908.038775054,0 %, 2411 MHz, 41, 11.43 W
1788702908.138876342,0 %, 2411 MHz, 41, 11.43 W
1788702908.240311627,0 %, 2411 MHz, 41, 11.43 W
1788702908.340053475,0 %, 2411 MHz, 41, 11.43 W
1788702908.440140155,0 %, 2411 MHz, 41, 11.43 W
1788702908.540708578,0 %, 2411 MHz, 41, 11.43 W
1788702908.641624824,0 %, 2411 MHz, 41, 11.43 W
1788702908.742147230,0 %, 2411 MHz, 41, 11.43 W
1788702908.842988180,0 %, 2411 MHz, 41, 11.43 W
1788702908.943928666,0 %, 2411 MHz, 41, 11.43 W
1788702909.044754816,0 %, 2411 MHz, 41, 11.43 W
1788702909.145741733,0 %, 2411 MHz, 41, 11.43 W
1788702909.245607422,0 %, 2411 MHz, 41, 11.43 W
1788702909.346197060,0 %, 2411 MHz, 41, 11.43 W
1788702909.447021082,0 %, 2411 MHz, 41, 11.44 W
1788702909.547144066,0 %, 2411 MHz, 41, 11.44 W
1788702909.646979226,0 %, 2411 MHz, 41, 11.44 W
1788702909.747510257,0 %, 2411 MHz, 41, 11.44 W
1788702909.847666296,0 %, 2411 MHz, 41, 11.44 W
1788702909.947226097,0 %, 2411 MHz, 41, 11.45 W
1788702910.047691368,0 %, 2411 MHz, 41, 11.45 W
1788702910.148235023,0 %, 2411 MHz, 41, 11.45 W
1788702910.247916775,0 %, 2411 MHz, 41, 11.45 W
1788702910.348685901,0 %, 2411 MHz, 41, 11.45 W
1788702910.448644453,0 %, 2411 MHz, 41, 11.46 W
1788702910.549690874,0 %, 2411 MHz, 41, 11.46 W
1788702910.650177553,0 %, 2411 MHz, 41, 11.46 W
1788702910.750594664,0 %, 2411 MHz, 41, 11.46 W
1788702910.851731757,0 %, 2411 MHz, 41, 11.46 W
1788702910.951851892,0 %, 2411 MHz, 41, 11.44 W
1788702911.052171787,0 %, 2411 MHz, 41, 11.44 W
1788702911.152080211,0 %, 2411 MHz, 41, 11.44 W
1788702911.252735833,0 %, 2411 MHz, 41, 11.44 W
1788702911.352416578,0 %, 2411 MHz, 41, 11.44 W
1788702911.453151848,0 %, 2411 MHz, 41, 11.43 W
1788702911.553721470,0 %, 2411 MHz, 41, 11.43 W
1788702911.654246197,0 %, 2411 MHz, 41, 11.43 W
1788702911.754776587,0 %, 2411 MHz, 41, 11.43 W
1788702911.855729553,0 %, 2411 MHz, 41, 11.43 W
1788702911.955167898,0 %, 2411 MHz, 41, 11.44 W
1788702912.055352049,0 %, 2411 MHz, 41, 11.44 W
1788702912.156006775,0 %, 2411 MHz, 41, 11.44 W
1788702912.255846079,0 %, 2411 MHz, 41, 11.44 W
1788702912.356719636,0 %, 2411 MHz, 41, 11.44 W
1788702912.456540124,0 %, 2411 MHz, 41, 11.43 W
1788702912.557084227,0 %, 2411 MHz, 41, 11.43 W
1788702912.657192058,0 %, 2411 MHz, 41, 11.43 W
1788702912.757508161,0 %, 2411 MHz, 41, 11.43 W
1788702912.857578169,0 %, 2411 MHz, 41, 11.43 W
1788702912.958463422,0 %, 2411 MHz, 41, 11.42 W
1788702913.059347539,0 %, 2411 MHz, 41, 11.42 W
1788702913.158746573,0 %, 2411 MHz, 41, 11.42 W
1788702913.258748420,0 %, 2411 MHz, 41, 11.42 W
1788702913.359786729,0 %, 2411 MHz, 41, 11.42 W
1788702913.460596527,0 %, 2411 MHz, 41, 11.43 W
1788702913.561523364,0 %, 2411 MHz, 41, 11.43 W
1788702913.661739483,0 %, 2411 MHz, 41, 11.43 W
1788702913.762105634,0 %, 2411 MHz, 41, 11.43 W
1788702913.863462950,0 %, 2411 MHz, 41, 11.43 W
1788702913.963429581,0 %, 2411 MHz, 41, 11.42 W
1788702914.063810132,0 %, 2411 MHz, 41, 11.42 W
1788702914.164360234,0 %, 2411 MHz, 41, 11.42 W
1788702914.265054112,0 %, 2411 MHz, 41, 11.42 W
1788702914.365321879,0 %, 2411 MHz, 41, 11.42 W
1788702914.466197148,0 %, 2411 MHz, 41, 11.41 W
1788702914.566706642,0 %, 2411 MHz, 41, 11.41 W
1788702914.667559303,0 %, 2411 MHz, 41, 11.41 W
1788702914.767931678,0 %, 2411 MHz, 41, 11.41 W
1788702914.868206549,0 %, 2411 MHz, 41, 11.41 W
1788702914.969445225,0 %, 2411 MHz, 41, 11.41 W
1788702915.069446528,0 %, 2411 MHz, 41, 11.41 W
1788702915.169315160,0 %, 2411 MHz, 41, 11.41 W
1788702915.269525375,0 %, 2411 MHz, 41, 11.41 W
1788702915.370133237,0 %, 2411 MHz, 41, 11.41 W
1788702915.471017306,0 %, 2411 MHz, 41, 11.40 W
1788702915.571544048,0 %, 2411 MHz, 41, 11.40 W
1788702915.671752855,0 %, 2411 MHz, 41, 11.40 W
1788702915.771535759,0 %, 2411 MHz, 41, 11.40 W
1788702915.871862773,0 %, 2411 MHz, 41, 11.40 W
1788702915.972517851,0 %, 2411 MHz, 41, 11.41 W
1788702916.073223009,0 %, 2411 MHz, 41, 11.41 W
1788702916.173454887,0 %, 2411 MHz, 41, 11.41 W
1788702916.273823534,0 %, 2411 MHz, 41, 11.41 W
1788702916.374138180,0 %, 2411 MHz, 41, 11.41 W
1788702916.475005369,0 %, 2411 MHz, 41, 11.41 W
1788702916.575238464,0 %, 2411 MHz, 41, 11.41 W
1788702916.675706950,0 %, 2411 MHz, 41, 11.41 W
1788702916.776556475,0 %, 2411 MHz, 41, 11.41 W
1788702916.876937842,0 %, 2411 MHz, 41, 11.41 W
1788702916.977164632,0 %, 2411 MHz, 41, 11.40 W
1788702917.078016542,0 %, 2411 MHz, 41, 11.40 W
1788702917.178385140,0 %, 2411 MHz, 41, 11.40 W
1788702917.278744122,0 %, 2411 MHz, 41, 11.40 W
1788702917.379628095,0 %, 2411 MHz, 41, 11.40 W
1788702917.480016085,0 %, 2411 MHz, 41, 11.41 W
1788702917.580569771,0 %, 2411 MHz, 41, 11.41 W
1788702917.681228993,0 %, 2411 MHz, 41, 11.41 W
1788702917.781554775,0 %, 2411 MHz, 41, 11.41 W
1788702917.881782478,0 %, 2411 MHz, 41, 11.41 W
1788702917.982289876,0 %, 2411 MHz, 41, 11.42 W
1788702918.082968505,0 %, 2411 MHz, 41, 11.42 W
1788702918.182899968,0 %, 2411 MHz, 41, 11.42 W
1788702918.283736005,0 %, 2411 MHz, 41, 11.42 W
1788702918.383796716,0 %, 2411 MHz, 41, 11.42 W
1788702918.484037651,0 %, 2411 MHz, 41, 11.41 W
1788702918.584884232,0 %, 2411 MHz, 41, 11.41 W
1788702918.685242446,0 %, 2411 MHz, 41, 11.41 W
1788702918.785675652,0 %, 2411 MHz, 41, 11.41 W
1788702918.886121498,0 %, 2411 MHz, 41, 11.41 W
1788702918.986648336,0 %, 2411 MHz, 41, 11.41 W
1788702919.087387589,0 %, 2411 MHz, 41, 11.41 W
1788702919.186899117,0 %, 2411 MHz, 41, 11.41 W
1788702919.287945137,0 %, 2411 MHz, 41, 11.41 W
1788702919.388660903,0 %, 2411 MHz, 41, 11.41 W
1788702919.489597675,0 %, 2411 MHz, 41, 11.42 W
1788702919.589906657,0 %, 2411 MHz, 41, 11.42 W
1788702919.690791558,0 %, 2411 MHz, 41, 11.42 W
1788702919.791339036,0 %, 2411 MHz, 41, 11.42 W
1788702919.892107457,0 %, 2411 MHz, 41, 11.42 W
1788702919.992656279,0 %, 2411 MHz, 41, 11.40 W
1788702920.093545291,0 %, 2411 MHz, 41, 11.40 W
1788702920.193423314,0 %, 2411 MHz, 41, 11.40 W
1788702920.294701750,0 %, 2411 MHz, 41, 11.40 W
1788702920.395212044,0 %, 2411 MHz, 41, 11.40 W
1788702920.495747121,0 %, 2411 MHz, 41, 11.40 W
1788702920.596697830,0 %, 2411 MHz, 41, 11.40 W
1788702920.697595067,0 %, 2411 MHz, 41, 11.40 W
1788702920.798181824,0 %, 2411 MHz, 41, 11.40 W
1788702920.898757334,0 %, 2411 MHz, 41, 11.40 W
1788702920.999161051,0 %, 2411 MHz, 41, 11.39 W
1788702921.099957392,0 %, 2411 MHz, 41, 11.39 W
1788702921.200721493,0 %, 2411 MHz, 41, 11.39 W
1788702921.301626266,0 %, 2411 MHz, 41, 11.39 W
1788702921.402138623,0 %, 2411 MHz, 41, 11.39 W
1788702921.502916372,0 %, 2411 MHz, 41, 11.38 W
1788702921.602518780,0 %, 2411 MHz, 41, 11.38 W
1788702921.703430320,0 %, 2411 MHz, 41, 11.38 W
1788702921.803702694,0 %, 2411 MHz, 41, 11.38 W
1788702921.904553179,0 %, 2411 MHz, 41, 11.38 W
1788702922.005220768,0 %, 2411 MHz, 41, 11.38 W
1788702922.105689462,0 %, 2411 MHz, 41, 11.38 W
1788702922.206529371,0 %, 2411 MHz, 41, 11.38 W
1788702922.307432687,0 %, 2411 MHz, 41, 11.38 W
1788702922.407961908,0 %, 2411 MHz, 41, 11.38 W
1788702922.508889833,0 %, 2411 MHz, 41, 11.39 W
1788702922.608209665,0 %, 2411 MHz, 41, 11.39 W
1788702922.709561173,0 %, 2411 MHz, 41, 11.39 W
1788702922.809920794,0 %, 2411 MHz, 41, 11.39 W
1788702922.910870463,0 %, 2411 MHz, 41, 11.39 W
1788702923.011222981,0 %, 2411 MHz, 41, 11.38 W
1788702923.112185705,0 %, 2411 MHz, 41, 11.38 W
1788702923.212419679,0 %, 2411 MHz, 41, 11.38 W
1788702923.313468963,0 %, 2411 MHz, 41, 11.38 W
1788702923.413958904,0 %, 2411 MHz, 41, 11.38 W
1788702923.514846541,0 %, 2411 MHz, 41, 11.38 W
1788702923.614290517,0 %, 2411 MHz, 41, 11.38 W
1788702923.715543032,0 %, 2411 MHz, 41, 11.38 W
1788702923.816413229,0 %, 2411 MHz, 41, 11.38 W
1788702923.917019602,0 %, 2411 MHz, 41, 11.38 W
1788702924.017310312,0 %, 2411 MHz, 41, 11.39 W
1788702924.118317324,0 %, 2411 MHz, 41, 11.39 W
1788702924.218909633,0 %, 2411 MHz, 41, 11.39 W
1788702924.319653189,0 %, 2411 MHz, 41, 11.39 W
1788702924.420246410,0 %, 2411 MHz, 41, 11.39 W
1788702924.520658848,0 %, 2411 MHz, 41, 11.40 W
1788702924.620757126,0 %, 2411 MHz, 41, 11.40 W
1788702924.721968138,0 %, 2411 MHz, 41, 11.40 W
1788702924.822443647,0 %, 2411 MHz, 41, 11.40 W
1788702924.923354547,0 %, 2411 MHz, 41, 11.40 W
1788702925.023967592,0 %, 2411 MHz, 41, 11.40 W
1788702925.124851116,0 %, 2411 MHz, 41, 11.40 W
1788702925.224816051,0 %, 2411 MHz, 41, 11.40 W
1788702925.326306198,0 %, 2411 MHz, 41, 11.40 W
1788702925.426410492,0 %, 2411 MHz, 41, 11.40 W
1788702925.527019121,0 %, 2411 MHz, 41, 11.40 W
1788702925.627150023,0 %, 2411 MHz, 41, 11.40 W
1788702925.727662764,0 %, 2411 MHz, 41, 11.40 W
1788702925.829126943,0 %, 2411 MHz, 41, 11.40 W
1788702925.929658724,0 %, 2411 MHz, 41, 11.40 W
1788702926.030212073,0 %, 2411 MHz, 41, 11.40 W
1788702926.130622014,0 %, 2411 MHz, 41, 11.40 W
1788702926.230805396,0 %, 2411 MHz, 41, 11.40 W
1788702926.331983287,0 %, 2411 MHz, 41, 11.40 W
1788702926.432244397,0 %, 2411 MHz, 41, 11.41 W
1788702926.533560896,0 %, 2411 MHz, 41, 11.41 W
1788702926.633162568,0 %, 2411 MHz, 41, 11.41 W
1788702926.733760412,0 %, 2411 MHz, 41, 11.41 W
1788702926.834915584,0 %, 2411 MHz, 41, 11.41 W
1788702926.935447765,0 %, 2411 MHz, 41, 11.40 W
1788702927.036375641,0 %, 2411 MHz, 41, 11.40 W
1788702927.135827249,0 %, 2411 MHz, 41, 11.40 W
1788702927.237043924,0 %, 2411 MHz, 41, 11.40 W
1788702927.337941128,0 %, 2411 MHz, 41, 11.40 W
1788702927.438179405,0 %, 2411 MHz, 41, 11.39 W
1788702927.538751586,0 %, 2411 MHz, 41, 11.39 W
1788702927.638403945,0 %, 2411 MHz, 41, 11.39 W
1788702927.738613967,0 %, 2411 MHz, 41, 11.39 W
1788702927.839779794,0 %, 2411 MHz, 41, 11.39 W
1788702927.939941128,0 %, 2411 MHz, 41, 11.39 W
1788702928.040319950,0 %, 2411 MHz, 41, 11.39 W
1788702928.141135810,0 %, 2411 MHz, 41, 11.39 W
1788702928.241891318,0 %, 2411 MHz, 41, 11.39 W
1788702928.342468091,0 %, 2411 MHz, 41, 11.39 W
1788702928.442851600,0 %, 2411 MHz, 41, 11.40 W
1788702928.543220533,0 %, 2411 MHz, 41, 11.40 W
1788702928.643580074,0 %, 2411 MHz, 41, 11.40 W
1788702928.744315391,0 %, 2411 MHz, 41, 11.40 W
1788702928.844741796,0 %, 2411 MHz, 41, 11.40 W
1788702928.945927719,0 %, 2411 MHz, 41, 11.40 W
1788702929.045725982,0 %, 2411 MHz, 41, 11.40 W
1788702929.146397442,0 %, 2411 MHz, 41, 11.40 W
1788702929.247256534,0 %, 2411 MHz, 41, 11.40 W
1788702929.347633787,0 %, 2411 MHz, 41, 11.40 W
1788702929.448025232,0 %, 2411 MHz, 41, 11.40 W
1788702929.548796308,0 %, 2411 MHz, 41, 11.40 W
1788702929.648714266,0 %, 2411 MHz, 41, 11.40 W
1788702929.749546542,0 %, 2411 MHz, 41, 11.40 W
1788702929.850385122,0 %, 2411 MHz, 41, 11.40 W
1788702929.950812711,0 %, 2411 MHz, 41, 11.40 W
1788702930.051187628,0 %, 2411 MHz, 41, 11.40 W
1788702930.151190595,0 %, 2411 MHz, 41, 11.40 W
1788702930.252214582,0 %, 2411 MHz, 41, 11.40 W
1788702930.352617035,0 %, 2411 MHz, 41, 11.40 W
1788702930.453365759,0 %, 2411 MHz, 41, 11.40 W
1788702930.553445205,0 %, 2411 MHz, 41, 11.40 W
1788702930.654049321,0 %, 2411 MHz, 41, 11.40 W
1788702930.754957021,0 %, 2411 MHz, 41, 11.40 W
1788702930.855386066,0 %, 2411 MHz, 41, 11.40 W
1788702930.955862023,0 %, 2411 MHz, 41, 11.40 W
1788702931.055537165,0 %, 2411 MHz, 41, 11.40 W
1788702931.156950432,0 %, 2411 MHz, 41, 11.40 W
1788702931.257369109,0 %, 2411 MHz, 41, 11.40 W
1788702931.356925804,0 %, 2411 MHz, 41, 11.40 W
1788702931.457169057,0 %, 2411 MHz, 41, 11.42 W
1788702931.558604147,0 %, 2411 MHz, 41, 11.42 W
1788702931.658680809,0 %, 2411 MHz, 41, 11.42 W
1788702931.759335485,0 %, 2411 MHz, 41, 11.42 W
1788702931.859556178,0 %, 2411 MHz, 41, 11.42 W
1788702931.959068873,0 %, 2411 MHz, 41, 11.43 W
1788702932.060446572,0 %, 2411 MHz, 41, 11.43 W
1788702932.160733857,0 %, 2411 MHz, 41, 11.43 W
1788702932.260173624,0 %, 2411 MHz, 41, 11.43 W
1788702932.361154443,0 %, 2411 MHz, 41, 11.43 W
1788702932.461379137,0 %, 2411 MHz, 41, 11.42 W
1788702932.562405268,0 %, 2411 MHz, 41, 11.42 W
1788702932.662503337,0 %, 2411 MHz, 41, 11.42 W
1788702932.763129390,0 %, 2411 MHz, 41, 11.42 W
1788702932.864198033,0 %, 2411 MHz, 41, 11.42 W
1788702932.964006967,0 %, 2411 MHz, 41, 11.42 W
1788702933.064628523,0 %, 2411 MHz, 41, 11.42 W
1788702933.164908208,0 %, 2411 MHz, 41, 11.42 W
1788702933.265539716,0 %, 2411 MHz, 41, 11.42 W
1788702933.366280456,0 %, 2411 MHz, 41, 11.42 W
1788702933.467322075,0 %, 2411 MHz, 41, 11.42 W
1788702933.567176449,0 %, 2411 MHz, 41, 11.42 W
1788702933.667282359,0 %, 2411 MHz, 41, 11.42 W
1788702933.768325306,0 %, 2411 MHz, 41, 11.42 W
1788702933.868727007,0 %, 2411 MHz, 41, 11.42 W
1788702933.969415491,0 %, 2411 MHz, 41, 11.42 W
1788702934.070284422,0 %, 2411 MHz, 41, 11.42 W
1788702934.170008620,0 %, 2411 MHz, 41, 11.42 W
1788702934.270979935,0 %, 2411 MHz, 41, 11.42 W
1788702934.371449156,0 %, 2411 MHz, 41, 11.42 W
1788702934.472107016,0 %, 2411 MHz, 41, 11.41 W
1788702934.572428893,0 %, 2411 MHz, 41, 11.41 W
1788702934.672801425,0 %, 2411 MHz, 41, 11.41 W
1788702934.774007108,0 %, 2411 MHz, 41, 11.41 W
1788702934.874956951,0 %, 2411 MHz, 41, 11.41 W
1788702934.974642381,0 %, 2411 MHz, 41, 11.40 W
1788702935.075164978,0 %, 2411 MHz, 41, 11.40 W
1788702935.175234263,0 %, 2411 MHz, 41, 11.40 W
1788702935.275810747,0 %, 2411 MHz, 41, 11.40 W
1788702935.376603503,0 %, 2411 MHz, 41, 11.40 W
1788702935.477133923,0 %, 2411 MHz, 41, 11.41 W
1788702935.578317045,0 %, 2411 MHz, 41, 11.41 W
1788702935.677992028,0 %, 2411 MHz, 41, 11.41 W
1788702935.777604178,0 %, 2411 MHz, 41, 11.41 W
1788702935.878751381,0 %, 2411 MHz, 41, 11.41 W
1788702935.979897895,0 %, 2411 MHz, 41, 11.41 W
1788702936.080579147,0 %, 2411 MHz, 41, 11.41 W
1788702936.179683171,0 %, 2411 MHz, 41, 11.41 W
1788702936.280178887,0 %, 2411 MHz, 41, 11.41 W
1788702936.381003450,0 %, 2411 MHz, 41, 11.41 W
1788702936.481697710,0 %, 2411 MHz, 41, 11.42 W
1788702936.582651313,0 %, 2411 MHz, 41, 11.42 W
1788702936.682450983,0 %, 2411 MHz, 41, 11.42 W
1788702936.783464970,0 %, 2411 MHz, 41, 11.42 W
1788702936.884316781,0 %, 2411 MHz, 41, 11.42 W
1788702936.984628562,0 %, 2411 MHz, 41, 11.43 W
1788702937.085187094,0 %, 2411 MHz, 41, 11.43 W
1788702937.185203067,0 %, 2411 MHz, 41, 11.43 W
1788702937.285445472,0 %, 2411 MHz, 41, 11.43 W
1788702937.386178371,0 %, 2411 MHz, 41, 11.43 W
1788702937.487264166,0 %, 2411 MHz, 41, 11.43 W
1788702937.587636906,0 %, 2411 MHz, 41, 11.43 W
1788702937.687851407,0 %, 2411 MHz, 41, 11.43 W
1788702937.788726722,0 %, 2411 MHz, 41, 11.43 W
1788702937.889147191,0 %, 2411 MHz, 41, 11.43 W
1788702937.989523755,0 %, 2411 MHz, 41, 11.42 W
1788702938.090431198,0 %, 2411 MHz, 41, 11.42 W
1788702938.190166740,0 %, 2411 MHz, 41, 11.42 W
1788702938.290869159,0 %, 2411 MHz, 41, 11.42 W
1788702938.391850762,0 %, 2411 MHz, 41, 11.42 W
1788702938.492583726,0 %, 2411 MHz, 41, 11.41 W
1788702938.593457137,0 %, 2411 MHz, 41, 11.41 W
1788702938.693746597,0 %, 2411 MHz, 41, 11.41 W
1788702938.794086458,0 %, 2411 MHz, 41, 11.41 W
1788702938.894320782,0 %, 2411 MHz, 41, 11.41 W
1788702938.995140369,0 %, 2411 MHz, 41, 11.41 W
1788702939.095388054,0 %, 2411 MHz, 41, 11.41 W
1788702939.195626842,0 %, 2411 MHz, 41, 11.41 W
1788702939.296670781,0 %, 2411 MHz, 41, 11.41 W
1788702939.397020705,0 %, 2411 MHz, 41, 11.41 W
1788702939.497324838,0 %, 2411 MHz, 41, 11.42 W
1788702939.597636490,0 %, 2411 MHz, 41, 11.42 W
1788702939.697982094,0 %, 2411 MHz, 41, 11.42 W
1788702939.798609522,0 %, 2411 MHz, 41, 11.42 W
1788702939.899002502,0 %, 2411 MHz, 41, 11.42 W
1788702939.998565196,0 %, 2411 MHz, 41, 11.43 W
1788702940.099280784,0 %, 2411 MHz, 41, 11.43 W
1788702940.199557924,0 %, 2411 MHz, 41, 11.43 W
1788702940.299737561,0 %, 2411 MHz, 41, 11.43 W
1788702940.399822798,0 %, 2411 MHz, 41, 11.43 W
1788702940.500382609,0 %, 2411 MHz, 41, 11.46 W
1788702940.600649957,0 %, 2411 MHz, 41, 11.46 W
1788702940.700740314,0 %, 2411 MHz, 41, 11.46 W
1788702940.800820959,0 %, 2411 MHz, 41, 11.46 W
1788702940.901218739,0 %, 2411 MHz, 41, 11.46 W
1788702941.001195256,0 %, 2411 MHz, 41, 11.46 W
1788702941.102259691,0 %, 2411 MHz, 41, 11.46 W
1788702941.202146976,0 %, 2411 MHz, 41, 11.46 W
1788702941.302723956,0 %, 2411 MHz, 41, 11.46 W
1788702941.402966264,0 %, 2411 MHz, 41, 11.46 W
1788702941.503107053,0 %, 2411 MHz, 41, 11.43 W
1788702941.603312321,0 %, 2411 MHz, 41, 11.43 W
1788702941.703386790,0 %, 2411 MHz, 41, 11.43 W
1788702941.803725386,0 %, 2411 MHz, 41, 11.43 W
1788702941.904694492,0 %, 2411 MHz, 41, 11.43 W
1788702942.005230336,0 %, 2411 MHz, 41, 11.44 W
1788702942.105530724,0 %, 2411 MHz, 41, 11.44 W
1788702942.206215511,0 %, 2411 MHz, 41, 11.44 W
1788702942.306636459,0 %, 2411 MHz, 41, 11.44 W
1788702942.407532878,0 %, 2411 MHz, 41, 11.44 W
1788702942.507780930,0 %, 2411 MHz, 41, 11.44 W
1788702942.608161030,0 %, 2411 MHz, 41, 11.44 W
1788702942.707958155,0 %, 2411 MHz, 41, 11.44 W
1788702942.809774092,0 %, 2411 MHz, 41, 11.44 W
1788702942.909957456,0 %, 2411 MHz, 41, 11.44 W
1788702943.010497076,0 %, 2411 MHz, 41, 11.43 W
1788702943.110976055,0 %, 2411 MHz, 41, 11.43 W
1788702943.211285467,0 %, 2411 MHz, 41, 11.43 W
1788702943.312150574,0 %, 2411 MHz, 41, 11.43 W
1788702943.412768881,0 %, 2411 MHz, 41, 11.43 W
1788702943.513819395,0 %, 2411 MHz, 41, 11.44 W
1788702943.614200199,0 %, 2411 MHz, 41, 11.44 W
1788702943.714105884,0 %, 2411 MHz, 41, 11.44 W
1788702943.815168350,0 %, 2411 MHz, 41, 11.44 W
1788702943.915644738,0 %, 2411 MHz, 41, 11.44 W
1788702944.016548532,0 %, 2411 MHz, 41, 11.44 W
1788702944.116786537,0 %, 2411 MHz, 41, 11.44 W
1788702944.216648494,0 %, 2411 MHz, 41, 11.44 W
1788702944.317185809,0 %, 2411 MHz, 41, 11.44 W
1788702944.417558373,0 %, 2411 MHz, 41, 11.44 W
1788702944.518294792,0 %, 2411 MHz, 41, 11.43 W
1788702944.618448572,0 %, 2411 MHz, 41, 11.43 W
1788702944.719453198,0 %, 2411 MHz, 41, 11.43 W
1788702944.819776386,0 %, 2411 MHz, 41, 11.43 W
1788702944.920394613,0 %, 2411 MHz, 41, 11.43 W
1788702945.020647609,0 %, 2411 MHz, 41, 11.43 W
1788702945.121421164,0 %, 2411 MHz, 41, 11.43 W
1788702945.221513504,0 %, 2411 MHz, 41, 11.43 W
1788702945.321674468,0 %, 2411 MHz, 41, 11.43 W
1788702945.422217064,0 %, 2411 MHz, 41, 11.43 W
1788702945.522584379,0 %, 2411 MHz, 41, 11.42 W
1788702945.623492926,0 %, 2411 MHz, 41, 11.42 W
1788702945.723790818,0 %, 2411 MHz, 41, 11.42 W
1788702945.823966550,0 %, 2411 MHz, 41, 11.42 W
1788702945.924313466,0 %, 2411 MHz, 41, 11.42 W
1788702946.024724477,0 %, 2411 MHz, 41, 11.42 W
1788702946.124841041,0 %, 2411 MHz, 41, 11.42 W
1788702946.225716356,0 %, 2411 MHz, 41, 11.42 W
1788702946.325471801,0 %, 2411 MHz, 41, 11.42 W
1788702946.426181884,0 %, 2411 MHz, 41, 11.42 W
1788702946.526211552,0 %, 2411 MHz, 41, 11.41 W
1788702946.626752163,0 %, 2411 MHz, 41, 11.41 W
1788702946.726897431,0 %, 2411 MHz, 41, 11.41 W
1788702946.827800410,0 %, 2411 MHz, 41, 11.41 W
1788702946.927690814,0 %, 2411 MHz, 41, 11.41 W
1788702947.028437473,0 %, 2411 MHz, 41, 11.40 W
1788702947.128604405,0 %, 2411 MHz, 41, 11.40 W
1788702947.229641399,0 %, 2411 MHz, 41, 11.40 W
1788702947.329801451,0 %, 2411 MHz, 41, 11.40 W
1788702947.430321102,0 %, 2411 MHz, 41, 11.40 W
1788702947.530435618,0 %, 2411 MHz, 41, 11.40 W
1788702947.630645366,0 %, 2411 MHz, 41, 11.40 W
1788702947.730387195,0 %, 2411 MHz, 41, 11.40 W
1788702947.831722700,0 %, 2411 MHz, 41, 11.40 W
1788702947.931619505,0 %, 2411 MHz, 41, 11.40 W
1788702948.032339668,0 %, 2411 MHz, 41, 11.41 W
1788702948.133198774,0 %, 2411 MHz, 41, 11.41 W
1788702948.233703481,0 %, 2411 MHz, 41, 11.41 W
1788702948.334057068,0 %, 2411 MHz, 41, 11.41 W
1788702948.434265328,0 %, 2411 MHz, 41, 11.40 W
1788702948.535014099,0 %, 2411 MHz, 41, 11.40 W
1788702948.635551350,0 %, 2411 MHz, 41, 11.40 W
1788702948.735378794,0 %, 2411 MHz, 41, 11.40 W
1788702948.836514140,0 %, 2411 MHz, 41, 11.40 W
1788702948.937021615,0 %, 2411 MHz, 41, 11.40 W
1788702949.037513282,0 %, 2411 MHz, 41, 11.40 W
1788702949.138318660,0 %, 2411 MHz, 41, 11.40 W
1788702949.238611368,0 %, 2411 MHz, 41, 11.40 W
1788702949.339351162,0 %, 2411 MHz, 41, 11.40 W
1788702949.439168079,0 %, 2411 MHz, 41, 11.41 W
1788702949.540010993,0 %, 2411 MHz, 41, 11.41 W
1788702949.640053861,0 %, 2411 MHz, 41, 11.41 W
1788702949.739925210,0 %, 2411 MHz, 41, 11.41 W
1788702949.840308781,0 %, 2411 MHz, 41, 11.41 W
1788702949.941037392,0 %, 2411 MHz, 41, 11.41 W
1788702950.041824578,0 %, 2411 MHz, 41, 11.41 W
1788702950.142210773,0 %, 2411 MHz, 41, 11.41 W
1788702950.243127815,0 %, 2411 MHz, 41, 11.41 W
1788702950.343501978,0 %, 2411 MHz, 41, 11.41 W
1788702950.443879261,0 %, 2411 MHz, 41, 11.40 W
1788702950.544628560,0 %, 2411 MHz, 41, 11.40 W
1788702950.644916451,0 %, 2411 MHz, 41, 11.40 W
1788702950.745447446,0 %, 2411 MHz, 41, 11.40 W
1788702950.846366600,0 %, 2411 MHz, 41, 11.40 W
1788702950.946456236,0 %, 2411 MHz, 41, 11.39 W
1788702951.047250302,0 %, 2411 MHz, 41, 11.39 W
1788702951.147456049,0 %, 2411 MHz, 41, 11.39 W
1788702951.247461397,0 %, 2411 MHz, 41, 11.39 W
1788702951.348264664,0 %, 2411 MHz, 41, 11.39 W
1788702951.448669019,0 %, 2411 MHz, 41, 11.40 W
1788702951.549255213,0 %, 2411 MHz, 41, 11.40 W
1788702951.649343665,0 %, 2411 MHz, 41, 11.40 W
1788702951.750235539,0 %, 2411 MHz, 41, 11.40 W
1788702951.850294103,0 %, 2411 MHz, 41, 11.40 W
1788702951.951031033,0 %, 2411 MHz, 41, 11.39 W
1788702952.051261581,0 %, 2411 MHz, 41, 11.39 W
1788702952.151980559,0 %, 2411 MHz, 41, 11.39 W
1788702952.251770115,0 %, 2411 MHz, 41, 11.39 W
1788702952.352360038,0 %, 2411 MHz, 41, 11.39 W
1788702952.452542217,0 %, 2411 MHz, 41, 11.40 W
1788702952.553587675,0 %, 2411 MHz, 41, 11.40 W
1788702952.653409151,0 %, 2411 MHz, 41, 11.40 W
1788702952.753552387,0 %, 2411 MHz, 41, 11.40 W
1788702952.853702982,0 %, 2411 MHz, 41, 11.40 W
1788702952.954142409,0 %, 2411 MHz, 41, 11.41 W
1788702953.054543820,0 %, 2411 MHz, 41, 11.41 W
1788702953.154946783,0 %, 2411 MHz, 41, 11.41 W
1788702953.254923427,0 %, 2411 MHz, 41, 11.41 W
1788702953.355079575,0 %, 2411 MHz, 41, 11.41 W
1788702953.455495113,0 %, 2411 MHz, 41, 11.40 W
1788702953.556272491,0 %, 2411 MHz, 41, 11.40 W
1788702953.656179648,0 %, 2411 MHz, 41, 11.40 W
1788702953.756346595,0 %, 2411 MHz, 41, 11.40 W
1788702953.857319477,0 %, 2411 MHz, 41, 11.40 W
1788702953.957530680,0 %, 2411 MHz, 41, 11.41 W
1788702954.058427546,0 %, 2411 MHz, 41, 11.41 W
1788702954.158526429,0 %, 2411 MHz, 41, 11.41 W
1788702954.258852960,0 %, 2411 MHz, 41, 11.41 W
1788702954.358761652,0 %, 2411 MHz, 41, 11.41 W
1788702954.459301063,0 %, 2411 MHz, 41, 11.41 W
1788702954.559399018,0 %, 2411 MHz, 41, 11.41 W
1788702954.660287564,0 %, 2411 MHz, 41, 11.41 W
1788702954.760126480,0 %, 2411 MHz, 41, 11.41 W
1788702954.860857922,0 %, 2411 MHz, 41, 11.41 W
1788702954.960826806,0 %, 2411 MHz, 41, 11.41 W
1788702955.061333640,0 %, 2411 MHz, 41, 11.41 W
1788702955.162200266,0 %, 2411 MHz, 41, 11.41 W
1788702955.262592061,0 %, 2411 MHz, 41, 11.41 W
1788702955.362992015,0 %, 2411 MHz, 41, 11.41 W
1788702955.463305650,0 %, 2411 MHz, 41, 11.40 W
1788702955.564113700,0 %, 2411 MHz, 41, 11.40 W
1788702955.664413895,0 %, 2411 MHz, 41, 11.40 W
1788702955.764340091,0 %, 2411 MHz, 41, 11.40 W
1788702955.864472670,0 %, 2411 MHz, 41, 11.40 W
1788702955.965304048,0 %, 2411 MHz, 41, 11.41 W
1788702956.066226353,0 %, 2411 MHz, 41, 11.41 W
1788702956.166409940,0 %, 2411 MHz, 41, 11.41 W
1788702956.267105366,0 %, 2411 MHz, 41, 11.41 W
1788702956.367502521,0 %, 2411 MHz, 41, 11.41 W
1788702956.468269131,0 %, 2411 MHz, 41, 11.41 W
1788702956.568473790,0 %, 2411 MHz, 41, 11.41 W
1788702956.669323631,0 %, 2411 MHz, 41, 11.41 W
1788702956.769590914,0 %, 2411 MHz, 41, 11.41 W
1788702956.870002437,0 %, 2411 MHz, 41, 11.41 W
1788702956.970773543,0 %, 2411 MHz, 41, 11.41 W
1788702957.071293305,0 %, 2411 MHz, 41, 11.41 W
1788702957.171473260,0 %, 2411 MHz, 41, 11.41 W
1788702957.272319533,0 %, 2411 MHz, 41, 11.41 W
1788702957.372469569,0 %, 2411 MHz, 41, 11.41 W
1788702957.473249378,0 %, 2411 MHz, 41, 11.40 W
1788702957.573471557,0 %, 2411 MHz, 41, 11.40 W
1788702957.674274343,0 %, 2411 MHz, 41, 11.40 W
1788702957.774822473,0 %, 2411 MHz, 41, 11.40 W
1788702957.875499099,0 %, 2411 MHz, 41, 11.40 W
1788702957.975518222,0 %, 2411 MHz, 41, 11.40 W
1788702958.076252720,0 %, 2411 MHz, 41, 11.40 W
1788702958.176354083,0 %, 2411 MHz, 41, 11.40 W
1788702958.277357412,0 %, 2411 MHz, 41, 11.40 W
1788702958.377088984,0 %, 2411 MHz, 41, 11.40 W
1788702958.478024025,0 %, 2411 MHz, 41, 11.40 W
1788702958.578138012,0 %, 2411 MHz, 41, 11.40 W
1788702958.679008254,0 %, 2411 MHz, 41, 11.40 W
1788702958.778831426,0 %, 2411 MHz, 41, 11.40 W
1788702958.879566627,0 %, 2411 MHz, 41, 11.40 W
1788702958.980537508,0 %, 2411 MHz, 41, 11.40 W
1788702959.081208374,0 %, 2411 MHz, 41, 11.40 W
1788702959.181600840,0 %, 2411 MHz, 41, 11.40 W
1788702959.282772841,0 %, 2411 MHz, 41, 11.40 W
1788702959.382239549,0 %, 2411 MHz, 41, 11.40 W
1788702959.483307886,0 %, 2411 MHz, 41, 11.40 W
1788702959.583138354,0 %, 2411 MHz, 41, 11.40 W
1788702959.683825411,0 %, 2411 MHz, 41, 11.40 W
1788702959.783822119,0 %, 2411 MHz, 41, 11.40 W
1788702959.884521849,0 %, 2411 MHz, 41, 11.40 W
1788702959.984581564,0 %, 2411 MHz, 41, 11.40 W
1788702960.085640396,0 %, 2411 MHz, 41, 11.40 W
1788702960.185958511,0 %, 2411 MHz, 41, 11.40 W
1788702960.286216658,0 %, 2411 MHz, 41, 11.40 W
1788702960.386847011,0 %, 2411 MHz, 41, 11.40 W
1788702960.487441461,0 %, 2411 MHz, 41, 11.40 W
1788702960.587807239,0 %, 2411 MHz, 41, 11.40 W
1788702960.688575721,0 %, 2411 MHz, 41, 11.40 W
1788702960.789012075,0 %, 2411 MHz, 41, 11.40 W
1788702960.889194158,0 %, 2411 MHz, 41, 11.40 W
1788702960.989405889,0 %, 2411 MHz, 41, 11.42 W
1788702961.089584195,0 %, 2411 MHz, 41, 11.42 W
1788702961.189627302,0 %, 2411 MHz, 41, 11.42 W
1788702961.289877385,0 %, 2411 MHz, 41, 11.42 W
1788702961.390114508,0 %, 2411 MHz, 41, 11.42 W
1788702961.490817149,0 %, 2411 MHz, 41, 11.41 W
1788702961.591220639,0 %, 2411 MHz, 41, 11.41 W
1788702961.691119635,0 %, 2411 MHz, 41, 11.41 W
1788702961.791843220,0 %, 2411 MHz, 41, 11.41 W
1788702961.891856999,0 %, 2411 MHz, 41, 11.41 W
1788702961.992312889,0 %, 2411 MHz, 41, 11.40 W
1788702962.092414508,0 %, 2411 MHz, 41, 11.40 W
1788702962.192452383,0 %, 2411 MHz, 41, 11.40 W
1788702962.292782322,0 %, 2411 MHz, 41, 11.40 W
1788702962.393240772,0 %, 2411 MHz, 41, 11.40 W
1788702962.494020197,0 %, 2411 MHz, 41, 11.41 W
1788702962.593983928,0 %, 2411 MHz, 41, 11.41 W
1788702962.694430714,0 %, 2411 MHz, 41, 11.41 W
1788702962.794893676,0 %, 2411 MHz, 41, 11.41 W
1788702962.895268830,0 %, 2411 MHz, 41, 11.41 W
1788702962.995991199,0 %, 2411 MHz, 41, 11.42 W
1788702963.096337298,0 %, 2411 MHz, 41, 11.42 W
1788702963.196310165,0 %, 2411 MHz, 41, 11.42 W
1788702963.296776151,0 %, 2411 MHz, 41, 11.42 W
1788702963.397551368,0 %, 2411 MHz, 41, 11.42 W
1788702963.497920010,0 %, 2411 MHz, 41, 11.42 W
1788702963.598772091,0 %, 2411 MHz, 41, 11.42 W
1788702963.699162621,0 %, 2411 MHz, 41, 11.42 W
1788702963.799603343,0 %, 2411 MHz, 41, 11.42 W
1788702963.900603263,0 %, 2411 MHz, 41, 11.42 W
1788702964.001133313,0 %, 2411 MHz, 41, 11.43 W
1788702964.101268963,0 %, 2411 MHz, 41, 11.43 W
1788702964.201466534,0 %, 2411 MHz, 41, 11.43 W
1788702964.302319191,0 %, 2411 MHz, 41, 11.43 W
1788702964.402907704,0 %, 2411 MHz, 41, 11.43 W
1788702964.503641145,0 %, 2411 MHz, 41, 11.43 W
1788702964.603426669,0 %, 2411 MHz, 41, 11.43 W
1788702964.704083598,0 %, 2411 MHz, 41, 11.43 W
1788702964.804588816,0 %, 2411 MHz, 41, 11.43 W
1788702964.905400481,0 %, 2411 MHz, 41, 11.43 W
1788702965.005531331,0 %, 2411 MHz, 41, 11.43 W
1788702965.106061893,0 %, 2411 MHz, 41, 11.43 W
1788702965.206270791,0 %, 2411 MHz, 41, 11.43 W
1788702965.307128840,0 %, 2411 MHz, 41, 11.43 W
1788702965.407120507,0 %, 2411 MHz, 41, 11.43 W
1788702965.508068843,0 %, 2411 MHz, 41, 11.42 W
1788702965.608003326,0 %, 2411 MHz, 41, 11.42 W
1788702965.709062718,0 %, 2411 MHz, 41, 11.42 W
1788702965.809505984,0 %, 2411 MHz, 41, 11.42 W
1788702965.910364289,0 %, 2411 MHz, 41, 11.42 W
1788702966.009959125,0 %, 2411 MHz, 41, 11.42 W
1788702966.110926181,0 %, 2411 MHz, 41, 11.42 W
1788702966.210971944,0 %, 2411 MHz, 41, 11.42 W
1788702966.311277450,0 %, 2411 MHz, 41, 11.42 W
1788702966.411270605,0 %, 2411 MHz, 41, 11.42 W
1788702966.511924254,0 %, 2411 MHz, 41, 11.42 W
1788702966.612047888,0 %, 2411 MHz, 41, 11.42 W
1788702966.712870033,0 %, 2411 MHz, 41, 11.42 W
1788702966.812772660,0 %, 2411 MHz, 41, 11.42 W
1788702966.913550773,0 %, 2411 MHz, 41, 11.42 W
1788702967.013733527,0 %, 2411 MHz, 41, 11.42 W
1788702967.114674711,0 %, 2411 MHz, 41, 11.42 W
1788702967.214463067,0 %, 2411 MHz, 41, 11.42 W
1788702967.315355451,0 %, 2411 MHz, 41, 11.42 W
1788702967.415515437,0 %, 2411 MHz, 41, 11.42 W
1788702967.516399102,0 %, 2411 MHz, 41, 11.42 W
1788702967.616852655,0 %, 2411 MHz, 41, 11.42 W
1788702967.717740224,0 %, 2411 MHz, 41, 11.42 W
1788702967.818146257,0 %, 2411 MHz, 41, 11.42 W
1788702967.918514883,0 %, 2411 MHz, 41, 11.42 W
1788702968.019285540,0 %, 2411 MHz, 41, 11.42 W
1788702968.119606598,0 %, 2411 MHz, 41, 11.42 W
1788702968.219980711,0 %, 2411 MHz, 41, 11.42 W
1788702968.320265353,0 %, 2411 MHz, 41, 11.42 W
1788702968.421313065,0 %, 2411 MHz, 41, 11.42 W
1788702968.521524955,0 %, 2411 MHz, 41, 11.41 W
1788702968.622433372,0 %, 2411 MHz, 41, 11.41 W
1788702968.722669630,0 %, 2411 MHz, 41, 11.41 W
1788702968.823046495,0 %, 2411 MHz, 41, 11.41 W
1788702968.923544801,0 %, 2411 MHz, 41, 11.41 W
1788702969.024355089,0 %, 2411 MHz, 41, 11.41 W
1788702969.124542451,0 %, 2411 MHz, 41, 11.41 W
1788702969.224831269,0 %, 2411 MHz, 41, 11.41 W
1788702969.324930503,0 %, 2411 MHz, 41, 11.41 W
1788702969.425711352,0 %, 2411 MHz, 41, 11.41 W
1788702969.525783434,0 %, 2411 MHz, 41, 11.40 W
1788702969.626381163,0 %, 2411 MHz, 41, 11.40 W
1788702969.726216910,0 %, 2411 MHz, 41, 11.40 W
1788702969.827211934,0 %, 2411 MHz, 41, 11.40 W
1788702969.927331648,0 %, 2411 MHz, 41, 11.40 W
1788702970.028212113,0 %, 2411 MHz, 41, 11.41 W
1788702970.128025524,0 %, 2411 MHz, 41, 11.41 W
1788702970.228186006,0 %, 2411 MHz, 41, 11.41 W
1788702970.328118952,0 %, 2411 MHz, 41, 11.41 W
1788702970.428454794,0 %, 2411 MHz, 41, 11.41 W
1788702970.529119595,0 %, 2411 MHz, 41, 11.44 W
1788702970.629969259,0 %, 2411 MHz, 41, 11.44 W
1788702970.729617054,0 %, 2411 MHz, 41, 11.44 W
1788702970.829928800,0 %, 2411 MHz, 41, 11.44 W
1788702970.930449841,0 %, 2411 MHz, 41, 11.44 W
1788702971.030461107,0 %, 2411 MHz, 41, 11.45 W
1788702971.130444502,0 %, 2411 MHz, 41, 11.45 W
1788702971.230614824,0 %, 2411 MHz, 41, 11.45 W
1788702971.330704186,0 %, 2411 MHz, 41, 11.45 W
1788702971.430827148,0 %, 2411 MHz, 41, 11.45 W
1788702971.530981390,0 %, 2411 MHz, 41, 11.42 W
1788702971.631105712,0 %, 2411 MHz, 41, 11.42 W
1788702971.731271778,0 %, 2411 MHz, 41, 11.42 W
1788702971.831345908,0 %, 2411 MHz, 41, 11.42 W
1788702971.931505942,0 %, 2411 MHz, 41, 11.42 W
1788702972.031305561,0 %, 2411 MHz, 41, 11.41 W
1788702972.131737594,0 %, 2411 MHz, 41, 11.41 W
1788702972.231908652,0 %, 2411 MHz, 41, 11.41 W
1788702972.332005262,0 %, 2411 MHz, 41, 11.41 W
1788702972.432123104,0 %, 2411 MHz, 41, 11.41 W
1788702972.532215602,0 %, 2411 MHz, 41, 11.41 W
1788702972.631789621,0 %, 2411 MHz, 41, 11.41 W
1788702972.732462038,0 %, 2411 MHz, 41, 11.41 W
1788702972.832540056,0 %, 2411 MHz, 41, 11.41 W
1788702972.932544874,0 %, 2411 MHz, 41, 11.41 W
1788702973.032760988,0 %, 2411 MHz, 41, 11.41 W
1788702973.132851150,0 %, 2411 MHz, 41, 11.41 W
1788702973.233043903,0 %, 2411 MHz, 41, 11.41 W
1788702973.333142945,0 %, 2411 MHz, 41, 11.41 W
1788702973.433223523,0 %, 2411 MHz, 41, 11.41 W
1788702973.533298245,0 %, 2411 MHz, 41, 11.41 W
1788702973.633430183,0 %, 2411 MHz, 41, 11.41 W
1788702973.733576345,0 %, 2411 MHz, 41, 11.41 W
1788702973.833430252,0 %, 2411 MHz, 41, 11.41 W
1788702973.933607133,0 %, 2411 MHz, 41, 11.41 W
1788702974.033762991,0 %, 2411 MHz, 41, 11.44 W
1788702974.134065041,0 %, 2411 MHz, 41, 11.44 W
1788702974.234247346,0 %, 2411 MHz, 41, 11.44 W
1788702974.334124821,0 %, 2411 MHz, 41, 11.44 W
1788702974.434388374,0 %, 2411 MHz, 41, 11.44 W
1788702974.534592424,0 %, 2411 MHz, 41, 11.43 W
1788702974.634684601,0 %, 2411 MHz, 41, 11.43 W
1788702974.734821323,0 %, 2411 MHz, 41, 11.43 W
1788702974.834919037,0 %, 2411 MHz, 41, 11.43 W
1788702974.935078735,0 %, 2411 MHz, 41, 11.43 W
1788702975.035226080,0 %, 2411 MHz, 41, 11.40 W
1788702975.135307506,0 %, 2411 MHz, 41, 11.40 W
1788702975.235514180,0 %, 2411 MHz, 41, 11.40 W
1788702975.335625333,0 %, 2411 MHz, 41, 11.40 W
1788702975.435695591,0 %, 2411 MHz, 41, 11.40 W
1788702975.535825129,0 %, 2411 MHz, 41, 11.41 W
1788702975.635959867,0 %, 2411 MHz, 41, 11.41 W
1788702975.736069996,0 %, 2411 MHz, 41, 11.41 W
1788702975.836215726,0 %, 2411 MHz, 41, 11.41 W
1788702975.936320672,0 %, 2411 MHz, 41, 11.41 W
1788702976.036555361,0 %, 2411 MHz, 41, 11.41 W
1788702976.136724467,0 %, 2411 MHz, 41, 11.41 W
1788702976.236940340,0 %, 2411 MHz, 41, 11.41 W
1788702976.336991126,0 %, 2411 MHz, 41, 11.41 W
1788702976.437070728,0 %, 2411 MHz, 41, 11.41 W
1788702976.537205433,0 %, 2411 MHz, 41, 11.41 W
1788702976.638227017,0 %, 2411 MHz, 41, 11.41 W
1788702976.737638108,0 %, 2411 MHz, 41, 11.41 W
1788702976.838310732,0 %, 2411 MHz, 41, 11.41 W
1788702976.939144668,0 %, 2411 MHz, 41, 11.41 W
1788702977.039180158,0 %, 2411 MHz, 41, 11.41 W
1788702977.139128320,0 %, 2411 MHz, 41, 11.41 W
1788702977.239830960,0 %, 2411 MHz, 41, 11.41 W
1788702977.340658176,0 %, 2411 MHz, 41, 11.41 W
1788702977.440992193,0 %, 2411 MHz, 41, 11.40 W
1788702977.541625105,0 %, 2411 MHz, 41, 11.40 W
1788702977.642323713,0 %, 2411 MHz, 41, 11.40 W
1788702977.742610338,0 %, 2411 MHz, 41, 11.40 W
1788702977.843041267,0 %, 2411 MHz, 41, 11.40 W
1788702977.943339236,0 %, 2411 MHz, 41, 11.40 W
1788702978.044032692,0 %, 2411 MHz, 41, 11.40 W
1788702978.144498709,0 %, 2411 MHz, 41, 11.40 W
1788702978.244739942,0 %, 2411 MHz, 41, 11.40 W
1788702978.345676373,0 %, 2411 MHz, 41, 11.40 W
1788702978.445579399,0 %, 2411 MHz, 41, 11.40 W
1788702978.546229543,0 %, 2411 MHz, 41, 11.40 W
1788702978.646430921,0 %, 2411 MHz, 41, 11.40 W
1788702978.747383032,0 %, 2411 MHz, 41, 11.40 W
1788702978.847303578,0 %, 2411 MHz, 41, 11.40 W
1788702978.947967930,0 %, 2411 MHz, 41, 11.41 W
1788702979.048205275,0 %, 2411 MHz, 41, 11.41 W
1788702979.149132731,0 %, 2411 MHz, 41, 11.41 W
1788702979.249415387,0 %, 2411 MHz, 41, 11.41 W
1788702979.350008044,0 %, 2411 MHz, 41, 11.41 W
1788702979.450588716,0 %, 2411 MHz, 41, 11.42 W
1788702979.551092316,0 %, 2411 MHz, 41, 11.42 W
1788702979.651184062,0 %, 2411 MHz, 41, 11.42 W
1788702979.751279151,0 %, 2411 MHz, 41, 11.42 W
1788702979.851751536,0 %, 2411 MHz, 41, 11.42 W
1788702979.952545167,0 %, 2411 MHz, 41, 11.43 W
1788702980.052377537,0 %, 2411 MHz, 41, 11.43 W
1788702980.153166609,0 %, 2411 MHz, 41, 11.43 W
1788702980.253315362,0 %, 2411 MHz, 41, 11.43 W
1788702980.353959634,0 %, 2411 MHz, 41, 11.43 W
1788702980.454007316,0 %, 2411 MHz, 41, 11.42 W
1788702980.554937219,0 %, 2411 MHz, 41, 11.42 W
1788702980.655021396,0 %, 2411 MHz, 41, 11.42 W
1788702980.755236853,0 %, 2411 MHz, 41, 11.42 W
1788702980.855272999,0 %, 2411 MHz, 41, 11.42 W
1788702980.955657655,0 %, 2411 MHz, 41, 11.41 W
1788702981.055710889,0 %, 2411 MHz, 41, 11.41 W
1788702981.155817658,0 %, 2411 MHz, 41, 11.41 W
1788702981.256025931,0 %, 2411 MHz, 41, 11.41 W
1788702981.356128156,0 %, 2411 MHz, 41, 11.41 W
1788702981.456236174,0 %, 2411 MHz, 41, 11.41 W
1788702981.556324351,0 %, 2411 MHz, 41, 11.41 W
1788702981.656495872,0 %, 2411 MHz, 41, 11.41 W
1788702981.756638993,0 %, 2411 MHz, 41, 11.41 W
1788702981.856785298,0 %, 2411 MHz, 41, 11.41 W
1788702981.956893380,0 %, 2411 MHz, 41, 11.42 W
1788702982.056972421,0 %, 2411 MHz, 41, 11.42 W
1788702982.157114422,0 %, 2411 MHz, 41, 11.42 W
1788702982.257305959,0 %, 2411 MHz, 41, 11.42 W
1788702982.357396312,0 %, 2411 MHz, 41, 11.42 W
1788702982.457534233,0 %, 2411 MHz, 41, 11.41 W
1788702982.557644138,0 %, 2411 MHz, 41, 11.41 W
1788702982.657759915,0 %, 2411 MHz, 41, 11.41 W
1788702982.757909372,0 %, 2411 MHz, 41, 11.41 W
1788702982.858025758,0 %, 2411 MHz, 41, 11.41 W
1788702982.958171215,0 %, 2411 MHz, 41, 11.40 W
1788702983.058293488,0 %, 2411 MHz, 41, 11.40 W
1788702983.158422145,0 %, 2411 MHz, 41, 11.40 W
1788702983.258626034,0 %, 2411 MHz, 41, 11.40 W
1788702983.358685331,0 %, 2411 MHz, 41, 11.40 W
1788702983.458816276,0 %, 2411 MHz, 41, 11.40 W
1788702983.558936645,0 %, 2411 MHz, 41, 11.40 W
1788702983.659070742,0 %, 2411 MHz, 41, 11.40 W
1788702983.759212263,0 %, 2411 MHz, 41, 11.40 W
1788702983.859317832,0 %, 2411 MHz, 41, 11.40 W
1788702983.959506025,0 %, 2411 MHz, 41, 11.40 W
1788702984.059616506,0 %, 2411 MHz, 41, 11.40 W
1788702984.159796827,0 %, 2411 MHz, 41, 11.40 W
1788702984.259965916,0 %, 2411 MHz, 41, 11.40 W
1788702984.360074669,0 %, 2411 MHz, 41, 11.40 W
1788702984.460172350,0 %, 2411 MHz, 41, 11.39 W
1788702984.560283023,0 %, 2411 MHz, 41, 11.39 W
1788702984.660432527,0 %, 2411 MHz, 41, 11.39 W
1788702984.760577104,0 %, 2411 MHz, 41, 11.39 W
1788702984.860718705,0 %, 2411 MHz, 41, 11.39 W
1788702984.960834674,0 %, 2411 MHz, 41, 11.41 W
1788702985.060941171,0 %, 2411 MHz, 41, 11.41 W
1788702985.161086852,0 %, 2411 MHz, 41, 11.41 W
1788702985.261335893,0 %, 2411 MHz, 41, 11.41 W
1788702985.361905412,0 %, 2411 MHz, 41, 11.41 W
1788702985.462343476,0 %, 2411 MHz, 41, 11.42 W
1788702985.563174819,0 %, 2411 MHz, 41, 11.42 W
1788702985.663619332,0 %, 2411 MHz, 41, 11.42 W
1788702985.763792388,0 %, 2411 MHz, 41, 11.42 W
1788702985.864622147,0 %, 2411 MHz, 41, 11.42 W
1788702985.964988868,0 %, 2411 MHz, 41, 11.41 W
1788702986.065448852,0 %, 2411 MHz, 41, 11.41 W
1788702986.165623556,0 %, 2411 MHz, 41, 11.41 W
1788702986.266429315,0 %, 2411 MHz, 41, 11.41 W
1788702986.366309989,0 %, 2411 MHz, 41, 11.41 W
1788702986.467139108,0 %, 2411 MHz, 41, 11.39 W
1788702986.567192261,0 %, 2411 MHz, 41, 11.39 W
1788702986.668173971,0 %, 2411 MHz, 41, 11.39 W
1788702986.768091445,0 %, 2411 MHz, 41, 11.39 W
1788702986.868858772,0 %, 2411 MHz, 41, 11.39 W
1788702986.969020564,0 %, 2411 MHz, 41, 11.39 W
1788702987.069407892,0 %, 2411 MHz, 41, 11.39 W
1788702987.169554005,0 %, 2411 MHz, 41, 11.39 W
1788702987.269729638,0 %, 2411 MHz, 41, 11.39 W
1788702987.369794135,0 %, 2411 MHz, 41, 11.39 W
1788702987.469907063,0 %, 2411 MHz, 41, 11.39 W
1788702987.570084104,0 %, 2411 MHz, 41, 11.39 W
1788702987.670284792,0 %, 2411 MHz, 41, 11.39 W
1788702987.771103703,0 %, 2411 MHz, 41, 11.39 W
1788702987.871411352,0 %, 2411 MHz, 41, 11.39 W
1788702987.971662936,0 %, 2411 MHz, 41, 11.40 W
1788702988.072023800,0 %, 2411 MHz, 41, 11.40 W
1788702988.172169945,0 %, 2411 MHz, 41, 11.40 W
1788702988.273082167,0 %, 2411 MHz, 41, 11.40 W
1788702988.372910777,0 %, 2411 MHz, 41, 11.40 W
1788702988.473544104,0 %, 2411 MHz, 41, 11.39 W
1788702988.573434393,0 %, 2411 MHz, 41, 11.39 W
1788702988.674059368,0 %, 2411 MHz, 41, 11.39 W
1788702988.774222729,0 %, 2411 MHz, 41, 11.39 W
1788702988.874682393,0 %, 2411 MHz, 41, 11.39 W
1788702988.974752266,0 %, 2411 MHz, 41, 11.39 W
1788702989.075616824,0 %, 2411 MHz, 41, 11.39 W
1788702989.175965992,0 %, 2411 MHz, 41, 11.39 W
1788702989.276527352,0 %, 2411 MHz, 41, 11.39 W
1788702989.377251975,0 %, 2411 MHz, 41, 11.39 W
1788702989.477423191,0 %, 2411 MHz, 41, 11.39 W
1788702989.577772391,0 %, 2411 MHz, 41, 11.39 W
1788702989.678708518,0 %, 2411 MHz, 41, 11.39 W
1788702989.778570583,0 %, 2411 MHz, 41, 11.39 W
1788702989.879422021,0 %, 2411 MHz, 41, 11.39 W
1788702989.979541750,0 %, 2411 MHz, 41, 11.38 W
1788702990.079640535,0 %, 2411 MHz, 41, 11.38 W
1788702990.179764199,0 %, 2411 MHz, 41, 11.38 W
1788702990.280502838,0 %, 2411 MHz, 41, 11.38 W
1788702990.380608790,0 %, 2411 MHz, 41, 11.38 W
1788702990.481430933,0 %, 2411 MHz, 41, 11.39 W
1788702990.581647045,0 %, 2411 MHz, 41, 11.39 W
1788702990.682234149,0 %, 2411 MHz, 41, 11.39 W
1788702990.781912118,0 %, 2411 MHz, 41, 11.39 W
1788702990.883080628,0 %, 2411 MHz, 41, 11.39 W
1788702990.983026229,0 %, 2411 MHz, 41, 11.40 W
1788702991.083786980,0 %, 2411 MHz, 41, 11.40 W
1788702991.184600450,0 %, 2411 MHz, 41, 11.40 W
1788702991.285206097,0 %, 2411 MHz, 41, 11.40 W
1788702991.385949232,0 %, 2411 MHz, 41, 11.40 W
1788702991.485766449,0 %, 2411 MHz, 41, 11.40 W
1788702991.586129681,0 %, 2411 MHz, 41, 11.40 W
1788702991.686706816,0 %, 2411 MHz, 41, 11.40 W
1788702991.786494770,0 %, 2411 MHz, 41, 11.40 W
1788702991.887037825,0 %, 2411 MHz, 41, 11.40 W
1788702991.988030287,0 %, 2411 MHz, 41, 11.41 W
1788702992.088391039,0 %, 2411 MHz, 41, 11.41 W
1788702992.188745535,0 %, 2411 MHz, 41, 11.41 W
1788702992.289746061,0 %, 2411 MHz, 41, 11.41 W
1788702992.390096556,0 %, 2411 MHz, 41, 11.41 W
1788702992.490515308,0 %, 2411 MHz, 41, 11.41 W
1788702992.591347514,0 %, 2411 MHz, 41, 11.41 W
1788702992.691597450,0 %, 2411 MHz, 41, 11.41 W
1788702992.791297388,0 %, 2411 MHz, 41, 11.41 W
1788702992.892319098,0 %, 2411 MHz, 41, 11.41 W
1788702992.993219608,0 %, 2411 MHz, 41, 11.40 W
1788702993.093276776,0 %, 2411 MHz, 41, 11.40 W
1788702993.193734232,0 %, 2411 MHz, 41, 11.40 W
1788702993.293757720,0 %, 2411 MHz, 41, 11.40 W
1788702993.394720694,0 %, 2411 MHz, 41, 11.40 W
1788702993.494583415,0 %, 2411 MHz, 41, 11.40 W
1788702993.595311478,0 %, 2411 MHz, 41, 11.40 W
1788702993.695516390,0 %, 2411 MHz, 41, 11.40 W
1788702993.795311991,0 %, 2411 MHz, 41, 11.40 W
1788702993.895743718,0 %, 2411 MHz, 41, 11.40 W
1788702993.996412581,0 %, 2411 MHz, 41, 11.41 W
1788702994.096567221,0 %, 2411 MHz, 41, 11.41 W
1788702994.196679637,0 %, 2411 MHz, 41, 11.41 W
1788702994.296966485,0 %, 2411 MHz, 41, 11.41 W
1788702994.397395221,0 %, 2411 MHz, 41, 11.41 W
1788702994.497061542,0 %, 2411 MHz, 41, 11.41 W
1788702994.597180918,0 %, 2411 MHz, 41, 11.41 W
1788702994.697299974,0 %, 2411 MHz, 41, 11.41 W
1788702994.797051351,0 %, 2411 MHz, 41, 11.41 W
1788702994.897939589,0 %, 2411 MHz, 41, 11.41 W
1788702994.998045926,0 %, 2411 MHz, 41, 11.40 W
1788702995.097770967,0 %, 2411 MHz, 41, 11.40 W
1788702995.198032038,0 %, 2411 MHz, 41, 11.40 W
1788702995.298288022,0 %, 2411 MHz, 41, 11.40 W
1788702995.398795557,0 %, 2411 MHz, 41, 11.40 W
1788702995.498346023,0 %, 2411 MHz, 41, 11.40 W
1788702995.598988821,0 %, 2411 MHz, 41, 11.40 W
1788702995.699387893,0 %, 2411 MHz, 41, 11.40 W
1788702995.799243782,0 %, 2411 MHz, 41, 11.40 W
1788702995.899744757,0 %, 2411 MHz, 41, 11.40 W
1788702996.000662771,0 %, 2411 MHz, 41, 11.40 W
1788702996.100786467,0 %, 2411 MHz, 41, 11.40 W
1788702996.201241074,0 %, 2411 MHz, 41, 11.40 W
1788702996.300943795,0 %, 2411 MHz, 41, 11.40 W
1788702996.401312434,0 %, 2411 MHz, 41, 11.40 W
1788702996.501383314,0 %, 2411 MHz, 41, 11.40 W
1788702996.601981329,0 %, 2411 MHz, 41, 11.40 W
1788702996.702037185,0 %, 2411 MHz, 41, 11.40 W
1788702996.801874498,0 %, 2411 MHz, 41, 11.40 W
1788702996.902242497,0 %, 2411 MHz, 41, 11.40 W
1788702997.002600097,0 %, 2411 MHz, 41, 11.41 W
1788702997.102670113,0 %, 2411 MHz, 41, 11.41 W
1788702997.202519377,0 %, 2411 MHz, 41, 11.41 W
1788702997.302975552,0 %, 2411 MHz, 41, 11.41 W
1788702997.403828958,0 %, 2411 MHz, 41, 11.41 W
1788702997.503495695,0 %, 2411 MHz, 41, 11.41 W
1788702997.604092398,0 %, 2411 MHz, 41, 11.41 W
1788702997.704250382,0 %, 2411 MHz, 41, 11.41 W
1788702997.804311790,0 %, 2411 MHz, 41, 11.41 W
1788702997.905109788,0 %, 2411 MHz, 41, 11.41 W
1788702998.005367868,0 %, 2411 MHz, 41, 11.41 W
1788702998.105855627,0 %, 2411 MHz, 41, 11.41 W
1788702998.205722219,0 %, 2411 MHz, 41, 11.41 W
1788702998.306178410,0 %, 2411 MHz, 41, 11.41 W
1788702998.406573449,0 %, 2411 MHz, 41, 11.41 W
1788702998.507363239,0 %, 2411 MHz, 41, 11.41 W
1788702998.607776070,0 %, 2411 MHz, 41, 11.41 W
1788702998.708659668,0 %, 2411 MHz, 41, 11.41 W
1788702998.808215749,0 %, 2411 MHz, 41, 11.41 W
1788702998.909216243,0 %, 2411 MHz, 41, 11.41 W
1788702999.010112705,0 %, 2411 MHz, 41, 11.42 W
1788702999.110558000,0 %, 2411 MHz, 41, 11.42 W
1788702999.210912111,0 %, 2411 MHz, 41, 11.42 W
1788702999.311820669,0 %, 2411 MHz, 41, 11.42 W
1788702999.412089676,0 %, 2411 MHz, 41, 11.42 W
1788702999.512521259,0 %, 2411 MHz, 41, 11.41 W
1788702999.613270201,0 %, 2411 MHz, 41, 11.41 W
1788702999.713911207,0 %, 2411 MHz, 41, 11.41 W
1788702999.813605848,0 %, 2411 MHz, 41, 11.41 W
1788702999.914920037,0 %, 2411 MHz, 41, 11.41 W
1788703000.015593507,0 %, 2411 MHz, 41, 11.42 W
1788703000.116353073,0 %, 2411 MHz, 41, 11.42 W
1788703000.216513697,0 %, 2411 MHz, 41, 11.42 W
1788703000.317243919,0 %, 2411 MHz, 41, 11.42 W
1788703000.417313807,0 %, 2411 MHz, 41, 11.42 W
1788703000.518172061,0 %, 2411 MHz, 41, 11.42 W
1788703000.618445116,0 %, 2411 MHz, 41, 11.42 W
1788703000.718225964,0 %, 2411 MHz, 41, 11.42 W
1788703000.818462556,0 %, 2411 MHz, 41, 11.42 W
1788703000.919461817,0 %, 2411 MHz, 41, 11.42 W
1788703001.019306442,0 %, 2411 MHz, 41, 11.45 W
1788703001.119295593,0 %, 2411 MHz, 41, 11.45 W
1788703001.219817192,0 %, 2411 MHz, 41, 11.45 W
1788703001.320674054,0 %, 2411 MHz, 41, 11.45 W
1788703001.420966789,0 %, 2411 MHz, 41, 11.45 W
1788703001.521847394,0 %, 2411 MHz, 41, 11.45 W
1788703001.622277553,0 %, 2411 MHz, 41, 11.45 W
1788703001.722497681,0 %, 2411 MHz, 41, 11.45 W
1788703001.822442593,0 %, 2411 MHz, 41, 11.45 W
1788703001.923644317,0 %, 2411 MHz, 41, 11.45 W
1788703002.023468398,0 %, 2411 MHz, 41, 11.43 W
1788703002.124248060,0 %, 2411 MHz, 41, 11.43 W
1788703002.224364763,0 %, 2411 MHz, 41, 11.43 W
1788703002.325330120,0 %, 2411 MHz, 41, 11.43 W
1788703002.425220313,0 %, 2411 MHz, 41, 11.43 W
1788703002.525976406,0 %, 2411 MHz, 41, 11.43 W
1788703002.626086022,0 %, 2411 MHz, 41, 11.43 W
1788703002.727095907,0 %, 2411 MHz, 41, 11.43 W
1788703002.826830052,0 %, 2411 MHz, 41, 11.43 W
1788703002.927635633,0 %, 2411 MHz, 41, 11.43 W
1788703003.027690689,0 %, 2411 MHz, 41, 11.44 W
1788703003.127819936,0 %, 2411 MHz, 41, 11.44 W
1788703003.228031216,0 %, 2411 MHz, 41, 11.44 W
1788703003.328410878,0 %, 2411 MHz, 41, 11.44 W
1788703003.428340494,0 %, 2411 MHz, 41, 11.44 W
1788703003.528884989,0 %, 2411 MHz, 41, 11.43 W
1788703003.629107308,0 %, 2411 MHz, 41, 11.43 W
1788703003.729949705,0 %, 2411 MHz, 41, 11.43 W
1788703003.829685642,0 %, 2411 MHz, 41, 11.43 W
1788703003.930517863,0 %, 2411 MHz, 41, 11.43 W
1788703004.031074150,0 %, 2411 MHz, 41, 11.42 W
1788703004.131609540,0 %, 2411 MHz, 41, 11.42 W
1788703004.232072290,0 %, 2411 MHz, 41, 11.42 W
1788703004.332037058,0 %, 2411 MHz, 41, 11.42 W
1788703004.432354641,0 %, 2411 MHz, 41, 11.42 W
1788703004.532640528,0 %, 2411 MHz, 41, 11.41 W
1788703004.633028399,0 %, 2411 MHz, 41, 11.41 W
1788703004.733182702,0 %, 2411 MHz, 41, 11.41 W
1788703004.833114830,0 %, 2411 MHz, 41, 11.41 W
1788703004.933553804,0 %, 2411 MHz, 41, 11.41 W
1788703005.034329546,0 %, 2411 MHz, 41, 11.42 W
1788703005.134074426,0 %, 2411 MHz, 41, 11.42 W
1788703005.234925735,0 %, 2411 MHz, 41, 11.42 W
1788703005.334874119,0 %, 2411 MHz, 41, 11.42 W
1788703005.435427141,0 %, 2411 MHz, 41, 11.42 W
1788703005.536278755,0 %, 2411 MHz, 41, 11.43 W
1788703005.636798465,0 %, 2411 MHz, 41, 11.43 W
1788703005.736887984,0 %, 2411 MHz, 41, 11.43 W
1788703005.836804512,0 %, 2411 MHz, 41, 11.43 W
1788703005.937548462,0 %, 2411 MHz, 41, 11.43 W
1788703006.037923468,0 %, 2411 MHz, 41, 11.43 W
1788703006.137905004,0 %, 2411 MHz, 41, 11.43 W
1788703006.238103691,0 %, 2411 MHz, 41, 11.43 W
1788703006.338371370,0 %, 2411 MHz, 41, 11.43 W
1788703006.439055911,0 %, 2411 MHz, 41, 11.43 W
1788703006.538931671,0 %, 2411 MHz, 41, 11.42 W
1788703006.639048262,0 %, 2411 MHz, 41, 11.42 W
1788703006.739545221,0 %, 2411 MHz, 41, 11.42 W
1788703006.838983222,0 %, 2411 MHz, 41, 11.42 W
1788703006.939747363,0 %, 2411 MHz, 41, 11.42 W
1788703007.040421617,0 %, 2411 MHz, 41, 11.43 W
1788703007.140624736,0 %, 2411 MHz, 41, 11.43 W
1788703007.240797807,0 %, 2411 MHz, 41, 11.43 W
1788703007.341311869,0 %, 2411 MHz, 41, 11.43 W
1788703007.441565115,0 %, 2411 MHz, 41, 11.43 W
1788703007.541700475,0 %, 2411 MHz, 41, 11.43 W
1788703007.641787434,0 %, 2411 MHz, 41, 11.43 W
1788703007.742072856,0 %, 2411 MHz, 41, 11.43 W
1788703007.841568857,0 %, 2411 MHz, 41, 11.43 W
1788703007.942142551,0 %, 2411 MHz, 41, 11.43 W
1788703008.043302100,0 %, 2411 MHz, 41, 11.43 W
1788703008.142817812,0 %, 2411 MHz, 41, 11.43 W
1788703008.243516018,0 %, 2411 MHz, 41, 11.43 W
1788703008.343698097,0 %, 2411 MHz, 41, 11.43 W
1788703008.443409313,0 %, 2411 MHz, 41, 11.43 W
1788703008.543768735,0 %, 2411 MHz, 41, 11.43 W
1788703008.643855806,0 %, 2411 MHz, 41, 11.43 W
1788703008.743980541,0 %, 2411 MHz, 41, 11.43 W
1788703008.843610589,0 %, 2411 MHz, 41, 11.43 W
1788703008.944280427,0 %, 2411 MHz, 41, 11.41 W
1788703009.044320378,0 %, 2411 MHz, 41, 11.41 W
1788703009.144448169,0 %, 2411 MHz, 41, 11.41 W
1788703009.244562120,0 %, 2411 MHz, 41, 11.41 W
1788703009.344809351,0 %, 2411 MHz, 41, 11.41 W
1788703009.444745062,0 %, 2411 MHz, 41, 11.41 W
1788703009.544914437,0 %, 2411 MHz, 41, 11.41 W
1788703009.645045828,0 %, 2411 MHz, 41, 11.41 W
1788703009.745145939,0 %, 2411 MHz, 41, 11.41 W
1788703009.845092018,0 %, 2411 MHz, 41, 11.41 W
1788703009.945352913,0 %, 2411 MHz, 41, 11.41 W
1788703010.045537312,0 %, 2411 MHz, 41, 11.41 W
1788703010.145643407,0 %, 2411 MHz, 41, 11.41 W
1788703010.245806301,0 %, 2411 MHz, 41, 11.41 W
1788703010.345881980,0 %, 2411 MHz, 41, 11.41 W
1788703010.446039259,0 %, 2411 MHz, 41, 11.43 W
1788703010.546131738,0 %, 2411 MHz, 41, 11.43 W
1788703010.646942983,0 %, 2411 MHz, 41, 11.43 W
1788703010.747349637,0 %, 2411 MHz, 41, 11.43 W
1788703010.847110901,0 %, 2411 MHz, 41, 11.43 W
1788703010.947722947,0 %, 2411 MHz, 41, 11.43 W
1788703011.047916737,0 %, 2411 MHz, 41, 11.43 W
1788703011.148176672,0 %, 2411 MHz, 41, 11.43 W
1788703011.249135372,0 %, 2411 MHz, 41, 11.43 W
1788703011.349393931,0 %, 2411 MHz, 41, 11.43 W
1788703011.449819769,0 %, 2411 MHz, 41, 11.42 W
1788703011.550603622,0 %, 2411 MHz, 41, 11.42 W
1788703011.651090740,0 %, 2411 MHz, 41, 11.42 W
1788703011.751539762,0 %, 2411 MHz, 41, 11.42 W
1788703011.851441777,0 %, 2411 MHz, 41, 11.42 W
1788703011.952464430,0 %, 2411 MHz, 41, 11.42 W
1788703012.053077403,0 %, 2411 MHz, 41, 11.42 W
1788703012.153926168,0 %, 2411 MHz, 41, 11.42 W
1788703012.254362214,0 %, 2411 MHz, 41, 11.42 W
1788703012.355116803,0 %, 2411 MHz, 41, 11.42 W
1788703012.455452305,0 %, 2411 MHz, 41, 11.42 W
1788703012.555886303,0 %, 2411 MHz, 41, 11.42 W
1788703012.656754572,0 %, 2411 MHz, 41, 11.42 W
1788703012.757169962,0 %, 2411 MHz, 41, 11.42 W
1788703012.857074521,0 %, 2411 MHz, 41, 11.42 W
1788703012.957632806,0 %, 2411 MHz, 41, 11.42 W
1788703013.058353812,0 %, 2411 MHz, 41, 11.42 W
1788703013.158616946,0 %, 2411 MHz, 41, 11.42 W
1788703013.258364449,0 %, 2411 MHz, 41, 11.42 W
1788703013.359196318,0 %, 2411 MHz, 41, 11.42 W
1788703013.459128637,0 %, 2411 MHz, 41, 11.44 W
1788703013.559388172,0 %, 2411 MHz, 41, 11.44 W
1788703013.660293576,0 %, 2411 MHz, 41, 11.44 W
1788703013.760751606,0 %, 2411 MHz, 41, 11.44 W
1788703013.860373382,0 %, 2411 MHz, 41, 11.44 W
1788703013.961018755,0 %, 2411 MHz, 41, 11.44 W
1788703014.062113231,0 %, 2411 MHz, 41, 11.44 W
1788703014.162510669,0 %, 2411 MHz, 41, 11.44 W
1788703014.262573292,0 %, 2411 MHz, 41, 11.44 W
1788703014.363200665,0 %, 2411 MHz, 41, 11.44 W
1788703014.463403895,0 %, 2411 MHz, 41, 11.43 W
1788703014.564166676,0 %, 2411 MHz, 41, 11.43 W
1788703014.664417027,0 %, 2411 MHz, 41, 11.43 W
1788703014.764816240,0 %, 2411 MHz, 41, 11.43 W
1788703014.864596880,0 %, 2411 MHz, 41, 11.43 W
1788703014.965844220,0 %, 2411 MHz, 41, 11.42 W
1788703015.065656171,0 %, 2411 MHz, 41, 11.42 W
1788703015.166007257,0 %, 2411 MHz, 41, 11.42 W
1788703015.266800997,0 %, 2411 MHz, 41, 11.42 W
1788703015.367688546,0 %, 2411 MHz, 41, 11.42 W
1788703015.468089920,0 %, 2411 MHz, 41, 11.43 W
1788703015.568525325,0 %, 2411 MHz, 41, 11.43 W
1788703015.669227066,0 %, 2411 MHz, 41, 11.43 W
1788703015.769210985,0 %, 2411 MHz, 41, 11.43 W
1788703015.868906857,0 %, 2411 MHz, 41, 11.43 W
1788703015.970047877,0 %, 2411 MHz, 41, 11.42 W
1788703016.070690706,0 %, 2411 MHz, 41, 11.42 W
1788703016.171139967,0 %, 2411 MHz, 41, 11.42 W
1788703016.271633837,0 %, 2411 MHz, 41, 11.42 W
1788703016.371971691,0 %, 2411 MHz, 41, 11.42 W
1788703016.472707111,0 %, 2411 MHz, 41, 11.41 W
1788703016.573123093,0 %, 2411 MHz, 41, 11.41 W
1788703016.673540387,0 %, 2411 MHz, 41, 11.41 W
1788703016.773929584,0 %, 2411 MHz, 41, 11.41 W
1788703016.873890527,0 %, 2411 MHz, 41, 11.41 W
1788703016.974727644,0 %, 2411 MHz, 41, 11.41 W
1788703017.074733738,0 %, 2411 MHz, 41, 11.41 W
1788703017.175436167,0 %, 2411 MHz, 41, 11.41 W
1788703017.276258900,0 %, 2411 MHz, 41, 11.41 W
1788703017.376809889,0 %, 2411 MHz, 41, 11.41 W
1788703017.477615789,0 %, 2411 MHz, 41, 11.40 W
1788703017.577592956,0 %, 2411 MHz, 41, 11.40 W
1788703017.677893898,0 %, 2411 MHz, 41, 11.40 W
1788703017.778738662,0 %, 2411 MHz, 41, 11.40 W
1788703017.878466086,0 %, 2411 MHz, 41, 11.40 W
1788703017.979737585,0 %, 2411 MHz, 41, 11.40 W
1788703018.080137407,0 %, 2411 MHz, 41, 11.40 W
1788703018.181163163,0 %, 2411 MHz, 41, 11.40 W
1788703018.281360921,0 %, 2411 MHz, 41, 11.40 W
1788703018.382304805,0 %, 2411 MHz, 41, 11.40 W
1788703018.482624307,0 %, 2411 MHz, 41, 11.40 W
1788703018.583210112,0 %, 2411 MHz, 41, 11.40 W
1788703018.683948284,0 %, 2411 MHz, 41, 11.40 W
1788703018.784325114,0 %, 2411 MHz, 41, 11.40 W
1788703018.883991993,0 %, 2411 MHz, 41, 11.40 W
1788703018.985352084,0 %, 2411 MHz, 41, 11.41 W
1788703019.085559346,0 %, 2411 MHz, 41, 11.41 W
1788703019.185771168,0 %, 2411 MHz, 41, 11.41 W
1788703019.286402365,0 %, 2411 MHz, 41, 11.41 W
1788703019.387126410,0 %, 2411 MHz, 41, 11.41 W
1788703019.487151896,0 %, 2411 MHz, 41, 11.41 W
1788703019.587554438,0 %, 2411 MHz, 41, 11.41 W
1788703019.688326978,0 %, 2411 MHz, 41, 11.41 W
1788703019.788689776,0 %, 2411 MHz, 41, 11.41 W
1788703019.888806910,0 %, 2411 MHz, 41, 11.41 W
1788703019.989810330,0 %, 2411 MHz, 41, 11.40 W
1788703020.090693750,0 %, 2411 MHz, 41, 11.40 W
1788703020.191289779,0 %, 2411 MHz, 41, 11.40 W
1788703020.292027727,0 %, 2411 MHz, 41, 11.40 W
1788703020.392320125,0 %, 2411 MHz, 41, 11.40 W
1788703020.493174489,0 %, 2411 MHz, 41, 11.43 W
1788703020.593537062,0 %, 2411 MHz, 41, 11.43 W
1788703020.693969460,0 %, 2411 MHz, 41, 11.43 W
1788703020.794247185,0 %, 2411 MHz, 41, 11.43 W
1788703020.894142496,0 %, 2411 MHz, 41, 11.43 W
1788703020.994906477,0 %, 2411 MHz, 41, 11.43 W
1788703021.095667513,0 %, 2411 MHz, 41, 11.43 W
1788703021.196548933,0 %, 2411 MHz, 41, 11.43 W
1788703021.296882978,0 %, 2411 MHz, 41, 11.43 W
1788703021.397259360,0 %, 2411 MHz, 41, 11.43 W
1788703021.498175980,0 %, 2411 MHz, 41, 11.41 W
1788703021.598412569,0 %, 2411 MHz, 41, 11.41 W
1788703021.698795815,0 %, 2411 MHz, 41, 11.41 W
1788703021.799576371,0 %, 2411 MHz, 41, 11.41 W
1788703021.899236066,0 %, 2411 MHz, 41, 11.41 W
1788703022.000126062,0 %, 2411 MHz, 41, 11.42 W
1788703022.100550539,0 %, 2411 MHz, 41, 11.42 W
1788703022.201400408,0 %, 2411 MHz, 41, 11.42 W
1788703022.302013092,0 %, 2411 MHz, 41, 11.42 W
1788703022.402355698,0 %, 2411 MHz, 41, 11.42 W
1788703022.502697903,0 %, 2411 MHz, 41, 11.42 W
1788703022.602677629,0 %, 2411 MHz, 41, 11.42 W
1788703022.703076458,0 %, 2411 MHz, 41, 11.42 W
1788703022.803472248,0 %, 2411 MHz, 41, 11.42 W
1788703022.903676149,0 %, 2411 MHz, 41, 11.42 W
1788703023.004362674,0 %, 2411 MHz, 41, 11.42 W
1788703023.104901343,0 %, 2411 MHz, 41, 11.42 W
1788703023.205432731,0 %, 2411 MHz, 41, 11.42 W
1788703023.305954728,0 %, 2411 MHz, 41, 11.42 W
1788703023.406316470,0 %, 2411 MHz, 41, 11.42 W
1788703023.507226273,0 %, 2411 MHz, 41, 11.41 W
1788703023.607019312,0 %, 2411 MHz, 41, 11.41 W
1788703023.708216651,0 %, 2411 MHz, 41, 11.41 W
1788703023.808622840,0 %, 2411 MHz, 41, 11.41 W
1788703023.908299479,0 %, 2411 MHz, 41, 11.41 W
1788703024.009239107,0 %, 2411 MHz, 41, 11.41 W
1788703024.110014799,0 %, 2411 MHz, 41, 11.41 W
1788703024.210384812,0 %, 2411 MHz, 41, 11.41 W
1788703024.311067897,0 %, 2411 MHz, 41, 11.41 W
1788703024.411766069,0 %, 2411 MHz, 41, 11.41 W
1788703024.512132866,0 %, 2411 MHz, 41, 11.41 W
1788703024.612629103,0 %, 2411 MHz, 41, 11.41 W
1788703024.713390235,0 %, 2411 MHz, 41, 11.41 W
1788703024.813687336,0 %, 2411 MHz, 41, 11.41 W
1788703024.913412215,0 %, 2411 MHz, 41, 11.41 W
1788703025.014778322,0 %, 2411 MHz, 41, 11.40 W
1788703025.115187775,0 %, 2411 MHz, 41, 11.40 W
1788703025.216279978,0 %, 2411 MHz, 41, 11.40 W
1788703025.316663895,0 %, 2411 MHz, 41, 11.40 W
1788703025.417465059,0 %, 2411 MHz, 41, 11.40 W
1788703025.517665904,0 %, 2411 MHz, 41, 11.39 W
1788703025.618453516,0 %, 2411 MHz, 41, 11.39 W
1788703025.718728746,0 %, 2411 MHz, 41, 11.39 W
1788703025.818623144,0 %, 2411 MHz, 41, 11.39 W
1788703025.918851781,0 %, 2411 MHz, 41, 11.39 W
1788703026.019707937,0 %, 2411 MHz, 41, 11.40 W
1788703026.120069710,0 %, 2411 MHz, 41, 11.40 W
1788703026.220281836,0 %, 2411 MHz, 41, 11.40 W
1788703026.321018776,0 %, 2411 MHz, 41, 11.40 W
1788703026.421489540,0 %, 2411 MHz, 41, 11.40 W
1788703026.522616703,0 %, 2411 MHz, 41, 11.42 W
1788703026.622993260,0 %, 2411 MHz, 41, 11.42 W
1788703026.722877707,0 %, 2411 MHz, 41, 11.42 W
1788703026.824091861,0 %, 2411 MHz, 41, 11.42 W
1788703026.923589749,0 %, 2411 MHz, 41, 11.42 W
1788703027.024591264,0 %, 2411 MHz, 41, 11.41 W
1788703027.124238031,0 %, 2411 MHz, 41, 11.41 W
1788703027.224643980,0 %, 2411 MHz, 41, 11.41 W
1788703027.325389719,0 %, 2411 MHz, 41, 11.41 W
1788703027.426234723,0 %, 2411 MHz, 41, 11.41 W
1788703027.526685056,0 %, 2411 MHz, 41, 11.40 W
1788703027.627499564,0 %, 2411 MHz, 41, 11.40 W
1788703027.727750553,0 %, 2411 MHz, 41, 11.40 W
1788703027.828134998,0 %, 2411 MHz, 41, 11.40 W
1788703027.927878452,0 %, 2411 MHz, 41, 11.40 W
1788703028.028637840,0 %, 2411 MHz, 41, 11.40 W
1788703028.129011485,0 %, 2411 MHz, 41, 11.40 W
1788703028.229175802,0 %, 2411 MHz, 41, 11.40 W
1788703028.329182328,0 %, 2411 MHz, 41, 11.40 W
1788703028.430035588,0 %, 2411 MHz, 41, 11.40 W
1788703028.530225937,0 %, 2411 MHz, 41, 11.40 W
1788703028.631049501,0 %, 2411 MHz, 41, 11.40 W
1788703028.731847960,0 %, 2411 MHz, 41, 11.40 W
1788703028.832450533,0 %, 2411 MHz, 41, 11.40 W
1788703028.932423570,0 %, 2411 MHz, 41, 11.40 W
1788703029.033332222,0 %, 2411 MHz, 41, 11.40 W
1788703029.133788378,0 %, 2411 MHz, 41, 11.40 W
1788703029.234057543,0 %, 2411 MHz, 41, 11.40 W
1788703029.334495284,0 %, 2411 MHz, 41, 11.40 W
1788703029.435041872,0 %, 2411 MHz, 41, 11.40 W
1788703029.535547725,0 %, 2411 MHz, 41, 11.41 W
1788703029.636314841,0 %, 2411 MHz, 41, 11.41 W
1788703029.736885989,0 %, 2411 MHz, 41, 11.41 W
1788703029.837683632,0 %, 2411 MHz, 41, 11.41 W
1788703029.937109456,0 %, 2411 MHz, 41, 11.41 W
1788703030.038238234,0 %, 2411 MHz, 41, 11.42 W
1788703030.138372696,0 %, 2411 MHz, 41, 11.42 W
1788703030.238609125,0 %, 2411 MHz, 41, 11.42 W
1788703030.338916146,0 %, 2411 MHz, 41, 11.42 W
1788703030.439294686,0 %, 2411 MHz, 41, 11.42 W
1788703030.540061962,0 %, 2411 MHz, 41, 11.42 W
1788703030.640415367,0 %, 2411 MHz, 41, 11.42 W
1788703030.740630868,0 %, 2411 MHz, 41, 11.42 W
1788703030.841025968,0 %, 2411 MHz, 41, 11.42 W
1788703030.940588431,0 %, 2411 MHz, 41, 11.42 W
1788703031.041512394,0 %, 2411 MHz, 41, 11.43 W
1788703031.140978505,0 %, 2411 MHz, 41, 11.43 W
1788703031.241531813,0 %, 2411 MHz, 41, 11.43 W
1788703031.341430899,0 %, 2411 MHz, 41, 11.43 W
1788703031.442062831,0 %, 2411 MHz, 41, 11.43 W
1788703031.541614830,0 %, 2411 MHz, 41, 11.45 W
1788703031.642983096,0 %, 2411 MHz, 41, 11.45 W
1788703031.742843558,0 %, 2411 MHz, 41, 11.45 W
1788703031.843514770,0 %, 2411 MHz, 41, 11.45 W
1788703031.943162112,0 %, 2411 MHz, 41, 11.44 W
1788703032.044198011,0 %, 2411 MHz, 41, 11.44 W
1788703032.144289448,0 %, 2411 MHz, 41, 11.44 W
1788703032.244446949,0 %, 2411 MHz, 41, 11.44 W
1788703032.344415843,0 %, 2411 MHz, 41, 11.44 W
1788703032.445441326,0 %, 2411 MHz, 41, 11.40 W
1788703032.545672651,0 %, 2411 MHz, 41, 11.40 W
1788703032.646030151,0 %, 2411 MHz, 41, 11.40 W
1788703032.746576131,0 %, 2411 MHz, 41, 11.40 W
1788703032.847330511,0 %, 2411 MHz, 41, 11.40 W
1788703032.946888317,0 %, 2411 MHz, 41, 11.39 W
1788703033.048049768,0 %, 2411 MHz, 41, 11.39 W
1788703033.148122501,0 %, 2411 MHz, 41, 11.39 W
1788703033.248294818,0 %, 2411 MHz, 41, 11.39 W
1788703033.348434847,0 %, 2411 MHz, 41, 11.39 W
1788703033.449275434,0 %, 2411 MHz, 41, 11.40 W
1788703033.549110376,0 %, 2411 MHz, 41, 11.40 W
1788703033.649920915,0 %, 2411 MHz, 41, 11.40 W
1788703033.750028753,0 %, 2411 MHz, 41, 11.40 W
1788703033.851036715,0 %, 2411 MHz, 41, 11.40 W
1788703033.950725194,0 %, 2411 MHz, 41, 11.43 W
1788703034.051574661,0 %, 2411 MHz, 41, 11.43 W
1788703034.151980417,0 %, 2411 MHz, 41, 11.43 W
1788703034.252095470,0 %, 2411 MHz, 41, 11.43 W
1788703034.352392299,0 %, 2411 MHz, 41, 11.43 W
1788703034.453181030,0 %, 2411 MHz, 41, 11.46 W
1788703034.553708834,0 %, 2411 MHz, 41, 11.46 W
1788703034.653928815,0 %, 2411 MHz, 41, 11.46 W
1788703034.754729786,0 %, 2411 MHz, 41, 11.46 W
1788703034.855247142,0 %, 2411 MHz, 41, 11.46 W
1788703034.955174564,0 %, 2411 MHz, 41, 11.44 W
1788703035.056163534,0 %, 2411 MHz, 41, 11.44 W
1788703035.156037324,0 %, 2411 MHz, 41, 11.44 W
1788703035.256168713,0 %, 2411 MHz, 41, 11.44 W
1788703035.356705093,0 %, 2411 MHz, 41, 11.44 W
1788703035.457025409,0 %, 2411 MHz, 41, 11.42 W
1788703035.557020590,0 %, 2411 MHz, 41, 11.42 W
1788703035.657787930,0 %, 2411 MHz, 41, 11.42 W
1788703035.757900967,0 %, 2411 MHz, 41, 11.42 W
1788703035.858855153,0 %, 2411 MHz, 41, 11.42 W
1788703035.958529232,0 %, 2411 MHz, 41, 11.42 W
1788703036.059256731,0 %, 2411 MHz, 41, 11.42 W
1788703036.159265944,0 %, 2411 MHz, 41, 11.42 W
1788703036.259886724,0 %, 2411 MHz, 41, 11.42 W
1788703036.359999329,0 %, 2411 MHz, 41, 11.42 W
1788703036.460942139,0 %, 2411 MHz, 41, 11.42 W
1788703036.560867993,0 %, 2411 MHz, 41, 11.42 W
1788703036.661589204,0 %, 2411 MHz, 41, 11.42 W
1788703036.761786785,0 %, 2411 MHz, 41, 11.42 W
1788703036.862216029,0 %, 2411 MHz, 41, 11.42 W
1788703036.962070826,0 %, 2411 MHz, 41, 11.41 W
1788703037.063228260,0 %, 2411 MHz, 41, 11.41 W
1788703037.163623777,0 %, 2411 MHz, 41, 11.41 W
1788703037.264555659,0 %, 2411 MHz, 41, 11.41 W
1788703037.364905959,0 %, 2411 MHz, 41, 11.41 W
1788703037.465755042,0 %, 2411 MHz, 41, 11.41 W
1788703037.566082847,0 %, 2411 MHz, 41, 11.41 W
1788703037.666760890,0 %, 2411 MHz, 41, 11.41 W
1788703037.767260470,0 %, 2411 MHz, 41, 11.41 W
1788703037.867788690,0 %, 2411 MHz, 41, 11.41 W
1788703037.967319744,0 %, 2411 MHz, 41, 11.41 W
1788703038.067379517,0 %, 2411 MHz, 41, 11.41 W
1788703038.168269608,0 %, 2411 MHz, 41, 11.41 W
1788703038.268528660,0 %, 2411 MHz, 41, 11.41 W
1788703038.369078496,0 %, 2411 MHz, 41, 11.41 W
1788703038.469208540,0 %, 2411 MHz, 41, 11.41 W
1788703038.570050055,0 %, 2411 MHz, 41, 11.41 W
1788703038.670083204,0 %, 2411 MHz, 41, 11.41 W
1788703038.770857375,0 %, 2411 MHz, 41, 11.41 W
1788703038.871346459,0 %, 2411 MHz, 41, 11.41 W
1788703038.970788681,0 %, 2411 MHz, 41, 11.41 W
1788703039.071860628,0 %, 2411 MHz, 41, 11.41 W
1788703039.171996320,0 %, 2411 MHz, 41, 11.41 W
1788703039.272466652,0 %, 2411 MHz, 41, 11.41 W
1788703039.372618600,0 %, 2411 MHz, 41, 11.41 W
1788703039.472370614,0 %, 2411 MHz, 41, 11.42 W
1788703039.572851330,0 %, 2411 MHz, 41, 11.42 W
1788703039.672654399,0 %, 2411 MHz, 41, 11.42 W
1788703039.772811084,0 %, 2411 MHz, 41, 11.42 W
1788703039.872945449,0 %, 2411 MHz, 41, 11.42 W
1788703039.972738934,0 %, 2411 MHz, 41, 11.42 W
1788703040.073114994,0 %, 2411 MHz, 41, 11.42 W
1788703040.173257774,0 %, 2411 MHz, 41, 11.42 W
1788703040.274063929,0 %, 2411 MHz, 41, 11.42 W
1788703040.373568167,0 %, 2411 MHz, 41, 11.42 W
1788703040.473759828,0 %, 2411 MHz, 41, 11.42 W
1788703040.573885440,0 %, 2411 MHz, 41, 11.42 W
1788703040.674012205,0 %, 2411 MHz, 41, 11.42 W
1788703040.774119674,0 %, 2411 MHz, 41, 11.42 W
1788703040.874220438,0 %, 2411 MHz, 41, 11.42 W
1788703040.974035188,0 %, 2411 MHz, 41, 11.41 W
1788703041.075021486,0 %, 2411 MHz, 41, 11.41 W
1788703041.174297997,0 %, 2411 MHz, 41, 11.41 W
1788703041.274697624,0 %, 2411 MHz, 41, 11.41 W
1788703041.374797301,0 %, 2411 MHz, 41, 11.41 W
1788703041.474926913,0 %, 2411 MHz, 41, 11.41 W
1788703041.575082558,0 %, 2411 MHz, 41, 11.41 W
1788703041.675165274,0 %, 2411 MHz, 41, 11.41 W
1788703041.775741878,0 %, 2411 MHz, 41, 11.41 W
1788703041.875769010,0 %, 2411 MHz, 41, 11.41 W
1788703041.975224753,0 %, 2411 MHz, 41, 11.42 W
1788703042.075762412,0 %, 2411 MHz, 41, 11.42 W
1788703042.175936440,0 %, 2411 MHz, 41, 11.42 W
1788703042.276734835,0 %, 2411 MHz, 41, 11.42 W
1788703042.376169809,0 %, 2411 MHz, 41, 11.42 W
1788703042.476294590,0 %, 2411 MHz, 41, 11.42 W
1788703042.576442522,0 %, 2411 MHz, 41, 11.42 W
1788703042.676586918,0 %, 2411 MHz, 41, 11.42 W
1788703042.776699731,0 %, 2411 MHz, 41, 11.42 W
1788703042.876834687,0 %, 2411 MHz, 41, 11.42 W
1788703042.976599549,0 %, 2411 MHz, 41, 11.43 W
1788703043.077079880,0 %, 2411 MHz, 41, 11.43 W
1788703043.177195652,0 %, 2411 MHz, 41, 11.43 W
1788703043.277277841,0 %, 2411 MHz, 41, 11.43 W
1788703043.378110155,0 %, 2411 MHz, 41, 11.43 W
1788703043.477592057,0 %, 2411 MHz, 41, 11.43 W
1788703043.577505078,0 %, 2411 MHz, 41, 11.43 W
1788703043.677783874,0 %, 2411 MHz, 41, 11.43 W
1788703043.777913023,0 %, 2411 MHz, 41, 11.43 W
1788703043.878366794,0 %, 2411 MHz, 41, 11.43 W
1788703043.977966296,0 %, 2411 MHz, 41, 11.42 W
1788703044.079100049,0 %, 2411 MHz, 41, 11.42 W
1788703044.179635661,0 %, 2411 MHz, 41, 11.42 W
1788703044.280767094,0 %, 2411 MHz, 41, 11.42 W
1788703044.380254996,0 %, 2411 MHz, 41, 11.42 W
1788703044.481020543,0 %, 2411 MHz, 41, 11.42 W
1788703044.580970156,0 %, 2411 MHz, 41, 11.42 W
1788703044.681604167,0 %, 2411 MHz, 41, 11.42 W
1788703044.781677587,0 %, 2411 MHz, 41, 11.42 W
1788703044.882601869,0 %, 2411 MHz, 41, 11.42 W
1788703044.981967099,0 %, 2411 MHz, 41, 11.42 W
1788703045.083032165,0 %, 2411 MHz, 41, 11.42 W
1788703045.182969794,0 %, 2411 MHz, 41, 11.42 W
1788703045.283733180,0 %, 2411 MHz, 41, 11.42 W
1788703045.384594455,0 %, 2411 MHz, 41, 11.42 W
1788703045.484323284,0 %, 2411 MHz, 41, 11.42 W
1788703045.585065007,0 %, 2411 MHz, 41, 11.42 W
1788703045.685007867,0 %, 2411 MHz, 41, 11.42 W
1788703045.784993592,0 %, 2411 MHz, 41, 11.42 W
1788703045.885615283,0 %, 2411 MHz, 41, 11.42 W
1788703045.985207296,0 %, 2411 MHz, 41, 11.43 W
1788703046.085625932,0 %, 2411 MHz, 41, 11.43 W
1788703046.185675576,0 %, 2411 MHz, 41, 11.43 W
1788703046.285852036,0 %, 2411 MHz, 41, 11.43 W
1788703046.386589599,0 %, 2411 MHz, 41, 11.43 W
1788703046.486667611,0 %, 2411 MHz, 41, 11.43 W
1788703046.587109158,0 %, 2411 MHz, 41, 11.43 W
1788703046.687237522,0 %, 2411 MHz, 41, 11.43 W
1788703046.787787709,0 %, 2411 MHz, 41, 11.43 W
1788703046.887591274,0 %, 2411 MHz, 41, 11.43 W
1788703046.987336391,0 %, 2411 MHz, 41, 11.43 W
1788703047.087758531,0 %, 2411 MHz, 41, 11.43 W
1788703047.187885983,0 %, 2411 MHz, 41, 11.43 W
1788703047.288623289,0 %, 2411 MHz, 41, 11.43 W
1788703047.388616021,0 %, 2411 MHz, 41, 11.43 W
1788703047.488596866,0 %, 2411 MHz, 41, 11.43 W
1788703047.588532030,0 %, 2411 MHz, 41, 11.43 W
1788703047.688629611,0 %, 2411 MHz, 41, 11.43 W
1788703047.788788599,0 %, 2411 MHz, 41, 11.43 W
1788703047.888912083,0 %, 2411 MHz, 41, 11.43 W
1788703047.988666864,0 %, 2411 MHz, 41, 11.42 W
1788703048.089106667,0 %, 2411 MHz, 41, 11.42 W
1788703048.189230727,0 %, 2411 MHz, 41, 11.42 W
1788703048.289803186,0 %, 2411 MHz, 41, 11.42 W
1788703048.389538719,0 %, 2411 MHz, 41, 11.42 W
1788703048.489612779,0 %, 2411 MHz, 41, 11.42 W
1788703048.589738871,0 %, 2411 MHz, 41, 11.42 W
1788703048.689841283,0 %, 2411 MHz, 41, 11.42 W
1788703048.790013919,0 %, 2411 MHz, 41, 11.42 W
1788703048.890118955,0 %, 2411 MHz, 41, 11.42 W
1788703048.990055095,0 %, 2411 MHz, 41, 11.41 W
1788703049.091103841,0 %, 2411 MHz, 41, 11.41 W
1788703049.190597534,0 %, 2411 MHz, 41, 11.41 W
1788703049.290605642,0 %, 2411 MHz, 41, 11.41 W
1788703049.390688118,0 %, 2411 MHz, 41, 11.41 W
1788703049.490840898,0 %, 2411 MHz, 41, 11.41 W
1788703049.590965998,0 %, 2411 MHz, 41, 11.41 W
1788703049.691086074,0 %, 2411 MHz, 41, 11.41 W
1788703049.791196774,0 %, 2411 MHz, 41, 11.41 W
1788703049.891357570,0 %, 2411 MHz, 41, 11.41 W
1788703049.991134831,0 %, 2411 MHz, 40, 11.42 W
1788703050.091610170,0 %, 2411 MHz, 40, 11.42 W
1788703050.191668102,0 %, 2411 MHz, 40, 11.42 W
1788703050.291849521,0 %, 2411 MHz, 40, 11.42 W
1788703050.391939261,0 %, 2411 MHz, 40, 11.42 W
1788703050.492102985,0 %, 2411 MHz, 41, 11.41 W
1788703050.592082053,0 %, 2411 MHz, 41, 11.41 W
1788703050.692314705,0 %, 2411 MHz, 41, 11.41 W
1788703050.792410141,0 %, 2411 MHz, 41, 11.41 W
1788703050.892581416,0 %, 2411 MHz, 41, 11.41 W
1788703050.992400757,0 %, 2411 MHz, 41, 11.41 W
1788703051.092784160,0 %, 2411 MHz, 41, 11.41 W
1788703051.192885964,0 %, 2411 MHz, 41, 11.41 W
1788703051.293058775,0 %, 2411 MHz, 41, 11.41 W
1788703051.393171299,0 %, 2411 MHz, 41, 11.41 W
1788703051.494012957,0 %, 2411 MHz, 41, 11.42 W
1788703051.594778759,0 %, 2411 MHz, 41, 11.42 W
1788703051.694932499,0 %, 2411 MHz, 41, 11.42 W
1788703051.795327006,0 %, 2411 MHz, 41, 11.42 W
1788703051.895176346,0 %, 2411 MHz, 41, 11.42 W
1788703051.994986423,0 %, 2411 MHz, 41, 11.43 W
1788703052.095653889,0 %, 2411 MHz, 41, 11.43 W
1788703052.195453406,0 %, 2411 MHz, 41, 11.43 W
1788703052.296601879,0 %, 2411 MHz, 41, 11.43 W
1788703052.396617235,0 %, 2411 MHz, 41, 11.43 W
1788703052.497165533,0 %, 2411 MHz, 41, 11.42 W
1788703052.597605480,0 %, 2411 MHz, 41, 11.42 W
1788703052.698170819,0 %, 2411 MHz, 41, 11.42 W
1788703052.798571742,0 %, 2411 MHz, 41, 11.42 W
1788703052.898664250,0 %, 2411 MHz, 41, 11.42 W
1788703052.998355558,0 %, 2411 MHz, 41, 11.41 W
1788703053.099046465,0 %, 2411 MHz, 41, 11.41 W
1788703053.199507099,0 %, 2411 MHz, 41, 11.41 W
1788703053.299833782,0 %, 2411 MHz, 41, 11.41 W
1788703053.399875682,0 %, 2411 MHz, 41, 11.41 W
1788703053.500780716,0 %, 2411 MHz, 41, 11.41 W
1788703053.601353814,0 %, 2411 MHz, 41, 11.41 W
1788703053.701762801,0 %, 2411 MHz, 41, 11.41 W
1788703053.803076330,0 %, 2411 MHz, 41, 11.41 W
1788703053.902045592,0 %, 2411 MHz, 41, 11.41 W
1788703054.001972772,0 %, 2411 MHz, 41, 11.41 W
1788703054.102514383,0 %, 2411 MHz, 41, 11.41 W
1788703054.203206057,0 %, 2411 MHz, 41, 11.41 W
1788703054.303290773,0 %, 2411 MHz, 41, 11.41 W
1788703054.403947951,0 %, 2411 MHz, 41, 11.41 W
1788703054.504070474,0 %, 2411 MHz, 41, 11.43 W
1788703054.604211142,0 %, 2411 MHz, 41, 11.43 W
1788703054.704751168,0 %, 2411 MHz, 41, 11.43 W
1788703054.804565117,0 %, 2411 MHz, 41, 11.43 W
1788703054.904720664,0 %, 2411 MHz, 41, 11.43 W
1788703055.004519332,0 %, 2411 MHz, 41, 11.43 W
1788703055.104931903,0 %, 2411 MHz, 41, 11.43 W
1788703055.205957592,0 %, 2411 MHz, 41, 11.43 W
1788703055.305836132,0 %, 2411 MHz, 41, 11.43 W
1788703055.406437455,0 %, 2411 MHz, 41, 11.43 W
1788703055.506761050,0 %, 2411 MHz, 41, 11.43 W
1788703055.607679523,0 %, 2411 MHz, 41, 11.43 W
1788703055.708064622,0 %, 2411 MHz, 41, 11.43 W
1788703055.807830698,0 %, 2411 MHz, 41, 11.43 W
1788703055.908311749,0 %, 2411 MHz, 41, 11.43 W
1788703056.008397088,0 %, 2411 MHz, 41, 11.43 W
1788703056.109591833,0 %, 2411 MHz, 41, 11.43 W
1788703056.209257622,0 %, 2411 MHz, 41, 11.43 W
1788703056.310069519,0 %, 2411 MHz, 41, 11.43 W
1788703056.409981771,0 %, 2411 MHz, 41, 11.43 W
1788703056.510625637,0 %, 2411 MHz, 41, 11.43 W
1788703056.610692625,0 %, 2411 MHz, 41, 11.43 W
1788703056.711124971,0 %, 2411 MHz, 41, 11.43 W
1788703056.811235127,0 %, 2411 MHz, 41, 11.43 W
1788703056.912088576,0 %, 2411 MHz, 41, 11.43 W
1788703057.011663533,0 %, 2411 MHz, 41, 11.42 W
1788703057.112825590,0 %, 2411 MHz, 41, 11.42 W
1788703057.212763890,0 %, 2411 MHz, 41, 11.42 W
1788703057.313200172,0 %, 2411 MHz, 41, 11.42 W
1788703057.413044040,0 %, 2411 MHz, 41, 11.42 W
1788703057.514220641,0 %, 2411 MHz, 41, 11.42 W
1788703057.614688603,0 %, 2411 MHz, 41, 11.42 W
1788703057.715620724,0 %, 2411 MHz, 41, 11.42 W
1788703057.816244479,0 %, 2411 MHz, 41, 11.42 W
1788703057.916230250,0 %, 2411 MHz, 41, 11.42 W
1788703058.016416837,0 %, 2411 MHz, 41, 11.42 W
1788703058.117771661,0 %, 2411 MHz, 41, 11.42 W
1788703058.217999624,0 %, 2411 MHz, 41, 11.42 W
1788703058.318119732,0 %, 2411 MHz, 41, 11.42 W
1788703058.418395151,0 %, 2411 MHz, 41, 11.42 W
1788703058.519120360,0 %, 2411 MHz, 41, 11.43 W
1788703058.619796226,0 %, 2411 MHz, 41, 11.43 W
1788703058.719882237,0 %, 2411 MHz, 41, 11.43 W
1788703058.820115224,0 %, 2411 MHz, 41, 11.43 W
1788703058.920862386,0 %, 2411 MHz, 41, 11.43 W
1788703059.020383631,0 %, 2411 MHz, 41, 11.43 W
1788703059.121745223,0 %, 2411 MHz, 41, 11.43 W
1788703059.221304948,0 %, 2411 MHz, 41, 11.43 W
1788703059.322111101,0 %, 2411 MHz, 41, 11.43 W
1788703059.422808679,0 %, 2411 MHz, 41, 11.43 W
1788703059.523248657,0 %, 2411 MHz, 41, 11.42 W
1788703059.623760235,0 %, 2411 MHz, 41, 11.42 W
1788703059.724244949,0 %, 2411 MHz, 41, 11.42 W
1788703059.824064465,0 %, 2411 MHz, 41, 11.42 W
1788703059.924819435,0 %, 2411 MHz, 41, 11.42 W
1788703060.024435815,0 %, 2411 MHz, 41, 11.41 W
1788703060.125759071,0 %, 2411 MHz, 41, 11.41 W
1788703060.225585659,0 %, 2411 MHz, 41, 11.41 W
1788703060.326536916,0 %, 2411 MHz, 41, 11.41 W
1788703060.426728223,0 %, 2411 MHz, 41, 11.41 W
1788703060.527102106,0 %, 2411 MHz, 41, 11.41 W
1788703060.627110869,0 %, 2411 MHz, 41, 11.41 W
1788703060.727634559,0 %, 2411 MHz, 41, 11.41 W
1788703060.828154761,0 %, 2411 MHz, 41, 11.41 W
1788703060.929290994,0 %, 2411 MHz, 41, 11.41 W
1788703061.028159600,0 %, 2411 MHz, 41, 11.42 W
1788703061.129140905,0 %, 2411 MHz, 41, 11.42 W
1788703061.229589763,0 %, 2411 MHz, 41, 11.42 W
1788703061.330889675,0 %, 2411 MHz, 41, 11.42 W
1788703061.430897542,0 %, 2411 MHz, 41, 11.42 W
1788703061.530881490,0 %, 2411 MHz, 41, 11.43 W
1788703061.631650651,0 %, 2411 MHz, 41, 11.43 W
1788703061.731663127,0 %, 2411 MHz, 41, 11.43 W
1788703061.831775746,0 %, 2411 MHz, 41, 11.43 W
1788703061.931686013,0 %, 2411 MHz, 41, 11.43 W
1788703062.031842520,0 %, 2411 MHz, 41, 11.46 W
1788703062.132229570,0 %, 2411 MHz, 41, 11.46 W
1788703062.233035004,0 %, 2411 MHz, 41, 11.46 W
1788703062.333066391,0 %, 2411 MHz, 41, 11.46 W
1788703062.433729424,0 %, 2411 MHz, 41, 11.46 W
1788703062.533691228,0 %, 2411 MHz, 41, 11.45 W
1788703062.634257878,0 %, 2411 MHz, 41, 11.45 W
1788703062.734386849,0 %, 2411 MHz, 41, 11.45 W
1788703062.835174250,0 %, 2411 MHz, 41, 11.45 W
1788703062.935000870,0 %, 2411 MHz, 41, 11.45 W
1788703063.035096305,0 %, 2411 MHz, 41, 11.41 W
1788703063.135265531,0 %, 2411 MHz, 41, 11.41 W
1788703063.236002981,0 %, 2411 MHz, 41, 11.41 W
1788703063.336065520,0 %, 2411 MHz, 41, 11.41 W
1788703063.436692057,0 %, 2411 MHz, 41, 11.41 W
1788703063.536718549,0 %, 2411 MHz, 41, 11.43 W
1788703063.637348542,0 %, 2411 MHz, 41, 11.43 W
1788703063.737535561,0 %, 2411 MHz, 41, 11.43 W
1788703063.838141971,0 %, 2411 MHz, 41, 11.43 W
1788703063.938376093,0 %, 2411 MHz, 41, 11.43 W
1788703064.038962679,0 %, 2411 MHz, 41, 11.43 W
1788703064.139197089,0 %, 2411 MHz, 41, 11.43 W
1788703064.239456700,0 %, 2411 MHz, 41, 11.43 W
1788703064.340032038,0 %, 2411 MHz, 41, 11.43 W
1788703064.440497199,0 %, 2411 MHz, 41, 11.43 W
1788703064.540801978,0 %, 2411 MHz, 41, 11.42 W
1788703064.641705619,0 %, 2411 MHz, 41, 11.42 W
1788703064.742110429,0 %, 2411 MHz, 41, 11.42 W
1788703064.842345399,0 %, 2411 MHz, 41, 11.42 W
1788703064.943354608,0 %, 2411 MHz, 41, 11.42 W
1788703065.043496907,0 %, 2411 MHz, 41, 11.41 W
1788703065.144019588,0 %, 2411 MHz, 41, 11.41 W
1788703065.244229839,0 %, 2411 MHz, 41, 11.41 W
1788703065.344576825,0 %, 2411 MHz, 41, 11.41 W
1788703065.444289637,0 %, 2411 MHz, 41, 11.41 W
1788703065.545267645,0 %, 2411 MHz, 41, 11.41 W
1788703065.645629992,0 %, 2411 MHz, 41, 11.41 W
1788703065.745827922,0 %, 2411 MHz, 41, 11.41 W
1788703065.845417054,0 %, 2411 MHz, 41, 11.41 W
1788703065.946354631,0 %, 2411 MHz, 41, 11.41 W
1788703066.046652593,0 %, 2411 MHz, 41, 11.41 W
1788703066.146771868,0 %, 2411 MHz, 41, 11.41 W
1788703066.246878199,0 %, 2411 MHz, 41, 11.41 W
1788703066.347207569,0 %, 2411 MHz, 41, 11.41 W
1788703066.447973978,0 %, 2411 MHz, 41, 11.41 W
1788703066.548518803,0 %, 2411 MHz, 41, 11.41 W
1788703066.649272620,0 %, 2411 MHz, 41, 11.41 W
1788703066.749666278,0 %, 2411 MHz, 41, 11.41 W
1788703066.850254688,0 %, 2411 MHz, 41, 11.41 W
1788703066.950511834,0 %, 2411 MHz, 41, 11.41 W
1788703067.051224691,0 %, 2411 MHz, 41, 11.41 W
1788703067.151548333,0 %, 2411 MHz, 41, 11.41 W
1788703067.251830152,0 %, 2411 MHz, 41, 11.41 W
1788703067.352488465,0 %, 2411 MHz, 41, 11.41 W
1788703067.452450348,0 %, 2411 MHz, 41, 11.41 W
1788703067.553294421,0 %, 2411 MHz, 41, 11.41 W
1788703067.653346031,0 %, 2411 MHz, 41, 11.41 W
1788703067.754054553,0 %, 2411 MHz, 41, 11.41 W
1788703067.854189075,0 %, 2411 MHz, 41, 11.41 W
1788703067.955030044,0 %, 2411 MHz, 41, 11.41 W
1788703068.055257014,0 %, 2411 MHz, 41, 11.41 W
1788703068.155788704,0 %, 2411 MHz, 41, 11.41 W
1788703068.255971002,0 %, 2411 MHz, 41, 11.41 W
1788703068.356819619,0 %, 2411 MHz, 41, 11.41 W
1788703068.456832462,0 %, 2411 MHz, 41, 11.41 W
1788703068.557514791,0 %, 2411 MHz, 41, 11.41 W
1788703068.658211920,0 %, 2411 MHz, 41, 11.41 W
1788703068.758626714,0 %, 2411 MHz, 41, 11.41 W
1788703068.859394818,0 %, 2411 MHz, 41, 11.41 W
1788703068.959733324,0 %, 2411 MHz, 41, 11.42 W
1788703069.059990263,0 %, 2411 MHz, 41, 11.42 W
1788703069.160357232,0 %, 2411 MHz, 41, 11.42 W
1788703069.260650090,0 %, 2411 MHz, 41, 11.42 W
1788703069.361374131,0 %, 2411 MHz, 41, 11.42 W
1788703069.461569038,0 %, 2411 MHz, 41, 11.42 W
1788703069.561977703,0 %, 2411 MHz, 41, 11.42 W
1788703069.662084658,0 %, 2411 MHz, 41, 11.42 W
1788703069.762982522,0 %, 2411 MHz, 41, 11.42 W
1788703069.862820358,0 %, 2411 MHz, 41, 11.42 W
1788703069.963391087,0 %, 2411 MHz, 41, 11.43 W
1788703070.063308378,0 %, 2411 MHz, 41, 11.43 W
1788703070.163962323,0 %, 2411 MHz, 41, 11.43 W
1788703070.263985534,0 %, 2411 MHz, 41, 11.43 W
1788703070.364578007,0 %, 2411 MHz, 41, 11.43 W
1788703070.464667585,0 %, 2411 MHz, 41, 11.43 W
1788703070.565583594,0 %, 2411 MHz, 41, 11.43 W
1788703070.665968291,0 %, 2411 MHz, 41, 11.43 W
1788703070.766325149,0 %, 2411 MHz, 41, 11.43 W
1788703070.866468776,0 %, 2411 MHz, 41, 11.43 W
1788703070.967363040,0 %, 2411 MHz, 41, 11.44 W
1788703071.067812297,0 %, 2411 MHz, 41, 11.44 W
1788703071.168258931,0 %, 2411 MHz, 41, 11.44 W
1788703071.268581021,0 %, 2411 MHz, 41, 11.44 W
1788703071.369123750,0 %, 2411 MHz, 41, 11.44 W
1788703071.469307584,0 %, 2411 MHz, 41, 11.45 W
1788703071.569717962,0 %, 2411 MHz, 41, 11.45 W
1788703071.669926292,0 %, 2411 MHz, 41, 11.45 W
1788703071.770143550,0 %, 2411 MHz, 41, 11.45 W
1788703071.870347048,0 %, 2411 MHz, 41, 11.45 W
1788703071.971147009,0 %, 2411 MHz, 41, 11.44 W
1788703072.071446027,0 %, 2411 MHz, 41, 11.44 W
1788703072.171366277,0 %, 2411 MHz, 41, 11.44 W
1788703072.271611535,0 %, 2411 MHz, 41, 11.44 W
1788703072.372181817,0 %, 2411 MHz, 41, 11.44 W
1788703072.472355683,0 %, 2411 MHz, 41, 11.43 W
1788703072.573181019,0 %, 2411 MHz, 41, 11.43 W
1788703072.673036134,0 %, 2411 MHz, 41, 11.43 W
1788703072.773309200,0 %, 2411 MHz, 41, 11.43 W
1788703072.873394570,0 %, 2411 MHz, 41, 11.43 W
1788703072.974262419,0 %, 2411 MHz, 41, 11.43 W
1788703073.074521085,0 %, 2411 MHz, 41, 11.43 W
1788703073.175489509,0 %, 2411 MHz, 41, 11.43 W
1788703073.275696190,0 %, 2411 MHz, 41, 11.43 W
1788703073.375723593,0 %, 2411 MHz, 41, 11.43 W
1788703073.476431970,0 %, 2411 MHz, 41, 11.44 W
1788703073.576592204,0 %, 2411 MHz, 41, 11.44 W
1788703073.677466340,0 %, 2411 MHz, 41, 11.44 W
1788703073.777505806,0 %, 2411 MHz, 41, 11.44 W
1788703073.878043480,0 %, 2411 MHz, 41, 11.44 W
1788703073.978175810,0 %, 2411 MHz, 41, 11.44 W
1788703074.078685867,0 %, 2411 MHz, 41, 11.44 W
1788703074.178820725,0 %, 2411 MHz, 41, 11.44 W
1788703074.279095439,0 %, 2411 MHz, 41, 11.44 W
1788703074.379735607,0 %, 2411 MHz, 41, 11.44 W
1788703074.479351779,0 %, 2411 MHz, 41, 11.43 W
1788703074.579233086,0 %, 2411 MHz, 41, 11.43 W
1788703074.680367349,0 %, 2411 MHz, 41, 11.43 W
1788703074.780401472,0 %, 2411 MHz, 41, 11.43 W
1788703074.881109320,0 %, 2411 MHz, 41, 11.43 W
1788703074.981282226,0 %, 2411 MHz, 41, 11.43 W
1788703075.081677548,0 %, 2411 MHz, 41, 11.43 W
1788703075.182271860,0 %, 2411 MHz, 41, 11.43 W
1788703075.282394894,0 %, 2411 MHz, 41, 11.43 W
1788703075.383052743,0 %, 2411 MHz, 41, 11.43 W
1788703075.483134001,0 %, 2411 MHz, 41, 11.43 W
1788703075.584030697,0 %, 2411 MHz, 41, 11.43 W
1788703075.684052116,0 %, 2411 MHz, 41, 11.43 W
1788703075.784802012,0 %, 2411 MHz, 41, 11.43 W
1788703075.884938454,0 %, 2411 MHz, 41, 11.43 W
1788703075.985854126,0 %, 2411 MHz, 41, 11.42 W
1788703076.086154776,0 %, 2411 MHz, 41, 11.42 W
1788703076.186313010,0 %, 2411 MHz, 41, 11.42 W
1788703076.286339740,0 %, 2411 MHz, 41, 11.42 W
1788703076.386669029,0 %, 2411 MHz, 41, 11.42 W
1788703076.487522413,0 %, 2411 MHz, 41, 11.42 W
1788703076.587309080,0 %, 2411 MHz, 41, 11.42 W
1788703076.688156336,0 %, 2411 MHz, 41, 11.42 W
1788703076.788199835,0 %, 2411 MHz, 41, 11.42 W
1788703076.888954339,0 %, 2411 MHz, 41, 11.42 W
1788703076.989511356,0 %, 2411 MHz, 41, 11.42 W
1788703077.090009653,0 %, 2411 MHz, 41, 11.42 W
1788703077.190368286,0 %, 2411 MHz, 41, 11.42 W
1788703077.290739127,0 %, 2411 MHz, 41, 11.42 W
1788703077.391523552,0 %, 2411 MHz, 41, 11.42 W
1788703077.491868873,0 %, 2411 MHz, 41, 11.43 W
1788703077.591916515,0 %, 2411 MHz, 41, 11.43 W
1788703077.692370156,0 %, 2411 MHz, 41, 11.43 W
1788703077.792546758,0 %, 2411 MHz, 41, 11.43 W
1788703077.893402526,0 %, 2411 MHz, 41, 11.43 W
1788703077.993384648,0 %, 2411 MHz, 41, 11.42 W
1788703078.093216323,0 %, 2411 MHz, 41, 11.42 W
1788703078.193552284,0 %, 2411 MHz, 41, 11.42 W
1788703078.293840870,0 %, 2411 MHz, 41, 11.42 W
1788703078.393825376,0 %, 2411 MHz, 41, 11.42 W
1788703078.494038569,0 %, 2411 MHz, 41, 11.42 W
1788703078.594134483,0 %, 2411 MHz, 41, 11.42 W
1788703078.694277965,0 %, 2411 MHz, 41, 11.42 W
1788703078.794366935,0 %, 2411 MHz, 41, 11.42 W
1788703078.894527601,0 %, 2411 MHz, 41, 11.42 W
1788703078.994639723,0 %, 2411 MHz, 41, 11.42 W
1788703079.094835028,0 %, 2411 MHz, 41, 11.42 W
1788703079.194899662,0 %, 2411 MHz, 41, 11.42 W
1788703079.295129624,0 %, 2411 MHz, 41, 11.42 W
1788703079.395178354,0 %, 2411 MHz, 41, 11.42 W
1788703079.495309068,0 %, 2411 MHz, 41, 11.43 W
1788703079.595880020,0 %, 2411 MHz, 41, 11.43 W
1788703079.696679676,0 %, 2411 MHz, 41, 11.43 W
1788703079.797004549,0 %, 2411 MHz, 41, 11.43 W
1788703079.897377695,0 %, 2411 MHz, 41, 11.43 W
1788703079.998152535,0 %, 2411 MHz, 41, 11.44 W
1788703080.098291296,0 %, 2411 MHz, 41, 11.44 W
1788703080.198824457,0 %, 2411 MHz, 41, 11.44 W
1788703080.298844147,0 %, 2411 MHz, 41, 11.44 W
1788703080.400356697,0 %, 2411 MHz, 41, 11.44 W
1788703080.499270406,0 %, 2411 MHz, 41, 11.45 W
1788703080.600180350,0 %, 2411 MHz, 41, 11.45 W
1788703080.700493495,0 %, 2411 MHz, 41, 11.45 W
1788703080.800982480,0 %, 2411 MHz, 41, 11.45 W
1788703080.900961370,0 %, 2411 MHz, 41, 11.45 W
1788703081.001668610,0 %, 2411 MHz, 41, 11.45 W
1788703081.102352778,0 %, 2411 MHz, 41, 11.45 W
1788703081.202675315,0 %, 2411 MHz, 41, 11.45 W
1788703081.303232348,0 %, 2411 MHz, 41, 11.45 W
1788703081.403524373,0 %, 2411 MHz, 41, 11.45 W
1788703081.503670574,0 %, 2411 MHz, 41, 11.44 W
1788703081.603747256,0 %, 2411 MHz, 41, 11.44 W
1788703081.704525520,0 %, 2411 MHz, 41, 11.44 W
1788703081.804788057,0 %, 2411 MHz, 41, 11.44 W
1788703081.904678772,0 %, 2411 MHz, 41, 11.44 W
1788703082.005399980,0 %, 2411 MHz, 41, 11.44 W
1788703082.105660757,0 %, 2411 MHz, 41, 11.44 W
1788703082.206558029,0 %, 2411 MHz, 41, 11.44 W
1788703082.306584055,0 %, 2411 MHz, 41, 11.44 W
1788703082.407292383,0 %, 2411 MHz, 41, 11.44 W
1788703082.507357336,0 %, 2411 MHz, 41, 11.43 W
1788703082.608190448,0 %, 2411 MHz, 41, 11.43 W
1788703082.708055706,0 %, 2411 MHz, 41, 11.43 W
1788703082.808858722,0 %, 2411 MHz, 41, 11.43 W
1788703082.909002540,0 %, 2411 MHz, 41, 11.43 W
1788703083.009956147,0 %, 2411 MHz, 41, 11.44 W
1788703083.110265244,0 %, 2411 MHz, 41, 11.44 W
1788703083.210618357,0 %, 2411 MHz, 41, 11.44 W
1788703083.310875246,0 %, 2411 MHz, 41, 11.44 W
1788703083.411739766,0 %, 2411 MHz, 41, 11.44 W
1788703083.511688720,0 %, 2411 MHz, 41, 11.43 W
1788703083.612396712,0 %, 2411 MHz, 41, 11.43 W
1788703083.713219663,0 %, 2411 MHz, 41, 11.43 W
1788703083.813652472,0 %, 2411 MHz, 41, 11.43 W
1788703083.914061377,0 %, 2411 MHz, 41, 11.43 W
1788703084.014272458,0 %, 2411 MHz, 41, 11.44 W
1788703084.115034514,0 %, 2411 MHz, 41, 11.44 W
1788703084.215547850,0 %, 2411 MHz, 41, 11.44 W
1788703084.315787651,0 %, 2411 MHz, 41, 11.44 W
1788703084.416570379,0 %, 2411 MHz, 41, 11.44 W
1788703084.516447669,0 %, 2411 MHz, 41, 11.44 W
1788703084.617274029,0 %, 2411 MHz, 41, 11.44 W
1788703084.717319815,0 %, 2411 MHz, 41, 11.44 W
1788703084.818295662,0 %, 2411 MHz, 41, 11.44 W
1788703084.918760214,0 %, 2411 MHz, 41, 11.44 W
1788703085.019339358,0 %, 2411 MHz, 41, 11.44 W
1788703085.119546999,0 %, 2411 MHz, 41, 11.44 W
1788703085.220317183,0 %, 2411 MHz, 41, 11.44 W
1788703085.320772296,0 %, 2411 MHz, 41, 11.44 W
1788703085.421455776,0 %, 2411 MHz, 41, 11.44 W
1788703085.521872504,0 %, 2411 MHz, 41, 11.45 W
1788703085.622283921,0 %, 2411 MHz, 41, 11.45 W
1788703085.723008905,0 %, 2411 MHz, 41, 11.45 W
1788703085.822670771,0 %, 2411 MHz, 41, 11.45 W
1788703085.923637386,0 %, 2411 MHz, 41, 11.45 W
1788703086.023815092,0 %, 2411 MHz, 41, 11.45 W
1788703086.124141356,0 %, 2411 MHz, 41, 11.45 W
1788703086.224192742,0 %, 2411 MHz, 41, 11.45 W
1788703086.325080493,0 %, 2411 MHz, 41, 11.45 W
1788703086.424813704,0 %, 2411 MHz, 41, 11.45 W
1788703086.525606703,0 %, 2411 MHz, 41, 11.44 W
1788703086.626016936,0 %, 2411 MHz, 41, 11.44 W
1788703086.726507536,0 %, 2411 MHz, 41, 11.44 W
1788703086.827174056,0 %, 2411 MHz, 41, 11.44 W
1788703086.927606432,0 %, 2411 MHz, 41, 11.44 W
1788703087.028348184,0 %, 2411 MHz, 41, 11.46 W
1788703087.128211906,0 %, 2411 MHz, 41, 11.46 W
1788703087.228934490,0 %, 2411 MHz, 41, 11.46 W
1788703087.329586322,0 %, 2411 MHz, 41, 11.46 W
1788703087.429695003,0 %, 2411 MHz, 41, 11.46 W
1788703087.530578402,0 %, 2411 MHz, 41, 11.46 W
1788703087.630568716,0 %, 2411 MHz, 41, 11.46 W
1788703087.731296851,0 %, 2411 MHz, 41, 11.46 W
1788703087.831404093,0 %, 2411 MHz, 41, 11.46 W
1788703087.932337108,0 %, 2411 MHz, 41, 11.46 W
1788703088.032453245,0 %, 2411 MHz, 41, 11.46 W
1788703088.132890309,0 %, 2411 MHz, 41, 11.46 W
1788703088.232968559,0 %, 2411 MHz, 41, 11.46 W
1788703088.333969158,0 %, 2411 MHz, 41, 11.46 W
1788703088.433815184,0 %, 2411 MHz, 41, 11.46 W
1788703088.534557607,0 %, 2411 MHz, 41, 11.45 W
1788703088.634701456,0 %, 2411 MHz, 41, 11.45 W
1788703088.735539064,0 %, 2411 MHz, 41, 11.45 W
1788703088.835364193,0 %, 2411 MHz, 41, 11.45 W
1788703088.936246985,0 %, 2411 MHz, 41, 11.45 W
1788703089.036076258,0 %, 2411 MHz, 41, 11.44 W
1788703089.136861482,0 %, 2411 MHz, 41, 11.44 W
1788703089.236951459,0 %, 2411 MHz, 41, 11.44 W
1788703089.337826042,0 %, 2411 MHz, 41, 11.44 W
1788703089.438180419,0 %, 2411 MHz, 41, 11.44 W
1788703089.538404636,0 %, 2411 MHz, 41, 11.44 W
1788703089.639175555,0 %, 2411 MHz, 41, 11.44 W
1788703089.739537980,0 %, 2411 MHz, 41, 11.44 W
1788703089.839907524,0 %, 2411 MHz, 41, 11.44 W
1788703089.940460476,0 %, 2411 MHz, 41, 11.44 W
1788703090.041049460,0 %, 2411 MHz, 41, 11.43 W
1788703090.141320140,0 %, 2411 MHz, 41, 11.43 W
1788703090.242054836,0 %, 2411 MHz, 41, 11.43 W
1788703090.342211021,0 %, 2411 MHz, 41, 11.43 W
1788703090.442297014,0 %, 2411 MHz, 41, 11.43 W
1788703090.542379023,0 %, 2411 MHz, 41, 11.43 W
1788703090.643505478,0 %, 2411 MHz, 41, 11.43 W
1788703090.742648241,0 %, 2411 MHz, 41, 11.43 W
1788703090.843567576,0 %, 2411 MHz, 41, 11.43 W
1788703090.943796801,0 %, 2411 MHz, 41, 11.43 W
1788703091.044311961,0 %, 2411 MHz, 41, 11.41 W
1788703091.144449314,0 %, 2411 MHz, 41, 11.41 W
1788703091.245383545,0 %, 2411 MHz, 41, 11.41 W
1788703091.345426274,0 %, 2411 MHz, 41, 11.41 W
1788703091.445990426,0 %, 2411 MHz, 41, 11.41 W
1788703091.546082147,0 %, 2411 MHz, 41, 11.41 W
1788703091.646949850,0 %, 2411 MHz, 41, 11.41 W
1788703091.746799283,0 %, 2411 MHz, 41, 11.41 W
1788703091.847517867,0 %, 2411 MHz, 41, 11.41 W
1788703091.946873862,0 %, 2411 MHz, 41, 11.41 W
1788703092.047586045,0 %, 2411 MHz, 41, 11.43 W
1788703092.147967206,0 %, 2411 MHz, 41, 11.43 W
1788703092.248166814,0 %, 2411 MHz, 41, 11.43 W
1788703092.348492807,0 %, 2411 MHz, 41, 11.43 W
1788703092.449606365,0 %, 2411 MHz, 41, 11.43 W
1788703092.549558022,0 %, 2411 MHz, 41, 11.44 W
1788703092.650121934,0 %, 2411 MHz, 41, 11.44 W
1788703092.750220247,0 %, 2411 MHz, 41, 11.44 W
1788703092.850723807,0 %, 2411 MHz, 41, 11.44 W
1788703092.950889336,0 %, 2411 MHz, 41, 11.42 W
1788703093.051601983,0 %, 2411 MHz, 41, 11.42 W
1788703093.151443305,0 %, 2411 MHz, 41, 11.42 W
1788703093.252139104,0 %, 2411 MHz, 41, 11.42 W
1788703093.352231529,0 %, 2411 MHz, 41, 11.42 W
1788703093.452734625,0 %, 2411 MHz, 41, 11.41 W
1788703093.552860746,0 %, 2411 MHz, 41, 11.41 W
1788703093.653787968,0 %, 2411 MHz, 41, 11.41 W
1788703093.753668634,0 %, 2411 MHz, 41, 11.41 W
1788703093.854452481,0 %, 2411 MHz, 41, 11.41 W
1788703093.954556250,0 %, 2411 MHz, 41, 11.42 W
1788703094.055396401,0 %, 2411 MHz, 41, 11.42 W
1788703094.155692425,0 %, 2411 MHz, 41, 11.42 W
1788703094.256197745,0 %, 2411 MHz, 41, 11.42 W
1788703094.357070760,0 %, 2411 MHz, 41, 11.42 W
1788703094.457582639,0 %, 2411 MHz, 41, 11.43 W
1788703094.557293625,0 %, 2411 MHz, 41, 11.43 W
1788703094.657911297,0 %, 2411 MHz, 41, 11.43 W
1788703094.758252489,0 %, 2411 MHz, 41, 11.43 W
1788703094.859161824,0 %, 2411 MHz, 41, 11.43 W
1788703094.958827274,0 %, 2411 MHz, 41, 11.45 W
1788703095.059062290,0 %, 2411 MHz, 41, 11.45 W
1788703095.159402202,0 %, 2411 MHz, 41, 11.45 W
1788703095.260155761,0 %, 2411 MHz, 41, 11.45 W
1788703095.360346618,0 %, 2411 MHz, 41, 11.45 W
1788703095.461140321,0 %, 2411 MHz, 41, 11.45 W
1788703095.560997482,0 %, 2411 MHz, 41, 11.45 W
1788703095.661554290,0 %, 2411 MHz, 41, 11.45 W
1788703095.761936554,0 %, 2411 MHz, 41, 11.45 W
1788703095.861856275,0 %, 2411 MHz, 41, 11.45 W
1788703095.962987145,0 %, 2411 MHz, 41, 11.43 W
1788703096.063416081,0 %, 2411 MHz, 41, 11.43 W
1788703096.163418042,0 %, 2411 MHz, 41, 11.43 W
1788703096.264103201,0 %, 2411 MHz, 41, 11.43 W
1788703096.364641944,0 %, 2411 MHz, 41, 11.43 W
1788703096.464990897,0 %, 2411 MHz, 41, 11.43 W
1788703096.564831562,0 %, 2411 MHz, 41, 11.43 W
1788703096.665496065,0 %, 2411 MHz, 41, 11.43 W
1788703096.765933257,0 %, 2411 MHz, 41, 11.43 W
1788703096.866759296,0 %, 2411 MHz, 41, 11.43 W
1788703096.967348007,0 %, 2411 MHz, 41, 11.42 W
1788703097.067506464,0 %, 2411 MHz, 41, 11.42 W
1788703097.167913527,0 %, 2411 MHz, 41, 11.42 W
1788703097.268126000,0 %, 2411 MHz, 41, 11.42 W
1788703097.368302696,0 %, 2411 MHz, 41, 11.42 W
1788703097.468520993,0 %, 2411 MHz, 41, 11.40 W
1788703097.569344663,0 %, 2411 MHz, 41, 11.40 W
1788703097.669361504,0 %, 2411 MHz, 41, 11.40 W
1788703097.770067527,0 %, 2411 MHz, 41, 11.40 W
1788703097.870216912,0 %, 2411 MHz, 41, 11.40 W
1788703097.971059190,0 %, 2411 MHz, 41, 11.41 W
1788703098.071078623,0 %, 2411 MHz, 41, 11.41 W
1788703098.171798630,0 %, 2411 MHz, 41, 11.41 W
1788703098.271927503,0 %, 2411 MHz, 41, 11.41 W
1788703098.372740421,0 %, 2411 MHz, 41, 11.41 W
1788703098.472677038,0 %, 2411 MHz, 41, 11.41 W
1788703098.573342773,0 %, 2411 MHz, 41, 11.41 W
1788703098.673527470,0 %, 2411 MHz, 41, 11.41 W
1788703098.774419764,0 %, 2411 MHz, 41, 11.41 W
1788703098.874400221,0 %, 2411 MHz, 41, 11.41 W
1788703098.975004596,0 %, 2411 MHz, 41, 11.41 W
1788703099.075071117,0 %, 2411 MHz, 41, 11.41 W
1788703099.175699092,0 %, 2411 MHz, 41, 11.41 W
1788703099.276192508,0 %, 2411 MHz, 41, 11.41 W
1788703099.376721411,0 %, 2411 MHz, 41, 11.41 W
1788703099.477101403,0 %, 2411 MHz, 41, 11.42 W
1788703099.577462563,0 %, 2411 MHz, 41, 11.42 W
1788703099.678182665,0 %, 2411 MHz, 41, 11.42 W
1788703099.778168770,0 %, 2411 MHz, 41, 11.42 W
1788703099.878592538,0 %, 2411 MHz, 41, 11.42 W
1788703099.978794418,0 %, 2411 MHz, 41, 11.43 W
1788703100.079148778,0 %, 2411 MHz, 41, 11.43 W
1788703100.179666641,0 %, 2411 MHz, 41, 11.43 W
1788703100.279578970,0 %, 2411 MHz, 41, 11.43 W
1788703100.379405123,0 %, 2411 MHz, 41, 11.43 W
1788703100.480539145,0 %, 2411 MHz, 41, 11.43 W
1788703100.580925265,0 %, 2411 MHz, 41, 11.43 W
1788703100.680923034,0 %, 2411 MHz, 41, 11.43 W
1788703100.781343265,0 %, 2411 MHz, 41, 11.43 W
1788703100.881441642,0 %, 2411 MHz, 41, 11.43 W
1788703100.981602002,0 %, 2411 MHz, 41, 11.43 W
1788703101.081869450,0 %, 2411 MHz, 41, 11.43 W
1788703101.181418708,0 %, 2411 MHz, 41, 11.43 W
1788703101.281998891,0 %, 2411 MHz, 41, 11.43 W
1788703101.382652770,0 %, 2411 MHz, 41, 11.43 W
1788703101.482734650,0 %, 2411 MHz, 41, 11.43 W
1788703101.583654704,0 %, 2411 MHz, 41, 11.43 W
1788703101.683556521,0 %, 2411 MHz, 41, 11.43 W
1788703101.784310688,0 %, 2411 MHz, 41, 11.43 W
1788703101.884440552,0 %, 2411 MHz, 41, 11.43 W
1788703101.985354110,0 %, 2411 MHz, 41, 11.43 W
1788703102.085301431,0 %, 2411 MHz, 41, 11.43 W
1788703102.185135296,0 %, 2411 MHz, 41, 11.43 W
1788703102.285630247,0 %, 2411 MHz, 41, 11.43 W
1788703102.385753568,0 %, 2411 MHz, 41, 11.43 W
1788703102.485890072,0 %, 2411 MHz, 41, 11.42 W
1788703102.585997504,0 %, 2411 MHz, 41, 11.42 W
1788703102.686177528,0 %, 2411 MHz, 41, 11.42 W
1788703102.786292992,0 %, 2411 MHz, 41, 11.42 W
1788703102.886353241,0 %, 2411 MHz, 41, 11.42 W
1788703102.986463457,0 %, 2411 MHz, 41, 11.41 W
1788703103.086626169,0 %, 2411 MHz, 41, 11.41 W
1788703103.186341986,0 %, 2411 MHz, 41, 11.41 W
1788703103.286932649,0 %, 2411 MHz, 41, 11.41 W
1788703103.387194401,0 %, 2411 MHz, 41, 11.41 W
1788703103.487135738,0 %, 2411 MHz, 41, 11.40 W
1788703103.587247826,0 %, 2411 MHz, 41, 11.40 W
1788703103.687342538,0 %, 2411 MHz, 41, 11.40 W
1788703103.787322163,0 %, 2411 MHz, 41, 11.40 W
1788703103.887711242,0 %, 2411 MHz, 41, 11.40 W
1788703103.987757411,0 %, 2411 MHz, 41, 11.42 W
1788703104.087897931,0 %, 2411 MHz, 41, 11.42 W
1788703104.188432882,0 %, 2411 MHz, 41, 11.42 W
1788703104.288328731,0 %, 2411 MHz, 41, 11.42 W
1788703104.388446483,0 %, 2411 MHz, 41, 11.42 W
1788703104.489146649,0 %, 2411 MHz, 41, 11.43 W
1788703104.589602929,0 %, 2411 MHz, 41, 11.43 W
1788703104.690393223,0 %, 2411 MHz, 41, 11.43 W
1788703104.790624383,0 %, 2411 MHz, 41, 11.43 W
1788703104.891049974,0 %, 2411 MHz, 41, 11.43 W
1788703104.991241870,0 %, 2411 MHz, 41, 11.42 W
1788703105.091377398,0 %, 2411 MHz, 41, 11.42 W
1788703105.191573102,0 %, 2411 MHz, 41, 11.42 W
1788703105.291607942,0 %, 2411 MHz, 41, 11.42 W
1788703105.391816446,0 %, 2411 MHz, 41, 11.42 W
1788703105.492320677,0 %, 2411 MHz, 41, 11.42 W
1788703105.592434333,0 %, 2411 MHz, 41, 11.42 W
1788703105.693350355,0 %, 2411 MHz, 41, 11.42 W
1788703105.793322620,0 %, 2411 MHz, 41, 11.42 W
1788703105.894096466,0 %, 2411 MHz, 41, 11.42 W
1788703105.994218650,0 %, 2411 MHz, 41, 11.42 W
1788703106.095105264,0 %, 2411 MHz, 41, 11.42 W
1788703106.194820313,0 %, 2411 MHz, 41, 11.42 W
1788703106.294968609,0 %, 2411 MHz, 41, 11.42 W
1788703106.395322984,0 %, 2411 MHz, 41, 11.42 W
1788703106.496122718,0 %, 2411 MHz, 41, 11.42 W
1788703106.596183367,0 %, 2411 MHz, 41, 11.42 W
1788703106.697159244,0 %, 2411 MHz, 41, 11.42 W
1788703106.797075045,0 %, 2411 MHz, 41, 11.42 W
1788703106.897720507,0 %, 2411 MHz, 41, 11.42 W
1788703106.997706036,0 %, 2411 MHz, 41, 11.42 W
1788703107.098405162,0 %, 2411 MHz, 41, 11.42 W
1788703107.198549954,0 %, 2411 MHz, 41, 11.42 W
1788703107.299169641,0 %, 2411 MHz, 41, 11.42 W
1788703107.398771602,0 %, 2411 MHz, 41, 11.42 W
1788703107.499741768,0 %, 2411 MHz, 41, 11.42 W
1788703107.599702400,0 %, 2411 MHz, 41, 11.42 W
1788703107.699816168,0 %, 2411 MHz, 41, 11.42 W
1788703107.799897184,0 %, 2411 MHz, 41, 11.42 W
1788703107.900649782,0 %, 2411 MHz, 41, 11.42 W
1788703108.000705838,0 %, 2411 MHz, 41, 11.42 W
1788703108.100824854,0 %, 2411 MHz, 41, 11.42 W
1788703108.200965918,0 %, 2411 MHz, 41, 11.42 W
1788703108.301314421,0 %, 2411 MHz, 41, 11.42 W
1788703108.401300686,0 %, 2411 MHz, 41, 11.42 W
1788703108.501435205,2 %, 2411 MHz, 41, 11.44 W
1788703108.602283963,2 %, 2411 MHz, 41, 11.44 W
1788703108.702532099,2 %, 2411 MHz, 41, 11.44 W
1788703108.803220393,2 %, 2411 MHz, 41, 11.44 W
1788703108.903245425,2 %, 2411 MHz, 41, 11.44 W
1788703109.003886536,2 %, 2411 MHz, 41, 11.44 W
1788703109.104717966,2 %, 2411 MHz, 41, 11.44 W
1788703109.204431047,2 %, 2411 MHz, 41, 11.44 W
1788703109.304826974,2 %, 2411 MHz, 41, 11.44 W
1788703109.404690646,2 %, 2411 MHz, 41, 11.44 W
1788703109.504987901,0 %, 2411 MHz, 41, 11.42 W
1788703109.605120021,0 %, 2411 MHz, 41, 11.42 W
1788703109.705253165,0 %, 2411 MHz, 41, 11.42 W
1788703109.805367957,0 %, 2411 MHz, 41, 11.42 W
1788703109.905533373,0 %, 2411 MHz, 41, 11.42 W
1788703110.005658340,0 %, 2411 MHz, 41, 11.43 W
1788703110.105771660,0 %, 2411 MHz, 41, 11.43 W
1788703110.205907252,0 %, 2411 MHz, 41, 11.43 W
1788703110.305881340,0 %, 2411 MHz, 41, 11.43 W
1788703110.405962132,0 %, 2411 MHz, 41, 11.43 W
1788703110.506310187,0 %, 2411 MHz, 41, 11.44 W
1788703110.606370595,0 %, 2411 MHz, 41, 11.44 W
1788703110.706516778,0 %, 2411 MHz, 41, 11.44 W
1788703110.806397011,0 %, 2411 MHz, 41, 11.44 W
1788703110.906766730,0 %, 2411 MHz, 41, 11.44 W
1788703111.006803378,0 %, 2411 MHz, 41, 11.42 W
1788703111.106967545,0 %, 2411 MHz, 41, 11.42 W
1788703111.207119921,0 %, 2411 MHz, 41, 11.42 W
1788703111.307013641,0 %, 2411 MHz, 41, 11.42 W
1788703111.407320320,0 %, 2411 MHz, 41, 11.42 W
1788703111.508135190,0 %, 2411 MHz, 41, 11.42 W
1788703111.608068238,0 %, 2411 MHz, 41, 11.42 W
1788703111.708558661,0 %, 2411 MHz, 41, 11.42 W
1788703111.808514925,0 %, 2411 MHz, 41, 11.42 W
1788703111.909168771,0 %, 2411 MHz, 41, 11.42 W
1788703112.009226571,0 %, 2411 MHz, 41, 11.42 W
1788703112.109732082,0 %, 2411 MHz, 41, 11.42 W
1788703112.209754378,0 %, 2411 MHz, 41, 11.42 W
1788703112.309783138,0 %, 2411 MHz, 41, 11.42 W
1788703112.410698535,0 %, 2411 MHz, 41, 11.42 W
1788703112.511131262,0 %, 2411 MHz, 41, 11.44 W
1788703112.611645892,0 %, 2411 MHz, 41, 11.44 W
1788703112.712390730,0 %, 2411 MHz, 41, 11.44 W
1788703112.812776529,0 %, 2411 MHz, 41, 11.44 W
1788703112.913625527,0 %, 2411 MHz, 41, 11.44 W
1788703113.014012126,0 %, 2411 MHz, 41, 11.44 W
1788703113.114187973,0 %, 2411 MHz, 41, 11.44 W
1788703113.214851387,0 %, 2411 MHz, 41, 11.44 W
1788703113.315004931,0 %, 2411 MHz, 41, 11.44 W
1788703113.415699145,0 %, 2411 MHz, 41, 11.44 W
1788703113.515569921,0 %, 2411 MHz, 41, 11.42 W
1788703113.616289287,0 %, 2411 MHz, 41, 11.42 W
1788703113.716343391,0 %, 2411 MHz, 41, 11.42 W
1788703113.816879205,0 %, 2411 MHz, 41, 11.42 W
1788703113.917290140,0 %, 2411 MHz, 41, 11.42 W
1788703114.017915474,0 %, 2411 MHz, 41, 11.42 W
1788703114.117689930,0 %, 2411 MHz, 41, 11.42 W
1788703114.217804274,0 %, 2411 MHz, 41, 11.42 W
1788703114.318135721,0 %, 2411 MHz, 41, 11.42 W
1788703114.418942751,0 %, 2411 MHz, 41, 11.42 W
1788703114.519433765,0 %, 2411 MHz, 41, 11.41 W
1788703114.619970635,0 %, 2411 MHz, 41, 11.41 W
1788703114.719896723,0 %, 2411 MHz, 41, 11.41 W
1788703114.820580073,0 %, 2411 MHz, 41, 11.41 W
1788703114.920657089,0 %, 2411 MHz, 41, 11.41 W
1788703115.021546326,0 %, 2411 MHz, 41, 11.40 W
1788703115.121285327,0 %, 2411 MHz, 41, 11.40 W
1788703115.222100388,0 %, 2411 MHz, 41, 11.40 W
1788703115.322086892,0 %, 2411 MHz, 41, 11.40 W
1788703115.421790517,0 %, 2411 MHz, 41, 11.40 W
1788703115.522239387,0 %, 2411 MHz, 41, 11.43 W
1788703115.622377299,0 %, 2411 MHz, 41, 11.43 W
1788703115.722532330,0 %, 2411 MHz, 41, 11.43 W
1788703115.822294834,0 %, 2411 MHz, 41, 11.43 W
1788703115.922730777,0 %, 2411 MHz, 41, 11.43 W
1788703116.022874208,0 %, 2411 MHz, 41, 11.44 W
1788703116.123009175,0 %, 2411 MHz, 41, 11.44 W
1788703116.223119151,0 %, 2411 MHz, 41, 11.44 W
1788703116.323278710,0 %, 2411 MHz, 41, 11.44 W
1788703116.423374142,0 %, 2411 MHz, 41, 11.44 W
1788703116.523537973,0 %, 2411 MHz, 41, 11.44 W
1788703116.623630860,0 %, 2411 MHz, 41, 11.44 W
1788703116.723746596,0 %, 2411 MHz, 41, 11.44 W
1788703116.823891579,0 %, 2411 MHz, 41, 11.44 W
1788703116.924024402,0 %, 2411 MHz, 41, 11.44 W
1788703117.024140809,0 %, 2411 MHz, 41, 11.44 W
1788703117.124805727,0 %, 2411 MHz, 41, 11.44 W
1788703117.224842551,0 %, 2411 MHz, 41, 11.44 W
1788703117.325607404,0 %, 2411 MHz, 41, 11.44 W
1788703117.425852227,0 %, 2411 MHz, 41, 11.44 W
1788703117.526471609,0 %, 2411 MHz, 41, 11.44 W
1788703117.626910160,0 %, 2411 MHz, 41, 11.44 W
1788703117.727642709,0 %, 2411 MHz, 41, 11.44 W
1788703117.827465918,0 %, 2411 MHz, 41, 11.44 W
1788703117.928386675,0 %, 2411 MHz, 41, 11.44 W
1788703118.028170427,0 %, 2411 MHz, 41, 11.42 W
1788703118.128754497,0 %, 2411 MHz, 41, 11.42 W
1788703118.228800600,0 %, 2411 MHz, 41, 11.42 W
1788703118.329463550,0 %, 2411 MHz, 41, 11.42 W
1788703118.429663221,0 %, 2411 MHz, 41, 11.42 W
1788703118.530529354,0 %, 2411 MHz, 41, 11.43 W
1788703118.631306288,0 %, 2411 MHz, 41, 11.43 W
1788703118.731111720,0 %, 2411 MHz, 41, 11.43 W
1788703118.831885229,0 %, 2411 MHz, 41, 11.43 W
1788703118.931821381,0 %, 2411 MHz, 41, 11.43 W
1788703119.032577979,0 %, 2411 MHz, 41, 11.43 W
1788703119.132590850,0 %, 2411 MHz, 41, 11.43 W
1788703119.233598887,0 %, 2411 MHz, 41, 11.43 W
1788703119.334029773,0 %, 2411 MHz, 41, 11.43 W
1788703119.434511043,0 %, 2411 MHz, 41, 11.43 W
1788703119.535244985,0 %, 2411 MHz, 41, 11.43 W
1788703119.635200928,0 %, 2411 MHz, 41, 11.43 W
1788703119.735815558,0 %, 2411 MHz, 41, 11.43 W
1788703119.835953581,0 %, 2411 MHz, 41, 11.43 W
1788703119.936909154,0 %, 2411 MHz, 41, 11.43 W
1788703120.036830282,0 %, 2411 MHz, 41, 11.42 W
1788703120.137569215,0 %, 2411 MHz, 41, 11.42 W
1788703120.237645031,0 %, 2411 MHz, 41, 11.42 W
1788703120.338661755,0 %, 2411 MHz, 41, 11.42 W
1788703120.438591059,0 %, 2411 MHz, 41, 11.42 W
1788703120.539217305,0 %, 2411 MHz, 41, 11.42 W
1788703120.639276832,0 %, 2411 MHz, 41, 11.42 W
1788703120.739783574,0 %, 2411 MHz, 41, 11.42 W
1788703120.839898669,0 %, 2411 MHz, 41, 11.42 W
1788703120.940738082,0 %, 2411 MHz, 41, 11.42 W
1788703121.040602330,0 %, 2411 MHz, 41, 11.44 W
1788703121.141251040,0 %, 2411 MHz, 41, 11.44 W
1788703121.241695542,0 %, 2411 MHz, 41, 11.44 W
1788703121.341841325,0 %, 2411 MHz, 41, 11.44 W
1788703121.442632546,0 %, 2411 MHz, 41, 11.44 W
1788703121.543127544,0 %, 2411 MHz, 41, 11.44 W
1788703121.643333919,0 %, 2411 MHz, 41, 11.44 W
1788703121.744276580,0 %, 2411 MHz, 41, 11.44 W
1788703121.844237147,0 %, 2411 MHz, 41, 11.44 W
1788703121.944701346,0 %, 2411 MHz, 41, 11.44 W
1788703122.044677785,0 %, 2411 MHz, 41, 11.44 W
1788703122.144680208,0 %, 2411 MHz, 41, 11.44 W
1788703122.244976039,0 %, 2411 MHz, 41, 11.44 W
1788703122.344889582,0 %, 2411 MHz, 41, 11.44 W
1788703122.445231637,0 %, 2411 MHz, 41, 11.44 W
1788703122.545896810,0 %, 2411 MHz, 41, 11.46 W
1788703122.646273648,0 %, 2411 MHz, 41, 11.46 W
1788703122.746457671,0 %, 2411 MHz, 41, 11.46 W
1788703122.847251884,0 %, 2411 MHz, 41, 11.46 W
1788703122.947317827,0 %, 2411 MHz, 41, 11.46 W
1788703123.047813737,0 %, 2411 MHz, 41, 11.46 W
1788703123.147781793,0 %, 2411 MHz, 41, 11.46 W
1788703123.248313718,0 %, 2411 MHz, 41, 11.46 W
1788703123.349123532,0 %, 2411 MHz, 41, 11.46 W
1788703123.449510066,0 %, 2411 MHz, 41, 11.46 W
1788703123.549871080,0 %, 2411 MHz, 41, 11.43 W
1788703123.650676029,0 %, 2411 MHz, 41, 11.43 W
1788703123.750986564,0 %, 2411 MHz, 41, 11.43 W
1788703123.851040667,0 %, 2411 MHz, 41, 11.43 W
1788703123.951670816,0 %, 2411 MHz, 41, 11.43 W
1788703124.051801351,0 %, 2411 MHz, 41, 11.42 W
1788703124.152641004,0 %, 2411 MHz, 41, 11.42 W
1788703124.252439332,0 %, 2411 MHz, 41, 11.42 W
1788703124.353237113,0 %, 2411 MHz, 41, 11.42 W
1788703124.453194320,0 %, 2411 MHz, 41, 11.42 W
1788703124.553803958,0 %, 2411 MHz, 41, 11.43 W
1788703124.653852541,0 %, 2411 MHz, 41, 11.43 W
1788703124.754875441,0 %, 2411 MHz, 41, 11.43 W
1788703124.855267015,0 %, 2411 MHz, 41, 11.43 W
1788703124.955556750,0 %, 2411 MHz, 41, 11.43 W
1788703125.056365027,0 %, 2411 MHz, 41, 11.43 W
1788703125.156253114,0 %, 2411 MHz, 41, 11.43 W
1788703125.256922287,0 %, 2411 MHz, 41, 11.43 W
1788703125.356967974,0 %, 2411 MHz, 41, 11.43 W
1788703125.457401724,0 %, 2411 MHz, 41, 11.44 W
1788703125.557497363,0 %, 2411 MHz, 41, 11.44 W
1788703125.657976825,0 %, 2411 MHz, 41, 11.44 W
1788703125.758096032,0 %, 2411 MHz, 41, 11.44 W
1788703125.857933303,0 %, 2411 MHz, 41, 11.44 W
1788703125.958425789,0 %, 2411 MHz, 41, 11.44 W
1788703126.059231490,0 %, 2411 MHz, 41, 11.44 W
1788703126.158670906,0 %, 2411 MHz, 41, 11.44 W
1788703126.259818638,0 %, 2411 MHz, 41, 11.44 W
1788703126.359860069,0 %, 2411 MHz, 41, 11.44 W
1788703126.460370315,0 %, 2411 MHz, 41, 11.43 W
1788703126.561116576,0 %, 2411 MHz, 41, 11.43 W
1788703126.661624134,0 %, 2411 MHz, 41, 11.43 W
1788703126.762043388,0 %, 2411 MHz, 41, 11.43 W
1788703126.862794753,0 %, 2411 MHz, 41, 11.43 W
1788703126.962660648,0 %, 2411 MHz, 41, 11.43 W
1788703127.063442813,0 %, 2411 MHz, 41, 11.43 W
1788703127.164267426,0 %, 2411 MHz, 41, 11.43 W
1788703127.264713016,0 %, 2411 MHz, 41, 11.43 W
1788703127.365113117,0 %, 2411 MHz, 41, 11.43 W
1788703127.465312468,0 %, 2411 MHz, 41, 11.42 W
1788703127.566198089,0 %, 2411 MHz, 41, 11.42 W
1788703127.666605726,0 %, 2411 MHz, 41, 11.42 W
1788703127.767364051,0 %, 2411 MHz, 41, 11.42 W
1788703127.867742297,0 %, 2411 MHz, 41, 11.42 W
1788703127.968441310,0 %, 2411 MHz, 41, 11.43 W
1788703128.068541669,0 %, 2411 MHz, 41, 11.43 W
1788703128.169375978,0 %, 2411 MHz, 41, 11.43 W
1788703128.269195137,0 %, 2411 MHz, 41, 11.43 W
1788703128.370189110,0 %, 2411 MHz, 41, 11.43 W
1788703128.470300924,0 %, 2411 MHz, 41, 11.43 W
1788703128.571149137,0 %, 2411 MHz, 41, 11.43 W
1788703128.671182344,0 %, 2411 MHz, 41, 11.43 W
1788703128.771960204,0 %, 2411 MHz, 41, 11.43 W
1788703128.872564498,0 %, 2411 MHz, 41, 11.43 W
1788703128.973259735,0 %, 2411 MHz, 41, 11.42 W
1788703129.073912684,0 %, 2411 MHz, 41, 11.42 W
1788703129.174462097,0 %, 2411 MHz, 41, 11.42 W
1788703129.274570600,0 %, 2411 MHz, 41, 11.42 W
1788703129.375393773,0 %, 2411 MHz, 41, 11.42 W
1788703129.475828578,0 %, 2411 MHz, 41, 11.42 W
1788703129.576371480,0 %, 2411 MHz, 41, 11.42 W
1788703129.676473758,0 %, 2411 MHz, 41, 11.42 W
1788703129.776631509,0 %, 2411 MHz, 41, 11.42 W
1788703129.876743659,0 %, 2411 MHz, 41, 11.42 W
1788703129.977721248,0 %, 2411 MHz, 41, 11.43 W
1788703130.077650983,0 %, 2411 MHz, 41, 11.43 W
1788703130.178401195,0 %, 2411 MHz, 41, 11.43 W
1788703130.278544418,0 %, 2411 MHz, 41, 11.43 W
1788703130.379451302,0 %, 2411 MHz, 41, 11.43 W
1788703130.479442125,0 %, 2411 MHz, 40, 11.43 W
1788703130.579564179,0 %, 2411 MHz, 40, 11.43 W
1788703130.680096169,0 %, 2411 MHz, 40, 11.43 W
1788703130.780954061,0 %, 2411 MHz, 40, 11.43 W
1788703130.881362323,0 %, 2411 MHz, 40, 11.43 W
1788703130.981552313,0 %, 2411 MHz, 41, 11.42 W
1788703131.081962527,0 %, 2411 MHz, 41, 11.42 W
1788703131.182082933,0 %, 2411 MHz, 41, 11.42 W
1788703131.282950442,0 %, 2411 MHz, 41, 11.42 W
1788703131.382823313,0 %, 2411 MHz, 41, 11.42 W
1788703131.483499958,0 %, 2411 MHz, 41, 11.42 W
1788703131.583716396,0 %, 2411 MHz, 41, 11.42 W
1788703131.684079538,0 %, 2411 MHz, 41, 11.42 W
1788703131.784304392,0 %, 2411 MHz, 41, 11.42 W
1788703131.885240988,0 %, 2411 MHz, 41, 11.42 W
1788703131.985438178,0 %, 2411 MHz, 41, 11.43 W
1788703132.085672360,0 %, 2411 MHz, 41, 11.43 W
1788703132.186145054,0 %, 2411 MHz, 41, 11.43 W
1788703132.286998546,0 %, 2411 MHz, 41, 11.43 W
1788703132.387613159,0 %, 2411 MHz, 41, 11.43 W
1788703132.487664542,0 %, 2411 MHz, 40, 11.43 W
1788703132.588570786,0 %, 2411 MHz, 40, 11.43 W
1788703132.688961383,0 %, 2411 MHz, 40, 11.43 W
1788703132.789433533,0 %, 2411 MHz, 40, 11.43 W
1788703132.890268401,0 %, 2411 MHz, 40, 11.43 W
1788703132.990551479,0 %, 2411 MHz, 41, 11.42 W
1788703133.091453003,0 %, 2411 MHz, 41, 11.42 W
1788703133.191754209,0 %, 2411 MHz, 41, 11.42 W
1788703133.291673304,0 %, 2411 MHz, 41, 11.42 W
1788703133.391802142,0 %, 2411 MHz, 41, 11.42 W
1788703133.492547523,0 %, 2411 MHz, 41, 11.41 W
1788703133.592705705,0 %, 2411 MHz, 41, 11.41 W
1788703133.693512078,0 %, 2411 MHz, 41, 11.41 W
1788703133.793349573,0 %, 2411 MHz, 41, 11.41 W
1788703133.894170633,0 %, 2411 MHz, 41, 11.41 W
1788703133.994419231,0 %, 2411 MHz, 41, 11.42 W
1788703134.095241475,0 %, 2411 MHz, 41, 11.42 W
1788703134.195315274,0 %, 2411 MHz, 41, 11.42 W
1788703134.295273920,0 %, 2411 MHz, 41, 11.42 W
1788703134.395355879,0 %, 2411 MHz, 41, 11.42 W
1788703134.495544669,0 %, 2411 MHz, 41, 11.42 W
1788703134.595696035,0 %, 2411 MHz, 41, 11.42 W
1788703134.695806249,0 %, 2411 MHz, 41, 11.42 W
1788703134.795939583,0 %, 2411 MHz, 41, 11.42 W
1788703134.896106069,0 %, 2411 MHz, 41, 11.42 W
1788703134.996397819,0 %, 2411 MHz, 41, 11.43 W
1788703135.096330594,0 %, 2411 MHz, 41, 11.43 W
1788703135.196499320,0 %, 2411 MHz, 41, 11.43 W
1788703135.296195071,0 %, 2411 MHz, 41, 11.43 W
1788703135.396876228,0 %, 2411 MHz, 41, 11.43 W
1788703135.496826058,0 %, 2411 MHz, 41, 11.43 W
1788703135.596983616,0 %, 2411 MHz, 41, 11.43 W
1788703135.697110919,0 %, 2411 MHz, 41, 11.43 W
1788703135.797085661,0 %, 2411 MHz, 41, 11.43 W
1788703135.897202707,0 %, 2411 MHz, 41, 11.43 W
1788703135.997505705,0 %, 2411 MHz, 41, 11.43 W
1788703136.097626783,0 %, 2411 MHz, 41, 11.43 W
1788703136.197724677,0 %, 2411 MHz, 41, 11.43 W
1788703136.297806923,0 %, 2411 MHz, 41, 11.43 W
1788703136.398019489,0 %, 2411 MHz, 41, 11.43 W
1788703136.497958664,0 %, 2411 MHz, 41, 11.42 W
1788703136.598269421,0 %, 2411 MHz, 41, 11.42 W
1788703136.698371940,0 %, 2411 MHz, 41, 11.42 W
1788703136.798515578,0 %, 2411 MHz, 41, 11.42 W
1788703136.898682111,0 %, 2411 MHz, 41, 11.42 W
1788703136.998745350,0 %, 2411 MHz, 40, 11.41 W
1788703137.098893516,0 %, 2411 MHz, 40, 11.41 W
1788703137.199013698,0 %, 2411 MHz, 40, 11.41 W
1788703137.299317495,0 %, 2411 MHz, 40, 11.41 W
1788703137.399762013,0 %, 2411 MHz, 40, 11.41 W
1788703137.500181826,0 %, 2411 MHz, 41, 11.41 W
1788703137.600922662,0 %, 2411 MHz, 41, 11.41 W
1788703137.700899517,0 %, 2411 MHz, 41, 11.41 W
1788703137.801497537,0 %, 2411 MHz, 41, 11.41 W
1788703137.902497429,0 %, 2411 MHz, 41, 11.41 W
1788703138.002173756,0 %, 2411 MHz, 41, 11.42 W
1788703138.102866049,0 %, 2411 MHz, 41, 11.42 W
1788703138.202874359,0 %, 2411 MHz, 41, 11.42 W
1788703138.303343340,0 %, 2411 MHz, 41, 11.42 W
1788703138.403846513,0 %, 2411 MHz, 41, 11.42 W
1788703138.504457014,0 %, 2411 MHz, 41, 11.43 W
1788703138.604290604,0 %, 2411 MHz, 41, 11.43 W
1788703138.704973761,0 %, 2411 MHz, 41, 11.43 W
1788703138.805429734,0 %, 2411 MHz, 41, 11.43 W
1788703138.905631612,0 %, 2411 MHz, 41, 11.43 W
1788703139.006415440,0 %, 2411 MHz, 41, 11.43 W
1788703139.106255495,0 %, 2411 MHz, 41, 11.43 W
1788703139.206920907,0 %, 2411 MHz, 41, 11.43 W
1788703139.306891825,0 %, 2411 MHz, 41, 11.43 W
1788703139.407227015,0 %, 2411 MHz, 41, 11.43 W
1788703139.508224250,0 %, 2411 MHz, 41, 11.42 W
1788703139.608571312,0 %, 2411 MHz, 41, 11.42 W
1788703139.709016053,0 %, 2411 MHz, 41, 11.42 W
1788703139.809474074,0 %, 2411 MHz, 41, 11.42 W
1788703139.910190414,0 %, 2411 MHz, 41, 11.42 W
1788703140.010004373,0 %, 2411 MHz, 41, 11.42 W
1788703140.110601465,0 %, 2411 MHz, 41, 11.42 W
1788703140.210863647,0 %, 2411 MHz, 41, 11.42 W
1788703140.310925285,0 %, 2411 MHz, 41, 11.42 W
1788703140.411880056,0 %, 2411 MHz, 41, 11.42 W
1788703140.512000126,0 %, 2411 MHz, 41, 11.43 W
1788703140.612651235,0 %, 2411 MHz, 41, 11.43 W
1788703140.712699225,0 %, 2411 MHz, 41, 11.43 W
1788703140.813042654,0 %, 2411 MHz, 41, 11.43 W
1788703140.913020900,0 %, 2411 MHz, 41, 11.43 W
1788703141.013288906,0 %, 2411 MHz, 40, 11.44 W
1788703141.113242976,0 %, 2411 MHz, 40, 11.44 W
1788703141.213405910,0 %, 2411 MHz, 40, 11.44 W
1788703141.313196156,0 %, 2411 MHz, 40, 11.44 W
1788703141.413617409,0 %, 2411 MHz, 40, 11.44 W
1788703141.513742087,0 %, 2411 MHz, 41, 11.43 W
1788703141.613845693,0 %, 2411 MHz, 41, 11.43 W
1788703141.713994610,0 %, 2411 MHz, 41, 11.43 W
1788703141.814086408,0 %, 2411 MHz, 41, 11.43 W
1788703141.914379870,0 %, 2411 MHz, 41, 11.43 W
1788703142.014741315,0 %, 2411 MHz, 41, 11.42 W
1788703142.114457194,0 %, 2411 MHz, 41, 11.42 W
1788703142.214667359,0 %, 2411 MHz, 41, 11.42 W
1788703142.314777589,0 %, 2411 MHz, 41, 11.42 W
1788703142.414810123,0 %, 2411 MHz, 41, 11.42 W
1788703142.514933841,0 %, 2411 MHz, 41, 11.41 W
1788703142.615052182,0 %, 2411 MHz, 41, 11.41 W
1788703142.715169692,0 %, 2411 MHz, 41, 11.41 W
1788703142.815301378,0 %, 2411 MHz, 41, 11.41 W
1788703142.915394648,0 %, 2411 MHz, 41, 11.41 W
1788703143.016063980,0 %, 2411 MHz, 41, 11.41 W
1788703143.116098962,0 %, 2411 MHz, 41, 11.41 W
1788703143.216561862,0 %, 2411 MHz, 41, 11.41 W
1788703143.317461034,0 %, 2411 MHz, 41, 11.41 W
1788703143.417378848,0 %, 2411 MHz, 41, 11.41 W
1788703143.517505270,0 %, 2411 MHz, 41, 11.41 W
1788703143.617611356,0 %, 2411 MHz, 41, 11.41 W
1788703143.717728721,0 %, 2411 MHz, 41, 11.41 W
1788703143.817857271,0 %, 2411 MHz, 41, 11.41 W
1788703143.918014349,0 %, 2411 MHz, 41, 11.41 W
1788703144.018104946,0 %, 2411 MHz, 41, 11.41 W
1788703144.118939734,0 %, 2411 MHz, 41, 11.41 W
1788703144.219241739,0 %, 2411 MHz, 41, 11.41 W
1788703144.319764640,0 %, 2411 MHz, 41, 11.41 W
1788703144.419799493,0 %, 2411 MHz, 41, 11.41 W
1788703144.520644297,0 %, 2411 MHz, 41, 11.42 W
1788703144.621045998,0 %, 2411 MHz, 41, 11.42 W
1788703144.721347923,0 %, 2411 MHz, 41, 11.42 W
1788703144.821602376,0 %, 2411 MHz, 41, 11.42 W
1788703144.921780510,0 %, 2411 MHz, 41, 11.42 W
1788703145.021926659,0 %, 2411 MHz, 41, 11.43 W
1788703145.122299640,0 %, 2411 MHz, 41, 11.43 W
1788703145.222252750,0 %, 2411 MHz, 41, 11.43 W
1788703145.322282020,0 %, 2411 MHz, 41, 11.43 W
1788703145.422361162,0 %, 2411 MHz, 41, 11.43 W
1788703145.522532751,0 %, 2411 MHz, 41, 11.42 W
1788703145.622683637,0 %, 2411 MHz, 41, 11.42 W
1788703145.722793530,0 %, 2411 MHz, 41, 11.42 W
1788703145.822927712,0 %, 2411 MHz, 41, 11.42 W
1788703145.923008869,0 %, 2411 MHz, 41, 11.42 W
1788703146.023111691,0 %, 2411 MHz, 41, 11.43 W
1788703146.123246592,0 %, 2411 MHz, 41, 11.43 W
1788703146.223404198,0 %, 2411 MHz, 41, 11.43 W
1788703146.323633179,0 %, 2411 MHz, 41, 11.43 W
1788703146.423663457,0 %, 2411 MHz, 41, 11.43 W
1788703146.523759158,0 %, 2411 MHz, 41, 11.43 W
1788703146.623884700,0 %, 2411 MHz, 41, 11.43 W
1788703146.724027025,0 %, 2411 MHz, 41, 11.43 W
1788703146.824125975,0 %, 2411 MHz, 41, 11.43 W
1788703146.924436716,0 %, 2411 MHz, 41, 11.43 W
1788703147.024798432,0 %, 2411 MHz, 41, 11.44 W
1788703147.124980534,0 %, 2411 MHz, 41, 11.44 W
1788703147.225816937,0 %, 2411 MHz, 41, 11.44 W
1788703147.325760351,0 %, 2411 MHz, 41, 11.44 W
1788703147.426155460,0 %, 2411 MHz, 41, 11.44 W
1788703147.526768008,0 %, 2411 MHz, 41, 11.44 W
1788703147.627577356,0 %, 2411 MHz, 41, 11.44 W
1788703147.727996256,0 %, 2411 MHz, 41, 11.44 W
1788703147.828325669,0 %, 2411 MHz, 41, 11.44 W
1788703147.929247640,0 %, 2411 MHz, 41, 11.44 W
1788703148.028837007,0 %, 2411 MHz, 41, 11.43 W
1788703148.129661523,0 %, 2411 MHz, 41, 11.43 W
1788703148.229760568,0 %, 2411 MHz, 41, 11.43 W
1788703148.329855149,0 %, 2411 MHz, 41, 11.43 W
1788703148.429928355,0 %, 2411 MHz, 41, 11.43 W
1788703148.530056120,0 %, 2411 MHz, 40, 11.44 W
1788703148.630134142,0 %, 2411 MHz, 40, 11.44 W
1788703148.730259171,0 %, 2411 MHz, 40, 11.44 W
1788703148.830343161,0 %, 2411 MHz, 40, 11.44 W
1788703148.930470062,0 %, 2411 MHz, 40, 11.44 W
1788703149.030635507,0 %, 2411 MHz, 41, 11.47 W
1788703149.130761385,0 %, 2411 MHz, 41, 11.47 W
1788703149.230952430,0 %, 2411 MHz, 41, 11.47 W
1788703149.331074451,0 %, 2411 MHz, 41, 11.47 W
1788703149.431186360,0 %, 2411 MHz, 41, 11.47 W
1788703149.531259582,0 %, 2411 MHz, 41, 11.47 W
1788703149.631381267,0 %, 2411 MHz, 41, 11.47 W
1788703149.731541800,0 %, 2411 MHz, 41, 11.47 W
1788703149.831684589,0 %, 2411 MHz, 41, 11.47 W
1788703149.931821667,0 %, 2411 MHz, 41, 11.47 W
1788703150.031914984,0 %, 2411 MHz, 40, 11.45 W
1788703150.132030829,0 %, 2411 MHz, 40, 11.45 W
1788703150.232155507,0 %, 2411 MHz, 40, 11.45 W
1788703150.332329384,0 %, 2411 MHz, 40, 11.45 W
1788703150.432436893,0 %, 2411 MHz, 40, 11.45 W
1788703150.532580274,0 %, 2411 MHz, 41, 11.44 W
1788703150.632652951,0 %, 2411 MHz, 41, 11.44 W
1788703150.732770077,0 %, 2411 MHz, 41, 11.44 W
1788703150.832895746,0 %, 2411 MHz, 41, 11.44 W
1788703150.933024487,0 %, 2411 MHz, 41, 11.44 W
1788703151.032993837,0 %, 2411 MHz, 41, 11.43 W
1788703151.133105570,0 %, 2411 MHz, 41, 11.43 W
1788703151.233459063,0 %, 2411 MHz, 41, 11.43 W
1788703151.334350954,0 %, 2411 MHz, 41, 11.43 W
1788703151.434171088,0 %, 2411 MHz, 41, 11.43 W
1788703151.534935107,0 %, 2411 MHz, 40, 11.43 W
1788703151.635303880,0 %, 2411 MHz, 40, 11.43 W
1788703151.736185387,0 %, 2411 MHz, 40, 11.43 W
1788703151.836471552,0 %, 2411 MHz, 40, 11.43 W
1788703151.936930580,0 %, 2411 MHz, 40, 11.43 W
1788703152.037104873,0 %, 2411 MHz, 41, 11.42 W
1788703152.136975167,0 %, 2411 MHz, 41, 11.42 W
1788703152.237379651,0 %, 2411 MHz, 41, 11.42 W
1788703152.337462536,0 %, 2411 MHz, 41, 11.42 W
1788703152.437745101,0 %, 2411 MHz, 41, 11.42 W
1788703152.537967778,0 %, 2411 MHz, 41, 11.42 W
1788703152.638057367,0 %, 2411 MHz, 41, 11.42 W
1788703152.737739597,0 %, 2411 MHz, 41, 11.42 W
1788703152.838062690,0 %, 2411 MHz, 41, 11.42 W
1788703152.938331415,0 %, 2411 MHz, 41, 11.42 W
1788703153.038336060,0 %, 2411 MHz, 41, 11.44 W
1788703153.138660465,0 %, 2411 MHz, 41, 11.44 W
1788703153.238792518,0 %, 2411 MHz, 41, 11.44 W
1788703153.339016187,0 %, 2411 MHz, 41, 11.44 W
1788703153.439089584,0 %, 2411 MHz, 41, 11.44 W
1788703153.539715203,0 %, 2411 MHz, 41, 11.44 W
1788703153.639714041,0 %, 2411 MHz, 41, 11.44 W
1788703153.740285661,0 %, 2411 MHz, 41, 11.44 W
1788703153.840978640,0 %, 2411 MHz, 41, 11.44 W
1788703153.941782884,0 %, 2411 MHz, 41, 11.44 W
1788703154.042553431,0 %, 2411 MHz, 41, 11.42 W
1788703154.143073243,0 %, 2411 MHz, 41, 11.42 W
1788703154.243391535,0 %, 2411 MHz, 41, 11.42 W
1788703154.344201266,0 %, 2411 MHz, 41, 11.42 W
1788703154.444254056,0 %, 2411 MHz, 41, 11.42 W
1788703154.544968091,0 %, 2411 MHz, 41, 11.41 W
1788703154.645112800,0 %, 2411 MHz, 41, 11.41 W
1788703154.745420709,0 %, 2411 MHz, 41, 11.41 W
1788703154.845741401,0 %, 2411 MHz, 41, 11.41 W
1788703154.946401580,0 %, 2411 MHz, 41, 11.41 W
1788703155.046402466,0 %, 2411 MHz, 41, 11.42 W
1788703155.146957046,0 %, 2411 MHz, 41, 11.42 W
1788703155.246949739,0 %, 2411 MHz, 41, 11.42 W
1788703155.347386991,0 %, 2411 MHz, 41, 11.42 W
1788703155.447304645,0 %, 2411 MHz, 41, 11.42 W
1788703155.548320903,0 %, 2411 MHz, 41, 11.44 W
1788703155.648242893,0 %, 2411 MHz, 41, 11.44 W
1788703155.748822128,0 %, 2411 MHz, 41, 11.44 W
1788703155.848635430,0 %, 2411 MHz, 41, 11.44 W
1788703155.949129610,0 %, 2411 MHz, 41, 11.44 W
1788703156.049307471,0 %, 2411 MHz, 41, 11.44 W
1788703156.149263076,0 %, 2411 MHz, 41, 11.44 W
1788703156.249858424,0 %, 2411 MHz, 41, 11.44 W
1788703156.350149980,0 %, 2411 MHz, 41, 11.44 W
1788703156.450157745,0 %, 2411 MHz, 41, 11.44 W
1788703156.550279750,0 %, 2411 MHz, 41, 11.44 W
1788703156.650393371,0 %, 2411 MHz, 41, 11.44 W
1788703156.750523808,0 %, 2411 MHz, 41, 11.44 W
1788703156.850691653,0 %, 2411 MHz, 41, 11.44 W
1788703156.950796138,0 %, 2411 MHz, 41, 11.44 W
1788703157.050884543,0 %, 2411 MHz, 41, 11.42 W
1788703157.151080915,0 %, 2411 MHz, 41, 11.42 W
1788703157.250894553,0 %, 2411 MHz, 41, 11.42 W
1788703157.351319597,0 %, 2411 MHz, 41, 11.42 W
1788703157.451366626,0 %, 2411 MHz, 41, 11.42 W
1788703157.551519671,0 %, 2411 MHz, 41, 11.41 W
1788703157.651647484,0 %, 2411 MHz, 41, 11.41 W
1788703157.751821904,0 %, 2411 MHz, 41, 11.41 W
1788703157.851946341,0 %, 2411 MHz, 41, 11.41 W
1788703157.952089514,0 %, 2411 MHz, 41, 11.41 W
1788703158.052139039,0 %, 2411 MHz, 41, 11.43 W
1788703158.152278036,0 %, 2411 MHz, 41, 11.43 W
1788703158.252254793,0 %, 2411 MHz, 41, 11.43 W
1788703158.352610973,0 %, 2411 MHz, 41, 11.43 W
1788703158.452673106,0 %, 2411 MHz, 41, 11.43 W
1788703158.552754119,0 %, 2411 MHz, 41, 11.44 W
1788703158.652911259,0 %, 2411 MHz, 41, 11.44 W
1788703158.753032784,0 %, 2411 MHz, 41, 11.44 W
1788703158.853135925,0 %, 2411 MHz, 41, 11.44 W
1788703158.953450761,0 %, 2411 MHz, 41, 11.44 W
1788703159.053965373,0 %, 2411 MHz, 41, 11.42 W
1788703159.153945650,0 %, 2411 MHz, 41, 11.42 W
1788703159.254670309,0 %, 2411 MHz, 41, 11.42 W
1788703159.355635800,0 %, 2411 MHz, 41, 11.42 W
1788703159.456011580,0 %, 2411 MHz, 41, 11.42 W
1788703159.556119440,0 %, 2411 MHz, 41, 11.43 W
1788703159.656947427,0 %, 2411 MHz, 41, 11.43 W
1788703159.757354183,0 %, 2411 MHz, 41, 11.43 W
1788703159.857780731,0 %, 2411 MHz, 41, 11.43 W
1788703159.957937008,0 %, 2411 MHz, 41, 11.43 W
1788703160.058735826,0 %, 2411 MHz, 41, 11.44 W
1788703160.159159558,0 %, 2411 MHz, 41, 11.44 W
1788703160.259201531,0 %, 2411 MHz, 41, 11.44 W
1788703160.359922254,0 %, 2411 MHz, 41, 11.44 W
1788703160.460035107,0 %, 2411 MHz, 41, 11.42 W
1788703160.560741670,0 %, 2411 MHz, 41, 11.42 W
1788703160.660707947,0 %, 2411 MHz, 41, 11.42 W
1788703160.761329230,0 %, 2411 MHz, 41, 11.42 W
1788703160.861400163,0 %, 2411 MHz, 41, 11.42 W
1788703160.962357398,0 %, 2411 MHz, 41, 11.43 W
1788703161.062836057,0 %, 2411 MHz, 41, 11.43 W
1788703161.163380477,0 %, 2411 MHz, 41, 11.43 W
1788703161.263469617,0 %, 2411 MHz, 41, 11.43 W
1788703161.364426788,0 %, 2411 MHz, 41, 11.43 W
1788703161.465341846,0 %, 2411 MHz, 41, 11.43 W
1788703161.565676170,0 %, 2411 MHz, 41, 11.43 W
1788703161.666283662,0 %, 2411 MHz, 41, 11.43 W
1788703161.766407714,0 %, 2411 MHz, 41, 11.43 W
1788703161.867279397,0 %, 2411 MHz, 41, 11.43 W
1788703161.967290970,0 %, 2411 MHz, 41, 11.42 W
1788703162.068077772,0 %, 2411 MHz, 41, 11.42 W
1788703162.168153473,0 %, 2411 MHz, 41, 11.42 W
1788703162.268320757,0 %, 2411 MHz, 41, 11.42 W
1788703162.368197515,0 %, 2411 MHz, 41, 11.42 W
1788703162.469362588,0 %, 2411 MHz, 41, 11.41 W
1788703162.569572689,0 %, 2411 MHz, 41, 11.41 W
1788703162.669996500,0 %, 2411 MHz, 41, 11.41 W
1788703162.770148441,0 %, 2411 MHz, 41, 11.41 W
1788703162.870952460,0 %, 2411 MHz, 41, 11.41 W
1788703162.970870017,0 %, 2411 MHz, 41, 11.41 W
1788703163.070995397,0 %, 2411 MHz, 41, 11.41 W
1788703163.171117354,0 %, 2411 MHz, 41, 11.41 W
1788703163.271119390,0 %, 2411 MHz, 41, 11.41 W
1788703163.371359347,0 %, 2411 MHz, 41, 11.41 W
1788703163.471587063,0 %, 2411 MHz, 41, 11.41 W
1788703163.571688619,0 %, 2411 MHz, 41, 11.41 W
1788703163.672621406,0 %, 2411 MHz, 41, 11.41 W
1788703163.772570483,0 %, 2411 MHz, 41, 11.41 W
1788703163.873132534,0 %, 2411 MHz, 41, 11.41 W
1788703163.973983848,0 %, 2411 MHz, 41, 11.41 W
1788703164.073838510,0 %, 2411 MHz, 41, 11.41 W
1788703164.174516768,0 %, 2411 MHz, 41, 11.41 W
1788703164.274382134,0 %, 2411 MHz, 41, 11.41 W
1788703164.375097688,0 %, 2411 MHz, 41, 11.41 W
1788703164.475208669,0 %, 2411 MHz, 41, 11.41 W
1788703164.576043023,0 %, 2411 MHz, 41, 11.41 W
1788703164.675877509,0 %, 2411 MHz, 41, 11.41 W
1788703164.776605495,0 %, 2411 MHz, 41, 11.41 W
1788703164.876734012,0 %, 2411 MHz, 41, 11.41 W
1788703164.977159279,0 %, 2411 MHz, 41, 11.40 W
1788703165.077218532,0 %, 2411 MHz, 41, 11.40 W
1788703165.177709175,0 %, 2411 MHz, 41, 11.40 W
1788703165.277532748,0 %, 2411 MHz, 41, 11.40 W
1788703165.378773630,0 %, 2411 MHz, 41, 11.40 W
1788703165.478651715,0 %, 2411 MHz, 41, 11.40 W
1788703165.579268230,0 %, 2411 MHz, 41, 11.40 W
1788703165.680084408,0 %, 2411 MHz, 41, 11.40 W
1788703165.780512732,0 %, 2411 MHz, 41, 11.40 W
1788703165.880740576,0 %, 2411 MHz, 41, 11.40 W
1788703165.981720162,0 %, 2411 MHz, 41, 11.40 W
1788703166.082036534,0 %, 2411 MHz, 41, 11.40 W
1788703166.182010635,0 %, 2411 MHz, 41, 11.40 W
1788703166.282261854,0 %, 2411 MHz, 41, 11.40 W
1788703166.382453939,0 %, 2411 MHz, 41, 11.40 W
1788703166.483167957,0 %, 2411 MHz, 41, 11.40 W
1788703166.583253242,0 %, 2411 MHz, 41, 11.40 W
1788703166.684062428,0 %, 2411 MHz, 41, 11.40 W
1788703166.784008833,0 %, 2411 MHz, 41, 11.40 W
1788703166.884675764,0 %, 2411 MHz, 41, 11.40 W
1788703166.985056535,0 %, 2411 MHz, 41, 11.41 W
1788703167.085424459,0 %, 2411 MHz, 41, 11.41 W
1788703167.186133294,0 %, 2411 MHz, 41, 11.41 W
1788703167.286253602,0 %, 2411 MHz, 41, 11.41 W
1788703167.387017236,0 %, 2411 MHz, 41, 11.41 W
1788703167.487705815,0 %, 2411 MHz, 41, 11.41 W
1788703167.588299306,0 %, 2411 MHz, 41, 11.41 W
1788703167.688383694,0 %, 2411 MHz, 41, 11.41 W
1788703167.789308097,0 %, 2411 MHz, 41, 11.41 W
1788703167.889272565,0 %, 2411 MHz, 41, 11.41 W
1788703167.990065880,0 %, 2411 MHz, 41, 11.40 W
1788703168.090162684,0 %, 2411 MHz, 41, 11.40 W
1788703168.190314576,0 %, 2411 MHz, 41, 11.40 W
1788703168.290430980,0 %, 2411 MHz, 41, 11.40 W
1788703168.391023047,0 %, 2411 MHz, 41, 11.40 W
1788703168.490728173,0 %, 2411 MHz, 41, 11.41 W
1788703168.590366802,0 %, 2411 MHz, 41, 11.41 W
1788703168.690926837,0 %, 2411 MHz, 41, 11.41 W
1788703168.791026969,0 %, 2411 MHz, 41, 11.41 W
1788703168.891154557,0 %, 2411 MHz, 41, 11.41 W
1788703168.991455633,0 %, 2411 MHz, 41, 11.41 W
1788703169.091415702,0 %, 2411 MHz, 41, 11.41 W
1788703169.191783993,0 %, 2411 MHz, 41, 11.41 W
1788703169.291698222,0 %, 2411 MHz, 41, 11.41 W
1788703169.391879010,0 %, 2411 MHz, 41, 11.41 W
1788703169.491988246,0 %, 2411 MHz, 41, 11.40 W
1788703169.592095674,0 %, 2411 MHz, 41, 11.40 W
1788703169.692248462,0 %, 2411 MHz, 41, 11.40 W
1788703169.792954673,0 %, 2411 MHz, 41, 11.40 W
1788703169.892931653,0 %, 2411 MHz, 41, 11.40 W
1788703169.993553912,0 %, 2411 MHz, 41, 11.40 W
1788703170.093902060,0 %, 2411 MHz, 41, 11.40 W
1788703170.193565009,0 %, 2411 MHz, 41, 11.40 W
1788703170.294111364,0 %, 2411 MHz, 41, 11.40 W
1788703170.394244488,0 %, 2411 MHz, 41, 11.40 W
1788703170.494385308,0 %, 2411 MHz, 41, 11.39 W
1788703170.594623408,0 %, 2411 MHz, 41, 11.39 W
1788703170.694703428,0 %, 2411 MHz, 41, 11.39 W
1788703170.794808440,0 %, 2411 MHz, 41, 11.39 W
1788703170.894893164,0 %, 2411 MHz, 41, 11.39 W
1788703170.995034704,0 %, 2411 MHz, 41, 11.38 W
1788703171.095156100,0 %, 2411 MHz, 41, 11.38 W
1788703171.195266504,0 %, 2411 MHz, 41, 11.38 W
1788703171.295419596,0 %, 2411 MHz, 41, 11.38 W
1788703171.395541616,0 %, 2411 MHz, 41, 11.38 W
1788703171.495642404,0 %, 2411 MHz, 41, 11.37 W
1788703171.595743464,0 %, 2411 MHz, 41, 11.37 W
1788703171.695890492,0 %, 2411 MHz, 41, 11.37 W
1788703171.795986960,0 %, 2411 MHz, 41, 11.37 W
1788703171.896156164,0 %, 2411 MHz, 41, 11.37 W
1788703171.996449160,0 %, 2411 MHz, 41, 11.38 W
1788703172.097091898,0 %, 2411 MHz, 41, 11.38 W
1788703172.196978143,0 %, 2411 MHz, 41, 11.38 W
1788703172.297437698,0 %, 2411 MHz, 41, 11.38 W
1788703172.397628198,0 %, 2411 MHz, 41, 11.38 W
1788703172.498193849,0 %, 2411 MHz, 41, 11.39 W
1788703172.598129405,0 %, 2411 MHz, 41, 11.39 W
1788703172.698804879,0 %, 2411 MHz, 41, 11.39 W
1788703172.799685489,0 %, 2411 MHz, 41, 11.39 W
1788703172.899521558,0 %, 2411 MHz, 41, 11.39 W
1788703173.000183033,0 %, 2411 MHz, 41, 11.41 W
1788703173.100249197,0 %, 2411 MHz, 41, 11.41 W
1788703173.201114447,0 %, 2411 MHz, 41, 11.41 W
1788703173.300939731,0 %, 2411 MHz, 41, 11.41 W
1788703173.401727733,0 %, 2411 MHz, 41, 11.41 W
1788703173.501878905,0 %, 2411 MHz, 41, 11.41 W
1788703173.602526780,0 %, 2411 MHz, 41, 11.41 W
1788703173.702264305,0 %, 2411 MHz, 41, 11.41 W
1788703173.802807955,0 %, 2411 MHz, 41, 11.41 W
1788703173.902926391,0 %, 2411 MHz, 41, 11.41 W
1788703174.003653018,0 %, 2411 MHz, 41, 11.39 W
1788703174.103520398,0 %, 2411 MHz, 41, 11.39 W
1788703174.204316624,0 %, 2411 MHz, 41, 11.39 W
1788703174.304744739,0 %, 2411 MHz, 41, 11.39 W
1788703174.405633669,0 %, 2411 MHz, 41, 11.39 W
1788703174.506049160,0 %, 2411 MHz, 41, 11.39 W
1788703174.606557707,0 %, 2411 MHz, 41, 11.39 W
1788703174.706962750,0 %, 2411 MHz, 41, 11.39 W
1788703174.806879122,0 %, 2411 MHz, 41, 11.39 W
1788703174.907510757,0 %, 2411 MHz, 41, 11.39 W
1788703175.007458697,0 %, 2411 MHz, 41, 11.40 W
1788703175.108066236,0 %, 2411 MHz, 41, 11.40 W
1788703175.208154735,0 %, 2411 MHz, 41, 11.40 W
1788703175.308384867,0 %, 2411 MHz, 41, 11.40 W
1788703175.408545399,0 %, 2411 MHz, 41, 11.40 W
1788703175.508994153,0 %, 2411 MHz, 41, 11.40 W
1788703175.609108397,0 %, 2411 MHz, 41, 11.40 W
1788703175.709917855,0 %, 2411 MHz, 41, 11.40 W
1788703175.809827748,0 %, 2411 MHz, 41, 11.40 W
1788703175.909642328,0 %, 2411 MHz, 41, 11.40 W
1788703176.010024283,0 %, 2411 MHz, 41, 11.41 W
1788703176.110071071,0 %, 2411 MHz, 41, 11.41 W
1788703176.210304627,0 %, 2411 MHz, 41, 11.41 W
1788703176.310385350,0 %, 2411 MHz, 41, 11.41 W
1788703176.410947049,0 %, 2411 MHz, 41, 11.41 W
1788703176.510744958,0 %, 2411 MHz, 41, 11.42 W
1788703176.611116209,0 %, 2411 MHz, 41, 11.42 W
1788703176.711230692,0 %, 2411 MHz, 41, 11.42 W
1788703176.811609448,0 %, 2411 MHz, 41, 11.42 W
1788703176.911836507,0 %, 2411 MHz, 41, 11.42 W
1788703177.012461549,0 %, 2411 MHz, 41, 11.41 W
1788703177.112929168,0 %, 2411 MHz, 41, 11.41 W
1788703177.213614690,0 %, 2411 MHz, 41, 11.41 W
1788703177.313648966,0 %, 2411 MHz, 41, 11.41 W
1788703177.413727018,0 %, 2411 MHz, 41, 11.41 W
1788703177.513812398,0 %, 2411 MHz, 41, 11.39 W
1788703177.613923233,0 %, 2411 MHz, 41, 11.39 W
1788703177.714059813,0 %, 2411 MHz, 41, 11.39 W
1788703177.814186089,0 %, 2411 MHz, 41, 11.39 W
1788703177.914465628,0 %, 2411 MHz, 41, 11.39 W
1788703178.014435376,0 %, 2411 MHz, 41, 11.39 W
1788703178.114592819,0 %, 2411 MHz, 41, 11.39 W
1788703178.214714183,0 %, 2411 MHz, 41, 11.39 W
1788703178.314875003,0 %, 2411 MHz, 41, 11.39 W
1788703178.414917278,0 %, 2411 MHz, 41, 11.39 W
1788703178.515018610,0 %, 2411 MHz, 41, 11.39 W
1788703178.615140630,0 %, 2411 MHz, 41, 11.39 W
1788703178.715250249,0 %, 2411 MHz, 41, 11.39 W
1788703178.815372173,0 %, 2411 MHz, 41, 11.39 W
1788703178.915524225,0 %, 2411 MHz, 41, 11.39 W
1788703179.015679684,0 %, 2411 MHz, 41, 11.39 W
1788703179.115794200,0 %, 2411 MHz, 41, 11.39 W
1788703179.215889755,0 %, 2411 MHz, 41, 11.39 W
1788703179.315689952,0 %, 2411 MHz, 41, 11.39 W
1788703179.416096482,0 %, 2411 MHz, 41, 11.39 W
1788703179.516228662,0 %, 2411 MHz, 41, 11.39 W
1788703179.616344554,0 %, 2411 MHz, 41, 11.39 W
1788703179.716469965,0 %, 2411 MHz, 41, 11.39 W
1788703179.816611841,0 %, 2411 MHz, 41, 11.39 W
1788703179.916706228,0 %, 2411 MHz, 41, 11.39 W
1788703180.016840632,0 %, 2411 MHz, 41, 11.40 W
1788703180.116975883,0 %, 2411 MHz, 41, 11.40 W
1788703180.217089087,0 %, 2411 MHz, 41, 11.40 W
1788703180.317387522,0 %, 2411 MHz, 41, 11.40 W
1788703180.417373286,0 %, 2411 MHz, 41, 11.40 W
1788703180.517376553,0 %, 2411 MHz, 41, 11.40 W
1788703180.617546653,0 %, 2411 MHz, 41, 11.40 W
1788703180.717678640,0 %, 2411 MHz, 41, 11.40 W
1788703180.817908996,0 %, 2411 MHz, 41, 11.40 W
1788703180.917995239,0 %, 2411 MHz, 41, 11.40 W
1788703181.018521162,0 %, 2411 MHz, 41, 11.40 W
1788703181.118224766,0 %, 2411 MHz, 41, 11.40 W
1788703181.218357282,0 %, 2411 MHz, 41, 11.40 W
1788703181.318516533,0 %, 2411 MHz, 41, 11.40 W
1788703181.418673352,0 %, 2411 MHz, 41, 11.40 W
1788703181.518788700,0 %, 2411 MHz, 41, 11.40 W
1788703181.618433056,0 %, 2411 MHz, 41, 11.40 W
1788703181.718998387,0 %, 2411 MHz, 41, 11.40 W
1788703181.819138950,0 %, 2411 MHz, 41, 11.40 W
1788703181.919776968,0 %, 2411 MHz, 41, 11.40 W
1788703182.020885657,0 %, 2411 MHz, 41, 11.40 W
1788703182.120216910,0 %, 2411 MHz, 41, 11.40 W
1788703182.221138128,0 %, 2411 MHz, 41, 11.40 W
1788703182.321176547,0 %, 2411 MHz, 41, 11.40 W
1788703182.421951269,0 %, 2411 MHz, 41, 11.40 W
1788703182.522672935,0 %, 2411 MHz, 41, 11.40 W
1788703182.622586731,0 %, 2411 MHz, 41, 11.40 W
1788703182.723222045,0 %, 2411 MHz, 41, 11.40 W
1788703182.823263968,0 %, 2411 MHz, 41, 11.40 W
1788703182.923814435,0 %, 2411 MHz, 41, 11.40 W
1788703183.023906278,0 %, 2411 MHz, 41, 11.40 W
1788703183.123936794,0 %, 2411 MHz, 41, 11.40 W
1788703183.224209309,0 %, 2411 MHz, 41, 11.40 W
1788703183.324048129,0 %, 2411 MHz, 41, 11.40 W
1788703183.424208308,0 %, 2411 MHz, 41, 11.40 W
1788703183.524953365,0 %, 2411 MHz, 41, 11.42 W
1788703183.625071497,0 %, 2411 MHz, 41, 11.42 W
1788703183.725907402,0 %, 2411 MHz, 41, 11.42 W
1788703183.826309901,0 %, 2411 MHz, 41, 11.42 W
1788703183.926469712,0 %, 2411 MHz, 41, 11.42 W
1788703184.026919731,0 %, 2411 MHz, 41, 11.42 W
1788703184.127028934,0 %, 2411 MHz, 41, 11.42 W
1788703184.227275913,0 %, 2411 MHz, 41, 11.42 W
1788703184.327402044,0 %, 2411 MHz, 41, 11.42 W
1788703184.427641471,0 %, 2411 MHz, 41, 11.42 W
1788703184.528134465,0 %, 2411 MHz, 41, 11.39 W
1788703184.628551716,0 %, 2411 MHz, 41, 11.39 W
1788703184.728359528,0 %, 2411 MHz, 41, 11.39 W
1788703184.829196281,0 %, 2411 MHz, 41, 11.39 W
1788703184.930053307,0 %, 2411 MHz, 41, 11.39 W
1788703185.030564397,0 %, 2411 MHz, 41, 11.39 W
1788703185.130779872,0 %, 2411 MHz, 41, 11.39 W
1788703185.230942611,0 %, 2411 MHz, 41, 11.39 W
1788703185.330966470,0 %, 2411 MHz, 41, 11.39 W
1788703185.430940970,0 %, 2411 MHz, 41, 11.39 W
1788703185.531512492,0 %, 2411 MHz, 41, 11.39 W
1788703185.631541423,0 %, 2411 MHz, 41, 11.39 W
1788703185.731807058,0 %, 2411 MHz, 41, 11.39 W
1788703185.831597238,0 %, 2411 MHz, 41, 11.39 W
1788703185.932550039,0 %, 2411 MHz, 41, 11.39 W
1788703186.033421513,0 %, 2411 MHz, 41, 11.40 W
1788703186.132578446,0 %, 2411 MHz, 41, 11.40 W
1788703186.233398416,0 %, 2411 MHz, 41, 11.40 W
1788703186.333502547,0 %, 2411 MHz, 41, 11.40 W
1788703186.433346551,0 %, 2411 MHz, 41, 11.40 W
1788703186.533461082,0 %, 2411 MHz, 41, 11.40 W
1788703186.634191883,0 %, 2411 MHz, 41, 11.40 W
1788703186.734488030,0 %, 2411 MHz, 41, 11.40 W
1788703186.835075776,0 %, 2411 MHz, 41, 11.40 W
1788703186.935184611,0 %, 2411 MHz, 41, 11.40 W
1788703187.036118964,0 %, 2411 MHz, 41, 11.40 W
1788703187.136082536,0 %, 2411 MHz, 41, 11.40 W
1788703187.236863225,0 %, 2411 MHz, 41, 11.40 W
1788703187.336706205,0 %, 2411 MHz, 41, 11.40 W
1788703187.437675054,0 %, 2411 MHz, 41, 11.40 W
1788703187.537635729,0 %, 2411 MHz, 41, 11.40 W
1788703187.638339363,0 %, 2411 MHz, 41, 11.40 W
1788703187.738935541,0 %, 2411 MHz, 41, 11.40 W
1788703187.839424567,0 %, 2411 MHz, 41, 11.40 W
1788703187.939352155,0 %, 2411 MHz, 41, 11.40 W
1788703188.040102460,0 %, 2411 MHz, 41, 11.40 W
1788703188.140933613,0 %, 2411 MHz, 41, 11.40 W
1788703188.241393919,0 %, 2411 MHz, 41, 11.40 W
1788703188.341593474,0 %, 2411 MHz, 41, 11.40 W
1788703188.442508099,0 %, 2411 MHz, 41, 11.40 W
1788703188.542321991,0 %, 2411 MHz, 41, 11.40 W
1788703188.642681049,0 %, 2411 MHz, 41, 11.40 W
1788703188.742708557,0 %, 2411 MHz, 41, 11.40 W
1788703188.843111759,0 %, 2411 MHz, 41, 11.40 W
1788703188.943735665,0 %, 2411 MHz, 41, 11.40 W
1788703189.044620706,0 %, 2411 MHz, 41, 11.39 W
1788703189.144472981,0 %, 2411 MHz, 41, 11.39 W
1788703189.245166087,0 %, 2411 MHz, 41, 11.39 W
1788703189.345266730,0 %, 2411 MHz, 41, 11.39 W
1788703189.445287437,0 %, 2411 MHz, 41, 11.39 W
1788703189.545295728,0 %, 2411 MHz, 41, 11.39 W
1788703189.646219825,0 %, 2411 MHz, 41, 11.39 W
1788703189.746383460,0 %, 2411 MHz, 41, 11.39 W
1788703189.847317477,0 %, 2411 MHz, 41, 11.39 W
1788703189.947562968,0 %, 2411 MHz, 41, 11.39 W
1788703190.047547291,0 %, 2411 MHz, 41, 11.40 W
1788703190.147942349,0 %, 2411 MHz, 41, 11.40 W
1788703190.248273872,0 %, 2411 MHz, 41, 11.40 W
1788703190.348427714,0 %, 2411 MHz, 41, 11.40 W
1788703190.448365510,0 %, 2411 MHz, 41, 11.40 W
1788703190.549294567,0 %, 2411 MHz, 41, 11.41 W
1788703190.649050395,0 %, 2411 MHz, 41, 11.41 W
1788703190.750020603,0 %, 2411 MHz, 41, 11.41 W
1788703190.849954975,0 %, 2411 MHz, 41, 11.41 W
1788703190.950657408,0 %, 2411 MHz, 41, 11.41 W
1788703191.050571828,0 %, 2411 MHz, 41, 11.42 W
1788703191.151776675,0 %, 2411 MHz, 41, 11.42 W
1788703191.251658295,0 %, 2411 MHz, 41, 11.42 W
1788703191.351797290,0 %, 2411 MHz, 41, 11.42 W
1788703191.451959837,0 %, 2411 MHz, 41, 11.42 W
1788703191.552077760,0 %, 2411 MHz, 41, 11.41 W
1788703191.651953907,0 %, 2411 MHz, 41, 11.41 W
1788703191.752494741,0 %, 2411 MHz, 41, 11.41 W
1788703191.852634504,0 %, 2411 MHz, 41, 11.41 W
1788703191.953366329,0 %, 2411 MHz, 41, 11.41 W
1788703192.053359884,0 %, 2411 MHz, 41, 11.42 W
1788703192.153935438,0 %, 2411 MHz, 41, 11.42 W
1788703192.253802289,0 %, 2411 MHz, 41, 11.42 W
1788703192.354181875,0 %, 2411 MHz, 41, 11.42 W
1788703192.454289766,0 %, 2411 MHz, 41, 11.42 W
1788703192.554582617,0 %, 2411 MHz, 41, 11.43 W
1788703192.654520284,0 %, 2411 MHz, 41, 11.43 W
1788703192.754718783,0 %, 2411 MHz, 41, 11.43 W
1788703192.854966113,0 %, 2411 MHz, 41, 11.43 W
1788703192.955081284,0 %, 2411 MHz, 41, 11.43 W
1788703193.055220791,0 %, 2411 MHz, 41, 11.43 W
1788703193.155304762,0 %, 2411 MHz, 41, 11.43 W
1788703193.255402124,0 %, 2411 MHz, 41, 11.43 W
1788703193.355601263,0 %, 2411 MHz, 41, 11.43 W
1788703193.455711378,0 %, 2411 MHz, 41, 11.43 W
1788703193.555829989,0 %, 2411 MHz, 41, 11.42 W
1788703193.655939431,0 %, 2411 MHz, 41, 11.42 W
1788703193.755851803,0 %, 2411 MHz, 41, 11.42 W
1788703193.856209725,0 %, 2411 MHz, 41, 11.42 W
1788703193.956313920,0 %, 2411 MHz, 41, 11.42 W
1788703194.056408467,0 %, 2411 MHz, 41, 11.41 W
1788703194.156607829,0 %, 2411 MHz, 41, 11.41 W
1788703194.256616152,0 %, 2411 MHz, 41, 11.41 W
1788703194.356811451,0 %, 2411 MHz, 41, 11.41 W
1788703194.456693950,0 %, 2411 MHz, 41, 11.41 W
1788703194.557039328,0 %, 2411 MHz, 41, 11.41 W
1788703194.657172211,0 %, 2411 MHz, 41, 11.41 W
1788703194.757780036,0 %, 2411 MHz, 41, 11.41 W
1788703194.858617429,0 %, 2411 MHz, 41, 11.41 W
1788703194.958405241,0 %, 2411 MHz, 41, 11.41 W
1788703195.059397337,0 %, 2411 MHz, 41, 11.42 W
1788703195.160195466,0 %, 2411 MHz, 41, 11.42 W
1788703195.260497820,0 %, 2411 MHz, 41, 11.42 W
1788703195.360443231,0 %, 2411 MHz, 41, 11.42 W
1788703195.460966449,0 %, 2411 MHz, 41, 11.42 W
1788703195.561721170,0 %, 2411 MHz, 41, 11.42 W
1788703195.661848068,0 %, 2411 MHz, 41, 11.42 W
1788703195.762471606,0 %, 2411 MHz, 41, 11.42 W
1788703195.862383049,0 %, 2411 MHz, 41, 11.42 W
1788703195.963063098,0 %, 2411 MHz, 41, 11.42 W
1788703196.063184557,0 %, 2411 MHz, 41, 11.42 W
1788703196.164053661,0 %, 2411 MHz, 41, 11.42 W
1788703196.263865937,0 %, 2411 MHz, 41, 11.42 W
1788703196.364325875,0 %, 2411 MHz, 41, 11.42 W
1788703196.464211174,0 %, 2411 MHz, 41, 11.43 W
1788703196.564431112,0 %, 2411 MHz, 41, 11.43 W
1788703196.664580283,0 %, 2411 MHz, 41, 11.43 W
1788703196.765053100,0 %, 2411 MHz, 41, 11.43 W
1788703196.865196671,0 %, 2411 MHz, 41, 11.43 W
1788703196.965892176,0 %, 2411 MHz, 41, 11.44 W
1788703197.065804115,0 %, 2411 MHz, 41, 11.44 W
1788703197.166755123,0 %, 2411 MHz, 41, 11.44 W
1788703197.267333285,0 %, 2411 MHz, 41, 11.44 W
1788703197.367649255,0 %, 2411 MHz, 41, 11.44 W
1788703197.468209416,0 %, 2411 MHz, 41, 11.43 W
1788703197.568760698,0 %, 2411 MHz, 41, 11.43 W
1788703197.669166011,0 %, 2411 MHz, 41, 11.43 W
1788703197.769350398,0 %, 2411 MHz, 41, 11.43 W
1788703197.870199998,0 %, 2411 MHz, 41, 11.43 W
1788703197.970520416,0 %, 2411 MHz, 41, 11.42 W
1788703198.071097698,0 %, 2411 MHz, 41, 11.42 W
1788703198.172051522,0 %, 2411 MHz, 41, 11.42 W
1788703198.271603446,0 %, 2411 MHz, 41, 11.42 W
1788703198.371838088,0 %, 2411 MHz, 41, 11.42 W
1788703198.472699401,0 %, 2411 MHz, 41, 11.42 W
1788703198.572831691,0 %, 2411 MHz, 41, 11.42 W
1788703198.673413357,0 %, 2411 MHz, 41, 11.42 W
1788703198.773112512,0 %, 2411 MHz, 41, 11.42 W
1788703198.874375552,0 %, 2411 MHz, 41, 11.42 W
1788703198.974406610,0 %, 2411 MHz, 41, 11.42 W
1788703199.074580197,0 %, 2411 MHz, 41, 11.42 W
1788703199.174218120,0 %, 2411 MHz, 41, 11.42 W
1788703199.274813962,0 %, 2411 MHz, 41, 11.42 W
1788703199.374426125,0 %, 2411 MHz, 41, 11.42 W
1788703199.475378958,0 %, 2411 MHz, 41, 11.43 W
1788703199.575722448,0 %, 2411 MHz, 41, 11.43 W
1788703199.676161649,0 %, 2411 MHz, 41, 11.43 W
1788703199.776934850,0 %, 2411 MHz, 41, 11.43 W
1788703199.877322131,0 %, 2411 MHz, 41, 11.43 W
1788703199.977678581,0 %, 2411 MHz, 41, 11.43 W
1788703200.078014295,0 %, 2411 MHz, 41, 11.43 W
1788703200.178361209,0 %, 2411 MHz, 41, 11.43 W
1788703200.279086330,0 %, 2411 MHz, 41, 11.43 W
1788703200.379119228,0 %, 2411 MHz, 41, 11.43 W
1788703200.480185932,0 %, 2411 MHz, 41, 11.43 W
1788703200.580079183,0 %, 2411 MHz, 41, 11.43 W
1788703200.680573681,0 %, 2411 MHz, 41, 11.43 W
1788703200.781003570,0 %, 2411 MHz, 41, 11.43 W
1788703200.881531411,0 %, 2411 MHz, 41, 11.43 W
1788703200.982266580,0 %, 2411 MHz, 41, 11.44 W
1788703201.082368663,0 %, 2411 MHz, 41, 11.44 W
1788703201.182703656,0 %, 2411 MHz, 41, 11.44 W
1788703201.283669240,0 %, 2411 MHz, 41, 11.44 W
1788703201.383445644,0 %, 2411 MHz, 41, 11.44 W
1788703201.484206188,0 %, 2411 MHz, 41, 11.43 W
1788703201.584348783,0 %, 2411 MHz, 41, 11.43 W
1788703201.685390351,0 %, 2411 MHz, 41, 11.43 W
1788703201.785717680,0 %, 2411 MHz, 41, 11.43 W
1788703201.886135826,0 %, 2411 MHz, 41, 11.43 W
1788703201.986591731,0 %, 2411 MHz, 41, 11.42 W
1788703202.087151636,0 %, 2411 MHz, 41, 11.42 W
1788703202.187440038,0 %, 2411 MHz, 41, 11.42 W
1788703202.287904712,0 %, 2411 MHz, 41, 11.42 W
1788703202.387954234,0 %, 2411 MHz, 41, 11.42 W
1788703202.488176428,0 %, 2411 MHz, 41, 11.42 W
1788703202.588277102,0 %, 2411 MHz, 41, 11.42 W
1788703202.688405521,0 %, 2411 MHz, 41, 11.42 W
1788703202.788526995,0 %, 2411 MHz, 41, 11.42 W
1788703202.889077044,0 %, 2411 MHz, 41, 11.42 W
1788703202.989192695,0 %, 2411 MHz, 41, 11.43 W
1788703203.090090407,0 %, 2411 MHz, 41, 11.43 W
1788703203.190073529,0 %, 2411 MHz, 41, 11.43 W
1788703203.290539627,0 %, 2411 MHz, 41, 11.43 W
1788703203.390652061,0 %, 2411 MHz, 41, 11.43 W
1788703203.491219662,0 %, 2411 MHz, 41, 11.45 W
1788703203.591413040,0 %, 2411 MHz, 41, 11.45 W
1788703203.692183696,0 %, 2411 MHz, 41, 11.45 W
1788703203.792358290,0 %, 2411 MHz, 41, 11.45 W
1788703203.892633268,0 %, 2411 MHz, 41, 11.45 W
1788703203.993091526,0 %, 2411 MHz, 41, 11.45 W
1788703204.093524967,0 %, 2411 MHz, 41, 11.45 W
1788703204.194235096,0 %, 2411 MHz, 41, 11.45 W
1788703204.294374090,0 %, 2411 MHz, 41, 11.45 W
1788703204.394700763,0 %, 2411 MHz, 41, 11.45 W
1788703204.495701851,0 %, 2411 MHz, 41, 11.43 W
1788703204.596223660,0 %, 2411 MHz, 41, 11.43 W
1788703204.696606094,0 %, 2411 MHz, 41, 11.43 W
1788703204.797385486,0 %, 2411 MHz, 41, 11.43 W
1788703204.897689760,0 %, 2411 MHz, 41, 11.43 W
1788703204.997692450,0 %, 2411 MHz, 41, 11.43 W
1788703205.097787077,0 %, 2411 MHz, 41, 11.43 W
1788703205.198549445,0 %, 2411 MHz, 41, 11.43 W
1788703205.298638135,0 %, 2411 MHz, 41, 11.43 W
1788703205.399115432,0 %, 2411 MHz, 41, 11.43 W
1788703205.499255418,0 %, 2411 MHz, 41, 11.42 W
1788703205.600077835,0 %, 2411 MHz, 41, 11.42 W
1788703205.700121741,0 %, 2411 MHz, 41, 11.42 W
1788703205.800993917,0 %, 2411 MHz, 41, 11.42 W
1788703205.900514017,0 %, 2411 MHz, 41, 11.42 W
1788703206.001467537,0 %, 2411 MHz, 41, 11.41 W
1788703206.101456435,0 %, 2411 MHz, 41, 11.41 W
1788703206.202247187,0 %, 2411 MHz, 41, 11.41 W
1788703206.303025444,0 %, 2411 MHz, 41, 11.41 W
1788703206.403233126,0 %, 2411 MHz, 41, 11.41 W
1788703206.503833078,0 %, 2411 MHz, 41, 11.41 W
1788703206.604756566,0 %, 2411 MHz, 41, 11.41 W
1788703206.704928664,0 %, 2411 MHz, 41, 11.41 W
1788703206.805530233,0 %, 2411 MHz, 41, 11.41 W
1788703206.905661835,0 %, 2411 MHz, 41, 11.41 W
1788703207.006349148,0 %, 2411 MHz, 41, 11.41 W
1788703207.106253166,0 %, 2411 MHz, 41, 11.41 W
1788703207.206763359,0 %, 2411 MHz, 41, 11.41 W
1788703207.307144465,0 %, 2411 MHz, 41, 11.41 W
1788703207.407139875,0 %, 2411 MHz, 41, 11.41 W
1788703207.507776499,0 %, 2411 MHz, 41, 11.42 W
1788703207.607875654,0 %, 2411 MHz, 41, 11.42 W
1788703207.708651734,0 %, 2411 MHz, 41, 11.42 W
1788703207.808534392,0 %, 2411 MHz, 41, 11.42 W
1788703207.909177081,0 %, 2411 MHz, 41, 11.42 W
1788703208.009436219,0 %, 2411 MHz, 41, 11.42 W
1788703208.109645660,0 %, 2411 MHz, 41, 11.42 W
1788703208.209493487,0 %, 2411 MHz, 41, 11.42 W
1788703208.309812225,0 %, 2411 MHz, 41, 11.42 W
1788703208.409811955,0 %, 2411 MHz, 41, 11.42 W
1788703208.509957685,0 %, 2411 MHz, 41, 11.42 W
1788703208.610092679,0 %, 2411 MHz, 41, 11.42 W
1788703208.710212153,0 %, 2411 MHz, 41, 11.42 W
1788703208.810676970,0 %, 2411 MHz, 41, 11.42 W
1788703208.910544556,0 %, 2411 MHz, 41, 11.42 W
1788703209.010651182,0 %, 2411 MHz, 41, 11.43 W
1788703209.110850976,0 %, 2411 MHz, 41, 11.43 W
1788703209.210891186,0 %, 2411 MHz, 41, 11.43 W
1788703209.311046820,0 %, 2411 MHz, 41, 11.43 W
1788703209.411042598,0 %, 2411 MHz, 41, 11.43 W
1788703209.511258776,0 %, 2411 MHz, 41, 11.44 W
1788703209.611387082,0 %, 2411 MHz, 41, 11.44 W
1788703209.711543132,0 %, 2411 MHz, 41, 11.44 W
1788703209.811693646,0 %, 2411 MHz, 41, 11.44 W
1788703209.911794080,0 %, 2411 MHz, 41, 11.44 W
1788703210.011904465,0 %, 2411 MHz, 41, 11.44 W
1788703210.111802468,0 %, 2411 MHz, 41, 11.44 W
1788703210.212150405,0 %, 2411 MHz, 41, 11.44 W
1788703210.312288343,0 %, 2411 MHz, 41, 11.44 W
1788703210.412430201,0 %, 2411 MHz, 41, 11.44 W
1788703210.513072281,0 %, 2411 MHz, 41, 11.43 W
1788703210.613493514,0 %, 2411 MHz, 41, 11.43 W
1788703210.714141755,0 %, 2411 MHz, 41, 11.43 W
1788703210.814587788,0 %, 2411 MHz, 41, 11.43 W
1788703210.915782155,0 %, 2411 MHz, 41, 11.43 W
1788703211.016143820,0 %, 2411 MHz, 41, 11.43 W
1788703211.116945340,0 %, 2411 MHz, 41, 11.43 W
1788703211.217336013,0 %, 2411 MHz, 41, 11.43 W
1788703211.317628766,0 %, 2411 MHz, 41, 11.43 W
1788703211.417667664,0 %, 2411 MHz, 41, 11.43 W
1788703211.518140017,0 %, 2411 MHz, 41, 11.43 W
1788703211.619069585,0 %, 2411 MHz, 41, 11.43 W
1788703211.719043859,0 %, 2411 MHz, 41, 11.43 W
1788703211.819843523,0 %, 2411 MHz, 41, 11.43 W
1788703211.920202196,0 %, 2411 MHz, 41, 11.43 W
1788703212.021032804,0 %, 2411 MHz, 41, 11.44 W
1788703212.121807028,0 %, 2411 MHz, 41, 11.44 W
1788703212.221823270,0 %, 2411 MHz, 41, 11.44 W
1788703212.322643558,0 %, 2411 MHz, 41, 11.44 W
1788703212.422768408,0 %, 2411 MHz, 41, 11.44 W
1788703212.523334904,0 %, 2411 MHz, 41, 11.43 W
1788703212.623760841,0 %, 2411 MHz, 41, 11.43 W
1788703212.724342522,0 %, 2411 MHz, 41, 11.43 W
1788703212.825131210,0 %, 2411 MHz, 41, 11.43 W
1788703212.925613802,0 %, 2411 MHz, 41, 11.43 W
1788703213.025968188,0 %, 2411 MHz, 41, 11.42 W
1788703213.126542908,0 %, 2411 MHz, 41, 11.42 W
1788703213.227169884,0 %, 2411 MHz, 41, 11.42 W
1788703213.327387934,0 %, 2411 MHz, 41, 11.42 W
1788703213.427817263,0 %, 2411 MHz, 41, 11.42 W
1788703213.527537089,0 %, 2411 MHz, 41, 11.43 W
1788703213.628107794,0 %, 2411 MHz, 41, 11.43 W
1788703213.728236852,0 %, 2411 MHz, 41, 11.43 W
1788703213.828375237,0 %, 2411 MHz, 41, 11.43 W
1788703213.928286792,0 %, 2411 MHz, 41, 11.43 W
1788703214.028486441,0 %, 2411 MHz, 41, 11.46 W
1788703214.128617323,0 %, 2411 MHz, 41, 11.46 W
1788703214.229060267,0 %, 2411 MHz, 41, 11.46 W
1788703214.329335101,0 %, 2411 MHz, 41, 11.46 W
1788703214.429382175,0 %, 2411 MHz, 41, 11.46 W
1788703214.530121983,0 %, 2411 MHz, 41, 11.45 W
1788703214.629968913,0 %, 2411 MHz, 41, 11.45 W
1788703214.730872832,0 %, 2411 MHz, 41, 11.45 W
1788703214.830883602,0 %, 2411 MHz, 41, 11.45 W
1788703214.931004628,0 %, 2411 MHz, 41, 11.45 W
1788703215.031123270,0 %, 2411 MHz, 41, 11.43 W
1788703215.131496551,0 %, 2411 MHz, 41, 11.43 W
1788703215.231446889,0 %, 2411 MHz, 41, 11.43 W
1788703215.331424523,0 %, 2411 MHz, 41, 11.43 W
1788703215.431530044,0 %, 2411 MHz, 41, 11.43 W
1788703215.532525404,0 %, 2411 MHz, 41, 11.44 W
1788703215.632669437,0 %, 2411 MHz, 41, 11.44 W
1788703215.733629836,0 %, 2411 MHz, 41, 11.44 W
1788703215.833443519,0 %, 2411 MHz, 41, 11.44 W
1788703215.933660128,0 %, 2411 MHz, 41, 11.44 W
1788703216.034090817,0 %, 2411 MHz, 41, 11.46 W
1788703216.134468226,0 %, 2411 MHz, 41, 11.46 W
1788703216.234901667,0 %, 2411 MHz, 41, 11.46 W
1788703216.334717477,0 %, 2411 MHz, 41, 11.46 W
1788703216.435093574,0 %, 2411 MHz, 41, 11.46 W
1788703216.535301239,0 %, 2411 MHz, 41, 11.46 W
1788703216.635547240,0 %, 2411 MHz, 41, 11.46 W
1788703216.735878889,0 %, 2411 MHz, 41, 11.46 W
1788703216.835599852,0 %, 2411 MHz, 41, 11.46 W
1788703216.936214300,0 %, 2411 MHz, 41, 11.46 W
1788703217.036917356,0 %, 2411 MHz, 41, 11.44 W
1788703217.136460399,0 %, 2411 MHz, 41, 11.44 W
1788703217.237497182,0 %, 2411 MHz, 41, 11.44 W
1788703217.337496688,0 %, 2411 MHz, 41, 11.44 W
1788703217.437510386,0 %, 2411 MHz, 41, 11.44 W
1788703217.537454500,0 %, 2411 MHz, 41, 11.45 W
1788703217.638121316,0 %, 2411 MHz, 41, 11.45 W
1788703217.738610708,0 %, 2411 MHz, 41, 11.45 W
1788703217.839404884,0 %, 2411 MHz, 41, 11.45 W
1788703217.939264694,0 %, 2411 MHz, 41, 11.45 W
1788703218.039467511,0 %, 2411 MHz, 41, 11.45 W
1788703218.139976824,0 %, 2411 MHz, 41, 11.45 W
1788703218.240777223,0 %, 2411 MHz, 41, 11.45 W
1788703218.341543367,0 %, 2411 MHz, 41, 11.45 W
1788703218.441732152,0 %, 2411 MHz, 41, 11.45 W
1788703218.542732743,0 %, 2411 MHz, 41, 11.44 W
1788703218.643127944,0 %, 2411 MHz, 41, 11.44 W
1788703218.744040711,0 %, 2411 MHz, 41, 11.44 W
1788703218.844423272,0 %, 2411 MHz, 41, 11.44 W
1788703218.944823769,0 %, 2411 MHz, 41, 11.44 W
1788703219.045376521,0 %, 2411 MHz, 41, 11.44 W
1788703219.146166201,0 %, 2411 MHz, 41, 11.44 W
1788703219.246420266,0 %, 2411 MHz, 41, 11.44 W
1788703219.346495995,0 %, 2411 MHz, 41, 11.44 W
1788703219.446823436,0 %, 2411 MHz, 41, 11.44 W
1788703219.547639915,0 %, 2411 MHz, 41, 11.44 W
1788703219.647616557,0 %, 2411 MHz, 41, 11.44 W
1788703219.748593884,0 %, 2411 MHz, 41, 11.44 W
1788703219.848908381,0 %, 2411 MHz, 41, 11.44 W
1788703219.949118174,0 %, 2411 MHz, 41, 11.44 W
1788703220.049332335,0 %, 2411 MHz, 41, 11.43 W
1788703220.149712288,0 %, 2411 MHz, 41, 11.43 W
1788703220.250673167,0 %, 2411 MHz, 41, 11.43 W
1788703220.351470031,0 %, 2411 MHz, 41, 11.43 W
1788703220.451094609,0 %, 2411 MHz, 41, 11.43 W
1788703220.551613794,0 %, 2411 MHz, 41, 11.43 W
1788703220.652387409,0 %, 2411 MHz, 41, 11.43 W
1788703220.753124945,0 %, 2411 MHz, 41, 11.43 W
1788703220.853274002,0 %, 2411 MHz, 41, 11.43 W
1788703220.954314993,0 %, 2411 MHz, 41, 11.43 W
1788703221.054396514,0 %, 2411 MHz, 41, 11.43 W
1788703221.155009250,0 %, 2411 MHz, 41, 11.43 W
1788703221.255332771,0 %, 2411 MHz, 41, 11.43 W
1788703221.355429140,0 %, 2411 MHz, 41, 11.43 W
1788703221.455182471,0 %, 2411 MHz, 41, 11.43 W
1788703221.555713159,0 %, 2411 MHz, 41, 11.41 W
1788703221.655892920,0 %, 2411 MHz, 41, 11.41 W
1788703221.755926474,0 %, 2411 MHz, 41, 11.41 W
1788703221.856061979,0 %, 2411 MHz, 41, 11.41 W
1788703221.956231772,0 %, 2411 MHz, 41, 11.41 W
1788703222.056324333,0 %, 2411 MHz, 41, 11.41 W
1788703222.156408783,0 %, 2411 MHz, 41, 11.41 W
1788703222.257005583,0 %, 2411 MHz, 41, 11.41 W
1788703222.357223647,0 %, 2411 MHz, 41, 11.41 W
1788703222.457258513,0 %, 2411 MHz, 41, 11.41 W
1788703222.557458738,0 %, 2411 MHz, 41, 11.42 W
1788703222.657908194,0 %, 2411 MHz, 41, 11.42 W
1788703222.758053987,0 %, 2411 MHz, 41, 11.42 W
1788703222.858858099,0 %, 2411 MHz, 41, 11.42 W
1788703222.958719573,0 %, 2411 MHz, 41, 11.42 W
1788703223.059423620,0 %, 2411 MHz, 41, 11.43 W
1788703223.159418150,0 %, 2411 MHz, 41, 11.43 W
1788703223.259995782,0 %, 2411 MHz, 41, 11.43 W
1788703223.360186135,0 %, 2411 MHz, 41, 11.43 W
1788703223.460227080,0 %, 2411 MHz, 41, 11.43 W
1788703223.560341802,0 %, 2411 MHz, 41, 11.43 W
1788703223.661237385,0 %, 2411 MHz, 41, 11.43 W
1788703223.761039419,0 %, 2411 MHz, 41, 11.43 W
1788703223.861807434,0 %, 2411 MHz, 41, 11.43 W
1788703223.962340122,0 %, 2411 MHz, 41, 11.43 W
1788703224.062377804,0 %, 2411 MHz, 41, 11.43 W
1788703224.162207885,0 %, 2411 MHz, 41, 11.43 W
1788703224.262758237,0 %, 2411 MHz, 41, 11.43 W
1788703224.363639708,0 %, 2411 MHz, 41, 11.43 W
1788703224.463328127,0 %, 2411 MHz, 41, 11.43 W
1788703224.563571184,0 %, 2411 MHz, 41, 11.42 W
1788703224.663721713,0 %, 2411 MHz, 41, 11.42 W
1788703224.764551376,0 %, 2411 MHz, 41, 11.42 W
1788703224.864999744,0 %, 2411 MHz, 41, 11.42 W
1788703224.965411744,0 %, 2411 MHz, 41, 11.42 W
1788703225.066005440,0 %, 2411 MHz, 41, 11.41 W
1788703225.166414033,0 %, 2411 MHz, 41, 11.41 W
1788703225.266812593,0 %, 2411 MHz, 41, 11.41 W
1788703225.367733600,0 %, 2411 MHz, 41, 11.41 W
1788703225.467908993,0 %, 2411 MHz, 41, 11.41 W
1788703225.568540400,0 %, 2411 MHz, 41, 11.41 W
1788703225.669338720,0 %, 2411 MHz, 41, 11.41 W
1788703225.769550784,0 %, 2411 MHz, 41, 11.41 W
1788703225.869623058,0 %, 2411 MHz, 41, 11.41 W
1788703225.969921394,0 %, 2411 MHz, 41, 11.41 W
1788703226.070498898,0 %, 2411 MHz, 41, 11.41 W
1788703226.170625203,0 %, 2411 MHz, 41, 11.41 W
1788703226.271466114,0 %, 2411 MHz, 41, 11.41 W
1788703226.371561027,0 %, 2411 MHz, 41, 11.41 W
1788703226.471855012,0 %, 2411 MHz, 41, 11.40 W
1788703226.572078357,0 %, 2411 MHz, 41, 11.40 W
1788703226.673017331,0 %, 2411 MHz, 41, 11.40 W
1788703226.773380308,0 %, 2411 MHz, 41, 11.40 W
1788703226.873834036,0 %, 2411 MHz, 41, 11.40 W
1788703226.973984661,0 %, 2411 MHz, 41, 11.40 W
1788703227.074121174,0 %, 2411 MHz, 41, 11.40 W
1788703227.174927781,0 %, 2411 MHz, 41, 11.40 W
1788703227.274808359,0 %, 2411 MHz, 41, 11.40 W
1788703227.375824037,0 %, 2411 MHz, 41, 11.40 W
1788703227.475867014,0 %, 2411 MHz, 41, 11.41 W
1788703227.576738053,0 %, 2411 MHz, 41, 11.41 W
1788703227.677122101,0 %, 2411 MHz, 41, 11.41 W
1788703227.777703637,0 %, 2411 MHz, 41, 11.41 W
1788703227.878332037,0 %, 2411 MHz, 41, 11.41 W
1788703227.978755861,0 %, 2411 MHz, 41, 11.42 W
1788703228.079013893,0 %, 2411 MHz, 41, 11.42 W
1788703228.179839717,0 %, 2411 MHz, 41, 11.42 W
1788703228.279728662,0 %, 2411 MHz, 41, 11.42 W
1788703228.380386054,0 %, 2411 MHz, 41, 11.42 W
1788703228.480275191,0 %, 2411 MHz, 41, 11.41 W
1788703228.580964230,0 %, 2411 MHz, 41, 11.41 W
1788703228.681470838,0 %, 2411 MHz, 41, 11.41 W
1788703228.781575639,0 %, 2411 MHz, 41, 11.41 W
1788703228.881704104,0 %, 2411 MHz, 41, 11.41 W
1788703228.982401768,0 %, 2411 MHz, 41, 11.41 W
1788703229.082383993,0 %, 2411 MHz, 41, 11.41 W
1788703229.182520474,0 %, 2411 MHz, 41, 11.41 W
1788703229.282643851,0 %, 2411 MHz, 41, 11.41 W
1788703229.382817851,0 %, 2411 MHz, 41, 11.41 W
1788703229.482842700,0 %, 2411 MHz, 41, 11.41 W
1788703229.583654219,0 %, 2411 MHz, 41, 11.41 W
1788703229.684050028,0 %, 2411 MHz, 41, 11.41 W
1788703229.784446732,0 %, 2411 MHz, 41, 11.41 W
1788703229.885118603,0 %, 2411 MHz, 41, 11.41 W
1788703229.985386475,0 %, 2411 MHz, 41, 11.40 W
1788703230.086001531,0 %, 2411 MHz, 41, 11.40 W
1788703230.186074812,0 %, 2411 MHz, 41, 11.40 W
1788703230.286893771,0 %, 2411 MHz, 41, 11.40 W
1788703230.387073372,0 %, 2411 MHz, 41, 11.40 W
1788703230.487083261,0 %, 2411 MHz, 41, 11.41 W
1788703230.587264749,0 %, 2411 MHz, 41, 11.41 W
1788703230.688039868,0 %, 2411 MHz, 41, 11.41 W
1788703230.788172093,0 %, 2411 MHz, 41, 11.41 W
1788703230.888965756,0 %, 2411 MHz, 41, 11.41 W
1788703230.989360252,0 %, 2411 MHz, 41, 11.41 W
1788703231.090107547,0 %, 2411 MHz, 41, 11.41 W
1788703231.190520395,0 %, 2411 MHz, 41, 11.41 W
1788703231.291143691,0 %, 2411 MHz, 41, 11.41 W
1788703231.391958842,0 %, 2411 MHz, 41, 11.41 W
1788703231.492129258,0 %, 2411 MHz, 41, 11.41 W
1788703231.593204808,0 %, 2411 MHz, 41, 11.41 W
1788703231.693431577,0 %, 2411 MHz, 41, 11.41 W
1788703231.794083080,0 %, 2411 MHz, 41, 11.41 W
1788703231.894198793,0 %, 2411 MHz, 41, 11.41 W
1788703231.995066392,0 %, 2411 MHz, 41, 11.41 W
1788703232.095089545,0 %, 2411 MHz, 41, 11.41 W
1788703232.195827560,0 %, 2411 MHz, 41, 11.41 W
1788703232.295980312,0 %, 2411 MHz, 41, 11.41 W
1788703232.396924279,0 %, 2411 MHz, 41, 11.41 W
1788703232.496773016,0 %, 2411 MHz, 41, 11.41 W
1788703232.597351528,0 %, 2411 MHz, 41, 11.41 W
1788703232.697466185,0 %, 2411 MHz, 41, 11.41 W
1788703232.798340743,0 %, 2411 MHz, 41, 11.41 W
1788703232.898520264,0 %, 2411 MHz, 41, 11.41 W
1788703232.999085303,0 %, 2411 MHz, 41, 11.43 W
1788703233.099758374,0 %, 2411 MHz, 41, 11.43 W
1788703233.199945959,0 %, 2411 MHz, 41, 11.43 W
1788703233.300246663,0 %, 2411 MHz, 41, 11.43 W
1788703233.401023334,0 %, 2411 MHz, 41, 11.43 W
1788703233.501101271,0 %, 2411 MHz, 41, 11.44 W
1788703233.601383271,0 %, 2411 MHz, 41, 11.44 W
1788703233.702185686,0 %, 2411 MHz, 41, 11.44 W
1788703233.802436582,0 %, 2411 MHz, 41, 11.44 W
1788703233.903218165,0 %, 2411 MHz, 41, 11.44 W
1788703234.003733973,0 %, 2411 MHz, 41, 11.43 W
1788703234.104277412,0 %, 2411 MHz, 41, 11.43 W
1788703234.204378389,0 %, 2411 MHz, 41, 11.43 W
1788703234.305305971,0 %, 2411 MHz, 41, 11.43 W
1788703234.405295012,0 %, 2411 MHz, 41, 11.43 W
1788703234.505672052,0 %, 2411 MHz, 41, 11.42 W
1788703234.605891013,0 %, 2411 MHz, 41, 11.42 W
1788703234.706550564,0 %, 2411 MHz, 41, 11.42 W
1788703234.806668340,0 %, 2411 MHz, 41, 11.42 W
1788703234.907522003,0 %, 2411 MHz, 41, 11.42 W
1788703235.007526052,0 %, 2411 MHz, 41, 11.43 W
1788703235.108273235,0 %, 2411 MHz, 41, 11.43 W
1788703235.208389827,0 %, 2411 MHz, 41, 11.43 W
1788703235.309285778,0 %, 2411 MHz, 41, 11.43 W
1788703235.409313395,0 %, 2411 MHz, 41, 11.43 W
1788703235.509666227,0 %, 2411 MHz, 41, 11.42 W
1788703235.609881475,0 %, 2411 MHz, 41, 11.42 W
1788703235.710455810,0 %, 2411 MHz, 41, 11.42 W
1788703235.811170401,0 %, 2411 MHz, 41, 11.42 W
1788703235.911091602,0 %, 2411 MHz, 41, 11.42 W
1788703236.011252691,0 %, 2411 MHz, 41, 11.42 W
1788703236.111704242,0 %, 2411 MHz, 41, 11.42 W
1788703236.212093538,0 %, 2411 MHz, 41, 11.42 W
1788703236.312524514,0 %, 2411 MHz, 41, 11.42 W
1788703236.413284417,0 %, 2411 MHz, 41, 11.42 W
1788703236.512910034,0 %, 2411 MHz, 41, 11.43 W
1788703236.613817105,0 %, 2411 MHz, 41, 11.43 W
1788703236.713910337,0 %, 2411 MHz, 41, 11.43 W
1788703236.814463537,0 %, 2411 MHz, 41, 11.43 W
1788703236.914678433,0 %, 2411 MHz, 41, 11.43 W
1788703237.014805905,0 %, 2411 MHz, 41, 11.43 W
1788703237.114924226,0 %, 2411 MHz, 41, 11.43 W
1788703237.215723201,0 %, 2411 MHz, 41, 11.43 W
1788703237.315639714,0 %, 2411 MHz, 41, 11.43 W
1788703237.416185585,0 %, 2411 MHz, 41, 11.43 W
1788703237.516081730,0 %, 2411 MHz, 41, 11.43 W
1788703237.616831601,0 %, 2411 MHz, 41, 11.43 W
1788703237.717317904,0 %, 2411 MHz, 41, 11.43 W
1788703237.817291105,0 %, 2411 MHz, 41, 11.43 W
1788703237.917367682,0 %, 2411 MHz, 41, 11.43 W
1788703238.018268560,0 %, 2411 MHz, 41, 11.43 W
1788703238.118724224,0 %, 2411 MHz, 41, 11.43 W
1788703238.219542958,0 %, 2411 MHz, 41, 11.43 W
1788703238.319973406,0 %, 2411 MHz, 41, 11.43 W
1788703238.420502909,0 %, 2411 MHz, 41, 11.43 W
1788703238.520799069,0 %, 2411 MHz, 41, 11.42 W
1788703238.621468412,0 %, 2411 MHz, 41, 11.42 W
1788703238.721902923,0 %, 2411 MHz, 41, 11.42 W
1788703238.822754650,0 %, 2411 MHz, 41, 11.42 W
1788703238.923158169,0 %, 2411 MHz, 41, 11.42 W
1788703239.023569737,0 %, 2411 MHz, 41, 11.43 W
1788703239.123724249,0 %, 2411 MHz, 41, 11.43 W
1788703239.224627240,0 %, 2411 MHz, 41, 11.43 W
1788703239.325221783,0 %, 2411 MHz, 41, 11.43 W
1788703239.425466727,0 %, 2411 MHz, 41, 11.43 W
1788703239.525839366,0 %, 2411 MHz, 41, 11.43 W
1788703239.626386710,0 %, 2411 MHz, 41, 11.43 W
1788703239.726618326,0 %, 2411 MHz, 41, 11.43 W
1788703239.827570644,0 %, 2411 MHz, 41, 11.43 W
1788703239.927793252,0 %, 2411 MHz, 41, 11.43 W
1788703240.028291699,0 %, 2411 MHz, 41, 11.43 W
1788703240.128413555,0 %, 2411 MHz, 41, 11.43 W
1788703240.229384225,0 %, 2411 MHz, 41, 11.43 W
1788703240.329282674,0 %, 2411 MHz, 41, 11.43 W
1788703240.429433891,0 %, 2411 MHz, 41, 11.43 W
1788703240.529558963,0 %, 2411 MHz, 41, 11.42 W
1788703240.630195266,0 %, 2411 MHz, 41, 11.42 W
1788703240.730298050,0 %, 2411 MHz, 41, 11.42 W
1788703240.830813250,0 %, 2411 MHz, 41, 11.42 W
1788703240.931322689,0 %, 2411 MHz, 41, 11.42 W
1788703241.031431233,0 %, 2411 MHz, 41, 11.41 W
1788703241.132139504,0 %, 2411 MHz, 41, 11.41 W
1788703241.232528495,0 %, 2411 MHz, 41, 11.41 W
1788703241.333357918,0 %, 2411 MHz, 41, 11.41 W
1788703241.433743197,0 %, 2411 MHz, 41, 11.41 W
1788703241.534122445,0 %, 2411 MHz, 41, 11.42 W
1788703241.634527404,0 %, 2411 MHz, 41, 11.42 W
1788703241.735213611,0 %, 2411 MHz, 41, 11.42 W
1788703241.835579291,0 %, 2411 MHz, 41, 11.42 W
1788703241.936526713,0 %, 2411 MHz, 41, 11.42 W
1788703242.036726281,0 %, 2411 MHz, 41, 11.41 W
1788703242.137007736,0 %, 2411 MHz, 41, 11.41 W
1788703242.237551799,0 %, 2411 MHz, 41, 11.41 W
1788703242.338382806,0 %, 2411 MHz, 41, 11.41 W
1788703242.438723029,0 %, 2411 MHz, 41, 11.41 W
1788703242.538943861,0 %, 2411 MHz, 41, 11.42 W
1788703242.639463988,0 %, 2411 MHz, 41, 11.42 W
1788703242.740286723,0 %, 2411 MHz, 41, 11.42 W
1788703242.840334771,0 %, 2411 MHz, 41, 11.42 W
1788703242.941018546,0 %, 2411 MHz, 41, 11.42 W
1788703243.041187250,0 %, 2411 MHz, 41, 11.42 W
1788703243.141948368,0 %, 2411 MHz, 41, 11.42 W
1788703243.242064897,0 %, 2411 MHz, 41, 11.42 W
1788703243.342372416,0 %, 2411 MHz, 41, 11.42 W
1788703243.442631328,0 %, 2411 MHz, 41, 11.42 W
1788703243.542617649,0 %, 2411 MHz, 41, 11.41 W
1788703243.642856848,0 %, 2411 MHz, 41, 11.41 W
1788703243.742961473,0 %, 2411 MHz, 41, 11.41 W
1788703243.842885809,0 %, 2411 MHz, 41, 11.41 W
1788703243.943175937,0 %, 2411 MHz, 41, 11.41 W
1788703244.043385409,0 %, 2411 MHz, 41, 11.44 W
1788703244.143496257,0 %, 2411 MHz, 41, 11.44 W
1788703244.243270562,0 %, 2411 MHz, 41, 11.44 W
1788703244.344213344,0 %, 2411 MHz, 41, 11.44 W
1788703244.444449424,0 %, 2411 MHz, 41, 11.44 W
1788703244.544773215,0 %, 2411 MHz, 41, 11.44 W
1788703244.644948799,0 %, 2411 MHz, 41, 11.44 W
1788703244.745386351,0 %, 2411 MHz, 41, 11.44 W
1788703244.845532223,0 %, 2411 MHz, 41, 11.44 W
1788703244.946514364,0 %, 2411 MHz, 41, 11.44 W
1788703245.047120587,0 %, 2411 MHz, 41, 11.41 W
1788703245.147628538,0 %, 2411 MHz, 41, 11.41 W
1788703245.248050649,0 %, 2411 MHz, 41, 11.41 W
1788703245.348390217,0 %, 2411 MHz, 41, 11.41 W
1788703245.449366999,0 %, 2411 MHz, 41, 11.41 W
1788703245.548862776,0 %, 2411 MHz, 41, 11.41 W
1788703245.649461447,0 %, 2411 MHz, 41, 11.41 W
1788703245.750020342,0 %, 2411 MHz, 41, 11.41 W
1788703245.850211830,0 %, 2411 MHz, 41, 11.41 W
1788703245.950347494,0 %, 2411 MHz, 41, 11.41 W
1788703246.050291014,0 %, 2411 MHz, 41, 11.42 W
1788703246.150708102,0 %, 2411 MHz, 41, 11.42 W
1788703246.250893941,0 %, 2411 MHz, 41, 11.42 W
1788703246.350915302,0 %, 2411 MHz, 41, 11.42 W
1788703246.451237829,0 %, 2411 MHz, 41, 11.42 W
1788703246.551260886,0 %, 2411 MHz, 41, 11.41 W
1788703246.651923620,0 %, 2411 MHz, 41, 11.41 W
1788703246.752546915,0 %, 2411 MHz, 41, 11.41 W
1788703246.852949986,0 %, 2411 MHz, 41, 11.41 W
1788703246.953694496,0 %, 2411 MHz, 41, 11.41 W
1788703247.053320706,0 %, 2411 MHz, 41, 11.40 W
1788703247.154131632,0 %, 2411 MHz, 41, 11.40 W
1788703247.254000640,0 %, 2411 MHz, 41, 11.40 W
1788703247.354070193,0 %, 2411 MHz, 41, 11.40 W
1788703247.454422880,0 %, 2411 MHz, 41, 11.40 W
1788703247.554989903,0 %, 2411 MHz, 41, 11.40 W
1788703247.655423982,0 %, 2411 MHz, 41, 11.40 W
1788703247.756126188,0 %, 2411 MHz, 41, 11.40 W
1788703247.856625739,0 %, 2411 MHz, 41, 11.40 W
1788703247.957002522,0 %, 2411 MHz, 41, 11.40 W
1788703248.057821736,0 %, 2411 MHz, 41, 11.41 W
1788703248.157843321,0 %, 2411 MHz, 41, 11.41 W
1788703248.258570967,0 %, 2411 MHz, 41, 11.41 W
1788703248.358881974,0 %, 2411 MHz, 41, 11.41 W
1788703248.458987622,0 %, 2411 MHz, 41, 11.41 W
1788703248.559272166,0 %, 2411 MHz, 41, 11.41 W
1788703248.660302723,0 %, 2411 MHz, 41, 11.41 W
1788703248.761066065,0 %, 2411 MHz, 41, 11.41 W
1788703248.861629792,0 %, 2411 MHz, 41, 11.41 W
1788703248.962208079,0 %, 2411 MHz, 41, 11.41 W
1788703249.062673694,0 %, 2411 MHz, 41, 11.40 W
1788703249.163291324,0 %, 2411 MHz, 41, 11.40 W
1788703249.264209434,0 %, 2411 MHz, 41, 11.40 W
1788703249.364014219,0 %, 2411 MHz, 41, 11.40 W
1788703249.464697913,0 %, 2411 MHz, 41, 11.40 W
1788703249.564689529,0 %, 2411 MHz, 41, 11.40 W
1788703249.665907622,0 %, 2411 MHz, 41, 11.40 W
1788703249.766274821,0 %, 2411 MHz, 41, 11.40 W
1788703249.866876356,0 %, 2411 MHz, 41, 11.40 W
1788703249.967513922,0 %, 2411 MHz, 41, 11.40 W
1788703250.068493872,0 %, 2411 MHz, 41, 11.41 W
1788703250.168898943,0 %, 2411 MHz, 41, 11.41 W
1788703250.269272302,0 %, 2411 MHz, 41, 11.41 W
1788703250.369529613,0 %, 2411 MHz, 41, 11.41 W
1788703250.470222076,0 %, 2411 MHz, 41, 11.42 W
1788703250.570619915,0 %, 2411 MHz, 41, 11.42 W
1788703250.671192857,0 %, 2411 MHz, 41, 11.42 W
1788703250.771997751,0 %, 2411 MHz, 41, 11.42 W
1788703250.872415494,0 %, 2411 MHz, 41, 11.42 W
1788703250.973161604,0 %, 2411 MHz, 41, 11.41 W
1788703251.073431700,0 %, 2411 MHz, 41, 11.41 W
1788703251.174063826,0 %, 2411 MHz, 41, 11.41 W
1788703251.274294370,0 %, 2411 MHz, 41, 11.41 W
1788703251.374235298,0 %, 2411 MHz, 41, 11.41 W
1788703251.475458575,0 %, 2411 MHz, 41, 11.41 W
1788703251.575395919,0 %, 2411 MHz, 41, 11.41 W
1788703251.676569932,0 %, 2411 MHz, 41, 11.41 W
1788703251.776753163,0 %, 2411 MHz, 41, 11.41 W
1788703251.877497129,0 %, 2411 MHz, 41, 11.41 W
1788703251.978227127,0 %, 2411 MHz, 41, 11.42 W
1788703252.078625270,0 %, 2411 MHz, 41, 11.42 W
1788703252.179209749,0 %, 2411 MHz, 41, 11.42 W
1788703252.279948611,0 %, 2411 MHz, 41, 11.42 W
1788703252.379846339,0 %, 2411 MHz, 41, 11.42 W
1788703252.480451810,0 %, 2411 MHz, 41, 11.41 W
1788703252.580420274,0 %, 2411 MHz, 41, 11.41 W
1788703252.681299696,0 %, 2411 MHz, 41, 11.41 W
1788703252.782056942,0 %, 2411 MHz, 41, 11.41 W
1788703252.882459485,0 %, 2411 MHz, 41, 11.41 W
1788703252.983167771,0 %, 2411 MHz, 41, 11.41 W
1788703253.083536106,0 %, 2411 MHz, 41, 11.41 W
1788703253.183700089,0 %, 2411 MHz, 41, 11.41 W
1788703253.284094184,0 %, 2411 MHz, 41, 11.41 W
1788703253.384897286,0 %, 2411 MHz, 41, 11.41 W
1788703253.485056053,0 %, 2411 MHz, 41, 11.42 W
1788703253.585884275,0 %, 2411 MHz, 41, 11.42 W
1788703253.685810291,0 %, 2411 MHz, 41, 11.42 W
1788703253.786186322,0 %, 2411 MHz, 41, 11.42 W
1788703253.886789857,0 %, 2411 MHz, 41, 11.42 W
1788703253.987101248,0 %, 2411 MHz, 41, 11.44 W
1788703254.087525631,0 %, 2411 MHz, 41, 11.44 W
1788703254.187791790,0 %, 2411 MHz, 41, 11.44 W
1788703254.287906766,0 %, 2411 MHz, 41, 11.44 W
1788703254.388103581,0 %, 2411 MHz, 41, 11.44 W
1788703254.488202941,0 %, 2411 MHz, 41, 11.44 W
1788703254.588916459,0 %, 2411 MHz, 41, 11.44 W
1788703254.689538793,0 %, 2411 MHz, 41, 11.44 W
1788703254.790335111,0 %, 2411 MHz, 41, 11.44 W
1788703254.890694534,0 %, 2411 MHz, 41, 11.44 W
1788703254.991718595,0 %, 2411 MHz, 41, 11.43 W
1788703255.092229729,0 %, 2411 MHz, 41, 11.43 W
1788703255.192465009,0 %, 2411 MHz, 41, 11.43 W
1788703255.293302318,0 %, 2411 MHz, 41, 11.43 W
1788703255.393735853,0 %, 2411 MHz, 41, 11.43 W
1788703255.494065148,0 %, 2411 MHz, 41, 11.43 W
1788703255.594765866,0 %, 2411 MHz, 41, 11.43 W
1788703255.695207065,0 %, 2411 MHz, 41, 11.43 W
1788703255.795602696,0 %, 2411 MHz, 41, 11.43 W
1788703255.895629527,0 %, 2411 MHz, 41, 11.43 W
1788703255.996147814,0 %, 2411 MHz, 41, 11.43 W
1788703256.096922708,0 %, 2411 MHz, 41, 11.43 W
1788703256.197279715,0 %, 2411 MHz, 41, 11.43 W
1788703256.297558162,0 %, 2411 MHz, 41, 11.43 W
1788703256.397704673,0 %, 2411 MHz, 41, 11.43 W
1788703256.498807710,0 %, 2411 MHz, 41, 11.44 W
1788703256.598801438,0 %, 2411 MHz, 41, 11.44 W
1788703256.699346284,0 %, 2411 MHz, 41, 11.44 W
1788703256.800170762,0 %, 2411 MHz, 41, 11.44 W
1788703256.900514793,0 %, 2411 MHz, 41, 11.44 W
1788703257.000918711,0 %, 2411 MHz, 41, 11.44 W
1788703257.101623381,0 %, 2411 MHz, 41, 11.44 W
1788703257.202170676,0 %, 2411 MHz, 41, 11.44 W
1788703257.302614946,0 %, 2411 MHz, 41, 11.44 W
1788703257.402738962,0 %, 2411 MHz, 41, 11.44 W
1788703257.502494626,0 %, 2411 MHz, 41, 11.44 W
1788703257.602694881,0 %, 2411 MHz, 41, 11.44 W
1788703257.703643647,0 %, 2411 MHz, 41, 11.44 W
1788703257.803978606,0 %, 2411 MHz, 41, 11.44 W
1788703257.904270829,0 %, 2411 MHz, 41, 11.44 W
1788703258.005213050,0 %, 2411 MHz, 41, 11.44 W
1788703258.105469545,0 %, 2411 MHz, 41, 11.44 W
1788703258.205454329,0 %, 2411 MHz, 41, 11.44 W
1788703258.306297014,0 %, 2411 MHz, 41, 11.44 W
1788703258.407163636,0 %, 2411 MHz, 41, 11.44 W
1788703258.507556530,0 %, 2411 MHz, 41, 11.45 W
1788703258.607395554,0 %, 2411 MHz, 41, 11.45 W
1788703258.708768958,0 %, 2411 MHz, 41, 11.45 W
1788703258.809107613,0 %, 2411 MHz, 41, 11.45 W
1788703258.909571916,0 %, 2411 MHz, 41, 11.45 W
1788703259.010327049,0 %, 2411 MHz, 41, 11.44 W
1788703259.110579769,0 %, 2411 MHz, 41, 11.44 W
1788703259.211160103,0 %, 2411 MHz, 41, 11.44 W
1788703259.311913364,0 %, 2411 MHz, 41, 11.44 W
1788703259.412372227,0 %, 2411 MHz, 41, 11.44 W
1788703259.513163760,0 %, 2411 MHz, 41, 11.44 W
1788703259.613292560,0 %, 2411 MHz, 41, 11.44 W
1788703259.713949902,0 %, 2411 MHz, 41, 11.44 W
1788703259.814754363,0 %, 2411 MHz, 41, 11.44 W
1788703259.915162106,0 %, 2411 MHz, 41, 11.44 W
1788703260.015570568,0 %, 2411 MHz, 41, 11.44 W
1788703260.116332694,0 %, 2411 MHz, 41, 11.44 W
1788703260.216696708,0 %, 2411 MHz, 41, 11.44 W
1788703260.317069987,0 %, 2411 MHz, 41, 11.44 W
1788703260.417918017,0 %, 2411 MHz, 41, 11.44 W
1788703260.518377839,0 %, 2411 MHz, 41, 11.45 W
1788703260.619266364,0 %, 2411 MHz, 41, 11.45 W
1788703260.719568059,0 %, 2411 MHz, 41, 11.45 W
1788703260.819556651,0 %, 2411 MHz, 41, 11.45 W
1788703260.919831978,0 %, 2411 MHz, 41, 11.45 W
1788703261.020512455,0 %, 2411 MHz, 41, 11.45 W
1788703261.121407029,0 %, 2411 MHz, 41, 11.45 W
1788703261.221834899,0 %, 2411 MHz, 41, 11.45 W
1788703261.322622464,0 %, 2411 MHz, 41, 11.45 W
1788703261.422839231,0 %, 2411 MHz, 41, 11.45 W
1788703261.523345982,0 %, 2411 MHz, 41, 11.43 W
1788703261.623837100,0 %, 2411 MHz, 41, 11.43 W
1788703261.724581866,0 %, 2411 MHz, 41, 11.43 W
1788703261.824590937,0 %, 2411 MHz, 41, 11.43 W
1788703261.924844360,0 %, 2411 MHz, 41, 11.43 W
1788703262.026010437,0 %, 2411 MHz, 41, 11.42 W
1788703262.125979524,0 %, 2411 MHz, 41, 11.42 W
1788703262.226345347,0 %, 2411 MHz, 41, 11.42 W
1788703262.327678255,0 %, 2411 MHz, 41, 11.42 W
1788703262.428085693,0 %, 2411 MHz, 41, 11.42 W
1788703262.528941706,0 %, 2411 MHz, 41, 11.43 W
1788703262.629274297,0 %, 2411 MHz, 41, 11.43 W
1788703262.729906951,0 %, 2411 MHz, 41, 11.43 W
1788703262.830588373,0 %, 2411 MHz, 41, 11.43 W
1788703262.931235538,0 %, 2411 MHz, 41, 11.43 W
1788703263.031687985,0 %, 2411 MHz, 41, 11.42 W
1788703263.131799792,0 %, 2411 MHz, 41, 11.42 W
1788703263.232422190,0 %, 2411 MHz, 41, 11.42 W
1788703263.332718812,0 %, 2411 MHz, 41, 11.42 W
1788703263.433535626,0 %, 2411 MHz, 41, 11.42 W
1788703263.533413818,0 %, 2411 MHz, 41, 11.42 W
1788703263.634110407,0 %, 2411 MHz, 41, 11.42 W
1788703263.734255814,0 %, 2411 MHz, 41, 11.42 W
1788703263.835070340,0 %, 2411 MHz, 41, 11.42 W
1788703263.935665282,0 %, 2411 MHz, 41, 11.42 W
1788703264.036030816,0 %, 2411 MHz, 41, 11.42 W
1788703264.136856173,0 %, 2411 MHz, 41, 11.42 W
1788703264.237251052,0 %, 2411 MHz, 41, 11.42 W
1788703264.337680794,0 %, 2411 MHz, 41, 11.42 W
1788703264.438548519,0 %, 2411 MHz, 41, 11.42 W
1788703264.538783318,0 %, 2411 MHz, 41, 11.42 W
1788703264.639228388,0 %, 2411 MHz, 41, 11.42 W
1788703264.740045537,0 %, 2411 MHz, 41, 11.42 W
1788703264.840417920,0 %, 2411 MHz, 41, 11.42 W
1788703264.940864398,0 %, 2411 MHz, 41, 11.42 W
1788703265.041603419,0 %, 2411 MHz, 41, 11.41 W
1788703265.142206121,0 %, 2411 MHz, 41, 11.41 W
1788703265.242397784,0 %, 2411 MHz, 41, 11.41 W
1788703265.343162582,0 %, 2411 MHz, 41, 11.41 W
1788703265.443698724,0 %, 2411 MHz, 41, 11.41 W
1788703265.543889906,0 %, 2411 MHz, 41, 11.41 W
1788703265.644842495,0 %, 2411 MHz, 41, 11.41 W
1788703265.744798991,0 %, 2411 MHz, 41, 11.41 W
1788703265.844873294,0 %, 2411 MHz, 41, 11.41 W
1788703265.944546542,0 %, 2411 MHz, 41, 11.41 W
1788703266.045684043,0 %, 2411 MHz, 41, 11.42 W
1788703266.146787543,0 %, 2411 MHz, 41, 11.42 W
1788703266.247346277,0 %, 2411 MHz, 41, 11.42 W
1788703266.348062066,0 %, 2411 MHz, 41, 11.42 W
1788703266.448497488,0 %, 2411 MHz, 41, 11.42 W
1788703266.548838879,0 %, 2411 MHz, 41, 11.43 W
1788703266.649589116,0 %, 2411 MHz, 41, 11.43 W
1788703266.750001354,0 %, 2411 MHz, 41, 11.43 W
1788703266.850946023,0 %, 2411 MHz, 41, 11.43 W
1788703266.951474069,0 %, 2411 MHz, 41, 11.43 W
1788703267.052356146,0 %, 2411 MHz, 41, 11.41 W
1788703267.152810320,0 %, 2411 MHz, 41, 11.41 W
1788703267.253729965,0 %, 2411 MHz, 41, 11.41 W
1788703267.353970140,0 %, 2411 MHz, 41, 11.41 W
1788703267.454178426,0 %, 2411 MHz, 41, 11.41 W
1788703267.554769096,0 %, 2411 MHz, 41, 11.41 W
1788703267.655454406,0 %, 2411 MHz, 41, 11.41 W
1788703267.755848500,0 %, 2411 MHz, 41, 11.41 W
1788703267.856270658,0 %, 2411 MHz, 41, 11.41 W
1788703267.957049327,0 %, 2411 MHz, 41, 11.41 W
1788703268.057506157,0 %, 2411 MHz, 41, 11.42 W
1788703268.158300106,0 %, 2411 MHz, 41, 11.42 W
1788703268.258588601,0 %, 2411 MHz, 41, 11.42 W
1788703268.358807128,0 %, 2411 MHz, 41, 11.42 W
1788703268.459276070,0 %, 2411 MHz, 41, 11.42 W
1788703268.559793235,0 %, 2411 MHz, 41, 11.42 W
1788703268.660430017,0 %, 2411 MHz, 41, 11.42 W
1788703268.760807295,0 %, 2411 MHz, 41, 11.42 W
1788703268.861646140,0 %, 2411 MHz, 41, 11.42 W
1788703268.962080394,0 %, 2411 MHz, 41, 11.42 W
1788703269.062443625,0 %, 2411 MHz, 41, 11.42 W
1788703269.163338037,0 %, 2411 MHz, 41, 11.42 W
1788703269.263809139,0 %, 2411 MHz, 41, 11.42 W
1788703269.364951695,0 %, 2411 MHz, 41, 11.42 W
1788703269.464990271,0 %, 2411 MHz, 41, 11.42 W
1788703269.565490876,0 %, 2411 MHz, 41, 11.41 W
1788703269.666101994,0 %, 2411 MHz, 41, 11.41 W
1788703269.766709960,0 %, 2411 MHz, 41, 11.41 W
1788703269.867384549,0 %, 2411 MHz, 41, 11.41 W
1788703269.967612868,0 %, 2411 MHz, 41, 11.41 W
1788703270.068106017,0 %, 2411 MHz, 41, 11.42 W
1788703270.168941582,0 %, 2411 MHz, 41, 11.42 W
1788703270.269250365,0 %, 2411 MHz, 41, 11.42 W
1788703270.369278236,0 %, 2411 MHz, 41, 11.42 W
1788703270.470151257,0 %, 2411 MHz, 41, 11.42 W
1788703270.570210232,0 %, 2411 MHz, 41, 11.43 W
1788703270.671048789,0 %, 2411 MHz, 41, 11.43 W
1788703270.771610402,0 %, 2411 MHz, 41, 11.43 W
1788703270.872343775,0 %, 2411 MHz, 41, 11.43 W
1788703270.972887453,0 %, 2411 MHz, 41, 11.42 W
1788703271.073732154,0 %, 2411 MHz, 41, 11.42 W
1788703271.174213816,0 %, 2411 MHz, 41, 11.42 W
1788703271.274641926,0 %, 2411 MHz, 41, 11.42 W
1788703271.374788900,0 %, 2411 MHz, 41, 11.42 W
1788703271.475709473,0 %, 2411 MHz, 41, 11.41 W
1788703271.575710208,0 %, 2411 MHz, 41, 11.41 W
1788703271.676334398,0 %, 2411 MHz, 41, 11.41 W
1788703271.777046683,0 %, 2411 MHz, 41, 11.41 W
1788703271.877361385,0 %, 2411 MHz, 41, 11.41 W
1788703271.977839319,0 %, 2411 MHz, 41, 11.41 W
1788703272.078883395,0 %, 2411 MHz, 41, 11.41 W
1788703272.178653043,0 %, 2411 MHz, 41, 11.41 W
1788703272.279184721,0 %, 2411 MHz, 41, 11.41 W
1788703272.379392703,0 %, 2411 MHz, 41, 11.41 W
1788703272.480441227,0 %, 2411 MHz, 41, 11.43 W
1788703272.580429530,0 %, 2411 MHz, 41, 11.43 W
1788703272.681110872,0 %, 2411 MHz, 41, 11.43 W
1788703272.781997732,0 %, 2411 MHz, 41, 11.43 W
1788703272.882531410,0 %, 2411 MHz, 41, 11.43 W
1788703272.983251695,0 %, 2411 MHz, 41, 11.43 W
1788703273.083761005,0 %, 2411 MHz, 41, 11.43 W
1788703273.183735596,0 %, 2411 MHz, 41, 11.43 W
1788703273.284285785,0 %, 2411 MHz, 41, 11.43 W
1788703273.384701383,0 %, 2411 MHz, 41, 11.43 W
1788703273.485286197,0 %, 2411 MHz, 41, 11.42 W
1788703273.585227268,0 %, 2411 MHz, 41, 11.42 W
1788703273.685874353,0 %, 2411 MHz, 41, 11.42 W
1788703273.786676958,0 %, 2411 MHz, 41, 11.42 W
1788703273.887016108,0 %, 2411 MHz, 41, 11.42 W
1788703273.987458042,0 %, 2411 MHz, 41, 11.43 W
1788703274.087907864,0 %, 2411 MHz, 41, 11.43 W
1788703274.188076982,0 %, 2411 MHz, 41, 11.43 W
1788703274.288170613,0 %, 2411 MHz, 41, 11.43 W
1788703274.388595363,0 %, 2411 MHz, 41, 11.43 W
1788703274.488962193,0 %, 2411 MHz, 41, 11.47 W
1788703274.588892464,0 %, 2411 MHz, 41, 11.47 W
1788703274.689730269,0 %, 2411 MHz, 41, 11.47 W
1788703274.790281706,0 %, 2411 MHz, 41, 11.47 W
1788703274.890536233,0 %, 2411 MHz, 41, 11.47 W
1788703274.991549061,0 %, 2411 MHz, 41, 11.47 W
1788703275.091724323,0 %, 2411 MHz, 41, 11.47 W
1788703275.192552832,0 %, 2411 MHz, 41, 11.47 W
1788703275.292933982,0 %, 2411 MHz, 41, 11.47 W
1788703275.392750877,0 %, 2411 MHz, 41, 11.47 W
1788703275.493614474,0 %, 2411 MHz, 41, 11.44 W
1788703275.593930104,0 %, 2411 MHz, 41, 11.44 W
1788703275.694671317,0 %, 2411 MHz, 41, 11.44 W
1788703275.794614964,0 %, 2411 MHz, 41, 11.44 W
1788703275.895169826,0 %, 2411 MHz, 41, 11.44 W
1788703275.995983934,0 %, 2411 MHz, 41, 11.44 W
1788703276.096323852,0 %, 2411 MHz, 41, 11.44 W
1788703276.196831274,0 %, 2411 MHz, 41, 11.44 W
1788703276.297578327,0 %, 2411 MHz, 41, 11.44 W
1788703276.397243734,0 %, 2411 MHz, 41, 11.44 W
1788703276.498225123,0 %, 2411 MHz, 41, 11.45 W
1788703276.598349889,0 %, 2411 MHz, 41, 11.45 W
1788703276.699294974,0 %, 2411 MHz, 41, 11.45 W
1788703276.799698331,0 %, 2411 MHz, 41, 11.45 W
1788703276.899809002,0 %, 2411 MHz, 41, 11.45 W
1788703277.000496903,0 %, 2411 MHz, 41, 11.43 W
1788703277.100637173,0 %, 2411 MHz, 41, 11.43 W
1788703277.201368114,0 %, 2411 MHz, 41, 11.43 W
1788703277.301668928,0 %, 2411 MHz, 41, 11.43 W
1788703277.402057198,0 %, 2411 MHz, 41, 11.43 W
1788703277.502369500,0 %, 2411 MHz, 41, 11.41 W
1788703277.602771418,0 %, 2411 MHz, 41, 11.41 W
1788703277.703436119,0 %, 2411 MHz, 41, 11.41 W
1788703277.803825861,0 %, 2411 MHz, 41, 11.41 W
1788703277.904749345,0 %, 2411 MHz, 41, 11.41 W
1788703278.004869120,0 %, 2411 MHz, 41, 11.43 W
1788703278.105498093,0 %, 2411 MHz, 41, 11.43 W
1788703278.206291961,0 %, 2411 MHz, 41, 11.43 W
1788703278.306458088,0 %, 2411 MHz, 41, 11.43 W
1788703278.406331639,0 %, 2411 MHz, 41, 11.43 W
1788703278.507273699,0 %, 2411 MHz, 41, 11.43 W
1788703278.607574065,0 %, 2411 MHz, 41, 11.43 W
1788703278.708310910,0 %, 2411 MHz, 41, 11.43 W
1788703278.808604348,0 %, 2411 MHz, 41, 11.43 W
1788703278.909519960,0 %, 2411 MHz, 41, 11.43 W
1788703279.010022294,0 %, 2411 MHz, 41, 11.43 W
1788703279.110406051,0 %, 2411 MHz, 41, 11.43 W
1788703279.211168000,0 %, 2411 MHz, 41, 11.43 W
1788703279.311762957,0 %, 2411 MHz, 41, 11.43 W
1788703279.411718380,0 %, 2411 MHz, 41, 11.43 W
1788703279.513002471,0 %, 2411 MHz, 41, 11.42 W
1788703279.612946630,0 %, 2411 MHz, 41, 11.42 W
1788703279.713534083,0 %, 2411 MHz, 41, 11.42 W
1788703279.814262864,0 %, 2411 MHz, 41, 11.42 W
1788703279.914825629,0 %, 2411 MHz, 41, 11.42 W
1788703280.015716234,0 %, 2411 MHz, 41, 11.42 W
1788703280.115886824,0 %, 2411 MHz, 41, 11.42 W
1788703280.216928372,0 %, 2411 MHz, 41, 11.42 W
1788703280.317338481,0 %, 2411 MHz, 41, 11.42 W
1788703280.417630591,0 %, 2411 MHz, 41, 11.42 W
1788703280.518369804,0 %, 2411 MHz, 41, 11.43 W
1788703280.618275483,0 %, 2411 MHz, 41, 11.43 W
1788703280.718385753,0 %, 2411 MHz, 41, 11.43 W
1788703280.819360709,0 %, 2411 MHz, 41, 11.43 W
1788703280.920319218,0 %, 2411 MHz, 41, 11.43 W
1788703281.020712639,0 %, 2411 MHz, 41, 11.43 W
1788703281.121532860,0 %, 2411 MHz, 41, 11.43 W
1788703281.221699658,0 %, 2411 MHz, 41, 11.43 W
1788703281.322276919,0 %, 2411 MHz, 41, 11.43 W
1788703281.422833700,0 %, 2411 MHz, 41, 11.43 W
1788703281.523654560,0 %, 2411 MHz, 41, 11.43 W
1788703281.623899166,0 %, 2411 MHz, 41, 11.43 W
1788703281.724325052,0 %, 2411 MHz, 41, 11.43 W
1788703281.825092745,0 %, 2411 MHz, 41, 11.43 W
1788703281.925371703,0 %, 2411 MHz, 41, 11.43 W
1788703282.026214499,0 %, 2411 MHz, 41, 11.43 W
1788703282.126525841,0 %, 2411 MHz, 41, 11.43 W
1788703282.226754543,0 %, 2411 MHz, 41, 11.43 W
1788703282.327129404,0 %, 2411 MHz, 41, 11.43 W
1788703282.427223691,0 %, 2411 MHz, 41, 11.43 W
1788703282.527624920,0 %, 2411 MHz, 41, 11.43 W
1788703282.627550151,0 %, 2411 MHz, 41, 11.43 W
1788703282.728649987,0 %, 2411 MHz, 41, 11.43 W
1788703282.829199776,0 %, 2411 MHz, 41, 11.43 W
1788703282.930096716,0 %, 2411 MHz, 41, 11.43 W
1788703283.030501401,0 %, 2411 MHz, 41, 11.43 W
1788703283.130715607,0 %, 2411 MHz, 41, 11.43 W
1788703283.231497828,0 %, 2411 MHz, 41, 11.43 W
1788703283.331892081,0 %, 2411 MHz, 41, 11.43 W
1788703283.432536958,0 %, 2411 MHz, 41, 11.43 W
1788703283.533329435,0 %, 2411 MHz, 41, 11.42 W
1788703283.633334393,0 %, 2411 MHz, 41, 11.42 W
1788703283.733648711,0 %, 2411 MHz, 41, 11.42 W
1788703283.834180836,0 %, 2411 MHz, 41, 11.42 W
1788703283.934364514,0 %, 2411 MHz, 41, 11.42 W
1788703284.035091455,0 %, 2411 MHz, 41, 11.42 W
1788703284.135556188,0 %, 2411 MHz, 41, 11.42 W
1788703284.236145945,0 %, 2411 MHz, 41, 11.42 W
1788703284.336558582,0 %, 2411 MHz, 41, 11.42 W
1788703284.437316579,0 %, 2411 MHz, 41, 11.42 W
1788703284.537200369,0 %, 2411 MHz, 41, 11.41 W
1788703284.637417007,0 %, 2411 MHz, 41, 11.41 W
1788703284.738282636,0 %, 2411 MHz, 41, 11.41 W
1788703284.838464970,0 %, 2411 MHz, 41, 11.41 W
1788703284.939294870,0 %, 2411 MHz, 41, 11.41 W
1788703285.039873123,0 %, 2411 MHz, 41, 11.40 W
1788703285.140182465,0 %, 2411 MHz, 41, 11.40 W
1788703285.241041389,0 %, 2411 MHz, 41, 11.40 W
1788703285.341156571,0 %, 2411 MHz, 41, 11.40 W
1788703285.441776344,0 %, 2411 MHz, 41, 11.40 W
1788703285.542022421,0 %, 2411 MHz, 41, 11.40 W
1788703285.642631442,0 %, 2411 MHz, 41, 11.40 W
1788703285.742927568,0 %, 2411 MHz, 41, 11.40 W
1788703285.843290909,0 %, 2411 MHz, 41, 11.40 W
1788703285.944359417,0 %, 2411 MHz, 41, 11.40 W
1788703286.044603271,0 %, 2411 MHz, 41, 11.41 W
1788703286.144874628,0 %, 2411 MHz, 41, 11.41 W
1788703286.245661681,0 %, 2411 MHz, 41, 11.41 W
1788703286.345994798,0 %, 2411 MHz, 41, 11.41 W
1788703286.446710395,0 %, 2411 MHz, 41, 11.41 W
1788703286.547050824,0 %, 2411 MHz, 41, 11.41 W
1788703286.647283510,0 %, 2411 MHz, 41, 11.41 W
1788703286.747813875,0 %, 2411 MHz, 41, 11.41 W
1788703286.848175216,0 %, 2411 MHz, 41, 11.41 W
1788703286.949168684,0 %, 2411 MHz, 41, 11.41 W
1788703287.049221595,0 %, 2411 MHz, 41, 11.40 W
1788703287.149355144,0 %, 2411 MHz, 41, 11.40 W
1788703287.249875477,0 %, 2411 MHz, 41, 11.40 W
1788703287.350707842,0 %, 2411 MHz, 41, 11.40 W
1788703287.450860928,0 %, 2411 MHz, 41, 11.40 W
1788703287.551557708,0 %, 2411 MHz, 41, 11.41 W
1788703287.651669226,0 %, 2411 MHz, 41, 11.41 W
1788703287.752726070,0 %, 2411 MHz, 41, 11.41 W
1788703287.853096963,0 %, 2411 MHz, 41, 11.41 W
1788703287.953370481,0 %, 2411 MHz, 41, 11.41 W
1788703288.053572223,0 %, 2411 MHz, 41, 11.42 W
1788703288.154588426,0 %, 2411 MHz, 41, 11.42 W
1788703288.254783992,0 %, 2411 MHz, 41, 11.42 W
1788703288.355305669,0 %, 2411 MHz, 41, 11.42 W
1788703288.456291936,0 %, 2411 MHz, 41, 11.42 W
1788703288.556642014,0 %, 2411 MHz, 41, 11.43 W
1788703288.656890364,0 %, 2411 MHz, 41, 11.43 W
1788703288.757524952,0 %, 2411 MHz, 41, 11.43 W
1788703288.858003221,0 %, 2411 MHz, 41, 11.43 W
1788703288.958100035,0 %, 2411 MHz, 41, 11.43 W
1788703289.058462097,0 %, 2411 MHz, 41, 11.44 W
1788703289.159386700,0 %, 2411 MHz, 41, 11.44 W
1788703289.259639402,0 %, 2411 MHz, 41, 11.44 W
1788703289.359830248,0 %, 2411 MHz, 41, 11.44 W
1788703289.460313429,0 %, 2411 MHz, 41, 11.44 W
1788703289.561075873,0 %, 2411 MHz, 41, 11.44 W
1788703289.661494942,0 %, 2411 MHz, 41, 11.44 W
1788703289.761894603,0 %, 2411 MHz, 41, 11.44 W
1788703289.862132745,0 %, 2411 MHz, 41, 11.44 W
1788703289.962762566,0 %, 2411 MHz, 41, 11.44 W
1788703290.063313058,0 %, 2411 MHz, 41, 11.43 W
1788703290.163725455,0 %, 2411 MHz, 41, 11.43 W
1788703290.264418156,0 %, 2411 MHz, 41, 11.43 W
1788703290.364690185,0 %, 2411 MHz, 41, 11.43 W
1788703290.465257686,0 %, 2411 MHz, 41, 11.43 W
1788703290.565545188,0 %, 2411 MHz, 41, 11.42 W
1788703290.666252304,0 %, 2411 MHz, 41, 11.42 W
1788703290.766685869,0 %, 2411 MHz, 41, 11.42 W
1788703290.866930555,0 %, 2411 MHz, 41, 11.42 W
1788703290.967811366,0 %, 2411 MHz, 41, 11.42 W
1788703291.068204355,0 %, 2411 MHz, 41, 11.43 W
1788703291.168590273,0 %, 2411 MHz, 41, 11.43 W
1788703291.269341965,0 %, 2411 MHz, 41, 11.43 W
1788703291.369768314,0 %, 2411 MHz, 41, 11.43 W
1788703291.470686342,0 %, 2411 MHz, 41, 11.43 W
1788703291.571152051,0 %, 2411 MHz, 41, 11.43 W
1788703291.671466672,0 %, 2411 MHz, 41, 11.43 W
1788703291.772423820,0 %, 2411 MHz, 41, 11.43 W
1788703291.872868840,0 %, 2411 MHz, 41, 11.43 W
1788703291.973270086,0 %, 2411 MHz, 41, 11.43 W
1788703292.074011730,0 %, 2411 MHz, 41, 11.41 W
1788703292.174400447,0 %, 2411 MHz, 41, 11.41 W
1788703292.275325610,0 %, 2411 MHz, 41, 11.41 W
1788703292.375607384,0 %, 2411 MHz, 41, 11.41 W
1788703292.476227780,0 %, 2411 MHz, 41, 11.41 W
1788703292.576928065,0 %, 2411 MHz, 41, 11.41 W
1788703292.676981295,0 %, 2411 MHz, 41, 11.41 W
1788703292.777640971,0 %, 2411 MHz, 41, 11.41 W
1788703292.878379847,0 %, 2411 MHz, 41, 11.41 W
1788703292.978833876,0 %, 2411 MHz, 41, 11.41 W
1788703293.079148385,0 %, 2411 MHz, 41, 11.41 W
1788703293.179257295,0 %, 2411 MHz, 41, 11.41 W
1788703293.279899180,0 %, 2411 MHz, 41, 11.41 W
1788703293.379420603,0 %, 2411 MHz, 41, 11.41 W
1788703293.479651960,0 %, 2411 MHz, 41, 11.44 W
1788703293.580224165,0 %, 2411 MHz, 41, 11.44 W
1788703293.681099185,0 %, 2411 MHz, 41, 11.44 W
1788703293.781312446,0 %, 2411 MHz, 41, 11.44 W
1788703293.882158986,0 %, 2411 MHz, 41, 11.44 W
1788703293.982428039,0 %, 2411 MHz, 41, 11.44 W
1788703294.082631717,0 %, 2411 MHz, 41, 11.44 W
1788703294.182821474,0 %, 2411 MHz, 41, 11.44 W
1788703294.283239951,0 %, 2411 MHz, 41, 11.44 W
1788703294.383274573,0 %, 2411 MHz, 41, 11.44 W
1788703294.483377355,0 %, 2411 MHz, 41, 11.41 W
1788703294.584143367,0 %, 2411 MHz, 41, 11.41 W
1788703294.684750916,0 %, 2411 MHz, 41, 11.41 W
1788703294.785205920,0 %, 2411 MHz, 41, 11.41 W
1788703294.886320140,0 %, 2411 MHz, 41, 11.41 W
1788703294.986557481,0 %, 2411 MHz, 41, 11.41 W
1788703295.087371061,0 %, 2411 MHz, 41, 11.41 W
1788703295.187755330,0 %, 2411 MHz, 41, 11.41 W
1788703295.288375454,0 %, 2411 MHz, 41, 11.41 W
1788703295.389114362,0 %, 2411 MHz, 41, 11.41 W
1788703295.489641767,0 %, 2411 MHz, 41, 11.42 W
1788703295.590527346,0 %, 2411 MHz, 41, 11.42 W
1788703295.691080511,0 %, 2411 MHz, 41, 11.42 W
1788703295.790905053,0 %, 2411 MHz, 41, 11.42 W
1788703295.892047560,0 %, 2411 MHz, 41, 11.42 W
1788703295.992584341,0 %, 2411 MHz, 41, 11.43 W
1788703296.093362577,0 %, 2411 MHz, 41, 11.43 W
1788703296.193617678,0 %, 2411 MHz, 41, 11.43 W
1788703296.294017787,0 %, 2411 MHz, 41, 11.43 W
1788703296.394624807,0 %, 2411 MHz, 41, 11.43 W
1788703296.495262531,0 %, 2411 MHz, 41, 11.42 W
1788703296.595709024,0 %, 2411 MHz, 41, 11.42 W
1788703296.696646460,0 %, 2411 MHz, 41, 11.42 W
1788703296.797009929,0 %, 2411 MHz, 41, 11.42 W
1788703296.897278054,0 %, 2411 MHz, 41, 11.42 W
1788703296.998333681,0 %, 2411 MHz, 41, 11.41 W
1788703297.098456366,0 %, 2411 MHz, 41, 11.41 W
1788703297.199072971,0 %, 2411 MHz, 41, 11.41 W
1788703297.299749927,0 %, 2411 MHz, 41, 11.41 W
1788703297.400174980,0 %, 2411 MHz, 41, 11.41 W
1788703297.500989375,0 %, 2411 MHz, 41, 11.41 W
1788703297.600923213,0 %, 2411 MHz, 41, 11.41 W
1788703297.701154635,0 %, 2411 MHz, 41, 11.41 W
1788703297.801825351,0 %, 2411 MHz, 41, 11.41 W
1788703297.902224692,0 %, 2411 MHz, 41, 11.41 W
1788703298.002895312,0 %, 2411 MHz, 41, 11.41 W
1788703298.103076477,0 %, 2411 MHz, 41, 11.41 W
1788703298.203866233,0 %, 2411 MHz, 41, 11.41 W
1788703298.304234998,0 %, 2411 MHz, 41, 11.41 W
1788703298.404383459,0 %, 2411 MHz, 41, 11.41 W
1788703298.504371937,0 %, 2411 MHz, 41, 11.41 W
1788703298.605177709,0 %, 2411 MHz, 41, 11.41 W
1788703298.705286075,0 %, 2411 MHz, 41, 11.41 W
1788703298.806495701,0 %, 2411 MHz, 41, 11.41 W
1788703298.906678307,0 %, 2411 MHz, 41, 11.41 W
1788703299.006889024,0 %, 2411 MHz, 41, 11.41 W
1788703299.107704443,0 %, 2411 MHz, 41, 11.41 W
1788703299.208020504,0 %, 2411 MHz, 41, 11.41 W
1788703299.308369317,0 %, 2411 MHz, 41, 11.41 W
1788703299.409225569,0 %, 2411 MHz, 41, 11.41 W
1788703299.509428174,0 %, 2411 MHz, 41, 11.42 W
1788703299.610056938,0 %, 2411 MHz, 41, 11.42 W
1788703299.710299591,0 %, 2411 MHz, 41, 11.42 W
1788703299.810697620,0 %, 2411 MHz, 41, 11.42 W
1788703299.911511840,0 %, 2411 MHz, 41, 11.42 W
1788703300.011906637,0 %, 2411 MHz, 41, 11.43 W
1788703300.112147786,0 %, 2411 MHz, 41, 11.43 W
1788703300.212990613,0 %, 2411 MHz, 41, 11.43 W
1788703300.313372642,0 %, 2411 MHz, 41, 11.43 W
1788703300.413815502,0 %, 2411 MHz, 41, 11.43 W
1788703300.515261528,0 %, 2411 MHz, 41, 11.44 W
1788703300.615053207,0 %, 2411 MHz, 41, 11.44 W
1788703300.715907426,0 %, 2411 MHz, 41, 11.44 W
1788703300.816254543,0 %, 2411 MHz, 41, 11.44 W
1788703300.916850395,0 %, 2411 MHz, 41, 11.44 W
1788703301.017711623,0 %, 2411 MHz, 41, 11.43 W
1788703301.118083075,0 %, 2411 MHz, 41, 11.43 W
1788703301.218926511,0 %, 2411 MHz, 41, 11.43 W
1788703301.319252076,0 %, 2411 MHz, 41, 11.43 W
1788703301.419708200,0 %, 2411 MHz, 41, 11.43 W
1788703301.520530628,0 %, 2411 MHz, 41, 11.42 W
1788703301.620330546,0 %, 2411 MHz, 41, 11.42 W
1788703301.721209373,0 %, 2411 MHz, 41, 11.42 W
1788703301.821859673,0 %, 2411 MHz, 41, 11.42 W
1788703301.922081671,0 %, 2411 MHz, 41, 11.42 W
1788703302.023095585,0 %, 2411 MHz, 41, 11.42 W
1788703302.122692160,0 %, 2411 MHz, 41, 11.42 W
1788703302.222661902,0 %, 2411 MHz, 41, 11.42 W
1788703302.323022715,0 %, 2411 MHz, 41, 11.42 W
1788703302.423655143,0 %, 2411 MHz, 41, 11.42 W
1788703302.524522002,0 %, 2411 MHz, 41, 11.42 W
1788703302.624698799,0 %, 2411 MHz, 41, 11.42 W
1788703302.725536955,0 %, 2411 MHz, 41, 11.42 W
1788703302.825772488,0 %, 2411 MHz, 41, 11.42 W
1788703302.926260212,0 %, 2411 MHz, 41, 11.42 W
1788703303.026653265,0 %, 2411 MHz, 41, 11.42 W
1788703303.126660639,0 %, 2411 MHz, 41, 11.42 W
1788703303.226842060,0 %, 2411 MHz, 41, 11.42 W
1788703303.327891367,0 %, 2411 MHz, 41, 11.42 W
1788703303.428135988,0 %, 2411 MHz, 41, 11.42 W
1788703303.528559680,0 %, 2411 MHz, 41, 11.42 W
1788703303.628351598,0 %, 2411 MHz, 41, 11.42 W
1788703303.729304137,0 %, 2411 MHz, 41, 11.42 W
1788703303.829364807,0 %, 2411 MHz, 41, 11.42 W
1788703303.930183810,0 %, 2411 MHz, 41, 11.42 W
1788703304.030505151,0 %, 2411 MHz, 41, 11.42 W
1788703304.131098443,0 %, 2411 MHz, 41, 11.42 W
1788703304.231426312,0 %, 2411 MHz, 41, 11.42 W
1788703304.332044532,0 %, 2411 MHz, 41, 11.42 W
1788703304.432354145,0 %, 2411 MHz, 41, 11.42 W
1788703304.533226988,0 %, 2411 MHz, 41, 11.41 W
1788703304.633206186,0 %, 2411 MHz, 41, 11.41 W
1788703304.733614502,0 %, 2411 MHz, 41, 11.41 W
1788703304.833944739,0 %, 2411 MHz, 41, 11.41 W
1788703304.934776062,0 %, 2411 MHz, 41, 11.41 W
1788703305.035196027,0 %, 2411 MHz, 41, 11.45 W
1788703305.135610199,0 %, 2411 MHz, 41, 11.45 W
1788703305.235858676,0 %, 2411 MHz, 41, 11.45 W
1788703305.336671311,0 %, 2411 MHz, 41, 11.45 W
1788703305.436937500,0 %, 2411 MHz, 41, 11.45 W
1788703305.537275161,0 %, 2411 MHz, 41, 11.45 W
1788703305.637220631,0 %, 2411 MHz, 41, 11.45 W
1788703305.738255313,0 %, 2411 MHz, 41, 11.45 W
1788703305.837638241,0 %, 2411 MHz, 41, 11.45 W
1788703305.938595708,0 %, 2411 MHz, 41, 11.45 W
1788703306.039357111,0 %, 2411 MHz, 41, 11.43 W
1788703306.140108850,0 %, 2411 MHz, 41, 11.43 W
1788703306.240142400,0 %, 2411 MHz, 41, 11.43 W
1788703306.340745884,0 %, 2411 MHz, 41, 11.43 W
1788703306.441127288,0 %, 2411 MHz, 41, 11.43 W
1788703306.541382021,0 %, 2411 MHz, 41, 11.42 W
1788703306.641415827,0 %, 2411 MHz, 41, 11.42 W
1788703306.742289918,0 %, 2411 MHz, 41, 11.42 W
1788703306.842884330,0 %, 2411 MHz, 41, 11.42 W
1788703306.943057239,0 %, 2411 MHz, 41, 11.42 W
1788703307.043344324,0 %, 2411 MHz, 41, 11.40 W
1788703307.144045359,0 %, 2411 MHz, 41, 11.40 W
1788703307.244619611,0 %, 2411 MHz, 41, 11.40 W
1788703307.345411718,0 %, 2411 MHz, 41, 11.40 W
1788703307.445980018,0 %, 2411 MHz, 41, 11.40 W
1788703307.546761038,0 %, 2411 MHz, 41, 11.42 W
1788703307.646853803,0 %, 2411 MHz, 41, 11.42 W
1788703307.747336103,0 %, 2411 MHz, 41, 11.42 W
1788703307.848048435,0 %, 2411 MHz, 41, 11.42 W
1788703307.948378719,0 %, 2411 MHz, 41, 11.42 W
1788703308.048703132,0 %, 2411 MHz, 41, 11.43 W
1788703308.149279400,0 %, 2411 MHz, 41, 11.43 W
1788703308.250177555,0 %, 2411 MHz, 41, 11.43 W
1788703308.350446271,0 %, 2411 MHz, 41, 11.43 W
1788703308.451076667,0 %, 2411 MHz, 41, 11.43 W
1788703308.551899382,0 %, 2411 MHz, 41, 11.43 W
1788703308.651990339,0 %, 2411 MHz, 41, 11.43 W
1788703308.752358224,0 %, 2411 MHz, 41, 11.43 W
1788703308.853167643,0 %, 2411 MHz, 41, 11.43 W
1788703308.953682039,0 %, 2411 MHz, 41, 11.43 W
1788703309.054530434,0 %, 2411 MHz, 41, 11.42 W
1788703309.154936351,0 %, 2411 MHz, 41, 11.42 W
1788703309.255541162,0 %, 2411 MHz, 41, 11.42 W
1788703309.356207766,0 %, 2411 MHz, 41, 11.42 W
1788703309.456651618,0 %, 2411 MHz, 41, 11.42 W
1788703309.557524829,0 %, 2411 MHz, 41, 11.42 W
1788703309.657332795,0 %, 2411 MHz, 41, 11.42 W
1788703309.758166998,0 %, 2411 MHz, 41, 11.42 W
1788703309.859030401,0 %, 2411 MHz, 41, 11.42 W
1788703309.959105806,0 %, 2411 MHz, 41, 11.42 W
1788703310.059616394,0 %, 2411 MHz, 41, 11.41 W
1788703310.159854359,0 %, 2411 MHz, 41, 11.41 W
1788703310.260402595,0 %, 2411 MHz, 41, 11.41 W
1788703310.361201118,0 %, 2411 MHz, 41, 11.41 W
1788703310.461538939,0 %, 2411 MHz, 41, 11.41 W
1788703310.561924343,0 %, 2411 MHz, 41, 11.42 W
1788703310.662005316,0 %, 2411 MHz, 41, 11.42 W
1788703310.762786671,0 %, 2411 MHz, 41, 11.42 W
1788703310.863204924,0 %, 2411 MHz, 41, 11.42 W
1788703310.963629288,0 %, 2411 MHz, 41, 11.42 W
1788703311.064396739,0 %, 2411 MHz, 41, 11.43 W
1788703311.164810191,0 %, 2411 MHz, 41, 11.43 W
1788703311.265242843,0 %, 2411 MHz, 41, 11.43 W
1788703311.366051894,0 %, 2411 MHz, 41, 11.43 W
1788703311.466448531,0 %, 2411 MHz, 41, 11.43 W
1788703311.567068830,0 %, 2411 MHz, 41, 11.42 W
1788703311.667120267,0 %, 2411 MHz, 41, 11.42 W
1788703311.767936071,0 %, 2411 MHz, 41, 11.42 W
1788703311.868354051,0 %, 2411 MHz, 41, 11.42 W
1788703311.969210078,0 %, 2411 MHz, 41, 11.42 W
1788703312.069508218,0 %, 2411 MHz, 41, 11.42 W
1788703312.169949494,0 %, 2411 MHz, 41, 11.42 W
1788703312.270783521,0 %, 2411 MHz, 41, 11.42 W
1788703312.371268877,0 %, 2411 MHz, 41, 11.42 W
1788703312.471605113,0 %, 2411 MHz, 41, 11.42 W
1788703312.572393093,0 %, 2411 MHz, 41, 11.43 W
1788703312.672680577,0 %, 2411 MHz, 41, 11.43 W
1788703312.773622140,0 %, 2411 MHz, 41, 11.43 W
1788703312.873988696,0 %, 2411 MHz, 41, 11.43 W
1788703312.974428116,0 %, 2411 MHz, 41, 11.43 W
1788703313.075264175,0 %, 2411 MHz, 41, 11.44 W
1788703313.176098778,0 %, 2411 MHz, 41, 11.44 W
1788703313.276658902,0 %, 2411 MHz, 41, 11.44 W
1788703313.377020418,0 %, 2411 MHz, 41, 11.44 W
1788703313.477439246,0 %, 2411 MHz, 41, 11.43 W
1788703313.578205129,0 %, 2411 MHz, 41, 11.43 W
1788703313.678197239,0 %, 2411 MHz, 41, 11.43 W
1788703313.778853986,0 %, 2411 MHz, 41, 11.43 W
1788703313.879574909,0 %, 2411 MHz, 41, 11.43 W
1788703313.980033689,0 %, 2411 MHz, 41, 11.42 W
1788703314.080396037,0 %, 2411 MHz, 41, 11.42 W
1788703314.181266640,0 %, 2411 MHz, 41, 11.42 W
1788703314.281603676,0 %, 2411 MHz, 41, 11.42 W
1788703314.381976153,0 %, 2411 MHz, 41, 11.42 W
1788703314.482505844,0 %, 2411 MHz, 41, 11.42 W
1788703314.583208000,0 %, 2411 MHz, 41, 11.42 W
1788703314.683231613,0 %, 2411 MHz, 41, 11.42 W
1788703314.783854216,0 %, 2411 MHz, 41, 11.42 W
1788703314.884643635,0 %, 2411 MHz, 41, 11.42 W
1788703314.985063167,0 %, 2411 MHz, 41, 11.41 W
1788703315.085357692,0 %, 2411 MHz, 41, 11.41 W
1788703315.185421865,0 %, 2411 MHz, 41, 11.41 W
1788703315.286002420,0 %, 2411 MHz, 41, 11.41 W
1788703315.386761807,0 %, 2411 MHz, 41, 11.41 W
1788703315.487183387,0 %, 2411 MHz, 41, 11.41 W
1788703315.587545063,0 %, 2411 MHz, 41, 11.41 W
1788703315.687721892,0 %, 2411 MHz, 41, 11.41 W
1788703315.787756129,0 %, 2411 MHz, 41, 11.41 W
1788703315.888381277,0 %, 2411 MHz, 41, 11.41 W
1788703315.989676438,0 %, 2411 MHz, 41, 11.42 W
1788703316.090188322,0 %, 2411 MHz, 41, 11.42 W
1788703316.190858605,0 %, 2411 MHz, 41, 11.42 W
1788703316.291538312,0 %, 2411 MHz, 41, 11.42 W
1788703316.391858613,0 %, 2411 MHz, 41, 11.42 W
1788703316.492002433,0 %, 2411 MHz, 41, 11.42 W
1788703316.593009276,0 %, 2411 MHz, 41, 11.42 W
1788703316.693094265,0 %, 2411 MHz, 41, 11.42 W
1788703316.793710660,0 %, 2411 MHz, 41, 11.42 W
1788703316.894599135,0 %, 2411 MHz, 41, 11.42 W
1788703316.994985355,0 %, 2411 MHz, 41, 11.42 W
1788703317.095856165,0 %, 2411 MHz, 41, 11.42 W
1788703317.196465169,0 %, 2411 MHz, 41, 11.42 W
1788703317.297309435,0 %, 2411 MHz, 41, 11.42 W
1788703317.397538632,0 %, 2411 MHz, 41, 11.42 W
1788703317.498376035,0 %, 2411 MHz, 41, 11.42 W
1788703317.599018574,0 %, 2411 MHz, 41, 11.42 W
1788703317.699189243,0 %, 2411 MHz, 41, 11.42 W
1788703317.800085861,0 %, 2411 MHz, 41, 11.42 W
1788703317.900534305,0 %, 2411 MHz, 41, 11.42 W
1788703318.001330108,0 %, 2411 MHz, 41, 11.42 W
1788703318.101729704,0 %, 2411 MHz, 41, 11.42 W
1788703318.202312675,0 %, 2411 MHz, 41, 11.42 W
1788703318.303031758,0 %, 2411 MHz, 41, 11.42 W
1788703318.403304010,0 %, 2411 MHz, 41, 11.42 W
1788703318.503180232,0 %, 2411 MHz, 41, 11.43 W
1788703318.603799619,0 %, 2411 MHz, 41, 11.43 W
1788703318.703958912,0 %, 2411 MHz, 41, 11.43 W
1788703318.803855597,0 %, 2411 MHz, 41, 11.43 W
1788703318.904615624,0 %, 2411 MHz, 41, 11.43 W
1788703319.005334643,0 %, 2411 MHz, 41, 11.43 W
1788703319.105765743,0 %, 2411 MHz, 41, 11.43 W
1788703319.206678201,0 %, 2411 MHz, 41, 11.43 W
1788703319.307072421,0 %, 2411 MHz, 41, 11.43 W
1788703319.407161554,0 %, 2411 MHz, 41, 11.43 W
1788703319.508125660,0 %, 2411 MHz, 41, 11.42 W
1788703319.608923767,0 %, 2411 MHz, 41, 11.42 W
1788703319.709250195,0 %, 2411 MHz, 41, 11.42 W
1788703319.810004478,0 %, 2411 MHz, 41, 11.42 W
1788703319.910375850,0 %, 2411 MHz, 41, 11.42 W
1788703320.011190805,0 %, 2411 MHz, 41, 11.41 W
1788703320.111502673,0 %, 2411 MHz, 41, 11.41 W
1788703320.211912733,0 %, 2411 MHz, 41, 11.41 W
1788703320.312756311,0 %, 2411 MHz, 41, 11.41 W
1788703320.412963556,0 %, 2411 MHz, 41, 11.41 W
1788703320.513727246,0 %, 2411 MHz, 41, 11.43 W
1788703320.613988059,0 %, 2411 MHz, 41, 11.43 W
1788703320.714585078,0 %, 2411 MHz, 41, 11.43 W
1788703320.814818482,0 %, 2411 MHz, 41, 11.43 W
1788703320.915253582,0 %, 2411 MHz, 41, 11.43 W
1788703321.014745964,0 %, 2411 MHz, 41, 11.42 W
1788703321.116174421,0 %, 2411 MHz, 41, 11.42 W
1788703321.216736273,0 %, 2411 MHz, 41, 11.42 W
1788703321.317136316,0 %, 2411 MHz, 41, 11.42 W
1788703321.417429689,0 %, 2411 MHz, 41, 11.42 W
1788703321.518083412,0 %, 2411 MHz, 41, 11.41 W
1788703321.618290688,0 %, 2411 MHz, 41, 11.41 W
1788703321.718384573,0 %, 2411 MHz, 41, 11.41 W
1788703321.818786968,0 %, 2411 MHz, 41, 11.41 W
1788703321.919604195,0 %, 2411 MHz, 41, 11.41 W
1788703322.019589744,0 %, 2411 MHz, 41, 11.42 W
1788703322.120354091,0 %, 2411 MHz, 41, 11.42 W
1788703322.221284741,0 %, 2411 MHz, 41, 11.42 W
1788703322.321268994,0 %, 2411 MHz, 41, 11.42 W
1788703322.421611950,0 %, 2411 MHz, 41, 11.42 W
1788703322.521890170,0 %, 2411 MHz, 41, 11.42 W
1788703322.623073459,0 %, 2411 MHz, 41, 11.42 W
1788703322.723142320,0 %, 2411 MHz, 41, 11.42 W
1788703322.823423996,0 %, 2411 MHz, 41, 11.42 W
1788703322.924315367,0 %, 2411 MHz, 41, 11.42 W
1788703323.024514835,0 %, 2411 MHz, 41, 11.41 W
1788703323.124439104,0 %, 2411 MHz, 41, 11.41 W
1788703323.225468890,0 %, 2411 MHz, 41, 11.41 W
1788703323.326363668,0 %, 2411 MHz, 41, 11.41 W
1788703323.426672976,0 %, 2411 MHz, 41, 11.41 W
1788703323.527072956,0 %, 2411 MHz, 41, 11.41 W
1788703323.627835255,0 %, 2411 MHz, 41, 11.41 W
1788703323.727946275,0 %, 2411 MHz, 41, 11.41 W
1788703323.828771902,0 %, 2411 MHz, 41, 11.41 W
1788703323.929522568,0 %, 2411 MHz, 41, 11.41 W
1788703324.029470757,0 %, 2411 MHz, 41, 11.42 W
1788703324.130227136,0 %, 2411 MHz, 41, 11.42 W
1788703324.230639484,0 %, 2411 MHz, 41, 11.42 W
1788703324.330968967,0 %, 2411 MHz, 41, 11.42 W
1788703324.431890450,0 %, 2411 MHz, 41, 11.42 W
1788703324.532706028,0 %, 2411 MHz, 41, 11.42 W
1788703324.632529081,0 %, 2411 MHz, 41, 11.42 W
1788703324.732835685,0 %, 2411 MHz, 41, 11.42 W
1788703324.833652176,0 %, 2411 MHz, 41, 11.42 W
1788703324.934201979,0 %, 2411 MHz, 41, 11.42 W
1788703325.034841350,0 %, 2411 MHz, 41, 11.41 W
1788703325.135647841,0 %, 2411 MHz, 41, 11.41 W
1788703325.236061804,0 %, 2411 MHz, 41, 11.41 W
1788703325.336044777,0 %, 2411 MHz, 41, 11.41 W
1788703325.436739972,0 %, 2411 MHz, 41, 11.41 W
1788703325.537650702,0 %, 2411 MHz, 41, 11.41 W
1788703325.637578043,0 %, 2411 MHz, 41, 11.41 W
1788703325.737843207,0 %, 2411 MHz, 41, 11.41 W
1788703325.838116355,0 %, 2411 MHz, 41, 11.41 W
1788703325.939231549,0 %, 2411 MHz, 41, 11.41 W
1788703326.039962679,0 %, 2411 MHz, 41, 11.41 W
1788703326.140073380,0 %, 2411 MHz, 41, 11.41 W
1788703326.240784622,0 %, 2411 MHz, 41, 11.41 W
1788703326.340745323,0 %, 2411 MHz, 41, 11.41 W
1788703326.441416246,0 %, 2411 MHz, 41, 11.41 W
1788703326.541591490,0 %, 2411 MHz, 41, 11.42 W
1788703326.642413965,0 %, 2411 MHz, 41, 11.42 W
1788703326.742261354,0 %, 2411 MHz, 41, 11.42 W
1788703326.842815349,0 %, 2411 MHz, 41, 11.42 W
1788703326.943103425,0 %, 2411 MHz, 41, 11.42 W
1788703327.043745260,0 %, 2411 MHz, 41, 11.42 W
1788703327.144101815,0 %, 2411 MHz, 41, 11.42 W
1788703327.244443971,0 %, 2411 MHz, 41, 11.42 W
1788703327.344831935,0 %, 2411 MHz, 41, 11.42 W
1788703327.445579129,0 %, 2411 MHz, 41, 11.42 W
1788703327.546389508,0 %, 2411 MHz, 41, 11.41 W
1788703327.646365600,0 %, 2411 MHz, 41, 11.41 W
1788703327.747161259,0 %, 2411 MHz, 41, 11.41 W
1788703327.847266295,0 %, 2411 MHz, 41, 11.41 W
1788703327.948446976,0 %, 2411 MHz, 41, 11.41 W
1788703328.049221083,0 %, 2411 MHz, 41, 11.40 W
1788703328.149465031,0 %, 2411 MHz, 41, 11.40 W
1788703328.249730051,0 %, 2411 MHz, 41, 11.40 W
1788703328.350318222,0 %, 2411 MHz, 41, 11.40 W
1788703328.451079480,0 %, 2411 MHz, 41, 11.40 W
1788703328.551392388,0 %, 2411 MHz, 41, 11.41 W
1788703328.652196014,0 %, 2411 MHz, 41, 11.41 W
1788703328.752813177,0 %, 2411 MHz, 41, 11.41 W
1788703328.853603284,0 %, 2411 MHz, 41, 11.41 W
1788703328.953934623,0 %, 2411 MHz, 41, 11.41 W
1788703329.054524746,0 %, 2411 MHz, 41, 11.41 W
1788703329.155175317,0 %, 2411 MHz, 41, 11.41 W
1788703329.255501969,0 %, 2411 MHz, 41, 11.41 W
1788703329.355468621,0 %, 2411 MHz, 41, 11.41 W
1788703329.456159064,0 %, 2411 MHz, 41, 11.41 W
1788703329.557044034,0 %, 2411 MHz, 41, 11.41 W
1788703329.657414718,0 %, 2411 MHz, 41, 11.41 W
1788703329.758259544,0 %, 2411 MHz, 41, 11.41 W
1788703329.858600339,0 %, 2411 MHz, 41, 11.41 W
1788703329.958967695,0 %, 2411 MHz, 41, 11.41 W
1788703330.059365226,0 %, 2411 MHz, 41, 11.41 W
1788703330.160273172,0 %, 2411 MHz, 41, 11.41 W
1788703330.260554896,0 %, 2411 MHz, 41, 11.41 W
1788703330.361526570,0 %, 2411 MHz, 41, 11.41 W
1788703330.462023573,0 %, 2411 MHz, 41, 11.41 W
1788703330.562535344,0 %, 2411 MHz, 41, 11.42 W
1788703330.662746684,0 %, 2411 MHz, 41, 11.42 W
1788703330.763023544,0 %, 2411 MHz, 41, 11.42 W
1788703330.863351204,0 %, 2411 MHz, 41, 11.42 W
1788703330.964154878,0 %, 2411 MHz, 41, 11.42 W
1788703331.064519257,0 %, 2411 MHz, 41, 11.42 W
1788703331.165341604,0 %, 2411 MHz, 41, 11.42 W
1788703331.266157758,0 %, 2411 MHz, 41, 11.42 W
1788703331.366471801,0 %, 2411 MHz, 41, 11.42 W
1788703331.467122148,0 %, 2411 MHz, 41, 11.42 W
1788703331.567257280,0 %, 2411 MHz, 41, 11.41 W
1788703331.667860427,0 %, 2411 MHz, 41, 11.41 W
1788703331.767813656,0 %, 2411 MHz, 41, 11.41 W
1788703331.868603794,0 %, 2411 MHz, 41, 11.41 W
1788703331.969400588,0 %, 2411 MHz, 41, 11.41 W
1788703332.069928295,0 %, 2411 MHz, 41, 11.42 W
1788703332.170733361,0 %, 2411 MHz, 41, 11.42 W
1788703332.271132477,0 %, 2411 MHz, 41, 11.42 W
1788703332.371592632,0 %, 2411 MHz, 41, 11.42 W
1788703332.472573442,0 %, 2411 MHz, 41, 11.42 W
1788703332.572962205,0 %, 2411 MHz, 41, 11.42 W
1788703332.672859994,0 %, 2411 MHz, 41, 11.42 W
1788703332.773553940,0 %, 2411 MHz, 41, 11.42 W
1788703332.874279039,0 %, 2411 MHz, 41, 11.42 W
1788703332.974769434,0 %, 2411 MHz, 41, 11.42 W
1788703333.075501236,0 %, 2411 MHz, 41, 11.42 W
1788703333.175762288,0 %, 2411 MHz, 41, 11.42 W
1788703333.276030267,0 %, 2411 MHz, 41, 11.42 W
1788703333.376584982,0 %, 2411 MHz, 41, 11.42 W
1788703333.477348721,0 %, 2411 MHz, 41, 11.42 W
1788703333.577807292,0 %, 2411 MHz, 41, 11.42 W
1788703333.678180455,0 %, 2411 MHz, 41, 11.42 W
1788703333.778378291,0 %, 2411 MHz, 41, 11.42 W
1788703333.878635054,0 %, 2411 MHz, 41, 11.42 W
1788703333.979081018,0 %, 2411 MHz, 41, 11.40 W
1788703334.079109254,0 %, 2411 MHz, 41, 11.40 W
1788703334.179925280,0 %, 2411 MHz, 41, 11.40 W
1788703334.280264139,0 %, 2411 MHz, 41, 11.40 W
1788703334.381022742,0 %, 2411 MHz, 41, 11.40 W
1788703334.481523953,0 %, 2411 MHz, 41, 11.40 W
1788703334.582302043,0 %, 2411 MHz, 41, 11.40 W
1788703334.682740518,0 %, 2411 MHz, 41, 11.40 W
1788703334.782731218,0 %, 2411 MHz, 41, 11.40 W
1788703334.883543468,0 %, 2411 MHz, 41, 11.40 W
1788703334.983247626,0 %, 2411 MHz, 41, 11.43 W
1788703335.083762181,0 %, 2411 MHz, 41, 11.43 W
1788703335.184474111,0 %, 2411 MHz, 41, 11.43 W
1788703335.284840074,0 %, 2411 MHz, 41, 11.43 W
1788703335.384598119,0 %, 2411 MHz, 41, 11.43 W
1788703335.485577537,0 %, 2411 MHz, 41, 11.44 W
1788703335.586262779,0 %, 2411 MHz, 41, 11.44 W
1788703335.686543287,0 %, 2411 MHz, 41, 11.44 W
1788703335.786899554,0 %, 2411 MHz, 41, 11.44 W
1788703335.887716748,0 %, 2411 MHz, 41, 11.44 W
1788703335.988262135,0 %, 2411 MHz, 41, 11.41 W
1788703336.088552802,0 %, 2411 MHz, 41, 11.41 W
1788703336.189003661,0 %, 2411 MHz, 41, 11.41 W
1788703336.289697816,0 %, 2411 MHz, 41, 11.41 W
1788703336.390099027,0 %, 2411 MHz, 41, 11.41 W
1788703336.491071181,0 %, 2411 MHz, 41, 11.40 W
1788703336.591450056,0 %, 2411 MHz, 41, 11.40 W
1788703336.691855363,0 %, 2411 MHz, 41, 11.40 W
1788703336.792233694,0 %, 2411 MHz, 41, 11.40 W
1788703336.892675033,0 %, 2411 MHz, 41, 11.40 W
1788703336.993413571,0 %, 2411 MHz, 41, 11.43 W
1788703337.094065390,0 %, 2411 MHz, 41, 11.43 W
1788703337.194463161,0 %, 2411 MHz, 41, 11.43 W
1788703337.295281203,0 %, 2411 MHz, 41, 11.43 W
1788703337.394927104,0 %, 2411 MHz, 41, 11.43 W
1788703337.496000201,0 %, 2411 MHz, 41, 11.44 W
1788703337.596559908,0 %, 2411 MHz, 41, 11.44 W
1788703337.696870735,0 %, 2411 MHz, 41, 11.44 W
1788703337.797545930,0 %, 2411 MHz, 41, 11.44 W
1788703337.897936053,0 %, 2411 MHz, 41, 11.44 W
1788703337.998707391,0 %, 2411 MHz, 41, 11.42 W
1788703338.099098730,0 %, 2411 MHz, 41, 11.42 W
1788703338.199391621,0 %, 2411 MHz, 41, 11.42 W
1788703338.300207935,0 %, 2411 MHz, 41, 11.42 W
1788703338.400461115,0 %, 2411 MHz, 41, 11.42 W
1788703338.500963958,0 %, 2411 MHz, 41, 11.41 W
1788703338.601809728,0 %, 2411 MHz, 41, 11.41 W
1788703338.702152539,0 %, 2411 MHz, 41, 11.41 W
1788703338.801912280,0 %, 2411 MHz, 41, 11.41 W
1788703338.902561314,0 %, 2411 MHz, 41, 11.41 W
1788703339.002578510,0 %, 2411 MHz, 41, 11.41 W
1788703339.103799687,0 %, 2411 MHz, 41, 11.41 W
1788703339.203922451,0 %, 2411 MHz, 41, 11.41 W
1788703339.304069102,0 %, 2411 MHz, 41, 11.41 W
1788703339.404425002,0 %, 2411 MHz, 41, 11.41 W
1788703339.505052964,0 %, 2411 MHz, 41, 11.41 W
1788703339.605600287,0 %, 2411 MHz, 41, 11.41 W
1788703339.706002970,0 %, 2411 MHz, 41, 11.41 W
1788703339.806300485,0 %, 2411 MHz, 41, 11.41 W
1788703339.907168543,0 %, 2411 MHz, 41, 11.41 W
1788703340.007172427,0 %, 2411 MHz, 41, 11.42 W
1788703340.107557686,0 %, 2411 MHz, 41, 11.42 W
1788703340.208728303,0 %, 2411 MHz, 41, 11.42 W
1788703340.309103306,0 %, 2411 MHz, 41, 11.42 W
1788703340.409099318,0 %, 2411 MHz, 41, 11.42 W
1788703340.509264610,0 %, 2411 MHz, 41, 11.41 W
1788703340.609999820,0 %, 2411 MHz, 41, 11.41 W
1788703340.710246967,0 %, 2411 MHz, 41, 11.41 W
1788703340.810507938,0 %, 2411 MHz, 41, 11.41 W
1788703340.911377724,0 %, 2411 MHz, 41, 11.41 W
1788703341.011470136,0 %, 2411 MHz, 41, 11.41 W
1788703341.111906067,0 %, 2411 MHz, 41, 11.41 W
1788703341.212694845,0 %, 2411 MHz, 41, 11.41 W
1788703341.313109064,0 %, 2411 MHz, 41, 11.41 W
1788703341.413350339,0 %, 2411 MHz, 41, 11.41 W
1788703341.514205677,0 %, 2411 MHz, 41, 11.42 W
1788703341.614654183,0 %, 2411 MHz, 41, 11.42 W
1788703341.715058162,0 %, 2411 MHz, 41, 11.42 W
1788703341.815268526,0 %, 2411 MHz, 41, 11.42 W
1788703341.916218423,0 %, 2411 MHz, 41, 11.42 W
1788703342.016648914,0 %, 2411 MHz, 41, 11.43 W
1788703342.117506876,0 %, 2411 MHz, 41, 11.43 W
1788703342.218061686,0 %, 2411 MHz, 41, 11.43 W
1788703342.318285586,0 %, 2411 MHz, 41, 11.43 W
1788703342.419012044,0 %, 2411 MHz, 41, 11.43 W
1788703342.519581606,0 %, 2411 MHz, 41, 11.42 W
1788703342.620281328,0 %, 2411 MHz, 41, 11.42 W
1788703342.719924685,0 %, 2411 MHz, 41, 11.42 W
1788703342.820907367,0 %, 2411 MHz, 41, 11.42 W
1788703342.921569601,0 %, 2411 MHz, 41, 11.42 W
1788703343.022114123,0 %, 2411 MHz, 41, 11.42 W
1788703343.122660422,0 %, 2411 MHz, 41, 11.42 W
1788703343.223382496,0 %, 2411 MHz, 41, 11.42 W
1788703343.323929898,0 %, 2411 MHz, 41, 11.42 W
1788703343.424186693,0 %, 2411 MHz, 41, 11.42 W
1788703343.524996287,0 %, 2411 MHz, 41, 11.42 W
1788703343.625251882,0 %, 2411 MHz, 41, 11.42 W
1788703343.725552598,0 %, 2411 MHz, 41, 11.42 W
1788703343.826439855,0 %, 2411 MHz, 41, 11.42 W
1788703343.926632394,0 %, 2411 MHz, 41, 11.42 W
1788703344.027197397,0 %, 2411 MHz, 41, 11.43 W
1788703344.128101998,0 %, 2411 MHz, 41, 11.43 W
1788703344.228177146,0 %, 2411 MHz, 41, 11.43 W
1788703344.328432117,0 %, 2411 MHz, 41, 11.43 W
1788703344.429602142,0 %, 2411 MHz, 41, 11.43 W
1788703344.530072089,0 %, 2411 MHz, 41, 11.43 W
1788703344.630720307,0 %, 2411 MHz, 41, 11.43 W
1788703344.730905262,0 %, 2411 MHz, 41, 11.43 W
1788703344.831462009,0 %, 2411 MHz, 41, 11.43 W
1788703344.932467506,0 %, 2411 MHz, 41, 11.43 W
1788703345.032854173,0 %, 2411 MHz, 41, 11.42 W
1788703345.133472423,0 %, 2411 MHz, 41, 11.42 W
1788703345.234183137,0 %, 2411 MHz, 41, 11.42 W
1788703345.334325292,0 %, 2411 MHz, 41, 11.42 W
1788703345.435394933,0 %, 2411 MHz, 41, 11.42 W
1788703345.535293249,0 %, 2411 MHz, 41, 11.41 W
1788703345.635738652,0 %, 2411 MHz, 41, 11.41 W
1788703345.735623480,0 %, 2411 MHz, 41, 11.41 W
1788703345.835732820,0 %, 2411 MHz, 41, 11.41 W
1788703345.936669949,0 %, 2411 MHz, 41, 11.41 W
1788703346.037525639,0 %, 2411 MHz, 41, 11.43 W
1788703346.137929041,0 %, 2411 MHz, 41, 11.43 W
1788703346.238190588,0 %, 2411 MHz, 41, 11.43 W
1788703346.339057094,0 %, 2411 MHz, 41, 11.43 W
1788703346.439377905,0 %, 2411 MHz, 41, 11.43 W
1788703346.539780844,0 %, 2411 MHz, 41, 11.43 W
1788703346.640075607,0 %, 2411 MHz, 41, 11.43 W
1788703346.740490769,0 %, 2411 MHz, 41, 11.43 W
1788703346.841015916,0 %, 2411 MHz, 41, 11.43 W
1788703346.941628838,0 %, 2411 MHz, 41, 11.43 W
1788703347.042424816,0 %, 2411 MHz, 41, 11.43 W
1788703347.142827434,0 %, 2411 MHz, 41, 11.43 W
1788703347.243459924,0 %, 2411 MHz, 41, 11.43 W
1788703347.344117118,0 %, 2411 MHz, 41, 11.43 W
1788703347.444524441,0 %, 2411 MHz, 41, 11.43 W
1788703347.545451282,0 %, 2411 MHz, 41, 11.43 W
1788703347.645819261,0 %, 2411 MHz, 41, 11.43 W
1788703347.746067464,0 %, 2411 MHz, 41, 11.43 W
1788703347.847104033,0 %, 2411 MHz, 41, 11.43 W
1788703347.947319100,0 %, 2411 MHz, 41, 11.43 W
1788703348.047640967,0 %, 2411 MHz, 41, 11.44 W
1788703348.148448785,0 %, 2411 MHz, 41, 11.44 W
1788703348.248631756,0 %, 2411 MHz, 41, 11.44 W
1788703348.349174070,0 %, 2411 MHz, 41, 11.44 W
1788703348.449577393,0 %, 2411 MHz, 41, 11.44 W
1788703348.550424746,0 %, 2411 MHz, 41, 11.44 W
1788703348.650867189,0 %, 2411 MHz, 41, 11.44 W
1788703348.751261680,0 %, 2411 MHz, 41, 11.44 W
1788703348.851602875,0 %, 2411 MHz, 41, 11.44 W
1788703348.951717590,0 %, 2411 MHz, 41, 11.44 W
1788703349.052286448,0 %, 2411 MHz, 41, 11.43 W
1788703349.152746475,0 %, 2411 MHz, 41, 11.43 W
1788703349.253456980,0 %, 2411 MHz, 41, 11.43 W
1788703349.353858447,0 %, 2411 MHz, 41, 11.43 W
1788703349.454314665,0 %, 2411 MHz, 41, 11.43 W
1788703349.555109683,0 %, 2411 MHz, 41, 11.43 W
1788703349.655365838,0 %, 2411 MHz, 41, 11.43 W
1788703349.755376266,0 %, 2411 MHz, 41, 11.43 W
1788703349.856056515,0 %, 2411 MHz, 41, 11.43 W
1788703349.956686574,0 %, 2411 MHz, 41, 11.43 W
1788703350.057260840,0 %, 2411 MHz, 41, 11.42 W
1788703350.157635074,0 %, 2411 MHz, 41, 11.42 W
1788703350.258423564,0 %, 2411 MHz, 41, 11.42 W
1788703350.358603319,0 %, 2411 MHz, 41, 11.42 W
1788703350.459183217,0 %, 2411 MHz, 41, 11.42 W
1788703350.560086154,0 %, 2411 MHz, 41, 11.42 W
1788703350.660396053,0 %, 2411 MHz, 41, 11.42 W
1788703350.760434001,0 %, 2411 MHz, 41, 11.42 W
1788703350.861487929,0 %, 2411 MHz, 41, 11.42 W
1788703350.961687973,0 %, 2411 MHz, 41, 11.42 W
1788703351.061983711,0 %, 2411 MHz, 41, 11.42 W
1788703351.163057976,0 %, 2411 MHz, 41, 11.42 W
1788703351.263471155,0 %, 2411 MHz, 41, 11.42 W
1788703351.363640846,0 %, 2411 MHz, 41, 11.42 W
1788703351.464704279,0 %, 2411 MHz, 41, 11.42 W
1788703351.565046097,0 %, 2411 MHz, 41, 11.42 W
1788703351.665487388,0 %, 2411 MHz, 41, 11.42 W
1788703351.765668791,0 %, 2411 MHz, 41, 11.42 W
1788703351.866188737,0 %, 2411 MHz, 41, 11.42 W
1788703351.966528780,0 %, 2411 MHz, 41, 11.42 W
1788703352.066802135,0 %, 2411 MHz, 41, 11.42 W
1788703352.167645808,0 %, 2411 MHz, 41, 11.42 W
1788703352.268343258,0 %, 2411 MHz, 41, 11.42 W
1788703352.368361077,0 %, 2411 MHz, 41, 11.42 W
1788703352.469011951,0 %, 2411 MHz, 41, 11.42 W
1788703352.569590505,0 %, 2411 MHz, 41, 11.42 W
1788703352.669870676,0 %, 2411 MHz, 41, 11.42 W
1788703352.770130495,0 %, 2411 MHz, 41, 11.42 W
1788703352.870987272,0 %, 2411 MHz, 41, 11.42 W
1788703352.971345394,0 %, 2411 MHz, 41, 11.42 W
1788703353.072015932,0 %, 2411 MHz, 41, 11.43 W
1788703353.172287239,0 %, 2411 MHz, 41, 11.43 W
1788703353.273064673,0 %, 2411 MHz, 41, 11.43 W
1788703353.373123484,0 %, 2411 MHz, 41, 11.43 W
1788703353.474044069,0 %, 2411 MHz, 41, 11.43 W
1788703353.574150128,0 %, 2411 MHz, 41, 11.43 W
1788703353.674080684,0 %, 2411 MHz, 41, 11.43 W
1788703353.774556134,0 %, 2411 MHz, 41, 11.43 W
1788703353.875189104,0 %, 2411 MHz, 41, 11.43 W
1788703353.975058972,0 %, 2411 MHz, 41, 11.43 W
1788703354.075995749,0 %, 2411 MHz, 41, 11.45 W
1788703354.176383183,0 %, 2411 MHz, 41, 11.45 W
1788703354.277274024,0 %, 2411 MHz, 41, 11.45 W
1788703354.377707235,0 %, 2411 MHz, 41, 11.45 W
1788703354.478553420,0 %, 2411 MHz, 41, 11.45 W
1788703354.578031609,0 %, 2411 MHz, 41, 11.44 W
1788703354.678417539,0 %, 2411 MHz, 41, 11.44 W
1788703354.778882590,0 %, 2411 MHz, 41, 11.44 W
1788703354.879776295,0 %, 2411 MHz, 41, 11.44 W
1788703354.980529312,0 %, 2411 MHz, 41, 11.44 W
1788703355.080995850,0 %, 2411 MHz, 41, 11.42 W
1788703355.181291717,0 %, 2411 MHz, 41, 11.42 W
1788703355.282058846,0 %, 2411 MHz, 41, 11.42 W
1788703355.382428457,0 %, 2411 MHz, 41, 11.42 W
1788703355.482727443,0 %, 2411 MHz, 41, 11.42 W
1788703355.583653740,0 %, 2411 MHz, 41, 11.42 W
1788703355.684199270,0 %, 2411 MHz, 41, 11.42 W
1788703355.784292626,0 %, 2411 MHz, 41, 11.42 W
1788703355.884666492,0 %, 2411 MHz, 41, 11.42 W
1788703355.985198646,0 %, 2411 MHz, 41, 11.42 W
1788703356.085541457,0 %, 2411 MHz, 41, 11.42 W
1788703356.186783737,0 %, 2411 MHz, 41, 11.42 W
1788703356.287324803,0 %, 2411 MHz, 41, 11.42 W
1788703356.388068716,0 %, 2411 MHz, 41, 11.42 W
1788703356.488471046,0 %, 2411 MHz, 41, 11.43 W
1788703356.588928592,0 %, 2411 MHz, 41, 11.43 W
1788703356.689696410,0 %, 2411 MHz, 41, 11.43 W
1788703356.789826613,0 %, 2411 MHz, 41, 11.43 W
1788703356.890412031,0 %, 2411 MHz, 41, 11.43 W
1788703356.991204168,0 %, 2411 MHz, 41, 11.43 W
1788703357.091653730,0 %, 2411 MHz, 41, 11.43 W
1788703357.192579963,0 %, 2411 MHz, 41, 11.43 W
1788703357.292529319,0 %, 2411 MHz, 41, 11.43 W
1788703357.392898273,0 %, 2411 MHz, 41, 11.43 W
1788703357.494179401,0 %, 2411 MHz, 41, 11.43 W
1788703357.594591907,0 %, 2411 MHz, 41, 11.43 W
1788703357.694516383,0 %, 2411 MHz, 41, 11.43 W
1788703357.794859625,0 %, 2411 MHz, 41, 11.43 W
1788703357.895817186,0 %, 2411 MHz, 41, 11.43 W
1788703357.995914701,0 %, 2411 MHz, 41, 11.43 W
1788703358.097280453,0 %, 2411 MHz, 41, 11.43 W
1788703358.197783951,0 %, 2411 MHz, 41, 11.43 W
1788703358.298390504,0 %, 2411 MHz, 41, 11.43 W
1788703358.398789523,0 %, 2411 MHz, 41, 11.43 W
1788703358.499369772,0 %, 2411 MHz, 41, 11.43 W
1788703358.599773623,0 %, 2411 MHz, 41, 11.43 W
1788703358.700116865,0 %, 2411 MHz, 41, 11.43 W
1788703358.800720267,0 %, 2411 MHz, 41, 11.43 W
1788703358.901503556,0 %, 2411 MHz, 41, 11.43 W
1788703359.001878174,0 %, 2411 MHz, 41, 11.42 W
1788703359.101961977,0 %, 2411 MHz, 41, 11.42 W
1788703359.202093876,0 %, 2411 MHz, 41, 11.42 W
1788703359.303201245,0 %, 2411 MHz, 41, 11.42 W
1788703359.403565239,0 %, 2411 MHz, 41, 11.42 W
1788703359.503643778,0 %, 2411 MHz, 41, 11.43 W
1788703359.604365131,0 %, 2411 MHz, 41, 11.43 W
1788703359.705158532,0 %, 2411 MHz, 41, 11.43 W
1788703359.805170528,0 %, 2411 MHz, 41, 11.43 W
1788703359.905898409,0 %, 2411 MHz, 41, 11.43 W
1788703360.006722370,0 %, 2411 MHz, 41, 11.45 W
1788703360.107090012,0 %, 2411 MHz, 41, 11.45 W
1788703360.207553526,0 %, 2411 MHz, 41, 11.45 W
1788703360.308459455,0 %, 2411 MHz, 41, 11.45 W
1788703360.408686954,0 %, 2411 MHz, 41, 11.45 W
1788703360.509320515,0 %, 2411 MHz, 41, 11.44 W
1788703360.610041117,0 %, 2411 MHz, 41, 11.44 W
1788703360.710392167,0 %, 2411 MHz, 41, 11.44 W
1788703360.810414690,0 %, 2411 MHz, 41, 11.44 W
1788703360.911554266,0 %, 2411 MHz, 41, 11.44 W
1788703361.011960628,0 %, 2411 MHz, 41, 11.42 W
1788703361.112906717,0 %, 2411 MHz, 41, 11.42 W
1788703361.213197960,0 %, 2411 MHz, 41, 11.42 W
1788703361.314038336,0 %, 2411 MHz, 41, 11.42 W
1788703361.414629258,0 %, 2411 MHz, 41, 11.42 W
1788703361.514796773,0 %, 2411 MHz, 41, 11.41 W
1788703361.615256799,0 %, 2411 MHz, 41, 11.41 W
1788703361.715560953,0 %, 2411 MHz, 41, 11.41 W
1788703361.815593668,0 %, 2411 MHz, 41, 11.41 W
1788703361.916649533,0 %, 2411 MHz, 41, 11.41 W
1788703362.017020103,0 %, 2411 MHz, 41, 11.41 W
1788703362.117681568,0 %, 2411 MHz, 41, 11.41 W
1788703362.217083805,0 %, 2411 MHz, 41, 11.41 W
1788703362.318266565,0 %, 2411 MHz, 41, 11.41 W
1788703362.418241440,0 %, 2411 MHz, 41, 11.41 W
1788703362.518335691,0 %, 2411 MHz, 41, 11.42 W
1788703362.618980133,0 %, 2411 MHz, 41, 11.42 W
1788703362.719319487,0 %, 2411 MHz, 41, 11.42 W
1788703362.819730857,0 %, 2411 MHz, 41, 11.42 W
1788703362.920517186,0 %, 2411 MHz, 41, 11.42 W
1788703363.020936444,0 %, 2411 MHz, 41, 11.43 W
1788703363.121671445,0 %, 2411 MHz, 41, 11.43 W
1788703363.222036880,0 %, 2411 MHz, 41, 11.43 W
1788703363.322375594,0 %, 2411 MHz, 41, 11.43 W
1788703363.422836788,0 %, 2411 MHz, 41, 11.43 W
1788703363.523698044,0 %, 2411 MHz, 41, 11.43 W
1788703363.624089575,0 %, 2411 MHz, 41, 11.43 W
1788703363.724707520,0 %, 2411 MHz, 41, 11.43 W
1788703363.824455276,0 %, 2411 MHz, 41, 11.43 W
1788703363.924417799,0 %, 2411 MHz, 41, 11.43 W
1788703364.025151776,0 %, 2411 MHz, 41, 11.42 W
1788703364.125618794,0 %, 2411 MHz, 41, 11.42 W
1788703364.226031156,0 %, 2411 MHz, 41, 11.42 W
1788703364.326255023,0 %, 2411 MHz, 41, 11.42 W
1788703364.426711464,0 %, 2411 MHz, 41, 11.42 W
1788703364.527367154,0 %, 2411 MHz, 41, 11.43 W
1788703364.627351501,0 %, 2411 MHz, 41, 11.43 W
1788703364.728636197,0 %, 2411 MHz, 41, 11.43 W
1788703364.828358352,0 %, 2411 MHz, 41, 11.43 W
1788703364.929306041,0 %, 2411 MHz, 41, 11.43 W
1788703365.030144946,0 %, 2411 MHz, 41, 11.42 W
1788703365.130074157,0 %, 2411 MHz, 41, 11.42 W
1788703365.230315816,0 %, 2411 MHz, 41, 11.42 W
1788703365.330541106,0 %, 2411 MHz, 41, 11.42 W
1788703365.431516506,0 %, 2411 MHz, 41, 11.42 W
1788703365.532908466,0 %, 2411 MHz, 41, 11.44 W
1788703365.632761261,0 %, 2411 MHz, 41, 11.44 W
1788703365.732174234,0 %, 2411 MHz, 41, 11.44 W
1788703365.832177461,0 %, 2411 MHz, 41, 11.44 W
1788703365.933325597,0 %, 2411 MHz, 41, 11.44 W
1788703366.033427512,0 %, 2411 MHz, 41, 11.46 W
1788703366.133713682,0 %, 2411 MHz, 41, 11.46 W
1788703366.233717085,0 %, 2411 MHz, 41, 11.46 W
1788703366.334573014,0 %, 2411 MHz, 41, 11.46 W
1788703366.434404929,0 %, 2411 MHz, 41, 11.46 W
1788703366.535023482,0 %, 2411 MHz, 41, 11.43 W
1788703366.635424260,0 %, 2411 MHz, 41, 11.43 W
1788703366.735829854,0 %, 2411 MHz, 41, 11.43 W
1788703366.836305800,0 %, 2411 MHz, 41, 11.43 W
1788703366.936772114,0 %, 2411 MHz, 41, 11.43 W
1788703367.037667850,0 %, 2411 MHz, 41, 11.43 W
1788703367.137804677,0 %, 2411 MHz, 41, 11.43 W
1788703367.238164495,0 %, 2411 MHz, 41, 11.43 W
1788703367.338793672,0 %, 2411 MHz, 41, 11.43 W
1788703367.439298594,0 %, 2411 MHz, 41, 11.43 W
1788703367.539140429,0 %, 2411 MHz, 41, 11.42 W
1788703367.639374856,0 %, 2411 MHz, 41, 11.42 W
1788703367.739802466,0 %, 2411 MHz, 41, 11.42 W
1788703367.840049036,0 %, 2411 MHz, 41, 11.42 W
1788703367.940225510,0 %, 2411 MHz, 41, 11.42 W
1788703368.040427281,0 %, 2411 MHz, 41, 11.41 W
1788703368.140653627,0 %, 2411 MHz, 41, 11.41 W
1788703368.240877382,0 %, 2411 MHz, 41, 11.41 W
1788703368.341458063,0 %, 2411 MHz, 41, 11.41 W
1788703368.441643257,0 %, 2411 MHz, 41, 11.41 W
1788703368.542212019,0 %, 2411 MHz, 41, 11.41 W
1788703368.642639277,0 %, 2411 MHz, 41, 11.41 W
1788703368.742342264,0 %, 2411 MHz, 41, 11.41 W
1788703368.842699122,0 %, 2411 MHz, 41, 11.41 W
1788703368.942660589,0 %, 2411 MHz, 41, 11.41 W
1788703369.043333894,0 %, 2411 MHz, 41, 11.41 W
1788703369.143600657,0 %, 2411 MHz, 41, 11.41 W
1788703369.244036042,0 %, 2411 MHz, 41, 11.41 W
1788703369.344885923,0 %, 2411 MHz, 41, 11.41 W
1788703369.444732670,0 %, 2411 MHz, 41, 11.41 W
1788703369.544925305,0 %, 2411 MHz, 41, 11.41 W
1788703369.645416082,0 %, 2411 MHz, 41, 11.41 W
1788703369.745910860,0 %, 2411 MHz, 41, 11.41 W
1788703369.845878583,0 %, 2411 MHz, 41, 11.41 W
1788703369.946110913,0 %, 2411 MHz, 41, 11.41 W
1788703370.046621355,0 %, 2411 MHz, 41, 11.41 W
1788703370.147352852,0 %, 2411 MHz, 41, 11.41 W
1788703370.247340479,0 %, 2411 MHz, 41, 11.41 W
1788703370.348003240,0 %, 2411 MHz, 41, 11.41 W
1788703370.448280674,0 %, 2411 MHz, 41, 11.41 W
1788703370.548541692,0 %, 2411 MHz, 41, 11.42 W
1788703370.649104757,0 %, 2411 MHz, 41, 11.42 W
1788703370.749365135,0 %, 2411 MHz, 41, 11.42 W
1788703370.849190411,0 %, 2411 MHz, 41, 11.42 W
1788703370.949750804,0 %, 2411 MHz, 41, 11.42 W
1788703371.050527597,0 %, 2411 MHz, 41, 11.41 W
1788703371.151281718,0 %, 2411 MHz, 41, 11.41 W
1788703371.250945537,0 %, 2411 MHz, 41, 11.41 W
1788703371.351385547,0 %, 2411 MHz, 41, 11.41 W
1788703371.451411878,0 %, 2411 MHz, 41, 11.41 W
1788703371.551896543,0 %, 2411 MHz, 41, 11.40 W
1788703371.652668152,0 %, 2411 MHz, 41, 11.40 W
1788703371.752570115,0 %, 2411 MHz, 41, 11.40 W
1788703371.853009885,0 %, 2411 MHz, 41, 11.40 W
1788703371.953795078,0 %, 2411 MHz, 41, 11.40 W
1788703372.054116799,0 %, 2411 MHz, 41, 11.39 W
1788703372.153916347,0 %, 2411 MHz, 41, 11.39 W
1788703372.254577012,0 %, 2411 MHz, 41, 11.39 W
1788703372.354618735,0 %, 2411 MHz, 41, 11.39 W
1788703372.454932057,0 %, 2411 MHz, 41, 11.39 W
1788703372.555490274,0 %, 2411 MHz, 41, 11.39 W
1788703372.655948411,0 %, 2411 MHz, 41, 11.39 W
1788703372.755859878,0 %, 2411 MHz, 41, 11.39 W
1788703372.856515487,0 %, 2411 MHz, 41, 11.39 W
1788703372.957605159,0 %, 2411 MHz, 41, 11.39 W
1788703373.057881729,0 %, 2411 MHz, 41, 11.39 W
1788703373.158218267,0 %, 2411 MHz, 41, 11.39 W
1788703373.258577221,0 %, 2411 MHz, 41, 11.39 W
1788703373.359310126,0 %, 2411 MHz, 41, 11.39 W
1788703373.459373880,0 %, 2411 MHz, 41, 11.39 W
1788703373.560083201,0 %, 2411 MHz, 41, 11.39 W
1788703373.660895626,0 %, 2411 MHz, 41, 11.39 W
1788703373.760823333,0 %, 2411 MHz, 41, 11.39 W
1788703373.861522557,0 %, 2411 MHz, 41, 11.39 W
1788703373.961636504,0 %, 2411 MHz, 41, 11.39 W
1788703374.062666272,0 %, 2411 MHz, 41, 11.40 W
1788703374.162349035,0 %, 2411 MHz, 41, 11.40 W
1788703374.262618325,0 %, 2411 MHz, 41, 11.40 W
1788703374.362840111,0 %, 2411 MHz, 41, 11.40 W
1788703374.463576840,0 %, 2411 MHz, 41, 11.40 W
1788703374.563928514,0 %, 2411 MHz, 41, 11.41 W
1788703374.664058668,0 %, 2411 MHz, 41, 11.41 W
1788703374.765072756,0 %, 2411 MHz, 41, 11.41 W
1788703374.865411950,0 %, 2411 MHz, 41, 11.41 W
1788703374.965556024,0 %, 2411 MHz, 41, 11.41 W
1788703375.066146609,0 %, 2411 MHz, 41, 11.41 W
1788703375.166922042,0 %, 2411 MHz, 41, 11.41 W
1788703375.267358356,0 %, 2411 MHz, 41, 11.41 W
1788703375.367637294,0 %, 2411 MHz, 41, 11.41 W
1788703375.468402294,0 %, 2411 MHz, 41, 11.41 W
1788703375.568361009,0 %, 2411 MHz, 41, 11.41 W
1788703375.668794170,0 %, 2411 MHz, 41, 11.41 W
1788703375.769039460,0 %, 2411 MHz, 41, 11.41 W
1788703375.868970351,0 %, 2411 MHz, 41, 11.41 W
1788703375.969635368,0 %, 2411 MHz, 41, 11.41 W
1788703376.070028274,0 %, 2411 MHz, 41, 11.42 W
1788703376.170241036,0 %, 2411 MHz, 41, 11.42 W
1788703376.270872213,0 %, 2411 MHz, 41, 11.42 W
1788703376.371124431,0 %, 2411 MHz, 41, 11.42 W
1788703376.471827191,0 %, 2411 MHz, 41, 11.42 W
1788703376.572505888,0 %, 2411 MHz, 41, 11.41 W
1788703376.672644347,0 %, 2411 MHz, 41, 11.41 W
1788703376.773208660,0 %, 2411 MHz, 41, 11.41 W
1788703376.873849484,0 %, 2411 MHz, 41, 11.41 W
1788703376.974071655,0 %, 2411 MHz, 41, 11.41 W
1788703377.074415280,0 %, 2411 MHz, 41, 11.41 W
1788703377.175567640,0 %, 2411 MHz, 41, 11.41 W
1788703377.275722034,0 %, 2411 MHz, 41, 11.41 W
1788703377.376355515,0 %, 2411 MHz, 41, 11.41 W
1788703377.477205315,0 %, 2411 MHz, 41, 11.41 W
1788703377.577631580,0 %, 2411 MHz, 41, 11.40 W
1788703377.677763047,0 %, 2411 MHz, 41, 11.40 W
1788703377.777965009,0 %, 2411 MHz, 41, 11.40 W
1788703377.878753225,0 %, 2411 MHz, 41, 11.40 W
1788703377.979016243,0 %, 2411 MHz, 41, 11.40 W
1788703378.079380205,0 %, 2411 MHz, 41, 11.41 W
1788703378.180628708,0 %, 2411 MHz, 41, 11.41 W
1788703378.280989613,0 %, 2411 MHz, 41, 11.41 W
1788703378.380992664,0 %, 2411 MHz, 41, 11.41 W
1788703378.482086656,0 %, 2411 MHz, 41, 11.41 W
1788703378.582188826,0 %, 2411 MHz, 41, 11.41 W
1788703378.682532692,0 %, 2411 MHz, 41, 11.41 W
1788703378.783645515,0 %, 2411 MHz, 41, 11.41 W
1788703378.884022181,0 %, 2411 MHz, 41, 11.41 W
1788703378.984014415,0 %, 2411 MHz, 41, 11.40 W
1788703379.084649336,0 %, 2411 MHz, 41, 11.40 W
1788703379.185454096,0 %, 2411 MHz, 41, 11.40 W
1788703379.285619962,0 %, 2411 MHz, 41, 11.40 W
1788703379.385929556,0 %, 2411 MHz, 41, 11.40 W
1788703379.486084062,0 %, 2411 MHz, 41, 11.41 W
1788703379.587102486,0 %, 2411 MHz, 41, 11.41 W
1788703379.687523439,0 %, 2411 MHz, 41, 11.41 W
1788703379.787718681,0 %, 2411 MHz, 41, 11.41 W
1788703379.888802113,0 %, 2411 MHz, 41, 11.41 W
1788703379.989159194,0 %, 2411 MHz, 41, 11.43 W
1788703380.090007587,0 %, 2411 MHz, 41, 11.43 W
1788703380.190421020,0 %, 2411 MHz, 41, 11.43 W
1788703380.290828933,0 %, 2411 MHz, 41, 11.43 W
1788703380.391068639,0 %, 2411 MHz, 41, 11.43 W
1788703380.492021879,0 %, 2411 MHz, 41, 11.45 W
1788703380.592439056,0 %, 2411 MHz, 41, 11.45 W
1788703380.693242025,0 %, 2411 MHz, 41, 11.45 W
1788703380.793641954,0 %, 2411 MHz, 41, 11.45 W
1788703380.894201131,0 %, 2411 MHz, 41, 11.45 W
1788703380.994905668,0 %, 2411 MHz, 41, 11.45 W
1788703381.095371117,0 %, 2411 MHz, 41, 11.45 W
1788703381.196256501,0 %, 2411 MHz, 41, 11.45 W
1788703381.296681406,0 %, 2411 MHz, 41, 11.45 W
1788703381.397490742,0 %, 2411 MHz, 41, 11.45 W
1788703381.498009999,0 %, 2411 MHz, 41, 11.44 W
1788703381.598359033,0 %, 2411 MHz, 41, 11.44 W
1788703381.699125825,0 %, 2411 MHz, 41, 11.44 W
1788703381.799538570,0 %, 2411 MHz, 41, 11.44 W
1788703381.899630933,0 %, 2411 MHz, 41, 11.44 W
1788703381.999809375,0 %, 2411 MHz, 41, 11.43 W
1788703382.100997478,0 %, 2411 MHz, 41, 11.43 W
1788703382.201588863,0 %, 2411 MHz, 41, 11.43 W
1788703382.302317927,0 %, 2411 MHz, 41, 11.43 W
1788703382.402588609,0 %, 2411 MHz, 41, 11.43 W
1788703382.502998762,0 %, 2411 MHz, 41, 11.43 W
1788703382.603922802,0 %, 2411 MHz, 41, 11.43 W
1788703382.704338379,0 %, 2411 MHz, 41, 11.43 W
1788703382.805260755,0 %, 2411 MHz, 41, 11.43 W
1788703382.905677164,0 %, 2411 MHz, 41, 11.43 W
1788703383.006509045,0 %, 2411 MHz, 41, 11.42 W
1788703383.106665326,0 %, 2411 MHz, 41, 11.42 W
1788703383.207268167,0 %, 2411 MHz, 41, 11.42 W
1788703383.308086303,0 %, 2411 MHz, 41, 11.42 W
1788703383.408495833,0 %, 2411 MHz, 41, 11.42 W
1788703383.508936802,0 %, 2411 MHz, 41, 11.42 W
1788703383.609710122,0 %, 2411 MHz, 41, 11.42 W
1788703383.710103459,0 %, 2411 MHz, 41, 11.42 W
1788703383.810391725,0 %, 2411 MHz, 41, 11.42 W
1788703383.911154517,0 %, 2411 MHz, 41, 11.42 W
1788703384.011415087,0 %, 2411 MHz, 41, 11.43 W
1788703384.111837160,0 %, 2411 MHz, 41, 11.43 W
1788703384.212152594,0 %, 2411 MHz, 41, 11.43 W
1788703384.312991946,0 %, 2411 MHz, 41, 11.43 W
1788703384.413380419,0 %, 2411 MHz, 41, 11.43 W
1788703384.513827564,0 %, 2411 MHz, 41, 11.42 W
1788703384.614512500,0 %, 2411 MHz, 41, 11.42 W
1788703384.714660798,0 %, 2411 MHz, 41, 11.42 W
1788703384.815209191,0 %, 2411 MHz, 41, 11.42 W
1788703384.916058719,0 %, 2411 MHz, 41, 11.42 W
1788703385.016431961,0 %, 2411 MHz, 41, 11.43 W
1788703385.116866146,0 %, 2411 MHz, 41, 11.43 W
1788703385.217111195,0 %, 2411 MHz, 41, 11.43 W
1788703385.317906243,0 %, 2411 MHz, 41, 11.43 W
1788703385.418272221,0 %, 2411 MHz, 41, 11.43 W
1788703385.518544134,0 %, 2411 MHz, 41, 11.43 W
1788703385.619346798,0 %, 2411 MHz, 41, 11.43 W
1788703385.719865015,0 %, 2411 MHz, 41, 11.43 W
1788703385.819701106,0 %, 2411 MHz, 41, 11.43 W
1788703385.920603306,0 %, 2411 MHz, 41, 11.43 W
1788703386.021283810,0 %, 2411 MHz, 41, 11.44 W
1788703386.121908027,0 %, 2411 MHz, 41, 11.44 W
1788703386.222782931,0 %, 2411 MHz, 41, 11.44 W
1788703386.323322540,0 %, 2411 MHz, 41, 11.44 W
1788703386.424062020,0 %, 2411 MHz, 41, 11.44 W
1788703386.524317181,0 %, 2411 MHz, 41, 11.43 W
1788703386.624912662,0 %, 2411 MHz, 41, 11.43 W
1788703386.725609342,0 %, 2411 MHz, 41, 11.43 W
1788703386.825605705,0 %, 2411 MHz, 41, 11.43 W
1788703386.926808128,0 %, 2411 MHz, 41, 11.43 W
1788703387.027293816,0 %, 2411 MHz, 41, 11.44 W
1788703387.127388194,0 %, 2411 MHz, 41, 11.44 W
1788703387.227875179,0 %, 2411 MHz, 41, 11.44 W
1788703387.328670915,0 %, 2411 MHz, 41, 11.44 W
1788703387.428558638,0 %, 2411 MHz, 41, 11.44 W
1788703387.529385446,0 %, 2411 MHz, 41, 11.44 W
1788703387.630165854,0 %, 2411 MHz, 41, 11.44 W
1788703387.730544167,0 %, 2411 MHz, 41, 11.44 W
1788703387.830698961,0 %, 2411 MHz, 41, 11.44 W
1788703387.931321353,0 %, 2411 MHz, 41, 11.44 W
1788703388.031922418,0 %, 2411 MHz, 41, 11.44 W
1788703388.132291483,0 %, 2411 MHz, 41, 11.44 W
1788703388.232523301,0 %, 2411 MHz, 41, 11.44 W
1788703388.332937182,0 %, 2411 MHz, 41, 11.44 W
1788703388.433286967,0 %, 2411 MHz, 41, 11.44 W
1788703388.534048959,0 %, 2411 MHz, 41, 11.43 W
1788703388.634269961,0 %, 2411 MHz, 41, 11.43 W
1788703388.734679826,0 %, 2411 MHz, 41, 11.43 W
1788703388.835072603,0 %, 2411 MHz, 41, 11.43 W
1788703388.935869107,0 %, 2411 MHz, 41, 11.43 W
1788703389.036162092,0 %, 2411 MHz, 41, 11.43 W
1788703389.136984820,0 %, 2411 MHz, 41, 11.43 W
1788703389.237295102,0 %, 2411 MHz, 41, 11.43 W
1788703389.337669463,0 %, 2411 MHz, 41, 11.43 W
1788703389.438587246,0 %, 2411 MHz, 41, 11.43 W
1788703389.538980663,0 %, 2411 MHz, 41, 11.44 W
1788703389.639956095,0 %, 2411 MHz, 41, 11.44 W
1788703389.740493208,0 %, 2411 MHz, 41, 11.44 W
1788703389.840828929,0 %, 2411 MHz, 41, 11.44 W
1788703389.941555273,0 %, 2411 MHz, 41, 11.44 W
1788703390.041884162,0 %, 2411 MHz, 41, 11.44 W
1788703390.142874954,0 %, 2411 MHz, 41, 11.44 W
1788703390.243135571,0 %, 2411 MHz, 41, 11.44 W
1788703390.343445596,0 %, 2411 MHz, 41, 11.44 W
1788703390.443856549,0 %, 2411 MHz, 41, 11.44 W
1788703390.544673965,0 %, 2411 MHz, 41, 11.44 W
1788703390.645079478,0 %, 2411 MHz, 41, 11.44 W
1788703390.745322544,0 %, 2411 MHz, 41, 11.44 W
1788703390.845662441,0 %, 2411 MHz, 41, 11.44 W
1788703390.946460321,0 %, 2411 MHz, 41, 11.44 W
1788703391.047060409,0 %, 2411 MHz, 41, 11.43 W
1788703391.147932481,0 %, 2411 MHz, 41, 11.43 W
1788703391.248315466,0 %, 2411 MHz, 41, 11.43 W
1788703391.349218433,0 %, 2411 MHz, 41, 11.43 W
1788703391.449455355,0 %, 2411 MHz, 41, 11.43 W
1788703391.549870900,0 %, 2411 MHz, 41, 11.43 W
1788703391.650277645,0 %, 2411 MHz, 41, 11.43 W
1788703391.750960101,0 %, 2411 MHz, 41, 11.43 W
1788703391.850970111,0 %, 2411 MHz, 41, 11.43 W
1788703391.951610647,0 %, 2411 MHz, 41, 11.43 W
1788703392.052432591,0 %, 2411 MHz, 41, 11.43 W
1788703392.152592249,0 %, 2411 MHz, 41, 11.43 W
1788703392.252509123,0 %, 2411 MHz, 41, 11.43 W
1788703392.353197867,0 %, 2411 MHz, 41, 11.43 W
1788703392.453553604,0 %, 2411 MHz, 41, 11.43 W
1788703392.554348076,0 %, 2411 MHz, 41, 11.43 W
1788703392.654593718,0 %, 2411 MHz, 41, 11.43 W
1788703392.754982639,0 %, 2411 MHz, 41, 11.43 W
1788703392.855378151,0 %, 2411 MHz, 41, 11.43 W
1788703392.956156399,0 %, 2411 MHz, 41, 11.43 W
1788703393.056455369,0 %, 2411 MHz, 41, 11.43 W
1788703393.157058625,0 %, 2411 MHz, 41, 11.43 W
1788703393.257528138,0 %, 2411 MHz, 41, 11.43 W
1788703393.358288018,0 %, 2411 MHz, 41, 11.43 W
1788703393.459122249,0 %, 2411 MHz, 41, 11.43 W
1788703393.559326051,0 %, 2411 MHz, 41, 11.42 W
1788703393.659684140,0 %, 2411 MHz, 41, 11.42 W
1788703393.760644067,0 %, 2411 MHz, 41, 11.42 W
1788703393.860660173,0 %, 2411 MHz, 41, 11.42 W
1788703393.961355637,0 %, 2411 MHz, 41, 11.42 W
1788703394.062162509,0 %, 2411 MHz, 41, 11.42 W
1788703394.162509718,0 %, 2411 MHz, 41, 11.42 W
1788703394.262921519,0 %, 2411 MHz, 41, 11.42 W
1788703394.363839334,0 %, 2411 MHz, 41, 11.42 W
1788703394.464303855,0 %, 2411 MHz, 41, 11.42 W
1788703394.564549256,0 %, 2411 MHz, 41, 11.41 W
1788703394.665331872,0 %, 2411 MHz, 41, 11.41 W
1788703394.765716953,0 %, 2411 MHz, 41, 11.41 W
1788703394.865956626,0 %, 2411 MHz, 41, 11.41 W
1788703394.966373499,0 %, 2411 MHz, 41, 11.41 W
1788703395.067135443,0 %, 2411 MHz, 41, 11.41 W
1788703395.167323260,0 %, 2411 MHz, 41, 11.41 W
1788703395.267630613,0 %, 2411 MHz, 41, 11.41 W
1788703395.368043662,0 %, 2411 MHz, 41, 11.41 W
1788703395.468303864,0 %, 2411 MHz, 41, 11.41 W
1788703395.569174143,0 %, 2411 MHz, 41, 11.42 W
1788703395.669405448,0 %, 2411 MHz, 41, 11.42 W
1788703395.769248899,0 %, 2411 MHz, 41, 11.42 W
1788703395.869491996,0 %, 2411 MHz, 41, 11.42 W
1788703395.970318628,0 %, 2411 MHz, 41, 11.42 W
1788703396.071458250,0 %, 2411 MHz, 41, 11.44 W
1788703396.171105941,0 %, 2411 MHz, 41, 11.44 W
1788703396.271626606,0 %, 2411 MHz, 41, 11.44 W
1788703396.372455893,0 %, 2411 MHz, 41, 11.44 W
1788703396.472902654,0 %, 2411 MHz, 41, 11.44 W
1788703396.573791878,0 %, 2411 MHz, 41, 11.46 W
1788703396.674130495,0 %, 2411 MHz, 41, 11.46 W
1788703396.774406136,0 %, 2411 MHz, 41, 11.46 W
1788703396.874592257,0 %, 2411 MHz, 41, 11.46 W
1788703396.975507432,0 %, 2411 MHz, 41, 11.46 W
1788703397.075898849,0 %, 2411 MHz, 41, 11.44 W
1788703397.176211130,0 %, 2411 MHz, 41, 11.44 W
1788703397.277059314,0 %, 2411 MHz, 41, 11.44 W
1788703397.377594522,0 %, 2411 MHz, 41, 11.44 W
1788703397.478096675,0 %, 2411 MHz, 41, 11.44 W
1788703397.578875402,0 %, 2411 MHz, 41, 11.47 W
1788703397.679024180,0 %, 2411 MHz, 41, 11.47 W
1788703397.779292237,0 %, 2411 MHz, 41, 11.47 W
1788703397.879307447,0 %, 2411 MHz, 41, 11.47 W
1788703397.980237966,0 %, 2411 MHz, 41, 11.47 W
1788703398.080832694,0 %, 2411 MHz, 41, 11.46 W
1788703398.180882176,0 %, 2411 MHz, 41, 11.46 W
1788703398.281261817,0 %, 2411 MHz, 41, 11.46 W
1788703398.381683505,0 %, 2411 MHz, 41, 11.46 W
1788703398.482466329,0 %, 2411 MHz, 41, 11.46 W
1788703398.582836658,0 %, 2411 MHz, 41, 11.43 W
1788703398.683169019,0 %, 2411 MHz, 41, 11.43 W
1788703398.783979874,0 %, 2411 MHz, 41, 11.43 W
1788703398.884049484,0 %, 2411 MHz, 41, 11.43 W
1788703398.984755076,0 %, 2411 MHz, 41, 11.43 W
1788703399.085575275,0 %, 2411 MHz, 41, 11.43 W
1788703399.185981892,0 %, 2411 MHz, 41, 11.43 W
1788703399.286371117,0 %, 2411 MHz, 41, 11.43 W
1788703399.387129396,0 %, 2411 MHz, 41, 11.43 W
1788703399.487412909,0 %, 2411 MHz, 41, 11.43 W
1788703399.587821302,0 %, 2411 MHz, 41, 11.43 W
1788703399.688066191,0 %, 2411 MHz, 41, 11.43 W
1788703399.788906311,0 %, 2411 MHz, 41, 11.43 W
1788703399.888927232,0 %, 2411 MHz, 41, 11.43 W
1788703399.989598536,0 %, 2411 MHz, 41, 11.44 W
1788703400.090392064,0 %, 2411 MHz, 41, 11.44 W
1788703400.190616201,0 %, 2411 MHz, 41, 11.44 W
1788703400.291352625,0 %, 2411 MHz, 41, 11.44 W
1788703400.392046521,0 %, 2411 MHz, 41, 11.44 W
1788703400.492589041,0 %, 2411 MHz, 41, 11.45 W
1788703400.593379288,0 %, 2411 MHz, 41, 11.45 W
1788703400.693773121,0 %, 2411 MHz, 41, 11.45 W
1788703400.794024922,0 %, 2411 MHz, 41, 11.45 W
1788703400.894054628,0 %, 2411 MHz, 41, 11.45 W
1788703400.994492876,0 %, 2411 MHz, 41, 11.44 W
1788703401.095362468,0 %, 2411 MHz, 41, 11.44 W
1788703401.195594957,0 %, 2411 MHz, 41, 11.44 W
1788703401.295944710,0 %, 2411 MHz, 41, 11.44 W
1788703401.396259022,0 %, 2411 MHz, 41, 11.44 W
1788703401.497019862,0 %, 2411 MHz, 41, 11.44 W
1788703401.597375279,0 %, 2411 MHz, 41, 11.44 W
1788703401.697754663,0 %, 2411 MHz, 41, 11.44 W
1788703401.798588591,0 %, 2411 MHz, 41, 11.44 W
1788703401.898352185,0 %, 2411 MHz, 41, 11.44 W
1788703401.999447904,0 %, 2411 MHz, 41, 11.44 W
1788703402.100298615,0 %, 2411 MHz, 41, 11.44 W
1788703402.200871647,0 %, 2411 MHz, 41, 11.44 W
1788703402.301490503,0 %, 2411 MHz, 41, 11.44 W
1788703402.401420945,0 %, 2411 MHz, 41, 11.44 W
1788703402.502107769,0 %, 2411 MHz, 41, 11.44 W
1788703402.602847633,0 %, 2411 MHz, 41, 11.44 W
1788703402.702642171,0 %, 2411 MHz, 41, 11.44 W
1788703402.803516658,0 %, 2411 MHz, 41, 11.44 W
1788703402.903279629,0 %, 2411 MHz, 41, 11.44 W
1788703403.004422723,0 %, 2411 MHz, 41, 11.43 W
1788703403.104922139,0 %, 2411 MHz, 41, 11.43 W
1788703403.205353844,0 %, 2411 MHz, 41, 11.43 W
1788703403.305784700,0 %, 2411 MHz, 41, 11.43 W
1788703403.406405444,0 %, 2411 MHz, 41, 11.43 W
1788703403.507006476,0 %, 2411 MHz, 41, 11.43 W
1788703403.607218325,0 %, 2411 MHz, 41, 11.43 W
1788703403.708085612,0 %, 2411 MHz, 41, 11.43 W
1788703403.808486757,0 %, 2411 MHz, 41, 11.43 W
1788703403.908285583,0 %, 2411 MHz, 41, 11.43 W
1788703404.008847767,0 %, 2411 MHz, 41, 11.44 W
1788703404.109960398,0 %, 2411 MHz, 41, 11.44 W
1788703404.209960807,0 %, 2411 MHz, 41, 11.44 W
1788703404.310324224,0 %, 2411 MHz, 41, 11.44 W
1788703404.411436439,0 %, 2411 MHz, 41, 11.44 W
1788703404.511684176,0 %, 2411 MHz, 41, 11.43 W
1788703404.612295383,0 %, 2411 MHz, 41, 11.43 W
1788703404.712869071,0 %, 2411 MHz, 41, 11.43 W
1788703404.813336488,0 %, 2411 MHz, 41, 11.43 W
1788703404.913544273,0 %, 2411 MHz, 41, 11.43 W
1788703405.014525960,0 %, 2411 MHz, 41, 11.42 W
1788703405.114898016,0 %, 2411 MHz, 41, 11.42 W
1788703405.215234185,0 %, 2411 MHz, 41, 11.42 W
1788703405.316084432,0 %, 2411 MHz, 41, 11.42 W
1788703405.416448169,0 %, 2411 MHz, 41, 11.42 W
1788703405.517084064,0 %, 2411 MHz, 41, 11.42 W
1788703405.617843016,0 %, 2411 MHz, 41, 11.42 W
1788703405.718195409,0 %, 2411 MHz, 41, 11.42 W
1788703405.819055656,0 %, 2411 MHz, 41, 11.42 W
1788703405.918870594,0 %, 2411 MHz, 41, 11.42 W
1788703406.019586041,0 %, 2411 MHz, 41, 11.44 W
1788703406.119831986,0 %, 2411 MHz, 41, 11.44 W
1788703406.220498730,0 %, 2411 MHz, 41, 11.44 W
1788703406.321158402,0 %, 2411 MHz, 41, 11.44 W
1788703406.421461994,0 %, 2411 MHz, 41, 11.44 W
1788703406.521915379,0 %, 2411 MHz, 41, 11.45 W
1788703406.622980569,0 %, 2411 MHz, 41, 11.45 W
1788703406.723172770,0 %, 2411 MHz, 41, 11.45 W
1788703406.823970554,0 %, 2411 MHz, 41, 11.45 W
1788703406.923787828,0 %, 2411 MHz, 41, 11.45 W
1788703407.024520571,0 %, 2411 MHz, 41, 11.45 W
1788703407.124464805,0 %, 2411 MHz, 41, 11.45 W
1788703407.225036845,0 %, 2411 MHz, 41, 11.45 W
1788703407.325350789,0 %, 2411 MHz, 41, 11.45 W
1788703407.426122125,0 %, 2411 MHz, 41, 11.45 W
1788703407.526606405,0 %, 2411 MHz, 41, 11.44 W
1788703407.626977981,0 %, 2411 MHz, 41, 11.44 W
1788703407.727739717,0 %, 2411 MHz, 41, 11.44 W
1788703407.828128429,0 %, 2411 MHz, 41, 11.44 W
1788703407.928282934,0 %, 2411 MHz, 41, 11.44 W
1788703408.029285069,0 %, 2411 MHz, 41, 11.44 W
1788703408.129678069,0 %, 2411 MHz, 41, 11.44 W
1788703408.230619020,0 %, 2411 MHz, 41, 11.44 W
1788703408.331009621,0 %, 2411 MHz, 41, 11.44 W
1788703408.431287501,0 %, 2411 MHz, 41, 11.44 W
1788703408.532512307,0 %, 2411 MHz, 41, 11.44 W
1788703408.633287899,0 %, 2411 MHz, 41, 11.44 W
1788703408.732918645,0 %, 2411 MHz, 41, 11.44 W
1788703408.833754764,0 %, 2411 MHz, 41, 11.44 W
1788703408.934217573,0 %, 2411 MHz, 41, 11.44 W
1788703409.034725261,0 %, 2411 MHz, 41, 11.43 W
1788703409.135357604,0 %, 2411 MHz, 41, 11.43 W
1788703409.235771069,0 %, 2411 MHz, 41, 11.43 W
1788703409.336644516,0 %, 2411 MHz, 41, 11.43 W
1788703409.437343979,0 %, 2411 MHz, 41, 11.43 W
1788703409.537583604,0 %, 2411 MHz, 41, 11.44 W
1788703409.638193676,0 %, 2411 MHz, 41, 11.44 W
1788703409.738468660,0 %, 2411 MHz, 41, 11.44 W
1788703409.838861773,0 %, 2411 MHz, 41, 11.44 W
1788703409.938882006,0 %, 2411 MHz, 41, 11.44 W
1788703410.039970076,0 %, 2411 MHz, 41, 11.44 W
1788703410.140253541,0 %, 2411 MHz, 41, 11.44 W
1788703410.240767277,0 %, 2411 MHz, 41, 11.44 W
1788703410.341511572,0 %, 2411 MHz, 41, 11.44 W
1788703410.441376302,0 %, 2411 MHz, 41, 11.44 W
1788703410.541865830,0 %, 2411 MHz, 41, 11.43 W
1788703410.642164047,0 %, 2411 MHz, 41, 11.43 W
1788703410.743007702,0 %, 2411 MHz, 41, 11.43 W
1788703410.843474110,0 %, 2411 MHz, 41, 11.43 W
1788703410.943718151,0 %, 2411 MHz, 41, 11.43 W
1788703411.044162255,0 %, 2411 MHz, 41, 11.43 W
1788703411.144458071,0 %, 2411 MHz, 41, 11.43 W
1788703411.245264014,0 %, 2411 MHz, 41, 11.43 W
1788703411.345659063,0 %, 2411 MHz, 41, 11.43 W
1788703411.446283614,0 %, 2411 MHz, 41, 11.43 W
1788703411.546940086,0 %, 2411 MHz, 41, 11.43 W
1788703411.647602733,0 %, 2411 MHz, 41, 11.43 W
1788703411.748163765,0 %, 2411 MHz, 41, 11.43 W
1788703411.848588397,0 %, 2411 MHz, 41, 11.43 W
1788703411.948721062,0 %, 2411 MHz, 41, 11.43 W
1788703412.049769117,0 %, 2411 MHz, 41, 11.43 W
1788703412.150138725,0 %, 2411 MHz, 41, 11.43 W
1788703412.251010156,0 %, 2411 MHz, 41, 11.43 W
1788703412.351416068,0 %, 2411 MHz, 41, 11.43 W
1788703412.451453725,0 %, 2411 MHz, 41, 11.43 W
1788703412.552014853,0 %, 2411 MHz, 41, 11.43 W
1788703412.652831404,0 %, 2411 MHz, 41, 11.43 W
1788703412.753230356,0 %, 2411 MHz, 41, 11.43 W
1788703412.853625117,0 %, 2411 MHz, 41, 11.43 W
1788703412.954207044,0 %, 2411 MHz, 41, 11.43 W
1788703413.054841676,0 %, 2411 MHz, 41, 11.43 W
1788703413.155155396,0 %, 2411 MHz, 41, 11.43 W
1788703413.256009243,0 %, 2411 MHz, 41, 11.43 W
1788703413.356400627,0 %, 2411 MHz, 41, 11.43 W
1788703413.456781964,0 %, 2411 MHz, 41, 11.43 W
1788703413.557430803,0 %, 2411 MHz, 41, 11.43 W
1788703413.657786316,0 %, 2411 MHz, 41, 11.43 W
1788703413.758172116,0 %, 2411 MHz, 41, 11.43 W
1788703413.859118586,0 %, 2411 MHz, 41, 11.43 W
1788703413.959520675,0 %, 2411 MHz, 41, 11.43 W
1788703414.059784331,0 %, 2411 MHz, 41, 11.42 W
1788703414.160438690,0 %, 2411 MHz, 41, 11.42 W
1788703414.260783451,0 %, 2411 MHz, 41, 11.42 W
1788703414.360327365,0 %, 2411 MHz, 41, 11.42 W
1788703414.461669035,0 %, 2411 MHz, 41, 11.42 W
1788703414.562533682,0 %, 2411 MHz, 41, 11.44 W
1788703414.662777162,0 %, 2411 MHz, 41, 11.44 W
1788703414.763263570,0 %, 2411 MHz, 41, 11.44 W
1788703414.864048441,0 %, 2411 MHz, 41, 11.44 W
1788703414.964111506,0 %, 2411 MHz, 41, 11.44 W
1788703415.064722586,0 %, 2411 MHz, 41, 11.44 W
1788703415.165583665,0 %, 2411 MHz, 41, 11.44 W
1788703415.265902953,0 %, 2411 MHz, 41, 11.44 W
1788703415.366364849,0 %, 2411 MHz, 41, 11.44 W
1788703415.467671815,0 %, 2411 MHz, 41, 11.44 W
1788703415.568169614,0 %, 2411 MHz, 41, 11.43 W
1788703415.667917368,0 %, 2411 MHz, 41, 11.43 W
1788703415.768836671,0 %, 2411 MHz, 41, 11.43 W
1788703415.868580825,0 %, 2411 MHz, 41, 11.43 W
1788703415.969982014,0 %, 2411 MHz, 41, 11.43 W
1788703416.070281175,0 %, 2411 MHz, 41, 11.43 W
1788703416.170581055,0 %, 2411 MHz, 41, 11.43 W
1788703416.270931367,0 %, 2411 MHz, 41, 11.43 W
1788703416.371148688,0 %, 2411 MHz, 41, 11.43 W
1788703416.472039143,0 %, 2411 MHz, 41, 11.43 W
1788703416.572515134,0 %, 2411 MHz, 41, 11.43 W
1788703416.673299381,0 %, 2411 MHz, 41, 11.43 W
1788703416.773667646,0 %, 2411 MHz, 41, 11.43 W
1788703416.874084278,0 %, 2411 MHz, 41, 11.43 W
1788703416.974918044,0 %, 2411 MHz, 41, 11.43 W
1788703417.075262101,0 %, 2411 MHz, 41, 11.43 W
1788703417.175676493,0 %, 2411 MHz, 41, 11.43 W
1788703417.275974101,0 %, 2411 MHz, 41, 11.43 W
1788703417.376755868,0 %, 2411 MHz, 41, 11.43 W
1788703417.477174292,0 %, 2411 MHz, 41, 11.43 W
1788703417.577995723,0 %, 2411 MHz, 41, 11.44 W
1788703417.678811426,0 %, 2411 MHz, 41, 11.44 W
1788703417.778880155,0 %, 2411 MHz, 41, 11.44 W
1788703417.879375730,0 %, 2411 MHz, 41, 11.44 W
1788703417.979914538,0 %, 2411 MHz, 41, 11.44 W
1788703418.080254930,0 %, 2411 MHz, 41, 11.45 W
1788703418.180357867,0 %, 2411 MHz, 41, 11.45 W
1788703418.281769488,0 %, 2411 MHz, 41, 11.45 W
1788703418.381809401,0 %, 2411 MHz, 41, 11.45 W
1788703418.481971346,0 %, 2411 MHz, 41, 11.45 W
1788703418.582626633,0 %, 2411 MHz, 41, 11.45 W
1788703418.683241329,0 %, 2411 MHz, 41, 11.45 W
1788703418.783625177,0 %, 2411 MHz, 41, 11.45 W
1788703418.883794609,0 %, 2411 MHz, 41, 11.45 W
1788703418.984667464,0 %, 2411 MHz, 41, 11.45 W
1788703419.085038400,0 %, 2411 MHz, 41, 11.46 W
1788703419.185264184,0 %, 2411 MHz, 41, 11.46 W
1788703419.285900896,0 %, 2411 MHz, 41, 11.46 W
1788703419.386624663,0 %, 2411 MHz, 41, 11.46 W
1788703419.487272974,0 %, 2411 MHz, 41, 11.46 W
1788703419.587941093,0 %, 2411 MHz, 41, 11.46 W
1788703419.688773644,0 %, 2411 MHz, 41, 11.46 W
1788703419.789218052,0 %, 2411 MHz, 41, 11.46 W
1788703419.889745116,0 %, 2411 MHz, 41, 11.46 W
1788703419.990622226,0 %, 2411 MHz, 41, 11.47 W
1788703420.091020586,0 %, 2411 MHz, 41, 11.47 W
1788703420.191162259,0 %, 2411 MHz, 41, 11.47 W
1788703420.291992634,0 %, 2411 MHz, 41, 11.47 W
1788703420.392221346,0 %, 2411 MHz, 41, 11.47 W
1788703420.492644554,0 %, 2411 MHz, 41, 11.47 W
1788703420.593042130,0 %, 2411 MHz, 41, 11.47 W
1788703420.693263514,0 %, 2411 MHz, 41, 11.47 W
1788703420.794071697,0 %, 2411 MHz, 41, 11.47 W
1788703420.894609544,0 %, 2411 MHz, 41, 11.47 W
1788703420.994636721,0 %, 2411 MHz, 41, 11.45 W
1788703421.095451144,0 %, 2411 MHz, 41, 11.45 W
1788703421.195990448,0 %, 2411 MHz, 41, 11.45 W
1788703421.296071369,0 %, 2411 MHz, 41, 11.45 W
1788703421.396951055,0 %, 2411 MHz, 41, 11.45 W
1788703421.497779910,0 %, 2411 MHz, 41, 11.44 W
1788703421.597811455,0 %, 2411 MHz, 41, 11.44 W
1788703421.698123943,0 %, 2411 MHz, 41, 11.44 W
1788703421.798955678,0 %, 2411 MHz, 41, 11.44 W
1788703421.899759300,0 %, 2411 MHz, 41, 11.44 W
1788703421.999687725,0 %, 2411 MHz, 41, 11.45 W
1788703422.100561236,0 %, 2411 MHz, 41, 11.45 W
1788703422.200915804,0 %, 2411 MHz, 41, 11.45 W
1788703422.301179268,0 %, 2411 MHz, 41, 11.45 W
1788703422.401399741,0 %, 2411 MHz, 41, 11.45 W
1788703422.502274787,0 %, 2411 MHz, 41, 11.45 W
1788703422.603333689,0 %, 2411 MHz, 41, 11.45 W
1788703422.702857348,0 %, 2411 MHz, 41, 11.45 W
1788703422.803127836,0 %, 2411 MHz, 41, 11.45 W
1788703422.904310785,0 %, 2411 MHz, 41, 11.45 W
1788703423.004325578,0 %, 2411 MHz, 41, 11.45 W
1788703423.105050737,0 %, 2411 MHz, 41, 11.45 W
1788703423.205811800,0 %, 2411 MHz, 41, 11.45 W
1788703423.306230064,0 %, 2411 MHz, 41, 11.45 W
1788703423.407083942,0 %, 2411 MHz, 41, 11.45 W
1788703423.507516782,0 %, 2411 MHz, 41, 11.45 W
1788703423.607789574,0 %, 2411 MHz, 41, 11.45 W
1788703423.708550909,0 %, 2411 MHz, 41, 11.45 W
1788703423.809111893,0 %, 2411 MHz, 41, 11.45 W
1788703423.909550188,0 %, 2411 MHz, 41, 11.45 W
1788703424.010243603,0 %, 2411 MHz, 41, 11.44 W
1788703424.110506763,0 %, 2411 MHz, 41, 11.44 W
1788703424.210803395,0 %, 2411 MHz, 41, 11.44 W
1788703424.311128924,0 %, 2411 MHz, 41, 11.44 W
1788703424.411425860,0 %, 2411 MHz, 41, 11.44 W
1788703424.512283290,0 %, 2411 MHz, 41, 11.45 W
1788703424.612669554,0 %, 2411 MHz, 41, 11.45 W
1788703424.713452121,0 %, 2411 MHz, 41, 11.45 W
1788703424.813631793,0 %, 2411 MHz, 41, 11.45 W
1788703424.913745274,0 %, 2411 MHz, 41, 11.45 W
1788703425.014821072,0 %, 2411 MHz, 41, 11.45 W
1788703425.115052568,0 %, 2411 MHz, 41, 11.45 W
1788703425.215347440,0 %, 2411 MHz, 41, 11.45 W
1788703425.316225462,0 %, 2411 MHz, 41, 11.45 W
1788703425.416624302,0 %, 2411 MHz, 41, 11.45 W
1788703425.517055222,0 %, 2411 MHz, 41, 11.45 W
1788703425.617752413,0 %, 2411 MHz, 41, 11.45 W
1788703425.718239540,0 %, 2411 MHz, 41, 11.45 W
1788703425.818660332,0 %, 2411 MHz, 41, 11.45 W
1788703425.918653685,0 %, 2411 MHz, 41, 11.45 W
1788703426.019699563,0 %, 2411 MHz, 41, 11.46 W
1788703426.118992550,0 %, 2411 MHz, 41, 11.46 W
1788703426.220384378,0 %, 2411 MHz, 41, 11.46 W
1788703426.320752114,0 %, 2411 MHz, 41, 11.46 W
1788703426.421043114,0 %, 2411 MHz, 41, 11.46 W
1788703426.522362015,0 %, 2411 MHz, 41, 11.48 W
1788703426.622670887,0 %, 2411 MHz, 41, 11.48 W
1788703426.723050127,0 %, 2411 MHz, 41, 11.48 W
1788703426.823566503,0 %, 2411 MHz, 41, 11.48 W
1788703426.923203136,0 %, 2411 MHz, 41, 11.48 W
1788703427.024705413,0 %, 2411 MHz, 41, 11.47 W
1788703427.124250287,0 %, 2411 MHz, 41, 11.47 W
1788703427.225190085,0 %, 2411 MHz, 41, 11.47 W
1788703427.325635821,0 %, 2411 MHz, 41, 11.47 W
1788703427.426450419,0 %, 2411 MHz, 41, 11.47 W
1788703427.527055947,0 %, 2411 MHz, 41, 11.44 W
1788703427.628329136,0 %, 2411 MHz, 41, 11.44 W
1788703427.728301481,0 %, 2411 MHz, 41, 11.44 W
1788703427.829251183,0 %, 2411 MHz, 41, 11.44 W
1788703427.929138360,0 %, 2411 MHz, 41, 11.44 W
1788703428.029675743,0 %, 2411 MHz, 41, 11.44 W
1788703428.129920871,0 %, 2411 MHz, 41, 11.44 W
1788703428.231026669,0 %, 2411 MHz, 41, 11.44 W
1788703428.331679044,0 %, 2411 MHz, 41, 11.44 W
1788703428.431349134,0 %, 2411 MHz, 41, 11.44 W
1788703428.531960245,0 %, 2411 MHz, 41, 11.44 W
1788703428.632961307,0 %, 2411 MHz, 41, 11.44 W
1788703428.733119299,0 %, 2411 MHz, 41, 11.44 W
1788703428.833761786,0 %, 2411 MHz, 41, 11.44 W
1788703428.933201188,0 %, 2411 MHz, 41, 11.44 W
1788703429.034347994,0 %, 2411 MHz, 41, 11.44 W
1788703429.134557730,0 %, 2411 MHz, 41, 11.44 W
1788703429.234933738,0 %, 2411 MHz, 41, 11.44 W
1788703429.335060882,0 %, 2411 MHz, 41, 11.44 W
1788703429.435628425,0 %, 2411 MHz, 41, 11.44 W
1788703429.536443888,0 %, 2411 MHz, 41, 11.44 W
1788703429.637326310,0 %, 2411 MHz, 41, 11.44 W
1788703429.737112975,0 %, 2411 MHz, 41, 11.44 W
1788703429.837419479,0 %, 2411 MHz, 41, 11.44 W
1788703429.937264128,0 %, 2411 MHz, 41, 11.44 W
1788703430.038564277,0 %, 2411 MHz, 41, 11.45 W
1788703430.138790461,0 %, 2411 MHz, 41, 11.45 W
1788703430.239084677,0 %, 2411 MHz, 41, 11.45 W
1788703430.339921388,0 %, 2411 MHz, 41, 11.45 W
1788703430.440168564,0 %, 2411 MHz, 41, 11.45 W
1788703430.541201082,0 %, 2411 MHz, 41, 11.44 W
1788703430.640777347,0 %, 2411 MHz, 41, 11.44 W
1788703430.742125720,0 %, 2411 MHz, 41, 11.44 W
1788703430.842008401,0 %, 2411 MHz, 41, 11.44 W
1788703430.941746683,0 %, 2411 MHz, 41, 11.44 W
1788703431.042400034,0 %, 2411 MHz, 41, 11.42 W
1788703431.143405896,0 %, 2411 MHz, 41, 11.42 W
1788703431.243593312,0 %, 2411 MHz, 41, 11.42 W
1788703431.343988279,0 %, 2411 MHz, 41, 11.42 W
1788703431.444240191,0 %, 2411 MHz, 41, 11.42 W
1788703431.545106021,0 %, 2411 MHz, 41, 11.43 W
1788703431.645574269,0 %, 2411 MHz, 41, 11.43 W
1788703431.745882917,0 %, 2411 MHz, 41, 11.43 W
1788703431.846074189,0 %, 2411 MHz, 41, 11.43 W
1788703431.946245093,0 %, 2411 MHz, 41, 11.43 W
1788703432.047033339,0 %, 2411 MHz, 41, 11.44 W
1788703432.147438035,0 %, 2411 MHz, 41, 11.44 W
1788703432.247774651,0 %, 2411 MHz, 41, 11.44 W
1788703432.348647521,0 %, 2411 MHz, 41, 11.44 W
1788703432.449807254,0 %, 2411 MHz, 41, 11.44 W
1788703432.550095726,0 %, 2411 MHz, 41, 11.44 W
1788703432.650326502,0 %, 2411 MHz, 41, 11.44 W
1788703432.750914717,0 %, 2411 MHz, 41, 11.44 W
1788703432.851526244,0 %, 2411 MHz, 41, 11.44 W
1788703432.951029822,0 %, 2411 MHz, 41, 11.44 W
1788703433.051375654,0 %, 2411 MHz, 41, 11.43 W
1788703433.152161548,0 %, 2411 MHz, 41, 11.43 W
1788703433.252561379,0 %, 2411 MHz, 41, 11.43 W
1788703433.353395930,0 %, 2411 MHz, 41, 11.43 W
1788703433.453810065,0 %, 2411 MHz, 41, 11.43 W
1788703433.554155001,0 %, 2411 MHz, 41, 11.43 W
1788703433.655033759,0 %, 2411 MHz, 41, 11.43 W
1788703433.755244919,0 %, 2411 MHz, 41, 11.43 W
1788703433.855735822,0 %, 2411 MHz, 41, 11.43 W
1788703433.955645271,0 %, 2411 MHz, 41, 11.43 W
1788703434.056406829,0 %, 2411 MHz, 41, 11.42 W
1788703434.157846114,0 %, 2411 MHz, 41, 11.42 W
1788703434.257586347,0 %, 2411 MHz, 41, 11.42 W
1788703434.357471684,0 %, 2411 MHz, 41, 11.42 W
1788703434.458812633,0 %, 2411 MHz, 41, 11.42 W
1788703434.558385523,0 %, 2411 MHz, 41, 11.41 W
1788703434.659537832,0 %, 2411 MHz, 41, 11.41 W
1788703434.759575969,0 %, 2411 MHz, 41, 11.41 W
1788703434.860161575,0 %, 2411 MHz, 41, 11.41 W
1788703434.959762161,0 %, 2411 MHz, 41, 11.41 W
1788703435.060554711,0 %, 2411 MHz, 41, 11.41 W
1788703435.161729101,0 %, 2411 MHz, 41, 11.41 W
1788703435.262093684,0 %, 2411 MHz, 41, 11.41 W
1788703435.362634491,0 %, 2411 MHz, 41, 11.41 W
1788703435.462872355,0 %, 2411 MHz, 41, 11.41 W
1788703435.563079723,0 %, 2411 MHz, 41, 11.41 W
1788703435.664384800,0 %, 2411 MHz, 41, 11.41 W
1788703435.764569624,0 %, 2411 MHz, 41, 11.41 W
1788703435.864234449,0 %, 2411 MHz, 41, 11.41 W
1788703435.964350714,0 %, 2411 MHz, 41, 11.41 W
1788703436.065617327,0 %, 2411 MHz, 41, 11.41 W
1788703436.165788391,0 %, 2411 MHz, 41, 11.41 W
1788703436.266124286,0 %, 2411 MHz, 41, 11.41 W
1788703436.366459110,0 %, 2411 MHz, 41, 11.41 W
1788703436.467812330,0 %, 2411 MHz, 41, 11.41 W
1788703436.567609827,0 %, 2411 MHz, 41, 11.42 W
1788703436.667847467,0 %, 2411 MHz, 41, 11.42 W
1788703436.768203683,0 %, 2411 MHz, 41, 11.42 W
1788703436.869054969,0 %, 2411 MHz, 41, 11.42 W
1788703436.968577843,0 %, 2411 MHz, 41, 11.42 W
1788703437.069409305,0 %, 2411 MHz, 41, 11.43 W
1788703437.169642865,0 %, 2411 MHz, 41, 11.43 W
1788703437.270047976,0 %, 2411 MHz, 41, 11.43 W
1788703437.370974558,0 %, 2411 MHz, 41, 11.43 W
1788703437.470900775,0 %, 2411 MHz, 41, 11.43 W
1788703437.571688397,0 %, 2411 MHz, 41, 11.43 W
1788703437.672547091,0 %, 2411 MHz, 41, 11.43 W
1788703437.772679611,0 %, 2411 MHz, 41, 11.43 W
1788703437.873271922,0 %, 2411 MHz, 41, 11.43 W
1788703437.973010683,0 %, 2411 MHz, 41, 11.43 W
1788703438.073899665,0 %, 2411 MHz, 41, 11.44 W
1788703438.174561319,0 %, 2411 MHz, 41, 11.44 W
1788703438.274924191,0 %, 2411 MHz, 41, 11.44 W
1788703438.375084855,0 %, 2411 MHz, 41, 11.44 W
1788703438.476102844,0 %, 2411 MHz, 41, 11.44 W
1788703438.576510036,0 %, 2411 MHz, 41, 11.43 W
1788703438.677563081,0 %, 2411 MHz, 41, 11.43 W
1788703438.777788657,0 %, 2411 MHz, 41, 11.43 W
1788703438.878574903,0 %, 2411 MHz, 41, 11.43 W
1788703438.978174945,0 %, 2411 MHz, 41, 11.43 W
1788703439.079213558,0 %, 2411 MHz, 41, 11.42 W
1788703439.179562222,0 %, 2411 MHz, 41, 11.42 W
1788703439.279897749,0 %, 2411 MHz, 41, 11.42 W
1788703439.380139149,0 %, 2411 MHz, 41, 11.42 W
1788703439.480457556,0 %, 2411 MHz, 41, 11.42 W
1788703439.581308554,0 %, 2411 MHz, 41, 11.42 W
1788703439.681723714,0 %, 2411 MHz, 41, 11.42 W
1788703439.782529112,0 %, 2411 MHz, 41, 11.42 W
1788703439.882911871,0 %, 2411 MHz, 41, 11.42 W
1788703439.982636680,0 %, 2411 MHz, 41, 11.42 W
1788703440.083351183,0 %, 2411 MHz, 41, 11.42 W
1788703440.184254692,0 %, 2411 MHz, 41, 11.42 W
1788703440.284535196,0 %, 2411 MHz, 41, 11.42 W
1788703440.385038147,0 %, 2411 MHz, 41, 11.42 W
1788703440.484910124,0 %, 2411 MHz, 41, 11.42 W
1788703440.585227939,0 %, 2411 MHz, 41, 11.44 W
1788703440.686235273,0 %, 2411 MHz, 41, 11.44 W
1788703440.785678051,0 %, 2411 MHz, 41, 11.44 W
1788703440.886673688,0 %, 2411 MHz, 41, 11.44 W
1788703440.986197266,0 %, 2411 MHz, 41, 11.44 W
1788703441.087284023,0 %, 2411 MHz, 41, 11.44 W
1788703441.187720510,0 %, 2411 MHz, 41, 11.44 W
1788703441.288114373,0 %, 2411 MHz, 41, 11.44 W
1788703441.388685868,0 %, 2411 MHz, 41, 11.44 W
1788703441.489086099,0 %, 2411 MHz, 41, 11.44 W
1788703441.589352907,0 %, 2411 MHz, 41, 11.43 W
1788703441.690173105,0 %, 2411 MHz, 41, 11.43 W
1788703441.790602520,0 %, 2411 MHz, 41, 11.43 W
1788703441.891005183,0 %, 2411 MHz, 41, 11.43 W
1788703441.990628345,0 %, 2411 MHz, 41, 11.43 W
1788703442.092066045,0 %, 2411 MHz, 41, 11.43 W
1788703442.192713011,0 %, 2411 MHz, 41, 11.43 W
1788703442.293363434,0 %, 2411 MHz, 41, 11.43 W
1788703442.393960081,0 %, 2411 MHz, 41, 11.43 W
1788703442.494827558,0 %, 2411 MHz, 41, 11.44 W
1788703442.595031006,0 %, 2411 MHz, 41, 11.44 W
1788703442.695377205,0 %, 2411 MHz, 41, 11.44 W
1788703442.796204843,0 %, 2411 MHz, 41, 11.44 W
1788703442.896632787,0 %, 2411 MHz, 41, 11.44 W
1788703442.996293164,0 %, 2411 MHz, 41, 11.44 W
1788703443.097282785,0 %, 2411 MHz, 41, 11.44 W
1788703443.198047255,0 %, 2411 MHz, 41, 11.44 W
1788703443.298432606,0 %, 2411 MHz, 41, 11.44 W
1788703443.399292836,0 %, 2411 MHz, 41, 11.44 W
1788703443.499416284,0 %, 2411 MHz, 41, 11.43 W
1788703443.600040755,0 %, 2411 MHz, 41, 11.43 W
1788703443.700620057,0 %, 2411 MHz, 41, 11.43 W
1788703443.801282080,0 %, 2411 MHz, 41, 11.43 W
1788703443.901554663,0 %, 2411 MHz, 41, 11.43 W
1788703444.001726431,0 %, 2411 MHz, 41, 11.42 W
1788703444.102740996,0 %, 2411 MHz, 41, 11.42 W
1788703444.203237019,0 %, 2411 MHz, 41, 11.42 W
1788703444.303462899,0 %, 2411 MHz, 41, 11.42 W
1788703444.404353993,0 %, 2411 MHz, 41, 11.42 W
1788703444.504848063,0 %, 2411 MHz, 41, 11.43 W
1788703444.605608726,0 %, 2411 MHz, 41, 11.43 W
1788703444.706034157,0 %, 2411 MHz, 41, 11.43 W
1788703444.806453572,0 %, 2411 MHz, 41, 11.43 W
1788703444.907388633,0 %, 2411 MHz, 41, 11.43 W
1788703445.007183218,0 %, 2411 MHz, 41, 11.44 W
1788703445.108044936,0 %, 2411 MHz, 41, 11.44 W
1788703445.208621486,0 %, 2411 MHz, 41, 11.44 W
1788703445.309160165,0 %, 2411 MHz, 41, 11.44 W
1788703445.409422829,0 %, 2411 MHz, 41, 11.44 W
1788703445.509739028,0 %, 2411 MHz, 41, 11.45 W
1788703445.610471082,0 %, 2411 MHz, 41, 11.45 W
1788703445.711012737,0 %, 2411 MHz, 41, 11.45 W
1788703445.811838167,0 %, 2411 MHz, 41, 11.45 W
1788703445.912417181,0 %, 2411 MHz, 41, 11.45 W
1788703446.012643509,0 %, 2411 MHz, 41, 11.44 W
1788703446.113707706,0 %, 2411 MHz, 41, 11.44 W
1788703446.214284288,0 %, 2411 MHz, 41, 11.44 W
1788703446.314724679,0 %, 2411 MHz, 41, 11.44 W
1788703446.415313742,0 %, 2411 MHz, 41, 11.44 W
1788703446.516191556,0 %, 2411 MHz, 41, 11.44 W
1788703446.616684922,0 %, 2411 MHz, 41, 11.44 W
1788703446.717076545,0 %, 2411 MHz, 41, 11.44 W
1788703446.817428664,0 %, 2411 MHz, 41, 11.44 W
1788703446.917839792,0 %, 2411 MHz, 41, 11.44 W
1788703447.018099767,0 %, 2411 MHz, 41, 11.44 W
1788703447.119308636,0 %, 2411 MHz, 41, 11.44 W
1788703447.219605059,0 %, 2411 MHz, 41, 11.44 W
1788703447.319987002,0 %, 2411 MHz, 41, 11.44 W
1788703447.420414145,0 %, 2411 MHz, 41, 11.44 W
1788703447.521242839,0 %, 2411 MHz, 41, 11.44 W
1788703447.621161023,0 %, 2411 MHz, 41, 11.44 W
1788703447.721934389,0 %, 2411 MHz, 41, 11.44 W
1788703447.822776619,0 %, 2411 MHz, 41, 11.44 W
1788703447.923326705,0 %, 2411 MHz, 41, 11.44 W
1788703448.023238458,0 %, 2411 MHz, 41, 11.44 W
1788703448.123710849,0 %, 2411 MHz, 41, 11.44 W
1788703448.224330855,0 %, 2411 MHz, 41, 11.44 W
1788703448.324987277,0 %, 2411 MHz, 41, 11.44 W
1788703448.425782451,0 %, 2411 MHz, 41, 11.44 W
1788703448.526238794,0 %, 2411 MHz, 41, 11.44 W
1788703448.626179202,0 %, 2411 MHz, 41, 11.44 W
1788703448.727003064,0 %, 2411 MHz, 41, 11.44 W
1788703448.827602654,0 %, 2411 MHz, 41, 11.44 W
1788703448.927990693,0 %, 2411 MHz, 41, 11.44 W
1788703449.027668126,0 %, 2411 MHz, 41, 11.43 W
1788703449.128439812,0 %, 2411 MHz, 41, 11.43 W
1788703449.229337482,0 %, 2411 MHz, 41, 11.43 W
1788703449.329132482,0 %, 2411 MHz, 41, 11.43 W
1788703449.429497257,0 %, 2411 MHz, 41, 11.43 W
1788703449.530309359,0 %, 2411 MHz, 41, 11.42 W
1788703449.631061413,0 %, 2411 MHz, 41, 11.42 W
1788703449.731037085,0 %, 2411 MHz, 41, 11.42 W
1788703449.831422532,0 %, 2411 MHz, 41, 11.42 W
1788703449.932141626,0 %, 2411 MHz, 41, 11.42 W
1788703450.032269810,0 %, 2411 MHz, 41, 11.43 W
1788703450.133245095,0 %, 2411 MHz, 41, 11.43 W
1788703450.233641614,0 %, 2411 MHz, 41, 11.43 W
1788703450.334349252,0 %, 2411 MHz, 41, 11.43 W
1788703450.434182845,0 %, 2411 MHz, 41, 11.43 W
1788703450.535081938,0 %, 2411 MHz, 41, 11.43 W
1788703450.634858491,0 %, 2411 MHz, 41, 11.43 W
1788703450.735643249,0 %, 2411 MHz, 41, 11.43 W
1788703450.836398407,0 %, 2411 MHz, 41, 11.43 W
1788703450.936368287,0 %, 2411 MHz, 41, 11.43 W
1788703451.037223908,0 %, 2411 MHz, 41, 11.43 W
1788703451.137919898,0 %, 2411 MHz, 41, 11.43 W
1788703451.238584880,0 %, 2411 MHz, 41, 11.43 W
1788703451.339013239,0 %, 2411 MHz, 41, 11.43 W
1788703451.439627118,0 %, 2411 MHz, 41, 11.43 W
1788703451.540078212,0 %, 2411 MHz, 41, 11.43 W
1788703451.640936650,0 %, 2411 MHz, 41, 11.43 W
1788703451.741363585,0 %, 2411 MHz, 41, 11.43 W
1788703451.842157526,0 %, 2411 MHz, 41, 11.43 W
1788703451.942106846,0 %, 2411 MHz, 41, 11.43 W
1788703452.042509877,0 %, 2411 MHz, 41, 11.41 W
1788703452.143637786,0 %, 2411 MHz, 41, 11.41 W
1788703452.243548962,0 %, 2411 MHz, 41, 11.41 W
1788703452.344149881,0 %, 2411 MHz, 41, 11.41 W
1788703452.444153009,0 %, 2411 MHz, 41, 11.41 W
1788703452.544958230,0 %, 2411 MHz, 41, 11.41 W
1788703452.645282013,0 %, 2411 MHz, 41, 11.41 W
1788703452.746185571,0 %, 2411 MHz, 41, 11.41 W
1788703452.847094200,0 %, 2411 MHz, 41, 11.41 W
1788703452.947473311,0 %, 2411 MHz, 41, 11.41 W
1788703453.047771686,0 %, 2411 MHz, 41, 11.41 W
1788703453.148554636,0 %, 2411 MHz, 41, 11.41 W
1788703453.248743139,0 %, 2411 MHz, 41, 11.41 W
1788703453.349336490,0 %, 2411 MHz, 41, 11.41 W
1788703453.449409889,0 %, 2411 MHz, 41, 11.41 W
1788703453.549605321,0 %, 2411 MHz, 41, 11.42 W
1788703453.649940192,0 %, 2411 MHz, 41, 11.42 W
1788703453.750603430,0 %, 2411 MHz, 41, 11.42 W
1788703453.850802253,0 %, 2411 MHz, 41, 11.42 W
1788703453.951371747,0 %, 2411 MHz, 41, 11.42 W
1788703454.051184348,0 %, 2411 MHz, 41, 11.43 W
1788703454.152364352,0 %, 2411 MHz, 41, 11.43 W
1788703454.252695015,0 %, 2411 MHz, 41, 11.43 W
1788703454.352898623,0 %, 2411 MHz, 41, 11.43 W
1788703454.453406949,0 %, 2411 MHz, 41, 11.43 W
1788703454.554266747,0 %, 2411 MHz, 41, 11.42 W
1788703454.654540450,0 %, 2411 MHz, 41, 11.42 W
1788703454.754924057,0 %, 2411 MHz, 41, 11.42 W
1788703454.855669502,0 %, 2411 MHz, 41, 11.42 W
1788703454.956064021,0 %, 2411 MHz, 41, 11.42 W
1788703455.056350396,0 %, 2411 MHz, 41, 11.42 W
1788703455.156914035,0 %, 2411 MHz, 41, 11.42 W
1788703455.257620936,0 %, 2411 MHz, 41, 11.42 W
1788703455.358004735,0 %, 2411 MHz, 41, 11.42 W
1788703455.458335206,0 %, 2411 MHz, 41, 11.42 W
1788703455.558669325,0 %, 2411 MHz, 41, 11.41 W
1788703455.659445779,0 %, 2411 MHz, 41, 11.41 W
1788703455.759863897,0 %, 2411 MHz, 41, 11.41 W
1788703455.859942769,0 %, 2411 MHz, 41, 11.41 W
1788703455.960882246,0 %, 2411 MHz, 41, 11.41 W
1788703456.061094541,0 %, 2411 MHz, 41, 11.42 W
1788703456.161671204,0 %, 2411 MHz, 41, 11.42 W
1788703456.262354554,0 %, 2411 MHz, 41, 11.42 W
1788703456.362817808,0 %, 2411 MHz, 41, 11.42 W
1788703456.462927192,0 %, 2411 MHz, 41, 11.42 W
1788703456.563008527,0 %, 2411 MHz, 41, 11.44 W
1788703456.663894293,0 %, 2411 MHz, 41, 11.44 W
1788703456.763866653,0 %, 2411 MHz, 41, 11.44 W
1788703456.863811652,0 %, 2411 MHz, 41, 11.44 W
1788703456.964759562,0 %, 2411 MHz, 41, 11.44 W
1788703457.064962321,0 %, 2411 MHz, 41, 11.45 W
1788703457.165357768,0 %, 2411 MHz, 41, 11.45 W
1788703457.266317869,0 %, 2411 MHz, 41, 11.45 W
1788703457.366694115,0 %, 2411 MHz, 41, 11.45 W
1788703457.467516841,0 %, 2411 MHz, 41, 11.45 W
1788703457.567507969,0 %, 2411 MHz, 41, 11.44 W
1788703457.668312422,0 %, 2411 MHz, 41, 11.44 W
1788703457.768996684,0 %, 2411 MHz, 41, 11.44 W
1788703457.869236099,0 %, 2411 MHz, 41, 11.44 W
1788703457.968168942,0 %, 2411 MHz, 41, 11.44 W
1788703458.068635844,0 %, 2411 MHz, 41, 11.45 W
1788703458.169353738,0 %, 2411 MHz, 41, 11.45 W
1788703458.269814417,0 %, 2411 MHz, 41, 11.45 W
1788703458.370227255,0 %, 2411 MHz, 41, 11.45 W
1788703458.469702064,0 %, 2411 MHz, 41, 11.45 W
1788703458.570805797,0 %, 2411 MHz, 41, 11.44 W
1788703458.670981884,0 %, 2411 MHz, 41, 11.44 W
1788703458.771205220,0 %, 2411 MHz, 41, 11.44 W
1788703458.871494203,0 %, 2411 MHz, 41, 11.44 W
1788703458.971328723,0 %, 2411 MHz, 41, 11.44 W
1788703459.071862585,0 %, 2411 MHz, 41, 11.44 W
1788703459.172714734,0 %, 2411 MHz, 41, 11.44 W
1788703459.273015893,0 %, 2411 MHz, 41, 11.44 W
1788703459.373281196,0 %, 2411 MHz, 41, 11.44 W
1788703459.473532595,0 %, 2411 MHz, 41, 11.44 W
1788703459.573666363,0 %, 2411 MHz, 41, 11.44 W
1788703459.673952466,0 %, 2411 MHz, 41, 11.44 W
1788703459.774080793,0 %, 2411 MHz, 41, 11.44 W
1788703459.874558543,0 %, 2411 MHz, 41, 11.44 W
1788703459.974390055,0 %, 2411 MHz, 41, 11.44 W
1788703460.074909566,0 %, 2411 MHz, 41, 11.44 W
1788703460.175579396,0 %, 2411 MHz, 41, 11.44 W
1788703460.276194970,0 %, 2411 MHz, 41, 11.44 W
1788703460.376112897,0 %, 2411 MHz, 41, 11.44 W
1788703460.476780103,0 %, 2411 MHz, 41, 11.44 W
1788703460.576916239,0 %, 2411 MHz, 41, 11.43 W
1788703460.677490773,0 %, 2411 MHz, 41, 11.43 W
1788703460.777591996,0 %, 2411 MHz, 41, 11.43 W
1788703460.877883251,0 %, 2411 MHz, 41, 11.43 W
1788703460.978230842,0 %, 2411 MHz, 41, 11.43 W
1788703461.078546576,0 %, 2411 MHz, 41, 11.43 W
1788703461.178180793,0 %, 2411 MHz, 41, 11.43 W
1788703461.279176046,0 %, 2411 MHz, 41, 11.43 W
1788703461.379199798,0 %, 2411 MHz, 41, 11.43 W
1788703461.479976059,0 %, 2411 MHz, 41, 11.43 W
1788703461.580540513,0 %, 2411 MHz, 41, 11.44 W
1788703461.680905448,0 %, 2411 MHz, 41, 11.44 W
1788703461.781555886,0 %, 2411 MHz, 41, 11.44 W
1788703461.881562949,0 %, 2411 MHz, 41, 11.44 W
1788703461.982350123,0 %, 2411 MHz, 41, 11.44 W
1788703462.082724177,0 %, 2411 MHz, 41, 11.45 W
1788703462.182441370,0 %, 2411 MHz, 41, 11.45 W
1788703462.282894736,0 %, 2411 MHz, 41, 11.45 W
1788703462.382946552,0 %, 2411 MHz, 41, 11.45 W
1788703462.483438206,0 %, 2411 MHz, 41, 11.45 W
1788703462.584108516,0 %, 2411 MHz, 41, 11.45 W
1788703462.684324043,0 %, 2411 MHz, 41, 11.45 W
1788703462.784642049,0 %, 2411 MHz, 41, 11.45 W
1788703462.884907016,0 %, 2411 MHz, 41, 11.45 W
1788703462.985323391,0 %, 2411 MHz, 41, 11.45 W
1788703463.085607829,0 %, 2411 MHz, 41, 11.44 W
1788703463.186158252,0 %, 2411 MHz, 41, 11.44 W
1788703463.286399522,0 %, 2411 MHz, 41, 11.44 W
1788703463.388164437,0 %, 2411 MHz, 41, 11.44 W
1788703463.487082112,0 %, 2411 MHz, 41, 11.44 W
1788703463.587831141,0 %, 2411 MHz, 41, 11.45 W
1788703463.687947853,0 %, 2411 MHz, 41, 11.45 W
1788703463.788272051,0 %, 2411 MHz, 41, 11.45 W
1788703463.888607194,0 %, 2411 MHz, 41, 11.45 W
1788703463.988864113,0 %, 2411 MHz, 41, 11.45 W
1788703464.089255511,0 %, 2411 MHz, 41, 11.45 W
1788703464.189408414,0 %, 2411 MHz, 41, 11.45 W
1788703464.290185876,0 %, 2411 MHz, 41, 11.45 W
1788703464.390570346,0 %, 2411 MHz, 41, 11.45 W
1788703464.491056512,0 %, 2411 MHz, 41, 11.45 W
1788703464.591587318,0 %, 2411 MHz, 41, 11.44 W
1788703464.692018621,0 %, 2411 MHz, 41, 11.44 W
1788703464.792747170,0 %, 2411 MHz, 41, 11.44 W
1788703464.892597738,0 %, 2411 MHz, 41, 11.44 W
1788703464.993344368,0 %, 2411 MHz, 41, 11.45 W
1788703465.093851574,0 %, 2411 MHz, 41, 11.45 W
1788703465.194726203,0 %, 2411 MHz, 41, 11.45 W
1788703465.295127633,0 %, 2411 MHz, 41, 11.45 W
1788703465.395501032,0 %, 2411 MHz, 41, 11.45 W
1788703465.496140670,0 %, 2411 MHz, 41, 11.45 W
1788703465.596235845,0 %, 2411 MHz, 41, 11.45 W
1788703465.696847307,0 %, 2411 MHz, 41, 11.45 W
1788703465.797119313,0 %, 2411 MHz, 41, 11.45 W
1788703465.896747002,0 %, 2411 MHz, 41, 11.45 W
1788703465.997544351,0 %, 2411 MHz, 41, 11.45 W
1788703466.097831222,0 %, 2411 MHz, 41, 11.45 W
1788703466.198190652,0 %, 2411 MHz, 41, 11.45 W
1788703466.298423107,0 %, 2411 MHz, 41, 11.45 W
1788703466.399142777,0 %, 2411 MHz, 41, 11.45 W
1788703466.499635999,0 %, 2411 MHz, 41, 11.44 W
1788703466.599930294,0 %, 2411 MHz, 41, 11.44 W
1788703466.699933597,0 %, 2411 MHz, 41, 11.44 W
1788703466.800748994,0 %, 2411 MHz, 41, 11.44 W
1788703466.901128281,0 %, 2411 MHz, 41, 11.44 W
1788703467.001577503,0 %, 2411 MHz, 41, 11.44 W
1788703467.102313268,0 %, 2411 MHz, 41, 11.44 W
1788703467.201863293,0 %, 2411 MHz, 41, 11.44 W
1788703467.302180948,0 %, 2411 MHz, 41, 11.44 W
1788703467.402197083,0 %, 2411 MHz, 41, 11.44 W
1788703467.502653073,2 %, 2411 MHz, 41, 11.47 W
1788703467.604080837,2 %, 2411 MHz, 41, 11.47 W
1788703467.703100927,2 %, 2411 MHz, 41, 11.47 W
1788703467.803778533,2 %, 2411 MHz, 41, 11.47 W
1788703467.904354746,2 %, 2411 MHz, 41, 11.47 W
1788703468.004350962,2 %, 2411 MHz, 41, 11.47 W
1788703468.105103367,2 %, 2411 MHz, 41, 11.47 W
1788703468.204920767,2 %, 2411 MHz, 41, 11.47 W
1788703468.305204118,2 %, 2411 MHz, 41, 11.47 W
1788703468.405838187,2 %, 2411 MHz, 41, 11.47 W
1788703468.506176498,0 %, 2411 MHz, 41, 11.44 W
1788703468.606385385,0 %, 2411 MHz, 41, 11.44 W
1788703468.706651088,0 %, 2411 MHz, 41, 11.44 W
1788703468.807352277,0 %, 2411 MHz, 41, 11.44 W
1788703468.907171117,0 %, 2411 MHz, 41, 11.44 W
1788703469.007421940,0 %, 2411 MHz, 41, 11.44 W
1788703469.107653882,0 %, 2411 MHz, 41, 11.44 W
1788703469.208311024,0 %, 2411 MHz, 41, 11.44 W
1788703469.308585655,0 %, 2411 MHz, 41, 11.44 W
1788703469.408937805,0 %, 2411 MHz, 41, 11.44 W
1788703469.509233156,0 %, 2411 MHz, 41, 11.44 W
1788703469.609577498,0 %, 2411 MHz, 41, 11.44 W
1788703469.709730929,0 %, 2411 MHz, 41, 11.44 W
1788703469.810250711,0 %, 2411 MHz, 41, 11.44 W
1788703469.910062623,0 %, 2411 MHz, 41, 11.44 W
1788703470.010653749,0 %, 2411 MHz, 41, 11.44 W
1788703470.111260858,0 %, 2411 MHz, 41, 11.44 W
1788703470.211627521,0 %, 2411 MHz, 41, 11.44 W
1788703470.311893735,0 %, 2411 MHz, 41, 11.44 W
1788703470.411885775,0 %, 2411 MHz, 41, 11.44 W
1788703470.512254837,0 %, 2411 MHz, 41, 11.44 W
1788703470.612442860,0 %, 2411 MHz, 41, 11.44 W
1788703470.712723138,0 %, 2411 MHz, 41, 11.44 W
1788703470.813400328,0 %, 2411 MHz, 41, 11.44 W
1788703470.913635151,0 %, 2411 MHz, 41, 11.44 W
1788703471.013886517,0 %, 2411 MHz, 41, 11.47 W
1788703471.114248188,0 %, 2411 MHz, 41, 11.47 W
1788703471.214783377,0 %, 2411 MHz, 41, 11.47 W
1788703471.314934264,0 %, 2411 MHz, 41, 11.47 W
1788703471.415561854,0 %, 2411 MHz, 41, 11.47 W
1788703471.515342166,0 %, 2411 MHz, 41, 11.48 W
1788703471.616360090,0 %, 2411 MHz, 41, 11.48 W
1788703471.716099874,0 %, 2411 MHz, 41, 11.48 W
1788703471.816589928,0 %, 2411 MHz, 41, 11.48 W
1788703471.916583440,0 %, 2411 MHz, 41, 11.48 W
1788703472.016914262,0 %, 2411 MHz, 41, 11.48 W
1788703472.117181421,0 %, 2411 MHz, 41, 11.48 W
1788703472.217734258,0 %, 2411 MHz, 41, 11.48 W
1788703472.317781802,0 %, 2411 MHz, 41, 11.48 W
1788703472.418219744,0 %, 2411 MHz, 41, 11.48 W
1788703472.518689382,0 %, 2411 MHz, 41, 11.45 W
1788703472.619698218,0 %, 2411 MHz, 41, 11.45 W
1788703472.718920580,0 %, 2411 MHz, 41, 11.45 W
1788703472.819306442,0 %, 2411 MHz, 41, 11.45 W
1788703472.920411214,0 %, 2411 MHz, 41, 11.45 W
1788703473.020353206,0 %, 2411 MHz, 41, 11.44 W
1788703473.120133437,0 %, 2411 MHz, 41, 11.44 W
1788703473.221172050,0 %, 2411 MHz, 41, 11.44 W
1788703473.321346185,0 %, 2411 MHz, 41, 11.44 W
1788703473.421626767,0 %, 2411 MHz, 41, 11.44 W
1788703473.521796742,0 %, 2411 MHz, 41, 11.44 W
1788703473.622497723,0 %, 2411 MHz, 41, 11.44 W
1788703473.722242179,0 %, 2411 MHz, 41, 11.44 W
1788703473.822396570,0 %, 2411 MHz, 41, 11.44 W
1788703473.922936496,0 %, 2411 MHz, 41, 11.44 W
1788703474.023167430,0 %, 2411 MHz, 41, 11.45 W
1788703474.123586860,0 %, 2411 MHz, 41, 11.45 W
1788703474.223874451,0 %, 2411 MHz, 41, 11.45 W
1788703474.324061866,0 %, 2411 MHz, 41, 11.45 W
1788703474.424336416,0 %, 2411 MHz, 41, 11.45 W
1788703474.524740982,0 %, 2411 MHz, 41, 11.47 W
1788703474.625428763,0 %, 2411 MHz, 41, 11.47 W
1788703474.725189523,0 %, 2411 MHz, 41, 11.47 W
1788703474.825540858,0 %, 2411 MHz, 41, 11.47 W
1788703474.925545681,0 %, 2411 MHz, 41, 11.47 W
1788703475.026239558,0 %, 2411 MHz, 41, 11.46 W
1788703475.126135918,0 %, 2411 MHz, 41, 11.46 W
1788703475.226540644,0 %, 2411 MHz, 41, 11.46 W
1788703475.327005082,0 %, 2411 MHz, 41, 11.46 W
1788703475.427346336,0 %, 2411 MHz, 41, 11.46 W
1788703475.527910070,0 %, 2411 MHz, 41, 11.44 W
1788703475.628575435,0 %, 2411 MHz, 41, 11.44 W
1788703475.728927361,0 %, 2411 MHz, 41, 11.44 W
1788703475.829354359,0 %, 2411 MHz, 41, 11.44 W
1788703475.929693821,0 %, 2411 MHz, 41, 11.44 W
1788703476.030241667,0 %, 2411 MHz, 41, 11.44 W
1788703476.130266058,0 %, 2411 MHz, 41, 11.44 W
1788703476.230572768,0 %, 2411 MHz, 41, 11.44 W
1788703476.330563784,0 %, 2411 MHz, 41, 11.44 W
1788703476.431054958,0 %, 2411 MHz, 41, 11.44 W
1788703476.531614467,0 %, 2411 MHz, 41, 11.44 W
1788703476.631363019,0 %, 2411 MHz, 41, 11.44 W
1788703476.732328320,0 %, 2411 MHz, 41, 11.44 W
1788703476.831904008,0 %, 2411 MHz, 41, 11.44 W
1788703476.932545197,0 %, 2411 MHz, 41, 11.44 W
1788703477.032435493,0 %, 2411 MHz, 41, 11.43 W
1788703477.132846843,0 %, 2411 MHz, 41, 11.43 W
1788703477.233497072,0 %, 2411 MHz, 41, 11.43 W
1788703477.333811046,0 %, 2411 MHz, 41, 11.43 W
1788703477.434254028,0 %, 2411 MHz, 41, 11.43 W
1788703477.535318160,0 %, 2411 MHz, 41, 11.44 W
1788703477.635314008,0 %, 2411 MHz, 41, 11.44 W
1788703477.735594670,0 %, 2411 MHz, 41, 11.44 W
1788703477.835839796,0 %, 2411 MHz, 41, 11.44 W
1788703477.936568809,0 %, 2411 MHz, 41, 11.44 W
1788703478.036348657,0 %, 2411 MHz, 41, 11.44 W
1788703478.137042150,0 %, 2411 MHz, 41, 11.44 W
1788703478.237263773,0 %, 2411 MHz, 41, 11.44 W
1788703478.337652195,0 %, 2411 MHz, 41, 11.44 W
1788703478.437883673,0 %, 2411 MHz, 41, 11.44 W
1788703478.538742366,0 %, 2411 MHz, 41, 11.43 W
1788703478.638941605,0 %, 2411 MHz, 41, 11.43 W
1788703478.739333483,0 %, 2411 MHz, 41, 11.43 W
1788703478.840118608,0 %, 2411 MHz, 41, 11.43 W
1788703478.940563941,0 %, 2411 MHz, 41, 11.43 W
1788703479.040344701,0 %, 2411 MHz, 41, 11.43 W
1788703479.141036354,0 %, 2411 MHz, 41, 11.43 W
1788703479.241407592,0 %, 2411 MHz, 41, 11.43 W
1788703479.341662095,0 %, 2411 MHz, 41, 11.43 W
1788703479.441896885,0 %, 2411 MHz, 41, 11.43 W
1788703479.542247835,0 %, 2411 MHz, 41, 11.43 W
1788703479.642286946,0 %, 2411 MHz, 41, 11.43 W
1788703479.742581224,0 %, 2411 MHz, 41, 11.43 W
1788703479.843202622,0 %, 2411 MHz, 41, 11.43 W
1788703479.943424292,0 %, 2411 MHz, 41, 11.43 W
1788703480.043580155,0 %, 2411 MHz, 41, 11.44 W
1788703480.143965937,0 %, 2411 MHz, 41, 11.44 W
1788703480.244753894,0 %, 2411 MHz, 41, 11.44 W
1788703480.344552605,0 %, 2411 MHz, 41, 11.44 W
1788703480.445193443,0 %, 2411 MHz, 41, 11.44 W
1788703480.545631208,0 %, 2411 MHz, 41, 11.43 W
1788703480.646078350,0 %, 2411 MHz, 41, 11.43 W
1788703480.746582740,0 %, 2411 MHz, 41, 11.43 W
1788703480.846572059,0 %, 2411 MHz, 41, 11.43 W
1788703480.947244544,0 %, 2411 MHz, 41, 11.43 W
1788703481.047635238,0 %, 2411 MHz, 41, 11.41 W
1788703481.147207902,0 %, 2411 MHz, 41, 11.41 W
1788703481.247580468,0 %, 2411 MHz, 41, 11.41 W
1788703481.348090714,0 %, 2411 MHz, 41, 11.41 W
1788703481.448510720,0 %, 2411 MHz, 41, 11.41 W
1788703481.549451748,0 %, 2411 MHz, 41, 11.41 W
1788703481.649355819,0 %, 2411 MHz, 41, 11.41 W
1788703481.750015265,0 %, 2411 MHz, 41, 11.41 W
1788703481.850241319,0 %, 2411 MHz, 41, 11.41 W
1788703481.950641149,0 %, 2411 MHz, 41, 11.41 W
1788703482.051267730,0 %, 2411 MHz, 41, 11.41 W
1788703482.151346601,0 %, 2411 MHz, 41, 11.41 W
1788703482.251795999,0 %, 2411 MHz, 41, 11.41 W
1788703482.352156437,0 %, 2411 MHz, 41, 11.41 W
1788703482.453233849,0 %, 2411 MHz, 41, 11.41 W
1788703482.552999696,0 %, 2411 MHz, 41, 11.42 W
1788703482.653714581,0 %, 2411 MHz, 41, 11.42 W
1788703482.753975499,0 %, 2411 MHz, 41, 11.42 W
1788703482.854538177,0 %, 2411 MHz, 41, 11.42 W
1788703482.955010999,0 %, 2411 MHz, 41, 11.42 W
1788703483.055322381,0 %, 2411 MHz, 41, 11.43 W
1788703483.155917426,0 %, 2411 MHz, 41, 11.43 W
1788703483.256684055,0 %, 2411 MHz, 41, 11.43 W
1788703483.356824717,0 %, 2411 MHz, 41, 11.43 W
1788703483.457080724,0 %, 2411 MHz, 41, 11.43 W
1788703483.557731897,0 %, 2411 MHz, 41, 11.43 W
1788703483.657757824,0 %, 2411 MHz, 41, 11.43 W
1788703483.758426741,0 %, 2411 MHz, 41, 11.43 W
1788703483.858754811,0 %, 2411 MHz, 41, 11.43 W
1788703483.959116929,0 %, 2411 MHz, 41, 11.43 W
1788703484.059568118,0 %, 2411 MHz, 41, 11.44 W
1788703484.159374158,0 %, 2411 MHz, 41, 11.44 W
1788703484.261179424,0 %, 2411 MHz, 41, 11.44 W
1788703484.360014538,0 %, 2411 MHz, 41, 11.44 W
1788703484.460228656,0 %, 2411 MHz, 41, 11.44 W
1788703484.561329556,0 %, 2411 MHz, 41, 11.44 W
1788703484.661309579,0 %, 2411 MHz, 41, 11.44 W
1788703484.762157056,0 %, 2411 MHz, 41, 11.44 W
1788703484.861948615,0 %, 2411 MHz, 41, 11.44 W
1788703484.962196493,0 %, 2411 MHz, 41, 11.44 W
1788703485.062419268,0 %, 2411 MHz, 41, 11.44 W
1788703485.163078345,0 %, 2411 MHz, 41, 11.44 W
1788703485.263560142,0 %, 2411 MHz, 41, 11.44 W
1788703485.363594725,0 %, 2411 MHz, 41, 11.44 W
1788703485.464236282,0 %, 2411 MHz, 41, 11.44 W
1788703485.564412368,0 %, 2411 MHz, 41, 11.44 W
1788703485.664565703,0 %, 2411 MHz, 41, 11.44 W
1788703485.765218940,0 %, 2411 MHz, 41, 11.44 W
1788703485.864703428,0 %, 2411 MHz, 41, 11.44 W
1788703485.965623769,0 %, 2411 MHz, 41, 11.44 W
1788703486.065862015,0 %, 2411 MHz, 41, 11.44 W
1788703486.166118437,0 %, 2411 MHz, 41, 11.44 W
1788703486.266558171,0 %, 2411 MHz, 41, 11.44 W
1788703486.366635249,0 %, 2411 MHz, 41, 11.44 W
1788703486.467731781,0 %, 2411 MHz, 41, 11.44 W
1788703486.567235709,0 %, 2411 MHz, 41, 11.44 W
1788703486.667788643,0 %, 2411 MHz, 41, 11.44 W
1788703486.768039337,0 %, 2411 MHz, 41, 11.44 W
1788703486.867829104,0 %, 2411 MHz, 41, 11.44 W
1788703486.968557189,0 %, 2411 MHz, 41, 11.44 W
1788703487.068714187,0 %, 2411 MHz, 41, 11.46 W
1788703487.169010833,0 %, 2411 MHz, 41, 11.46 W
1788703487.268706089,0 %, 2411 MHz, 41, 11.46 W
1788703487.369391070,0 %, 2411 MHz, 41, 11.46 W
1788703487.469696724,0 %, 2411 MHz, 41, 11.46 W
1788703487.569997898,0 %, 2411 MHz, 41, 11.46 W
1788703487.670770143,0 %, 2411 MHz, 41, 11.46 W
1788703487.771011989,0 %, 2411 MHz, 41, 11.46 W
1788703487.871573210,0 %, 2411 MHz, 41, 11.46 W
1788703487.971930496,0 %, 2411 MHz, 41, 11.46 W
1788703488.072546933,0 %, 2411 MHz, 41, 11.44 W
1788703488.172357372,0 %, 2411 MHz, 41, 11.44 W
1788703488.272964050,0 %, 2411 MHz, 41, 11.44 W
1788703488.373202184,0 %, 2411 MHz, 41, 11.44 W
1788703488.473020383,0 %, 2411 MHz, 41, 11.44 W
1788703488.573671540,0 %, 2411 MHz, 41, 11.44 W
1788703488.674014202,0 %, 2411 MHz, 41, 11.44 W
1788703488.774207840,0 %, 2411 MHz, 41, 11.44 W
1788703488.874560118,0 %, 2411 MHz, 41, 11.44 W
1788703488.974775772,0 %, 2411 MHz, 41, 11.44 W
1788703489.075278705,0 %, 2411 MHz, 41, 11.42 W
1788703489.176255125,0 %, 2411 MHz, 41, 11.42 W
1788703489.275940397,0 %, 2411 MHz, 41, 11.42 W
1788703489.376259907,0 %, 2411 MHz, 41, 11.42 W
1788703489.476336858,0 %, 2411 MHz, 41, 11.42 W
1788703489.576873711,0 %, 2411 MHz, 41, 11.41 W
1788703489.678177330,0 %, 2411 MHz, 41, 11.41 W
1788703489.777747066,0 %, 2411 MHz, 41, 11.41 W
1788703489.877848512,0 %, 2411 MHz, 41, 11.41 W
1788703489.978235574,0 %, 2411 MHz, 41, 11.41 W
1788703490.078531516,0 %, 2411 MHz, 41, 11.42 W
1788703490.178844178,0 %, 2411 MHz, 41, 11.42 W
1788703490.280122581,0 %, 2411 MHz, 41, 11.42 W
1788703490.380281739,0 %, 2411 MHz, 41, 11.42 W
1788703490.480167506,0 %, 2411 MHz, 41, 11.42 W
1788703490.580523496,0 %, 2411 MHz, 41, 11.43 W
1788703490.680566847,0 %, 2411 MHz, 41, 11.43 W
1788703490.780585205,0 %, 2411 MHz, 41, 11.43 W
1788703490.881138459,0 %, 2411 MHz, 41, 11.43 W
1788703490.981453952,0 %, 2411 MHz, 41, 11.43 W
1788703491.081635383,0 %, 2411 MHz, 41, 11.44 W
1788703491.182571147,0 %, 2411 MHz, 41, 11.44 W
1788703491.282659921,0 %, 2411 MHz, 41, 11.44 W
1788703491.383460678,0 %, 2411 MHz, 41, 11.44 W
1788703491.483269565,0 %, 2411 MHz, 41, 11.44 W
1788703491.583733234,0 %, 2411 MHz, 41, 11.43 W
1788703491.684187656,0 %, 2411 MHz, 41, 11.43 W
1788703491.784568269,0 %, 2411 MHz, 41, 11.43 W
1788703491.885301330,0 %, 2411 MHz, 41, 11.43 W
1788703491.985711048,0 %, 2411 MHz, 41, 11.43 W
1788703492.085285680,0 %, 2411 MHz, 41, 11.43 W
1788703492.185553109,0 %, 2411 MHz, 41, 11.43 W
1788703492.285957083,0 %, 2411 MHz, 41, 11.43 W
1788703492.386801007,0 %, 2411 MHz, 41, 11.43 W
1788703492.486858822,0 %, 2411 MHz, 41, 11.43 W
1788703492.587097212,0 %, 2411 MHz, 41, 11.44 W
1788703492.687580913,0 %, 2411 MHz, 41, 11.44 W
1788703492.787614984,0 %, 2411 MHz, 41, 11.44 W
1788703492.888323085,0 %, 2411 MHz, 41, 11.44 W
1788703492.988179556,0 %, 2411 MHz, 41, 11.44 W
1788703493.088759209,0 %, 2411 MHz, 41, 11.44 W
1788703493.189256222,0 %, 2411 MHz, 41, 11.44 W
1788703493.289421796,0 %, 2411 MHz, 41, 11.44 W
1788703493.389718506,0 %, 2411 MHz, 41, 11.44 W
1788703493.489958688,0 %, 2411 MHz, 41, 11.44 W
1788703493.590971252,0 %, 2411 MHz, 41, 11.43 W
1788703493.691747368,0 %, 2411 MHz, 41, 11.43 W
1788703493.791573503,0 %, 2411 MHz, 41, 11.43 W
1788703493.891647334,0 %, 2411 MHz, 41, 11.43 W
1788703493.991943819,0 %, 2411 MHz, 41, 11.43 W
1788703494.092343601,0 %, 2411 MHz, 41, 11.44 W
1788703494.193427269,0 %, 2411 MHz, 41, 11.44 W
1788703494.294014794,0 %, 2411 MHz, 41, 11.44 W
1788703494.393587921,0 %, 2411 MHz, 41, 11.44 W
1788703494.494385078,0 %, 2411 MHz, 41, 11.44 W
1788703494.594173421,0 %, 2411 MHz, 41, 11.44 W
1788703494.694564771,0 %, 2411 MHz, 41, 11.44 W
1788703494.794569385,0 %, 2411 MHz, 41, 11.44 W
1788703494.895582557,0 %, 2411 MHz, 41, 11.44 W
1788703494.995665907,0 %, 2411 MHz, 41, 11.44 W
1788703495.096116793,0 %, 2411 MHz, 41, 11.45 W
1788703495.196948477,0 %, 2411 MHz, 41, 11.45 W
1788703495.296975731,0 %, 2411 MHz, 41, 11.45 W
1788703495.396717467,0 %, 2411 MHz, 41, 11.45 W
1788703495.497626527,0 %, 2411 MHz, 41, 11.45 W
1788703495.597966276,0 %, 2411 MHz, 41, 11.45 W
1788703495.698189594,0 %, 2411 MHz, 41, 11.45 W
1788703495.798930463,0 %, 2411 MHz, 41, 11.45 W
1788703495.898183944,0 %, 2411 MHz, 41, 11.45 W
1788703495.998802540,0 %, 2411 MHz, 41, 11.43 W
1788703496.099011874,0 %, 2411 MHz, 41, 11.43 W
1788703496.199835543,0 %, 2411 MHz, 41, 11.43 W
1788703496.300403004,0 %, 2411 MHz, 41, 11.43 W
1788703496.400300546,0 %, 2411 MHz, 41, 11.43 W
1788703496.500575944,0 %, 2411 MHz, 41, 11.43 W
1788703496.601060029,0 %, 2411 MHz, 41, 11.43 W
1788703496.701099060,0 %, 2411 MHz, 41, 11.43 W
1788703496.801131706,0 %, 2411 MHz, 41, 11.43 W
1788703496.901424464,0 %, 2411 MHz, 41, 11.43 W
1788703497.001701238,0 %, 2411 MHz, 41, 11.42 W
1788703497.102570874,0 %, 2411 MHz, 41, 11.42 W
1788703497.203742381,0 %, 2411 MHz, 41, 11.42 W
1788703497.303693940,0 %, 2411 MHz, 41, 11.42 W
1788703497.403429563,0 %, 2411 MHz, 41, 11.42 W
1788703497.503593249,0 %, 2411 MHz, 41, 11.42 W
1788703497.603659608,0 %, 2411 MHz, 41, 11.42 W
1788703497.704569083,0 %, 2411 MHz, 41, 11.42 W
1788703497.804770897,0 %, 2411 MHz, 41, 11.42 W
1788703497.905699173,0 %, 2411 MHz, 41, 11.42 W
1788703498.005987755,0 %, 2411 MHz, 41, 11.43 W
1788703498.105549811,0 %, 2411 MHz, 41, 11.43 W
1788703498.206169080,0 %, 2411 MHz, 41, 11.43 W
1788703498.306159918,0 %, 2411 MHz, 41, 11.43 W
1788703498.406166565,0 %, 2411 MHz, 41, 11.43 W
1788703498.506572298,0 %, 2411 MHz, 41, 11.43 W
1788703498.607125039,0 %, 2411 MHz, 41, 11.43 W
1788703498.707449764,0 %, 2411 MHz, 41, 11.43 W
1788703498.807588251,0 %, 2411 MHz, 41, 11.43 W
1788703498.908554734,0 %, 2411 MHz, 41, 11.43 W
1788703499.008223446,0 %, 2411 MHz, 41, 11.43 W
1788703499.108315948,0 %, 2411 MHz, 41, 11.43 W
1788703499.209229120,0 %, 2411 MHz, 41, 11.43 W
1788703499.309451878,0 %, 2411 MHz, 41, 11.43 W
1788703499.409190845,0 %, 2411 MHz, 41, 11.43 W
1788703499.509905873,0 %, 2411 MHz, 41, 11.44 W
1788703499.610186855,0 %, 2411 MHz, 41, 11.44 W
1788703499.710555245,0 %, 2411 MHz, 41, 11.44 W
1788703499.810556819,0 %, 2411 MHz, 41, 11.44 W
1788703499.911395687,0 %, 2411 MHz, 41, 11.44 W
1788703500.011579101,0 %, 2411 MHz, 41, 11.44 W
1788703500.111963778,0 %, 2411 MHz, 41, 11.44 W
1788703500.212816518,0 %, 2411 MHz, 41, 11.44 W
1788703500.312865661,0 %, 2411 MHz, 41, 11.44 W
1788703500.412910195,0 %, 2411 MHz, 41, 11.44 W
1788703500.513181145,0 %, 2411 MHz, 41, 11.46 W
1788703500.613989437,0 %, 2411 MHz, 41, 11.46 W
1788703500.714166323,0 %, 2411 MHz, 41, 11.46 W
1788703500.814370633,0 %, 2411 MHz, 41, 11.46 W
1788703500.914645854,0 %, 2411 MHz, 41, 11.46 W
1788703501.014889716,0 %, 2411 MHz, 41, 11.46 W
1788703501.115133210,0 %, 2411 MHz, 41, 11.46 W
1788703501.215796974,0 %, 2411 MHz, 41, 11.46 W
1788703501.316113460,0 %, 2411 MHz, 41, 11.46 W
1788703501.416922600,0 %, 2411 MHz, 41, 11.46 W
1788703501.516114561,0 %, 2411 MHz, 41, 11.45 W
1788703501.616376950,0 %, 2411 MHz, 41, 11.45 W
1788703501.717147723,0 %, 2411 MHz, 41, 11.45 W
1788703501.816537939,0 %, 2411 MHz, 41, 11.45 W
1788703501.917516007,0 %, 2411 MHz, 41, 11.45 W
1788703502.017813564,0 %, 2411 MHz, 41, 11.44 W
1788703502.118094754,0 %, 2411 MHz, 41, 11.44 W
1788703502.218722806,0 %, 2411 MHz, 41, 11.44 W
1788703502.319865385,0 %, 2411 MHz, 41, 11.44 W
1788703502.419511105,0 %, 2411 MHz, 41, 11.44 W
1788703502.519460151,0 %, 2411 MHz, 41, 11.45 W
1788703502.619805661,0 %, 2411 MHz, 41, 11.45 W
1788703502.720134866,0 %, 2411 MHz, 41, 11.45 W
1788703502.820643991,0 %, 2411 MHz, 41, 11.45 W
1788703502.921870250,0 %, 2411 MHz, 41, 11.45 W
1788703503.021533265,0 %, 2411 MHz, 41, 11.44 W
1788703503.121708919,0 %, 2411 MHz, 41, 11.44 W
1788703503.222405804,0 %, 2411 MHz, 41, 11.44 W
1788703503.322708113,0 %, 2411 MHz, 41, 11.44 W
1788703503.423874340,0 %, 2411 MHz, 41, 11.44 W
1788703503.523528236,0 %, 2411 MHz, 41, 11.44 W
1788703503.623673201,0 %, 2411 MHz, 41, 11.44 W
1788703503.724183318,0 %, 2411 MHz, 41, 11.44 W
1788703503.824135341,0 %, 2411 MHz, 41, 11.44 W
1788703503.924454834,0 %, 2411 MHz, 41, 11.44 W
1788703504.024891015,0 %, 2411 MHz, 41, 11.44 W
1788703504.124785742,0 %, 2411 MHz, 41, 11.44 W
1788703504.225383923,0 %, 2411 MHz, 41, 11.44 W
1788703504.325830664,0 %, 2411 MHz, 41, 11.44 W
1788703504.426404188,0 %, 2411 MHz, 41, 11.44 W
1788703504.526550722,0 %, 2411 MHz, 41, 11.45 W
1788703504.625927146,0 %, 2411 MHz, 41, 11.45 W
1788703504.726597711,0 %, 2411 MHz, 41, 11.45 W
1788703504.827149060,0 %, 2411 MHz, 41, 11.45 W
1788703504.927543081,0 %, 2411 MHz, 41, 11.45 W
1788703505.028152669,0 %, 2411 MHz, 41, 11.45 W
1788703505.128721986,0 %, 2411 MHz, 41, 11.45 W
1788703505.229308439,0 %, 2411 MHz, 41, 11.45 W
1788703505.329922763,0 %, 2411 MHz, 41, 11.45 W
1788703505.429916786,0 %, 2411 MHz, 41, 11.45 W
1788703505.530785413,0 %, 2411 MHz, 41, 11.44 W
1788703505.630563276,0 %, 2411 MHz, 41, 11.44 W
1788703505.730710274,0 %, 2411 MHz, 41, 11.44 W
1788703505.830954360,0 %, 2411 MHz, 41, 11.44 W
1788703505.931090366,0 %, 2411 MHz, 41, 11.44 W
1788703506.032183697,0 %, 2411 MHz, 41, 11.44 W
1788703506.132543606,0 %, 2411 MHz, 41, 11.44 W
1788703506.233577354,0 %, 2411 MHz, 41, 11.44 W
1788703506.333882463,0 %, 2411 MHz, 41, 11.44 W
1788703506.434300212,0 %, 2411 MHz, 41, 11.44 W
1788703506.534434538,0 %, 2411 MHz, 41, 11.43 W
1788703506.635498141,0 %, 2411 MHz, 41, 11.43 W
1788703506.735064741,0 %, 2411 MHz, 41, 11.43 W
1788703506.834850748,0 %, 2411 MHz, 41, 11.43 W
1788703506.935446496,0 %, 2411 MHz, 41, 11.43 W
1788703507.036211860,0 %, 2411 MHz, 41, 11.43 W
1788703507.136243946,0 %, 2411 MHz, 41, 11.43 W
1788703507.237169438,0 %, 2411 MHz, 41, 11.43 W
1788703507.338353137,0 %, 2411 MHz, 41, 11.43 W
1788703507.437915208,0 %, 2411 MHz, 41, 11.43 W
1788703507.538146590,0 %, 2411 MHz, 41, 11.44 W
1788703507.638450867,0 %, 2411 MHz, 41, 11.44 W
1788703507.739280231,0 %, 2411 MHz, 41, 11.44 W
1788703507.840435754,0 %, 2411 MHz, 41, 11.44 W
1788703507.940229537,0 %, 2411 MHz, 41, 11.44 W
1788703508.041218452,0 %, 2411 MHz, 41, 11.43 W
1788703508.141809273,0 %, 2411 MHz, 41, 11.43 W
1788703508.241554608,0 %, 2411 MHz, 41, 11.43 W
1788703508.342462532,0 %, 2411 MHz, 41, 11.43 W
1788703508.442003499,0 %, 2411 MHz, 41, 11.43 W
1788703508.542201921,0 %, 2411 MHz, 41, 11.43 W
1788703508.642874693,0 %, 2411 MHz, 41, 11.43 W
1788703508.743422042,0 %, 2411 MHz, 41, 11.43 W
1788703508.843750799,0 %, 2411 MHz, 41, 11.43 W
1788703508.944399763,0 %, 2411 MHz, 41, 11.43 W
1788703509.044391369,0 %, 2411 MHz, 41, 11.43 W
1788703509.144945774,0 %, 2411 MHz, 41, 11.43 W
1788703509.245299459,0 %, 2411 MHz, 41, 11.43 W
1788703509.345573801,0 %, 2411 MHz, 41, 11.43 W
1788703509.445754094,0 %, 2411 MHz, 41, 11.43 W
1788703509.545967300,0 %, 2411 MHz, 41, 11.43 W
1788703509.646551112,0 %, 2411 MHz, 41, 11.43 W
1788703509.746427871,0 %, 2411 MHz, 41, 11.43 W
1788703509.846689412,0 %, 2411 MHz, 41, 11.43 W
1788703509.947312041,0 %, 2411 MHz, 41, 11.43 W
1788703510.048293020,0 %, 2411 MHz, 41, 11.42 W
1788703510.147420453,0 %, 2411 MHz, 41, 11.42 W
1788703510.248086025,0 %, 2411 MHz, 41, 11.42 W
1788703510.348130223,0 %, 2411 MHz, 41, 11.42 W
1788703510.448735012,0 %, 2411 MHz, 41, 11.42 W
1788703510.549417720,0 %, 2411 MHz, 41, 11.43 W
1788703510.649349454,0 %, 2411 MHz, 41, 11.43 W
1788703510.750065250,0 %, 2411 MHz, 41, 11.43 W
1788703510.850760118,0 %, 2411 MHz, 41, 11.43 W
1788703510.951076188,0 %, 2411 MHz, 41, 11.43 W
1788703511.051558976,0 %, 2411 MHz, 41, 11.43 W
1788703511.151487399,0 %, 2411 MHz, 41, 11.43 W
1788703511.252066571,0 %, 2411 MHz, 41, 11.43 W
1788703511.352551936,0 %, 2411 MHz, 41, 11.43 W
1788703511.453052149,0 %, 2411 MHz, 41, 11.43 W
1788703511.553601321,0 %, 2411 MHz, 41, 11.42 W
1788703511.653685967,0 %, 2411 MHz, 41, 11.42 W
1788703511.753990708,0 %, 2411 MHz, 41, 11.42 W
1788703511.854727208,0 %, 2411 MHz, 41, 11.42 W
1788703511.954593391,0 %, 2411 MHz, 41, 11.42 W
1788703512.055404595,0 %, 2411 MHz, 41, 11.42 W
1788703512.155318041,0 %, 2411 MHz, 41, 11.42 W
1788703512.255996349,0 %, 2411 MHz, 41, 11.42 W
1788703512.356957153,0 %, 2411 MHz, 41, 11.42 W
1788703512.457099478,0 %, 2411 MHz, 41, 11.42 W
1788703512.557166156,0 %, 2411 MHz, 41, 11.42 W
1788703512.657392818,0 %, 2411 MHz, 41, 11.42 W
1788703512.757578535,0 %, 2411 MHz, 41, 11.42 W
1788703512.858082796,0 %, 2411 MHz, 41, 11.42 W
1788703512.958285697,0 %, 2411 MHz, 41, 11.42 W
1788703513.058673750,0 %, 2411 MHz, 41, 11.43 W
1788703513.158649836,0 %, 2411 MHz, 41, 11.43 W
1788703513.259549728,0 %, 2411 MHz, 41, 11.43 W
1788703513.359764037,0 %, 2411 MHz, 41, 11.43 W
1788703513.459645404,0 %, 2411 MHz, 41, 11.43 W
1788703513.559981681,0 %, 2411 MHz, 41, 11.43 W
1788703513.659765112,0 %, 2411 MHz, 41, 11.43 W
1788703513.760772411,0 %, 2411 MHz, 41, 11.43 W
1788703513.861337631,0 %, 2411 MHz, 41, 11.43 W
1788703513.961566901,0 %, 2411 MHz, 41, 11.43 W
1788703514.061385883,0 %, 2411 MHz, 41, 11.42 W
1788703514.161792640,0 %, 2411 MHz, 41, 11.42 W
1788703514.262198245,0 %, 2411 MHz, 41, 11.42 W
1788703514.362637338,0 %, 2411 MHz, 41, 11.42 W
1788703514.463078622,0 %, 2411 MHz, 41, 11.42 W
1788703514.563341780,0 %, 2411 MHz, 41, 11.43 W
1788703514.663206858,0 %, 2411 MHz, 41, 11.43 W
1788703514.763449360,0 %, 2411 MHz, 41, 11.43 W
1788703514.864134212,0 %, 2411 MHz, 41, 11.43 W
1788703514.964726056,0 %, 2411 MHz, 41, 11.43 W
1788703515.064694366,0 %, 2411 MHz, 41, 11.44 W
1788703515.164509813,0 %, 2411 MHz, 41, 11.44 W
1788703515.265038505,0 %, 2411 MHz, 41, 11.44 W
1788703515.365780669,0 %, 2411 MHz, 41, 11.44 W
1788703515.465976802,0 %, 2411 MHz, 41, 11.44 W
1788703515.566053384,0 %, 2411 MHz, 41, 11.44 W
1788703515.666293422,0 %, 2411 MHz, 41, 11.44 W
1788703515.767130977,0 %, 2411 MHz, 41, 11.44 W
1788703515.867032087,0 %, 2411 MHz, 41, 11.44 W
1788703515.967524412,0 %, 2411 MHz, 41, 11.44 W
1788703516.067545714,0 %, 2411 MHz, 41, 11.45 W
1788703516.167133273,0 %, 2411 MHz, 41, 11.45 W
1788703516.268005325,0 %, 2411 MHz, 41, 11.45 W
1788703516.368522529,0 %, 2411 MHz, 41, 11.45 W
1788703516.468415879,0 %, 2411 MHz, 41, 11.45 W
1788703516.568574637,0 %, 2411 MHz, 41, 11.44 W
1788703516.668982882,0 %, 2411 MHz, 41, 11.44 W
1788703516.769379383,0 %, 2411 MHz, 41, 11.44 W
1788703516.869892555,0 %, 2411 MHz, 41, 11.44 W
1788703516.970427840,0 %, 2411 MHz, 41, 11.44 W
1788703517.070626437,0 %, 2411 MHz, 41, 11.43 W
1788703517.170227244,0 %, 2411 MHz, 41, 11.43 W
1788703517.270408289,0 %, 2411 MHz, 41, 11.43 W
1788703517.370914230,0 %, 2411 MHz, 41, 11.43 W
1788703517.470766380,0 %, 2411 MHz, 41, 11.43 W
1788703517.571627360,0 %, 2411 MHz, 41, 11.44 W
1788703517.671087879,0 %, 2411 MHz, 41, 11.44 W
1788703517.772258938,0 %, 2411 MHz, 41, 11.44 W
1788703517.872129440,0 %, 2411 MHz, 41, 11.44 W
1788703517.972356629,0 %, 2411 MHz, 41, 11.44 W
1788703518.072930234,0 %, 2411 MHz, 41, 11.44 W
1788703518.172699136,0 %, 2411 MHz, 41, 11.44 W
1788703518.273162901,0 %, 2411 MHz, 41, 11.44 W
1788703518.373434362,0 %, 2411 MHz, 41, 11.44 W
1788703518.473377280,0 %, 2411 MHz, 41, 11.44 W
1788703518.573620629,0 %, 2411 MHz, 41, 11.44 W
1788703518.674605064,0 %, 2411 MHz, 41, 11.44 W
1788703518.774578238,0 %, 2411 MHz, 41, 11.44 W
1788703518.875366066,0 %, 2411 MHz, 41, 11.44 W
1788703518.974848074,0 %, 2411 MHz, 41, 11.44 W
1788703519.075525342,0 %, 2411 MHz, 41, 11.45 W
1788703519.175540371,0 %, 2411 MHz, 41, 11.45 W
1788703519.276271063,0 %, 2411 MHz, 41, 11.45 W
1788703519.376188189,0 %, 2411 MHz, 41, 11.45 W
1788703519.476148387,0 %, 2411 MHz, 41, 11.45 W
1788703519.576757016,0 %, 2411 MHz, 41, 11.43 W
1788703519.677522027,0 %, 2411 MHz, 41, 11.43 W
1788703519.777734096,0 %, 2411 MHz, 41, 11.43 W
1788703519.878210757,0 %, 2411 MHz, 41, 11.43 W
1788703519.978359850,0 %, 2411 MHz, 41, 11.43 W
1788703520.078649119,0 %, 2411 MHz, 41, 11.42 W
1788703520.178902917,0 %, 2411 MHz, 41, 11.42 W
1788703520.279049226,0 %, 2411 MHz, 41, 11.42 W
1788703520.379422335,0 %, 2411 MHz, 41, 11.42 W
1788703520.479595716,0 %, 2411 MHz, 41, 11.42 W
1788703520.580423144,0 %, 2411 MHz, 41, 11.42 W
1788703520.681545946,0 %, 2411 MHz, 41, 11.42 W
1788703520.780940626,0 %, 2411 MHz, 41, 11.42 W
1788703520.881179031,0 %, 2411 MHz, 41, 11.42 W
1788703520.981544332,0 %, 2411 MHz, 41, 11.42 W
1788703521.082164112,0 %, 2411 MHz, 41, 11.42 W
1788703521.181887671,0 %, 2411 MHz, 41, 11.42 W
1788703521.282625626,0 %, 2411 MHz, 41, 11.42 W
1788703521.382973647,0 %, 2411 MHz, 41, 11.42 W
1788703521.482874709,0 %, 2411 MHz, 41, 11.42 W
1788703521.583467130,0 %, 2411 MHz, 41, 11.41 W
1788703521.683621695,0 %, 2411 MHz, 41, 11.41 W
1788703521.783890020,0 %, 2411 MHz, 41, 11.41 W
1788703521.883962106,0 %, 2411 MHz, 41, 11.41 W
1788703521.984192063,0 %, 2411 MHz, 41, 11.41 W
1788703522.084661411,0 %, 2411 MHz, 41, 11.42 W
1788703522.184556105,0 %, 2411 MHz, 41, 11.42 W
1788703522.285448013,0 %, 2411 MHz, 41, 11.42 W
1788703522.385671890,0 %, 2411 MHz, 41, 11.42 W
1788703522.485787671,0 %, 2411 MHz, 41, 11.42 W
1788703522.586718634,0 %, 2411 MHz, 41, 11.43 W
1788703522.686460481,0 %, 2411 MHz, 41, 11.43 W
1788703522.787545060,0 %, 2411 MHz, 41, 11.43 W
1788703522.887498202,0 %, 2411 MHz, 41, 11.43 W
1788703522.987795727,0 %, 2411 MHz, 41, 11.43 W
1788703523.088181075,0 %, 2411 MHz, 41, 11.43 W
1788703523.188348504,0 %, 2411 MHz, 41, 11.43 W
1788703523.288514574,0 %, 2411 MHz, 41, 11.43 W
1788703523.388728979,0 %, 2411 MHz, 41, 11.43 W
1788703523.488852248,0 %, 2411 MHz, 41, 11.43 W
1788703523.589703324,0 %, 2411 MHz, 41, 11.44 W
1788703523.690096848,0 %, 2411 MHz, 41, 11.44 W
1788703523.790533765,0 %, 2411 MHz, 41, 11.44 W
1788703523.890417931,0 %, 2411 MHz, 41, 11.44 W
1788703523.990753600,0 %, 2411 MHz, 41, 11.44 W
1788703524.091116421,0 %, 2411 MHz, 41, 11.44 W
1788703524.191360506,0 %, 2411 MHz, 41, 11.44 W
1788703524.291634719,0 %, 2411 MHz, 41, 11.44 W
1788703524.391593572,0 %, 2411 MHz, 41, 11.44 W
1788703524.491947817,0 %, 2411 MHz, 41, 11.44 W
1788703524.592594941,0 %, 2411 MHz, 41, 11.44 W
1788703524.692761522,0 %, 2411 MHz, 41, 11.44 W
1788703524.792980087,0 %, 2411 MHz, 41, 11.44 W
1788703524.893216012,0 %, 2411 MHz, 41, 11.44 W
1788703524.993425282,0 %, 2411 MHz, 41, 11.44 W
1788703525.094085333,0 %, 2411 MHz, 41, 11.43 W
1788703525.193938204,0 %, 2411 MHz, 41, 11.43 W
1788703525.294554384,0 %, 2411 MHz, 41, 11.43 W
1788703525.394530469,0 %, 2411 MHz, 41, 11.43 W
1788703525.494610107,0 %, 2411 MHz, 41, 11.43 W
1788703525.595739805,0 %, 2411 MHz, 41, 11.44 W
1788703525.695907027,0 %, 2411 MHz, 41, 11.44 W
1788703525.796080600,0 %, 2411 MHz, 41, 11.44 W
1788703525.895847294,0 %, 2411 MHz, 41, 11.44 W
1788703525.996374898,0 %, 2411 MHz, 41, 11.44 W
1788703526.096866919,0 %, 2411 MHz, 41, 11.44 W
1788703526.197134796,0 %, 2411 MHz, 41, 11.44 W
1788703526.297067969,0 %, 2411 MHz, 41, 11.44 W
1788703526.397339302,0 %, 2411 MHz, 41, 11.44 W
1788703526.497546235,0 %, 2411 MHz, 41, 11.44 W
1788703526.597989184,0 %, 2411 MHz, 41, 11.44 W
1788703526.698136581,0 %, 2411 MHz, 41, 11.44 W
1788703526.798833465,0 %, 2411 MHz, 41, 11.44 W
1788703526.899266205,0 %, 2411 MHz, 41, 11.44 W
1788703526.999078180,0 %, 2411 MHz, 41, 11.44 W
1788703527.099568888,0 %, 2411 MHz, 41, 11.44 W
1788703527.199629693,0 %, 2411 MHz, 41, 11.44 W
1788703527.299898626,0 %, 2411 MHz, 41, 11.44 W
1788703527.400369254,0 %, 2411 MHz, 41, 11.44 W
1788703527.500548028,0 %, 2411 MHz, 41, 11.45 W
1788703527.601203711,0 %, 2411 MHz, 41, 11.45 W
1788703527.701578036,0 %, 2411 MHz, 41, 11.45 W
1788703527.801218971,0 %, 2411 MHz, 41, 11.45 W
1788703527.902257373,0 %, 2411 MHz, 41, 11.45 W
1788703528.001982436,0 %, 2411 MHz, 41, 11.45 W
1788703528.102208633,0 %, 2411 MHz, 41, 11.45 W
1788703528.202651453,0 %, 2411 MHz, 41, 11.45 W
1788703528.302745266,0 %, 2411 MHz, 41, 11.45 W
1788703528.402957192,0 %, 2411 MHz, 41, 11.45 W
1788703528.503066141,0 %, 2411 MHz, 41, 11.46 W
1788703528.603172354,0 %, 2411 MHz, 41, 11.46 W
1788703528.703413719,0 %, 2411 MHz, 41, 11.46 W
1788703528.804369146,0 %, 2411 MHz, 41, 11.46 W
1788703528.904142880,0 %, 2411 MHz, 41, 11.46 W
1788703529.004198790,0 %, 2411 MHz, 41, 11.45 W
1788703529.104590170,0 %, 2411 MHz, 41, 11.45 W
1788703529.205321182,0 %, 2411 MHz, 41, 11.45 W
1788703529.305367635,0 %, 2411 MHz, 41, 11.45 W
1788703529.405567640,0 %, 2411 MHz, 41, 11.45 W
1788703529.506207132,0 %, 2411 MHz, 41, 11.45 W
1788703529.606407633,0 %, 2411 MHz, 41, 11.45 W
1788703529.706708966,0 %, 2411 MHz, 41, 11.45 W
1788703529.806847259,0 %, 2411 MHz, 41, 11.45 W
1788703529.907205072,0 %, 2411 MHz, 41, 11.45 W
1788703530.007529204,0 %, 2411 MHz, 41, 11.45 W
1788703530.107963209,0 %, 2411 MHz, 41, 11.45 W
1788703530.208523245,0 %, 2411 MHz, 41, 11.45 W
1788703530.308712898,0 %, 2411 MHz, 41, 11.45 W
1788703530.410109859,0 %, 2411 MHz, 41, 11.45 W
1788703530.509352139,0 %, 2411 MHz, 41, 11.45 W
1788703530.610072526,0 %, 2411 MHz, 41, 11.45 W
1788703530.710522179,0 %, 2411 MHz, 41, 11.45 W
1788703530.811045415,0 %, 2411 MHz, 41, 11.45 W
1788703530.911533531,0 %, 2411 MHz, 41, 11.45 W
1788703531.011518657,0 %, 2411 MHz, 41, 11.43 W
1788703531.112025749,0 %, 2411 MHz, 41, 11.43 W
1788703531.212085514,0 %, 2411 MHz, 41, 11.43 W
1788703531.312416719,0 %, 2411 MHz, 41, 11.43 W
1788703531.412684420,0 %, 2411 MHz, 41, 11.43 W
1788703531.512757529,0 %, 2411 MHz, 41, 11.43 W
1788703531.613133917,0 %, 2411 MHz, 41, 11.43 W
1788703531.713397410,0 %, 2411 MHz, 41, 11.43 W
1788703531.813656487,0 %, 2411 MHz, 41, 11.43 W
1788703531.914307915,0 %, 2411 MHz, 41, 11.43 W
1788703532.014606703,0 %, 2411 MHz, 41, 11.44 W
1788703532.114809156,0 %, 2411 MHz, 41, 11.44 W
1788703532.215146185,0 %, 2411 MHz, 41, 11.44 W
1788703532.315561773,0 %, 2411 MHz, 41, 11.44 W
1788703532.415569075,0 %, 2411 MHz, 41, 11.44 W
1788703532.515918871,0 %, 2411 MHz, 41, 11.43 W
1788703532.616082636,0 %, 2411 MHz, 41, 11.43 W
1788703532.716325489,0 %, 2411 MHz, 41, 11.43 W
1788703532.816563270,0 %, 2411 MHz, 41, 11.43 W
1788703532.917216649,0 %, 2411 MHz, 41, 11.43 W
1788703533.017547422,0 %, 2411 MHz, 41, 11.42 W
1788703533.117774419,0 %, 2411 MHz, 41, 11.42 W
1788703533.218142279,0 %, 2411 MHz, 41, 11.42 W
1788703533.318573564,0 %, 2411 MHz, 41, 11.42 W
1788703533.419125120,0 %, 2411 MHz, 41, 11.42 W
1788703533.518850614,0 %, 2411 MHz, 41, 11.43 W
1788703533.619637385,0 %, 2411 MHz, 41, 11.43 W
1788703533.719856158,0 %, 2411 MHz, 41, 11.43 W
1788703533.820194338,0 %, 2411 MHz, 41, 11.43 W
1788703533.920566375,0 %, 2411 MHz, 41, 11.43 W
1788703534.020927595,0 %, 2411 MHz, 41, 11.43 W
1788703534.121556399,0 %, 2411 MHz, 41, 11.43 W
1788703534.221873907,0 %, 2411 MHz, 41, 11.43 W
1788703534.322191128,0 %, 2411 MHz, 41, 11.43 W
1788703534.422436749,0 %, 2411 MHz, 41, 11.43 W
1788703534.522509362,0 %, 2411 MHz, 41, 11.43 W
1788703534.622896214,0 %, 2411 MHz, 41, 11.43 W
1788703534.723067083,0 %, 2411 MHz, 41, 11.43 W
1788703534.823353056,0 %, 2411 MHz, 41, 11.43 W
1788703534.923455381,0 %, 2411 MHz, 41, 11.43 W
1788703535.023577914,0 %, 2411 MHz, 41, 11.45 W
1788703535.123239953,0 %, 2411 MHz, 41, 11.45 W
1788703535.224346931,0 %, 2411 MHz, 41, 11.45 W
1788703535.324778023,0 %, 2411 MHz, 41, 11.45 W
1788703535.424988732,0 %, 2411 MHz, 41, 11.45 W
1788703535.524933234,0 %, 2411 MHz, 41, 11.45 W
1788703535.625438389,0 %, 2411 MHz, 41, 11.45 W
1788703535.725627322,0 %, 2411 MHz, 41, 11.45 W
1788703535.825657280,0 %, 2411 MHz, 41, 11.45 W
1788703535.925635749,0 %, 2411 MHz, 41, 11.45 W
1788703536.026552776,0 %, 2411 MHz, 41, 11.44 W
1788703536.126559037,0 %, 2411 MHz, 41, 11.44 W
1788703536.226906626,0 %, 2411 MHz, 41, 11.44 W
1788703536.327023031,0 %, 2411 MHz, 41, 11.44 W
1788703536.427222780,0 %, 2411 MHz, 41, 11.44 W
1788703536.527679248,0 %, 2411 MHz, 41, 11.43 W
1788703536.628180948,0 %, 2411 MHz, 41, 11.43 W
1788703536.728657768,0 %, 2411 MHz, 41, 11.43 W
1788703536.828959580,0 %, 2411 MHz, 41, 11.43 W
1788703536.929837727,0 %, 2411 MHz, 41, 11.43 W
1788703537.030052756,0 %, 2411 MHz, 41, 11.44 W
1788703537.130584040,0 %, 2411 MHz, 41, 11.44 W
1788703537.231702714,0 %, 2411 MHz, 41, 11.44 W
1788703537.331849055,0 %, 2411 MHz, 41, 11.44 W
1788703537.431874612,0 %, 2411 MHz, 41, 11.44 W
1788703537.532235737,0 %, 2411 MHz, 41, 11.44 W
1788703537.632275934,0 %, 2411 MHz, 41, 11.44 W
1788703537.732463683,0 %, 2411 MHz, 41, 11.44 W
1788703537.833318966,0 %, 2411 MHz, 41, 11.44 W
1788703537.933666586,0 %, 2411 MHz, 41, 11.44 W
1788703538.034058958,0 %, 2411 MHz, 41, 11.43 W
1788703538.134298579,0 %, 2411 MHz, 41, 11.43 W
1788703538.234989319,0 %, 2411 MHz, 41, 11.43 W
1788703538.335040476,0 %, 2411 MHz, 41, 11.43 W
1788703538.435860287,0 %, 2411 MHz, 41, 11.43 W
1788703538.535824180,0 %, 2411 MHz, 41, 11.43 W
1788703538.636003433,0 %, 2411 MHz, 41, 11.43 W
1788703538.736342509,0 %, 2411 MHz, 41, 11.43 W
1788703538.836757826,0 %, 2411 MHz, 41, 11.43 W
1788703538.937384997,0 %, 2411 MHz, 41, 11.43 W
1788703539.037860905,0 %, 2411 MHz, 41, 11.43 W
1788703539.138435101,0 %, 2411 MHz, 41, 11.43 W
1788703539.238763169,0 %, 2411 MHz, 41, 11.43 W
1788703539.339319189,0 %, 2411 MHz, 41, 11.43 W
1788703539.439675465,0 %, 2411 MHz, 41, 11.43 W
1788703539.540206477,0 %, 2411 MHz, 41, 11.43 W
1788703539.640712417,0 %, 2411 MHz, 41, 11.43 W
1788703539.740969285,0 %, 2411 MHz, 41, 11.43 W
1788703539.840916507,0 %, 2411 MHz, 41, 11.43 W
1788703539.941030704,0 %, 2411 MHz, 41, 11.43 W
1788703540.042005858,0 %, 2411 MHz, 41, 11.43 W
1788703540.142106375,0 %, 2411 MHz, 41, 11.43 W
1788703540.242012269,0 %, 2411 MHz, 41, 11.43 W
1788703540.342996255,0 %, 2411 MHz, 41, 11.43 W
1788703540.443040597,0 %, 2411 MHz, 41, 11.43 W
1788703540.543065866,0 %, 2411 MHz, 41, 11.43 W
1788703540.643739661,0 %, 2411 MHz, 41, 11.43 W
1788703540.743996738,0 %, 2411 MHz, 41, 11.43 W
1788703540.844274886,0 %, 2411 MHz, 41, 11.43 W
1788703540.944622267,0 %, 2411 MHz, 41, 11.43 W
1788703541.044815295,0 %, 2411 MHz, 41, 11.43 W
1788703541.145033556,0 %, 2411 MHz, 41, 11.43 W
1788703541.245191433,0 %, 2411 MHz, 41, 11.43 W
1788703541.345615245,0 %, 2411 MHz, 41, 11.43 W
1788703541.446319520,0 %, 2411 MHz, 41, 11.43 W
1788703541.547369554,0 %, 2411 MHz, 41, 11.43 W
1788703541.647109064,0 %, 2411 MHz, 41, 11.43 W
1788703541.747876731,0 %, 2411 MHz, 41, 11.43 W
1788703541.848157376,0 %, 2411 MHz, 41, 11.43 W
1788703541.949126226,0 %, 2411 MHz, 41, 11.43 W
1788703542.049339191,0 %, 2411 MHz, 41, 11.43 W
1788703542.149047565,0 %, 2411 MHz, 41, 11.43 W
1788703542.249016434,0 %, 2411 MHz, 41, 11.43 W
1788703542.349195543,0 %, 2411 MHz, 41, 11.43 W
1788703542.450110890,0 %, 2411 MHz, 41, 11.43 W
1788703542.549519697,0 %, 2411 MHz, 41, 11.43 W
1788703542.650739666,0 %, 2411 MHz, 41, 11.43 W
1788703542.750996295,0 %, 2411 MHz, 41, 11.43 W
1788703542.851671322,0 %, 2411 MHz, 41, 11.43 W
1788703542.951246577,0 %, 2411 MHz, 41, 11.43 W
1788703543.052507810,0 %, 2411 MHz, 41, 11.42 W
1788703543.152880055,0 %, 2411 MHz, 41, 11.42 W
1788703543.252382605,0 %, 2411 MHz, 41, 11.42 W
1788703543.353092912,0 %, 2411 MHz, 41, 11.42 W
1788703543.453731764,0 %, 2411 MHz, 41, 11.42 W
1788703543.553989144,0 %, 2411 MHz, 41, 11.42 W
1788703543.654434908,0 %, 2411 MHz, 41, 11.42 W
1788703543.755442222,0 %, 2411 MHz, 41, 11.42 W
1788703543.855095253,0 %, 2411 MHz, 41, 11.42 W
1788703543.955918856,0 %, 2411 MHz, 41, 11.42 W
1788703544.056366635,0 %, 2411 MHz, 41, 11.41 W
1788703544.156666528,0 %, 2411 MHz, 41, 11.41 W
1788703544.256369238,0 %, 2411 MHz, 41, 11.41 W
1788703544.357085993,0 %, 2411 MHz, 41, 11.41 W
1788703544.457587757,0 %, 2411 MHz, 41, 11.41 W
1788703544.557853361,0 %, 2411 MHz, 41, 11.41 W
1788703544.657897990,0 %, 2411 MHz, 41, 11.41 W
1788703544.758013099,0 %, 2411 MHz, 41, 11.41 W
1788703544.858756462,0 %, 2411 MHz, 41, 11.41 W
1788703544.958982083,0 %, 2411 MHz, 41, 11.41 W
1788703545.059153159,0 %, 2411 MHz, 41, 11.41 W
1788703545.159995786,0 %, 2411 MHz, 41, 11.41 W
1788703545.260234542,0 %, 2411 MHz, 41, 11.41 W
1788703545.360285172,0 %, 2411 MHz, 41, 11.41 W
1788703545.460958951,0 %, 2411 MHz, 41, 11.41 W
1788703545.561181691,0 %, 2411 MHz, 41, 11.42 W
1788703545.661967086,0 %, 2411 MHz, 41, 11.42 W
1788703545.762207811,0 %, 2411 MHz, 41, 11.42 W
1788703545.862025784,0 %, 2411 MHz, 41, 11.42 W
1788703545.962112877,0 %, 2411 MHz, 41, 11.42 W
1788703546.063249503,0 %, 2411 MHz, 41, 11.42 W
1788703546.163336900,0 %, 2411 MHz, 41, 11.42 W
1788703546.263080266,0 %, 2411 MHz, 41, 11.42 W
1788703546.363806045,0 %, 2411 MHz, 41, 11.42 W
1788703546.464023969,0 %, 2411 MHz, 41, 11.42 W
1788703546.564925652,0 %, 2411 MHz, 41, 11.43 W
1788703546.665491000,0 %, 2411 MHz, 41, 11.43 W
1788703546.766197771,0 %, 2411 MHz, 41, 11.43 W
1788703546.865431666,0 %, 2411 MHz, 41, 11.43 W
1788703546.965900486,0 %, 2411 MHz, 41, 11.43 W
1788703547.066508809,0 %, 2411 MHz, 41, 11.41 W
1788703547.167006205,0 %, 2411 MHz, 41, 11.41 W
1788703547.266364676,0 %, 2411 MHz, 41, 11.41 W
1788703547.367661541,0 %, 2411 MHz, 41, 11.41 W
1788703547.468246984,0 %, 2411 MHz, 41, 11.41 W
1788703547.568557933,0 %, 2411 MHz, 41, 11.41 W
1788703547.667531957,0 %, 2411 MHz, 41, 11.41 W
1788703547.768875830,0 %, 2411 MHz, 41, 11.41 W
1788703547.868877899,0 %, 2411 MHz, 41, 11.41 W
1788703547.969307215,0 %, 2411 MHz, 41, 11.41 W
1788703548.069434804,0 %, 2411 MHz, 41, 11.44 W
1788703548.170083799,0 %, 2411 MHz, 41, 11.44 W
1788703548.269770893,0 %, 2411 MHz, 41, 11.44 W
1788703548.371019742,0 %, 2411 MHz, 41, 11.44 W
1788703548.471276371,0 %, 2411 MHz, 41, 11.44 W
1788703548.571653079,0 %, 2411 MHz, 41, 11.45 W
1788703548.671924235,0 %, 2411 MHz, 41, 11.45 W
1788703548.771575809,0 %, 2411 MHz, 41, 11.45 W
1788703548.872301124,0 %, 2411 MHz, 41, 11.45 W
1788703548.973341462,0 %, 2411 MHz, 41, 11.45 W
1788703549.073035244,0 %, 2411 MHz, 41, 11.41 W
1788703549.173469472,0 %, 2411 MHz, 41, 11.41 W
1788703549.273370757,0 %, 2411 MHz, 41, 11.41 W
1788703549.374237624,0 %, 2411 MHz, 41, 11.41 W
1788703549.474541004,0 %, 2411 MHz, 41, 11.41 W
1788703549.575398751,0 %, 2411 MHz, 41, 11.41 W
1788703549.674651270,0 %, 2411 MHz, 41, 11.41 W
1788703549.775577192,0 %, 2411 MHz, 41, 11.41 W
1788703549.875404462,0 %, 2411 MHz, 41, 11.41 W
1788703549.975941473,0 %, 2411 MHz, 41, 11.41 W
1788703550.076428421,0 %, 2411 MHz, 41, 11.42 W
1788703550.176964648,0 %, 2411 MHz, 41, 11.42 W
1788703550.276424591,0 %, 2411 MHz, 41, 11.42 W
1788703550.377046210,0 %, 2411 MHz, 41, 11.42 W
1788703550.477373526,0 %, 2411 MHz, 41, 11.42 W
1788703550.578249513,0 %, 2411 MHz, 41, 11.43 W
1788703550.678177806,0 %, 2411 MHz, 41, 11.43 W
1788703550.778783633,0 %, 2411 MHz, 41, 11.43 W
1788703550.878651783,0 %, 2411 MHz, 41, 11.43 W
1788703550.978840683,0 %, 2411 MHz, 41, 11.43 W
1788703551.079640126,0 %, 2411 MHz, 41, 11.43 W
1788703551.180302689,0 %, 2411 MHz, 41, 11.43 W
1788703551.279613128,0 %, 2411 MHz, 41, 11.43 W
1788703551.380719994,0 %, 2411 MHz, 41, 11.43 W
1788703551.480784142,0 %, 2411 MHz, 41, 11.43 W
1788703551.580627380,0 %, 2411 MHz, 41, 11.43 W
1788703551.681066936,0 %, 2411 MHz, 41, 11.43 W
1788703551.781545035,0 %, 2411 MHz, 41, 11.43 W
1788703551.881693648,0 %, 2411 MHz, 41, 11.43 W
1788703551.981842900,0 %, 2411 MHz, 41, 11.43 W
1788703552.082204520,0 %, 2411 MHz, 41, 11.42 W
1788703552.182434045,0 %, 2411 MHz, 41, 11.42 W
1788703552.282698353,0 %, 2411 MHz, 41, 11.42 W
1788703552.383998082,0 %, 2411 MHz, 41, 11.42 W
1788703552.483246281,0 %, 2411 MHz, 41, 11.42 W
1788703552.584138108,0 %, 2411 MHz, 41, 11.43 W
1788703552.684301616,0 %, 2411 MHz, 41, 11.43 W
1788703552.784571476,0 %, 2411 MHz, 41, 11.43 W
1788703552.884799769,0 %, 2411 MHz, 41, 11.43 W
1788703552.984778046,0 %, 2411 MHz, 41, 11.43 W
1788703553.085360497,0 %, 2411 MHz, 41, 11.43 W
1788703553.185753877,0 %, 2411 MHz, 41, 11.43 W
1788703553.285677194,0 %, 2411 MHz, 41, 11.43 W
1788703553.385885726,0 %, 2411 MHz, 41, 11.43 W
1788703553.485866835,0 %, 2411 MHz, 41, 11.43 W
1788703553.586878325,0 %, 2411 MHz, 41, 11.44 W
1788703553.686976554,0 %, 2411 MHz, 41, 11.44 W
1788703553.787724173,0 %, 2411 MHz, 41, 11.44 W
1788703553.887886273,0 %, 2411 MHz, 41, 11.44 W
1788703553.989047091,0 %, 2411 MHz, 41, 11.44 W
1788703554.088299562,0 %, 2411 MHz, 41, 11.43 W
1788703554.188751181,0 %, 2411 MHz, 41, 11.43 W
1788703554.288720002,0 %, 2411 MHz, 41, 11.43 W
1788703554.389194006,0 %, 2411 MHz, 41, 11.43 W
1788703554.489006203,0 %, 2411 MHz, 41, 11.43 W
1788703554.590218797,0 %, 2411 MHz, 41, 11.42 W
1788703554.690037458,0 %, 2411 MHz, 41, 11.42 W
1788703554.790419430,0 %, 2411 MHz, 41, 11.42 W
1788703554.890671386,0 %, 2411 MHz, 41, 11.42 W
1788703554.990890654,0 %, 2411 MHz, 41, 11.42 W
1788703555.091578625,0 %, 2411 MHz, 41, 11.43 W
1788703555.191806870,0 %, 2411 MHz, 41, 11.43 W
1788703555.291708251,0 %, 2411 MHz, 41, 11.43 W
1788703555.392728205,0 %, 2411 MHz, 41, 11.43 W
1788703555.492324307,0 %, 2411 MHz, 41, 11.43 W
1788703555.593577396,0 %, 2411 MHz, 41, 11.44 W
1788703555.693044554,0 %, 2411 MHz, 41, 11.44 W
1788703555.793284239,0 %, 2411 MHz, 41, 11.44 W
1788703555.893472435,0 %, 2411 MHz, 41, 11.44 W
1788703555.994321157,0 %, 2411 MHz, 41, 11.44 W
1788703556.094734697,0 %, 2411 MHz, 41, 11.44 W
1788703556.195290348,0 %, 2411 MHz, 41, 11.44 W
1788703556.295545793,0 %, 2411 MHz, 41, 11.44 W
1788703556.396261603,0 %, 2411 MHz, 41, 11.44 W
1788703556.496403720,0 %, 2411 MHz, 41, 11.44 W
1788703556.597777657,0 %, 2411 MHz, 41, 11.44 W
1788703556.697805709,0 %, 2411 MHz, 41, 11.44 W
1788703556.798674448,0 %, 2411 MHz, 41, 11.44 W
1788703556.899303251,0 %, 2411 MHz, 41, 11.44 W
1788703556.999387464,0 %, 2411 MHz, 41, 11.44 W
1788703557.099952299,0 %, 2411 MHz, 41, 11.43 W
1788703557.200658606,0 %, 2411 MHz, 41, 11.43 W
1788703557.300470275,0 %, 2411 MHz, 41, 11.43 W
1788703557.401258342,0 %, 2411 MHz, 41, 11.43 W
1788703557.501423834,0 %, 2411 MHz, 41, 11.43 W
1788703557.601945469,0 %, 2411 MHz, 41, 11.43 W
1788703557.702725632,0 %, 2411 MHz, 41, 11.43 W
1788703557.803077700,0 %, 2411 MHz, 41, 11.43 W
1788703557.903896630,0 %, 2411 MHz, 41, 11.43 W
1788703558.004311290,0 %, 2411 MHz, 41, 11.43 W
1788703558.105521179,0 %, 2411 MHz, 41, 11.43 W
1788703558.206237006,0 %, 2411 MHz, 41, 11.43 W
1788703558.305232806,0 %, 2411 MHz, 41, 11.43 W
1788703558.405799737,0 %, 2411 MHz, 41, 11.43 W
1788703558.507507577,0 %, 2411 MHz, 41, 11.44 W
1788703558.607749709,0 %, 2411 MHz, 41, 11.44 W
1788703558.708025601,0 %, 2411 MHz, 41, 11.44 W
1788703558.808553636,0 %, 2411 MHz, 41, 11.44 W
1788703558.908973928,0 %, 2411 MHz, 41, 11.44 W
1788703559.009109276,0 %, 2411 MHz, 41, 11.44 W
1788703559.110186894,0 %, 2411 MHz, 41, 11.44 W
1788703559.210626929,0 %, 2411 MHz, 41, 11.44 W
1788703559.310667366,0 %, 2411 MHz, 41, 11.44 W
1788703559.410853034,0 %, 2411 MHz, 41, 11.44 W
1788703559.511226078,0 %, 2411 MHz, 41, 11.44 W
1788703559.612144544,0 %, 2411 MHz, 41, 11.44 W
1788703559.712438836,0 %, 2411 MHz, 41, 11.44 W
1788703559.813221159,0 %, 2411 MHz, 41, 11.44 W
1788703559.913323563,0 %, 2411 MHz, 41, 11.44 W
1788703560.014135805,0 %, 2411 MHz, 41, 11.44 W
1788703560.114948464,0 %, 2411 MHz, 41, 11.44 W
1788703560.215294756,0 %, 2411 MHz, 41, 11.44 W
1788703560.315158617,0 %, 2411 MHz, 41, 11.44 W
1788703560.416092011,0 %, 2411 MHz, 41, 11.44 W
1788703560.516369103,0 %, 2411 MHz, 41, 11.45 W
1788703560.616929106,0 %, 2411 MHz, 41, 11.45 W
1788703560.717582405,0 %, 2411 MHz, 41, 11.45 W
1788703560.817461450,0 %, 2411 MHz, 41, 11.45 W
1788703560.918133197,0 %, 2411 MHz, 41, 11.45 W
1788703561.017787362,0 %, 2411 MHz, 41, 11.45 W
1788703561.118533477,0 %, 2411 MHz, 41, 11.45 W
1788703561.219099624,0 %, 2411 MHz, 41, 11.45 W
1788703561.318457903,0 %, 2411 MHz, 41, 11.45 W
1788703561.419395713,0 %, 2411 MHz, 41, 11.45 W
1788703561.519242806,0 %, 2411 MHz, 41, 11.43 W
1788703561.620023144,0 %, 2411 MHz, 41, 11.43 W
1788703561.720208621,0 %, 2411 MHz, 41, 11.43 W
1788703561.820515520,0 %, 2411 MHz, 41, 11.43 W
1788703561.920741061,0 %, 2411 MHz, 41, 11.43 W
1788703562.021535511,0 %, 2411 MHz, 41, 11.41 W
1788703562.121684059,0 %, 2411 MHz, 41, 11.41 W
1788703562.222108223,0 %, 2411 MHz, 41, 11.41 W
1788703562.321969540,0 %, 2411 MHz, 41, 11.41 W
1788703562.422550823,0 %, 2411 MHz, 41, 11.41 W
1788703562.523014954,0 %, 2411 MHz, 41, 11.40 W
1788703562.623182670,0 %, 2411 MHz, 41, 11.40 W
1788703562.723806705,0 %, 2411 MHz, 41, 11.40 W
1788703562.823458791,0 %, 2411 MHz, 41, 11.40 W
1788703562.923622923,0 %, 2411 MHz, 41, 11.40 W
1788703563.024557565,0 %, 2411 MHz, 41, 11.41 W
1788703563.124430290,0 %, 2411 MHz, 41, 11.41 W
1788703563.225010293,0 %, 2411 MHz, 41, 11.41 W
1788703563.324668139,0 %, 2411 MHz, 41, 11.41 W
1788703563.425089278,0 %, 2411 MHz, 41, 11.41 W
1788703563.525364146,0 %, 2411 MHz, 41, 11.41 W
1788703563.625748470,0 %, 2411 MHz, 41, 11.41 W
1788703563.725896890,0 %, 2411 MHz, 41, 11.41 W
1788703563.826238414,0 %, 2411 MHz, 41, 11.41 W
1788703563.926689921,0 %, 2411 MHz, 41, 11.41 W
1788703564.027547539,0 %, 2411 MHz, 41, 11.42 W
1788703564.127434888,0 %, 2411 MHz, 41, 11.42 W
1788703564.227622732,0 %, 2411 MHz, 41, 11.42 W
1788703564.327514609,0 %, 2411 MHz, 41, 11.42 W
1788703564.428021493,0 %, 2411 MHz, 41, 11.42 W
1788703564.528543112,0 %, 2411 MHz, 41, 11.43 W
1788703564.628938699,0 %, 2411 MHz, 41, 11.43 W
1788703564.728955984,0 %, 2411 MHz, 41, 11.43 W
1788703564.829780578,0 %, 2411 MHz, 41, 11.43 W
1788703564.930256581,0 %, 2411 MHz, 41, 11.43 W
1788703565.030084202,0 %, 2411 MHz, 41, 11.43 W
1788703565.130529054,0 %, 2411 MHz, 41, 11.43 W
1788703565.230746162,0 %, 2411 MHz, 41, 11.43 W
1788703565.330550855,0 %, 2411 MHz, 41, 11.43 W
1788703565.431703352,0 %, 2411 MHz, 41, 11.43 W
1788703565.531521005,0 %, 2411 MHz, 41, 11.42 W
1788703565.631854385,0 %, 2411 MHz, 41, 11.42 W
1788703565.732319636,0 %, 2411 MHz, 41, 11.42 W
1788703565.832515368,0 %, 2411 MHz, 41, 11.42 W
1788703565.932201886,0 %, 2411 MHz, 41, 11.42 W
1788703566.033072848,0 %, 2411 MHz, 41, 11.41 W
1788703566.133537747,0 %, 2411 MHz, 41, 11.41 W
1788703566.233767879,0 %, 2411 MHz, 41, 11.41 W
1788703566.333695196,0 %, 2411 MHz, 41, 11.41 W
1788703566.434358319,0 %, 2411 MHz, 41, 11.41 W
1788703566.535112065,0 %, 2411 MHz, 41, 11.41 W
1788703566.635648212,0 %, 2411 MHz, 41, 11.41 W
1788703566.736374919,0 %, 2411 MHz, 41, 11.41 W
1788703566.836760490,0 %, 2411 MHz, 41, 11.41 W
1788703566.937342669,0 %, 2411 MHz, 41, 11.41 W
1788703567.038154895,0 %, 2411 MHz, 41, 11.41 W
1788703567.138233508,0 %, 2411 MHz, 41, 11.41 W
1788703567.239213077,0 %, 2411 MHz, 41, 11.41 W
1788703567.338829195,0 %, 2411 MHz, 41, 11.41 W
1788703567.439553246,0 %, 2411 MHz, 41, 11.41 W
1788703567.539861857,0 %, 2411 MHz, 41, 11.42 W
1788703567.640309221,0 %, 2411 MHz, 41, 11.42 W
1788703567.740492617,0 %, 2411 MHz, 41, 11.42 W
1788703567.841333883,0 %, 2411 MHz, 41, 11.42 W
1788703567.941724894,0 %, 2411 MHz, 41, 11.42 W
1788703568.041948754,0 %, 2411 MHz, 41, 11.41 W
1788703568.142777028,0 %, 2411 MHz, 41, 11.41 W
1788703568.243095544,0 %, 2411 MHz, 41, 11.41 W
1788703568.342990205,0 %, 2411 MHz, 41, 11.41 W
1788703568.443849615,0 %, 2411 MHz, 41, 11.41 W
1788703568.544710881,0 %, 2411 MHz, 41, 11.41 W
1788703568.645162276,0 %, 2411 MHz, 41, 11.41 W
1788703568.746046534,0 %, 2411 MHz, 41, 11.41 W
1788703568.846555657,0 %, 2411 MHz, 41, 11.41 W
1788703568.946831901,0 %, 2411 MHz, 41, 11.41 W
1788703569.047079569,0 %, 2411 MHz, 41, 11.41 W
1788703569.147890467,0 %, 2411 MHz, 41, 11.41 W
1788703569.248551046,0 %, 2411 MHz, 41, 11.41 W
1788703569.348185179,0 %, 2411 MHz, 41, 11.41 W
1788703569.449780507,0 %, 2411 MHz, 41, 11.41 W
1788703569.549552384,0 %, 2411 MHz, 41, 11.41 W
1788703569.650122419,0 %, 2411 MHz, 41, 11.41 W
1788703569.751031685,0 %, 2411 MHz, 41, 11.41 W
1788703569.851290393,0 %, 2411 MHz, 41, 11.41 W
1788703569.951721900,0 %, 2411 MHz, 41, 11.41 W
1788703570.052582670,0 %, 2411 MHz, 41, 11.41 W
1788703570.152926882,0 %, 2411 MHz, 41, 11.41 W
1788703570.253226549,0 %, 2411 MHz, 41, 11.41 W
1788703570.353150874,0 %, 2411 MHz, 41, 11.41 W
1788703570.454276891,0 %, 2411 MHz, 41, 11.41 W
1788703570.554763054,0 %, 2411 MHz, 41, 11.41 W
1788703570.655722816,0 %, 2411 MHz, 41, 11.41 W
1788703570.756106579,0 %, 2411 MHz, 41, 11.41 W
1788703570.856976453,0 %, 2411 MHz, 41, 11.41 W
1788703570.957473929,0 %, 2411 MHz, 41, 11.41 W
1788703571.057830172,0 %, 2411 MHz, 41, 11.41 W
1788703571.158684350,0 %, 2411 MHz, 41, 11.41 W
1788703571.259585584,0 %, 2411 MHz, 41, 11.41 W
1788703571.359163014,0 %, 2411 MHz, 41, 11.41 W
1788703571.460158391,0 %, 2411 MHz, 41, 11.41 W
1788703571.560586698,0 %, 2411 MHz, 41, 11.42 W
1788703571.660969998,0 %, 2411 MHz, 41, 11.42 W
1788703571.761321297,0 %, 2411 MHz, 41, 11.42 W
1788703571.862048724,0 %, 2411 MHz, 41, 11.42 W
1788703571.962422375,0 %, 2411 MHz, 41, 11.42 W
1788703572.063289401,0 %, 2411 MHz, 41, 11.42 W
1788703572.163518285,0 %, 2411 MHz, 41, 11.42 W
1788703572.264036816,0 %, 2411 MHz, 41, 11.42 W
1788703572.364074516,0 %, 2411 MHz, 41, 11.42 W
1788703572.465080550,0 %, 2411 MHz, 41, 11.42 W
1788703572.565600600,0 %, 2411 MHz, 41, 11.41 W
1788703572.666404283,0 %, 2411 MHz, 41, 11.41 W
1788703572.766670398,0 %, 2411 MHz, 41, 11.41 W
1788703572.867018482,0 %, 2411 MHz, 41, 11.41 W
1788703572.968316162,0 %, 2411 MHz, 41, 11.41 W
1788703573.068407319,0 %, 2411 MHz, 41, 11.41 W
1788703573.168771610,0 %, 2411 MHz, 41, 11.41 W
1788703573.269595548,0 %, 2411 MHz, 41, 11.41 W
1788703573.369324961,0 %, 2411 MHz, 41, 11.41 W
1788703573.470177251,0 %, 2411 MHz, 41, 11.41 W
1788703573.571046389,0 %, 2411 MHz, 41, 11.41 W
1788703573.671373337,0 %, 2411 MHz, 41, 11.41 W
1788703573.771931019,0 %, 2411 MHz, 41, 11.41 W
1788703573.872160239,0 %, 2411 MHz, 41, 11.41 W
1788703573.972561202,0 %, 2411 MHz, 41, 11.41 W
1788703574.073156405,0 %, 2411 MHz, 41, 11.42 W
1788703574.173774536,0 %, 2411 MHz, 41, 11.42 W
1788703574.273849484,0 %, 2411 MHz, 41, 11.42 W
1788703574.373759952,0 %, 2411 MHz, 41, 11.42 W
1788703574.474221620,0 %, 2411 MHz, 41, 11.42 W
1788703574.575443492,0 %, 2411 MHz, 41, 11.41 W
1788703574.675387657,0 %, 2411 MHz, 41, 11.41 W
1788703574.775701916,0 %, 2411 MHz, 41, 11.41 W
1788703574.876423199,0 %, 2411 MHz, 41, 11.41 W
1788703574.976705026,0 %, 2411 MHz, 41, 11.41 W
1788703575.077287109,0 %, 2411 MHz, 41, 11.42 W
1788703575.178195959,0 %, 2411 MHz, 41, 11.42 W
1788703575.278611338,0 %, 2411 MHz, 41, 11.42 W
1788703575.378549230,0 %, 2411 MHz, 41, 11.42 W
1788703575.479649200,0 %, 2411 MHz, 41, 11.42 W
1788703575.580019363,0 %, 2411 MHz, 41, 11.42 W
1788703575.680394758,0 %, 2411 MHz, 41, 11.42 W
1788703575.781244200,0 %, 2411 MHz, 41, 11.42 W
1788703575.881644395,0 %, 2411 MHz, 41, 11.42 W
1788703575.981495200,0 %, 2411 MHz, 41, 11.42 W
1788703576.082084275,0 %, 2411 MHz, 41, 11.42 W
1788703576.182526230,0 %, 2411 MHz, 41, 11.42 W
1788703576.283270856,0 %, 2411 MHz, 41, 11.42 W
1788703576.383025981,0 %, 2411 MHz, 41, 11.42 W
1788703576.483858303,0 %, 2411 MHz, 41, 11.42 W
1788703576.584746705,0 %, 2411 MHz, 41, 11.42 W
1788703576.685092932,0 %, 2411 MHz, 41, 11.42 W
1788703576.785568135,0 %, 2411 MHz, 41, 11.42 W
1788703576.886285593,0 %, 2411 MHz, 41, 11.42 W
1788703576.986543437,0 %, 2411 MHz, 41, 11.42 W
1788703577.087207263,0 %, 2411 MHz, 41, 11.41 W
1788703577.187939506,0 %, 2411 MHz, 41, 11.41 W
1788703577.288189701,0 %, 2411 MHz, 41, 11.41 W
1788703577.387985642,0 %, 2411 MHz, 41, 11.41 W
1788703577.488487613,0 %, 2411 MHz, 41, 11.41 W
1788703577.589592846,0 %, 2411 MHz, 41, 11.40 W
1788703577.689922721,0 %, 2411 MHz, 41, 11.40 W
1788703577.790553012,0 %, 2411 MHz, 41, 11.40 W
1788703577.891342406,0 %, 2411 MHz, 41, 11.40 W
1788703577.991586569,0 %, 2411 MHz, 41, 11.40 W
1788703578.091334350,0 %, 2411 MHz, 41, 11.39 W
1788703578.192736383,0 %, 2411 MHz, 41, 11.39 W
1788703578.292421108,0 %, 2411 MHz, 41, 11.39 W
1788703578.392232169,0 %, 2411 MHz, 41, 11.39 W
1788703578.493722841,0 %, 2411 MHz, 41, 11.39 W
1788703578.593781549,0 %, 2411 MHz, 41, 11.43 W
1788703578.694048064,0 %, 2411 MHz, 41, 11.43 W
1788703578.794525955,0 %, 2411 MHz, 41, 11.43 W
1788703578.895219222,0 %, 2411 MHz, 41, 11.43 W
1788703578.995177546,0 %, 2411 MHz, 41, 11.43 W
1788703579.095586221,0 %, 2411 MHz, 41, 11.46 W
1788703579.196032656,0 %, 2411 MHz, 41, 11.46 W
1788703579.296437187,0 %, 2411 MHz, 41, 11.46 W
1788703579.395863241,0 %, 2411 MHz, 41, 11.46 W
1788703579.495887389,0 %, 2411 MHz, 41, 11.46 W
1788703579.596742079,0 %, 2411 MHz, 41, 11.44 W
1788703579.696961315,0 %, 2411 MHz, 41, 11.44 W
1788703579.797755972,0 %, 2411 MHz, 41, 11.44 W
1788703579.898324855,0 %, 2411 MHz, 41, 11.44 W
1788703579.998545899,0 %, 2411 MHz, 41, 11.44 W
1788703580.098725454,0 %, 2411 MHz, 41, 11.43 W
1788703580.199528304,0 %, 2411 MHz, 41, 11.43 W
1788703580.299895844,0 %, 2411 MHz, 41, 11.43 W
1788703580.399733032,0 %, 2411 MHz, 41, 11.43 W
1788703580.500362699,0 %, 2411 MHz, 41, 11.43 W
1788703580.601094957,0 %, 2411 MHz, 41, 11.42 W
1788703580.701536208,0 %, 2411 MHz, 41, 11.42 W
1788703580.801850515,0 %, 2411 MHz, 41, 11.42 W
1788703580.902205174,0 %, 2411 MHz, 41, 11.42 W
1788703581.002930408,0 %, 2411 MHz, 41, 11.42 W
1788703581.103323036,0 %, 2411 MHz, 41, 11.41 W
1788703581.203875150,0 %, 2411 MHz, 41, 11.41 W
1788703581.304531328,0 %, 2411 MHz, 41, 11.41 W
1788703581.404021206,0 %, 2411 MHz, 41, 11.41 W
1788703581.504762520,0 %, 2411 MHz, 41, 11.41 W
1788703581.605706298,0 %, 2411 MHz, 41, 11.41 W
1788703581.705537934,0 %, 2411 MHz, 41, 11.41 W
1788703581.805748322,0 %, 2411 MHz, 41, 11.41 W
1788703581.906093573,0 %, 2411 MHz, 41, 11.41 W
1788703582.006799559,0 %, 2411 MHz, 41, 11.42 W
1788703582.107559625,0 %, 2411 MHz, 41, 11.42 W
1788703582.207825069,0 %, 2411 MHz, 41, 11.42 W
1788703582.307989024,0 %, 2411 MHz, 41, 11.42 W
1788703582.407880917,0 %, 2411 MHz, 41, 11.42 W
1788703582.508780967,0 %, 2411 MHz, 41, 11.42 W
1788703582.609683448,0 %, 2411 MHz, 41, 11.42 W
1788703582.709300413,0 %, 2411 MHz, 41, 11.42 W
1788703582.809586913,0 %, 2411 MHz, 41, 11.42 W
1788703582.909517781,0 %, 2411 MHz, 41, 11.42 W
1788703583.009574905,0 %, 2411 MHz, 41, 11.43 W
1788703583.110358459,0 %, 2411 MHz, 41, 11.43 W
1788703583.210308815,0 %, 2411 MHz, 41, 11.43 W
1788703583.311803951,0 %, 2411 MHz, 41, 11.43 W
1788703583.411208069,0 %, 2411 MHz, 41, 11.43 W
1788703583.512316646,0 %, 2411 MHz, 41, 11.43 W
1788703583.612510954,0 %, 2411 MHz, 41, 11.43 W
1788703583.713549931,0 %, 2411 MHz, 41, 11.43 W
1788703583.813511791,0 %, 2411 MHz, 41, 11.43 W
1788703583.913676147,0 %, 2411 MHz, 41, 11.43 W
1788703584.014539092,0 %, 2411 MHz, 41, 11.43 W
1788703584.114717512,0 %, 2411 MHz, 41, 11.43 W
1788703584.215072507,0 %, 2411 MHz, 41, 11.43 W
1788703584.315498894,0 %, 2411 MHz, 41, 11.43 W
1788703584.415135507,0 %, 2411 MHz, 41, 11.43 W
1788703584.516164772,0 %, 2411 MHz, 41, 11.43 W
1788703584.616737479,0 %, 2411 MHz, 41, 11.43 W
1788703584.717665208,0 %, 2411 MHz, 41, 11.43 W
1788703584.817684556,0 %, 2411 MHz, 41, 11.43 W
1788703584.917537105,0 %, 2411 MHz, 41, 11.43 W
1788703585.018016851,0 %, 2411 MHz, 41, 11.44 W
1788703585.118517366,0 %, 2411 MHz, 41, 11.44 W
1788703585.218980889,0 %, 2411 MHz, 41, 11.44 W
1788703585.319667051,0 %, 2411 MHz, 41, 11.44 W
1788703585.419376384,0 %, 2411 MHz, 41, 11.44 W
1788703585.519462180,0 %, 2411 MHz, 41, 11.44 W
1788703585.620315093,0 %, 2411 MHz, 41, 11.44 W
1788703585.719837707,0 %, 2411 MHz, 41, 11.44 W
1788703585.821039708,0 %, 2411 MHz, 41, 11.44 W
1788703585.921219375,0 %, 2411 MHz, 41, 11.44 W
1788703586.021470819,0 %, 2411 MHz, 41, 11.43 W
1788703586.121817270,0 %, 2411 MHz, 41, 11.43 W
1788703586.222670919,0 %, 2411 MHz, 41, 11.43 W
1788703586.323076746,0 %, 2411 MHz, 41, 11.43 W
1788703586.422956478,0 %, 2411 MHz, 41, 11.43 W
1788703586.523850064,0 %, 2411 MHz, 41, 11.43 W
1788703586.624679442,0 %, 2411 MHz, 41, 11.43 W
1788703586.724853461,0 %, 2411 MHz, 41, 11.43 W
1788703586.824938713,0 %, 2411 MHz, 41, 11.43 W
1788703586.926746744,0 %, 2411 MHz, 41, 11.43 W
1788703587.026379069,0 %, 2411 MHz, 41, 11.42 W
1788703587.126513185,0 %, 2411 MHz, 41, 11.42 W
1788703587.227558786,0 %, 2411 MHz, 41, 11.42 W
1788703587.327420326,0 %, 2411 MHz, 41, 11.42 W
1788703587.427421898,0 %, 2411 MHz, 41, 11.42 W
1788703587.527959517,0 %, 2411 MHz, 41, 11.42 W
1788703587.628655823,0 %, 2411 MHz, 41, 11.42 W
1788703587.729455073,0 %, 2411 MHz, 41, 11.42 W
1788703587.829860676,0 %, 2411 MHz, 41, 11.42 W
1788703587.930213879,0 %, 2411 MHz, 41, 11.42 W
1788703588.030933801,0 %, 2411 MHz, 41, 11.42 W
1788703588.131240508,0 %, 2411 MHz, 41, 11.42 W
1788703588.231843150,0 %, 2411 MHz, 41, 11.42 W
1788703588.332053089,0 %, 2411 MHz, 41, 11.42 W
1788703588.432003638,0 %, 2411 MHz, 41, 11.42 W
1788703588.532532024,0 %, 2411 MHz, 41, 11.42 W
1788703588.633288874,0 %, 2411 MHz, 41, 11.42 W
1788703588.733513661,0 %, 2411 MHz, 41, 11.42 W
1788703588.834047872,0 %, 2411 MHz, 41, 11.42 W
1788703588.934837618,0 %, 2411 MHz, 41, 11.42 W
1788703589.035034549,0 %, 2411 MHz, 41, 11.42 W
1788703589.135559911,0 %, 2411 MHz, 41, 11.42 W
1788703589.236507081,0 %, 2411 MHz, 41, 11.42 W
1788703589.336833356,0 %, 2411 MHz, 41, 11.42 W
1788703589.436760624,0 %, 2411 MHz, 41, 11.42 W
1788703589.538141920,0 %, 2411 MHz, 41, 11.42 W
1788703589.638170228,0 %, 2411 MHz, 41, 11.42 W
1788703589.738529415,0 %, 2411 MHz, 41, 11.42 W
1788703589.838672090,0 %, 2411 MHz, 41, 11.42 W
1788703589.939273901,0 %, 2411 MHz, 41, 11.42 W
1788703590.039856383,0 %, 2411 MHz, 41, 11.42 W
1788703590.140269890,0 %, 2411 MHz, 41, 11.42 W
1788703590.241199027,0 %, 2411 MHz, 41, 11.42 W
1788703590.341700790,0 %, 2411 MHz, 41, 11.42 W
1788703590.442329672,0 %, 2411 MHz, 41, 11.42 W
1788703590.543470665,0 %, 2411 MHz, 41, 11.42 W
1788703590.643702252,0 %, 2411 MHz, 41, 11.42 W
1788703590.744158239,0 %, 2411 MHz, 41, 11.42 W
1788703590.844363682,0 %, 2411 MHz, 41, 11.42 W
1788703590.944776469,0 %, 2411 MHz, 41, 11.42 W
1788703591.045720022,0 %, 2411 MHz, 41, 11.43 W
1788703591.146164537,0 %, 2411 MHz, 41, 11.43 W
1788703591.246538236,0 %, 2411 MHz, 41, 11.43 W
1788703591.347293325,0 %, 2411 MHz, 41, 11.43 W
1788703591.446931250,0 %, 2411 MHz, 41, 11.43 W
1788703591.547442853,0 %, 2411 MHz, 41, 11.43 W
1788703591.648367062,0 %, 2411 MHz, 41, 11.43 W
1788703591.748395018,0 %, 2411 MHz, 41, 11.43 W
1788703591.849071820,0 %, 2411 MHz, 41, 11.43 W
1788703591.949434367,0 %, 2411 MHz, 41, 11.43 W
1788703592.049793730,0 %, 2411 MHz, 41, 11.44 W
1788703592.150006245,0 %, 2411 MHz, 41, 11.44 W
1788703592.250966822,0 %, 2411 MHz, 41, 11.44 W
1788703592.351190265,0 %, 2411 MHz, 41, 11.44 W
1788703592.451400941,0 %, 2411 MHz, 41, 11.44 W
1788703592.553383083,0 %, 2411 MHz, 41, 11.45 W
1788703592.653243823,0 %, 2411 MHz, 41, 11.45 W
1788703592.754108353,0 %, 2411 MHz, 41, 11.45 W
1788703592.854529507,0 %, 2411 MHz, 41, 11.45 W
1788703592.955572548,0 %, 2411 MHz, 41, 11.45 W
1788703593.055466105,0 %, 2411 MHz, 41, 11.45 W
1788703593.155942859,0 %, 2411 MHz, 41, 11.45 W
1788703593.256824781,0 %, 2411 MHz, 41, 11.45 W
1788703593.357001488,0 %, 2411 MHz, 41, 11.45 W
1788703593.456802468,0 %, 2411 MHz, 41, 11.45 W
1788703593.557622630,0 %, 2411 MHz, 41, 11.46 W
1788703593.658736679,0 %, 2411 MHz, 41, 11.46 W
1788703593.758268380,0 %, 2411 MHz, 41, 11.46 W
1788703593.859044254,0 %, 2411 MHz, 41, 11.46 W
1788703593.959137313,0 %, 2411 MHz, 41, 11.46 W
1788703594.059450484,0 %, 2411 MHz, 41, 11.46 W
1788703594.160573605,0 %, 2411 MHz, 41, 11.46 W
1788703594.260926344,0 %, 2411 MHz, 41, 11.46 W
1788703594.361048139,0 %, 2411 MHz, 41, 11.46 W
1788703594.460943871,0 %, 2411 MHz, 41, 11.46 W
1788703594.562700110,0 %, 2411 MHz, 41, 11.46 W
1788703594.662556354,0 %, 2411 MHz, 41, 11.46 W
1788703594.763089029,0 %, 2411 MHz, 41, 11.46 W
1788703594.863186120,0 %, 2411 MHz, 41, 11.46 W
1788703594.964433897,0 %, 2411 MHz, 41, 11.46 W
1788703595.064552716,0 %, 2411 MHz, 41, 11.45 W
1788703595.164789119,0 %, 2411 MHz, 41, 11.45 W
1788703595.265959808,0 %, 2411 MHz, 41, 11.45 W
1788703595.366326563,0 %, 2411 MHz, 41, 11.45 W
1788703595.465667336,0 %, 2411 MHz, 41, 11.45 W
1788703595.566834697,0 %, 2411 MHz, 41, 11.48 W
1788703595.667597578,0 %, 2411 MHz, 41, 11.48 W
1788703595.767835710,0 %, 2411 MHz, 41, 11.48 W
1788703595.867634834,0 %, 2411 MHz, 41, 11.48 W
1788703595.967747158,0 %, 2411 MHz, 41, 11.48 W
1788703596.069003046,0 %, 2411 MHz, 41, 11.48 W
1788703596.169432696,0 %, 2411 MHz, 41, 11.48 W
1788703596.269774235,0 %, 2411 MHz, 41, 11.48 W
1788703596.369962030,0 %, 2411 MHz, 41, 11.48 W
1788703596.470501313,0 %, 2411 MHz, 41, 11.48 W
1788703596.571788385,0 %, 2411 MHz, 41, 11.45 W
1788703596.672168340,0 %, 2411 MHz, 41, 11.45 W
1788703596.772569382,0 %, 2411 MHz, 41, 11.45 W
1788703596.872871577,0 %, 2411 MHz, 41, 11.45 W
1788703596.973164444,0 %, 2411 MHz, 41, 11.45 W
1788703597.074005710,0 %, 2411 MHz, 41, 11.44 W
1788703597.174561520,0 %, 2411 MHz, 41, 11.44 W
1788703597.274812931,0 %, 2411 MHz, 41, 11.44 W
1788703597.375602676,0 %, 2411 MHz, 41, 11.44 W
1788703597.475588280,0 %, 2411 MHz, 41, 11.44 W
1788703597.576730825,0 %, 2411 MHz, 41, 11.44 W
1788703597.677061836,0 %, 2411 MHz, 41, 11.44 W
1788703597.777379294,0 %, 2411 MHz, 41, 11.44 W
1788703597.877933937,0 %, 2411 MHz, 41, 11.44 W
1788703597.978718562,0 %, 2411 MHz, 41, 11.44 W
1788703598.079233621,0 %, 2411 MHz, 41, 11.44 W
1788703598.179448616,0 %, 2411 MHz, 41, 11.44 W
1788703598.280738056,0 %, 2411 MHz, 41, 11.44 W
1788703598.380755868,0 %, 2411 MHz, 41, 11.44 W
1788703598.481088622,0 %, 2411 MHz, 41, 11.44 W
1788703598.582375038,0 %, 2411 MHz, 41, 11.44 W
1788703598.682243459,0 %, 2411 MHz, 41, 11.44 W
1788703598.783099172,0 %, 2411 MHz, 41, 11.44 W
1788703598.883564438,0 %, 2411 MHz, 41, 11.44 W
1788703598.983933897,0 %, 2411 MHz, 41, 11.44 W
1788703599.084297836,0 %, 2411 MHz, 41, 11.44 W
1788703599.185053741,0 %, 2411 MHz, 41, 11.44 W
1788703599.285620415,0 %, 2411 MHz, 41, 11.44 W
1788703599.386368433,0 %, 2411 MHz, 41, 11.44 W
1788703599.486794740,0 %, 2411 MHz, 41, 11.44 W
1788703599.588453187,0 %, 2411 MHz, 41, 11.44 W
1788703599.688336039,0 %, 2411 MHz, 41, 11.44 W
1788703599.789097112,0 %, 2411 MHz, 41, 11.44 W
1788703599.889565947,0 %, 2411 MHz, 41, 11.44 W
1788703599.990313980,0 %, 2411 MHz, 41, 11.44 W
1788703600.090625503,0 %, 2411 MHz, 41, 11.44 W
1788703600.191025618,0 %, 2411 MHz, 41, 11.44 W
1788703600.291553988,0 %, 2411 MHz, 41, 11.44 W
1788703600.392201174,0 %, 2411 MHz, 41, 11.44 W
1788703600.492300361,0 %, 2411 MHz, 41, 11.44 W
1788703600.593524041,0 %, 2411 MHz, 41, 11.43 W
1788703600.693572525,0 %, 2411 MHz, 41, 11.43 W
1788703600.794053791,0 %, 2411 MHz, 41, 11.43 W
1788703600.894597313,0 %, 2411 MHz, 41, 11.43 W
1788703600.994681397,0 %, 2411 MHz, 41, 11.43 W
1788703601.095595510,0 %, 2411 MHz, 41, 11.43 W
1788703601.195953865,0 %, 2411 MHz, 41, 11.43 W
1788703601.296203740,0 %, 2411 MHz, 41, 11.43 W
1788703601.397080893,0 %, 2411 MHz, 41, 11.43 W
1788703601.497033761,0 %, 2411 MHz, 41, 11.43 W
1788703601.598355264,0 %, 2411 MHz, 41, 11.43 W
1788703601.698558852,0 %, 2411 MHz, 41, 11.43 W
1788703601.799330533,0 %, 2411 MHz, 41, 11.43 W
1788703601.899725864,0 %, 2411 MHz, 41, 11.43 W
1788703601.999629308,0 %, 2411 MHz, 41, 11.43 W
1788703602.100567101,0 %, 2411 MHz, 41, 11.44 W
1788703602.201104351,0 %, 2411 MHz, 41, 11.44 W
1788703602.301575185,0 %, 2411 MHz, 41, 11.44 W
1788703602.402750145,0 %, 2411 MHz, 41, 11.44 W
1788703602.503234532,0 %, 2411 MHz, 41, 11.44 W
1788703602.603879957,0 %, 2411 MHz, 41, 11.45 W
1788703602.704162744,0 %, 2411 MHz, 41, 11.45 W
1788703602.804617867,0 %, 2411 MHz, 41, 11.45 W
1788703602.905372620,0 %, 2411 MHz, 41, 11.45 W
1788703603.006129262,0 %, 2411 MHz, 41, 11.45 W
1788703603.106722000,0 %, 2411 MHz, 41, 11.45 W
1788703603.207460529,0 %, 2411 MHz, 41, 11.45 W
1788703603.307836068,0 %, 2411 MHz, 41, 11.45 W
1788703603.409207139,0 %, 2411 MHz, 41, 11.45 W
1788703603.508373129,0 %, 2411 MHz, 41, 11.45 W
1788703603.608603196,0 %, 2411 MHz, 41, 11.45 W
1788703603.709692525,0 %, 2411 MHz, 41, 11.45 W
1788703603.810509374,0 %, 2411 MHz, 41, 11.45 W
1788703603.910870865,0 %, 2411 MHz, 41, 11.45 W
1788703604.011263571,0 %, 2411 MHz, 41, 11.44 W
1788703604.111962629,0 %, 2411 MHz, 41, 11.44 W
1788703604.212508727,0 %, 2411 MHz, 41, 11.44 W
1788703604.313097337,0 %, 2411 MHz, 41, 11.44 W
1788703604.413937658,0 %, 2411 MHz, 41, 11.44 W
1788703604.514288221,0 %, 2411 MHz, 41, 11.43 W
1788703604.615173710,0 %, 2411 MHz, 41, 11.43 W
1788703604.715552688,0 %, 2411 MHz, 41, 11.43 W
1788703604.815561060,0 %, 2411 MHz, 41, 11.43 W
1788703604.916384741,0 %, 2411 MHz, 41, 11.43 W
1788703605.016577768,0 %, 2411 MHz, 41, 11.43 W
1788703605.117008555,0 %, 2411 MHz, 41, 11.43 W
1788703605.217438157,0 %, 2411 MHz, 41, 11.43 W
1788703605.317720064,0 %, 2411 MHz, 41, 11.43 W
1788703605.417965155,0 %, 2411 MHz, 41, 11.43 W
1788703605.518182966,0 %, 2411 MHz, 41, 11.42 W
1788703605.618993175,0 %, 2411 MHz, 41, 11.42 W
1788703605.719210874,0 %, 2411 MHz, 41, 11.42 W
1788703605.819465997,0 %, 2411 MHz, 41, 11.42 W
1788703605.919780719,0 %, 2411 MHz, 41, 11.42 W
1788703606.020544161,0 %, 2411 MHz, 41, 11.42 W
1788703606.120568564,0 %, 2411 MHz, 41, 11.42 W
1788703606.220748263,0 %, 2411 MHz, 41, 11.42 W
1788703606.321116138,0 %, 2411 MHz, 41, 11.42 W
1788703606.421517148,0 %, 2411 MHz, 41, 11.42 W
1788703606.522057726,0 %, 2411 MHz, 41, 11.42 W
1788703606.622761792,0 %, 2411 MHz, 41, 11.42 W
1788703606.722946051,0 %, 2411 MHz, 41, 11.42 W
1788703606.823333525,0 %, 2411 MHz, 41, 11.42 W
1788703606.923593240,0 %, 2411 MHz, 41, 11.42 W
1788703607.024021643,0 %, 2411 MHz, 41, 11.42 W
1788703607.124130350,0 %, 2411 MHz, 41, 11.42 W
1788703607.225209518,0 %, 2411 MHz, 41, 11.42 W
1788703607.325557745,0 %, 2411 MHz, 41, 11.42 W
1788703607.425556356,0 %, 2411 MHz, 41, 11.42 W
1788703607.525836423,0 %, 2411 MHz, 41, 11.41 W
1788703607.626020250,0 %, 2411 MHz, 41, 11.41 W
1788703607.726276093,0 %, 2411 MHz, 41, 11.41 W
1788703607.826675935,0 %, 2411 MHz, 41, 11.41 W
1788703607.927238385,0 %, 2411 MHz, 41, 11.41 W
1788703608.027519172,0 %, 2411 MHz, 41, 11.40 W
1788703608.127774183,0 %, 2411 MHz, 41, 11.40 W
1788703608.228134393,0 %, 2411 MHz, 41, 11.40 W
1788703608.328361020,0 %, 2411 MHz, 41, 11.40 W
1788703608.428389920,0 %, 2411 MHz, 41, 11.40 W
1788703608.528921202,0 %, 2411 MHz, 41, 11.43 W
1788703608.630307729,0 %, 2411 MHz, 41, 11.43 W
1788703608.730355700,0 %, 2411 MHz, 41, 11.43 W
1788703608.830633239,0 %, 2411 MHz, 41, 11.43 W
1788703608.930864714,0 %, 2411 MHz, 41, 11.43 W
1788703609.031105293,0 %, 2411 MHz, 41, 11.43 W
1788703609.131357504,0 %, 2411 MHz, 41, 11.43 W
1788703609.231828210,0 %, 2411 MHz, 41, 11.43 W
1788703609.332711299,0 %, 2411 MHz, 41, 11.43 W
1788703609.432629511,0 %, 2411 MHz, 41, 11.43 W
1788703609.532955705,0 %, 2411 MHz, 41, 11.41 W
1788703609.633455867,0 %, 2411 MHz, 41, 11.41 W
1788703609.734214396,0 %, 2411 MHz, 41, 11.41 W
1788703609.834023600,0 %, 2411 MHz, 41, 11.41 W
1788703609.934767218,0 %, 2411 MHz, 41, 11.41 W
1788703610.034835013,0 %, 2411 MHz, 41, 11.41 W
1788703610.134762681,0 %, 2411 MHz, 41, 11.41 W
1788703610.235668490,0 %, 2411 MHz, 41, 11.41 W
1788703610.335845325,0 %, 2411 MHz, 41, 11.41 W
1788703610.436335215,0 %, 2411 MHz, 41, 11.41 W
1788703610.536734785,0 %, 2411 MHz, 41, 11.42 W
1788703610.637387123,0 %, 2411 MHz, 41, 11.42 W
1788703610.737816389,0 %, 2411 MHz, 41, 11.42 W
1788703610.837949176,0 %, 2411 MHz, 41, 11.42 W
1788703610.938619081,0 %, 2411 MHz, 41, 11.42 W
1788703611.038978764,0 %, 2411 MHz, 41, 11.42 W
1788703611.139044239,0 %, 2411 MHz, 41, 11.42 W
1788703611.239803968,0 %, 2411 MHz, 41, 11.42 W
1788703611.339776820,0 %, 2411 MHz, 41, 11.42 W
1788703611.440427493,0 %, 2411 MHz, 41, 11.42 W
1788703611.541029303,0 %, 2411 MHz, 41, 11.43 W
1788703611.640851195,0 %, 2411 MHz, 41, 11.43 W
1788703611.741495101,0 %, 2411 MHz, 41, 11.43 W
1788703611.841805087,0 %, 2411 MHz, 41, 11.43 W
1788703611.941817331,0 %, 2411 MHz, 41, 11.43 W
1788703612.042779667,0 %, 2411 MHz, 41, 11.43 W
1788703612.142795431,0 %, 2411 MHz, 41, 11.43 W
1788703612.244079735,0 %, 2411 MHz, 41, 11.43 W
1788703612.343800923,0 %, 2411 MHz, 41, 11.43 W
1788703612.443799726,0 %, 2411 MHz, 41, 11.43 W
1788703612.544783615,0 %, 2411 MHz, 41, 11.41 W
1788703612.644589011,0 %, 2411 MHz, 41, 11.41 W
1788703612.744723222,0 %, 2411 MHz, 41, 11.41 W
1788703612.844793945,0 %, 2411 MHz, 41, 11.41 W
1788703612.945761194,0 %, 2411 MHz, 41, 11.41 W
1788703613.045522190,0 %, 2411 MHz, 41, 11.41 W
1788703613.145782512,0 %, 2411 MHz, 41, 11.41 W
1788703613.247009280,0 %, 2411 MHz, 41, 11.41 W
1788703613.346777460,0 %, 2411 MHz, 41, 11.41 W
1788703613.446780072,0 %, 2411 MHz, 41, 11.41 W
1788703613.547719416,0 %, 2411 MHz, 41, 11.42 W
1788703613.647164493,0 %, 2411 MHz, 41, 11.42 W
1788703613.747818847,0 %, 2411 MHz, 41, 11.42 W
1788703613.847723683,0 %, 2411 MHz, 41, 11.42 W
1788703613.948534180,0 %, 2411 MHz, 41, 11.42 W
1788703614.048554967,0 %, 2411 MHz, 41, 11.42 W
1788703614.148726458,0 %, 2411 MHz, 41, 11.42 W
1788703614.248770781,0 %, 2411 MHz, 41, 11.42 W
1788703614.349681614,0 %, 2411 MHz, 41, 11.42 W
1788703614.449642913,0 %, 2411 MHz, 41, 11.42 W
1788703614.550768978,0 %, 2411 MHz, 41, 11.41 W
1788703614.650954724,0 %, 2411 MHz, 41, 11.41 W
1788703614.751437526,0 %, 2411 MHz, 41, 11.41 W
1788703614.851914600,0 %, 2411 MHz, 41, 11.41 W
1788703614.952346778,0 %, 2411 MHz, 41, 11.41 W
1788703615.053123772,0 %, 2411 MHz, 41, 11.42 W
1788703615.153577998,0 %, 2411 MHz, 41, 11.42 W
1788703615.253674353,0 %, 2411 MHz, 41, 11.42 W
1788703615.354540242,0 %, 2411 MHz, 41, 11.42 W
1788703615.454914436,0 %, 2411 MHz, 41, 11.42 W
1788703615.556303155,0 %, 2411 MHz, 41, 11.42 W
1788703615.655570377,0 %, 2411 MHz, 41, 11.42 W
1788703615.755392925,0 %, 2411 MHz, 41, 11.42 W
1788703615.856411293,0 %, 2411 MHz, 41, 11.42 W
1788703615.956135505,0 %, 2411 MHz, 41, 11.42 W
1788703616.056831554,0 %, 2411 MHz, 41, 11.42 W
1788703616.157319460,0 %, 2411 MHz, 41, 11.42 W
1788703616.257917990,0 %, 2411 MHz, 41, 11.42 W
1788703616.358554440,0 %, 2411 MHz, 41, 11.42 W
1788703616.458945290,0 %, 2411 MHz, 41, 11.42 W
1788703616.559495532,0 %, 2411 MHz, 41, 11.42 W
1788703616.659361135,0 %, 2411 MHz, 41, 11.42 W
1788703616.760383088,0 %, 2411 MHz, 41, 11.42 W
1788703616.860119220,0 %, 2411 MHz, 41, 11.42 W
1788703616.960822053,0 %, 2411 MHz, 41, 11.42 W
1788703617.061156263,0 %, 2411 MHz, 41, 11.41 W
1788703617.161883593,0 %, 2411 MHz, 41, 11.41 W
1788703617.262095419,0 %, 2411 MHz, 41, 11.41 W
1788703617.362676461,0 %, 2411 MHz, 41, 11.41 W
1788703617.464026028,0 %, 2411 MHz, 41, 11.41 W
1788703617.563813008,0 %, 2411 MHz, 41, 11.41 W
1788703617.663998291,0 %, 2411 MHz, 41, 11.41 W
1788703617.764030214,0 %, 2411 MHz, 41, 11.41 W
1788703617.864859559,0 %, 2411 MHz, 41, 11.41 W
1788703617.965546808,0 %, 2411 MHz, 41, 11.41 W
1788703618.066126010,0 %, 2411 MHz, 41, 11.41 W
1788703618.166237613,0 %, 2411 MHz, 41, 11.41 W
1788703618.266838095,0 %, 2411 MHz, 41, 11.41 W
1788703618.366660722,0 %, 2411 MHz, 41, 11.41 W
1788703618.467974450,0 %, 2411 MHz, 41, 11.41 W
1788703618.568127637,0 %, 2411 MHz, 41, 11.40 W
1788703618.668656950,0 %, 2411 MHz, 41, 11.40 W
1788703618.768456314,0 %, 2411 MHz, 41, 11.40 W
1788703618.868936444,0 %, 2411 MHz, 41, 11.40 W
1788703618.968746816,0 %, 2411 MHz, 41, 11.40 W
1788703619.069453009,0 %, 2411 MHz, 41, 11.40 W
1788703619.169380613,0 %, 2411 MHz, 41, 11.40 W
1788703619.270170854,0 %, 2411 MHz, 41, 11.40 W
1788703619.370831591,0 %, 2411 MHz, 41, 11.40 W
1788703619.471869559,0 %, 2411 MHz, 41, 11.40 W
1788703619.571857371,0 %, 2411 MHz, 41, 11.41 W
1788703619.672261261,0 %, 2411 MHz, 41, 11.41 W
1788703619.772549023,0 %, 2411 MHz, 41, 11.41 W
1788703619.872899249,0 %, 2411 MHz, 41, 11.41 W
1788703619.972907365,0 %, 2411 MHz, 41, 11.41 W
1788703620.073948405,0 %, 2411 MHz, 41, 11.41 W
1788703620.173906600,0 %, 2411 MHz, 41, 11.41 W
1788703620.274068139,0 %, 2411 MHz, 41, 11.41 W
1788703620.374753980,0 %, 2411 MHz, 41, 11.41 W
1788703620.474828095,0 %, 2411 MHz, 41, 11.41 W
1788703620.575039474,0 %, 2411 MHz, 41, 11.42 W
1788703620.675556580,0 %, 2411 MHz, 41, 11.42 W
1788703620.776292261,0 %, 2411 MHz, 41, 11.42 W
1788703620.876708583,0 %, 2411 MHz, 41, 11.42 W
1788703620.977109881,0 %, 2411 MHz, 41, 11.42 W
1788703621.077200764,0 %, 2411 MHz, 41, 11.43 W
1788703621.177949517,0 %, 2411 MHz, 41, 11.43 W
1788703621.278082000,0 %, 2411 MHz, 41, 11.43 W
1788703621.378254818,0 %, 2411 MHz, 41, 11.43 W
1788703621.478775700,0 %, 2411 MHz, 41, 11.43 W
1788703621.578907831,0 %, 2411 MHz, 41, 11.42 W
1788703621.679598520,0 %, 2411 MHz, 41, 11.42 W
1788703621.779892635,0 %, 2411 MHz, 41, 11.42 W
1788703621.879715262,0 %, 2411 MHz, 41, 11.42 W
1788703621.980033296,0 %, 2411 MHz, 41, 11.42 W
1788703622.080543666,0 %, 2411 MHz, 41, 11.42 W
1788703622.181054452,0 %, 2411 MHz, 41, 11.42 W
1788703622.281250423,0 %, 2411 MHz, 41, 11.42 W
1788703622.381639145,0 %, 2411 MHz, 41, 11.42 W
1788703622.482020283,0 %, 2411 MHz, 41, 11.42 W
1788703622.582250381,0 %, 2411 MHz, 41, 11.43 W
1788703622.682713295,0 %, 2411 MHz, 41, 11.43 W
1788703622.782879154,0 %, 2411 MHz, 41, 11.43 W
1788703622.883350036,0 %, 2411 MHz, 41, 11.43 W
1788703622.983265159,0 %, 2411 MHz, 41, 11.43 W
1788703623.083935352,0 %, 2411 MHz, 41, 11.43 W
1788703623.184066667,0 %, 2411 MHz, 41, 11.43 W
1788703623.284395085,0 %, 2411 MHz, 41, 11.43 W
1788703623.384635856,0 %, 2411 MHz, 41, 11.43 W
1788703623.485254609,0 %, 2411 MHz, 41, 11.43 W
1788703623.584829653,0 %, 2411 MHz, 41, 11.42 W
1788703623.686239797,0 %, 2411 MHz, 41, 11.42 W
1788703623.786682774,0 %, 2411 MHz, 41, 11.42 W
1788703623.886563850,0 %, 2411 MHz, 41, 11.42 W
1788703623.986601741,0 %, 2411 MHz, 41, 11.42 W
1788703624.087000655,0 %, 2411 MHz, 41, 11.43 W
1788703624.187792368,0 %, 2411 MHz, 41, 11.43 W
1788703624.287766291,0 %, 2411 MHz, 41, 11.43 W
1788703624.388577796,0 %, 2411 MHz, 41, 11.43 W
1788703624.488751559,0 %, 2411 MHz, 41, 11.43 W
1788703624.589255160,0 %, 2411 MHz, 41, 11.43 W
1788703624.689339387,0 %, 2411 MHz, 41, 11.43 W
1788703624.789418926,0 %, 2411 MHz, 41, 11.43 W
1788703624.889714000,0 %, 2411 MHz, 41, 11.43 W
1788703624.990689233,0 %, 2411 MHz, 41, 11.43 W
1788703625.091091715,0 %, 2411 MHz, 41, 11.42 W
1788703625.191084182,0 %, 2411 MHz, 41, 11.42 W
1788703625.291467400,0 %, 2411 MHz, 41, 11.42 W
1788703625.391722202,0 %, 2411 MHz, 41, 11.42 W
1788703625.491871965,0 %, 2411 MHz, 41, 11.42 W
1788703625.592666142,0 %, 2411 MHz, 41, 11.41 W
1788703625.693275919,0 %, 2411 MHz, 41, 11.41 W
1788703625.793554977,0 %, 2411 MHz, 41, 11.41 W
1788703625.893391605,0 %, 2411 MHz, 41, 11.41 W
1788703625.993132761,0 %, 2411 MHz, 41, 11.41 W
1788703626.094235913,0 %, 2411 MHz, 41, 11.42 W
1788703626.194616907,0 %, 2411 MHz, 41, 11.42 W
1788703626.295464987,0 %, 2411 MHz, 41, 11.42 W
1788703626.395180447,0 %, 2411 MHz, 41, 11.42 W
1788703626.495249410,0 %, 2411 MHz, 41, 11.42 W
1788703626.595969427,0 %, 2411 MHz, 41, 11.42 W
1788703626.696189830,0 %, 2411 MHz, 41, 11.42 W
1788703626.796808007,0 %, 2411 MHz, 41, 11.42 W
1788703626.897069273,0 %, 2411 MHz, 41, 11.42 W
1788703626.997620827,0 %, 2411 MHz, 41, 11.42 W
1788703627.097614062,0 %, 2411 MHz, 41, 11.42 W
1788703627.198236047,0 %, 2411 MHz, 41, 11.42 W
1788703627.298719921,0 %, 2411 MHz, 41, 11.42 W
1788703627.398964867,0 %, 2411 MHz, 41, 11.42 W
1788703627.498826055,0 %, 2411 MHz, 41, 11.42 W
1788703627.599447080,0 %, 2411 MHz, 41, 11.43 W
1788703627.700011081,0 %, 2411 MHz, 41, 11.43 W
1788703627.800272908,0 %, 2411 MHz, 41, 11.43 W
1788703627.900034655,0 %, 2411 MHz, 41, 11.43 W
1788703628.000498353,0 %, 2411 MHz, 41, 11.43 W
1788703628.100711924,0 %, 2411 MHz, 41, 11.43 W
1788703628.201211221,0 %, 2411 MHz, 41, 11.43 W
1788703628.301630311,0 %, 2411 MHz, 41, 11.43 W
1788703628.402304968,0 %, 2411 MHz, 41, 11.43 W
1788703628.501522413,0 %, 2411 MHz, 41, 11.43 W
1788703628.602225150,0 %, 2411 MHz, 41, 11.43 W
1788703628.702675808,0 %, 2411 MHz, 41, 11.43 W
1788703628.802948034,0 %, 2411 MHz, 41, 11.43 W
1788703628.903297396,0 %, 2411 MHz, 41, 11.43 W
1788703629.003674982,0 %, 2411 MHz, 41, 11.43 W
1788703629.104327319,0 %, 2411 MHz, 41, 11.42 W
1788703629.204876809,0 %, 2411 MHz, 41, 11.42 W
1788703629.304426685,0 %, 2411 MHz, 41, 11.42 W
1788703629.404668608,0 %, 2411 MHz, 41, 11.42 W
1788703629.505176977,0 %, 2411 MHz, 41, 11.42 W
1788703629.605708723,0 %, 2411 MHz, 41, 11.43 W
1788703629.706115012,0 %, 2411 MHz, 41, 11.43 W
1788703629.806005032,0 %, 2411 MHz, 41, 11.43 W
1788703629.906223722,0 %, 2411 MHz, 41, 11.43 W
1788703630.006432925,0 %, 2411 MHz, 41, 11.43 W
1788703630.107426573,0 %, 2411 MHz, 41, 11.43 W
1788703630.207507952,0 %, 2411 MHz, 41, 11.43 W
1788703630.308163521,0 %, 2411 MHz, 41, 11.43 W
1788703630.408097348,0 %, 2411 MHz, 41, 11.43 W
1788703630.508467942,0 %, 2411 MHz, 41, 11.43 W
1788703630.609529126,0 %, 2411 MHz, 41, 11.43 W
1788703630.709444153,0 %, 2411 MHz, 41, 11.43 W
1788703630.809889691,0 %, 2411 MHz, 41, 11.43 W
1788703630.909417839,0 %, 2411 MHz, 41, 11.43 W
1788703631.009673201,0 %, 2411 MHz, 41, 11.43 W
1788703631.110331346,0 %, 2411 MHz, 41, 11.42 W
1788703631.210746100,0 %, 2411 MHz, 41, 11.42 W
1788703631.311106726,0 %, 2411 MHz, 41, 11.42 W
1788703631.411013929,0 %, 2411 MHz, 41, 11.42 W
1788703631.511195756,0 %, 2411 MHz, 41, 11.42 W
1788703631.611884669,0 %, 2411 MHz, 41, 11.43 W
1788703631.712470190,0 %, 2411 MHz, 41, 11.43 W
1788703631.812763840,0 %, 2411 MHz, 41, 11.43 W
1788703631.913213170,0 %, 2411 MHz, 41, 11.43 W
1788703632.013351124,0 %, 2411 MHz, 41, 11.43 W
1788703632.113954390,0 %, 2411 MHz, 41, 11.43 W
1788703632.214413175,0 %, 2411 MHz, 41, 11.43 W
1788703632.314106027,0 %, 2411 MHz, 41, 11.43 W
1788703632.414667068,0 %, 2411 MHz, 41, 11.43 W
1788703632.514798543,0 %, 2411 MHz, 41, 11.43 W
1788703632.615348704,0 %, 2411 MHz, 41, 11.43 W
1788703632.716063297,0 %, 2411 MHz, 41, 11.43 W
1788703632.815974340,0 %, 2411 MHz, 41, 11.43 W
1788703632.916303430,0 %, 2411 MHz, 41, 11.43 W
1788703633.016978887,0 %, 2411 MHz, 41, 11.44 W
1788703633.117191258,0 %, 2411 MHz, 41, 11.44 W
1788703633.217043469,0 %, 2411 MHz, 41, 11.44 W
1788703633.317462303,0 %, 2411 MHz, 41, 11.44 W
1788703633.417968000,0 %, 2411 MHz, 41, 11.44 W
1788703633.517921715,0 %, 2411 MHz, 41, 11.43 W
1788703633.618382213,0 %, 2411 MHz, 41, 11.43 W
1788703633.718323480,0 %, 2411 MHz, 41, 11.43 W
1788703633.818917497,0 %, 2411 MHz, 41, 11.43 W
1788703633.919336235,0 %, 2411 MHz, 41, 11.43 W
1788703634.019686541,0 %, 2411 MHz, 41, 11.43 W
1788703634.119936335,0 %, 2411 MHz, 41, 11.43 W
1788703634.220067537,0 %, 2411 MHz, 41, 11.43 W
1788703634.320334596,0 %, 2411 MHz, 41, 11.43 W
1788703634.420742421,0 %, 2411 MHz, 41, 11.43 W
1788703634.520689112,0 %, 2411 MHz, 41, 11.43 W
1788703634.621543833,0 %, 2411 MHz, 41, 11.43 W
1788703634.722234058,0 %, 2411 MHz, 41, 11.43 W
1788703634.822174557,0 %, 2411 MHz, 41, 11.43 W
1788703634.922423999,0 %, 2411 MHz, 41, 11.43 W
1788703635.022664673,0 %, 2411 MHz, 41, 11.44 W
1788703635.122603172,0 %, 2411 MHz, 41, 11.44 W
1788703635.223343781,0 %, 2411 MHz, 41, 11.44 W
1788703635.323698615,0 %, 2411 MHz, 41, 11.44 W
1788703635.423960089,0 %, 2411 MHz, 41, 11.44 W
1788703635.523300846,0 %, 2411 MHz, 41, 11.45 W
1788703635.625060924,0 %, 2411 MHz, 41, 11.45 W
1788703635.724916255,0 %, 2411 MHz, 41, 11.45 W
1788703635.825073153,0 %, 2411 MHz, 41, 11.45 W
1788703635.925852946,0 %, 2411 MHz, 41, 11.45 W
1788703636.026678898,0 %, 2411 MHz, 41, 11.44 W
1788703636.126799157,0 %, 2411 MHz, 41, 11.44 W
1788703636.226718008,0 %, 2411 MHz, 41, 11.44 W
1788703636.327022314,0 %, 2411 MHz, 41, 11.44 W
1788703636.427253356,0 %, 2411 MHz, 41, 11.44 W
1788703636.527392639,0 %, 2411 MHz, 41, 11.44 W
1788703636.627771008,0 %, 2411 MHz, 41, 11.44 W
1788703636.728168530,0 %, 2411 MHz, 41, 11.44 W
1788703636.828362308,0 %, 2411 MHz, 41, 11.44 W
1788703636.928818822,0 %, 2411 MHz, 41, 11.44 W
1788703637.029293799,0 %, 2411 MHz, 41, 11.43 W
1788703637.129494378,0 %, 2411 MHz, 41, 11.43 W
1788703637.229729388,0 %, 2411 MHz, 41, 11.43 W
1788703637.329956750,0 %, 2411 MHz, 41, 11.43 W
1788703637.430316032,0 %, 2411 MHz, 41, 11.43 W
1788703637.530427778,0 %, 2411 MHz, 41, 11.43 W
1788703637.630739892,0 %, 2411 MHz, 41, 11.43 W
1788703637.731080918,0 %, 2411 MHz, 41, 11.43 W
1788703637.831243000,0 %, 2411 MHz, 41, 11.43 W
1788703637.931696698,0 %, 2411 MHz, 41, 11.43 W
1788703638.032277035,0 %, 2411 MHz, 41, 11.44 W
1788703638.132568557,0 %, 2411 MHz, 41, 11.44 W
1788703638.232551920,0 %, 2411 MHz, 41, 11.44 W
1788703638.332352051,0 %, 2411 MHz, 41, 11.44 W
1788703638.432997348,0 %, 2411 MHz, 41, 11.44 W
1788703638.532882391,0 %, 2411 MHz, 41, 11.44 W
1788703638.633424393,0 %, 2411 MHz, 41, 11.44 W
1788703638.733875962,0 %, 2411 MHz, 41, 11.44 W
1788703638.833322735,0 %, 2411 MHz, 41, 11.44 W
1788703638.934012207,0 %, 2411 MHz, 41, 11.44 W
1788703639.034934512,0 %, 2411 MHz, 41, 11.46 W
1788703639.135057954,0 %, 2411 MHz, 41, 11.46 W
1788703639.236210850,0 %, 2411 MHz, 41, 11.46 W
1788703639.336603763,0 %, 2411 MHz, 41, 11.46 W
1788703639.437403188,0 %, 2411 MHz, 41, 11.46 W
1788703639.536810552,0 %, 2411 MHz, 41, 11.47 W
1788703639.637504873,0 %, 2411 MHz, 41, 11.47 W
1788703639.737526972,0 %, 2411 MHz, 41, 11.47 W
1788703639.838413500,0 %, 2411 MHz, 41, 11.47 W
1788703639.938655022,0 %, 2411 MHz, 41, 11.47 W
1788703640.038214178,0 %, 2411 MHz, 41, 11.45 W
1788703640.139190322,0 %, 2411 MHz, 41, 11.45 W
1788703640.240142962,0 %, 2411 MHz, 41, 11.45 W
1788703640.340511524,0 %, 2411 MHz, 41, 11.45 W
1788703640.441502916,0 %, 2411 MHz, 41, 11.45 W
1788703640.541290839,0 %, 2411 MHz, 41, 11.44 W
1788703640.642055224,0 %, 2411 MHz, 41, 11.44 W
1788703640.742312890,0 %, 2411 MHz, 41, 11.44 W
1788703640.842762155,0 %, 2411 MHz, 41, 11.44 W
1788703640.943378716,0 %, 2411 MHz, 41, 11.44 W
1788703641.043730878,0 %, 2411 MHz, 41, 11.43 W
1788703641.144511966,0 %, 2411 MHz, 41, 11.43 W
1788703641.244718560,0 %, 2411 MHz, 41, 11.43 W
1788703641.345371841,0 %, 2411 MHz, 41, 11.43 W
1788703641.446226082,0 %, 2411 MHz, 41, 11.43 W
1788703641.546221636,0 %, 2411 MHz, 41, 11.42 W
1788703641.646827189,0 %, 2411 MHz, 41, 11.42 W
1788703641.747182263,0 %, 2411 MHz, 41, 11.42 W
1788703641.847730232,0 %, 2411 MHz, 41, 11.42 W
1788703641.947960346,0 %, 2411 MHz, 41, 11.42 W
1788703642.048723531,0 %, 2411 MHz, 41, 11.41 W
1788703642.149637579,0 %, 2411 MHz, 41, 11.41 W
1788703642.250379708,0 %, 2411 MHz, 41, 11.41 W
1788703642.351135196,0 %, 2411 MHz, 41, 11.41 W
1788703642.451206703,0 %, 2411 MHz, 41, 11.41 W
1788703642.551265937,0 %, 2411 MHz, 41, 11.42 W
1788703642.652724448,0 %, 2411 MHz, 41, 11.42 W
1788703642.752868386,0 %, 2411 MHz, 41, 11.42 W
1788703642.853241316,0 %, 2411 MHz, 41, 11.42 W
1788703642.954124820,0 %, 2411 MHz, 41, 11.42 W
1788703643.054431814,0 %, 2411 MHz, 41, 11.42 W
1788703643.155595093,0 %, 2411 MHz, 41, 11.42 W
1788703643.255717607,0 %, 2411 MHz, 41, 11.42 W
1788703643.356549400,0 %, 2411 MHz, 41, 11.42 W
1788703643.456522378,0 %, 2411 MHz, 41, 11.42 W
1788703643.557185019,0 %, 2411 MHz, 41, 11.42 W
1788703643.657915228,0 %, 2411 MHz, 41, 11.42 W
1788703643.758135118,0 %, 2411 MHz, 41, 11.42 W
1788703643.858751727,0 %, 2411 MHz, 41, 11.42 W
1788703643.958287251,0 %, 2411 MHz, 41, 11.42 W
1788703644.059243395,0 %, 2411 MHz, 41, 11.42 W
1788703644.159569092,0 %, 2411 MHz, 41, 11.42 W
1788703644.259235016,0 %, 2411 MHz, 41, 11.42 W
1788703644.360702167,0 %, 2411 MHz, 41, 11.42 W
1788703644.460452474,0 %, 2411 MHz, 41, 11.42 W
1788703644.560796060,0 %, 2411 MHz, 41, 11.41 W
1788703644.661436380,0 %, 2411 MHz, 41, 11.41 W
1788703644.762271901,0 %, 2411 MHz, 41, 11.41 W
1788703644.862716094,0 %, 2411 MHz, 41, 11.41 W
1788703644.962839024,0 %, 2411 MHz, 41, 11.41 W
1788703645.063016115,0 %, 2411 MHz, 41, 11.42 W
1788703645.164444929,0 %, 2411 MHz, 41, 11.42 W
1788703645.264543924,0 %, 2411 MHz, 41, 11.42 W
1788703645.364714198,0 %, 2411 MHz, 41, 11.42 W
1788703645.465470678,0 %, 2411 MHz, 41, 11.42 W
1788703645.565814152,0 %, 2411 MHz, 41, 11.42 W
1788703645.665897946,0 %, 2411 MHz, 41, 11.42 W
1788703645.766540683,0 %, 2411 MHz, 41, 11.42 W
1788703645.867353611,0 %, 2411 MHz, 41, 11.42 W
1788703645.967041599,0 %, 2411 MHz, 41, 11.42 W
1788703646.067747968,0 %, 2411 MHz, 41, 11.42 W
1788703646.168043777,0 %, 2411 MHz, 41, 11.42 W
1788703646.268791282,0 %, 2411 MHz, 41, 11.42 W
1788703646.369428611,0 %, 2411 MHz, 41, 11.42 W
1788703646.469740628,0 %, 2411 MHz, 41, 11.42 W
1788703646.569699335,0 %, 2411 MHz, 41, 11.42 W
1788703646.669897241,0 %, 2411 MHz, 41, 11.42 W
1788703646.770308378,0 %, 2411 MHz, 41, 11.42 W
1788703646.870609356,0 %, 2411 MHz, 41, 11.42 W
1788703646.971439308,0 %, 2411 MHz, 41, 11.42 W
1788703647.071720110,0 %, 2411 MHz, 41, 11.42 W
1788703647.172210463,0 %, 2411 MHz, 41, 11.42 W
1788703647.272373794,0 %, 2411 MHz, 41, 11.42 W
1788703647.373191730,0 %, 2411 MHz, 41, 11.42 W
1788703647.473630867,0 %, 2411 MHz, 41, 11.42 W
1788703647.573146647,0 %, 2411 MHz, 41, 11.43 W
1788703647.674114855,0 %, 2411 MHz, 41, 11.43 W
1788703647.773776635,0 %, 2411 MHz, 41, 11.43 W
1788703647.874171660,0 %, 2411 MHz, 41, 11.43 W
1788703647.975425499,0 %, 2411 MHz, 41, 11.43 W
1788703648.075676461,0 %, 2411 MHz, 41, 11.43 W
1788703648.176117518,0 %, 2411 MHz, 41, 11.43 W
1788703648.276756303,0 %, 2411 MHz, 41, 11.43 W
1788703648.377083489,0 %, 2411 MHz, 41, 11.43 W
1788703648.477738241,0 %, 2411 MHz, 41, 11.43 W
1788703648.577446805,0 %, 2411 MHz, 41, 11.42 W
1788703648.678785571,0 %, 2411 MHz, 41, 11.42 W
1788703648.779314805,0 %, 2411 MHz, 41, 11.42 W
1788703648.879456375,0 %, 2411 MHz, 41, 11.42 W
1788703648.980470134,0 %, 2411 MHz, 41, 11.42 W
1788703649.080725608,0 %, 2411 MHz, 41, 11.42 W
1788703649.180474027,0 %, 2411 MHz, 41, 11.42 W
1788703649.281269628,0 %, 2411 MHz, 41, 11.42 W
1788703649.382196716,0 %, 2411 MHz, 41, 11.42 W
1788703649.482314334,0 %, 2411 MHz, 41, 11.42 W
1788703649.582044097,0 %, 2411 MHz, 41, 11.42 W
1788703649.682682354,0 %, 2411 MHz, 41, 11.42 W
1788703649.783321667,0 %, 2411 MHz, 41, 11.42 W
1788703649.883200693,0 %, 2411 MHz, 41, 11.42 W
1788703649.983291352,0 %, 2411 MHz, 41, 11.42 W
1788703650.084432231,0 %, 2411 MHz, 41, 11.43 W
1788703650.184467834,0 %, 2411 MHz, 41, 11.43 W
1788703650.284619868,0 %, 2411 MHz, 41, 11.43 W
1788703650.384341471,0 %, 2411 MHz, 41, 11.43 W
1788703650.484834416,0 %, 2411 MHz, 41, 11.43 W
1788703650.585242753,0 %, 2411 MHz, 41, 11.43 W
1788703650.686034146,0 %, 2411 MHz, 41, 11.43 W
1788703650.786461859,0 %, 2411 MHz, 41, 11.43 W
1788703650.886915940,0 %, 2411 MHz, 41, 11.43 W
1788703650.987205478,0 %, 2411 MHz, 41, 11.43 W
1788703651.087957734,0 %, 2411 MHz, 41, 11.43 W
1788703651.188312104,0 %, 2411 MHz, 41, 11.43 W
1788703651.288829369,0 %, 2411 MHz, 41, 11.43 W
1788703651.389182842,0 %, 2411 MHz, 41, 11.43 W
1788703651.489917819,0 %, 2411 MHz, 41, 11.43 W
1788703651.589746990,0 %, 2411 MHz, 41, 11.43 W
1788703651.691415963,0 %, 2411 MHz, 41, 11.43 W
1788703651.791444958,0 %, 2411 MHz, 41, 11.43 W
1788703651.891796911,0 %, 2411 MHz, 41, 11.43 W
1788703651.992180673,0 %, 2411 MHz, 41, 11.43 W
1788703652.092751442,0 %, 2411 MHz, 41, 11.42 W
1788703652.193493938,0 %, 2411 MHz, 41, 11.42 W
1788703652.293687764,0 %, 2411 MHz, 41, 11.42 W
1788703652.393993590,0 %, 2411 MHz, 41, 11.42 W
1788703652.494218311,0 %, 2411 MHz, 41, 11.42 W
1788703652.594717720,0 %, 2411 MHz, 41, 11.41 W
1788703652.695092586,0 %, 2411 MHz, 41, 11.41 W
1788703652.795931850,0 %, 2411 MHz, 41, 11.41 W
1788703652.896118636,0 %, 2411 MHz, 41, 11.41 W
1788703652.996272894,0 %, 2411 MHz, 41, 11.41 W
1788703653.097238510,0 %, 2411 MHz, 41, 11.40 W
1788703653.197902510,0 %, 2411 MHz, 41, 11.40 W
1788703653.297779761,0 %, 2411 MHz, 41, 11.40 W
1788703653.398019523,0 %, 2411 MHz, 41, 11.40 W
1788703653.498813635,0 %, 2411 MHz, 41, 11.40 W
1788703653.599084325,0 %, 2411 MHz, 41, 11.39 W
1788703653.699073495,0 %, 2411 MHz, 41, 11.39 W
1788703653.799108185,0 %, 2411 MHz, 41, 11.39 W
1788703653.899067900,0 %, 2411 MHz, 41, 11.39 W
1788703653.999849628,0 %, 2411 MHz, 41, 11.39 W
1788703654.100743820,0 %, 2411 MHz, 41, 11.40 W
1788703654.201164029,0 %, 2411 MHz, 41, 11.40 W
1788703654.301783518,0 %, 2411 MHz, 41, 11.40 W
1788703654.402074816,0 %, 2411 MHz, 41, 11.40 W
1788703654.502042850,0 %, 2411 MHz, 41, 11.40 W
1788703654.602935922,0 %, 2411 MHz, 41, 11.40 W
1788703654.703698578,0 %, 2411 MHz, 41, 11.40 W
1788703654.803309542,0 %, 2411 MHz, 41, 11.40 W
1788703654.904070678,0 %, 2411 MHz, 41, 11.40 W
1788703655.004737751,0 %, 2411 MHz, 41, 11.40 W
1788703655.105080424,0 %, 2411 MHz, 41, 11.40 W
1788703655.205700153,0 %, 2411 MHz, 41, 11.40 W
1788703655.306084090,0 %, 2411 MHz, 41, 11.40 W
1788703655.406815850,0 %, 2411 MHz, 41, 11.40 W
1788703655.506724301,0 %, 2411 MHz, 41, 11.40 W
1788703655.606376993,0 %, 2411 MHz, 41, 11.42 W
1788703655.707583327,0 %, 2411 MHz, 41, 11.42 W
1788703655.807117795,0 %, 2411 MHz, 41, 11.42 W
1788703655.908759329,0 %, 2411 MHz, 41, 11.42 W
1788703656.008597108,0 %, 2411 MHz, 41, 11.42 W
1788703656.108782726,0 %, 2411 MHz, 41, 11.41 W
1788703656.208741176,0 %, 2411 MHz, 41, 11.41 W
1788703656.309166809,0 %, 2411 MHz, 41, 11.41 W
1788703656.409569211,0 %, 2411 MHz, 41, 11.41 W
1788703656.509674109,0 %, 2411 MHz, 41, 11.41 W
1788703656.609631007,0 %, 2411 MHz, 41, 11.40 W
1788703656.710595759,0 %, 2411 MHz, 41, 11.40 W
1788703656.811446303,0 %, 2411 MHz, 41, 11.40 W
1788703656.911632273,0 %, 2411 MHz, 41, 11.40 W
1788703657.011531507,0 %, 2411 MHz, 41, 11.40 W
1788703657.111805413,0 %, 2411 MHz, 41, 11.38 W
1788703657.212239254,0 %, 2411 MHz, 41, 11.38 W
1788703657.312304824,0 %, 2411 MHz, 41, 11.38 W
1788703657.412523514,0 %, 2411 MHz, 41, 11.38 W
1788703657.512844284,0 %, 2411 MHz, 41, 11.38 W
1788703657.613113805,0 %, 2411 MHz, 41, 11.38 W
1788703657.713729294,0 %, 2411 MHz, 41, 11.38 W
1788703657.814285407,0 %, 2411 MHz, 41, 11.38 W
1788703657.914270305,0 %, 2411 MHz, 41, 11.38 W
1788703658.014424275,0 %, 2411 MHz, 41, 11.38 W
1788703658.114693860,0 %, 2411 MHz, 41, 11.39 W
1788703658.214822886,0 %, 2411 MHz, 41, 11.39 W
1788703658.315447943,0 %, 2411 MHz, 41, 11.39 W
1788703658.415860376,0 %, 2411 MHz, 41, 11.39 W
1788703658.516452345,0 %, 2411 MHz, 41, 11.39 W
1788703658.616769162,0 %, 2411 MHz, 41, 11.39 W
1788703658.716563053,0 %, 2411 MHz, 41, 11.39 W
1788703658.817021198,0 %, 2411 MHz, 41, 11.39 W
1788703658.917378368,0 %, 2411 MHz, 41, 11.39 W
1788703659.017841761,0 %, 2411 MHz, 41, 11.40 W
1788703659.118099794,0 %, 2411 MHz, 41, 11.40 W
1788703659.218312548,0 %, 2411 MHz, 41, 11.40 W
1788703659.318679429,0 %, 2411 MHz, 41, 11.40 W
1788703659.418866919,0 %, 2411 MHz, 41, 11.40 W
1788703659.518686186,0 %, 2411 MHz, 41, 11.41 W
1788703659.619355546,0 %, 2411 MHz, 41, 11.41 W
1788703659.720133690,0 %, 2411 MHz, 41, 11.41 W
1788703659.820412204,0 %, 2411 MHz, 41, 11.41 W
1788703659.920673837,0 %, 2411 MHz, 41, 11.41 W
1788703660.021321614,0 %, 2411 MHz, 41, 11.42 W
1788703660.121459456,0 %, 2411 MHz, 41, 11.42 W
1788703660.221569634,0 %, 2411 MHz, 41, 11.42 W
1788703660.321836131,0 %, 2411 MHz, 41, 11.42 W
1788703660.421994101,0 %, 2411 MHz, 41, 11.42 W
1788703660.522208183,0 %, 2411 MHz, 41, 11.41 W
1788703660.622872855,0 %, 2411 MHz, 41, 11.41 W
1788703660.723162953,0 %, 2411 MHz, 41, 11.41 W
1788703660.823230219,0 %, 2411 MHz, 41, 11.41 W
1788703660.923994699,0 %, 2411 MHz, 41, 11.41 W
1788703661.024230317,0 %, 2411 MHz, 41, 11.41 W
1788703661.124080127,0 %, 2411 MHz, 41, 11.41 W
1788703661.224491680,0 %, 2411 MHz, 41, 11.41 W
1788703661.324728818,0 %, 2411 MHz, 41, 11.41 W
1788703661.424903796,0 %, 2411 MHz, 41, 11.41 W
1788703661.525329317,0 %, 2411 MHz, 41, 11.41 W
1788703661.626110965,0 %, 2411 MHz, 41, 11.41 W
1788703661.726322183,0 %, 2411 MHz, 41, 11.41 W
1788703661.826294617,0 %, 2411 MHz, 41, 11.41 W
1788703661.927347576,0 %, 2411 MHz, 41, 11.41 W
1788703662.027446186,0 %, 2411 MHz, 41, 11.40 W
1788703662.128373770,0 %, 2411 MHz, 41, 11.40 W
1788703662.228727067,0 %, 2411 MHz, 41, 11.40 W
1788703662.328604014,0 %, 2411 MHz, 41, 11.40 W
1788703662.429104095,0 %, 2411 MHz, 41, 11.40 W
1788703662.529507904,0 %, 2411 MHz, 41, 11.41 W
1788703662.630397455,0 %, 2411 MHz, 41, 11.41 W
1788703662.730652337,0 %, 2411 MHz, 41, 11.41 W
1788703662.831195842,0 %, 2411 MHz, 41, 11.41 W
1788703662.931884482,0 %, 2411 MHz, 41, 11.41 W
1788703663.032070260,0 %, 2411 MHz, 41, 11.41 W
1788703663.132001670,0 %, 2411 MHz, 41, 11.41 W
1788703663.232695782,0 %, 2411 MHz, 41, 11.41 W
1788703663.332941944,0 %, 2411 MHz, 41, 11.41 W
1788703663.433143898,0 %, 2411 MHz, 41, 11.41 W
1788703663.533569611,0 %, 2411 MHz, 41, 11.40 W
1788703663.633961004,0 %, 2411 MHz, 41, 11.40 W
1788703663.734067870,0 %, 2411 MHz, 41, 11.40 W
1788703663.834799278,0 %, 2411 MHz, 41, 11.40 W
1788703663.934815104,0 %, 2411 MHz, 41, 11.40 W
1788703664.035397489,0 %, 2411 MHz, 41, 11.40 W
1788703664.135101140,0 %, 2411 MHz, 41, 11.40 W
1788703664.235294133,0 %, 2411 MHz, 41, 11.40 W
1788703664.335631334,0 %, 2411 MHz, 41, 11.40 W
1788703664.435503977,0 %, 2411 MHz, 41, 11.40 W
1788703664.536245097,0 %, 2411 MHz, 41, 11.41 W
1788703664.636335499,0 %, 2411 MHz, 41, 11.41 W
1788703664.737209627,0 %, 2411 MHz, 41, 11.41 W
1788703664.837076285,0 %, 2411 MHz, 41, 11.41 W
1788703664.937265727,0 %, 2411 MHz, 41, 11.41 W
1788703665.037627984,0 %, 2411 MHz, 41, 11.41 W
1788703665.137867826,0 %, 2411 MHz, 41, 11.41 W
1788703665.238070403,0 %, 2411 MHz, 41, 11.41 W
1788703665.338700836,0 %, 2411 MHz, 41, 11.41 W
1788703665.439114757,0 %, 2411 MHz, 41, 11.41 W
1788703665.539529830,0 %, 2411 MHz, 41, 11.41 W
1788703665.640037191,0 %, 2411 MHz, 41, 11.41 W
1788703665.740305848,0 %, 2411 MHz, 41, 11.41 W
1788703665.840697849,0 %, 2411 MHz, 41, 11.41 W
1788703665.940950747,0 %, 2411 MHz, 41, 11.41 W
1788703666.040900381,0 %, 2411 MHz, 41, 11.41 W
1788703666.141832700,0 %, 2411 MHz, 41, 11.41 W
1788703666.242177454,0 %, 2411 MHz, 41, 11.41 W
1788703666.342493695,0 %, 2411 MHz, 41, 11.41 W
1788703666.442743808,0 %, 2411 MHz, 41, 11.41 W
1788703666.543003826,0 %, 2411 MHz, 41, 11.41 W
1788703666.643278835,0 %, 2411 MHz, 41, 11.41 W
1788703666.744086851,0 %, 2411 MHz, 41, 11.41 W
1788703666.844163301,0 %, 2411 MHz, 41, 11.41 W
1788703666.944434758,0 %, 2411 MHz, 41, 11.41 W
1788703667.044813943,0 %, 2411 MHz, 41, 11.41 W
1788703667.145403848,0 %, 2411 MHz, 41, 11.41 W
1788703667.245872905,0 %, 2411 MHz, 41, 11.41 W
1788703667.346112202,0 %, 2411 MHz, 41, 11.41 W
1788703667.446087564,0 %, 2411 MHz, 41, 11.41 W
1788703667.546528141,0 %, 2411 MHz, 41, 11.41 W
1788703667.646965534,0 %, 2411 MHz, 41, 11.41 W
1788703667.747495583,0 %, 2411 MHz, 41, 11.41 W
1788703667.848020207,0 %, 2411 MHz, 41, 11.41 W
1788703667.948284817,0 %, 2411 MHz, 41, 11.41 W
1788703668.048238979,0 %, 2411 MHz, 41, 11.40 W
1788703668.148467941,0 %, 2411 MHz, 41, 11.40 W
1788703668.248713702,0 %, 2411 MHz, 41, 11.40 W
1788703668.349183863,0 %, 2411 MHz, 41, 11.40 W
1788703668.449324233,0 %, 2411 MHz, 41, 11.40 W
1788703668.549298651,0 %, 2411 MHz, 41, 11.40 W
1788703668.649558412,0 %, 2411 MHz, 41, 11.40 W
1788703668.750153597,0 %, 2411 MHz, 41, 11.40 W
1788703668.850814653,0 %, 2411 MHz, 41, 11.40 W
1788703668.950880159,0 %, 2411 MHz, 41, 11.40 W
1788703669.051174320,0 %, 2411 MHz, 41, 11.40 W
1788703669.150714723,0 %, 2411 MHz, 41, 11.40 W
1788703669.251001301,0 %, 2411 MHz, 41, 11.40 W
1788703669.351443142,0 %, 2411 MHz, 41, 11.40 W
1788703669.451558695,0 %, 2411 MHz, 41, 11.40 W
1788703669.551356122,0 %, 2411 MHz, 41, 11.44 W
1788703669.653047095,0 %, 2411 MHz, 41, 11.44 W
1788703669.752722874,0 %, 2411 MHz, 41, 11.44 W
1788703669.853062971,0 %, 2411 MHz, 41, 11.44 W
1788703669.953747452,0 %, 2411 MHz, 41, 11.44 W
1788703670.053598510,0 %, 2411 MHz, 41, 11.45 W
1788703670.153873663,0 %, 2411 MHz, 41, 11.45 W
1788703670.254555456,0 %, 2411 MHz, 41, 11.45 W
1788703670.355152352,0 %, 2411 MHz, 41, 11.45 W
1788703670.455183858,0 %, 2411 MHz, 41, 11.45 W
1788703670.555622147,0 %, 2411 MHz, 41, 11.43 W
1788703670.656391075,0 %, 2411 MHz, 41, 11.43 W
1788703670.756574612,0 %, 2411 MHz, 41, 11.43 W
1788703670.857214100,0 %, 2411 MHz, 41, 11.43 W
1788703670.957498726,0 %, 2411 MHz, 41, 11.43 W
1788703671.057268136,0 %, 2411 MHz, 41, 11.44 W
1788703671.157713001,0 %, 2411 MHz, 41, 11.44 W
1788703671.258741560,0 %, 2411 MHz, 41, 11.44 W
1788703671.358767082,0 %, 2411 MHz, 41, 11.44 W
1788703671.459032700,0 %, 2411 MHz, 41, 11.44 W
1788703671.559220637,0 %, 2411 MHz, 41, 11.44 W
1788703671.659822222,0 %, 2411 MHz, 41, 11.44 W
1788703671.759757616,0 %, 2411 MHz, 41, 11.44 W
1788703671.860129601,0 %, 2411 MHz, 41, 11.44 W
1788703671.960620450,0 %, 2411 MHz, 41, 11.44 W
1788703672.061082514,0 %, 2411 MHz, 41, 11.43 W
1788703672.161120020,0 %, 2411 MHz, 41, 11.43 W
1788703672.261557509,0 %, 2411 MHz, 41, 11.43 W
1788703672.361931238,0 %, 2411 MHz, 41, 11.43 W
1788703672.461877656,0 %, 2411 MHz, 41, 11.43 W
1788703672.562055114,0 %, 2411 MHz, 41, 11.41 W
1788703672.662809066,0 %, 2411 MHz, 41, 11.41 W
1788703672.763692537,0 %, 2411 MHz, 41, 11.41 W
1788703672.863732539,0 %, 2411 MHz, 41, 11.41 W
1788703672.963682797,0 %, 2411 MHz, 41, 11.41 W
1788703673.063851199,0 %, 2411 MHz, 41, 11.41 W
1788703673.164264496,0 %, 2411 MHz, 41, 11.41 W
1788703673.264547969,0 %, 2411 MHz, 41, 11.41 W
1788703673.364596403,0 %, 2411 MHz, 41, 11.41 W
1788703673.465545506,0 %, 2411 MHz, 41, 11.41 W
1788703673.565782787,0 %, 2411 MHz, 41, 11.42 W
1788703673.666898098,0 %, 2411 MHz, 41, 11.42 W
1788703673.766562037,0 %, 2411 MHz, 41, 11.42 W
1788703673.867289477,0 %, 2411 MHz, 41, 11.42 W
1788703673.967567814,0 %, 2411 MHz, 41, 11.42 W
1788703674.067554184,0 %, 2411 MHz, 41, 11.42 W
1788703674.168087945,0 %, 2411 MHz, 41, 11.42 W
1788703674.268076987,0 %, 2411 MHz, 41, 11.42 W
1788703674.368271036,0 %, 2411 MHz, 41, 11.42 W
1788703674.468649021,0 %, 2411 MHz, 41, 11.42 W
1788703674.569583965,0 %, 2411 MHz, 41, 11.43 W
1788703674.670594044,0 %, 2411 MHz, 41, 11.43 W
1788703674.769370401,0 %, 2411 MHz, 41, 11.43 W
1788703674.869916114,0 %, 2411 MHz, 41, 11.43 W
1788703674.970168163,0 %, 2411 MHz, 41, 11.43 W
1788703675.070639876,0 %, 2411 MHz, 41, 11.43 W
1788703675.171421107,0 %, 2411 MHz, 41, 11.43 W
1788703675.270848759,0 %, 2411 MHz, 41, 11.43 W
1788703675.371536167,0 %, 2411 MHz, 41, 11.43 W
1788703675.472084423,0 %, 2411 MHz, 41, 11.43 W
1788703675.572397608,0 %, 2411 MHz, 41, 11.43 W
1788703675.673332184,0 %, 2411 MHz, 41, 11.43 W
1788703675.772889771,0 %, 2411 MHz, 41, 11.43 W
1788703675.873744362,0 %, 2411 MHz, 41, 11.43 W
1788703675.972775823,0 %, 2411 MHz, 41, 11.43 W
1788703676.073354223,0 %, 2411 MHz, 41, 11.44 W
1788703676.173771344,0 %, 2411 MHz, 41, 11.44 W
1788703676.274192961,0 %, 2411 MHz, 41, 11.44 W
1788703676.374848465,0 %, 2411 MHz, 41, 11.44 W
1788703676.475179186,0 %, 2411 MHz, 41, 11.44 W
1788703676.575542499,0 %, 2411 MHz, 41, 11.43 W
1788703676.676776546,0 %, 2411 MHz, 41, 11.43 W
1788703676.776495012,0 %, 2411 MHz, 41, 11.43 W
1788703676.876261111,0 %, 2411 MHz, 41, 11.43 W
1788703676.976960551,0 %, 2411 MHz, 41, 11.43 W
1788703677.077055992,0 %, 2411 MHz, 41, 11.42 W
1788703677.177428329,0 %, 2411 MHz, 41, 11.42 W
1788703677.277683003,0 %, 2411 MHz, 41, 11.42 W
1788703677.377780476,0 %, 2411 MHz, 41, 11.42 W
1788703677.478199549,0 %, 2411 MHz, 41, 11.42 W
1788703677.579606427,0 %, 2411 MHz, 41, 11.41 W
1788703677.678899455,0 %, 2411 MHz, 41, 11.41 W
1788703677.778943969,0 %, 2411 MHz, 41, 11.41 W
1788703677.879139170,0 %, 2411 MHz, 41, 11.41 W
1788703677.979885538,0 %, 2411 MHz, 41, 11.41 W
1788703678.080117123,0 %, 2411 MHz, 41, 11.41 W
1788703678.180349188,0 %, 2411 MHz, 41, 11.41 W
1788703678.280620022,0 %, 2411 MHz, 41, 11.41 W
1788703678.380881415,0 %, 2411 MHz, 41, 11.41 W
1788703678.481162056,0 %, 2411 MHz, 41, 11.41 W
1788703678.581528905,0 %, 2411 MHz, 41, 11.41 W
1788703678.682471128,0 %, 2411 MHz, 41, 11.41 W
1788703678.782094411,0 %, 2411 MHz, 41, 11.41 W
1788703678.882682795,0 %, 2411 MHz, 41, 11.41 W
1788703678.982964268,0 %, 2411 MHz, 41, 11.41 W
1788703679.083217885,0 %, 2411 MHz, 41, 11.39 W
1788703679.183176911,0 %, 2411 MHz, 41, 11.39 W
1788703679.283421728,0 %, 2411 MHz, 41, 11.39 W
1788703679.384162352,0 %, 2411 MHz, 41, 11.39 W
1788703679.483764627,0 %, 2411 MHz, 41, 11.39 W
1788703679.584194468,0 %, 2411 MHz, 41, 11.40 W
1788703679.684764436,0 %, 2411 MHz, 41, 11.40 W
1788703679.784909382,0 %, 2411 MHz, 41, 11.40 W
1788703679.885288503,0 %, 2411 MHz, 41, 11.40 W
1788703679.985091225,0 %, 2411 MHz, 41, 11.40 W
1788703680.085678665,0 %, 2411 MHz, 41, 11.41 W
1788703680.186089322,0 %, 2411 MHz, 41, 11.41 W
1788703680.286525898,0 %, 2411 MHz, 41, 11.41 W
1788703680.386620092,0 %, 2411 MHz, 41, 11.41 W
1788703680.486914925,0 %, 2411 MHz, 41, 11.41 W
1788703680.587112334,0 %, 2411 MHz, 41, 11.41 W
1788703680.687492639,0 %, 2411 MHz, 41, 11.41 W
1788703680.787910528,0 %, 2411 MHz, 41, 11.41 W
1788703680.888244705,0 %, 2411 MHz, 41, 11.41 W
1788703680.988554306,0 %, 2411 MHz, 41, 11.41 W
1788703681.089217218,0 %, 2411 MHz, 41, 11.41 W
1788703681.189232740,0 %, 2411 MHz, 41, 11.41 W
1788703681.289440485,0 %, 2411 MHz, 41, 11.41 W
1788703681.389578422,0 %, 2411 MHz, 41, 11.41 W
1788703681.489770696,0 %, 2411 MHz, 41, 11.41 W
1788703681.590948982,0 %, 2411 MHz, 41, 11.41 W
1788703681.691060488,0 %, 2411 MHz, 41, 11.41 W
1788703681.791199977,0 %, 2411 MHz, 41, 11.41 W
1788703681.891536426,0 %, 2411 MHz, 41, 11.41 W
1788703681.991768811,0 %, 2411 MHz, 41, 11.41 W
1788703682.092662954,0 %, 2411 MHz, 41, 11.42 W
1788703682.192464941,0 %, 2411 MHz, 41, 11.42 W
1788703682.293082829,0 %, 2411 MHz, 41, 11.42 W
1788703682.393140911,0 %, 2411 MHz, 41, 11.42 W
1788703682.493390560,0 %, 2411 MHz, 41, 11.42 W
1788703682.593912848,0 %, 2411 MHz, 41, 11.42 W
1788703682.693622707,0 %, 2411 MHz, 41, 11.42 W
1788703682.794006275,0 %, 2411 MHz, 41, 11.42 W
1788703682.894162917,0 %, 2411 MHz, 41, 11.42 W
1788703682.994330726,0 %, 2411 MHz, 41, 11.42 W
1788703683.094728375,0 %, 2411 MHz, 41, 11.41 W
1788703683.195035224,0 %, 2411 MHz, 41, 11.41 W
1788703683.295111145,0 %, 2411 MHz, 41, 11.41 W
1788703683.395421578,0 %, 2411 MHz, 41, 11.41 W
1788703683.495681947,0 %, 2411 MHz, 41, 11.41 W
1788703683.595751325,0 %, 2411 MHz, 41, 11.41 W
1788703683.696673308,0 %, 2411 MHz, 41, 11.41 W
1788703683.796719598,0 %, 2411 MHz, 41, 11.41 W
1788703683.897095518,0 %, 2411 MHz, 41, 11.41 W
1788703683.997402223,0 %, 2411 MHz, 41, 11.41 W
1788703684.097460113,0 %, 2411 MHz, 41, 11.41 W
1788703684.197657506,0 %, 2411 MHz, 41, 11.41 W
1788703684.298111891,0 %, 2411 MHz, 41, 11.41 W
1788703684.398177540,0 %, 2411 MHz, 41, 11.41 W
1788703684.498363238,0 %, 2411 MHz, 41, 11.41 W
1788703684.598499927,0 %, 2411 MHz, 41, 11.44 W
1788703684.698684776,0 %, 2411 MHz, 41, 11.44 W
1788703684.798923305,0 %, 2411 MHz, 41, 11.44 W
1788703684.898783324,0 %, 2411 MHz, 41, 11.44 W
1788703684.999471691,0 %, 2411 MHz, 41, 11.44 W
1788703685.100231003,0 %, 2411 MHz, 41, 11.44 W
1788703685.200603500,0 %, 2411 MHz, 41, 11.44 W
1788703685.300790765,0 %, 2411 MHz, 41, 11.44 W
1788703685.401119854,0 %, 2411 MHz, 41, 11.44 W
1788703685.501226479,0 %, 2411 MHz, 41, 11.44 W
1788703685.601858831,0 %, 2411 MHz, 41, 11.43 W
1788703685.702403823,0 %, 2411 MHz, 41, 11.43 W
1788703685.802241826,0 %, 2411 MHz, 41, 11.43 W
1788703685.902822690,0 %, 2411 MHz, 41, 11.43 W
1788703686.002694388,0 %, 2411 MHz, 41, 11.43 W
1788703686.104069986,0 %, 2411 MHz, 41, 11.43 W
1788703686.204758017,0 %, 2411 MHz, 41, 11.43 W
1788703686.304679427,0 %, 2411 MHz, 41, 11.43 W
1788703686.404831573,0 %, 2411 MHz, 41, 11.43 W
1788703686.505631188,0 %, 2411 MHz, 41, 11.43 W
1788703686.606173668,0 %, 2411 MHz, 41, 11.43 W
1788703686.706425141,0 %, 2411 MHz, 41, 11.43 W
1788703686.807421108,0 %, 2411 MHz, 41, 11.43 W
1788703686.907650533,0 %, 2411 MHz, 41, 11.43 W
1788703687.008268741,0 %, 2411 MHz, 41, 11.43 W
1788703687.109093781,0 %, 2411 MHz, 41, 11.43 W
1788703687.209340278,0 %, 2411 MHz, 41, 11.43 W
1788703687.309563223,0 %, 2411 MHz, 41, 11.43 W
1788703687.410349078,0 %, 2411 MHz, 41, 11.43 W
1788703687.510848599,0 %, 2411 MHz, 41, 11.43 W
1788703687.611561094,0 %, 2411 MHz, 41, 11.42 W
1788703687.712193526,0 %, 2411 MHz, 41, 11.42 W
1788703687.812452199,0 %, 2411 MHz, 41, 11.42 W
1788703687.912697352,0 %, 2411 MHz, 41, 11.42 W
1788703688.012993017,0 %, 2411 MHz, 41, 11.42 W
1788703688.113696937,0 %, 2411 MHz, 41, 11.41 W
1788703688.213977946,0 %, 2411 MHz, 41, 11.41 W
1788703688.314327258,0 %, 2411 MHz, 41, 11.41 W
1788703688.415384761,0 %, 2411 MHz, 41, 11.41 W
1788703688.515516346,0 %, 2411 MHz, 41, 11.41 W
1788703688.616148042,0 %, 2411 MHz, 41, 11.42 W
1788703688.716968954,0 %, 2411 MHz, 41, 11.42 W
1788703688.817863561,0 %, 2411 MHz, 41, 11.42 W
1788703688.918536136,0 %, 2411 MHz, 41, 11.42 W
1788703689.020163190,0 %, 2411 MHz, 41, 11.43 W
1788703689.120956597,0 %, 2411 MHz, 41, 11.43 W
1788703689.221186230,0 %, 2411 MHz, 41, 11.43 W
1788703689.321924598,0 %, 2411 MHz, 41, 11.43 W
1788703689.422423846,0 %, 2411 MHz, 41, 11.43 W
1788703689.522557495,0 %, 2411 MHz, 41, 11.44 W
1788703689.623098551,0 %, 2411 MHz, 41, 11.44 W
1788703689.723933175,0 %, 2411 MHz, 41, 11.44 W
1788703689.823868712,0 %, 2411 MHz, 41, 11.44 W
1788703689.924383113,0 %, 2411 MHz, 41, 11.44 W
1788703690.025125400,0 %, 2411 MHz, 41, 11.44 W
1788703690.125800920,0 %, 2411 MHz, 41, 11.44 W
1788703690.226753815,0 %, 2411 MHz, 41, 11.44 W
1788703690.327424439,0 %, 2411 MHz, 41, 11.44 W
1788703690.427282649,0 %, 2411 MHz, 41, 11.44 W
1788703690.527721513,0 %, 2411 MHz, 41, 11.44 W
1788703690.628567448,0 %, 2411 MHz, 41, 11.44 W
1788703690.728952953,0 %, 2411 MHz, 41, 11.44 W
1788703690.829016138,0 %, 2411 MHz, 41, 11.44 W
1788703690.929846154,0 %, 2411 MHz, 41, 11.44 W
1788703691.030583641,0 %, 2411 MHz, 41, 11.43 W
1788703691.130560171,0 %, 2411 MHz, 41, 11.43 W
1788703691.231047947,0 %, 2411 MHz, 41, 11.43 W
1788703691.331916858,0 %, 2411 MHz, 41, 11.43 W
1788703691.432109755,0 %, 2411 MHz, 41, 11.43 W
1788703691.532400860,0 %, 2411 MHz, 41, 11.43 W
1788703691.632771981,0 %, 2411 MHz, 41, 11.43 W
1788703691.733620876,0 %, 2411 MHz, 41, 11.43 W
1788703691.833817949,0 %, 2411 MHz, 41, 11.43 W
1788703691.934125614,0 %, 2411 MHz, 41, 11.43 W
1788703692.034940093,0 %, 2411 MHz, 41, 11.43 W
1788703692.135377645,0 %, 2411 MHz, 41, 11.43 W
1788703692.235928222,0 %, 2411 MHz, 41, 11.43 W
1788703692.335981599,0 %, 2411 MHz, 41, 11.43 W
1788703692.436876462,0 %, 2411 MHz, 41, 11.43 W
1788703692.537123935,0 %, 2411 MHz, 41, 11.42 W
1788703692.637731759,0 %, 2411 MHz, 41, 11.42 W
1788703692.738790877,0 %, 2411 MHz, 41, 11.42 W
1788703692.838722415,0 %, 2411 MHz, 41, 11.42 W
1788703692.939340895,0 %, 2411 MHz, 41, 11.42 W
1788703693.039976079,0 %, 2411 MHz, 41, 11.43 W
1788703693.140402479,0 %, 2411 MHz, 41, 11.43 W
1788703693.240793504,0 %, 2411 MHz, 41, 11.43 W
1788703693.341502703,0 %, 2411 MHz, 41, 11.43 W
1788703693.441802768,0 %, 2411 MHz, 41, 11.43 W
1788703693.542089217,0 %, 2411 MHz, 41, 11.41 W
1788703693.643114287,0 %, 2411 MHz, 41, 11.41 W
1788703693.743397952,0 %, 2411 MHz, 41, 11.41 W
1788703693.843776449,0 %, 2411 MHz, 41, 11.41 W
1788703693.944747024,0 %, 2411 MHz, 41, 11.41 W
1788703694.045153632,0 %, 2411 MHz, 41, 11.41 W
1788703694.146049055,0 %, 2411 MHz, 41, 11.41 W
1788703694.246506351,0 %, 2411 MHz, 41, 11.41 W
1788703694.346892832,0 %, 2411 MHz, 41, 11.41 W
1788703694.447849151,0 %, 2411 MHz, 41, 11.41 W
1788703694.548729534,0 %, 2411 MHz, 41, 11.42 W
1788703694.649277982,0 %, 2411 MHz, 41, 11.42 W
1788703694.749495455,0 %, 2411 MHz, 41, 11.42 W
1788703694.850320622,0 %, 2411 MHz, 41, 11.42 W
1788703694.950758654,0 %, 2411 MHz, 41, 11.42 W
1788703695.051728877,0 %, 2411 MHz, 41, 11.42 W
1788703695.152198861,0 %, 2411 MHz, 41, 11.42 W
1788703695.252595854,0 %, 2411 MHz, 41, 11.42 W
1788703695.353391421,0 %, 2411 MHz, 41, 11.42 W
1788703695.453912717,0 %, 2411 MHz, 41, 11.42 W
1788703695.554767772,0 %, 2411 MHz, 41, 11.43 W
1788703695.655261996,0 %, 2411 MHz, 41, 11.43 W
1788703695.756585946,0 %, 2411 MHz, 41, 11.43 W
1788703695.856977338,0 %, 2411 MHz, 41, 11.43 W
1788703695.956659869,0 %, 2411 MHz, 41, 11.43 W
1788703696.057678380,0 %, 2411 MHz, 41, 11.44 W
1788703696.157872749,0 %, 2411 MHz, 41, 11.44 W
1788703696.258398029,0 %, 2411 MHz, 41, 11.44 W
1788703696.359181260,0 %, 2411 MHz, 41, 11.44 W
1788703696.459652172,0 %, 2411 MHz, 41, 11.44 W
1788703696.559862637,0 %, 2411 MHz, 41, 11.42 W
1788703696.660240653,0 %, 2411 MHz, 41, 11.42 W
1788703696.761541499,0 %, 2411 MHz, 41, 11.42 W
1788703696.861548013,0 %, 2411 MHz, 41, 11.42 W
1788703696.961751150,0 %, 2411 MHz, 41, 11.42 W
1788703697.062590541,0 %, 2411 MHz, 41, 11.40 W
1788703697.163006349,0 %, 2411 MHz, 41, 11.40 W
1788703697.263251838,0 %, 2411 MHz, 41, 11.40 W
1788703697.364115421,0 %, 2411 MHz, 41, 11.40 W
1788703697.464614077,0 %, 2411 MHz, 41, 11.40 W
1788703697.565575388,0 %, 2411 MHz, 41, 11.40 W
1788703697.665586717,0 %, 2411 MHz, 41, 11.40 W
1788703697.766845483,0 %, 2411 MHz, 41, 11.40 W
1788703697.867502507,0 %, 2411 MHz, 41, 11.40 W
1788703697.967576972,0 %, 2411 MHz, 41, 11.40 W
1788703698.068770794,0 %, 2411 MHz, 41, 11.41 W
1788703698.168651180,0 %, 2411 MHz, 41, 11.41 W
1788703698.269006733,0 %, 2411 MHz, 41, 11.41 W
1788703698.369236285,0 %, 2411 MHz, 41, 11.41 W
1788703698.470209164,0 %, 2411 MHz, 41, 11.41 W
1788703698.570739020,0 %, 2411 MHz, 41, 11.41 W
1788703698.671585467,0 %, 2411 MHz, 41, 11.41 W
1788703698.771508637,0 %, 2411 MHz, 41, 11.41 W
1788703698.872193452,0 %, 2411 MHz, 41, 11.41 W
1788703698.973110427,0 %, 2411 MHz, 41, 11.41 W
1788703699.073388716,0 %, 2411 MHz, 41, 11.40 W
1788703699.173769564,0 %, 2411 MHz, 41, 11.40 W
1788703699.274513900,0 %, 2411 MHz, 41, 11.40 W
1788703699.374791068,0 %, 2411 MHz, 41, 11.40 W
1788703699.475576684,0 %, 2411 MHz, 41, 11.40 W
1788703699.575163918,0 %, 2411 MHz, 41, 11.40 W
1788703699.675436767,0 %, 2411 MHz, 41, 11.40 W
1788703699.776972892,0 %, 2411 MHz, 41, 11.40 W
1788703699.877440684,0 %, 2411 MHz, 41, 11.40 W
1788703699.976520800,0 %, 2411 MHz, 41, 11.40 W
1788703700.076934097,0 %, 2411 MHz, 41, 11.44 W
1788703700.177261569,0 %, 2411 MHz, 41, 11.44 W
1788703700.278627903,0 %, 2411 MHz, 41, 11.44 W
1788703700.378997135,0 %, 2411 MHz, 41, 11.44 W
1788703700.479513359,0 %, 2411 MHz, 41, 11.44 W
1788703700.580179407,0 %, 2411 MHz, 41, 11.47 W
1788703700.679912161,0 %, 2411 MHz, 41, 11.47 W
1788703700.780907167,0 %, 2411 MHz, 41, 11.47 W
1788703700.881191488,0 %, 2411 MHz, 41, 11.47 W
1788703700.982455454,0 %, 2411 MHz, 41, 11.47 W
1788703701.082724735,0 %, 2411 MHz, 41, 11.43 W
1788703701.182348561,0 %, 2411 MHz, 41, 11.43 W
1788703701.282516258,0 %, 2411 MHz, 41, 11.43 W
1788703701.383007698,0 %, 2411 MHz, 41, 11.43 W
1788703701.483811281,0 %, 2411 MHz, 41, 11.43 W
1788703701.584705456,0 %, 2411 MHz, 41, 11.40 W
1788703701.684206467,0 %, 2411 MHz, 41, 11.40 W
1788703701.785513745,0 %, 2411 MHz, 41, 11.40 W
1788703701.885541090,0 %, 2411 MHz, 41, 11.40 W
1788703701.985751827,0 %, 2411 MHz, 41, 11.40 W
1788703702.086701458,0 %, 2411 MHz, 41, 11.40 W
1788703702.186454228,0 %, 2411 MHz, 41, 11.40 W
1788703702.287298931,0 %, 2411 MHz, 41, 11.40 W
1788703702.387566291,0 %, 2411 MHz, 41, 11.40 W
1788703702.487850884,0 %, 2411 MHz, 41, 11.40 W
1788703702.588962386,0 %, 2411 MHz, 41, 11.40 W
1788703702.688742244,0 %, 2411 MHz, 41, 11.40 W
1788703702.789104293,0 %, 2411 MHz, 41, 11.40 W
1788703702.889945892,0 %, 2411 MHz, 41, 11.40 W
1788703702.990546403,0 %, 2411 MHz, 41, 11.40 W
1788703703.091086659,0 %, 2411 MHz, 41, 11.41 W
1788703703.191965074,0 %, 2411 MHz, 41, 11.41 W
1788703703.292128371,0 %, 2411 MHz, 41, 11.41 W
1788703703.392666995,0 %, 2411 MHz, 41, 11.41 W
1788703703.493547282,0 %, 2411 MHz, 41, 11.41 W
1788703703.594010690,0 %, 2411 MHz, 41, 11.41 W
1788703703.693970499,0 %, 2411 MHz, 41, 11.41 W
1788703703.795054466,0 %, 2411 MHz, 41, 11.41 W
1788703703.895674113,0 %, 2411 MHz, 41, 11.41 W
1788703703.995749890,0 %, 2411 MHz, 41, 11.41 W
1788703704.096442338,0 %, 2411 MHz, 41, 11.42 W
1788703704.196785474,0 %, 2411 MHz, 41, 11.42 W
1788703704.297089219,0 %, 2411 MHz, 41, 11.42 W
1788703704.397937362,0 %, 2411 MHz, 41, 11.42 W
1788703704.498278290,0 %, 2411 MHz, 41, 11.42 W
1788703704.599024033,0 %, 2411 MHz, 41, 11.43 W
1788703704.699207090,0 %, 2411 MHz, 41, 11.43 W
1788703704.799988833,0 %, 2411 MHz, 41, 11.43 W
1788703704.899928179,0 %, 2411 MHz, 41, 11.43 W
1788703705.000307763,0 %, 2411 MHz, 41, 11.43 W
1788703705.100603636,0 %, 2411 MHz, 41, 11.42 W
1788703705.200515189,0 %, 2411 MHz, 41, 11.42 W
1788703705.301159301,0 %, 2411 MHz, 41, 11.42 W
1788703705.401930884,0 %, 2411 MHz, 41, 11.42 W
1788703705.501890165,0 %, 2411 MHz, 41, 11.42 W
1788703705.602092230,0 %, 2411 MHz, 41, 11.42 W
1788703705.701990920,0 %, 2411 MHz, 41, 11.42 W
1788703705.802913478,0 %, 2411 MHz, 41, 11.42 W
1788703705.903463254,0 %, 2411 MHz, 41, 11.42 W
1788703706.002722074,0 %, 2411 MHz, 41, 11.42 W
1788703706.103569609,0 %, 2411 MHz, 41, 11.41 W
1788703706.204342040,0 %, 2411 MHz, 41, 11.41 W
1788703706.304681656,0 %, 2411 MHz, 41, 11.41 W
1788703706.404948889,0 %, 2411 MHz, 41, 11.41 W
1788703706.505434185,0 %, 2411 MHz, 41, 11.41 W
1788703706.606439735,0 %, 2411 MHz, 41, 11.40 W
1788703706.705679595,0 %, 2411 MHz, 41, 11.40 W
1788703706.806506538,0 %, 2411 MHz, 41, 11.40 W
1788703706.906598011,0 %, 2411 MHz, 41, 11.40 W
1788703707.007349786,0 %, 2411 MHz, 41, 11.40 W
1788703707.107553771,0 %, 2411 MHz, 41, 11.40 W
1788703707.207631820,0 %, 2411 MHz, 41, 11.40 W
1788703707.307859212,0 %, 2411 MHz, 41, 11.40 W
1788703707.408154157,0 %, 2411 MHz, 41, 11.40 W
1788703707.508528141,0 %, 2411 MHz, 41, 11.40 W
1788703707.608435231,0 %, 2411 MHz, 41, 11.41 W
1788703707.708371792,0 %, 2411 MHz, 41, 11.41 W
1788703707.809850301,0 %, 2411 MHz, 41, 11.41 W
1788703707.909694319,0 %, 2411 MHz, 41, 11.41 W
1788703708.010254623,0 %, 2411 MHz, 41, 11.41 W
1788703708.110745839,0 %, 2411 MHz, 41, 11.41 W
1788703708.210896959,0 %, 2411 MHz, 41, 11.41 W
1788703708.311575823,0 %, 2411 MHz, 41, 11.41 W
1788703708.411933519,0 %, 2411 MHz, 41, 11.41 W
1788703708.512338095,0 %, 2411 MHz, 41, 11.41 W
1788703708.612324833,0 %, 2411 MHz, 41, 11.41 W
1788703708.712543793,0 %, 2411 MHz, 41, 11.41 W
1788703708.812996017,0 %, 2411 MHz, 41, 11.41 W
1788703708.913703360,0 %, 2411 MHz, 41, 11.41 W
1788703709.014317104,0 %, 2411 MHz, 41, 11.41 W
1788703709.114348449,0 %, 2411 MHz, 41, 11.42 W
1788703709.214471714,0 %, 2411 MHz, 41, 11.42 W
1788703709.314781986,0 %, 2411 MHz, 41, 11.42 W
1788703709.415552081,0 %, 2411 MHz, 41, 11.42 W
1788703709.515873746,0 %, 2411 MHz, 41, 11.42 W
1788703709.615714372,0 %, 2411 MHz, 41, 11.42 W
1788703709.715837365,0 %, 2411 MHz, 41, 11.42 W
1788703709.816451700,0 %, 2411 MHz, 41, 11.42 W
1788703709.916700373,0 %, 2411 MHz, 41, 11.42 W
1788703710.016955893,0 %, 2411 MHz, 41, 11.42 W
1788703710.117222998,0 %, 2411 MHz, 41, 11.41 W
1788703710.218101876,0 %, 2411 MHz, 41, 11.41 W
1788703710.318293205,0 %, 2411 MHz, 41, 11.41 W
1788703710.418500310,0 %, 2411 MHz, 41, 11.41 W
1788703710.518897974,0 %, 2411 MHz, 41, 11.41 W
1788703710.619350166,0 %, 2411 MHz, 41, 11.42 W
1788703710.719118296,0 %, 2411 MHz, 41, 11.42 W
1788703710.819490856,0 %, 2411 MHz, 41, 11.42 W
1788703710.919831544,0 %, 2411 MHz, 41, 11.42 W
1788703711.019957065,0 %, 2411 MHz, 41, 11.42 W
1788703711.120207786,0 %, 2411 MHz, 41, 11.40 W
1788703711.220870937,0 %, 2411 MHz, 41, 11.40 W
1788703711.321157913,0 %, 2411 MHz, 41, 11.40 W
1788703711.421445802,0 %, 2411 MHz, 41, 11.40 W
1788703711.521445675,0 %, 2411 MHz, 41, 11.40 W
1788703711.621550028,0 %, 2411 MHz, 41, 11.40 W
1788703711.721686061,0 %, 2411 MHz, 41, 11.40 W
1788703711.822253388,0 %, 2411 MHz, 41, 11.40 W
1788703711.922615693,0 %, 2411 MHz, 41, 11.40 W
1788703712.023463563,0 %, 2411 MHz, 41, 11.42 W
1788703712.124028523,0 %, 2411 MHz, 41, 11.42 W
1788703712.224832458,0 %, 2411 MHz, 41, 11.42 W
1788703712.325183562,0 %, 2411 MHz, 41, 11.42 W
1788703712.425589642,0 %, 2411 MHz, 41, 11.42 W
1788703712.526567465,0 %, 2411 MHz, 41, 11.42 W
1788703712.627275880,0 %, 2411 MHz, 41, 11.42 W
1788703712.726866810,0 %, 2411 MHz, 41, 11.42 W
1788703712.827546313,0 %, 2411 MHz, 41, 11.42 W
1788703712.928255417,0 %, 2411 MHz, 41, 11.42 W
1788703713.028696505,0 %, 2411 MHz, 41, 11.42 W
1788703713.129544279,0 %, 2411 MHz, 41, 11.42 W
1788703713.229615576,0 %, 2411 MHz, 41, 11.42 W
1788703713.330183864,0 %, 2411 MHz, 41, 11.42 W
1788703713.431047607,0 %, 2411 MHz, 41, 11.42 W
1788703713.531549878,0 %, 2411 MHz, 41, 11.43 W
1788703713.632279989,0 %, 2411 MHz, 41, 11.43 W
1788703713.732246615,0 %, 2411 MHz, 41, 11.43 W
1788703713.832277992,0 %, 2411 MHz, 41, 11.43 W
1788703713.933314662,0 %, 2411 MHz, 41, 11.43 W
1788703714.033703558,0 %, 2411 MHz, 41, 11.43 W
1788703714.133690535,0 %, 2411 MHz, 41, 11.43 W
1788703714.234414982,0 %, 2411 MHz, 41, 11.43 W
1788703714.335048886,0 %, 2411 MHz, 41, 11.43 W
1788703714.435470246,0 %, 2411 MHz, 41, 11.43 W
1788703714.535243288,0 %, 2411 MHz, 41, 11.44 W
1788703714.635244329,0 %, 2411 MHz, 41, 11.44 W
1788703714.735422729,0 %, 2411 MHz, 41, 11.44 W
1788703714.836618743,0 %, 2411 MHz, 41, 11.44 W
1788703714.936164538,0 %, 2411 MHz, 41, 11.44 W
1788703715.036623481,0 %, 2411 MHz, 41, 11.44 W
1788703715.136769946,0 %, 2411 MHz, 41, 11.44 W
1788703715.237535641,0 %, 2411 MHz, 41, 11.44 W
1788703715.337869497,0 %, 2411 MHz, 41, 11.44 W
1788703715.438716936,0 %, 2411 MHz, 41, 11.44 W
1788703715.538552618,0 %, 2411 MHz, 41, 11.42 W
1788703715.639151721,0 %, 2411 MHz, 41, 11.42 W
1788703715.739339322,0 %, 2411 MHz, 41, 11.42 W
1788703715.839217723,0 %, 2411 MHz, 41, 11.42 W
1788703715.939247708,0 %, 2411 MHz, 41, 11.42 W
1788703716.040845737,0 %, 2411 MHz, 41, 11.43 W
1788703716.140735738,0 %, 2411 MHz, 41, 11.43 W
1788703716.240158637,0 %, 2411 MHz, 41, 11.43 W
1788703716.340673357,0 %, 2411 MHz, 41, 11.43 W
1788703716.440701934,0 %, 2411 MHz, 41, 11.43 W
1788703716.541116926,0 %, 2411 MHz, 41, 11.45 W
1788703716.641568382,0 %, 2411 MHz, 41, 11.45 W
1788703716.741754430,0 %, 2411 MHz, 41, 11.45 W
1788703716.842522509,0 %, 2411 MHz, 41, 11.45 W
1788703716.942556446,0 %, 2411 MHz, 41, 11.45 W
1788703717.043012286,0 %, 2411 MHz, 41, 11.43 W
1788703717.143227423,0 %, 2411 MHz, 41, 11.43 W
1788703717.243495967,0 %, 2411 MHz, 41, 11.43 W
1788703717.343918175,0 %, 2411 MHz, 41, 11.43 W
1788703717.444517646,0 %, 2411 MHz, 41, 11.43 W
1788703717.544771359,0 %, 2411 MHz, 41, 11.42 W
1788703717.644734912,0 %, 2411 MHz, 41, 11.42 W
1788703717.744931936,0 %, 2411 MHz, 41, 11.42 W
1788703717.845554352,0 %, 2411 MHz, 41, 11.42 W
1788703717.945766960,0 %, 2411 MHz, 41, 11.42 W
1788703718.046027073,0 %, 2411 MHz, 41, 11.42 W
1788703718.146274241,0 %, 2411 MHz, 41, 11.42 W
1788703718.247060880,0 %, 2411 MHz, 41, 11.42 W
1788703718.347462560,0 %, 2411 MHz, 41, 11.42 W
1788703718.447416993,0 %, 2411 MHz, 41, 11.42 W
1788703718.547403026,0 %, 2411 MHz, 41, 11.41 W
1788703718.647767890,0 %, 2411 MHz, 41, 11.41 W
1788703718.748555745,0 %, 2411 MHz, 41, 11.41 W
1788703718.848604866,0 %, 2411 MHz, 41, 11.41 W
1788703718.949559808,0 %, 2411 MHz, 41, 11.41 W
1788703719.049660929,0 %, 2411 MHz, 41, 11.41 W
1788703719.150073025,0 %, 2411 MHz, 41, 11.41 W
1788703719.250228578,0 %, 2411 MHz, 41, 11.41 W
1788703719.350502546,0 %, 2411 MHz, 41, 11.41 W
1788703719.450542051,0 %, 2411 MHz, 41, 11.41 W
1788703719.550725683,0 %, 2411 MHz, 41, 11.42 W
1788703719.651032564,0 %, 2411 MHz, 41, 11.42 W
1788703719.751077733,0 %, 2411 MHz, 41, 11.42 W
1788703719.851509093,0 %, 2411 MHz, 41, 11.42 W
1788703719.951747701,0 %, 2411 MHz, 41, 11.42 W
1788703720.052805203,0 %, 2411 MHz, 41, 11.43 W
1788703720.152759332,0 %, 2411 MHz, 41, 11.43 W
1788703720.253119652,0 %, 2411 MHz, 41, 11.43 W
1788703720.353416548,0 %, 2411 MHz, 41, 11.43 W
1788703720.454108931,0 %, 2411 MHz, 41, 11.43 W
1788703720.554407732,0 %, 2411 MHz, 41, 11.44 W
1788703720.654696452,0 %, 2411 MHz, 41, 11.44 W
1788703720.755089300,0 %, 2411 MHz, 41, 11.44 W
1788703720.855337780,0 %, 2411 MHz, 41, 11.44 W
1788703720.955297445,0 %, 2411 MHz, 41, 11.44 W
1788703721.055744005,0 %, 2411 MHz, 41, 11.44 W
1788703721.155980533,0 %, 2411 MHz, 41, 11.44 W
1788703721.256678772,0 %, 2411 MHz, 41, 11.44 W
1788703721.356909973,0 %, 2411 MHz, 41, 11.44 W
1788703721.457137973,0 %, 2411 MHz, 41, 11.44 W
1788703721.557589365,0 %, 2411 MHz, 41, 11.43 W
1788703721.657699254,0 %, 2411 MHz, 41, 11.43 W
1788703721.758080694,0 %, 2411 MHz, 41, 11.43 W
1788703721.858235222,0 %, 2411 MHz, 41, 11.43 W
1788703721.958610182,0 %, 2411 MHz, 41, 11.43 W
1788703722.059211525,0 %, 2411 MHz, 41, 11.43 W
1788703722.159451398,0 %, 2411 MHz, 41, 11.43 W
1788703722.259660358,0 %, 2411 MHz, 41, 11.43 W
1788703722.359699239,0 %, 2411 MHz, 41, 11.43 W
1788703722.460033463,0 %, 2411 MHz, 41, 11.43 W
1788703722.560586375,0 %, 2411 MHz, 41, 11.44 W
1788703722.661351125,0 %, 2411 MHz, 41, 11.44 W
1788703722.761682246,0 %, 2411 MHz, 41, 11.44 W
1788703722.861441991,0 %, 2411 MHz, 41, 11.44 W
1788703722.962037718,0 %, 2411 MHz, 41, 11.44 W
1788703723.062578598,0 %, 2411 MHz, 41, 11.43 W
1788703723.162854486,0 %, 2411 MHz, 41, 11.43 W
1788703723.263490565,0 %, 2411 MHz, 41, 11.43 W
1788703723.363715654,0 %, 2411 MHz, 41, 11.43 W
1788703723.463964374,0 %, 2411 MHz, 41, 11.43 W
1788703723.564217110,0 %, 2411 MHz, 41, 11.42 W
1788703723.664991701,0 %, 2411 MHz, 41, 11.42 W
1788703723.764825575,0 %, 2411 MHz, 41, 11.42 W
1788703723.865134999,0 %, 2411 MHz, 41, 11.42 W
1788703723.965191015,0 %, 2411 MHz, 41, 11.42 W
1788703724.065408584,0 %, 2411 MHz, 41, 11.43 W
1788703724.166131751,0 %, 2411 MHz, 41, 11.43 W
1788703724.266573062,0 %, 2411 MHz, 41, 11.43 W
1788703724.366609063,0 %, 2411 MHz, 41, 11.43 W
1788703724.466699496,0 %, 2411 MHz, 41, 11.43 W
1788703724.567084184,0 %, 2411 MHz, 41, 11.43 W
1788703724.667628151,0 %, 2411 MHz, 41, 11.43 W
1788703724.767571992,0 %, 2411 MHz, 41, 11.43 W
1788703724.868519975,0 %, 2411 MHz, 41, 11.43 W
1788703724.968642903,0 %, 2411 MHz, 41, 11.43 W
1788703725.069010183,0 %, 2411 MHz, 41, 11.44 W
1788703725.169721990,0 %, 2411 MHz, 41, 11.44 W
1788703725.268896746,0 %, 2411 MHz, 41, 11.44 W
1788703725.369428569,0 %, 2411 MHz, 41, 11.44 W
1788703725.470461079,0 %, 2411 MHz, 41, 11.44 W
1788703725.569888538,0 %, 2411 MHz, 41, 11.44 W
1788703725.671724901,0 %, 2411 MHz, 41, 11.44 W
1788703725.771218888,0 %, 2411 MHz, 41, 11.44 W
1788703725.871892823,0 %, 2411 MHz, 41, 11.44 W
1788703725.971894776,0 %, 2411 MHz, 41, 11.44 W
1788703726.071693369,0 %, 2411 MHz, 41, 11.44 W
1788703726.172180537,0 %, 2411 MHz, 41, 11.44 W
1788703726.272533545,0 %, 2411 MHz, 41, 11.44 W
1788703726.372876569,0 %, 2411 MHz, 41, 11.44 W
1788703726.473531848,0 %, 2411 MHz, 41, 11.44 W
1788703726.573683672,0 %, 2411 MHz, 41, 11.44 W
1788703726.674032616,0 %, 2411 MHz, 41, 11.44 W
1788703726.774147513,0 %, 2411 MHz, 41, 11.44 W
1788703726.875145543,0 %, 2411 MHz, 41, 11.44 W
1788703726.975488295,0 %, 2411 MHz, 41, 11.44 W
1788703727.074992409,0 %, 2411 MHz, 41, 11.43 W
1788703727.175212057,0 %, 2411 MHz, 41, 11.43 W
1788703727.275894088,0 %, 2411 MHz, 41, 11.43 W
1788703727.376142649,0 %, 2411 MHz, 41, 11.43 W
1788703727.476385561,0 %, 2411 MHz, 41, 11.43 W
1788703727.576607497,0 %, 2411 MHz, 41, 11.42 W
1788703727.677010937,0 %, 2411 MHz, 41, 11.42 W
1788703727.777257353,0 %, 2411 MHz, 41, 11.42 W
1788703727.878274727,0 %, 2411 MHz, 41, 11.42 W
1788703727.978229048,0 %, 2411 MHz, 41, 11.42 W
1788703728.078539816,0 %, 2411 MHz, 41, 11.43 W
1788703728.178720825,0 %, 2411 MHz, 41, 11.43 W
1788703728.279050552,0 %, 2411 MHz, 41, 11.43 W
1788703728.379233113,0 %, 2411 MHz, 41, 11.43 W
1788703728.479574841,0 %, 2411 MHz, 41, 11.43 W
1788703728.579946441,0 %, 2411 MHz, 41, 11.43 W
1788703728.680603976,0 %, 2411 MHz, 41, 11.43 W
1788703728.781469926,0 %, 2411 MHz, 41, 11.43 W
1788703728.881776950,0 %, 2411 MHz, 41, 11.43 W
1788703728.981591847,0 %, 2411 MHz, 41, 11.43 W
1788703729.082098215,0 %, 2411 MHz, 41, 11.44 W
1788703729.182179832,0 %, 2411 MHz, 41, 11.44 W
1788703729.282431608,0 %, 2411 MHz, 41, 11.44 W
1788703729.382937415,0 %, 2411 MHz, 41, 11.44 W
1788703729.483208487,0 %, 2411 MHz, 41, 11.44 W
1788703729.583473255,0 %, 2411 MHz, 41, 11.44 W
1788703729.683924119,0 %, 2411 MHz, 41, 11.44 W
1788703729.785391428,0 %, 2411 MHz, 41, 11.44 W
1788703729.885947411,0 %, 2411 MHz, 41, 11.44 W
1788703729.984855399,0 %, 2411 MHz, 41, 11.44 W
1788703730.086149924,0 %, 2411 MHz, 41, 11.46 W
1788703730.185557623,0 %, 2411 MHz, 41, 11.46 W
1788703730.285538312,0 %, 2411 MHz, 41, 11.46 W
1788703730.386381974,0 %, 2411 MHz, 41, 11.46 W
1788703730.487059557,0 %, 2411 MHz, 41, 11.46 W
1788703730.587546020,0 %, 2411 MHz, 41, 11.45 W
1788703730.687937204,0 %, 2411 MHz, 41, 11.45 W
1788703730.788805011,0 %, 2411 MHz, 41, 11.45 W
1788703730.889064931,0 %, 2411 MHz, 41, 11.45 W
1788703730.989181555,0 %, 2411 MHz, 41, 11.45 W
1788703731.089535475,0 %, 2411 MHz, 41, 11.42 W
1788703731.190061858,0 %, 2411 MHz, 41, 11.42 W
1788703731.290563906,0 %, 2411 MHz, 41, 11.42 W
1788703731.390637330,0 %, 2411 MHz, 41, 11.42 W
1788703731.491015394,0 %, 2411 MHz, 41, 11.42 W
1788703731.591207698,0 %, 2411 MHz, 41, 11.42 W
1788703731.691539986,0 %, 2411 MHz, 41, 11.42 W
1788703731.792473505,0 %, 2411 MHz, 41, 11.42 W
1788703731.893053360,0 %, 2411 MHz, 41, 11.42 W
1788703731.992613122,0 %, 2411 MHz, 41, 11.42 W
1788703732.093062673,0 %, 2411 MHz, 41, 11.42 W
1788703732.193551473,0 %, 2411 MHz, 41, 11.42 W
1788703732.293568657,0 %, 2411 MHz, 41, 11.42 W
1788703732.394266752,0 %, 2411 MHz, 41, 11.42 W
1788703732.494190529,0 %, 2411 MHz, 41, 11.42 W
1788703732.594743201,0 %, 2411 MHz, 41, 11.42 W
1788703732.695085536,0 %, 2411 MHz, 41, 11.42 W
1788703732.796036383,0 %, 2411 MHz, 41, 11.42 W
1788703732.895829392,0 %, 2411 MHz, 41, 11.42 W
1788703732.995862561,0 %, 2411 MHz, 41, 11.42 W
1788703733.096550528,0 %, 2411 MHz, 41, 11.43 W
1788703733.197022143,0 %, 2411 MHz, 41, 11.43 W
1788703733.297550974,0 %, 2411 MHz, 41, 11.43 W
1788703733.397550287,0 %, 2411 MHz, 41, 11.43 W
1788703733.498311358,0 %, 2411 MHz, 41, 11.43 W
1788703733.598721773,0 %, 2411 MHz, 41, 11.44 W
1788703733.698917310,0 %, 2411 MHz, 41, 11.44 W
1788703733.799700668,0 %, 2411 MHz, 41, 11.44 W
1788703733.899327118,0 %, 2411 MHz, 41, 11.44 W
1788703733.999881133,0 %, 2411 MHz, 41, 11.44 W
1788703734.100053278,0 %, 2411 MHz, 41, 11.44 W
1788703734.200837964,0 %, 2411 MHz, 41, 11.44 W
1788703734.301137516,0 %, 2411 MHz, 41, 11.44 W
1788703734.400747614,0 %, 2411 MHz, 41, 11.44 W
1788703734.501562844,0 %, 2411 MHz, 41, 11.44 W
1788703734.601873580,0 %, 2411 MHz, 41, 11.43 W
1788703734.702030397,0 %, 2411 MHz, 41, 11.43 W
1788703734.802667275,0 %, 2411 MHz, 41, 11.43 W
1788703734.903611434,0 %, 2411 MHz, 41, 11.43 W
1788703735.003549227,0 %, 2411 MHz, 41, 11.43 W
1788703735.103638459,0 %, 2411 MHz, 41, 11.43 W
1788703735.203926379,0 %, 2411 MHz, 41, 11.43 W
1788703735.304188507,0 %, 2411 MHz, 41, 11.43 W
1788703735.404543947,0 %, 2411 MHz, 41, 11.43 W
1788703735.504910714,0 %, 2411 MHz, 41, 11.43 W
1788703735.605459338,0 %, 2411 MHz, 41, 11.43 W
1788703735.705365131,0 %, 2411 MHz, 41, 11.43 W
1788703735.805660571,0 %, 2411 MHz, 41, 11.43 W
1788703735.906221690,0 %, 2411 MHz, 41, 11.43 W
1788703736.006086795,0 %, 2411 MHz, 41, 11.43 W
1788703736.106642106,0 %, 2411 MHz, 41, 11.43 W
1788703736.206883418,0 %, 2411 MHz, 41, 11.43 W
1788703736.306963787,0 %, 2411 MHz, 41, 11.43 W
1788703736.407559098,0 %, 2411 MHz, 41, 11.43 W
1788703736.507443515,0 %, 2411 MHz, 41, 11.43 W
1788703736.607757835,0 %, 2411 MHz, 41, 11.43 W
1788703736.707994651,0 %, 2411 MHz, 41, 11.43 W
1788703736.808794873,0 %, 2411 MHz, 41, 11.43 W
1788703736.909490440,0 %, 2411 MHz, 41, 11.43 W
1788703737.009568680,0 %, 2411 MHz, 41, 11.43 W
1788703737.109559273,0 %, 2411 MHz, 41, 11.42 W
1788703737.210553975,0 %, 2411 MHz, 41, 11.42 W
1788703737.310550632,0 %, 2411 MHz, 41, 11.42 W
1788703737.411024871,0 %, 2411 MHz, 41, 11.42 W
1788703737.511250759,0 %, 2411 MHz, 41, 11.42 W
1788703737.611551303,0 %, 2411 MHz, 41, 11.41 W
1788703737.711936535,0 %, 2411 MHz, 41, 11.41 W
1788703737.812650853,0 %, 2411 MHz, 41, 11.41 W
1788703737.912722966,0 %, 2411 MHz, 41, 11.41 W
1788703738.013162757,0 %, 2411 MHz, 41, 11.41 W
1788703738.113564469,0 %, 2411 MHz, 41, 11.41 W
1788703738.214127252,0 %, 2411 MHz, 41, 11.41 W
1788703738.314554084,0 %, 2411 MHz, 41, 11.41 W
1788703738.414569524,0 %, 2411 MHz, 41, 11.41 W
1788703738.514701893,0 %, 2411 MHz, 41, 11.41 W
1788703738.615026964,0 %, 2411 MHz, 41, 11.42 W
1788703738.715574547,0 %, 2411 MHz, 41, 11.42 W
1788703738.815829363,0 %, 2411 MHz, 41, 11.42 W
1788703738.916335203,0 %, 2411 MHz, 41, 11.42 W
1788703739.016709122,0 %, 2411 MHz, 41, 11.42 W
1788703739.117087970,0 %, 2411 MHz, 41, 11.43 W
1788703739.217732881,0 %, 2411 MHz, 41, 11.43 W
1788703739.317640114,0 %, 2411 MHz, 41, 11.43 W
1788703739.417997297,0 %, 2411 MHz, 41, 11.43 W
1788703739.518161522,0 %, 2411 MHz, 41, 11.43 W
1788703739.619032240,0 %, 2411 MHz, 41, 11.41 W
1788703739.719586863,0 %, 2411 MHz, 41, 11.41 W
1788703739.819717023,0 %, 2411 MHz, 41, 11.41 W
1788703739.920605021,0 %, 2411 MHz, 41, 11.41 W
1788703740.020701550,0 %, 2411 MHz, 41, 11.41 W
1788703740.120915390,0 %, 2411 MHz, 41, 11.42 W
1788703740.221372029,0 %, 2411 MHz, 41, 11.42 W
1788703740.321795869,0 %, 2411 MHz, 41, 11.42 W
1788703740.422561739,0 %, 2411 MHz, 41, 11.42 W
1788703740.522509692,0 %, 2411 MHz, 41, 11.42 W
1788703740.623046875,0 %, 2411 MHz, 41, 11.42 W
1788703740.723223963,0 %, 2411 MHz, 41, 11.42 W
1788703740.824190537,0 %, 2411 MHz, 41, 11.42 W
1788703740.924369097,0 %, 2411 MHz, 41, 11.42 W
1788703741.024142203,0 %, 2411 MHz, 41, 11.42 W
1788703741.124518746,0 %, 2411 MHz, 41, 11.42 W
1788703741.225121193,0 %, 2411 MHz, 41, 11.42 W
1788703741.325222297,0 %, 2411 MHz, 41, 11.42 W
1788703741.425410746,0 %, 2411 MHz, 41, 11.42 W
1788703741.525623834,0 %, 2411 MHz, 41, 11.40 W
1788703741.626259704,0 %, 2411 MHz, 41, 11.40 W
1788703741.726915031,0 %, 2411 MHz, 41, 11.40 W
1788703741.827294983,0 %, 2411 MHz, 41, 11.40 W
1788703741.927557975,0 %, 2411 MHz, 41, 11.40 W
1788703742.027737095,0 %, 2411 MHz, 41, 11.41 W
1788703742.128057271,0 %, 2411 MHz, 41, 11.41 W
1788703742.228832053,0 %, 2411 MHz, 41, 11.41 W
1788703742.329090101,0 %, 2411 MHz, 41, 11.41 W
1788703742.429299941,0 %, 2411 MHz, 41, 11.41 W
1788703742.529600725,0 %, 2411 MHz, 41, 11.41 W
1788703742.629847253,0 %, 2411 MHz, 41, 11.41 W
1788703742.730128516,0 %, 2411 MHz, 41, 11.41 W
1788703742.830599380,0 %, 2411 MHz, 41, 11.41 W
1788703742.931164275,0 %, 2411 MHz, 41, 11.41 W
1788703743.031581666,0 %, 2411 MHz, 41, 11.42 W
1788703743.131531331,0 %, 2411 MHz, 41, 11.42 W
1788703743.231903650,0 %, 2411 MHz, 41, 11.42 W
1788703743.332216450,0 %, 2411 MHz, 41, 11.42 W
1788703743.432568018,0 %, 2411 MHz, 41, 11.42 W
1788703743.532770098,0 %, 2411 MHz, 41, 11.42 W
1788703743.633432369,0 %, 2411 MHz, 41, 11.42 W
1788703743.733930720,0 %, 2411 MHz, 41, 11.42 W
1788703743.834610366,0 %, 2411 MHz, 41, 11.42 W
1788703743.935500684,0 %, 2411 MHz, 41, 11.42 W
1788703744.035439453,0 %, 2411 MHz, 41, 11.42 W
1788703744.135713213,0 %, 2411 MHz, 41, 11.42 W
1788703744.235971597,0 %, 2411 MHz, 41, 11.42 W
1788703744.336186877,0 %, 2411 MHz, 41, 11.42 W
1788703744.436559324,0 %, 2411 MHz, 41, 11.42 W
1788703744.537027084,0 %, 2411 MHz, 41, 11.41 W
1788703744.636735741,0 %, 2411 MHz, 41, 11.41 W
1788703744.737049645,0 %, 2411 MHz, 41, 11.41 W
1788703744.837729691,0 %, 2411 MHz, 41, 11.41 W
1788703744.937880572,0 %, 2411 MHz, 41, 11.41 W
1788703745.038107356,0 %, 2411 MHz, 41, 11.42 W
1788703745.138569851,0 %, 2411 MHz, 41, 11.42 W
1788703745.238625083,0 %, 2411 MHz, 41, 11.42 W
1788703745.338523356,0 %, 2411 MHz, 41, 11.42 W
1788703745.438793868,0 %, 2411 MHz, 41, 11.42 W
1788703745.539370587,0 %, 2411 MHz, 41, 11.42 W
1788703745.639319948,0 %, 2411 MHz, 41, 11.42 W
1788703745.739567691,0 %, 2411 MHz, 41, 11.42 W
1788703745.839381548,0 %, 2411 MHz, 41, 11.42 W
1788703745.940592186,0 %, 2411 MHz, 41, 11.42 W
1788703746.040286027,0 %, 2411 MHz, 41, 11.44 W
1788703746.140496667,0 %, 2411 MHz, 41, 11.44 W
1788703746.240872539,0 %, 2411 MHz, 41, 11.44 W
1788703746.341508201,0 %, 2411 MHz, 41, 11.44 W
1788703746.441716201,0 %, 2411 MHz, 41, 11.44 W
1788703746.542066729,0 %, 2411 MHz, 41, 11.44 W
1788703746.642255369,0 %, 2411 MHz, 41, 11.44 W
1788703746.742573208,0 %, 2411 MHz, 41, 11.44 W
1788703746.842680233,0 %, 2411 MHz, 41, 11.44 W
1788703746.943495815,0 %, 2411 MHz, 41, 11.44 W
1788703747.043290088,0 %, 2411 MHz, 41, 11.43 W
1788703747.144265206,0 %, 2411 MHz, 41, 11.43 W
1788703747.244288806,0 %, 2411 MHz, 41, 11.43 W
1788703747.344544070,0 %, 2411 MHz, 41, 11.43 W
1788703747.444769318,0 %, 2411 MHz, 41, 11.43 W
1788703747.545212229,0 %, 2411 MHz, 41, 11.43 W
1788703747.645258374,0 %, 2411 MHz, 41, 11.43 W
1788703747.746159124,0 %, 2411 MHz, 41, 11.43 W
1788703747.846109860,0 %, 2411 MHz, 41, 11.43 W
1788703747.946545892,0 %, 2411 MHz, 41, 11.43 W
1788703748.046888979,0 %, 2411 MHz, 41, 11.43 W
1788703748.147148099,0 %, 2411 MHz, 41, 11.43 W
1788703748.248465216,0 %, 2411 MHz, 41, 11.43 W
1788703748.348181729,0 %, 2411 MHz, 41, 11.43 W
1788703748.448418401,0 %, 2411 MHz, 41, 11.43 W
1788703748.548826848,0 %, 2411 MHz, 41, 11.42 W
1788703748.648763265,0 %, 2411 MHz, 41, 11.42 W
1788703748.749130960,0 %, 2411 MHz, 41, 11.42 W
1788703748.849629167,0 %, 2411 MHz, 41, 11.42 W
1788703748.950147695,0 %, 2411 MHz, 41, 11.42 W
1788703749.050520286,0 %, 2411 MHz, 41, 11.42 W
1788703749.150800974,0 %, 2411 MHz, 41, 11.42 W
1788703749.251043405,0 %, 2411 MHz, 41, 11.42 W
1788703749.351724380,0 %, 2411 MHz, 41, 11.42 W
1788703749.452168427,0 %, 2411 MHz, 41, 11.42 W
1788703749.552545387,0 %, 2411 MHz, 41, 11.42 W
1788703749.652283644,0 %, 2411 MHz, 41, 11.42 W
1788703749.752723179,0 %, 2411 MHz, 41, 11.42 W
1788703749.853218858,0 %, 2411 MHz, 41, 11.42 W
1788703749.953506666,0 %, 2411 MHz, 41, 11.42 W
1788703750.053760938,0 %, 2411 MHz, 41, 11.42 W
1788703750.154068553,0 %, 2411 MHz, 41, 11.42 W
1788703750.254829816,0 %, 2411 MHz, 41, 11.42 W
1788703750.355176087,0 %, 2411 MHz, 41, 11.42 W
1788703750.455308567,0 %, 2411 MHz, 41, 11.42 W
1788703750.556091893,0 %, 2411 MHz, 41, 11.41 W
1788703750.655916694,0 %, 2411 MHz, 41, 11.41 W
1788703750.756189814,0 %, 2411 MHz, 41, 11.41 W
1788703750.856633445,0 %, 2411 MHz, 41, 11.41 W
1788703750.957080533,0 %, 2411 MHz, 41, 11.41 W
1788703751.057752179,0 %, 2411 MHz, 41, 11.41 W
1788703751.157803475,0 %, 2411 MHz, 41, 11.41 W
1788703751.258062611,0 %, 2411 MHz, 41, 11.41 W
1788703751.358221475,0 %, 2411 MHz, 41, 11.41 W
1788703751.458799762,0 %, 2411 MHz, 41, 11.41 W
1788703751.559276737,0 %, 2411 MHz, 41, 11.42 W
1788703751.659138610,0 %, 2411 MHz, 41, 11.42 W
1788703751.759607697,0 %, 2411 MHz, 41, 11.42 W
1788703751.860467663,0 %, 2411 MHz, 41, 11.42 W
1788703751.960246944,0 %, 2411 MHz, 41, 11.42 W
1788703752.060545536,0 %, 2411 MHz, 41, 11.41 W
1788703752.160734432,0 %, 2411 MHz, 41, 11.41 W
1788703752.261275982,0 %, 2411 MHz, 41, 11.41 W
1788703752.361739438,0 %, 2411 MHz, 41, 11.41 W
1788703752.462361244,0 %, 2411 MHz, 41, 11.41 W
1788703752.562719276,0 %, 2411 MHz, 41, 11.41 W
1788703752.662535405,0 %, 2411 MHz, 41, 11.41 W
1788703752.763151003,0 %, 2411 MHz, 41, 11.41 W
1788703752.863937018,0 %, 2411 MHz, 41, 11.41 W
1788703752.964324233,0 %, 2411 MHz, 41, 11.41 W
1788703753.064505721,0 %, 2411 MHz, 41, 11.41 W
1788703753.164561321,0 %, 2411 MHz, 41, 11.41 W
1788703753.264640489,0 %, 2411 MHz, 41, 11.41 W
1788703753.365060921,0 %, 2411 MHz, 41, 11.41 W
1788703753.465195177,0 %, 2411 MHz, 41, 11.41 W
1788703753.566037207,0 %, 2411 MHz, 41, 11.40 W
1788703753.665871863,0 %, 2411 MHz, 41, 11.40 W
1788703753.766542086,0 %, 2411 MHz, 41, 11.40 W
1788703753.866979413,0 %, 2411 MHz, 41, 11.40 W
1788703753.967177781,0 %, 2411 MHz, 41, 11.40 W
1788703754.067890291,0 %, 2411 MHz, 41, 11.40 W
1788703754.168635698,0 %, 2411 MHz, 41, 11.40 W
1788703754.268320451,0 %, 2411 MHz, 41, 11.40 W
1788703754.368605715,0 %, 2411 MHz, 41, 11.40 W
1788703754.469130770,0 %, 2411 MHz, 41, 11.40 W
1788703754.569524673,0 %, 2411 MHz, 41, 11.41 W
1788703754.670136687,0 %, 2411 MHz, 41, 11.41 W
1788703754.770844606,0 %, 2411 MHz, 41, 11.41 W
1788703754.870655151,0 %, 2411 MHz, 41, 11.41 W
1788703754.971091662,0 %, 2411 MHz, 41, 11.41 W
1788703755.071499293,0 %, 2411 MHz, 41, 11.41 W
1788703755.171872700,0 %, 2411 MHz, 41, 11.41 W
1788703755.272934762,0 %, 2411 MHz, 41, 11.41 W
1788703755.372662523,0 %, 2411 MHz, 41, 11.41 W
1788703755.472731707,0 %, 2411 MHz, 41, 11.41 W
1788703755.573802376,0 %, 2411 MHz, 41, 11.41 W
1788703755.673582362,0 %, 2411 MHz, 41, 11.41 W
1788703755.773700538,0 %, 2411 MHz, 41, 11.41 W
1788703755.874295976,0 %, 2411 MHz, 41, 11.41 W
1788703755.974760343,0 %, 2411 MHz, 41, 11.41 W
1788703756.074543496,0 %, 2411 MHz, 41, 11.43 W
1788703756.175625766,0 %, 2411 MHz, 41, 11.43 W
1788703756.275679286,0 %, 2411 MHz, 41, 11.43 W
1788703756.376867395,0 %, 2411 MHz, 41, 11.43 W
1788703756.476841331,0 %, 2411 MHz, 41, 11.43 W
1788703756.577281538,0 %, 2411 MHz, 41, 11.42 W
1788703756.677515970,0 %, 2411 MHz, 41, 11.42 W
1788703756.777690802,0 %, 2411 MHz, 41, 11.42 W
1788703756.877386723,0 %, 2411 MHz, 41, 11.42 W
1788703756.977846642,0 %, 2411 MHz, 41, 11.42 W
1788703757.078398337,0 %, 2411 MHz, 41, 11.41 W
1788703757.178640033,0 %, 2411 MHz, 41, 11.41 W
1788703757.279562926,0 %, 2411 MHz, 41, 11.41 W
1788703757.379948014,0 %, 2411 MHz, 41, 11.41 W
1788703757.480347133,0 %, 2411 MHz, 41, 11.41 W
1788703757.580923035,0 %, 2411 MHz, 41, 11.41 W
1788703757.681356715,0 %, 2411 MHz, 41, 11.41 W
1788703757.781360763,0 %, 2411 MHz, 41, 11.41 W
1788703757.881646042,0 %, 2411 MHz, 41, 11.41 W
1788703757.982662216,0 %, 2411 MHz, 41, 11.41 W
1788703758.082183274,0 %, 2411 MHz, 41, 11.42 W
1788703758.182035626,0 %, 2411 MHz, 41, 11.42 W
1788703758.282905864,0 %, 2411 MHz, 41, 11.42 W
1788703758.383540519,0 %, 2411 MHz, 41, 11.42 W
1788703758.483654967,0 %, 2411 MHz, 41, 11.42 W
1788703758.583754311,0 %, 2411 MHz, 41, 11.42 W
1788703758.684204150,0 %, 2411 MHz, 41, 11.42 W
1788703758.784871524,0 %, 2411 MHz, 41, 11.42 W
1788703758.884945684,0 %, 2411 MHz, 41, 11.42 W
1788703758.985657427,0 %, 2411 MHz, 41, 11.42 W
1788703759.085807171,0 %, 2411 MHz, 41, 11.42 W
1788703759.185756003,0 %, 2411 MHz, 41, 11.42 W
1788703759.286153714,0 %, 2411 MHz, 41, 11.42 W
1788703759.386517954,0 %, 2411 MHz, 41, 11.42 W
1788703759.486792129,0 %, 2411 MHz, 41, 11.42 W
1788703759.586755042,0 %, 2411 MHz, 40, 11.42 W
1788703759.687005745,0 %, 2411 MHz, 40, 11.42 W
1788703759.787618592,0 %, 2411 MHz, 40, 11.42 W
1788703759.887750816,0 %, 2411 MHz, 40, 11.42 W
1788703759.988568094,0 %, 2411 MHz, 40, 11.42 W
1788703760.088988669,0 %, 2411 MHz, 41, 11.42 W
1788703760.188889517,0 %, 2411 MHz, 41, 11.42 W
1788703760.288836094,0 %, 2411 MHz, 41, 11.42 W
1788703760.391362567,0 %, 2411 MHz, 41, 11.42 W
1788703760.490029195,0 %, 2411 MHz, 41, 11.42 W
1788703760.589616108,0 %, 2411 MHz, 41, 11.44 W
1788703760.689972764,0 %, 2411 MHz, 41, 11.44 W
1788703760.790154683,0 %, 2411 MHz, 41, 11.44 W
1788703760.889993356,0 %, 2411 MHz, 41, 11.44 W
1788703760.990175852,0 %, 2411 MHz, 41, 11.44 W
1788703761.091186665,0 %, 2411 MHz, 41, 11.49 W
1788703761.191815992,0 %, 2411 MHz, 41, 11.49 W
1788703761.292247159,0 %, 2411 MHz, 41, 11.49 W
1788703761.392762358,0 %, 2411 MHz, 41, 11.49 W
1788703761.492983717,0 %, 2411 MHz, 41, 11.49 W
1788703761.593275445,0 %, 2411 MHz, 41, 11.48 W
1788703761.693100134,0 %, 2411 MHz, 41, 11.48 W
1788703761.793752052,0 %, 2411 MHz, 41, 11.48 W
1788703761.894579426,0 %, 2411 MHz, 41, 11.48 W
1788703761.994146292,0 %, 2411 MHz, 41, 11.48 W
1788703762.095218561,0 %, 2411 MHz, 41, 11.42 W
1788703762.195473264,0 %, 2411 MHz, 41, 11.42 W
1788703762.295695552,0 %, 2411 MHz, 41, 11.42 W
1788703762.396575918,0 %, 2411 MHz, 41, 11.42 W
1788703762.496496318,0 %, 2411 MHz, 41, 11.42 W
1788703762.597247052,0 %, 2411 MHz, 41, 11.42 W
1788703762.696783614,0 %, 2411 MHz, 41, 11.42 W
1788703762.797103581,0 %, 2411 MHz, 41, 11.42 W
1788703762.897738172,0 %, 2411 MHz, 41, 11.42 W
1788703762.997968267,0 %, 2411 MHz, 41, 11.42 W
1788703763.098123403,0 %, 2411 MHz, 41, 11.41 W
1788703763.198906569,0 %, 2411 MHz, 41, 11.41 W
1788703763.298753322,0 %, 2411 MHz, 41, 11.41 W
1788703763.399080649,0 %, 2411 MHz, 41, 11.41 W
1788703763.498916266,0 %, 2411 MHz, 41, 11.41 W
1788703763.599891575,0 %, 2411 MHz, 41, 11.41 W
1788703763.699357721,0 %, 2411 MHz, 41, 11.41 W
1788703763.800069255,0 %, 2411 MHz, 41, 11.41 W
1788703763.900058775,0 %, 2411 MHz, 41, 11.41 W
1788703764.000758646,0 %, 2411 MHz, 41, 11.41 W
1788703764.101110789,0 %, 2411 MHz, 41, 11.42 W
1788703764.201915747,0 %, 2411 MHz, 41, 11.42 W
1788703764.301742019,0 %, 2411 MHz, 41, 11.42 W
1788703764.402017619,0 %, 2411 MHz, 41, 11.42 W
1788703764.502710353,0 %, 2411 MHz, 41, 11.42 W
1788703764.602924625,0 %, 2411 MHz, 41, 11.43 W
1788703764.702776993,0 %, 2411 MHz, 41, 11.43 W
1788703764.803854799,0 %, 2411 MHz, 41, 11.43 W
1788703764.903718943,0 %, 2411 MHz, 41, 11.43 W
1788703765.004545885,0 %, 2411 MHz, 41, 11.43 W
1788703765.105006540,0 %, 2411 MHz, 41, 11.43 W
1788703765.205554971,0 %, 2411 MHz, 41, 11.43 W
1788703765.306119337,0 %, 2411 MHz, 41, 11.43 W
1788703765.406962119,0 %, 2411 MHz, 41, 11.43 W
1788703765.506986871,0 %, 2411 MHz, 41, 11.43 W
1788703765.607547766,0 %, 2411 MHz, 41, 11.43 W
1788703765.707473318,0 %, 2411 MHz, 41, 11.43 W
1788703765.807896021,0 %, 2411 MHz, 41, 11.43 W
1788703765.907827637,0 %, 2411 MHz, 41, 11.43 W
1788703766.008004725,0 %, 2411 MHz, 41, 11.43 W
1788703766.108521892,0 %, 2411 MHz, 41, 11.43 W
1788703766.208362981,0 %, 2411 MHz, 41, 11.43 W
1788703766.309121587,0 %, 2411 MHz, 41, 11.43 W
1788703766.409933168,0 %, 2411 MHz, 41, 11.43 W
1788703766.510204528,0 %, 2411 MHz, 41, 11.43 W
1788703766.610504079,0 %, 2411 MHz, 41, 11.42 W
1788703766.710629343,0 %, 2411 MHz, 41, 11.42 W
1788703766.811017950,0 %, 2411 MHz, 41, 11.42 W
1788703766.911751676,0 %, 2411 MHz, 41, 11.42 W
1788703767.012294203,0 %, 2411 MHz, 41, 11.42 W
1788703767.113206280,0 %, 2411 MHz, 41, 11.42 W
1788703767.213732423,0 %, 2411 MHz, 41, 11.42 W
1788703767.314036774,0 %, 2411 MHz, 41, 11.42 W
1788703767.414176102,0 %, 2411 MHz, 41, 11.42 W
1788703767.514689621,0 %, 2411 MHz, 41, 11.42 W
1788703767.615168516,0 %, 2411 MHz, 41, 11.43 W
1788703767.715377027,0 %, 2411 MHz, 41, 11.43 W
1788703767.816326737,0 %, 2411 MHz, 41, 11.43 W
1788703767.916784784,0 %, 2411 MHz, 41, 11.43 W
1788703768.017320222,0 %, 2411 MHz, 41, 11.43 W
1788703768.118077692,0 %, 2411 MHz, 41, 11.44 W
1788703768.218545771,0 %, 2411 MHz, 41, 11.44 W
1788703768.318852698,0 %, 2411 MHz, 41, 11.44 W
1788703768.419075498,0 %, 2411 MHz, 41, 11.44 W
1788703768.519885608,0 %, 2411 MHz, 41, 11.44 W
1788703768.620720757,0 %, 2411 MHz, 41, 11.44 W
1788703768.720453942,0 %, 2411 MHz, 41, 11.44 W
1788703768.821438372,0 %, 2411 MHz, 41, 11.44 W
1788703768.921829363,0 %, 2411 MHz, 41, 11.44 W
1788703769.022897632,0 %, 2411 MHz, 41, 11.44 W
1788703769.123055839,0 %, 2411 MHz, 41, 11.44 W
1788703769.223543630,0 %, 2411 MHz, 41, 11.44 W
1788703769.324294908,0 %, 2411 MHz, 41, 11.44 W
1788703769.424548924,0 %, 2411 MHz, 41, 11.44 W
1788703769.524952011,0 %, 2411 MHz, 41, 11.44 W
1788703769.625901720,0 %, 2411 MHz, 41, 11.44 W
1788703769.726358567,0 %, 2411 MHz, 41, 11.44 W
1788703769.827314500,0 %, 2411 MHz, 41, 11.44 W
1788703769.927861475,0 %, 2411 MHz, 41, 11.44 W
1788703770.028083794,0 %, 2411 MHz, 41, 11.44 W
1788703770.128359154,0 %, 2411 MHz, 41, 11.44 W
1788703770.229094384,0 %, 2411 MHz, 41, 11.44 W
1788703770.329670958,0 %, 2411 MHz, 41, 11.44 W
1788703770.430441324,0 %, 2411 MHz, 41, 11.44 W
1788703770.530847611,0 %, 2411 MHz, 41, 11.44 W
1788703770.631712233,0 %, 2411 MHz, 41, 11.44 W
1788703770.732198999,0 %, 2411 MHz, 41, 11.44 W
1788703770.833076069,0 %, 2411 MHz, 41, 11.44 W
1788703770.933587059,0 %, 2411 MHz, 41, 11.44 W
1788703771.033631379,0 %, 2411 MHz, 41, 11.45 W
1788703771.133833475,0 %, 2411 MHz, 41, 11.45 W
1788703771.234652161,0 %, 2411 MHz, 41, 11.45 W
1788703771.335427135,0 %, 2411 MHz, 41, 11.45 W
1788703771.435939309,0 %, 2411 MHz, 41, 11.45 W
1788703771.536441324,0 %, 2411 MHz, 41, 11.46 W
1788703771.637196858,0 %, 2411 MHz, 41, 11.46 W
1788703771.737832344,0 %, 2411 MHz, 41, 11.46 W
1788703771.838281319,0 %, 2411 MHz, 41, 11.46 W
1788703771.938451399,0 %, 2411 MHz, 41, 11.46 W
1788703772.039502356,0 %, 2411 MHz, 41, 11.46 W
1788703772.140166274,0 %, 2411 MHz, 41, 11.46 W
1788703772.240839776,0 %, 2411 MHz, 41, 11.46 W
1788703772.341410750,0 %, 2411 MHz, 41, 11.46 W
1788703772.442160348,0 %, 2411 MHz, 41, 11.46 W
1788703772.542974202,0 %, 2411 MHz, 41, 11.45 W
1788703772.643293545,0 %, 2411 MHz, 41, 11.45 W
1788703772.744472726,0 %, 2411 MHz, 41, 11.45 W
1788703772.844363590,0 %, 2411 MHz, 41, 11.45 W
1788703772.945088340,0 %, 2411 MHz, 41, 11.45 W
1788703773.045859522,0 %, 2411 MHz, 41, 11.44 W
1788703773.146225345,0 %, 2411 MHz, 41, 11.44 W
1788703773.247370990,0 %, 2411 MHz, 41, 11.44 W
1788703773.347454638,0 %, 2411 MHz, 41, 11.44 W
1788703773.447763645,0 %, 2411 MHz, 41, 11.44 W
1788703773.548684507,0 %, 2411 MHz, 41, 11.44 W
1788703773.649409992,0 %, 2411 MHz, 41, 11.44 W
1788703773.749869687,0 %, 2411 MHz, 41, 11.44 W
1788703773.850228646,0 %, 2411 MHz, 41, 11.44 W
1788703773.950872596,0 %, 2411 MHz, 41, 11.44 W
1788703774.051734450,0 %, 2411 MHz, 41, 11.44 W
1788703774.152219617,0 %, 2411 MHz, 41, 11.44 W
1788703774.252756111,0 %, 2411 MHz, 41, 11.44 W
1788703774.353606941,0 %, 2411 MHz, 41, 11.44 W
1788703774.453728716,0 %, 2411 MHz, 41, 11.44 W
1788703774.554513690,0 %, 2411 MHz, 41, 11.44 W
1788703774.654765162,0 %, 2411 MHz, 41, 11.44 W
1788703774.754853945,0 %, 2411 MHz, 41, 11.44 W
1788703774.855073593,0 %, 2411 MHz, 41, 11.44 W
1788703774.955295816,0 %, 2411 MHz, 41, 11.44 W
1788703775.056394661,0 %, 2411 MHz, 41, 11.43 W
1788703775.156947444,0 %, 2411 MHz, 41, 11.43 W
1788703775.257696210,0 %, 2411 MHz, 41, 11.43 W
1788703775.357750897,0 %, 2411 MHz, 41, 11.43 W
1788703775.458543087,0 %, 2411 MHz, 41, 11.43 W
1788703775.559677676,0 %, 2411 MHz, 41, 11.43 W
1788703775.659821740,0 %, 2411 MHz, 41, 11.43 W
1788703775.759775260,0 %, 2411 MHz, 41, 11.43 W
1788703775.860526026,0 %, 2411 MHz, 41, 11.43 W
1788703775.961389015,0 %, 2411 MHz, 41, 11.43 W
1788703776.060845481,0 %, 2411 MHz, 41, 11.43 W
1788703776.161933878,0 %, 2411 MHz, 41, 11.43 W
1788703776.261578679,0 %, 2411 MHz, 41, 11.43 W
1788703776.362933267,0 %, 2411 MHz, 41, 11.43 W
1788703776.462812339,0 %, 2411 MHz, 41, 11.43 W
1788703776.563920432,0 %, 2411 MHz, 41, 11.45 W
1788703776.664573550,0 %, 2411 MHz, 41, 11.45 W
1788703776.764566462,0 %, 2411 MHz, 41, 11.45 W
1788703776.865303388,0 %, 2411 MHz, 41, 11.45 W
1788703776.965775915,0 %, 2411 MHz, 41, 11.45 W
1788703777.066722328,0 %, 2411 MHz, 41, 11.45 W
1788703777.166818168,0 %, 2411 MHz, 41, 11.45 W
1788703777.267724661,0 %, 2411 MHz, 41, 11.45 W
1788703777.367987300,0 %, 2411 MHz, 41, 11.45 W
1788703777.467923061,0 %, 2411 MHz, 41, 11.45 W
1788703777.568621795,0 %, 2411 MHz, 41, 11.46 W
1788703777.669135425,0 %, 2411 MHz, 41, 11.46 W
1788703777.769598176,0 %, 2411 MHz, 41, 11.46 W
1788703777.869804911,0 %, 2411 MHz, 41, 11.46 W
1788703777.971004284,0 %, 2411 MHz, 41, 11.46 W
1788703778.071053819,0 %, 2411 MHz, 41, 11.46 W
1788703778.171781257,0 %, 2411 MHz, 41, 11.46 W
1788703778.272599511,0 %, 2411 MHz, 41, 11.46 W
1788703778.372764023,0 %, 2411 MHz, 41, 11.46 W
1788703778.474082003,0 %, 2411 MHz, 41, 11.46 W
1788703778.574182594,0 %, 2411 MHz, 41, 11.44 W
1788703778.674612577,0 %, 2411 MHz, 41, 11.44 W
1788703778.775405007,0 %, 2411 MHz, 41, 11.44 W
1788703778.874956752,0 %, 2411 MHz, 41, 11.44 W
1788703778.976469980,0 %, 2411 MHz, 41, 11.44 W
1788703779.076396684,0 %, 2411 MHz, 41, 11.44 W
1788703779.176538635,0 %, 2411 MHz, 41, 11.44 W
1788703779.276694475,0 %, 2411 MHz, 41, 11.44 W
1788703779.377615624,0 %, 2411 MHz, 41, 11.44 W
1788703779.477750488,0 %, 2411 MHz, 41, 11.44 W
1788703779.578265702,0 %, 2411 MHz, 41, 11.44 W
1788703779.678817925,0 %, 2411 MHz, 41, 11.44 W
1788703779.779432755,0 %, 2411 MHz, 41, 11.44 W
1788703779.879226724,0 %, 2411 MHz, 41, 11.44 W
1788703779.979972497,0 %, 2411 MHz, 41, 11.44 W
1788703780.080684703,0 %, 2411 MHz, 41, 11.44 W
1788703780.181296637,0 %, 2411 MHz, 41, 11.44 W
1788703780.281569725,0 %, 2411 MHz, 41, 11.44 W
1788703780.381831932,0 %, 2411 MHz, 41, 11.44 W
1788703780.482345706,0 %, 2411 MHz, 41, 11.44 W
1788703780.583161656,0 %, 2411 MHz, 41, 11.44 W
1788703780.684214293,0 %, 2411 MHz, 41, 11.44 W
1788703780.784354244,0 %, 2411 MHz, 41, 11.44 W
1788703780.884021093,0 %, 2411 MHz, 41, 11.44 W
1788703780.985437889,0 %, 2411 MHz, 41, 11.44 W
1788703781.085939072,0 %, 2411 MHz, 41, 11.45 W
1788703781.185877296,0 %, 2411 MHz, 41, 11.45 W
1788703781.287255212,0 %, 2411 MHz, 41, 11.45 W
1788703781.387033852,0 %, 2411 MHz, 41, 11.45 W
1788703781.487425835,0 %, 2411 MHz, 41, 11.45 W
1788703781.588306632,0 %, 2411 MHz, 41, 11.45 W
1788703781.688622119,0 %, 2411 MHz, 41, 11.45 W
1788703781.788863175,0 %, 2411 MHz, 41, 11.45 W
1788703781.888710135,0 %, 2411 MHz, 41, 11.45 W
1788703781.989598884,0 %, 2411 MHz, 41, 11.45 W
1788703782.090431970,0 %, 2411 MHz, 41, 11.45 W
1788703782.190423170,0 %, 2411 MHz, 41, 11.45 W
1788703782.291095664,0 %, 2411 MHz, 41, 11.45 W
1788703782.391282975,0 %, 2411 MHz, 41, 11.45 W
1788703782.492240460,0 %, 2411 MHz, 41, 11.45 W
1788703782.591898253,0 %, 2411 MHz, 41, 11.45 W
1788703782.692759403,0 %, 2411 MHz, 41, 11.45 W
1788703782.793726888,0 %, 2411 MHz, 41, 11.45 W
1788703782.893511272,0 %, 2411 MHz, 41, 11.45 W
1788703782.994314198,0 %, 2411 MHz, 41, 11.45 W
1788703783.095151924,0 %, 2411 MHz, 41, 11.44 W
1788703783.195556674,0 %, 2411 MHz, 41, 11.44 W
1788703783.296159600,0 %, 2411 MHz, 41, 11.44 W
1788703783.396665647,0 %, 2411 MHz, 41, 11.44 W
1788703783.497368237,0 %, 2411 MHz, 41, 11.44 W
1788703783.598136106,0 %, 2411 MHz, 41, 11.43 W
1788703783.698343978,0 %, 2411 MHz, 41, 11.43 W
1788703783.798797016,0 %, 2411 MHz, 41, 11.43 W
1788703783.898912984,0 %, 2411 MHz, 41, 11.43 W
1788703783.999943877,0 %, 2411 MHz, 41, 11.43 W
1788703784.100602675,0 %, 2411 MHz, 41, 11.43 W
1788703784.201297905,0 %, 2411 MHz, 41, 11.43 W
1788703784.301711663,0 %, 2411 MHz, 41, 11.43 W
1788703784.402674748,0 %, 2411 MHz, 41, 11.43 W
1788703784.502924732,0 %, 2411 MHz, 41, 11.43 W
1788703784.603181339,0 %, 2411 MHz, 41, 11.43 W
1788703784.703548202,0 %, 2411 MHz, 41, 11.43 W
1788703784.804375207,0 %, 2411 MHz, 41, 11.43 W
1788703784.904018936,0 %, 2411 MHz, 41, 11.43 W
1788703785.004848709,0 %, 2411 MHz, 41, 11.43 W
1788703785.105451140,0 %, 2411 MHz, 41, 11.42 W
1788703785.206179905,0 %, 2411 MHz, 41, 11.42 W
1788703785.306671792,0 %, 2411 MHz, 41, 11.42 W
1788703785.407377838,0 %, 2411 MHz, 41, 11.42 W
1788703785.507872812,0 %, 2411 MHz, 41, 11.42 W
1788703785.608272395,0 %, 2411 MHz, 41, 11.42 W
1788703785.708258731,0 %, 2411 MHz, 41, 11.42 W
1788703785.809241192,0 %, 2411 MHz, 41, 11.42 W
1788703785.909095448,0 %, 2411 MHz, 41, 11.42 W
1788703786.009543718,0 %, 2411 MHz, 41, 11.42 W
1788703786.110223796,0 %, 2411 MHz, 41, 11.43 W
1788703786.209892293,0 %, 2411 MHz, 41, 11.43 W
1788703786.311162321,0 %, 2411 MHz, 41, 11.43 W
1788703786.411514096,0 %, 2411 MHz, 41, 11.43 W
1788703786.511356913,0 %, 2411 MHz, 41, 11.43 W
1788703786.611536016,0 %, 2411 MHz, 41, 11.44 W
1788703786.711697855,0 %, 2411 MHz, 41, 11.44 W
1788703786.811952478,0 %, 2411 MHz, 41, 11.44 W
1788703786.911848638,0 %, 2411 MHz, 41, 11.44 W
1788703787.012513196,0 %, 2411 MHz, 41, 11.44 W
1788703787.113523593,0 %, 2411 MHz, 41, 11.44 W
1788703787.213828984,0 %, 2411 MHz, 41, 11.44 W
1788703787.314384310,0 %, 2411 MHz, 41, 11.44 W
1788703787.415220260,0 %, 2411 MHz, 41, 11.44 W
1788703787.515535171,0 %, 2411 MHz, 41, 11.44 W
1788703787.615822530,0 %, 2411 MHz, 41, 11.44 W
1788703787.715751026,0 %, 2411 MHz, 41, 11.44 W
1788703787.816420320,0 %, 2411 MHz, 41, 11.44 W
1788703787.916355264,0 %, 2411 MHz, 41, 11.44 W
1788703788.017314461,0 %, 2411 MHz, 41, 11.44 W
1788703788.117746715,0 %, 2411 MHz, 41, 11.44 W
1788703788.217862907,0 %, 2411 MHz, 41, 11.44 W
1788703788.318325193,0 %, 2411 MHz, 41, 11.44 W
1788703788.419123863,0 %, 2411 MHz, 41, 11.44 W
1788703788.519425430,0 %, 2411 MHz, 41, 11.44 W
1788703788.619739397,0 %, 2411 MHz, 41, 11.44 W
1788703788.719757157,0 %, 2411 MHz, 41, 11.44 W
1788703788.820157795,0 %, 2411 MHz, 41, 11.44 W
1788703788.919950116,0 %, 2411 MHz, 41, 11.44 W
1788703789.021085312,0 %, 2411 MHz, 41, 11.44 W
1788703789.121674702,0 %, 2411 MHz, 41, 11.44 W
1788703789.221817854,0 %, 2411 MHz, 41, 11.44 W
1788703789.322338716,0 %, 2411 MHz, 41, 11.44 W
1788703789.423096713,0 %, 2411 MHz, 41, 11.44 W
1788703789.523702248,0 %, 2411 MHz, 41, 11.44 W
1788703789.624566949,0 %, 2411 MHz, 41, 11.43 W
1788703789.724421637,0 %, 2411 MHz, 41, 11.43 W
1788703789.824829156,0 %, 2411 MHz, 41, 11.43 W
1788703789.924590612,0 %, 2411 MHz, 41, 11.43 W
1788703790.025316338,0 %, 2411 MHz, 41, 11.43 W
1788703790.126405487,0 %, 2411 MHz, 41, 11.42 W
1788703790.226654078,0 %, 2411 MHz, 41, 11.42 W
1788703790.327697242,0 %, 2411 MHz, 41, 11.42 W
1788703790.428063769,0 %, 2411 MHz, 41, 11.42 W
1788703790.527933257,0 %, 2411 MHz, 41, 11.42 W
1788703790.629356181,0 %, 2411 MHz, 41, 11.43 W
1788703790.729348437,0 %, 2411 MHz, 41, 11.43 W
1788703790.830096786,0 %, 2411 MHz, 41, 11.43 W
1788703790.930408097,0 %, 2411 MHz, 41, 11.43 W
1788703791.030257057,0 %, 2411 MHz, 41, 11.45 W
1788703791.130400449,0 %, 2411 MHz, 41, 11.45 W
1788703791.231326574,0 %, 2411 MHz, 41, 11.45 W
1788703791.331127870,0 %, 2411 MHz, 41, 11.45 W
1788703791.432034827,0 %, 2411 MHz, 41, 11.45 W
1788703791.532876137,0 %, 2411 MHz, 41, 11.46 W
1788703791.633356503,0 %, 2411 MHz, 41, 11.46 W
1788703791.733840357,0 %, 2411 MHz, 41, 11.46 W
1788703791.834341380,0 %, 2411 MHz, 41, 11.46 W
1788703791.934398867,0 %, 2411 MHz, 41, 11.46 W
1788703792.035324816,0 %, 2411 MHz, 41, 11.45 W
1788703792.135884974,0 %, 2411 MHz, 41, 11.45 W
1788703792.236258125,0 %, 2411 MHz, 41, 11.45 W
1788703792.336490540,0 %, 2411 MHz, 41, 11.45 W
1788703792.437227706,0 %, 2411 MHz, 41, 11.45 W
1788703792.537679864,0 %, 2411 MHz, 41, 11.45 W
1788703792.638119799,0 %, 2411 MHz, 41, 11.45 W
1788703792.738658629,0 %, 2411 MHz, 41, 11.45 W
1788703792.839031860,0 %, 2411 MHz, 41, 11.45 W
1788703792.938844564,0 %, 2411 MHz, 41, 11.45 W
1788703793.039615857,0 %, 2411 MHz, 41, 11.43 W
1788703793.140171952,0 %, 2411 MHz, 41, 11.43 W
1788703793.240927229,0 %, 2411 MHz, 41, 11.43 W
1788703793.341255708,0 %, 2411 MHz, 41, 11.43 W
1788703793.441575259,0 %, 2411 MHz, 41, 11.43 W
1788703793.541709770,0 %, 2411 MHz, 40, 11.43 W
1788703793.642198456,0 %, 2411 MHz, 40, 11.43 W
1788703793.742449175,0 %, 2411 MHz, 40, 11.43 W
1788703793.843188773,0 %, 2411 MHz, 40, 11.43 W
1788703793.943448372,0 %, 2411 MHz, 40, 11.43 W
1788703794.044130882,0 %, 2411 MHz, 41, 11.42 W
1788703794.144576096,0 %, 2411 MHz, 41, 11.42 W
1788703794.245171118,0 %, 2411 MHz, 41, 11.42 W
1788703794.345870092,0 %, 2411 MHz, 41, 11.42 W
1788703794.446248490,0 %, 2411 MHz, 41, 11.42 W
1788703794.546857544,0 %, 2411 MHz, 41, 11.42 W
1788703794.646830568,0 %, 2411 MHz, 41, 11.42 W
1788703794.747194647,0 %, 2411 MHz, 41, 11.42 W
1788703794.848087636,0 %, 2411 MHz, 41, 11.42 W
1788703794.947863780,0 %, 2411 MHz, 41, 11.42 W
1788703795.048723953,0 %, 2411 MHz, 41, 11.42 W
1788703795.149661566,0 %, 2411 MHz, 41, 11.42 W
1788703795.250016237,0 %, 2411 MHz, 41, 11.42 W
1788703795.350933722,0 %, 2411 MHz, 41, 11.42 W
1788703795.451373769,0 %, 2411 MHz, 41, 11.42 W
1788703795.552193462,0 %, 2411 MHz, 41, 11.41 W
1788703795.652627364,0 %, 2411 MHz, 41, 11.41 W
1788703795.753032051,0 %, 2411 MHz, 41, 11.41 W
1788703795.853273298,0 %, 2411 MHz, 41, 11.41 W
1788703795.953311905,0 %, 2411 MHz, 41, 11.41 W
1788703796.053473713,0 %, 2411 MHz, 41, 11.42 W
1788703796.154413598,0 %, 2411 MHz, 41, 11.42 W
1788703796.254928716,0 %, 2411 MHz, 41, 11.42 W
1788703796.355776809,0 %, 2411 MHz, 41, 11.42 W
1788703796.456140696,0 %, 2411 MHz, 41, 11.42 W
1788703796.556532982,0 %, 2411 MHz, 41, 11.43 W
1788703796.656799717,0 %, 2411 MHz, 41, 11.43 W
1788703796.757649682,0 %, 2411 MHz, 41, 11.43 W
1788703796.858140913,0 %, 2411 MHz, 41, 11.43 W
1788703796.958248208,0 %, 2411 MHz, 41, 11.43 W
1788703797.059068589,0 %, 2411 MHz, 41, 11.43 W
1788703797.159603483,0 %, 2411 MHz, 41, 11.43 W
1788703797.260468329,0 %, 2411 MHz, 41, 11.43 W
1788703797.360927159,0 %, 2411 MHz, 41, 11.43 W
1788703797.461717492,0 %, 2411 MHz, 41, 11.43 W
1788703797.562104387,0 %, 2411 MHz, 41, 11.43 W
1788703797.662769169,0 %, 2411 MHz, 41, 11.43 W
1788703797.762848272,0 %, 2411 MHz, 41, 11.43 W
1788703797.863629261,0 %, 2411 MHz, 41, 11.43 W
1788703797.963167966,0 %, 2411 MHz, 41, 11.43 W
1788703798.064083467,0 %, 2411 MHz, 41, 11.42 W
1788703798.164542826,0 %, 2411 MHz, 41, 11.42 W
1788703798.264737305,0 %, 2411 MHz, 41, 11.42 W
1788703798.365556902,0 %, 2411 MHz, 41, 11.42 W
1788703798.465863589,0 %, 2411 MHz, 41, 11.42 W
1788703798.566185604,0 %, 2411 MHz, 41, 11.42 W
1788703798.667332112,0 %, 2411 MHz, 41, 11.42 W
1788703798.767553071,0 %, 2411 MHz, 41, 11.42 W
1788703798.868520460,0 %, 2411 MHz, 41, 11.42 W
1788703798.968231484,0 %, 2411 MHz, 41, 11.42 W
1788703799.068998250,0 %, 2411 MHz, 41, 11.43 W
1788703799.169606568,0 %, 2411 MHz, 41, 11.43 W
1788703799.270473893,0 %, 2411 MHz, 41, 11.43 W
1788703799.370813795,0 %, 2411 MHz, 41, 11.43 W
1788703799.471749440,0 %, 2411 MHz, 41, 11.43 W
1788703799.572151263,0 %, 2411 MHz, 41, 11.43 W
1788703799.673077164,0 %, 2411 MHz, 41, 11.43 W
1788703799.773300699,0 %, 2411 MHz, 41, 11.43 W
1788703799.873883113,0 %, 2411 MHz, 41, 11.43 W
1788703799.974125143,0 %, 2411 MHz, 41, 11.43 W
1788703800.075113236,0 %, 2411 MHz, 41, 11.43 W
1788703800.175925346,0 %, 2411 MHz, 41, 11.43 W
1788703800.276419008,0 %, 2411 MHz, 41, 11.43 W
1788703800.377542060,0 %, 2411 MHz, 41, 11.43 W
1788703800.477899915,0 %, 2411 MHz, 41, 11.43 W
1788703800.578129066,0 %, 2411 MHz, 41, 11.43 W
1788703800.678525784,0 %, 2411 MHz, 41, 11.43 W
1788703800.779113766,0 %, 2411 MHz, 41, 11.43 W
1788703800.879508580,0 %, 2411 MHz, 41, 11.43 W
1788703800.979231461,0 %, 2411 MHz, 41, 11.43 W
1788703801.079980738,0 %, 2411 MHz, 41, 11.43 W
1788703801.180133681,0 %, 2411 MHz, 41, 11.43 W
1788703801.280975023,0 %, 2411 MHz, 41, 11.43 W
1788703801.381517885,0 %, 2411 MHz, 41, 11.43 W
1788703801.481581948,0 %, 2411 MHz, 41, 11.43 W
1788703801.582404841,0 %, 2411 MHz, 41, 11.42 W
1788703801.682855288,0 %, 2411 MHz, 41, 11.42 W
1788703801.783193926,0 %, 2411 MHz, 41, 11.42 W
1788703801.884364802,0 %, 2411 MHz, 41, 11.42 W
1788703801.983646884,0 %, 2411 MHz, 41, 11.42 W
1788703802.084449153,0 %, 2411 MHz, 41, 11.42 W
1788703802.184319041,0 %, 2411 MHz, 41, 11.42 W
1788703802.285025503,0 %, 2411 MHz, 41, 11.42 W
1788703802.385593309,0 %, 2411 MHz, 41, 11.42 W
1788703802.486227418,0 %, 2411 MHz, 41, 11.42 W
1788703802.586332506,0 %, 2411 MHz, 41, 11.43 W
1788703802.686879416,0 %, 2411 MHz, 41, 11.43 W
1788703802.787855509,0 %, 2411 MHz, 41, 11.43 W
1788703802.888135123,0 %, 2411 MHz, 41, 11.43 W
1788703802.988303106,0 %, 2411 MHz, 41, 11.43 W
1788703803.089617390,0 %, 2411 MHz, 41, 11.44 W
1788703803.189845197,0 %, 2411 MHz, 41, 11.44 W
1788703803.290138844,0 %, 2411 MHz, 41, 11.44 W
1788703803.390933273,0 %, 2411 MHz, 41, 11.44 W
1788703803.491316663,0 %, 2411 MHz, 41, 11.44 W
1788703803.591695334,0 %, 2411 MHz, 41, 11.44 W
1788703803.692597219,0 %, 2411 MHz, 41, 11.44 W
1788703803.793032001,0 %, 2411 MHz, 41, 11.44 W
1788703803.893376960,0 %, 2411 MHz, 41, 11.44 W
1788703803.993094016,0 %, 2411 MHz, 41, 11.44 W
1788703804.094349020,0 %, 2411 MHz, 41, 11.44 W
1788703804.194579627,0 %, 2411 MHz, 41, 11.44 W
1788703804.294648362,0 %, 2411 MHz, 41, 11.44 W
1788703804.395430952,0 %, 2411 MHz, 41, 11.44 W
1788703804.495876454,0 %, 2411 MHz, 41, 11.44 W
1788703804.596505171,0 %, 2411 MHz, 41, 11.44 W
1788703804.697311137,0 %, 2411 MHz, 41, 11.44 W
1788703804.797595743,0 %, 2411 MHz, 41, 11.44 W
1788703804.898181949,0 %, 2411 MHz, 41, 11.44 W
1788703804.998140877,0 %, 2411 MHz, 41, 11.44 W
1788703805.099124090,0 %, 2411 MHz, 41, 11.43 W
1788703805.199568664,0 %, 2411 MHz, 41, 11.43 W
1788703805.300385685,0 %, 2411 MHz, 41, 11.43 W
1788703805.400773859,0 %, 2411 MHz, 41, 11.43 W
1788703805.501148034,0 %, 2411 MHz, 41, 11.43 W
1788703805.601587104,0 %, 2411 MHz, 41, 11.43 W
1788703805.702322638,0 %, 2411 MHz, 41, 11.43 W
1788703805.802779084,0 %, 2411 MHz, 41, 11.43 W
1788703805.903672825,0 %, 2411 MHz, 41, 11.43 W
1788703806.003783288,0 %, 2411 MHz, 41, 11.43 W
1788703806.104082247,0 %, 2411 MHz, 41, 11.42 W
1788703806.204794500,0 %, 2411 MHz, 41, 11.42 W
1788703806.305522801,0 %, 2411 MHz, 41, 11.42 W
1788703806.405909024,0 %, 2411 MHz, 41, 11.42 W
1788703806.506155103,0 %, 2411 MHz, 41, 11.42 W
1788703806.606160910,0 %, 2411 MHz, 41, 11.41 W
1788703806.706327597,0 %, 2411 MHz, 41, 11.41 W
1788703806.806376396,0 %, 2411 MHz, 41, 11.41 W
1788703806.906301692,0 %, 2411 MHz, 41, 11.41 W
1788703807.006874314,0 %, 2411 MHz, 41, 11.41 W
1788703807.107258648,0 %, 2411 MHz, 41, 11.43 W
1788703807.208141941,0 %, 2411 MHz, 41, 11.43 W
1788703807.308549060,0 %, 2411 MHz, 41, 11.43 W
1788703807.409349969,0 %, 2411 MHz, 41, 11.43 W
1788703807.509724687,0 %, 2411 MHz, 41, 11.43 W
1788703807.610144686,0 %, 2411 MHz, 41, 11.43 W
1788703807.710957019,0 %, 2411 MHz, 41, 11.43 W
1788703807.811409017,0 %, 2411 MHz, 41, 11.43 W
1788703807.911806791,0 %, 2411 MHz, 41, 11.43 W
1788703808.011628183,0 %, 2411 MHz, 41, 11.43 W
1788703808.112173061,0 %, 2411 MHz, 41, 11.41 W
1788703808.212950866,0 %, 2411 MHz, 41, 11.41 W
1788703808.313280897,0 %, 2411 MHz, 41, 11.41 W
1788703808.413642543,0 %, 2411 MHz, 41, 11.41 W
1788703808.514423933,0 %, 2411 MHz, 41, 11.41 W
1788703808.614605995,0 %, 2411 MHz, 40, 11.43 W
1788703808.715285545,0 %, 2411 MHz, 40, 11.43 W
1788703808.816083590,0 %, 2411 MHz, 40, 11.43 W
1788703808.916413973,0 %, 2411 MHz, 40, 11.43 W
1788703809.016825923,0 %, 2411 MHz, 40, 11.43 W
1788703809.117638608,0 %, 2411 MHz, 41, 11.44 W
1788703809.218028270,0 %, 2411 MHz, 41, 11.44 W
1788703809.318266877,0 %, 2411 MHz, 41, 11.44 W
1788703809.419202122,0 %, 2411 MHz, 41, 11.44 W
1788703809.519592392,0 %, 2411 MHz, 41, 11.44 W
1788703809.620546309,0 %, 2411 MHz, 41, 11.44 W
1788703809.721085875,0 %, 2411 MHz, 41, 11.44 W
1788703809.821905312,0 %, 2411 MHz, 41, 11.44 W
1788703809.922255006,0 %, 2411 MHz, 41, 11.44 W
1788703810.022420893,0 %, 2411 MHz, 41, 11.44 W
1788703810.123453914,0 %, 2411 MHz, 41, 11.44 W
1788703810.223981144,0 %, 2411 MHz, 41, 11.44 W
1788703810.324243511,0 %, 2411 MHz, 41, 11.44 W
1788703810.425017252,0 %, 2411 MHz, 41, 11.44 W
1788703810.525303698,0 %, 2411 MHz, 41, 11.44 W
1788703810.625740129,0 %, 2411 MHz, 41, 11.44 W
1788703810.725907727,0 %, 2411 MHz, 41, 11.44 W
1788703810.826348654,0 %, 2411 MHz, 41, 11.44 W
1788703810.927370954,0 %, 2411 MHz, 41, 11.44 W
1788703811.027447721,0 %, 2411 MHz, 41, 11.44 W
1788703811.127349881,0 %, 2411 MHz, 41, 11.44 W
1788703811.228148086,0 %, 2411 MHz, 41, 11.44 W
1788703811.328575956,0 %, 2411 MHz, 41, 11.44 W
1788703811.428458228,0 %, 2411 MHz, 41, 11.44 W
1788703811.528498819,0 %, 2411 MHz, 41, 11.44 W
1788703811.628970993,0 %, 2411 MHz, 41, 11.44 W
1788703811.728771922,0 %, 2411 MHz, 41, 11.44 W
1788703811.829333439,0 %, 2411 MHz, 41, 11.44 W
1788703811.929692174,0 %, 2411 MHz, 41, 11.44 W
1788703812.029860205,0 %, 2411 MHz, 41, 11.44 W
1788703812.129929692,0 %, 2411 MHz, 41, 11.44 W
1788703812.230433082,0 %, 2411 MHz, 41, 11.44 W
1788703812.330693096,0 %, 2411 MHz, 41, 11.44 W
1788703812.430275257,0 %, 2411 MHz, 41, 11.44 W
1788703812.531028198,0 %, 2411 MHz, 41, 11.44 W
1788703812.631416309,0 %, 2411 MHz, 40, 11.44 W
1788703812.731434116,0 %, 2411 MHz, 40, 11.44 W
1788703812.831980098,0 %, 2411 MHz, 40, 11.44 W
1788703812.932296672,0 %, 2411 MHz, 40, 11.44 W
1788703813.032288784,0 %, 2411 MHz, 40, 11.44 W
1788703813.132749518,0 %, 2411 MHz, 40, 11.43 W
1788703813.232839165,0 %, 2411 MHz, 40, 11.43 W
1788703813.333544554,0 %, 2411 MHz, 40, 11.43 W
1788703813.433560410,0 %, 2411 MHz, 40, 11.43 W
1788703813.533963336,0 %, 2411 MHz, 40, 11.41 W
1788703813.634821989,0 %, 2411 MHz, 40, 11.41 W
1788703813.735088659,0 %, 2411 MHz, 40, 11.41 W
1788703813.834872883,0 %, 2411 MHz, 40, 11.41 W
1788703813.935291826,0 %, 2411 MHz, 40, 11.41 W
1788703814.035579616,0 %, 2411 MHz, 40, 11.42 W
1788703814.136017198,0 %, 2411 MHz, 40, 11.42 W
1788703814.236283133,0 %, 2411 MHz, 40, 11.42 W
1788703814.336125261,0 %, 2411 MHz, 40, 11.42 W
1788703814.436338683,0 %, 2411 MHz, 40, 11.42 W
1788703814.536540330,0 %, 2411 MHz, 41, 11.46 W
1788703814.637006264,0 %, 2411 MHz, 41, 11.46 W
1788703814.737210327,0 %, 2411 MHz, 41, 11.46 W
1788703814.837626613,0 %, 2411 MHz, 41, 11.46 W
1788703814.938295363,0 %, 2411 MHz, 41, 11.46 W
1788703815.038733713,0 %, 2411 MHz, 41, 11.48 W
1788703815.138951424,0 %, 2411 MHz, 41, 11.48 W
1788703815.239248062,0 %, 2411 MHz, 41, 11.48 W
1788703815.339246365,0 %, 2411 MHz, 41, 11.48 W
1788703815.440173514,0 %, 2411 MHz, 41, 11.48 W
1788703815.540443753,0 %, 2411 MHz, 41, 11.44 W
1788703815.640384856,0 %, 2411 MHz, 41, 11.44 W
1788703815.740981318,0 %, 2411 MHz, 41, 11.44 W
1788703815.841172725,0 %, 2411 MHz, 41, 11.44 W
1788703815.941540179,0 %, 2411 MHz, 41, 11.44 W
1788703816.041208547,0 %, 2411 MHz, 40, 11.44 W
1788703816.141928289,0 %, 2411 MHz, 40, 11.44 W
1788703816.242135807,0 %, 2411 MHz, 40, 11.44 W
1788703816.341538480,0 %, 2411 MHz, 40, 11.44 W
1788703816.442159086,0 %, 2411 MHz, 40, 11.44 W
1788703816.542346717,0 %, 2411 MHz, 41, 11.51 W
1788703816.643309097,0 %, 2411 MHz, 41, 11.51 W
1788703816.743062617,0 %, 2411 MHz, 41, 11.51 W
1788703816.843280072,0 %, 2411 MHz, 41, 11.51 W
1788703816.943432711,0 %, 2411 MHz, 41, 11.51 W
1788703817.043703526,0 %, 2411 MHz, 41, 11.61 W
1788703817.143823828,0 %, 2411 MHz, 41, 11.61 W
1788703817.245304799,0 %, 2411 MHz, 41, 11.61 W
1788703817.345041104,0 %, 2411 MHz, 41, 11.61 W
1788703817.445205726,0 %, 2411 MHz, 41, 11.61 W
1788703817.545351741,0 %, 2411 MHz, 41, 11.60 W
1788703817.645655052,0 %, 2411 MHz, 41, 11.60 W
1788703817.745798059,0 %, 2411 MHz, 41, 11.60 W
1788703817.845520203,0 %, 2411 MHz, 41, 11.60 W
1788703817.945990697,0 %, 2411 MHz, 41, 11.60 W
1788703818.046226936,0 %, 2411 MHz, 41, 11.89 W
1788703818.146500982,0 %, 2411 MHz, 41, 11.89 W
1788703818.246779892,0 %, 2411 MHz, 41, 11.89 W
1788703818.347213347,0 %, 2411 MHz, 41, 11.89 W
1788703818.447073970,0 %, 2411 MHz, 41, 11.89 W
1788703818.547019538,0 %, 2411 MHz, 41, 11.90 W
1788703818.647645791,0 %, 2411 MHz, 41, 11.90 W
1788703818.748353724,0 %, 2411 MHz, 41, 11.90 W
1788703818.848159788,0 %, 2411 MHz, 41, 11.90 W
1788703818.948210572,0 %, 2411 MHz, 41, 11.90 W
1788703819.048189387,0 %, 2411 MHz, 41, 11.57 W
1788703819.148719049,0 %, 2411 MHz, 41, 11.57 W
1788703819.249143511,0 %, 2411 MHz, 41, 11.57 W
1788703819.349211670,0 %, 2411 MHz, 41, 11.57 W
1788703819.450261410,0 %, 2411 MHz, 41, 11.57 W
1788703819.550751440,0 %, 2411 MHz, 41, 11.51 W
1788703819.650564320,0 %, 2411 MHz, 41, 11.51 W
1788703819.751429149,0 %, 2411 MHz, 41, 11.51 W
1788703819.851683147,0 %, 2411 MHz, 41, 11.51 W
1788703819.951650763,0 %, 2411 MHz, 41, 11.51 W
1788703820.052678775,0 %, 2411 MHz, 41, 11.50 W
1788703820.152687814,0 %, 2411 MHz, 41, 11.50 W
1788703820.253114436,0 %, 2411 MHz, 41, 11.50 W
1788703820.354171504,0 %, 2411 MHz, 41, 11.50 W
1788703820.454195312,0 %, 2411 MHz, 41, 11.50 W
1788703820.554690894,0 %, 2411 MHz, 41, 11.53 W
1788703820.655272475,0 %, 2411 MHz, 41, 11.53 W
1788703820.755688633,0 %, 2411 MHz, 41, 11.53 W
1788703820.856293287,0 %, 2411 MHz, 41, 11.53 W
1788703820.955851767,0 %, 2411 MHz, 41, 11.53 W
1788703821.056889476,0 %, 2411 MHz, 41, 11.54 W
1788703821.156346276,0 %, 2411 MHz, 41, 11.54 W
1788703821.256862786,0 %, 2411 MHz, 41, 11.54 W
1788703821.356781154,0 %, 2411 MHz, 41, 11.54 W
1788703821.457550095,0 %, 2411 MHz, 41, 11.54 W
1788703821.556789120,0 %, 2411 MHz, 41, 11.59 W
1788703821.657331006,0 %, 2411 MHz, 41, 11.59 W
1788703821.757666252,0 %, 2411 MHz, 41, 11.59 W
1788703821.857700171,0 %, 2411 MHz, 41, 11.59 W
1788703821.957889914,0 %, 2411 MHz, 41, 11.59 W
1788703822.057843369,0 %, 2411 MHz, 41, 11.56 W
1788703822.157913048,0 %, 2411 MHz, 41, 11.56 W
1788703822.258580662,0 %, 2411 MHz, 41, 11.56 W
1788703822.359093955,0 %, 2411 MHz, 41, 11.56 W
1788703822.459651681,0 %, 2411 MHz, 41, 11.56 W
1788703822.559579185,0 %, 2411 MHz, 41, 11.52 W
1788703822.659731199,0 %, 2411 MHz, 41, 11.52 W
1788703822.759921646,0 %, 2411 MHz, 41, 11.52 W
1788703822.859961533,0 %, 2411 MHz, 41, 11.52 W
1788703822.960751466,0 %, 2411 MHz, 41, 11.52 W
1788703823.060329339,0 %, 2411 MHz, 41, 11.64 W
1788703823.160408154,0 %, 2411 MHz, 41, 11.64 W
1788703823.261179559,0 %, 2411 MHz, 41, 11.64 W
1788703823.360923543,0 %, 2411 MHz, 41, 11.64 W
1788703823.461050182,0 %, 2411 MHz, 41, 11.64 W
1788703823.561518259,1 %, 2411 MHz, 41, 11.85 W
1788703823.661741634,1 %, 2411 MHz, 41, 11.85 W
1788703823.761696065,1 %, 2411 MHz, 41, 11.85 W
1788703823.862150127,1 %, 2411 MHz, 41, 11.85 W
1788703823.962311294,1 %, 2411 MHz, 41, 11.85 W
1788703824.062837340,1 %, 2411 MHz, 41, 11.98 W
1788703824.162581356,1 %, 2411 MHz, 41, 11.98 W
1788703824.262987706,1 %, 2411 MHz, 41, 11.98 W
1788703824.363584535,1 %, 2411 MHz, 41, 11.98 W
1788703824.463792694,1 %, 2411 MHz, 41, 11.98 W
1788703824.563845045,1 %, 2411 MHz, 41, 11.98 W
1788703824.664148195,1 %, 2411 MHz, 41, 11.98 W
1788703824.764591169,1 %, 2411 MHz, 41, 11.98 W
1788703824.864638048,1 %, 2411 MHz, 41, 11.98 W
1788703824.964760095,1 %, 2411 MHz, 41, 11.98 W
1788703825.064208480,1 %, 2411 MHz, 41, 12.00 W
1788703825.165059181,1 %, 2411 MHz, 41, 12.00 W
1788703825.265276619,1 %, 2411 MHz, 41, 12.00 W
1788703825.365590585,1 %, 2411 MHz, 41, 12.00 W
1788703825.465096682,1 %, 2411 MHz, 41, 12.00 W
1788703825.565946967,2 %, 2411 MHz, 41, 12.02 W
1788703825.665842614,2 %, 2411 MHz, 41, 12.02 W
1788703825.766159493,2 %, 2411 MHz, 41, 12.02 W
1788703825.866677586,2 %, 2411 MHz, 41, 12.02 W
1788703825.966411970,2 %, 2411 MHz, 41, 12.02 W
1788703826.067246047,2 %, 2411 MHz, 41, 11.97 W
1788703826.167654653,2 %, 2411 MHz, 41, 11.97 W
1788703826.268233115,2 %, 2411 MHz, 41, 11.97 W
1788703826.368500601,2 %, 2411 MHz, 41, 11.97 W
1788703826.467996266,2 %, 2411 MHz, 41, 11.97 W
1788703826.567733786,1 %, 2411 MHz, 41, 11.88 W
1788703826.668242119,1 %, 2411 MHz, 41, 11.88 W
1788703826.769268900,1 %, 2411 MHz, 41, 11.88 W
1788703826.868875284,1 %, 2411 MHz, 41, 11.88 W
1788703826.969680545,1 %, 2411 MHz, 41, 11.88 W
1788703827.069327601,1 %, 2411 MHz, 41, 12.09 W
1788703827.168876033,1 %, 2411 MHz, 41, 12.09 W
1788703827.269081120,1 %, 2411 MHz, 41, 12.09 W
1788703827.370171724,1 %, 2411 MHz, 41, 12.09 W
1788703827.470424010,1 %, 2411 MHz, 41, 12.09 W
1788703827.570636217,1 %, 2411 MHz, 41, 12.14 W
1788703827.670398841,1 %, 2411 MHz, 41, 12.14 W
1788703827.770795159,1 %, 2411 MHz, 41, 12.14 W
1788703827.871290389,1 %, 2411 MHz, 41, 12.14 W
1788703827.970694677,1 %, 2411 MHz, 41, 12.14 W
1788703828.071425619,1 %, 2411 MHz, 41, 11.91 W
1788703828.172014496,1 %, 2411 MHz, 41, 11.91 W
1788703828.271449793,1 %, 2411 MHz, 41, 11.91 W
1788703828.372103854,1 %, 2411 MHz, 41, 11.91 W
1788703828.472089789,1 %, 2411 MHz, 41, 11.91 W
1788703828.572911578,1 %, 2411 MHz, 41, 11.86 W
1788703828.672738330,1 %, 2411 MHz, 41, 11.86 W
1788703828.773815750,1 %, 2411 MHz, 41, 11.86 W
1788703828.872882136,1 %, 2411 MHz, 41, 11.86 W
1788703828.973387861,1 %, 2411 MHz, 41, 11.86 W
1788703829.073822323,1 %, 2411 MHz, 41, 11.85 W
1788703829.173683587,1 %, 2411 MHz, 41, 11.85 W
1788703829.274006449,1 %, 2411 MHz, 41, 11.85 W
1788703829.375171117,1 %, 2411 MHz, 41, 11.85 W
1788703829.474716941,1 %, 2411 MHz, 41, 11.85 W
1788703829.575397082,1 %, 2411 MHz, 41, 11.85 W
1788703829.676449398,1 %, 2411 MHz, 41, 11.85 W
1788703829.776053031,1 %, 2411 MHz, 41, 11.85 W
1788703829.876702948,1 %, 2411 MHz, 41, 11.85 W
1788703829.976580083,1 %, 2411 MHz, 41, 11.85 W
1788703830.077374224,1 %, 2411 MHz, 41, 11.85 W
1788703830.176779217,1 %, 2411 MHz, 41, 11.85 W
1788703830.276748048,1 %, 2411 MHz, 41, 11.85 W
1788703830.377217022,1 %, 2411 MHz, 41, 11.85 W
1788703830.477926939,1 %, 2411 MHz, 41, 11.85 W
1788703830.577943130,1 %, 2411 MHz, 41, 11.86 W
1788703830.677811850,1 %, 2411 MHz, 41, 11.86 W
