1788686121.858403979,0 %, 2405 MHz, 47, 12.49 W
1788686121.959005160,0 %, 2405 MHz, 47, 12.49 W
1788686122.058934516,0 %, 2405 MHz, 47, 12.49 W
1788686122.159150673,0 %, 2405 MHz, 47, 12.49 W
1788686122.259575134,0 %, 2405 MHz, 47, 12.81 W
1788686122.359939978,0 %, 2405 MHz, 47, 12.81 W
1788686122.459618918,0 %, 2405 MHz, 47, 12.81 W
1788686122.559814467,0 %, 2405 MHz, 47, 12.81 W
1788686122.659944224,0 %, 2405 MHz, 47, 12.81 W
1788686122.759601548,0 %, 2405 MHz, 47, 12.96 W
1788686122.860304217,0 %, 2405 MHz, 47, 12.96 W
1788686122.960488757,0 %, 2405 MHz, 47, 12.96 W
1788686123.060678578,0 %, 2405 MHz, 47, 12.96 W
1788686123.160495134,0 %, 2405 MHz, 47, 12.96 W
1788686123.261291595,0 %, 2405 MHz, 47, 12.64 W
1788686123.361326295,0 %, 2405 MHz, 47, 12.64 W
1788686123.461657764,0 %, 2405 MHz, 47, 12.64 W
1788686123.562086176,0 %, 2405 MHz, 47, 12.64 W
1788686123.661864285,0 %, 2405 MHz, 47, 12.64 W
1788686123.761942361,0 %, 2405 MHz, 47, 12.37 W
1788686123.861746454,0 %, 2405 MHz, 47, 12.37 W
1788686123.962328114,0 %, 2405 MHz, 47, 12.37 W
1788686124.062331151,0 %, 2405 MHz, 47, 12.37 W
1788686124.162636651,0 %, 2405 MHz, 47, 12.37 W
1788686124.262534008,0 %, 2405 MHz, 47, 12.30 W
1788686124.362657028,0 %, 2405 MHz, 47, 12.30 W
1788686124.463010129,0 %, 2405 MHz, 47, 12.30 W
1788686124.564169485,0 %, 2405 MHz, 47, 12.30 W
1788686124.663372138,0 %, 2405 MHz, 47, 12.30 W
1788686124.763958934,0 %, 2405 MHz, 47, 12.43 W
1788686124.864072019,0 %, 2405 MHz, 47, 12.43 W
1788686124.963869439,0 %, 2405 MHz, 47, 12.43 W
1788686125.064879452,0 %, 2405 MHz, 47, 12.43 W
1788686125.164236280,0 %, 2405 MHz, 47, 12.43 W
1788686125.264619812,26 %, 2405 MHz, 47, 12.69 W
1788686125.364633825,26 %, 2405 MHz, 47, 12.69 W
1788686125.464746061,26 %, 2405 MHz, 47, 12.69 W
1788686125.565103338,26 %, 2405 MHz, 47, 12.69 W
1788686125.664916278,26 %, 2405 MHz, 47, 12.69 W
1788686125.765036323,26 %, 2405 MHz, 47, 12.59 W
1788686125.864924191,26 %, 2405 MHz, 47, 12.59 W
1788686125.965085995,26 %, 2405 MHz, 47, 12.59 W
1788686126.065205320,26 %, 2405 MHz, 47, 12.59 W
1788686126.165753956,26 %, 2405 MHz, 47, 12.59 W
1788686126.265896401,0 %, 2405 MHz, 47, 12.23 W
1788686126.365966029,0 %, 2405 MHz, 47, 12.23 W
1788686126.466174842,0 %, 2405 MHz, 47, 12.23 W
1788686126.565784902,0 %, 2405 MHz, 47, 12.23 W
1788686126.666393378,0 %, 2405 MHz, 47, 12.23 W
1788686126.766611775,0 %, 2405 MHz, 47, 12.23 W
1788686126.866368939,0 %, 2405 MHz, 47, 12.23 W
1788686126.966726920,0 %, 2405 MHz, 47, 12.23 W
1788686127.066937668,0 %, 2405 MHz, 47, 12.23 W
1788686127.167058849,0 %, 2405 MHz, 47, 12.23 W
1788686127.267257437,0 %, 2405 MHz, 47, 12.26 W
1788686127.367366697,0 %, 2405 MHz, 47, 12.26 W
1788686127.467470150,0 %, 2405 MHz, 47, 12.26 W
1788686127.567523586,0 %, 2405 MHz, 47, 12.26 W
1788686127.667925007,0 %, 2405 MHz, 47, 12.26 W
1788686127.767874011,0 %, 2405 MHz, 47, 12.28 W
1788686127.867632327,0 %, 2405 MHz, 47, 12.28 W
1788686127.968335588,0 %, 2405 MHz, 47, 12.28 W
1788686128.068442832,0 %, 2405 MHz, 47, 12.28 W
1788686128.168501852,0 %, 2405 MHz, 47, 12.28 W
1788686128.268678665,0 %, 2405 MHz, 47, 12.30 W
1788686128.368646085,0 %, 2405 MHz, 47, 12.30 W
1788686128.468724578,0 %, 2405 MHz, 47, 12.30 W
1788686128.569119550,0 %, 2405 MHz, 47, 12.30 W
1788686128.669098090,0 %, 2405 MHz, 47, 12.30 W
1788686128.769161959,0 %, 2405 MHz, 47, 12.32 W
1788686128.869387491,0 %, 2405 MHz, 47, 12.32 W
1788686128.969882431,0 %, 2405 MHz, 47, 12.32 W
1788686129.070245628,0 %, 2405 MHz, 47, 12.32 W
1788686129.170787512,0 %, 2405 MHz, 47, 12.32 W
1788686129.270572164,0 %, 2405 MHz, 47, 12.31 W
1788686129.370695313,0 %, 2405 MHz, 47, 12.31 W
1788686129.470953821,0 %, 2405 MHz, 47, 12.31 W
1788686129.571051114,0 %, 2405 MHz, 47, 12.31 W
1788686129.671030806,0 %, 2405 MHz, 47, 12.31 W
1788686129.771954818,0 %, 2405 MHz, 47, 12.30 W
1788686129.871631487,0 %, 2405 MHz, 47, 12.30 W
1788686129.971906603,0 %, 2405 MHz, 47, 12.30 W
1788686130.072382615,0 %, 2405 MHz, 47, 12.30 W
1788686130.172497732,0 %, 2405 MHz, 47, 12.30 W
1788686130.272694016,0 %, 2405 MHz, 47, 12.24 W
1788686130.372605036,0 %, 2405 MHz, 47, 12.24 W
1788686130.473005497,0 %, 2405 MHz, 47, 12.24 W
1788686130.573551509,0 %, 2405 MHz, 47, 12.24 W
1788686130.673550129,0 %, 2405 MHz, 47, 12.24 W
1788686130.773335006,0 %, 2405 MHz, 47, 12.21 W
1788686130.873356826,0 %, 2405 MHz, 47, 12.21 W
1788686130.974085078,0 %, 2405 MHz, 47, 12.21 W
1788686131.074610179,0 %, 2405 MHz, 47, 12.21 W
1788686131.174551599,0 %, 2405 MHz, 47, 12.21 W
1788686131.275035035,0 %, 2405 MHz, 47, 12.25 W
1788686131.374918504,0 %, 2405 MHz, 47, 12.25 W
1788686131.475923044,0 %, 2405 MHz, 47, 12.25 W
1788686131.575576240,0 %, 2405 MHz, 47, 12.25 W
1788686131.675839117,0 %, 2405 MHz, 47, 12.25 W
1788686131.776663017,0 %, 2405 MHz, 47, 12.26 W
1788686131.876403861,0 %, 2405 MHz, 47, 12.26 W
1788686131.977036593,0 %, 2405 MHz, 47, 12.26 W
1788686132.078031166,0 %, 2405 MHz, 47, 12.26 W
1788686132.178370250,0 %, 2405 MHz, 47, 12.26 W
1788686132.278629495,0 %, 2405 MHz, 47, 12.27 W
1788686132.378250147,0 %, 2405 MHz, 47, 12.27 W
1788686132.479296495,0 %, 2405 MHz, 47, 12.27 W
1788686132.579408891,0 %, 2405 MHz, 47, 12.27 W
1788686132.679170136,0 %, 2405 MHz, 47, 12.27 W
1788686132.780236484,0 %, 2405 MHz, 47, 12.27 W
1788686132.879828192,0 %, 2405 MHz, 47, 12.27 W
1788686132.980318796,0 %, 2405 MHz, 47, 12.27 W
1788686133.080661705,0 %, 2405 MHz, 47, 12.27 W
1788686133.180672645,0 %, 2405 MHz, 47, 12.27 W
1788686133.280671313,0 %, 2405 MHz, 47, 12.29 W
1788686133.381081950,0 %, 2405 MHz, 47, 12.29 W
1788686133.481821834,0 %, 2405 MHz, 47, 12.29 W
1788686133.581746294,0 %, 2405 MHz, 47, 12.29 W
1788686133.681839314,0 %, 2405 MHz, 47, 12.29 W
1788686133.781994894,0 %, 2405 MHz, 47, 12.30 W
1788686133.882119211,0 %, 2405 MHz, 47, 12.30 W
1788686133.982856807,0 %, 2405 MHz, 47, 12.30 W
1788686134.082940947,0 %, 2405 MHz, 47, 12.30 W
1788686134.183325168,0 %, 2405 MHz, 47, 12.30 W
1788686134.283398380,0 %, 2405 MHz, 47, 12.32 W
1788686134.383469592,0 %, 2405 MHz, 47, 12.32 W
1788686134.483723188,0 %, 2405 MHz, 47, 12.32 W
1788686134.584266384,0 %, 2405 MHz, 47, 12.32 W
1788686134.684619597,0 %, 2405 MHz, 47, 12.32 W
1788686134.784412025,0 %, 2405 MHz, 47, 12.34 W
1788686134.884660341,0 %, 2405 MHz, 47, 12.34 W
1788686134.984879425,0 %, 2405 MHz, 47, 12.34 W
1788686135.085391390,0 %, 2405 MHz, 47, 12.34 W
1788686135.185253722,0 %, 2405 MHz, 47, 12.34 W
1788686135.285908934,0 %, 2405 MHz, 47, 12.33 W
1788686135.386079842,0 %, 2405 MHz, 47, 12.33 W
1788686135.486507198,0 %, 2405 MHz, 47, 12.33 W
1788686135.586972395,0 %, 2405 MHz, 47, 12.33 W
1788686135.686414503,0 %, 2405 MHz, 47, 12.33 W
1788686135.787140067,0 %, 2405 MHz, 47, 12.31 W
1788686135.887308975,0 %, 2405 MHz, 47, 12.31 W
1788686135.987989548,0 %, 2405 MHz, 47, 12.31 W
1788686136.088246056,0 %, 2405 MHz, 47, 12.31 W
1788686136.188522116,0 %, 2405 MHz, 47, 12.31 W
1788686136.288687760,0 %, 2405 MHz, 47, 12.30 W
1788686136.389147324,0 %, 2405 MHz, 47, 12.30 W
1788686136.488962824,0 %, 2405 MHz, 47, 12.30 W
1788686136.589529189,0 %, 2405 MHz, 47, 12.30 W
1788686136.689604625,0 %, 2405 MHz, 47, 12.30 W
1788686136.789866541,0 %, 2405 MHz, 47, 12.31 W
1788686136.889746137,0 %, 2405 MHz, 47, 12.31 W
1788686136.990070293,0 %, 2405 MHz, 47, 12.31 W
1788686137.089895857,0 %, 2405 MHz, 47, 12.31 W
1788686137.190286366,0 %, 2405 MHz, 47, 12.31 W
1788686137.291176698,0 %, 2405 MHz, 47, 12.33 W
1788686137.390685750,0 %, 2405 MHz, 47, 12.33 W
1788686137.491625986,0 %, 2405 MHz, 47, 12.33 W
1788686137.591222222,0 %, 2405 MHz, 47, 12.33 W
1788686137.691853114,0 %, 2405 MHz, 47, 12.33 W
1788686137.792131815,0 %, 2405 MHz, 47, 12.33 W
1788686137.891805091,0 %, 2405 MHz, 47, 12.33 W
1788686137.992256303,0 %, 2405 MHz, 47, 12.33 W
1788686138.092331467,0 %, 2405 MHz, 47, 12.33 W
1788686138.192465495,0 %, 2405 MHz, 47, 12.33 W
1788686138.292963123,0 %, 2405 MHz, 47, 12.35 W
1788686138.392514559,0 %, 2405 MHz, 47, 12.35 W
1788686138.493153868,0 %, 2405 MHz, 47, 12.35 W
1788686138.593148136,0 %, 2405 MHz, 47, 12.35 W
1788686138.693234740,0 %, 2405 MHz, 47, 12.35 W
1788686138.793417872,0 %, 2405 MHz, 47, 12.35 W
1788686138.892997516,0 %, 2405 MHz, 47, 12.35 W
1788686138.993750520,0 %, 2405 MHz, 47, 12.35 W
1788686139.093947204,0 %, 2405 MHz, 47, 12.35 W
1788686139.193990032,0 %, 2405 MHz, 47, 12.35 W
1788686139.294225964,0 %, 2405 MHz, 47, 12.33 W
1788686139.394125641,0 %, 2405 MHz, 47, 12.33 W
1788686139.494000117,0 %, 2405 MHz, 47, 12.33 W
1788686139.594220193,0 %, 2405 MHz, 47, 12.33 W
1788686139.694109245,0 %, 2405 MHz, 47, 12.33 W
1788686139.794739001,0 %, 2405 MHz, 48, 13.85 W
1788686139.894772629,0 %, 2405 MHz, 48, 13.85 W
1788686139.995295633,0 %, 2405 MHz, 48, 13.85 W
1788686140.095617037,0 %, 2405 MHz, 48, 13.85 W
1788686140.195966681,0 %, 2405 MHz, 48, 13.85 W
1788686140.295844517,0 %, 2405 MHz, 47, 13.86 W
1788686140.396501729,0 %, 2405 MHz, 47, 13.86 W
1788686140.496936126,0 %, 2405 MHz, 47, 13.86 W
1788686140.597229482,0 %, 2405 MHz, 47, 13.86 W
1788686140.697401638,0 %, 2405 MHz, 47, 13.86 W
1788686140.797854610,0 %, 2405 MHz, 47, 12.38 W
1788686140.897979966,0 %, 2405 MHz, 47, 12.38 W
1788686140.998331914,0 %, 2405 MHz, 47, 12.38 W
1788686141.097896758,0 %, 2405 MHz, 47, 12.38 W
1788686141.198795282,0 %, 2405 MHz, 47, 12.38 W
1788686141.298601934,0 %, 2405 MHz, 48, 12.35 W
1788686141.399693066,0 %, 2405 MHz, 48, 12.35 W
1788686141.499244502,0 %, 2405 MHz, 48, 12.35 W
1788686141.599402402,0 %, 2405 MHz, 48, 12.35 W
1788686141.699809742,0 %, 2405 MHz, 48, 12.35 W
1788686141.800418186,0 %, 2405 MHz, 48, 12.33 W
1788686141.900272390,0 %, 2405 MHz, 48, 12.33 W
1788686142.000288035,0 %, 2405 MHz, 48, 12.33 W
1788686142.101016399,0 %, 2405 MHz, 48, 12.33 W
1788686142.200804843,0 %, 2405 MHz, 48, 12.33 W
1788686142.300946775,0 %, 2405 MHz, 48, 12.31 W
1788686142.401203779,0 %, 2405 MHz, 48, 12.31 W
1788686142.501101583,0 %, 2405 MHz, 48, 12.31 W
1788686142.601269467,0 %, 2405 MHz, 48, 12.31 W
1788686142.701652583,0 %, 2405 MHz, 48, 12.31 W
1788686142.801731235,0 %, 2405 MHz, 48, 12.31 W
1788686142.901817359,0 %, 2405 MHz, 48, 12.31 W
1788686143.001777099,0 %, 2405 MHz, 48, 12.31 W
1788686143.101743751,0 %, 2405 MHz, 48, 12.31 W
1788686143.202062643,0 %, 2405 MHz, 48, 12.31 W
1788686143.301976911,0 %, 2405 MHz, 48, 12.35 W
1788686143.401993915,0 %, 2405 MHz, 48, 12.35 W
1788686143.502640887,0 %, 2405 MHz, 48, 12.35 W
1788686143.602448355,0 %, 2405 MHz, 48, 12.35 W
1788686143.702801887,0 %, 2405 MHz, 48, 12.35 W
1788686143.802972427,0 %, 2405 MHz, 48, 12.36 W
1788686143.902938391,0 %, 2405 MHz, 48, 12.36 W
1788686144.003443331,0 %, 2405 MHz, 48, 12.36 W
1788686144.103302815,0 %, 2405 MHz, 48, 12.36 W
1788686144.203447531,0 %, 2405 MHz, 48, 12.36 W
1788686144.303641559,0 %, 2405 MHz, 48, 12.33 W
1788686144.403756979,0 %, 2405 MHz, 48, 12.33 W
1788686144.503844175,0 %, 2405 MHz, 48, 12.33 W
1788686144.604051339,0 %, 2405 MHz, 48, 12.33 W
1788686144.703852487,0 %, 2405 MHz, 48, 12.33 W
1788686144.804359747,0 %, 2405 MHz, 48, 12.34 W
1788686144.904345263,0 %, 2405 MHz, 48, 12.34 W
1788686145.004456635,0 %, 2405 MHz, 48, 12.34 W
1788686145.104544342,0 %, 2405 MHz, 48, 12.34 W
1788686145.204721362,0 %, 2405 MHz, 48, 12.34 W
1788686145.304760766,0 %, 2405 MHz, 48, 12.35 W
1788686145.404874970,0 %, 2405 MHz, 48, 12.35 W
1788686145.504842934,0 %, 2405 MHz, 48, 12.35 W
1788686145.605067298,0 %, 2405 MHz, 48, 12.35 W
1788686145.705324190,0 %, 2405 MHz, 48, 12.35 W
1788686145.805431082,0 %, 2405 MHz, 48, 12.34 W
1788686145.905562598,0 %, 2405 MHz, 48, 12.34 W
1788686146.005814178,0 %, 2405 MHz, 48, 12.34 W
1788686146.105966558,0 %, 2405 MHz, 48, 12.34 W
1788686146.206077418,0 %, 2405 MHz, 48, 12.34 W
1788686146.306267254,0 %, 2405 MHz, 48, 12.35 W
1788686146.406435890,0 %, 2405 MHz, 48, 12.35 W
1788686146.506142605,0 %, 2405 MHz, 48, 12.35 W
1788686146.606206377,0 %, 2405 MHz, 48, 12.35 W
1788686146.706817813,0 %, 2405 MHz, 48, 12.35 W
1788686146.806875009,0 %, 2405 MHz, 48, 12.35 W
1788686146.906831421,0 %, 2405 MHz, 48, 12.35 W
1788686147.007152233,0 %, 2405 MHz, 48, 12.35 W
1788686147.107011541,0 %, 2405 MHz, 48, 12.35 W
1788686147.207342209,0 %, 2405 MHz, 48, 12.35 W
1788686147.307586045,0 %, 2405 MHz, 48, 12.34 W
1788686147.408148121,0 %, 2405 MHz, 48, 12.34 W
1788686147.508073077,0 %, 2405 MHz, 48, 12.34 W
1788686147.608167761,0 %, 2405 MHz, 48, 12.34 W
1788686147.708565132,0 %, 2405 MHz, 48, 12.34 W
1788686147.809000504,0 %, 2405 MHz, 48, 12.35 W
1788686147.909382660,0 %, 2405 MHz, 48, 12.35 W
1788686148.009577440,0 %, 2405 MHz, 48, 12.35 W
1788686148.109466572,0 %, 2405 MHz, 48, 12.35 W
1788686148.209898824,0 %, 2405 MHz, 48, 12.35 W
1788686148.310100564,0 %, 2405 MHz, 48, 12.37 W
1788686148.410304288,0 %, 2405 MHz, 48, 12.37 W
1788686148.510151100,0 %, 2405 MHz, 48, 12.37 W
1788686148.610656536,0 %, 2405 MHz, 48, 12.37 W
1788686148.710293603,0 %, 2405 MHz, 48, 12.37 W
1788686148.810707103,0 %, 2405 MHz, 48, 12.37 W
1788686148.910848715,0 %, 2405 MHz, 48, 12.37 W
1788686149.010727143,0 %, 2405 MHz, 48, 12.37 W
1788686149.110984259,0 %, 2405 MHz, 48, 12.37 W
1788686149.210809071,0 %, 2405 MHz, 48, 12.37 W
1788686149.311192507,0 %, 2405 MHz, 48, 12.39 W
1788686149.411269558,0 %, 2405 MHz, 48, 12.39 W
1788686149.511439186,0 %, 2405 MHz, 48, 12.39 W
1788686149.611965438,0 %, 2405 MHz, 48, 12.39 W
1788686149.712317770,0 %, 2405 MHz, 48, 12.39 W
1788686149.812431334,0 %, 2405 MHz, 48, 12.40 W
1788686149.913081250,0 %, 2405 MHz, 48, 12.40 W
1788686150.012737790,0 %, 2405 MHz, 48, 12.40 W
1788686150.113243929,0 %, 2405 MHz, 48, 12.40 W
1788686150.213536645,0 %, 2405 MHz, 48, 12.40 W
1788686150.313353121,0 %, 2405 MHz, 48, 12.39 W
1788686150.413451261,0 %, 2405 MHz, 48, 12.39 W
1788686150.514084873,0 %, 2405 MHz, 48, 12.39 W
1788686150.614294933,0 %, 2405 MHz, 48, 12.39 W
1788686150.714438529,0 %, 2405 MHz, 48, 12.39 W
1788686150.815285564,0 %, 2405 MHz, 48, 12.36 W
1788686150.915771624,0 %, 2405 MHz, 48, 12.36 W
1788686151.015511924,0 %, 2405 MHz, 48, 12.36 W
1788686151.116101792,0 %, 2405 MHz, 48, 12.36 W
1788686151.216029500,0 %, 2405 MHz, 48, 12.36 W
1788686151.316434295,0 %, 2405 MHz, 48, 12.33 W
1788686151.416172355,0 %, 2405 MHz, 48, 12.33 W
1788686151.516581135,0 %, 2405 MHz, 48, 12.33 W
1788686151.616746651,0 %, 2405 MHz, 48, 12.33 W
1788686151.717366135,0 %, 2405 MHz, 48, 12.33 W
1788686151.817833523,0 %, 2405 MHz, 48, 12.32 W
1788686151.918514286,0 %, 2405 MHz, 48, 12.32 W
1788686152.018770250,0 %, 2405 MHz, 48, 12.32 W
1788686152.119259510,0 %, 2405 MHz, 48, 12.32 W
1788686152.219320002,0 %, 2405 MHz, 48, 12.32 W
1788686152.319256446,0 %, 2405 MHz, 48, 12.33 W
1788686152.419858297,0 %, 2405 MHz, 48, 12.33 W
1788686152.519834981,0 %, 2405 MHz, 48, 12.33 W
1788686152.619793921,0 %, 2405 MHz, 48, 12.33 W
1788686152.720374413,0 %, 2405 MHz, 48, 12.33 W
1788686152.820321017,0 %, 2405 MHz, 48, 12.31 W
1788686152.921002484,0 %, 2405 MHz, 48, 12.31 W
1788686153.021112240,0 %, 2405 MHz, 48, 12.31 W
1788686153.121438012,0 %, 2405 MHz, 48, 12.31 W
1788686153.221249304,0 %, 2405 MHz, 48, 12.32 W
1788686153.321673779,0 %, 2405 MHz, 48, 12.32 W
1788686153.422005759,0 %, 2405 MHz, 48, 12.32 W
1788686153.521952347,0 %, 2405 MHz, 48, 12.32 W
1788686153.622492743,0 %, 2405 MHz, 48, 12.32 W
1788686153.722524178,0 %, 2405 MHz, 48, 12.34 W
1788686153.822614270,0 %, 2405 MHz, 48, 12.34 W
1788686153.922732890,0 %, 2405 MHz, 48, 12.34 W
1788686154.022754934,0 %, 2405 MHz, 48, 12.34 W
1788686154.123096305,0 %, 2405 MHz, 48, 12.34 W
1788686154.223543293,0 %, 2405 MHz, 48, 12.34 W
1788686154.323675321,0 %, 2405 MHz, 48, 12.34 W
1788686154.424045301,0 %, 2405 MHz, 48, 12.34 W
1788686154.524256384,0 %, 2405 MHz, 48, 12.34 W
1788686154.624223996,0 %, 2405 MHz, 48, 12.34 W
1788686154.724936936,0 %, 2405 MHz, 48, 12.35 W
1788686154.824810708,0 %, 2405 MHz, 48, 12.35 W
1788686154.925424447,0 %, 2405 MHz, 48, 12.35 W
1788686155.025647563,0 %, 2405 MHz, 48, 12.35 W
1788686155.125743479,0 %, 2405 MHz, 48, 12.35 W
1788686155.226065875,0 %, 2405 MHz, 48, 12.36 W
1788686155.326529518,0 %, 2405 MHz, 48, 12.36 W
1788686155.427046410,0 %, 2405 MHz, 48, 12.36 W
1788686155.527307894,0 %, 2405 MHz, 48, 12.36 W
1788686155.627029506,0 %, 2405 MHz, 48, 12.36 W
1788686155.726977629,0 %, 2405 MHz, 48, 12.36 W
1788686155.827769561,0 %, 2405 MHz, 48, 12.36 W
1788686155.928195685,0 %, 2405 MHz, 48, 12.36 W
1788686156.028369040,0 %, 2405 MHz, 48, 12.36 W
1788686156.128757820,0 %, 2405 MHz, 48, 12.36 W
1788686156.229074984,0 %, 2405 MHz, 48, 12.37 W
1788686156.329587316,0 %, 2405 MHz, 48, 12.37 W
1788686156.429786095,0 %, 2405 MHz, 48, 12.37 W
1788686156.529880475,0 %, 2405 MHz, 48, 12.37 W
1788686156.630014903,0 %, 2405 MHz, 48, 12.37 W
1788686156.730022946,0 %, 2405 MHz, 48, 12.36 W
1788686156.830362046,0 %, 2405 MHz, 48, 12.36 W
1788686156.930882746,0 %, 2405 MHz, 48, 12.36 W
1788686157.031497701,0 %, 2405 MHz, 48, 12.36 W
1788686157.131906449,0 %, 2405 MHz, 48, 12.36 W
1788686157.232496301,0 %, 2405 MHz, 48, 12.36 W
1788686157.332874024,0 %, 2405 MHz, 48, 12.36 W
1788686157.433326564,0 %, 2405 MHz, 48, 12.36 W
1788686157.533223856,0 %, 2405 MHz, 48, 12.36 W
1788686157.633971276,0 %, 2405 MHz, 48, 12.36 W
1788686157.734419607,0 %, 2405 MHz, 48, 12.35 W
1788686157.834551043,0 %, 2405 MHz, 48, 12.35 W
1788686157.934731295,0 %, 2405 MHz, 48, 12.35 W
1788686158.035264426,0 %, 2405 MHz, 48, 12.35 W
1788686158.135321478,0 %, 2405 MHz, 48, 12.35 W
1788686158.235931554,0 %, 2405 MHz, 48, 12.36 W
1788686158.336369229,0 %, 2405 MHz, 48, 12.36 W
1788686158.436553977,0 %, 2405 MHz, 48, 12.36 W
1788686158.537102485,0 %, 2405 MHz, 48, 12.36 W
1788686158.637598944,0 %, 2405 MHz, 48, 12.36 W
1788686158.738021388,0 %, 2405 MHz, 48, 12.39 W
1788686158.838276120,0 %, 2405 MHz, 48, 12.39 W
1788686158.938595779,0 %, 2405 MHz, 48, 12.39 W
1788686159.039382079,0 %, 2405 MHz, 48, 12.39 W
1788686159.139489243,0 %, 2405 MHz, 48, 12.39 W
1788686159.239986758,0 %, 2405 MHz, 48, 12.38 W
1788686159.339827090,0 %, 2405 MHz, 48, 12.38 W
1788686159.440659342,0 %, 2405 MHz, 48, 12.38 W
1788686159.540670601,0 %, 2405 MHz, 48, 12.38 W
1788686159.641349509,0 %, 2405 MHz, 48, 12.38 W
1788686159.741410368,0 %, 2405 MHz, 48, 12.37 W
1788686159.841442668,0 %, 2405 MHz, 48, 12.37 W
1788686159.942441176,0 %, 2405 MHz, 48, 12.37 W
1788686160.042466403,0 %, 2405 MHz, 48, 12.37 W
1788686160.142971199,0 %, 2405 MHz, 48, 12.37 W
1788686160.243415323,0 %, 2405 MHz, 48, 12.38 W
1788686160.343924998,0 %, 2405 MHz, 48, 12.38 W
1788686160.444085506,0 %, 2405 MHz, 48, 12.38 W
1788686160.544371597,0 %, 2405 MHz, 48, 12.38 W
1788686160.645010361,0 %, 2405 MHz, 48, 12.38 W
1788686160.745136325,0 %, 2405 MHz, 48, 12.35 W
1788686160.845508928,0 %, 2405 MHz, 48, 12.35 W
1788686160.945936812,0 %, 2405 MHz, 48, 12.35 W
1788686161.046438504,0 %, 2405 MHz, 48, 12.35 W
1788686161.146888435,0 %, 2405 MHz, 48, 12.35 W
1788686161.246530159,0 %, 2405 MHz, 48, 12.34 W
1788686161.347508058,0 %, 2405 MHz, 48, 12.34 W
1788686161.448018774,0 %, 2405 MHz, 48, 12.34 W
1788686161.547922081,0 %, 2405 MHz, 48, 12.34 W
1788686161.648630477,0 %, 2405 MHz, 48, 12.34 W
1788686161.748500617,0 %, 2405 MHz, 48, 12.37 W
1788686161.848658148,0 %, 2405 MHz, 48, 12.37 W
1788686161.949728672,0 %, 2405 MHz, 48, 12.37 W
1788686162.049912875,0 %, 2405 MHz, 48, 12.37 W
1788686162.150324759,0 %, 2405 MHz, 48, 12.37 W
1788686162.250857650,0 %, 2405 MHz, 48, 12.40 W
1788686162.351262030,0 %, 2405 MHz, 48, 12.40 W
1788686162.451762570,0 %, 2405 MHz, 48, 12.40 W
1788686162.551945925,0 %, 2405 MHz, 48, 12.40 W
1788686162.652418145,0 %, 2405 MHz, 48, 12.40 W
1788686162.752652028,0 %, 2405 MHz, 48, 12.42 W
1788686162.852587304,0 %, 2405 MHz, 48, 12.42 W
1788686162.952840883,0 %, 2405 MHz, 48, 12.42 W
1788686163.052912911,0 %, 2405 MHz, 48, 12.42 W
1788686163.153178906,0 %, 2405 MHz, 48, 12.42 W
1788686163.253725334,0 %, 2405 MHz, 48, 12.42 W
1788686163.354432466,0 %, 2405 MHz, 48, 12.42 W
1788686163.454911421,0 %, 2405 MHz, 48, 12.42 W
1788686163.555363721,0 %, 2405 MHz, 48, 12.42 W
1788686163.655856644,0 %, 2405 MHz, 48, 12.42 W
1788686163.756300128,0 %, 2405 MHz, 48, 12.40 W
1788686163.856586203,0 %, 2405 MHz, 48, 12.40 W
1788686163.957062151,0 %, 2405 MHz, 48, 12.40 W
1788686164.057509314,0 %, 2405 MHz, 48, 12.40 W
1788686164.157934062,0 %, 2405 MHz, 48, 12.40 W
1788686164.258115689,0 %, 2405 MHz, 48, 12.41 W
1788686164.358398629,0 %, 2405 MHz, 48, 12.41 W
1788686164.458945248,0 %, 2405 MHz, 48, 12.41 W
1788686164.559385996,0 %, 2405 MHz, 48, 12.41 W
1788686164.659943416,0 %, 2405 MHz, 48, 12.41 W
1788686164.760345443,0 %, 2405 MHz, 48, 12.43 W
1788686164.860845055,0 %, 2405 MHz, 48, 12.43 W
1788686164.960863066,0 %, 2405 MHz, 48, 12.43 W
1788686165.061695782,0 %, 2405 MHz, 48, 12.43 W
1788686165.161946817,0 %, 2405 MHz, 48, 12.43 W
1788686165.262415197,0 %, 2405 MHz, 48, 12.44 W
1788686165.362946024,0 %, 2405 MHz, 48, 12.44 W
1788686165.463421940,0 %, 2405 MHz, 48, 12.44 W
1788686165.563583839,0 %, 2405 MHz, 48, 12.44 W
1788686165.663748971,0 %, 2405 MHz, 48, 12.44 W
1788686165.764567350,0 %, 2405 MHz, 48, 12.45 W
1788686165.864914018,0 %, 2405 MHz, 48, 12.45 W
1788686165.964978413,0 %, 2405 MHz, 48, 12.45 W
1788686166.065309289,0 %, 2405 MHz, 48, 12.45 W
1788686166.165396564,0 %, 2405 MHz, 48, 12.45 W
1788686166.265247743,0 %, 2405 MHz, 48, 12.44 W
1788686166.366133035,0 %, 2405 MHz, 48, 12.44 W
1788686166.466178374,0 %, 2405 MHz, 48, 12.44 W
1788686166.566433554,0 %, 2405 MHz, 48, 12.44 W
1788686166.666522797,0 %, 2405 MHz, 48, 12.44 W
1788686166.767111449,0 %, 2405 MHz, 48, 12.43 W
1788686166.867172356,0 %, 2405 MHz, 48, 12.43 W
1788686166.967184976,0 %, 2405 MHz, 48, 12.43 W
1788686167.067957835,0 %, 2405 MHz, 48, 12.43 W
1788686167.168362599,0 %, 2405 MHz, 48, 12.43 W
1788686167.268903554,0 %, 2405 MHz, 48, 12.44 W
1788686167.369342798,0 %, 2405 MHz, 48, 12.44 W
1788686167.470073529,0 %, 2405 MHz, 48, 12.44 W
1788686167.570275508,0 %, 2405 MHz, 48, 12.44 W
1788686167.670776720,0 %, 2405 MHz, 48, 12.44 W
1788686167.771199419,0 %, 2405 MHz, 48, 12.44 W
1788686167.871322775,0 %, 2405 MHz, 48, 12.44 W
1788686167.971909842,0 %, 2405 MHz, 48, 12.44 W
1788686168.072418014,0 %, 2405 MHz, 48, 12.44 W
1788686168.172499641,0 %, 2405 MHz, 48, 12.44 W
1788686168.272933813,0 %, 2405 MHz, 48, 12.43 W
1788686168.373336864,0 %, 2405 MHz, 48, 12.43 W
1788686168.473433227,0 %, 2405 MHz, 48, 12.43 W
1788686168.573258951,0 %, 2405 MHz, 48, 12.43 W
1788686168.673768114,0 %, 2405 MHz, 48, 12.43 W
1788686168.774429662,0 %, 2405 MHz, 48, 12.43 W
1788686168.874542201,0 %, 2405 MHz, 48, 12.43 W
1788686168.974878948,0 %, 2405 MHz, 48, 12.43 W
1788686169.075297984,0 %, 2405 MHz, 48, 12.43 W
1788686169.175306187,0 %, 2405 MHz, 48, 12.43 W
1788686169.275925895,0 %, 2405 MHz, 48, 12.44 W
1788686169.376405378,0 %, 2405 MHz, 48, 12.44 W
1788686169.476850350,0 %, 2405 MHz, 48, 12.44 W
1788686169.576756537,0 %, 2405 MHz, 48, 12.44 W
1788686169.677147156,0 %, 2405 MHz, 48, 12.44 W
1788686169.777654208,0 %, 2405 MHz, 48, 12.44 W
1788686169.877892091,0 %, 2405 MHz, 48, 12.44 W
1788686169.978587878,0 %, 2405 MHz, 48, 12.44 W
1788686170.078649234,0 %, 2405 MHz, 48, 12.44 W
1788686170.178931533,0 %, 2405 MHz, 48, 12.44 W
1788686170.279680809,0 %, 2405 MHz, 48, 12.45 W
1788686170.379637860,0 %, 2405 MHz, 48, 12.45 W
1788686170.480400191,0 %, 2405 MHz, 48, 12.45 W
1788686170.580095851,0 %, 2405 MHz, 48, 12.45 W
1788686170.680749542,0 %, 2405 MHz, 48, 12.45 W
1788686170.781439506,0 %, 2405 MHz, 48, 12.46 W
1788686170.881915005,0 %, 2405 MHz, 48, 12.46 W
1788686170.981990440,0 %, 2405 MHz, 48, 12.46 W
1788686171.082290228,0 %, 2405 MHz, 48, 12.46 W
1788686171.182927663,0 %, 2405 MHz, 48, 12.46 W
1788686171.283085642,0 %, 2405 MHz, 48, 12.47 W
1788686171.383579302,0 %, 2405 MHz, 48, 12.47 W
1788686171.483154513,0 %, 2405 MHz, 48, 12.47 W
1788686171.583813852,0 %, 2405 MHz, 48, 12.47 W
1788686171.684439896,0 %, 2405 MHz, 48, 12.47 W
1788686171.784464035,0 %, 2405 MHz, 48, 12.47 W
1788686171.884911102,0 %, 2405 MHz, 48, 12.47 W
1788686171.985238026,0 %, 2405 MHz, 48, 12.47 W
1788686172.085895925,0 %, 2405 MHz, 48, 12.47 W
1788686172.186315984,0 %, 2405 MHz, 48, 12.47 W
1788686172.286488396,0 %, 2405 MHz, 48, 12.48 W
1788686172.386971447,0 %, 2405 MHz, 48, 12.48 W
1788686172.486572642,0 %, 2405 MHz, 48, 12.48 W
1788686172.587498142,0 %, 2405 MHz, 48, 12.48 W
1788686172.687727673,0 %, 2405 MHz, 48, 12.48 W
1788686172.788164676,0 %, 2405 MHz, 48, 12.47 W
1788686172.888932672,0 %, 2405 MHz, 48, 12.47 W
1788686172.988761307,0 %, 2405 MHz, 48, 12.47 W
1788686173.089614278,0 %, 2405 MHz, 48, 12.47 W
1788686173.189423410,0 %, 2405 MHz, 48, 12.47 W
1788686173.290183789,0 %, 2405 MHz, 48, 12.45 W
1788686173.390526632,0 %, 2405 MHz, 48, 12.45 W
1788686173.490536900,0 %, 2405 MHz, 48, 12.45 W
1788686173.591099487,0 %, 2405 MHz, 48, 12.45 W
1788686173.691205274,0 %, 2405 MHz, 48, 12.45 W
1788686173.791339141,0 %, 2405 MHz, 48, 12.50 W
1788686173.892120097,0 %, 2405 MHz, 48, 12.50 W
1788686173.991973036,0 %, 2405 MHz, 48, 12.50 W
1788686174.092887959,0 %, 2405 MHz, 48, 12.50 W
1788686174.192768931,0 %, 2405 MHz, 48, 12.50 W
1788686174.293002414,0 %, 2405 MHz, 48, 12.51 W
1788686174.393701369,0 %, 2405 MHz, 48, 12.51 W
1788686174.493977301,0 %, 2405 MHz, 48, 12.51 W
1788686174.594080304,0 %, 2405 MHz, 48, 12.51 W
1788686174.693978763,0 %, 2405 MHz, 48, 12.51 W
1788686174.794091622,0 %, 2405 MHz, 48, 12.48 W
1788686174.894216066,0 %, 2405 MHz, 48, 12.48 W
1788686174.995367293,0 %, 2405 MHz, 48, 12.48 W
1788686175.095077080,0 %, 2405 MHz, 48, 12.48 W
1788686175.195235395,0 %, 2405 MHz, 48, 12.48 W
1788686175.295976223,0 %, 2405 MHz, 49, 12.48 W
1788686175.396342970,0 %, 2405 MHz, 49, 12.48 W
1788686175.496458917,0 %, 2405 MHz, 49, 12.48 W
1788686175.597205952,0 %, 2405 MHz, 49, 12.48 W
1788686175.697421484,0 %, 2405 MHz, 49, 12.48 W
1788686175.797530071,0 %, 2405 MHz, 49, 12.48 W
1788686175.897650290,0 %, 2405 MHz, 49, 12.48 W
1788686175.997374173,0 %, 2405 MHz, 49, 12.48 W
1788686176.098095689,0 %, 2405 MHz, 49, 12.48 W
1788686176.198671636,0 %, 2405 MHz, 49, 12.48 W
1788686176.299184335,0 %, 2405 MHz, 49, 12.48 W
1788686176.399012986,0 %, 2405 MHz, 49, 12.48 W
1788686176.499137574,0 %, 2405 MHz, 49, 12.48 W
1788686176.599094529,0 %, 2405 MHz, 49, 12.48 W
1788686176.700110124,0 %, 2405 MHz, 49, 12.48 W
1788686176.800565975,0 %, 2405 MHz, 49, 12.46 W
1788686176.900851107,0 %, 2405 MHz, 49, 12.46 W
1788686177.001327998,0 %, 2405 MHz, 49, 12.46 W
1788686177.101764249,0 %, 2405 MHz, 49, 12.46 W
1788686177.201603332,0 %, 2405 MHz, 49, 12.46 W
1788686177.301593055,0 %, 2405 MHz, 49, 12.46 W
1788686177.402510491,0 %, 2405 MHz, 49, 12.46 W
1788686177.502621590,0 %, 2405 MHz, 49, 12.46 W
1788686177.603145041,0 %, 2405 MHz, 49, 12.46 W
1788686177.702964956,0 %, 2405 MHz, 49, 12.46 W
1788686177.803799543,0 %, 2405 MHz, 49, 12.43 W
1788686177.904210835,0 %, 2405 MHz, 49, 12.43 W
1788686178.004432094,0 %, 2405 MHz, 49, 12.43 W
1788686178.104867273,0 %, 2405 MHz, 49, 12.43 W
1788686178.205580148,0 %, 2405 MHz, 49, 12.43 W
1788686178.305867487,0 %, 2405 MHz, 49, 12.41 W
1788686178.406559195,0 %, 2405 MHz, 49, 12.41 W
1788686178.506162998,0 %, 2405 MHz, 49, 12.41 W
1788686178.606784257,0 %, 2405 MHz, 49, 12.41 W
1788686178.707597596,0 %, 2405 MHz, 49, 12.41 W
1788686178.807444887,0 %, 2405 MHz, 49, 12.43 W
1788686178.907529379,0 %, 2405 MHz, 49, 12.43 W
1788686179.008013982,0 %, 2405 MHz, 49, 12.43 W
1788686179.107938585,0 %, 2405 MHz, 49, 12.43 W
1788686179.208449684,0 %, 2405 MHz, 49, 12.43 W
1788686179.308929375,0 %, 2405 MHz, 49, 12.44 W
1788686179.409398266,0 %, 2405 MHz, 49, 12.44 W
1788686179.509850598,0 %, 2405 MHz, 49, 12.44 W
1788686179.610303809,0 %, 2405 MHz, 49, 12.44 W
1788686179.710504252,0 %, 2405 MHz, 49, 12.44 W
1788686179.810988503,0 %, 2405 MHz, 49, 12.46 W
1788686179.911582050,0 %, 2405 MHz, 49, 12.46 W
1788686180.011567565,0 %, 2405 MHz, 49, 12.46 W
1788686180.111842553,0 %, 2405 MHz, 49, 12.46 W
1788686180.212240756,0 %, 2405 MHz, 49, 12.46 W
1788686180.312489647,0 %, 2405 MHz, 49, 12.46 W
1788686180.412916218,0 %, 2405 MHz, 49, 12.46 W
1788686180.513374069,0 %, 2405 MHz, 49, 12.46 W
1788686180.613994384,0 %, 2405 MHz, 49, 12.46 W
1788686180.714270828,0 %, 2405 MHz, 49, 12.46 W
1788686180.814521815,0 %, 2405 MHz, 49, 12.41 W
1788686180.914959106,0 %, 2405 MHz, 49, 12.41 W
1788686181.014959805,0 %, 2405 MHz, 49, 12.41 W
1788686181.115758984,0 %, 2405 MHz, 49, 12.41 W
1788686181.215861235,0 %, 2405 MHz, 49, 12.41 W
1788686181.316304862,0 %, 2405 MHz, 49, 12.38 W
1788686181.416437801,0 %, 2405 MHz, 49, 12.38 W
1788686181.516913733,0 %, 2405 MHz, 49, 12.38 W
1788686181.616670800,0 %, 2405 MHz, 49, 12.38 W
1788686181.717220587,0 %, 2405 MHz, 49, 12.38 W
1788686181.817105430,0 %, 2405 MHz, 49, 12.38 W
1788686181.917401313,0 %, 2405 MHz, 49, 12.38 W
1788686182.017696668,0 %, 2405 MHz, 49, 12.38 W
1788686182.117580679,0 %, 2405 MHz, 49, 12.38 W
1788686182.217290610,0 %, 2405 MHz, 49, 12.38 W
1788686182.318259709,0 %, 2405 MHz, 49, 12.39 W
1788686182.418109624,0 %, 2405 MHz, 49, 12.39 W
1788686182.518930995,0 %, 2405 MHz, 49, 12.39 W
1788686182.619101231,0 %, 2405 MHz, 49, 12.39 W
1788686182.718889722,0 %, 2405 MHz, 49, 12.39 W
1788686182.819642309,0 %, 2405 MHz, 49, 12.41 W
1788686182.920458048,0 %, 2405 MHz, 49, 12.41 W
1788686183.020289291,0 %, 2405 MHz, 49, 12.41 W
1788686183.120340326,0 %, 2405 MHz, 49, 12.41 W
1788686183.220764737,0 %, 2405 MHz, 49, 12.41 W
1788686183.320929388,0 %, 2405 MHz, 49, 12.42 W
1788686183.421396855,0 %, 2405 MHz, 49, 12.42 W
1788686183.521546146,0 %, 2405 MHz, 49, 12.42 W
1788686183.622130109,0 %, 2405 MHz, 49, 12.42 W
1788686183.722638408,0 %, 2405 MHz, 49, 12.42 W
1788686183.823068980,0 %, 2405 MHz, 49, 12.41 W
1788686183.923137183,0 %, 2405 MHz, 49, 12.41 W
1788686184.023428778,0 %, 2405 MHz, 49, 12.41 W
1788686184.123627365,0 %, 2405 MHz, 49, 12.41 W
1788686184.225743472,0 %, 2418 MHz, 49, 12.43 W
1788686184.326181643,0 %, 2405 MHz, 49, 12.43 W
1788686184.426407862,0 %, 2405 MHz, 49, 12.43 W
1788686184.525876113,0 %, 2405 MHz, 49, 12.43 W
1788686184.626678396,0 %, 2405 MHz, 49, 12.43 W
1788686184.726786583,0 %, 2405 MHz, 49, 12.45 W
1788686184.827279122,0 %, 2405 MHz, 49, 12.45 W
1788686184.927361053,0 %, 2405 MHz, 49, 12.45 W
1788686185.027530440,0 %, 2405 MHz, 49, 12.45 W
1788686185.127928931,0 %, 2405 MHz, 49, 12.45 W
1788686185.228109518,0 %, 2405 MHz, 49, 12.46 W
1788686185.328374985,0 %, 2405 MHz, 49, 12.46 W
1788686185.428542420,0 %, 2405 MHz, 49, 12.46 W
1788686185.528636111,0 %, 2405 MHz, 49, 12.46 W
1788686185.628935114,0 %, 2405 MHz, 49, 12.46 W
1788686185.729140805,0 %, 2405 MHz, 49, 12.43 W
1788686185.829295184,0 %, 2405 MHz, 49, 12.43 W
1788686185.929776859,0 %, 2405 MHz, 49, 12.43 W
1788686186.029821510,0 %, 2405 MHz, 49, 12.43 W
1788686186.130436673,0 %, 2405 MHz, 49, 12.43 W
1788686186.230684844,0 %, 2405 MHz, 49, 12.41 W
1788686186.331119879,0 %, 2405 MHz, 49, 12.41 W
1788686186.431344082,0 %, 2405 MHz, 49, 12.41 W
1788686186.531494365,0 %, 2405 MHz, 49, 12.41 W
1788686186.631673384,0 %, 2405 MHz, 49, 12.41 W
1788686186.731887827,0 %, 2405 MHz, 49, 12.42 W
1788686186.832532206,0 %, 2405 MHz, 49, 12.42 W
1788686186.932986842,0 %, 2405 MHz, 49, 12.42 W
1788686187.033192533,0 %, 2405 MHz, 49, 12.42 W
1788686187.133403504,0 %, 2405 MHz, 49, 12.42 W
1788686187.233998155,0 %, 2405 MHz, 49, 12.45 W
1788686187.334502022,0 %, 2405 MHz, 49, 12.45 W
1788686187.434589968,0 %, 2405 MHz, 49, 12.45 W
1788686187.534909483,0 %, 2405 MHz, 49, 12.45 W
1788686187.635062582,0 %, 2405 MHz, 49, 12.45 W
1788686187.734751169,0 %, 2405 MHz, 49, 12.45 W
1788686187.835455436,0 %, 2405 MHz, 49, 12.45 W
1788686187.935928375,0 %, 2405 MHz, 49, 12.45 W
1788686188.035980626,0 %, 2405 MHz, 49, 12.45 W
1788686188.136291453,0 %, 2405 MHz, 49, 12.45 W
1788686188.236779464,0 %, 2405 MHz, 49, 12.43 W
1788686188.337231699,0 %, 2405 MHz, 49, 12.43 W
1788686188.437298654,0 %, 2405 MHz, 49, 12.43 W
1788686188.537853817,0 %, 2405 MHz, 49, 12.43 W
1788686188.637895108,0 %, 2405 MHz, 49, 12.43 W
1788686188.738449295,0 %, 2405 MHz, 49, 12.40 W
1788686188.838184826,0 %, 2405 MHz, 49, 12.40 W
1788686188.938271109,0 %, 2405 MHz, 49, 12.40 W
1788686189.038714928,0 %, 2405 MHz, 49, 12.40 W
1788686189.138897355,0 %, 2405 MHz, 49, 12.40 W
1788686189.238919846,0 %, 2405 MHz, 49, 12.40 W
1788686189.338945521,0 %, 2405 MHz, 49, 12.40 W
1788686189.439179115,0 %, 2405 MHz, 49, 12.40 W
1788686189.539190870,0 %, 2405 MHz, 49, 12.40 W
1788686189.639068801,0 %, 2405 MHz, 49, 12.40 W
1788686189.739340300,0 %, 2405 MHz, 49, 12.42 W
1788686189.839523687,0 %, 2405 MHz, 49, 12.42 W
1788686189.939509650,0 %, 2405 MHz, 49, 12.42 W
1788686190.039862653,0 %, 2405 MHz, 49, 12.42 W
1788686190.139675432,0 %, 2405 MHz, 49, 12.42 W
1788686190.239734371,0 %, 2405 MHz, 49, 12.44 W
1788686190.339802606,0 %, 2405 MHz, 49, 12.44 W
1788686190.440446521,0 %, 2405 MHz, 49, 12.44 W
1788686190.540413715,0 %, 2405 MHz, 49, 12.44 W
1788686190.640654542,0 %, 2405 MHz, 49, 12.44 W
1788686190.740894649,0 %, 2405 MHz, 49, 12.44 W
1788686190.841059860,0 %, 2405 MHz, 49, 12.44 W
1788686190.941389743,0 %, 2405 MHz, 49, 12.44 W
1788686191.041493178,0 %, 2405 MHz, 49, 12.44 W
1788686191.141740405,0 %, 2405 MHz, 49, 12.44 W
1788686191.242072016,0 %, 2405 MHz, 49, 12.44 W
1788686191.342611979,0 %, 2405 MHz, 49, 12.44 W
1788686191.443091494,0 %, 2405 MHz, 49, 12.44 W
1788686191.543162720,0 %, 2405 MHz, 49, 12.44 W
1788686191.643679819,0 %, 2405 MHz, 49, 12.44 W
1788686191.743837814,0 %, 2405 MHz, 49, 12.44 W
1788686191.844317201,0 %, 2405 MHz, 49, 12.44 W
1788686191.944678892,0 %, 2405 MHz, 49, 12.44 W
1788686192.044641895,0 %, 2405 MHz, 49, 12.44 W
1788686192.144832290,0 %, 2405 MHz, 49, 12.44 W
1788686192.244569741,0 %, 2405 MHz, 49, 12.41 W
1788686192.345081127,0 %, 2405 MHz, 49, 12.41 W
1788686192.445247746,0 %, 2405 MHz, 49, 12.41 W
1788686192.545449085,0 %, 2405 MHz, 49, 12.41 W
1788686192.645544120,0 %, 2405 MHz, 49, 12.41 W
1788686192.745643107,0 %, 2405 MHz, 49, 12.41 W
1788686192.845900702,0 %, 2405 MHz, 49, 12.41 W
1788686192.946006217,0 %, 2405 MHz, 49, 12.41 W
1788686193.046136451,0 %, 2405 MHz, 49, 12.41 W
1788686193.146161198,0 %, 2405 MHz, 49, 12.41 W
1788686193.246451561,0 %, 2405 MHz, 49, 12.43 W
1788686193.346433732,0 %, 2405 MHz, 49, 12.43 W
1788686193.446496767,0 %, 2405 MHz, 49, 12.43 W
1788686193.546022825,0 %, 2405 MHz, 49, 12.43 W
1788686193.647049572,0 %, 2405 MHz, 49, 12.43 W
1788686193.746514015,0 %, 2405 MHz, 49, 12.43 W
1788686193.846791370,0 %, 2405 MHz, 49, 12.43 W
1788686193.947357541,0 %, 2405 MHz, 49, 12.43 W
1788686194.047106800,0 %, 2405 MHz, 49, 12.43 W
1788686194.147647066,0 %, 2405 MHz, 49, 12.43 W
1788686194.247752165,0 %, 2405 MHz, 49, 12.43 W
1788686194.347783936,0 %, 2405 MHz, 49, 12.43 W
1788686194.447757643,0 %, 2405 MHz, 49, 12.43 W
1788686194.547907846,0 %, 2405 MHz, 49, 12.43 W
1788686194.647869473,0 %, 2405 MHz, 49, 12.43 W
1788686194.748062011,0 %, 2405 MHz, 49, 12.42 W
1788686194.848751638,0 %, 2405 MHz, 49, 12.42 W
1788686194.948957729,0 %, 2405 MHz, 49, 12.42 W
1788686195.049131420,0 %, 2405 MHz, 49, 12.42 W
1788686195.149319207,0 %, 2405 MHz, 49, 12.42 W
1788686195.249390049,0 %, 2405 MHz, 49, 12.43 W
1788686195.349540540,0 %, 2405 MHz, 49, 12.43 W
1788686195.449792967,0 %, 2405 MHz, 49, 12.43 W
1788686195.549567730,0 %, 2405 MHz, 49, 12.43 W
1788686195.649613116,0 %, 2405 MHz, 49, 12.43 W
1788686195.750123975,0 %, 2405 MHz, 49, 12.44 W
1788686195.850335698,0 %, 2405 MHz, 49, 12.44 W
1788686195.950579725,0 %, 2405 MHz, 49, 12.44 W
1788686196.050778216,0 %, 2405 MHz, 49, 12.44 W
1788686196.150748402,0 %, 2405 MHz, 49, 12.44 W
1788686196.251179869,0 %, 2405 MHz, 49, 12.45 W
1788686196.351346552,0 %, 2405 MHz, 49, 12.45 W
1788686196.451549427,0 %, 2405 MHz, 49, 12.45 W
1788686196.551282013,0 %, 2405 MHz, 49, 12.45 W
1788686196.651859176,0 %, 2405 MHz, 49, 12.45 W
1788686196.751675731,0 %, 2405 MHz, 49, 12.44 W
1788686196.852224302,0 %, 2405 MHz, 49, 12.44 W
1788686196.952381097,0 %, 2405 MHz, 49, 12.44 W
1788686197.052700355,0 %, 2405 MHz, 49, 12.44 W
1788686197.153178478,0 %, 2405 MHz, 49, 12.44 W
1788686197.253868873,0 %, 2405 MHz, 49, 12.43 W
1788686197.354680212,0 %, 2405 MHz, 49, 12.43 W
1788686197.454493102,0 %, 2405 MHz, 49, 12.43 W
1788686197.554913145,0 %, 2405 MHz, 49, 12.43 W
1788686197.655469812,0 %, 2405 MHz, 49, 12.43 W
1788686197.755032383,0 %, 2405 MHz, 49, 12.44 W
1788686197.855932201,0 %, 2405 MHz, 49, 12.44 W
1788686197.955819908,0 %, 2405 MHz, 49, 12.44 W
1788686198.056309887,0 %, 2405 MHz, 49, 12.44 W
1788686198.156701578,0 %, 2405 MHz, 49, 12.44 W
1788686198.256961604,0 %, 2405 MHz, 49, 12.45 W
1788686198.357314079,0 %, 2405 MHz, 49, 12.45 W
1788686198.457669594,0 %, 2405 MHz, 49, 12.45 W
1788686198.557720437,0 %, 2405 MHz, 49, 12.45 W
1788686198.657890431,0 %, 2405 MHz, 49, 12.45 W
1788686198.757877546,0 %, 2405 MHz, 49, 12.45 W
1788686198.857899285,0 %, 2405 MHz, 49, 12.45 W
1788686198.958233791,0 %, 2405 MHz, 49, 12.45 W
1788686199.058016330,0 %, 2405 MHz, 49, 12.45 W
1788686199.158174837,0 %, 2405 MHz, 49, 12.45 W
1788686199.258441392,0 %, 2405 MHz, 49, 12.46 W
1788686199.358544714,0 %, 2405 MHz, 49, 12.46 W
1788686199.458429749,0 %, 2405 MHz, 49, 12.46 W
1788686199.558810352,0 %, 2405 MHz, 49, 12.46 W
1788686199.658430938,0 %, 2405 MHz, 49, 12.46 W
1788686199.759056437,0 %, 2405 MHz, 49, 12.46 W
1788686199.859135440,0 %, 2405 MHz, 49, 12.46 W
1788686199.959267962,0 %, 2405 MHz, 49, 12.46 W
1788686200.059226245,0 %, 2405 MHz, 49, 12.46 W
1788686200.159565120,0 %, 2405 MHz, 49, 12.46 W
1788686200.259718234,0 %, 2405 MHz, 49, 12.45 W
1788686200.359799093,0 %, 2405 MHz, 49, 12.45 W
1788686200.459947200,0 %, 2405 MHz, 49, 12.45 W
1788686200.559845482,0 %, 2405 MHz, 49, 12.45 W
1788686200.660414629,0 %, 2405 MHz, 49, 12.45 W
1788686200.760991072,0 %, 2405 MHz, 49, 12.45 W
1788686200.860738747,0 %, 2405 MHz, 49, 12.45 W
1788686200.961258661,0 %, 2405 MHz, 49, 12.45 W
1788686201.061428128,0 %, 2405 MHz, 49, 12.45 W
1788686201.161262411,0 %, 2405 MHz, 49, 12.45 W
1788686201.261791429,0 %, 2405 MHz, 49, 12.46 W
1788686201.361905344,0 %, 2405 MHz, 49, 12.46 W
1788686201.462048794,0 %, 2405 MHz, 49, 12.46 W
1788686201.562056117,0 %, 2405 MHz, 49, 12.46 W
1788686201.662461152,0 %, 2405 MHz, 49, 12.46 W
1788686201.762457226,0 %, 2405 MHz, 49, 12.47 W
1788686201.862639717,0 %, 2405 MHz, 49, 12.47 W
1788686201.962446816,0 %, 2405 MHz, 49, 12.47 W
1788686202.062711866,0 %, 2405 MHz, 49, 12.47 W
1788686202.162959573,0 %, 2405 MHz, 49, 12.47 W
1788686202.263112144,0 %, 2405 MHz, 49, 12.50 W
1788686202.362799994,0 %, 2405 MHz, 49, 12.50 W
1788686202.463408133,0 %, 2405 MHz, 49, 12.50 W
1788686202.563306544,0 %, 2405 MHz, 49, 12.50 W
1788686202.663766810,0 %, 2405 MHz, 49, 12.50 W
1788686202.763921301,0 %, 2405 MHz, 49, 12.49 W
1788686202.863534783,0 %, 2405 MHz, 49, 12.49 W
1788686202.964257178,0 %, 2405 MHz, 49, 12.49 W
1788686203.064256693,0 %, 2405 MHz, 49, 12.49 W
1788686203.164617887,0 %, 2405 MHz, 49, 12.49 W
1788686203.264870138,0 %, 2405 MHz, 49, 12.47 W
1788686203.365052484,0 %, 2405 MHz, 49, 12.47 W
1788686203.465272079,0 %, 2405 MHz, 49, 12.47 W
1788686203.564731098,0 %, 2405 MHz, 49, 12.47 W
1788686203.665412996,0 %, 2405 MHz, 49, 12.47 W
1788686203.765863647,0 %, 2405 MHz, 49, 12.49 W
1788686203.865125097,0 %, 2405 MHz, 49, 12.49 W
1788686203.965699764,0 %, 2405 MHz, 49, 12.49 W
1788686204.065858591,0 %, 2405 MHz, 49, 12.49 W
1788686204.166099433,0 %, 2405 MHz, 49, 12.49 W
1788686204.266006996,0 %, 2405 MHz, 49, 12.51 W
1788686204.366695567,0 %, 2405 MHz, 49, 12.51 W
1788686204.466507929,0 %, 2405 MHz, 49, 12.51 W
1788686204.566794932,0 %, 2405 MHz, 49, 12.51 W
1788686204.666933678,0 %, 2405 MHz, 49, 12.51 W
1788686204.767070777,0 %, 2405 MHz, 49, 12.51 W
1788686204.867495443,0 %, 2405 MHz, 49, 12.51 W
1788686204.967870814,0 %, 2405 MHz, 49, 12.51 W
1788686205.067448745,0 %, 2405 MHz, 49, 12.51 W
1788686205.168273603,0 %, 2405 MHz, 49, 12.51 W
1788686205.268672030,0 %, 2405 MHz, 49, 12.48 W
1788686205.368741768,0 %, 2405 MHz, 49, 12.48 W
1788686205.468948035,0 %, 2405 MHz, 49, 12.48 W
1788686205.569055486,0 %, 2405 MHz, 49, 12.48 W
1788686205.669519032,0 %, 2405 MHz, 49, 12.48 W
1788686205.769370979,0 %, 2405 MHz, 49, 12.47 W
1788686205.869296173,0 %, 2405 MHz, 49, 12.47 W
1788686205.969841944,0 %, 2405 MHz, 49, 12.47 W
1788686206.069267826,0 %, 2405 MHz, 49, 12.47 W
1788686206.169206845,0 %, 2405 MHz, 49, 12.47 W
1788686206.269933847,0 %, 2405 MHz, 49, 12.48 W
1788686206.369815058,0 %, 2405 MHz, 49, 12.48 W
1788686206.470507116,0 %, 2405 MHz, 49, 12.48 W
1788686206.570661959,0 %, 2405 MHz, 49, 12.48 W
1788686206.670533730,0 %, 2405 MHz, 49, 12.48 W
1788686206.770855084,0 %, 2405 MHz, 49, 12.48 W
1788686206.871519415,0 %, 2405 MHz, 49, 12.48 W
1788686206.971346017,0 %, 2405 MHz, 49, 12.48 W
1788686207.071460812,0 %, 2405 MHz, 49, 12.48 W
1788686207.172007894,0 %, 2405 MHz, 49, 12.48 W
1788686207.272190737,0 %, 2405 MHz, 49, 12.48 W
1788686207.372361227,0 %, 2405 MHz, 49, 12.48 W
1788686207.472584966,0 %, 2405 MHz, 49, 12.48 W
1788686207.572812048,0 %, 2405 MHz, 49, 12.48 W
1788686207.672971675,0 %, 2405 MHz, 49, 12.48 W
1788686207.773330006,0 %, 2405 MHz, 49, 12.45 W
1788686207.873306176,0 %, 2405 MHz, 49, 12.45 W
1788686207.973697835,0 %, 2405 MHz, 49, 12.45 W
1788686208.073704853,0 %, 2405 MHz, 49, 12.45 W
1788686208.173917728,0 %, 2405 MHz, 49, 12.45 W
1788686208.274066042,0 %, 2405 MHz, 49, 12.44 W
1788686208.374281077,0 %, 2405 MHz, 49, 12.44 W
1788686208.474678175,0 %, 2405 MHz, 49, 12.44 W
1788686208.574565866,0 %, 2405 MHz, 49, 12.44 W
1788686208.674123076,0 %, 2405 MHz, 49, 12.44 W
1788686208.775056319,0 %, 2405 MHz, 49, 12.45 W
1788686208.874400985,0 %, 2405 MHz, 49, 12.45 W
1788686208.975849860,0 %, 2405 MHz, 49, 12.45 W
1788686209.074799934,0 %, 2405 MHz, 49, 12.45 W
1788686209.175226521,0 %, 2405 MHz, 49, 12.45 W
1788686209.275690227,0 %, 2405 MHz, 49, 12.47 W
1788686209.376208414,0 %, 2405 MHz, 49, 12.47 W
1788686209.476185528,0 %, 2405 MHz, 49, 12.47 W
1788686209.576282547,0 %, 2405 MHz, 49, 12.47 W
1788686209.676466093,0 %, 2405 MHz, 49, 12.47 W
1788686209.776529687,0 %, 2405 MHz, 49, 12.49 W
1788686209.876489474,0 %, 2405 MHz, 49, 12.49 W
1788686209.976703740,0 %, 2405 MHz, 49, 12.49 W
1788686210.077131943,0 %, 2405 MHz, 49, 12.49 W
1788686210.177384801,0 %, 2405 MHz, 49, 12.49 W
1788686210.277721756,0 %, 2405 MHz, 49, 12.51 W
1788686210.377820854,0 %, 2405 MHz, 49, 12.51 W
1788686210.478394177,0 %, 2405 MHz, 49, 12.51 W
1788686210.578415803,0 %, 2405 MHz, 49, 12.51 W
1788686210.678978998,0 %, 2405 MHz, 49, 12.51 W
1788686210.779225632,0 %, 2405 MHz, 49, 12.48 W
1788686210.879407803,0 %, 2405 MHz, 49, 12.48 W
1788686210.979767173,0 %, 2405 MHz, 49, 12.48 W
1788686211.079974320,0 %, 2405 MHz, 49, 12.48 W
1788686211.179748442,0 %, 2405 MHz, 49, 12.48 W
1788686211.280233940,0 %, 2405 MHz, 49, 12.50 W
1788686211.380446831,0 %, 2405 MHz, 49, 12.50 W
1788686211.480837929,0 %, 2405 MHz, 49, 12.50 W
1788686211.580691284,0 %, 2405 MHz, 49, 12.50 W
1788686211.681100446,0 %, 2405 MHz, 49, 12.50 W
1788686211.781345513,0 %, 2405 MHz, 49, 12.51 W
1788686211.881830275,0 %, 2405 MHz, 49, 12.51 W
1788686211.982011710,0 %, 2405 MHz, 49, 12.51 W
1788686212.081895592,0 %, 2405 MHz, 49, 12.51 W
1788686212.182297058,0 %, 2405 MHz, 49, 12.51 W
1788686212.282553949,0 %, 2405 MHz, 49, 12.50 W
1788686212.382810615,0 %, 2405 MHz, 49, 12.50 W
1788686212.482992370,0 %, 2405 MHz, 49, 12.50 W
1788686212.582563180,0 %, 2405 MHz, 49, 12.50 W
1788686212.683036662,0 %, 2405 MHz, 49, 12.50 W
1788686212.783079457,0 %, 2405 MHz, 49, 12.49 W
1788686212.883533419,0 %, 2405 MHz, 49, 12.49 W
1788686212.983978022,0 %, 2405 MHz, 49, 12.49 W
1788686213.083885472,0 %, 2405 MHz, 49, 12.49 W
1788686213.184584107,0 %, 2405 MHz, 49, 12.49 W
1788686213.284261429,0 %, 2405 MHz, 49, 12.47 W
1788686213.384547407,0 %, 2405 MHz, 49, 12.47 W
1788686213.485025066,0 %, 2405 MHz, 49, 12.47 W
1788686213.584855140,0 %, 2405 MHz, 49, 12.47 W
1788686213.685385167,0 %, 2405 MHz, 49, 12.47 W
1788686213.785314217,0 %, 2405 MHz, 49, 12.47 W
1788686213.885580419,0 %, 2405 MHz, 49, 12.47 W
1788686213.985862830,0 %, 2405 MHz, 49, 12.47 W
1788686214.086036856,0 %, 2405 MHz, 49, 12.47 W
1788686214.185888322,0 %, 2405 MHz, 49, 12.47 W
1788686214.286316749,0 %, 2405 MHz, 49, 12.47 W
1788686214.386574327,0 %, 2405 MHz, 49, 12.47 W
1788686214.486813714,0 %, 2405 MHz, 49, 12.47 W
1788686214.586581804,0 %, 2405 MHz, 49, 12.47 W
1788686214.686938758,0 %, 2405 MHz, 49, 12.47 W
1788686214.787038705,0 %, 2405 MHz, 49, 12.47 W
1788686214.887752507,0 %, 2405 MHz, 49, 12.47 W
1788686214.988036070,0 %, 2405 MHz, 49, 12.47 W
1788686215.088185888,0 %, 2405 MHz, 49, 12.47 W
1788686215.187959050,0 %, 2405 MHz, 49, 12.47 W
1788686215.288460357,0 %, 2405 MHz, 49, 12.47 W
1788686215.388736703,0 %, 2405 MHz, 49, 12.47 W
1788686215.489151241,0 %, 2405 MHz, 49, 12.47 W
1788686215.588996468,0 %, 2405 MHz, 49, 12.47 W
1788686215.689513918,0 %, 2405 MHz, 49, 12.47 W
1788686215.789728552,0 %, 2405 MHz, 49, 12.47 W
1788686215.889886547,0 %, 2405 MHz, 49, 12.47 W
1788686215.990101549,0 %, 2405 MHz, 49, 12.47 W
1788686216.090307735,0 %, 2405 MHz, 49, 12.47 W
1788686216.190727570,0 %, 2405 MHz, 49, 12.47 W
1788686216.290389212,0 %, 2405 MHz, 49, 12.47 W
1788686216.390706838,0 %, 2405 MHz, 49, 12.47 W
1788686216.491277761,0 %, 2405 MHz, 49, 12.47 W
1788686216.591337307,0 %, 2405 MHz, 49, 12.47 W
1788686216.690775685,0 %, 2405 MHz, 49, 12.47 W
1788686216.791776304,0 %, 2405 MHz, 49, 12.49 W
1788686216.891891242,0 %, 2405 MHz, 49, 12.49 W
1788686216.991726564,0 %, 2405 MHz, 49, 12.49 W
1788686217.092247199,0 %, 2405 MHz, 49, 12.49 W
1788686217.192030729,0 %, 2405 MHz, 49, 12.49 W
1788686217.292686291,0 %, 2405 MHz, 49, 12.51 W
1788686217.392609694,0 %, 2405 MHz, 49, 12.51 W
1788686217.492929160,0 %, 2405 MHz, 49, 12.51 W
1788686217.593027394,0 %, 2405 MHz, 49, 12.51 W
1788686217.693015421,0 %, 2405 MHz, 49, 12.51 W
1788686217.793753047,0 %, 2405 MHz, 49, 12.51 W
1788686217.893707169,0 %, 2405 MHz, 49, 12.51 W
1788686217.994309228,0 %, 2405 MHz, 49, 12.51 W
1788686218.094310934,0 %, 2405 MHz, 49, 12.51 W
1788686218.194492560,0 %, 2405 MHz, 49, 12.51 W
1788686218.294723162,0 %, 2405 MHz, 49, 12.52 W
1788686218.394605877,0 %, 2405 MHz, 49, 12.52 W
1788686218.494785439,0 %, 2405 MHz, 49, 12.52 W
1788686218.595290009,0 %, 2405 MHz, 49, 12.52 W
1788686218.695492820,0 %, 2405 MHz, 49, 12.52 W
1788686218.795336926,0 %, 2405 MHz, 49, 12.52 W
1788686218.895929480,0 %, 2405 MHz, 49, 12.52 W
1788686218.996118322,0 %, 2405 MHz, 49, 12.52 W
1788686219.096201357,0 %, 2405 MHz, 49, 12.52 W
1788686219.196107799,0 %, 2405 MHz, 49, 12.52 W
1788686219.296385633,0 %, 2405 MHz, 49, 12.51 W
1788686219.396310219,0 %, 2405 MHz, 49, 12.51 W
1788686219.496379382,0 %, 2405 MHz, 49, 12.51 W
1788686219.596756000,0 %, 2405 MHz, 49, 12.51 W
1788686219.696093194,0 %, 2405 MHz, 49, 12.51 W
1788686219.796618501,0 %, 2405 MHz, 49, 12.52 W
1788686219.897344911,0 %, 2405 MHz, 49, 12.52 W
1788686219.997137065,0 %, 2405 MHz, 49, 12.52 W
1788686220.097396675,0 %, 2405 MHz, 49, 12.52 W
1788686220.197228894,0 %, 2405 MHz, 49, 12.52 W
1788686220.298157048,0 %, 2405 MHz, 49, 12.53 W
1788686220.398152770,0 %, 2405 MHz, 49, 12.53 W
1788686220.498114236,0 %, 2405 MHz, 49, 12.53 W
1788686220.598513943,0 %, 2405 MHz, 49, 12.53 W
1788686220.698953185,0 %, 2405 MHz, 49, 12.53 W
1788686220.798900795,0 %, 2405 MHz, 49, 12.54 W
1788686220.899122261,0 %, 2405 MHz, 49, 12.54 W
1788686220.999354656,0 %, 2405 MHz, 49, 12.54 W
1788686221.099339850,0 %, 2405 MHz, 49, 12.54 W
1788686221.199565028,0 %, 2405 MHz, 49, 12.54 W
1788686221.299800494,0 %, 2405 MHz, 49, 12.55 W
1788686221.400259065,0 %, 2405 MHz, 49, 12.55 W
1788686221.499950147,0 %, 2405 MHz, 49, 12.55 W
1788686221.599888029,0 %, 2405 MHz, 49, 12.55 W
1788686221.700100775,0 %, 2405 MHz, 49, 12.55 W
1788686221.800537265,0 %, 2405 MHz, 49, 12.53 W
1788686221.900798492,0 %, 2405 MHz, 49, 12.53 W
1788686222.001267174,0 %, 2405 MHz, 49, 12.53 W
1788686222.101078560,0 %, 2405 MHz, 49, 12.53 W
1788686222.200844314,0 %, 2405 MHz, 49, 12.53 W
1788686222.301861061,0 %, 2405 MHz, 49, 12.52 W
1788686222.401613759,0 %, 2405 MHz, 49, 12.52 W
1788686222.502201913,0 %, 2405 MHz, 49, 12.52 W
1788686222.602207459,0 %, 2405 MHz, 49, 12.52 W
1788686222.702511629,0 %, 2405 MHz, 49, 12.52 W
1788686222.802845816,0 %, 2405 MHz, 49, 12.53 W
1788686222.903133874,0 %, 2405 MHz, 49, 12.53 W
1788686223.003134796,0 %, 2405 MHz, 49, 12.53 W
1788686223.102771686,0 %, 2405 MHz, 49, 12.53 W
1788686223.203425872,0 %, 2405 MHz, 49, 12.53 W
1788686223.303542075,0 %, 2405 MHz, 49, 12.53 W
1788686223.403692261,0 %, 2405 MHz, 49, 12.53 W
1788686223.503809807,0 %, 2405 MHz, 49, 12.53 W
1788686223.603877801,0 %, 2405 MHz, 49, 12.53 W
1788686223.704077491,0 %, 2405 MHz, 49, 12.53 W
1788686223.804521405,0 %, 2405 MHz, 49, 12.52 W
1788686223.904535000,0 %, 2405 MHz, 49, 12.52 W
1788686224.004735266,0 %, 2405 MHz, 49, 12.52 W
1788686224.104693980,0 %, 2405 MHz, 49, 12.52 W
1788686224.204809414,0 %, 2405 MHz, 49, 12.52 W
1788686224.305522896,0 %, 2405 MHz, 49, 12.52 W
1788686224.406033739,0 %, 2405 MHz, 49, 12.52 W
1788686224.506032581,0 %, 2405 MHz, 49, 12.52 W
1788686224.605830559,0 %, 2405 MHz, 49, 12.52 W
1788686224.706223225,0 %, 2405 MHz, 49, 12.52 W
1788686224.806325395,0 %, 2405 MHz, 49, 12.55 W
1788686224.906514077,0 %, 2405 MHz, 49, 12.55 W
1788686225.006697671,0 %, 2405 MHz, 49, 12.55 W
1788686225.106757410,0 %, 2405 MHz, 49, 12.55 W
1788686225.207074316,0 %, 2405 MHz, 49, 12.55 W
1788686225.307374134,0 %, 2405 MHz, 49, 12.54 W
1788686225.407935776,0 %, 2405 MHz, 49, 12.54 W
1788686225.507787674,0 %, 2405 MHz, 49, 12.54 W
1788686225.607936436,0 %, 2405 MHz, 49, 12.54 W
1788686225.708745103,0 %, 2405 MHz, 49, 12.54 W
1788686225.808931257,0 %, 2405 MHz, 49, 12.53 W
1788686225.908655171,0 %, 2405 MHz, 49, 12.53 W
1788686226.009348397,0 %, 2405 MHz, 49, 12.53 W
1788686226.109469255,0 %, 2405 MHz, 49, 12.53 W
1788686226.209569169,0 %, 2405 MHz, 49, 12.53 W
1788686226.309932539,0 %, 2405 MHz, 49, 12.55 W
1788686226.409565477,0 %, 2405 MHz, 49, 12.55 W
1788686226.510222512,0 %, 2405 MHz, 49, 12.55 W
1788686226.609689578,0 %, 2405 MHz, 49, 12.55 W
1788686226.710561636,0 %, 2405 MHz, 49, 12.55 W
1788686226.810972494,0 %, 2405 MHz, 49, 12.56 W
1788686226.911327128,0 %, 2405 MHz, 49, 12.56 W
1788686227.010747378,0 %, 2405 MHz, 49, 12.56 W
1788686227.111319180,0 %, 2405 MHz, 49, 12.56 W
1788686227.211784790,0 %, 2405 MHz, 49, 12.56 W
1788686227.311932640,0 %, 2405 MHz, 49, 12.56 W
1788686227.412125787,0 %, 2405 MHz, 49, 12.56 W
1788686227.512351429,0 %, 2405 MHz, 49, 12.56 W
1788686227.612689775,0 %, 2405 MHz, 49, 12.56 W
1788686227.712516153,0 %, 2405 MHz, 49, 12.56 W
1788686227.812996675,0 %, 2405 MHz, 49, 12.53 W
1788686227.913342621,0 %, 2405 MHz, 49, 12.53 W
1788686228.013560871,0 %, 2405 MHz, 49, 12.53 W
1788686228.113761489,0 %, 2405 MHz, 49, 12.53 W
1788686228.213930443,0 %, 2405 MHz, 49, 12.53 W
1788686228.314077637,0 %, 2405 MHz, 49, 12.51 W
1788686228.414435536,0 %, 2405 MHz, 49, 12.51 W
1788686228.514530074,0 %, 2405 MHz, 49, 12.51 W
1788686228.614460436,0 %, 2405 MHz, 49, 12.51 W
1788686228.714884366,0 %, 2405 MHz, 49, 12.51 W
1788686228.814802600,0 %, 2405 MHz, 49, 12.52 W
1788686228.915215074,0 %, 2405 MHz, 49, 12.52 W
1788686229.015292284,0 %, 2405 MHz, 49, 12.52 W
1788686229.114903782,0 %, 2405 MHz, 49, 12.52 W
1788686229.215684672,0 %, 2405 MHz, 49, 12.52 W
1788686229.316079130,0 %, 2405 MHz, 49, 12.54 W
1788686229.416294772,0 %, 2405 MHz, 49, 12.54 W
1788686229.516597870,0 %, 2405 MHz, 49, 12.54 W
1788686229.616729416,0 %, 2405 MHz, 49, 12.54 W
1788686229.716307506,0 %, 2405 MHz, 49, 12.54 W
1788686229.817134988,0 %, 2405 MHz, 49, 12.56 W
1788686229.917707319,0 %, 2405 MHz, 49, 12.56 W
1788686230.016865361,0 %, 2405 MHz, 49, 12.56 W
1788686230.117724843,0 %, 2405 MHz, 49, 12.56 W
1788686230.217967749,0 %, 2405 MHz, 49, 12.56 W
1788686230.318158751,0 %, 2405 MHz, 49, 12.55 W
1788686230.418295257,0 %, 2405 MHz, 49, 12.55 W
1788686230.518557891,0 %, 2405 MHz, 49, 12.55 W
1788686230.618793357,0 %, 2405 MHz, 49, 12.55 W
1788686230.718104359,0 %, 2405 MHz, 49, 12.55 W
1788686230.819122097,0 %, 2405 MHz, 49, 12.53 W
1788686230.919440843,0 %, 2405 MHz, 49, 12.53 W
1788686231.019702789,0 %, 2405 MHz, 49, 12.53 W
1788686231.119454319,0 %, 2405 MHz, 49, 12.53 W
1788686231.220130457,0 %, 2405 MHz, 49, 12.53 W
1788686231.320279907,0 %, 2405 MHz, 49, 12.53 W
1788686231.420555069,0 %, 2405 MHz, 49, 12.53 W
1788686231.520768903,0 %, 2405 MHz, 49, 12.53 W
1788686231.620985137,0 %, 2405 MHz, 49, 12.53 W
1788686231.721108843,0 %, 2405 MHz, 49, 12.53 W
1788686231.821276789,0 %, 2405 MHz, 49, 12.52 W
1788686231.921552975,0 %, 2405 MHz, 49, 12.52 W
1788686232.021742377,0 %, 2405 MHz, 49, 12.52 W
1788686232.122011027,0 %, 2405 MHz, 49, 12.52 W
1788686232.222015005,0 %, 2405 MHz, 49, 12.52 W
1788686232.321790263,0 %, 2405 MHz, 49, 12.53 W
1788686232.422380001,0 %, 2405 MHz, 49, 12.53 W
1788686232.522315579,0 %, 2405 MHz, 49, 12.53 W
1788686232.622362517,0 %, 2405 MHz, 49, 12.53 W
1788686232.722884655,0 %, 2405 MHz, 49, 12.53 W
1788686232.822616553,0 %, 2405 MHz, 49, 12.55 W
1788686232.922514851,0 %, 2405 MHz, 49, 12.55 W
1788686233.023265277,0 %, 2405 MHz, 49, 12.55 W
1788686233.123112567,0 %, 2405 MHz, 49, 12.55 W
1788686233.223736481,0 %, 2405 MHz, 49, 12.55 W
1788686233.323927131,0 %, 2405 MHz, 49, 12.55 W
1788686233.424092325,0 %, 2405 MHz, 49, 12.55 W
1788686233.524259423,0 %, 2405 MHz, 49, 12.55 W
1788686233.624110857,0 %, 2405 MHz, 49, 12.55 W
1788686233.724740963,0 %, 2405 MHz, 49, 12.55 W
1788686233.824506237,0 %, 2405 MHz, 49, 12.57 W
1788686233.925357751,0 %, 2405 MHz, 49, 12.57 W
1788686234.025293121,0 %, 2405 MHz, 49, 12.57 W
1788686234.125576075,0 %, 2405 MHz, 49, 12.57 W
1788686234.225276053,0 %, 2405 MHz, 49, 12.57 W
1788686234.325724255,0 %, 2405 MHz, 49, 12.60 W
1788686234.426089993,0 %, 2405 MHz, 49, 12.60 W
1788686234.526220787,0 %, 2405 MHz, 49, 12.60 W
1788686234.626551533,0 %, 2405 MHz, 49, 12.60 W
1788686234.726308359,0 %, 2405 MHz, 49, 12.60 W
1788686234.826081249,0 %, 2405 MHz, 50, 12.63 W
1788686234.927026491,0 %, 2405 MHz, 50, 12.63 W
1788686235.026826132,0 %, 2405 MHz, 50, 12.63 W
1788686235.127088766,0 %, 2405 MHz, 50, 12.63 W
1788686235.226996488,0 %, 2405 MHz, 50, 12.63 W
1788686235.327420162,0 %, 2405 MHz, 50, 12.62 W
1788686235.427703820,0 %, 2405 MHz, 50, 12.62 W
1788686235.528257558,0 %, 2405 MHz, 50, 12.62 W
1788686235.628746096,0 %, 2405 MHz, 50, 12.62 W
1788686235.728902906,0 %, 2405 MHz, 50, 12.62 W
1788686235.828980436,0 %, 2405 MHz, 50, 12.69 W
1788686235.928943966,0 %, 2405 MHz, 50, 12.69 W
1788686236.028803384,0 %, 2405 MHz, 50, 12.69 W
1788686236.129746578,0 %, 2405 MHz, 50, 12.69 W
1788686236.229904380,0 %, 2405 MHz, 50, 12.69 W
1788686236.329674214,0 %, 2405 MHz, 50, 13.09 W
1788686236.430340400,0 %, 2405 MHz, 50, 13.09 W
1788686236.530449194,0 %, 2405 MHz, 50, 13.09 W
1788686236.630733875,0 %, 2405 MHz, 50, 13.09 W
1788686236.730882301,0 %, 2405 MHz, 50, 13.09 W
1788686236.830855591,0 %, 2405 MHz, 50, 12.99 W
1788686236.931032945,0 %, 2405 MHz, 50, 12.99 W
1788686237.031406539,0 %, 2405 MHz, 50, 12.99 W
1788686237.131933573,0 %, 2405 MHz, 50, 12.99 W
1788686237.231900255,0 %, 2405 MHz, 50, 12.58 W
1788686237.332079161,0 %, 2405 MHz, 50, 12.58 W
1788686237.432553923,0 %, 2405 MHz, 50, 12.58 W
1788686237.532736077,0 %, 2405 MHz, 50, 12.58 W
1788686237.632915398,0 %, 2405 MHz, 50, 12.58 W
1788686237.733066608,0 %, 2405 MHz, 50, 12.57 W
1788686237.833048426,0 %, 2405 MHz, 50, 12.57 W
1788686237.933658292,0 %, 2405 MHz, 50, 12.57 W
1788686238.033780638,0 %, 2405 MHz, 50, 12.57 W
1788686238.133880984,0 %, 2405 MHz, 50, 12.57 W
1788686238.233570242,0 %, 2405 MHz, 50, 12.57 W
1788686238.333831276,0 %, 2405 MHz, 50, 12.57 W
1788686238.434166597,0 %, 2405 MHz, 50, 12.57 W
1788686238.534139855,0 %, 2405 MHz, 50, 12.57 W
1788686238.634657289,0 %, 2405 MHz, 50, 12.57 W
1788686238.734597187,0 %, 2405 MHz, 50, 12.58 W
1788686238.835028653,0 %, 2405 MHz, 50, 12.58 W
1788686238.935251335,0 %, 2405 MHz, 50, 12.58 W
1788686239.035121105,0 %, 2405 MHz, 50, 12.58 W
1788686239.135240843,0 %, 2405 MHz, 50, 12.58 W
1788686239.235380708,0 %, 2405 MHz, 50, 12.60 W
1788686239.336024270,0 %, 2405 MHz, 50, 12.60 W
1788686239.435756728,0 %, 2405 MHz, 50, 12.60 W
1788686239.536244690,0 %, 2405 MHz, 50, 12.60 W
1788686239.636639404,0 %, 2405 MHz, 50, 12.60 W
1788686239.736310134,0 %, 2405 MHz, 50, 12.60 W
1788686239.836919504,0 %, 2405 MHz, 50, 12.60 W
1788686239.937111577,0 %, 2405 MHz, 50, 12.60 W
1788686240.037314467,0 %, 2405 MHz, 50, 12.60 W
1788686240.137683341,0 %, 2405 MHz, 50, 12.60 W
1788686240.237834535,0 %, 2405 MHz, 50, 12.60 W
1788686240.338005825,0 %, 2405 MHz, 50, 12.60 W
1788686240.438203659,0 %, 2405 MHz, 50, 12.60 W
1788686240.538044516,0 %, 2405 MHz, 50, 12.60 W
1788686240.638776302,0 %, 2405 MHz, 50, 12.60 W
1788686240.738892632,0 %, 2405 MHz, 50, 12.60 W
1788686240.839394066,0 %, 2405 MHz, 50, 12.60 W
1788686240.939519980,0 %, 2405 MHz, 50, 12.60 W
1788686241.039702438,0 %, 2405 MHz, 50, 12.60 W
1788686241.140240608,0 %, 2405 MHz, 50, 12.60 W
1788686241.240304873,0 %, 2405 MHz, 50, 12.59 W
1788686241.340449187,0 %, 2405 MHz, 50, 12.59 W
1788686241.440666541,0 %, 2405 MHz, 50, 12.59 W
1788686241.541027015,0 %, 2405 MHz, 50, 12.59 W
1788686241.640680129,0 %, 2405 MHz, 50, 12.59 W
1788686241.741083034,0 %, 2405 MHz, 50, 12.59 W
1788686241.841154228,0 %, 2405 MHz, 50, 12.59 W
1788686241.941603406,0 %, 2405 MHz, 50, 12.59 W
1788686242.042001208,0 %, 2405 MHz, 50, 12.59 W
1788686242.142514434,0 %, 2405 MHz, 50, 12.59 W
1788686242.242638347,0 %, 2405 MHz, 50, 12.61 W
1788686242.342808981,0 %, 2405 MHz, 50, 12.61 W
1788686242.443439247,0 %, 2405 MHz, 50, 12.61 W
1788686242.543551561,0 %, 2405 MHz, 50, 12.61 W
1788686242.643361459,0 %, 2405 MHz, 50, 12.61 W
1788686242.744527852,0 %, 2405 MHz, 50, 12.60 W
1788686242.844905526,0 %, 2405 MHz, 50, 12.60 W
1788686242.945320656,0 %, 2405 MHz, 50, 12.60 W
1788686243.045527626,0 %, 2405 MHz, 50, 12.60 W
1788686243.145639716,0 %, 2405 MHz, 50, 12.60 W
1788686243.245731245,0 %, 2405 MHz, 50, 12.59 W
1788686243.345754631,0 %, 2405 MHz, 50, 12.59 W
1788686243.446446225,0 %, 2405 MHz, 50, 12.59 W
1788686243.546959067,0 %, 2405 MHz, 50, 12.59 W
1788686243.647003013,0 %, 2405 MHz, 50, 12.59 W
1788686243.747076622,0 %, 2405 MHz, 50, 12.56 W
1788686243.847771640,0 %, 2405 MHz, 50, 12.56 W
1788686243.948375090,0 %, 2405 MHz, 50, 12.56 W
1788686244.048489660,0 %, 2405 MHz, 50, 12.56 W
1788686244.148914326,0 %, 2405 MHz, 50, 12.56 W
1788686244.248967295,0 %, 2405 MHz, 50, 12.54 W
1788686244.349465865,0 %, 2405 MHz, 50, 12.54 W
1788686244.449986019,0 %, 2405 MHz, 50, 12.54 W
1788686244.550434701,0 %, 2405 MHz, 50, 12.54 W
1788686244.651019910,0 %, 2405 MHz, 50, 12.54 W
1788686244.750936800,0 %, 2405 MHz, 50, 12.55 W
1788686244.851430794,0 %, 2405 MHz, 50, 12.55 W
1788686244.951654516,0 %, 2405 MHz, 50, 12.55 W
1788686245.052101629,0 %, 2405 MHz, 50, 12.55 W
1788686245.152614119,0 %, 2405 MHz, 50, 12.55 W
1788686245.252834769,0 %, 2405 MHz, 50, 12.56 W
1788686245.353330907,0 %, 2405 MHz, 50, 12.56 W
1788686245.453988740,0 %, 2405 MHz, 50, 12.56 W
1788686245.554148574,0 %, 2405 MHz, 50, 12.56 W
1788686245.654624024,0 %, 2405 MHz, 50, 12.56 W
1788686245.755339106,0 %, 2405 MHz, 50, 12.56 W
1788686245.855821324,0 %, 2405 MHz, 50, 12.56 W
1788686245.956313349,0 %, 2405 MHz, 50, 12.56 W
1788686246.056783407,0 %, 2405 MHz, 50, 12.56 W
1788686246.157254985,0 %, 2405 MHz, 50, 12.56 W
1788686246.257654611,0 %, 2405 MHz, 50, 12.57 W
1788686246.357550028,0 %, 2405 MHz, 50, 12.57 W
1788686246.457798566,0 %, 2405 MHz, 50, 12.57 W
1788686246.558737440,0 %, 2405 MHz, 50, 12.57 W
1788686246.658884137,0 %, 2405 MHz, 50, 12.57 W
1788686246.758980051,0 %, 2405 MHz, 50, 12.57 W
1788686246.859050429,0 %, 2405 MHz, 50, 12.57 W
1788686246.959694551,0 %, 2405 MHz, 50, 12.57 W
1788686247.059351200,0 %, 2405 MHz, 50, 12.57 W
1788686247.159564922,0 %, 2405 MHz, 50, 12.57 W
1788686247.260041188,0 %, 2405 MHz, 50, 12.55 W
1788686247.359794813,0 %, 2405 MHz, 50, 12.55 W
1788686247.460429367,0 %, 2405 MHz, 50, 12.55 W
1788686247.560985201,0 %, 2405 MHz, 50, 12.55 W
1788686247.661027162,0 %, 2405 MHz, 50, 12.55 W
1788686247.761245524,0 %, 2405 MHz, 50, 12.57 W
1788686247.862193246,0 %, 2405 MHz, 50, 12.57 W
1788686247.962588600,0 %, 2405 MHz, 50, 12.57 W
1788686248.063008801,0 %, 2405 MHz, 50, 12.57 W
1788686248.163380395,0 %, 2405 MHz, 50, 12.57 W
1788686248.263621957,0 %, 2405 MHz, 50, 12.60 W
1788686248.364075774,0 %, 2405 MHz, 50, 12.60 W
1788686248.464575640,0 %, 2405 MHz, 50, 12.60 W
1788686248.564741730,0 %, 2405 MHz, 50, 12.60 W
1788686248.664642715,0 %, 2405 MHz, 50, 12.60 W
1788686248.765304677,0 %, 2405 MHz, 50, 12.60 W
1788686248.865172479,0 %, 2405 MHz, 50, 12.60 W
1788686248.965979752,0 %, 2405 MHz, 50, 12.60 W
1788686249.066462594,0 %, 2405 MHz, 50, 12.60 W
1788686249.166887980,0 %, 2405 MHz, 50, 12.60 W
1788686249.267418837,0 %, 2405 MHz, 50, 12.58 W
1788686249.367391295,0 %, 2405 MHz, 50, 12.58 W
1788686249.468179657,0 %, 2405 MHz, 50, 12.58 W
1788686249.568365187,0 %, 2405 MHz, 50, 12.58 W
1788686249.668556476,0 %, 2405 MHz, 50, 12.58 W
1788686249.768713398,0 %, 2405 MHz, 50, 12.58 W
1788686249.869114687,0 %, 2405 MHz, 50, 12.58 W
1788686249.969631465,0 %, 2405 MHz, 50, 12.58 W
1788686250.069777603,0 %, 2405 MHz, 50, 12.58 W
1788686250.170006924,0 %, 2405 MHz, 50, 12.58 W
1788686250.270362294,0 %, 2405 MHz, 50, 12.60 W
1788686250.370950960,0 %, 2405 MHz, 50, 12.60 W
1788686250.471066889,0 %, 2405 MHz, 50, 12.60 W
1788686250.571289171,0 %, 2405 MHz, 50, 12.60 W
1788686250.671460253,0 %, 2405 MHz, 50, 12.60 W
1788686250.771949926,0 %, 2405 MHz, 50, 12.62 W
1788686250.872445584,0 %, 2405 MHz, 50, 12.62 W
1788686250.972889946,0 %, 2405 MHz, 50, 12.62 W
1788686251.073729283,0 %, 2405 MHz, 50, 12.62 W
1788686251.173704797,0 %, 2405 MHz, 50, 12.62 W
1788686251.274068583,0 %, 2405 MHz, 50, 12.61 W
1788686251.374539488,0 %, 2405 MHz, 50, 12.61 W
1788686251.475190186,0 %, 2405 MHz, 50, 12.61 W
1788686251.575611075,0 %, 2405 MHz, 50, 12.61 W
1788686251.676031725,0 %, 2405 MHz, 50, 12.61 W
1788686251.776370999,0 %, 2405 MHz, 50, 12.60 W
1788686251.876866240,0 %, 2405 MHz, 50, 12.60 W
1788686251.977319402,0 %, 2405 MHz, 50, 12.60 W
1788686252.077632116,0 %, 2405 MHz, 50, 12.60 W
1788686252.177704797,0 %, 2405 MHz, 50, 12.60 W
1788686252.278389447,0 %, 2405 MHz, 50, 12.61 W
1788686252.378597168,0 %, 2405 MHz, 50, 12.61 W
1788686252.479111946,0 %, 2405 MHz, 50, 12.61 W
1788686252.579168708,0 %, 2405 MHz, 50, 12.61 W
1788686252.679627533,0 %, 2405 MHz, 50, 12.61 W
1788686252.780147575,0 %, 2405 MHz, 50, 12.61 W
1788686252.880604513,0 %, 2405 MHz, 50, 12.61 W
1788686252.981078634,0 %, 2405 MHz, 50, 12.61 W
1788686253.081385076,0 %, 2405 MHz, 50, 12.61 W
1788686253.181650141,0 %, 2405 MHz, 50, 12.61 W
1788686253.281194567,0 %, 2405 MHz, 50, 12.61 W
1788686253.382152624,0 %, 2405 MHz, 50, 12.61 W
1788686253.482403162,0 %, 2405 MHz, 50, 12.61 W
1788686253.582565444,0 %, 2405 MHz, 50, 12.61 W
1788686253.683088189,0 %, 2405 MHz, 50, 12.61 W
1788686253.783037463,0 %, 2405 MHz, 50, 12.63 W
1788686253.883621376,0 %, 2405 MHz, 50, 12.63 W
1788686253.983933338,0 %, 2405 MHz, 50, 12.63 W
1788686254.084374164,0 %, 2405 MHz, 50, 12.63 W
1788686254.184869517,0 %, 2405 MHz, 50, 12.63 W
1788686254.285358471,0 %, 2405 MHz, 50, 12.64 W
1788686254.385860368,0 %, 2405 MHz, 50, 12.64 W
1788686254.486334538,0 %, 2405 MHz, 50, 12.64 W
1788686254.586830467,0 %, 2405 MHz, 50, 12.64 W
1788686254.687287261,0 %, 2405 MHz, 50, 12.64 W
1788686254.787319783,0 %, 2405 MHz, 50, 12.63 W
1788686254.887850512,0 %, 2405 MHz, 50, 12.63 W
1788686254.988067306,0 %, 2405 MHz, 50, 12.63 W
1788686255.088559731,0 %, 2405 MHz, 50, 12.63 W
1788686255.189028365,0 %, 2405 MHz, 50, 12.63 W
1788686255.289436502,0 %, 2405 MHz, 50, 12.64 W
1788686255.389278160,0 %, 2405 MHz, 50, 12.64 W
1788686255.490030761,0 %, 2405 MHz, 50, 12.64 W
1788686255.590519987,0 %, 2405 MHz, 50, 12.64 W
1788686255.690726253,0 %, 2405 MHz, 50, 12.64 W
1788686255.791164166,0 %, 2405 MHz, 50, 12.64 W
1788686255.891416160,0 %, 2405 MHz, 50, 12.64 W
1788686255.991911593,0 %, 2405 MHz, 50, 12.64 W
1788686256.092425043,0 %, 2405 MHz, 50, 12.64 W
1788686256.192867212,0 %, 2405 MHz, 50, 12.64 W
1788686256.292911094,0 %, 2405 MHz, 50, 12.61 W
1788686256.393247503,0 %, 2405 MHz, 50, 12.61 W
1788686256.493686505,0 %, 2405 MHz, 50, 12.61 W
1788686256.594352674,0 %, 2405 MHz, 50, 12.61 W
1788686256.694611228,0 %, 2405 MHz, 50, 12.61 W
1788686256.795332005,0 %, 2405 MHz, 50, 12.61 W
1788686256.895907791,0 %, 2405 MHz, 50, 12.61 W
1788686256.996262713,0 %, 2405 MHz, 50, 12.61 W
1788686257.096781586,0 %, 2405 MHz, 50, 12.61 W
1788686257.196925356,0 %, 2405 MHz, 50, 12.61 W
1788686257.297129285,0 %, 2405 MHz, 50, 12.60 W
1788686257.397928751,0 %, 2405 MHz, 50, 12.60 W
1788686257.498394072,0 %, 2405 MHz, 50, 12.60 W
1788686257.598467666,0 %, 2405 MHz, 50, 12.60 W
1788686257.698982363,0 %, 2405 MHz, 50, 12.60 W
1788686257.799556917,0 %, 2405 MHz, 50, 12.61 W
1788686257.899974990,0 %, 2405 MHz, 50, 12.61 W
1788686258.000448280,0 %, 2405 MHz, 50, 12.61 W
1788686258.100933345,0 %, 2405 MHz, 50, 12.61 W
1788686258.201574107,0 %, 2405 MHz, 50, 12.61 W
1788686258.301623652,0 %, 2405 MHz, 50, 12.62 W
1788686258.401702190,0 %, 2405 MHz, 50, 12.62 W
1788686258.501842503,0 %, 2405 MHz, 50, 12.62 W
1788686258.601658417,0 %, 2405 MHz, 50, 12.62 W
1788686258.702056922,0 %, 2405 MHz, 50, 12.62 W
1788686258.802091284,0 %, 2405 MHz, 50, 12.61 W
1788686258.902551133,0 %, 2405 MHz, 50, 12.61 W
1788686259.003012247,0 %, 2405 MHz, 50, 12.61 W
1788686259.103462160,0 %, 2405 MHz, 50, 12.61 W
1788686259.203950393,0 %, 2405 MHz, 50, 12.61 W
1788686259.304078403,0 %, 2405 MHz, 50, 12.63 W
1788686259.404125452,0 %, 2405 MHz, 50, 12.63 W
1788686259.504806390,0 %, 2405 MHz, 50, 12.63 W
1788686259.605001167,0 %, 2405 MHz, 50, 12.63 W
1788686259.705492729,0 %, 2405 MHz, 50, 12.63 W
1788686259.805470130,0 %, 2405 MHz, 50, 12.62 W
1788686259.906075276,0 %, 2405 MHz, 50, 12.62 W
1788686260.006489605,0 %, 2405 MHz, 50, 12.62 W
1788686260.107065375,0 %, 2405 MHz, 50, 12.62 W
1788686260.207533480,0 %, 2405 MHz, 50, 12.62 W
1788686260.307973218,0 %, 2405 MHz, 50, 12.63 W
1788686260.408502875,0 %, 2405 MHz, 50, 12.63 W
1788686260.508931957,0 %, 2405 MHz, 50, 12.63 W
1788686260.609404990,0 %, 2405 MHz, 50, 12.63 W
1788686260.709959527,0 %, 2405 MHz, 50, 12.63 W
1788686260.810369425,0 %, 2405 MHz, 50, 12.65 W
1788686260.911052698,0 %, 2405 MHz, 50, 12.65 W
1788686261.010793236,0 %, 2405 MHz, 50, 12.65 W
1788686261.110833917,0 %, 2405 MHz, 50, 12.65 W
1788686261.211357991,0 %, 2405 MHz, 50, 12.65 W
1788686261.311968736,0 %, 2405 MHz, 50, 12.65 W
1788686261.411570153,0 %, 2405 MHz, 50, 12.65 W
1788686261.512272163,0 %, 2405 MHz, 50, 12.65 W
1788686261.612171068,0 %, 2405 MHz, 50, 12.65 W
1788686261.712909286,0 %, 2405 MHz, 50, 12.65 W
1788686261.813312463,0 %, 2405 MHz, 50, 12.65 W
1788686261.913553385,0 %, 2405 MHz, 50, 12.65 W
1788686262.013594978,0 %, 2405 MHz, 50, 12.65 W
1788686262.114105035,0 %, 2405 MHz, 50, 12.65 W
1788686262.214363797,0 %, 2405 MHz, 50, 12.65 W
1788686262.314782078,0 %, 2405 MHz, 50, 12.61 W
1788686262.415260488,0 %, 2405 MHz, 50, 12.61 W
1788686262.515497169,0 %, 2405 MHz, 50, 12.61 W
1788686262.615394746,0 %, 2405 MHz, 50, 12.61 W
1788686262.715839412,0 %, 2405 MHz, 50, 12.61 W
1788686262.816272893,0 %, 2405 MHz, 50, 12.59 W
1788686262.916790439,0 %, 2405 MHz, 50, 12.59 W
1788686263.017241424,0 %, 2405 MHz, 50, 12.59 W
1788686263.117442762,0 %, 2405 MHz, 50, 12.59 W
1788686263.217827251,0 %, 2405 MHz, 50, 12.59 W
1788686263.318361052,0 %, 2405 MHz, 50, 12.59 W
1788686263.418883494,0 %, 2405 MHz, 50, 12.59 W
1788686263.519410447,0 %, 2405 MHz, 50, 12.59 W
1788686263.619664201,0 %, 2405 MHz, 50, 12.59 W
1788686263.720325058,0 %, 2405 MHz, 50, 12.59 W
1788686263.820862715,0 %, 2405 MHz, 50, 12.59 W
1788686263.921303125,0 %, 2405 MHz, 50, 12.59 W
1788686264.021468814,0 %, 2405 MHz, 50, 12.59 W
1788686264.121720296,0 %, 2405 MHz, 50, 12.59 W
1788686264.221717265,0 %, 2405 MHz, 50, 12.59 W
1788686264.322436250,0 %, 2405 MHz, 50, 12.57 W
1788686264.422618644,0 %, 2405 MHz, 50, 12.57 W
1788686264.523088765,0 %, 2405 MHz, 50, 12.57 W
1788686264.623087686,0 %, 2405 MHz, 50, 12.57 W
1788686264.723463872,0 %, 2405 MHz, 50, 12.57 W
1788686264.823998521,0 %, 2405 MHz, 50, 12.56 W
1788686264.924743539,0 %, 2405 MHz, 50, 12.56 W
1788686265.024758940,0 %, 2405 MHz, 50, 12.56 W
1788686265.125136069,0 %, 2405 MHz, 50, 12.56 W
1788686265.225529295,0 %, 2405 MHz, 50, 12.56 W
1788686265.326054328,0 %, 2405 MHz, 50, 12.59 W
1788686265.426335233,0 %, 2405 MHz, 50, 12.59 W
1788686265.526844795,0 %, 2405 MHz, 50, 12.59 W
1788686265.627380388,0 %, 2405 MHz, 50, 12.59 W
1788686265.727571805,0 %, 2405 MHz, 50, 12.59 W
1788686265.827559879,0 %, 2405 MHz, 50, 12.58 W
1788686265.928416720,0 %, 2405 MHz, 50, 12.58 W
1788686266.028697545,0 %, 2405 MHz, 50, 12.58 W
1788686266.129129939,0 %, 2405 MHz, 50, 12.58 W
1788686266.229248412,0 %, 2405 MHz, 50, 12.58 W
1788686266.329924565,0 %, 2405 MHz, 50, 12.61 W
1788686266.430175791,0 %, 2405 MHz, 50, 12.61 W
1788686266.530831432,0 %, 2405 MHz, 50, 12.61 W
1788686266.631291441,0 %, 2405 MHz, 50, 12.61 W
1788686266.731823051,0 %, 2405 MHz, 50, 12.61 W
1788686266.832371940,0 %, 2405 MHz, 50, 12.63 W
1788686266.932912382,0 %, 2405 MHz, 50, 12.63 W
1788686267.033268999,0 %, 2405 MHz, 50, 12.63 W
1788686267.133467184,0 %, 2405 MHz, 50, 12.63 W
1788686267.233918281,0 %, 2405 MHz, 50, 12.63 W
1788686267.334444035,0 %, 2405 MHz, 50, 12.62 W
1788686267.434961180,0 %, 2405 MHz, 50, 12.62 W
1788686267.535410678,0 %, 2405 MHz, 50, 12.62 W
1788686267.635950239,0 %, 2405 MHz, 50, 12.62 W
1788686267.736440472,0 %, 2405 MHz, 50, 12.62 W
1788686267.836727281,0 %, 2405 MHz, 50, 12.62 W
1788686267.937235611,0 %, 2405 MHz, 50, 12.62 W
1788686268.037195796,0 %, 2405 MHz, 50, 12.62 W
1788686268.137831517,0 %, 2405 MHz, 50, 12.62 W
1788686268.237697479,0 %, 2405 MHz, 50, 12.61 W
1788686268.338201472,0 %, 2405 MHz, 50, 12.61 W
1788686268.438445401,0 %, 2405 MHz, 50, 12.61 W
1788686268.539021555,0 %, 2405 MHz, 50, 12.61 W
1788686268.638963548,0 %, 2405 MHz, 50, 12.61 W
1788686268.739318709,0 %, 2405 MHz, 50, 12.60 W
1788686268.839275742,0 %, 2405 MHz, 50, 12.60 W
1788686268.939376808,0 %, 2405 MHz, 50, 12.60 W
1788686269.040098625,0 %, 2405 MHz, 50, 12.60 W
1788686269.140188698,0 %, 2405 MHz, 50, 12.60 W
1788686269.240383475,0 %, 2405 MHz, 50, 12.61 W
1788686269.340277341,0 %, 2405 MHz, 50, 12.61 W
1788686269.440651270,0 %, 2405 MHz, 50, 12.61 W
1788686269.541317135,0 %, 2405 MHz, 50, 12.61 W
1788686269.641210281,0 %, 2405 MHz, 50, 12.61 W
1788686269.741634274,0 %, 2405 MHz, 50, 12.62 W
1788686269.841614571,0 %, 2405 MHz, 50, 12.62 W
1788686269.941644932,0 %, 2405 MHz, 50, 12.62 W
1788686270.041702718,0 %, 2405 MHz, 50, 12.62 W
1788686270.142052327,0 %, 2405 MHz, 50, 12.62 W
1788686270.241634192,0 %, 2405 MHz, 50, 12.65 W
1788686270.341984041,0 %, 2405 MHz, 50, 12.65 W
1788686270.442338178,0 %, 2405 MHz, 50, 12.65 W
1788686270.542847884,0 %, 2405 MHz, 50, 12.65 W
1788686270.643490981,0 %, 2405 MHz, 50, 12.65 W
1788686270.743952702,0 %, 2405 MHz, 50, 12.64 W
1788686270.844425128,0 %, 2405 MHz, 50, 12.64 W
1788686270.944930673,0 %, 2405 MHz, 50, 12.64 W
1788686271.045364650,0 %, 2405 MHz, 50, 12.64 W
1788686271.145129635,0 %, 2405 MHz, 50, 12.64 W
1788686271.245682669,0 %, 2405 MHz, 50, 12.60 W
1788686271.345855414,0 %, 2405 MHz, 50, 12.60 W
1788686271.446347135,0 %, 2405 MHz, 50, 12.60 W
1788686271.546901240,0 %, 2405 MHz, 50, 12.60 W
1788686271.647351457,0 %, 2405 MHz, 50, 12.60 W
1788686271.747862155,0 %, 2405 MHz, 50, 12.60 W
1788686271.847994308,0 %, 2405 MHz, 50, 12.60 W
1788686271.948402797,0 %, 2405 MHz, 50, 12.60 W
1788686272.048687126,0 %, 2405 MHz, 50, 12.60 W
1788686272.149363264,0 %, 2405 MHz, 50, 12.60 W
1788686272.249533961,0 %, 2405 MHz, 50, 12.63 W
1788686272.349685298,0 %, 2405 MHz, 50, 12.63 W
1788686272.449922795,0 %, 2405 MHz, 50, 12.63 W
1788686272.550308005,0 %, 2405 MHz, 50, 12.63 W
1788686272.650584478,0 %, 2405 MHz, 50, 12.63 W
1788686272.751079831,0 %, 2405 MHz, 50, 12.66 W
1788686272.851565728,0 %, 2405 MHz, 50, 12.66 W
1788686272.952107241,0 %, 2405 MHz, 50, 12.66 W
1788686273.052579219,0 %, 2405 MHz, 50, 12.66 W
1788686273.153036028,0 %, 2405 MHz, 50, 12.66 W
1788686273.253095717,0 %, 2405 MHz, 50, 12.68 W
1788686273.353508414,0 %, 2405 MHz, 50, 12.68 W
1788686273.453949623,0 %, 2405 MHz, 50, 12.68 W
1788686273.554509217,0 %, 2405 MHz, 50, 12.68 W
1788686273.654934938,0 %, 2405 MHz, 50, 12.68 W
1788686273.755371955,0 %, 2405 MHz, 50, 12.70 W
1788686273.855908892,0 %, 2405 MHz, 50, 12.70 W
1788686273.955720485,0 %, 2405 MHz, 50, 12.70 W
1788686274.056296639,0 %, 2405 MHz, 50, 12.70 W
1788686274.156588584,0 %, 2405 MHz, 50, 12.70 W
1788686274.257070721,0 %, 2405 MHz, 50, 12.70 W
1788686274.357072042,0 %, 2405 MHz, 50, 12.70 W
1788686274.457176291,0 %, 2405 MHz, 50, 12.70 W
1788686274.558202541,0 %, 2405 MHz, 50, 12.70 W
1788686274.658769654,0 %, 2405 MHz, 50, 12.70 W
1788686274.758885167,0 %, 2405 MHz, 50, 12.69 W
1788686274.859358632,0 %, 2405 MHz, 50, 12.69 W
1788686274.959903505,0 %, 2405 MHz, 50, 12.69 W
1788686275.060123882,0 %, 2405 MHz, 50, 12.69 W
1788686275.160200740,0 %, 2405 MHz, 50, 12.69 W
1788686275.260602717,0 %, 2405 MHz, 50, 12.73 W
1788686275.360736326,0 %, 2405 MHz, 50, 12.73 W
1788686275.460959135,0 %, 2405 MHz, 50, 12.73 W
1788686275.561466712,0 %, 2405 MHz, 50, 12.73 W
1788686275.662015697,0 %, 2405 MHz, 50, 12.73 W
1788686275.762408299,0 %, 2405 MHz, 50, 12.76 W
1788686275.862942372,0 %, 2405 MHz, 50, 12.76 W
1788686275.963345549,0 %, 2405 MHz, 50, 12.76 W
1788686276.063561350,0 %, 2405 MHz, 50, 12.76 W
1788686276.163999247,0 %, 2405 MHz, 50, 12.76 W
1788686276.263332968,0 %, 2405 MHz, 50, 12.74 W
1788686276.363639201,0 %, 2405 MHz, 50, 12.74 W
1788686276.463668587,0 %, 2405 MHz, 50, 12.74 W
1788686276.564292244,0 %, 2405 MHz, 50, 12.74 W
1788686276.664413853,0 %, 2405 MHz, 50, 12.74 W
1788686276.764687894,0 %, 2405 MHz, 50, 12.72 W
1788686276.864486623,0 %, 2405 MHz, 50, 12.72 W
1788686276.964906536,0 %, 2405 MHz, 50, 12.72 W
1788686277.065280849,0 %, 2405 MHz, 50, 12.72 W
1788686277.164976858,0 %, 2405 MHz, 50, 12.72 W
1788686277.265415107,0 %, 2405 MHz, 50, 12.70 W
1788686277.365672893,0 %, 2405 MHz, 50, 12.70 W
1788686277.465310998,0 %, 2405 MHz, 50, 12.70 W
1788686277.565804383,0 %, 2405 MHz, 50, 12.70 W
1788686277.665829912,0 %, 2405 MHz, 50, 12.70 W
1788686277.766057249,0 %, 2405 MHz, 50, 12.71 W
1788686277.866163594,0 %, 2405 MHz, 50, 12.71 W
1788686277.966135507,0 %, 2405 MHz, 50, 12.71 W
1788686278.066891180,0 %, 2405 MHz, 50, 12.71 W
1788686278.166634965,0 %, 2405 MHz, 50, 12.71 W
1788686278.266862398,0 %, 2405 MHz, 50, 12.73 W
1788686278.367399000,0 %, 2405 MHz, 50, 12.73 W
1788686278.467620753,0 %, 2405 MHz, 50, 12.73 W
1788686278.567856314,0 %, 2405 MHz, 50, 12.73 W
1788686278.668030195,0 %, 2405 MHz, 50, 12.73 W
1788686278.768169484,0 %, 2405 MHz, 50, 12.74 W
1788686278.868439109,0 %, 2405 MHz, 50, 12.74 W
1788686278.968731054,0 %, 2405 MHz, 50, 12.74 W
1788686279.069110423,0 %, 2405 MHz, 50, 12.74 W
1788686279.168672064,0 %, 2405 MHz, 50, 12.74 W
1788686279.269166313,0 %, 2405 MHz, 50, 12.78 W
1788686279.369612530,0 %, 2405 MHz, 50, 12.78 W
1788686279.469431980,0 %, 2405 MHz, 50, 12.78 W
1788686279.569835029,0 %, 2405 MHz, 50, 12.78 W
1788686279.669893694,0 %, 2405 MHz, 50, 12.78 W
1788686279.769724711,0 %, 2405 MHz, 50, 12.76 W
1788686279.869740896,0 %, 2405 MHz, 50, 12.76 W
1788686279.970166377,0 %, 2405 MHz, 50, 12.76 W
1788686280.070421378,0 %, 2405 MHz, 50, 12.76 W
1788686280.170497243,0 %, 2405 MHz, 50, 12.76 W
1788686280.271004484,0 %, 2405 MHz, 50, 12.73 W
1788686280.370618877,0 %, 2405 MHz, 50, 12.73 W
1788686280.473873702,0 %, 2405 MHz, 50, 12.73 W
1788686280.574015871,0 %, 2405 MHz, 50, 12.73 W
1788686280.674340536,0 %, 2405 MHz, 50, 12.73 W
1788686280.775906082,0 %, 2405 MHz, 50, 12.89 W
1788686280.875789691,0 %, 2405 MHz, 50, 12.89 W
1788686280.972552883,0 %, 2405 MHz, 50, 12.89 W
1788686281.072749980,0 %, 2405 MHz, 50, 12.89 W
1788686281.173075781,0 %, 2405 MHz, 50, 12.89 W
1788686281.276036767,0 %, 2405 MHz, 51, 13.00 W
1788686281.376244792,0 %, 2405 MHz, 51, 13.00 W
1788686281.476759297,0 %, 2405 MHz, 51, 13.00 W
1788686281.576530874,0 %, 2405 MHz, 51, 13.00 W
1788686281.676192163,0 %, 2405 MHz, 51, 13.00 W
1788686281.773347692,0 %, 2405 MHz, 50, 12.85 W
1788686281.874029077,0 %, 2405 MHz, 50, 12.85 W
1788686281.974343006,0 %, 2405 MHz, 50, 12.85 W
1788686282.074077415,0 %, 2405 MHz, 50, 12.85 W
1788686282.177013696,0 %, 2405 MHz, 50, 12.85 W
1788686282.276616265,0 %, 2405 MHz, 51, 12.85 W
1788686282.375112818,0 %, 2405 MHz, 51, 12.85 W
1788686282.477174235,0 %, 2405 MHz, 51, 12.85 W
1788686282.577591844,0 %, 2405 MHz, 51, 12.85 W
1788686282.675146909,0 %, 2405 MHz, 51, 12.85 W
1788686282.775630390,0 %, 2405 MHz, 51, 12.98 W
1788686282.878432959,0 %, 2405 MHz, 51, 12.98 W
1788686282.978947704,0 %, 2405 MHz, 51, 12.98 W
1788686283.078858289,0 %, 2405 MHz, 51, 12.98 W
1788686283.178503914,0 %, 2405 MHz, 51, 12.98 W
1788686283.276606675,0 %, 2405 MHz, 51, 12.84 W
1788686283.377014284,0 %, 2405 MHz, 51, 12.84 W
1788686283.477077029,0 %, 2405 MHz, 51, 12.84 W
1788686283.577063934,0 %, 2405 MHz, 51, 12.84 W
1788686283.677050903,0 %, 2405 MHz, 51, 12.84 W
1788686283.777571520,0 %, 2405 MHz, 51, 12.83 W
1788686283.879080345,0 %, 2405 MHz, 51, 12.83 W
1788686283.981372642,0 %, 2405 MHz, 51, 12.83 W
1788686284.078218155,0 %, 2405 MHz, 51, 12.83 W
1788686284.178612548,0 %, 2405 MHz, 51, 12.83 W
1788686284.278568813,0 %, 2405 MHz, 50, 12.83 W
1788686284.378186134,0 %, 2405 MHz, 50, 12.83 W
1788686284.478827295,0 %, 2405 MHz, 50, 12.83 W
1788686284.581488232,0 %, 2405 MHz, 50, 12.83 W
1788686284.679375473,0 %, 2405 MHz, 50, 12.83 W
1788686284.779791434,0 %, 2405 MHz, 51, 12.85 W
1788686284.882493667,0 %, 2405 MHz, 51, 12.85 W
1788686284.982306748,0 %, 2405 MHz, 51, 12.85 W
1788686285.080247701,0 %, 2405 MHz, 51, 12.85 W
1788686285.179700253,0 %, 2405 MHz, 51, 12.85 W
1788686285.280375302,0 %, 2405 MHz, 51, 12.86 W
1788686285.380410207,0 %, 2405 MHz, 51, 12.86 W
1788686285.480497432,0 %, 2405 MHz, 51, 12.86 W
1788686285.580453089,0 %, 2405 MHz, 51, 12.86 W
1788686285.681616842,0 %, 2405 MHz, 51, 12.86 W
1788686285.781640579,0 %, 2405 MHz, 51, 12.85 W
1788686285.884249548,0 %, 2405 MHz, 51, 12.85 W
1788686285.984269781,0 %, 2405 MHz, 51, 12.85 W
1788686286.081920078,0 %, 2405 MHz, 51, 12.85 W
1788686286.181878615,0 %, 2405 MHz, 51, 12.85 W
1788686286.282006496,0 %, 2405 MHz, 51, 12.84 W
1788686286.382500025,0 %, 2405 MHz, 51, 12.84 W
1788686286.482905618,0 %, 2405 MHz, 51, 12.84 W
1788686286.584099355,0 %, 2405 MHz, 51, 12.84 W
1788686286.684156276,0 %, 2405 MHz, 51, 12.84 W
1788686286.784824781,0 %, 2405 MHz, 51, 12.82 W
1788686286.885918454,0 %, 2405 MHz, 51, 12.82 W
1788686286.983472927,0 %, 2405 MHz, 51, 12.82 W
1788686287.083801848,0 %, 2405 MHz, 51, 12.82 W
1788686287.183802544,0 %, 2405 MHz, 51, 12.82 W
1788686287.284471737,0 %, 2405 MHz, 51, 12.80 W
1788686287.384431602,0 %, 2405 MHz, 51, 12.80 W
1788686287.484689211,0 %, 2405 MHz, 51, 12.80 W
1788686287.587599876,0 %, 2405 MHz, 51, 12.80 W
1788686287.687406717,0 %, 2405 MHz, 51, 12.80 W
1788686287.784961734,0 %, 2405 MHz, 51, 12.81 W
1788686287.884879119,0 %, 2405 MHz, 51, 12.81 W
1788686287.984997320,0 %, 2405 MHz, 51, 12.81 W
1788686288.084771809,0 %, 2405 MHz, 51, 12.81 W
1788686288.185246538,0 %, 2405 MHz, 51, 12.81 W
1788686288.285357746,0 %, 2405 MHz, 51, 12.84 W
1788686288.385537387,0 %, 2405 MHz, 51, 12.84 W
1788686288.485945524,0 %, 2405 MHz, 51, 12.84 W
1788686288.586225437,0 %, 2405 MHz, 51, 12.84 W
1788686288.686435318,0 %, 2405 MHz, 51, 12.84 W
1788686288.789007423,0 %, 2405 MHz, 51, 12.82 W
1788686288.889015752,0 %, 2405 MHz, 51, 12.82 W
1788686288.986804129,0 %, 2405 MHz, 51, 12.82 W
1788686289.086658970,0 %, 2405 MHz, 51, 12.82 W
1788686289.186989971,0 %, 2405 MHz, 51, 12.82 W
1788686289.287209083,0 %, 2405 MHz, 51, 12.82 W
1788686289.387071940,0 %, 2405 MHz, 51, 12.82 W
1788686289.487254093,0 %, 2405 MHz, 51, 12.82 W
1788686289.587804086,0 %, 2405 MHz, 51, 12.82 W
1788686289.688259135,0 %, 2405 MHz, 51, 12.82 W
1788686289.788431560,0 %, 2405 MHz, 51, 12.84 W
1788686289.888216481,0 %, 2405 MHz, 51, 12.84 W
1788686289.990982682,0 %, 2405 MHz, 51, 12.84 W
1788686290.090968915,0 %, 2405 MHz, 51, 12.84 W
1788686290.191045020,0 %, 2405 MHz, 51, 12.84 W
1788686290.288632804,0 %, 2405 MHz, 51, 12.85 W
1788686290.389175485,0 %, 2405 MHz, 51, 12.85 W
1788686290.489353254,0 %, 2405 MHz, 51, 12.85 W
1788686290.589581727,0 %, 2405 MHz, 51, 12.85 W
1788686290.689646600,0 %, 2405 MHz, 51, 12.85 W
1788686290.790012881,0 %, 2405 MHz, 51, 12.71 W
1788686290.890242201,0 %, 2405 MHz, 51, 12.71 W
1788686290.990254802,0 %, 2405 MHz, 51, 12.71 W
1788686291.090527355,0 %, 2405 MHz, 51, 12.71 W
1788686291.190423668,0 %, 2405 MHz, 51, 12.71 W
1788686291.291052109,0 %, 2405 MHz, 51, 12.69 W
1788686291.390924278,0 %, 2405 MHz, 51, 12.69 W
1788686291.491280223,0 %, 2405 MHz, 51, 12.69 W
1788686291.591489079,0 %, 2405 MHz, 51, 12.69 W
1788686291.691874784,0 %, 2405 MHz, 51, 12.69 W
1788686291.792080201,0 %, 2405 MHz, 51, 12.71 W
1788686291.892351954,0 %, 2405 MHz, 51, 12.71 W
1788686291.992407643,0 %, 2405 MHz, 51, 12.71 W
1788686292.092521556,0 %, 2405 MHz, 51, 12.71 W
1788686292.192623836,0 %, 2405 MHz, 51, 12.71 W
1788686292.292791493,0 %, 2405 MHz, 51, 12.72 W
1788686292.392937758,0 %, 2405 MHz, 51, 12.72 W
1788686292.493030951,0 %, 2405 MHz, 51, 12.72 W
1788686292.593233104,0 %, 2405 MHz, 51, 12.72 W
1788686292.693287993,0 %, 2405 MHz, 51, 12.72 W
1788686292.793470609,0 %, 2405 MHz, 51, 12.71 W
1788686292.893544906,0 %, 2405 MHz, 51, 12.71 W
1788686292.994035651,0 %, 2405 MHz, 51, 12.71 W
1788686293.094326428,0 %, 2405 MHz, 51, 12.71 W
1788686293.194682709,0 %, 2405 MHz, 51, 12.71 W
1788686293.295045966,0 %, 2405 MHz, 51, 12.72 W
1788686293.394857590,0 %, 2405 MHz, 51, 12.72 W
1788686293.495205951,0 %, 2405 MHz, 51, 12.72 W
1788686293.595575928,0 %, 2405 MHz, 51, 12.72 W
1788686293.695323201,0 %, 2405 MHz, 51, 12.72 W
1788686293.795445466,0 %, 2405 MHz, 51, 12.72 W
1788686293.896083362,0 %, 2405 MHz, 51, 12.72 W
1788686293.995977659,0 %, 2405 MHz, 51, 12.72 W
1788686294.095858724,0 %, 2405 MHz, 51, 12.72 W
1788686294.196399565,0 %, 2405 MHz, 51, 12.72 W
1788686294.296283238,0 %, 2405 MHz, 51, 12.70 W
1788686294.396303614,0 %, 2405 MHz, 51, 12.70 W
1788686294.496868167,0 %, 2405 MHz, 51, 12.70 W
1788686294.597717696,0 %, 2405 MHz, 51, 12.70 W
1788686294.697363865,0 %, 2405 MHz, 51, 12.70 W
1788686294.798181426,0 %, 2405 MHz, 51, 12.84 W
1788686294.898204778,0 %, 2405 MHz, 51, 12.84 W
1788686295.000508035,0 %, 2405 MHz, 51, 12.84 W
1788686295.100332636,0 %, 2405 MHz, 51, 12.84 W
1788686295.198718581,0 %, 2405 MHz, 51, 12.84 W
1788686295.299079309,0 %, 2405 MHz, 51, 12.87 W
1788686295.398691718,0 %, 2405 MHz, 51, 12.87 W
1788686295.499284495,0 %, 2405 MHz, 51, 12.87 W
1788686295.599925288,0 %, 2405 MHz, 51, 12.87 W
1788686295.700187041,0 %, 2405 MHz, 51, 12.87 W
1788686295.800552409,0 %, 2405 MHz, 51, 12.86 W
1788686295.903395330,0 %, 2405 MHz, 51, 12.86 W
1788686296.003309451,0 %, 2405 MHz, 51, 12.86 W
1788686296.101395844,0 %, 2405 MHz, 51, 12.86 W
1788686296.201453372,0 %, 2405 MHz, 51, 12.86 W
1788686296.301770469,0 %, 2405 MHz, 51, 12.83 W
1788686296.401853710,0 %, 2405 MHz, 51, 12.83 W
1788686296.502530983,0 %, 2405 MHz, 51, 12.83 W
1788686296.602487760,0 %, 2405 MHz, 51, 12.83 W
1788686296.705048185,0 %, 2405 MHz, 51, 12.83 W
1788686296.804844129,0 %, 2405 MHz, 51, 12.84 W
1788686296.902865434,0 %, 2405 MHz, 51, 12.84 W
1788686297.005096691,0 %, 2405 MHz, 51, 12.84 W
1788686297.103235211,0 %, 2405 MHz, 51, 12.84 W
1788686297.203843012,0 %, 2405 MHz, 51, 12.84 W
1788686297.306045357,0 %, 2405 MHz, 51, 12.97 W
1788686297.406092294,0 %, 2405 MHz, 51, 12.97 W
1788686297.503631438,0 %, 2405 MHz, 51, 12.97 W
1788686297.603753655,0 %, 2405 MHz, 51, 12.97 W
1788686297.704384112,0 %, 2405 MHz, 51, 12.97 W
1788686297.805060104,0 %, 2405 MHz, 51, 12.84 W
1788686297.904874881,0 %, 2405 MHz, 51, 12.84 W
1788686298.005744410,0 %, 2405 MHz, 51, 12.84 W
1788686298.107157363,0 %, 2405 MHz, 51, 12.84 W
1788686298.208497980,0 %, 2405 MHz, 51, 12.84 W
1788686298.305807428,0 %, 2405 MHz, 51, 12.84 W
1788686298.405754989,0 %, 2405 MHz, 51, 12.84 W
1788686298.506015862,0 %, 2405 MHz, 51, 12.84 W
1788686298.606435278,0 %, 2405 MHz, 51, 12.84 W
1788686298.709849655,0 %, 2405 MHz, 51, 12.84 W
1788686298.810344544,0 %, 2405 MHz, 51, 12.97 W
1788686298.906913688,0 %, 2405 MHz, 51, 12.97 W
1788686299.011101954,0 %, 2405 MHz, 51, 12.97 W
1788686299.110572090,0 %, 2405 MHz, 51, 12.97 W
1788686299.208097827,0 %, 2405 MHz, 51, 12.97 W
1788686299.307940907,0 %, 2405 MHz, 51, 12.84 W
1788686299.408038420,0 %, 2405 MHz, 51, 12.84 W
1788686299.508657325,0 %, 2405 MHz, 51, 12.84 W
1788686299.611332550,0 %, 2405 MHz, 51, 12.84 W
1788686299.711179502,0 %, 2405 MHz, 51, 12.84 W
1788686299.811339751,0 %, 2405 MHz, 51, 12.84 W
1788686299.911310624,0 %, 2405 MHz, 51, 12.84 W
1788686300.011594536,0 %, 2405 MHz, 51, 12.84 W
1788686300.109763089,0 %, 2405 MHz, 51, 12.84 W
1788686300.209789914,0 %, 2405 MHz, 51, 12.84 W
1788686300.309879666,0 %, 2405 MHz, 51, 12.83 W
1788686300.410240987,0 %, 2405 MHz, 51, 12.83 W
1788686300.512118916,0 %, 2405 MHz, 51, 12.83 W
1788686300.610696476,0 %, 2405 MHz, 51, 12.83 W
1788686300.710003541,0 %, 2405 MHz, 51, 12.83 W
1788686300.812773966,0 %, 2405 MHz, 51, 12.81 W
1788686300.912569366,0 %, 2405 MHz, 51, 12.81 W
1788686301.010784495,0 %, 2405 MHz, 51, 12.81 W
1788686301.111020584,0 %, 2405 MHz, 51, 12.81 W
1788686301.211186672,0 %, 2405 MHz, 51, 12.81 W
1788686301.311707929,0 %, 2405 MHz, 51, 12.82 W
1788686301.415447442,0 %, 2405 MHz, 51, 12.82 W
1788686301.515893275,0 %, 2405 MHz, 51, 12.82 W
1788686301.616118579,0 %, 2405 MHz, 51, 12.82 W
1788686301.715570492,0 %, 2405 MHz, 51, 12.82 W
1788686301.813446036,0 %, 2405 MHz, 51, 12.81 W
1788686301.913410253,0 %, 2405 MHz, 51, 12.81 W
1788686302.013863462,0 %, 2405 MHz, 51, 12.81 W
1788686302.113858526,0 %, 2405 MHz, 51, 12.81 W
1788686302.213770807,0 %, 2405 MHz, 51, 12.81 W
1788686302.314618768,0 %, 2405 MHz, 51, 12.81 W
1788686302.414652280,0 %, 2405 MHz, 51, 12.81 W
1788686302.514760369,0 %, 2405 MHz, 51, 12.81 W
1788686302.615003354,0 %, 2405 MHz, 51, 12.81 W
1788686302.718200547,0 %, 2405 MHz, 51, 12.81 W
1788686302.815523771,0 %, 2405 MHz, 51, 12.81 W
1788686302.915616676,0 %, 2405 MHz, 51, 12.81 W
1788686303.015793164,0 %, 2405 MHz, 51, 12.81 W
1788686303.115874245,0 %, 2405 MHz, 51, 12.81 W
1788686303.216154461,0 %, 2405 MHz, 51, 12.81 W
1788686303.316327414,0 %, 2405 MHz, 51, 12.82 W
1788686303.417194687,0 %, 2405 MHz, 51, 12.82 W
1788686303.519442200,0 %, 2405 MHz, 51, 12.82 W
1788686303.618461312,0 %, 2405 MHz, 51, 12.82 W
1788686303.719698185,0 %, 2405 MHz, 51, 12.82 W
1788686303.819988401,0 %, 2405 MHz, 51, 12.85 W
1788686303.918016714,0 %, 2405 MHz, 51, 12.85 W
1788686304.018292115,0 %, 2405 MHz, 51, 12.85 W
1788686304.118423115,0 %, 2405 MHz, 51, 12.85 W
1788686304.218645636,0 %, 2405 MHz, 51, 12.85 W
1788686304.318872396,0 %, 2405 MHz, 51, 12.84 W
1788686304.418755333,0 %, 2405 MHz, 51, 12.84 W
1788686304.518994174,0 %, 2405 MHz, 51, 12.84 W
1788686304.619451974,0 %, 2405 MHz, 51, 12.84 W
1788686304.719487983,0 %, 2405 MHz, 51, 12.84 W
1788686304.819859143,0 %, 2405 MHz, 51, 12.70 W
1788686304.920072272,0 %, 2405 MHz, 51, 12.70 W
1788686305.020165529,0 %, 2405 MHz, 51, 12.70 W
1788686305.120393393,0 %, 2405 MHz, 51, 12.70 W
1788686305.220652858,0 %, 2405 MHz, 51, 12.70 W
1788686305.320754066,0 %, 2405 MHz, 51, 12.70 W
1788686305.420399915,0 %, 2405 MHz, 51, 12.70 W
1788686305.521124260,0 %, 2405 MHz, 51, 12.70 W
1788686305.620964604,0 %, 2405 MHz, 51, 12.70 W
1788686305.721356661,0 %, 2405 MHz, 51, 12.70 W
1788686305.820876221,0 %, 2405 MHz, 51, 12.69 W
1788686305.920929702,0 %, 2405 MHz, 51, 12.69 W
1788686306.021038766,0 %, 2405 MHz, 51, 12.69 W
1788686306.121113175,0 %, 2405 MHz, 51, 12.69 W
1788686306.221826720,0 %, 2405 MHz, 51, 12.69 W
1788686306.321772008,0 %, 2405 MHz, 51, 12.69 W
1788686306.421967377,0 %, 2405 MHz, 51, 12.69 W
1788686306.521573561,0 %, 2405 MHz, 51, 12.69 W
1788686306.622146194,0 %, 2405 MHz, 51, 12.69 W
1788686306.722223226,0 %, 2405 MHz, 51, 12.69 W
1788686306.821921891,0 %, 2405 MHz, 51, 12.69 W
1788686306.922383916,0 %, 2405 MHz, 51, 12.69 W
1788686307.022863780,0 %, 2405 MHz, 51, 12.69 W
1788686307.122653741,0 %, 2405 MHz, 51, 12.69 W
1788686307.222739013,0 %, 2405 MHz, 51, 12.69 W
1788686307.323103678,0 %, 2405 MHz, 51, 12.68 W
1788686307.422931574,0 %, 2405 MHz, 51, 12.68 W
1788686307.522692863,0 %, 2405 MHz, 51, 12.68 W
1788686307.623261928,0 %, 2405 MHz, 51, 12.68 W
1788686307.723520736,0 %, 2405 MHz, 51, 12.68 W
1788686307.823386713,0 %, 2405 MHz, 51, 12.69 W
1788686307.923525601,0 %, 2405 MHz, 51, 12.69 W
1788686308.023684922,0 %, 2405 MHz, 51, 12.69 W
1788686308.124044978,0 %, 2405 MHz, 51, 12.69 W
1788686308.223832379,0 %, 2405 MHz, 51, 12.69 W
1788686308.323884755,0 %, 2405 MHz, 51, 12.70 W
1788686308.423665276,0 %, 2405 MHz, 51, 12.70 W
1788686308.524542868,0 %, 2405 MHz, 51, 12.70 W
1788686308.624227213,0 %, 2405 MHz, 51, 12.70 W
1788686308.724377765,0 %, 2405 MHz, 51, 12.70 W
1788686308.824778206,0 %, 2405 MHz, 51, 12.70 W
1788686308.924929175,0 %, 2405 MHz, 51, 12.70 W
1788686309.024338031,0 %, 2405 MHz, 51, 12.70 W
1788686309.124925272,0 %, 2405 MHz, 51, 12.70 W
1788686309.225150224,0 %, 2405 MHz, 51, 12.70 W
1788686309.325081001,0 %, 2405 MHz, 51, 12.73 W
1788686309.425408641,0 %, 2405 MHz, 51, 12.73 W
1788686309.525636250,0 %, 2405 MHz, 51, 12.73 W
1788686309.625324290,0 %, 2405 MHz, 51, 12.73 W
1788686309.725832379,0 %, 2405 MHz, 51, 12.73 W
1788686309.825699779,0 %, 2405 MHz, 51, 12.73 W
1788686309.925783004,0 %, 2405 MHz, 51, 12.73 W
1788686310.025765172,0 %, 2405 MHz, 51, 12.73 W
1788686310.126188973,0 %, 2405 MHz, 51, 12.73 W
1788686310.226268517,0 %, 2405 MHz, 51, 12.73 W
1788686310.326319902,0 %, 2405 MHz, 51, 12.85 W
1788686310.426932374,0 %, 2405 MHz, 51, 12.85 W
1788686310.527175631,0 %, 2405 MHz, 51, 12.85 W
1788686310.630385704,0 %, 2405 MHz, 51, 12.85 W
1788686310.730621392,0 %, 2405 MHz, 51, 12.85 W
1788686310.827704760,0 %, 2405 MHz, 51, 12.87 W
1788686310.927651297,0 %, 2405 MHz, 51, 12.87 W
1788686311.027466425,0 %, 2405 MHz, 51, 12.87 W
1788686311.127506354,0 %, 2405 MHz, 51, 12.87 W
1788686311.228139914,0 %, 2405 MHz, 51, 12.87 W
1788686311.328794707,0 %, 2405 MHz, 51, 12.77 W
1788686311.428841419,0 %, 2405 MHz, 51, 12.77 W
1788686311.528658180,0 %, 2405 MHz, 51, 12.77 W
1788686311.632900268,0 %, 2405 MHz, 51, 12.77 W
1788686311.732310933,0 %, 2405 MHz, 51, 12.77 W
1788686311.829287869,0 %, 2405 MHz, 51, 12.86 W
1788686311.929247686,0 %, 2405 MHz, 51, 12.86 W
1788686312.029572638,0 %, 2405 MHz, 51, 12.86 W
1788686312.130128919,0 %, 2405 MHz, 51, 12.86 W
1788686312.234104351,0 %, 2405 MHz, 51, 12.86 W
1788686312.332953608,0 %, 2405 MHz, 51, 12.95 W
1788686312.433360560,0 %, 2405 MHz, 51, 12.95 W
1788686312.533198041,0 %, 2405 MHz, 51, 12.95 W
1788686312.633818529,0 %, 2405 MHz, 51, 12.95 W
1788686312.731595033,0 %, 2405 MHz, 51, 12.95 W
1788686312.831380274,0 %, 2405 MHz, 51, 12.93 W
1788686312.931955370,0 %, 2405 MHz, 51, 12.93 W
1788686313.035451475,0 %, 2405 MHz, 51, 12.93 W
1788686313.135737820,0 %, 2405 MHz, 51, 12.93 W
1788686313.235984756,0 %, 2405 MHz, 51, 12.93 W
1788686313.332018236,0 %, 2405 MHz, 51, 12.82 W
1788686313.432455765,0 %, 2405 MHz, 51, 12.82 W
1788686313.532918141,0 %, 2405 MHz, 51, 12.82 W
1788686313.635098166,0 %, 2405 MHz, 51, 12.82 W
1788686313.735565518,0 %, 2405 MHz, 51, 12.82 W
1788686313.834115990,0 %, 2405 MHz, 51, 12.93 W
1788686313.935928863,0 %, 2405 MHz, 51, 12.93 W
1788686314.037042680,0 %, 2405 MHz, 51, 12.93 W
1788686314.133856496,0 %, 2405 MHz, 51, 12.93 W
1788686314.234374120,0 %, 2405 MHz, 51, 12.93 W
1788686314.334308049,0 %, 2405 MHz, 51, 12.84 W
1788686314.434522553,0 %, 2405 MHz, 51, 12.84 W
1788686314.535033249,0 %, 2405 MHz, 51, 12.84 W
1788686314.634910602,0 %, 2405 MHz, 51, 12.84 W
1788686314.735893570,0 %, 2405 MHz, 51, 12.84 W
1788686314.835975163,0 %, 2405 MHz, 51, 12.81 W
1788686314.935891235,0 %, 2405 MHz, 51, 12.81 W
1788686315.038281404,0 %, 2405 MHz, 51, 12.81 W
1788686315.138413652,0 %, 2405 MHz, 51, 12.81 W
1788686315.235767708,0 %, 2405 MHz, 51, 12.81 W
1788686315.336253893,0 %, 2405 MHz, 51, 12.87 W
1788686315.436596573,0 %, 2405 MHz, 51, 12.87 W
1788686315.537347574,0 %, 2405 MHz, 51, 12.87 W
1788686315.639526894,0 %, 2405 MHz, 51, 12.87 W
1788686315.740816871,0 %, 2405 MHz, 51, 12.87 W
1788686315.840717551,0 %, 2405 MHz, 51, 12.95 W
1788686315.941323240,0 %, 2405 MHz, 51, 12.95 W
1788686316.038825776,0 %, 2405 MHz, 51, 12.95 W
1788686316.139252808,0 %, 2405 MHz, 51, 12.95 W
1788686316.239330145,0 %, 2405 MHz, 51, 12.95 W
1788686316.339333737,0 %, 2405 MHz, 51, 12.88 W
1788686316.439822178,0 %, 2405 MHz, 51, 12.88 W
1788686316.540012730,0 %, 2405 MHz, 51, 12.88 W
1788686316.639945810,0 %, 2405 MHz, 51, 12.88 W
1788686316.742084491,0 %, 2405 MHz, 51, 12.90 W
1788686316.840826611,0 %, 2405 MHz, 51, 12.90 W
1788686316.941449372,0 %, 2405 MHz, 51, 12.90 W
1788686317.044555044,0 %, 2405 MHz, 51, 12.90 W
1788686317.143365229,0 %, 2405 MHz, 51, 12.90 W
1788686317.241445717,0 %, 2405 MHz, 51, 12.90 W
1788686317.341673469,0 %, 2405 MHz, 51, 12.90 W
1788686317.441872629,0 %, 2405 MHz, 51, 12.90 W
1788686317.542436814,0 %, 2405 MHz, 51, 12.90 W
1788686317.642520518,0 %, 2405 MHz, 51, 12.90 W
1788686317.742818927,0 %, 2405 MHz, 51, 12.82 W
1788686317.843021223,0 %, 2405 MHz, 51, 12.82 W
1788686317.943025167,0 %, 2405 MHz, 51, 12.82 W
1788686318.046130920,0 %, 2405 MHz, 51, 12.82 W
1788686318.143828288,0 %, 2405 MHz, 51, 12.82 W
1788686318.246223209,0 %, 2405 MHz, 51, 12.91 W
1788686318.346872961,0 %, 2405 MHz, 51, 12.91 W
1788686318.443832409,0 %, 2405 MHz, 51, 12.91 W
1788686318.544008802,0 %, 2405 MHz, 51, 12.91 W
1788686318.644212602,0 %, 2405 MHz, 51, 12.91 W
1788686318.743982578,0 %, 2405 MHz, 51, 12.90 W
1788686318.844415051,0 %, 2405 MHz, 51, 12.90 W
1788686318.945054483,0 %, 2405 MHz, 51, 12.90 W
1788686319.047192780,0 %, 2405 MHz, 51, 12.90 W
1788686319.146136884,0 %, 2405 MHz, 51, 12.90 W
1788686319.245639788,0 %, 2405 MHz, 51, 12.91 W
1788686319.347436197,0 %, 2405 MHz, 51, 12.91 W
1788686319.444904445,0 %, 2405 MHz, 51, 12.91 W
1788686319.545449093,0 %, 2405 MHz, 51, 12.91 W
1788686319.645785357,0 %, 2405 MHz, 51, 12.91 W
1788686319.745731190,0 %, 2405 MHz, 51, 12.91 W
1788686319.846840974,0 %, 2405 MHz, 51, 12.91 W
1788686319.948861079,0 %, 2405 MHz, 51, 12.91 W
1788686320.049749231,0 %, 2405 MHz, 51, 12.91 W
1788686320.149830007,0 %, 2405 MHz, 51, 12.91 W
1788686320.249933024,0 %, 2405 MHz, 51, 12.92 W
1788686320.347819640,0 %, 2405 MHz, 51, 12.92 W
1788686320.447766816,0 %, 2405 MHz, 51, 12.92 W
1788686320.548195976,0 %, 2405 MHz, 51, 12.92 W
1788686320.648712081,0 %, 2405 MHz, 51, 12.92 W
1788686320.749205081,0 %, 2405 MHz, 51, 12.91 W
1788686320.849227858,0 %, 2405 MHz, 51, 12.91 W
1788686320.949865210,0 %, 2405 MHz, 51, 12.91 W
1788686321.050366290,0 %, 2405 MHz, 51, 12.91 W
1788686321.150409307,0 %, 2405 MHz, 51, 12.91 W
1788686321.251019379,0 %, 2405 MHz, 51, 12.76 W
1788686321.351372715,0 %, 2405 MHz, 51, 12.76 W
1788686321.451845732,0 %, 2405 MHz, 51, 12.76 W
1788686321.551937724,0 %, 2405 MHz, 51, 12.76 W
1788686321.652822212,0 %, 2405 MHz, 51, 12.76 W
1788686321.753415277,0 %, 2405 MHz, 51, 12.75 W
1788686321.853909045,0 %, 2405 MHz, 51, 12.75 W
1788686321.954471725,0 %, 2405 MHz, 51, 12.75 W
1788686322.054886598,0 %, 2405 MHz, 51, 12.75 W
1788686322.154856894,0 %, 2405 MHz, 51, 12.75 W
1788686322.255591702,0 %, 2405 MHz, 51, 12.74 W
1788686322.356089855,0 %, 2405 MHz, 51, 12.74 W
1788686322.456346183,0 %, 2405 MHz, 51, 12.74 W
1788686322.557024159,0 %, 2405 MHz, 51, 12.74 W
1788686322.657465159,0 %, 2405 MHz, 51, 12.74 W
1788686322.757994656,0 %, 2405 MHz, 51, 12.75 W
1788686322.858416248,0 %, 2405 MHz, 51, 12.75 W
1788686322.958216960,0 %, 2405 MHz, 51, 12.75 W
1788686323.059053433,0 %, 2405 MHz, 51, 12.75 W
1788686323.159010977,0 %, 2405 MHz, 51, 12.75 W
1788686323.259372505,0 %, 2405 MHz, 51, 12.76 W
1788686323.359829042,0 %, 2405 MHz, 51, 12.76 W
1788686323.460038458,0 %, 2405 MHz, 51, 12.76 W
1788686323.560424498,0 %, 2405 MHz, 51, 12.76 W
1788686323.660789130,0 %, 2405 MHz, 51, 12.76 W
1788686323.761188115,0 %, 2405 MHz, 51, 12.77 W
1788686323.861723851,0 %, 2405 MHz, 51, 12.77 W
1788686323.962167795,0 %, 2405 MHz, 51, 12.77 W
1788686324.062423820,0 %, 2405 MHz, 51, 12.77 W
1788686324.162625428,0 %, 2405 MHz, 51, 12.77 W
1788686324.262827820,0 %, 2405 MHz, 51, 12.76 W
1788686324.363355364,0 %, 2405 MHz, 51, 12.76 W
1788686324.463247741,0 %, 2405 MHz, 51, 12.76 W
1788686324.564090741,0 %, 2405 MHz, 51, 12.76 W
1788686324.664352829,0 %, 2405 MHz, 51, 12.76 W
1788686324.764867861,0 %, 2405 MHz, 51, 12.76 W
1788686324.865663854,0 %, 2405 MHz, 51, 12.76 W
1788686324.965634278,0 %, 2405 MHz, 51, 12.76 W
1788686325.066305102,0 %, 2405 MHz, 51, 12.76 W
1788686325.166547255,0 %, 2405 MHz, 51, 12.76 W
1788686325.266771871,0 %, 2405 MHz, 51, 12.77 W
1788686325.367155015,0 %, 2405 MHz, 51, 12.77 W
1788686325.466955263,0 %, 2405 MHz, 51, 12.77 W
1788686325.567457224,0 %, 2405 MHz, 51, 12.77 W
1788686325.667371552,0 %, 2405 MHz, 51, 12.77 W
1788686325.767650472,0 %, 2405 MHz, 51, 12.79 W
1788686325.867850688,0 %, 2405 MHz, 51, 12.79 W
1788686325.967889833,0 %, 2405 MHz, 51, 12.79 W
1788686326.068078625,0 %, 2405 MHz, 51, 12.79 W
1788686326.168111097,0 %, 2405 MHz, 51, 12.79 W
1788686326.268027409,0 %, 2405 MHz, 51, 12.78 W
1788686326.368299593,0 %, 2405 MHz, 51, 12.78 W
1788686326.468365506,0 %, 2405 MHz, 51, 12.78 W
1788686326.568842538,0 %, 2405 MHz, 51, 12.78 W
1788686326.669146098,0 %, 2405 MHz, 51, 12.78 W
1788686326.769675834,0 %, 2405 MHz, 51, 12.78 W
1788686326.870298099,0 %, 2405 MHz, 51, 12.78 W
1788686326.970570075,0 %, 2405 MHz, 51, 12.78 W
1788686327.071064755,0 %, 2405 MHz, 51, 12.78 W
1788686327.171518667,0 %, 2405 MHz, 51, 12.78 W
1788686327.272020580,0 %, 2405 MHz, 51, 12.80 W
1788686327.372496060,0 %, 2405 MHz, 51, 12.80 W
1788686327.472686996,0 %, 2405 MHz, 51, 12.80 W
1788686327.573182476,0 %, 2405 MHz, 51, 12.80 W
1788686327.673675076,0 %, 2405 MHz, 51, 12.80 W
1788686327.774127965,0 %, 2405 MHz, 51, 12.81 W
1788686327.874629269,0 %, 2405 MHz, 51, 12.81 W
1788686327.975509965,0 %, 2405 MHz, 51, 12.81 W
1788686328.075325093,0 %, 2405 MHz, 51, 12.81 W
1788686328.175499246,0 %, 2405 MHz, 51, 12.81 W
1788686328.276099302,0 %, 2405 MHz, 51, 12.82 W
1788686328.376768878,0 %, 2405 MHz, 51, 12.82 W
1788686328.476559606,0 %, 2405 MHz, 51, 12.82 W
1788686328.576781246,0 %, 2405 MHz, 51, 12.82 W
1788686328.677045527,0 %, 2405 MHz, 51, 12.82 W
1788686328.777726687,0 %, 2405 MHz, 51, 12.81 W
1788686328.877754103,0 %, 2405 MHz, 51, 12.81 W
1788686328.977900159,0 %, 2405 MHz, 51, 12.81 W
1788686329.078161303,0 %, 2405 MHz, 51, 12.81 W
1788686329.178300591,0 %, 2405 MHz, 51, 12.81 W
1788686329.278466584,0 %, 2405 MHz, 51, 12.81 W
1788686329.378814512,0 %, 2405 MHz, 51, 12.81 W
1788686329.478763528,0 %, 2405 MHz, 51, 12.81 W
1788686329.579159712,0 %, 2405 MHz, 51, 12.81 W
1788686329.679287192,0 %, 2405 MHz, 51, 12.81 W
1788686329.779791057,0 %, 2405 MHz, 51, 12.81 W
1788686329.879869465,0 %, 2405 MHz, 51, 12.81 W
1788686329.980248465,0 %, 2405 MHz, 51, 12.81 W
1788686330.080750905,0 %, 2405 MHz, 51, 12.81 W
1788686330.181193137,0 %, 2405 MHz, 51, 12.81 W
1788686330.281707609,0 %, 2405 MHz, 51, 12.82 W
1788686330.381694898,0 %, 2405 MHz, 51, 12.82 W
1788686330.482297802,0 %, 2405 MHz, 51, 12.82 W
1788686330.582542818,0 %, 2405 MHz, 51, 12.82 W
1788686330.682100138,0 %, 2405 MHz, 51, 12.82 W
1788686330.783079234,0 %, 2405 MHz, 51, 12.83 W
1788686330.883576954,0 %, 2405 MHz, 51, 12.83 W
1788686330.983813331,0 %, 2405 MHz, 51, 12.83 W
1788686331.084292923,0 %, 2405 MHz, 51, 12.83 W
1788686331.184762547,0 %, 2405 MHz, 51, 12.83 W
1788686331.285222123,0 %, 2405 MHz, 51, 12.81 W
1788686331.385731523,0 %, 2405 MHz, 51, 12.81 W
1788686331.485678107,0 %, 2405 MHz, 51, 12.81 W
1788686331.586345588,0 %, 2405 MHz, 51, 12.81 W
1788686331.687119068,0 %, 2405 MHz, 51, 12.81 W
1788686331.787303364,0 %, 2405 MHz, 51, 12.80 W
1788686331.887275484,0 %, 2405 MHz, 51, 12.80 W
1788686331.988006692,0 %, 2405 MHz, 51, 12.80 W
1788686332.087970268,0 %, 2405 MHz, 51, 12.80 W
1788686332.188438436,0 %, 2405 MHz, 51, 12.80 W
1788686332.288979069,0 %, 2405 MHz, 51, 12.81 W
1788686332.389429461,0 %, 2405 MHz, 51, 12.81 W
1788686332.489423629,0 %, 2405 MHz, 51, 12.81 W
1788686332.589629189,0 %, 2405 MHz, 51, 12.81 W
1788686332.690154733,0 %, 2405 MHz, 51, 12.81 W
1788686332.790495253,0 %, 2405 MHz, 51, 12.80 W
1788686332.890962045,0 %, 2405 MHz, 51, 12.80 W
1788686332.990722422,0 %, 2405 MHz, 51, 12.80 W
1788686333.091070318,0 %, 2405 MHz, 51, 12.80 W
1788686333.190901750,0 %, 2405 MHz, 51, 12.80 W
1788686333.291242686,0 %, 2405 MHz, 51, 12.78 W
1788686333.391287222,0 %, 2405 MHz, 51, 12.78 W
1788686333.491780622,0 %, 2405 MHz, 51, 12.78 W
1788686333.592415574,0 %, 2405 MHz, 51, 12.78 W
1788686333.692378366,0 %, 2405 MHz, 51, 12.78 W
1788686333.793045350,0 %, 2405 MHz, 51, 12.75 W
1788686333.893391071,0 %, 2405 MHz, 51, 12.75 W
1788686333.993892807,0 %, 2405 MHz, 51, 12.75 W
1788686334.094023279,0 %, 2405 MHz, 51, 12.75 W
1788686334.194107671,0 %, 2405 MHz, 51, 12.75 W
1788686334.294650063,0 %, 2405 MHz, 51, 12.76 W
1788686334.395111511,0 %, 2405 MHz, 51, 12.76 W
1788686334.494896607,0 %, 2405 MHz, 51, 12.76 W
1788686334.595114391,0 %, 2405 MHz, 51, 12.76 W
1788686334.695363311,0 %, 2405 MHz, 51, 12.76 W
1788686334.795464711,0 %, 2405 MHz, 51, 12.77 W
1788686334.895755951,0 %, 2405 MHz, 51, 12.77 W
1788686334.995683944,0 %, 2405 MHz, 51, 12.77 W
1788686335.096082992,0 %, 2405 MHz, 51, 12.77 W
1788686335.196078776,0 %, 2405 MHz, 51, 12.77 W
1788686335.296274304,2 %, 2405 MHz, 51, 12.83 W
1788686335.396403576,2 %, 2405 MHz, 51, 12.83 W
1788686335.496172704,2 %, 2405 MHz, 51, 12.83 W
1788686335.596378744,2 %, 2405 MHz, 51, 12.83 W
1788686335.696718560,2 %, 2405 MHz, 51, 12.83 W
1788686335.796839272,2 %, 2405 MHz, 51, 12.87 W
1788686335.896439104,2 %, 2405 MHz, 51, 12.87 W
1788686335.996981528,2 %, 2405 MHz, 51, 12.87 W
1788686336.097268336,2 %, 2405 MHz, 51, 12.87 W
1788686336.197071800,2 %, 2405 MHz, 51, 12.87 W
1788686336.297237296,0 %, 2405 MHz, 51, 12.83 W
1788686336.396932376,0 %, 2405 MHz, 51, 12.83 W
1788686336.497619472,0 %, 2405 MHz, 51, 12.83 W
1788686336.597753753,0 %, 2405 MHz, 51, 12.83 W
1788686336.698108481,0 %, 2405 MHz, 51, 12.83 W
1788686336.798642697,0 %, 2405 MHz, 51, 12.85 W
1788686336.899157409,0 %, 2405 MHz, 51, 12.85 W
1788686336.999657385,0 %, 2405 MHz, 51, 12.85 W
1788686337.100076065,0 %, 2405 MHz, 51, 12.85 W
1788686337.200623641,0 %, 2405 MHz, 51, 12.85 W
1788686337.300562721,0 %, 2405 MHz, 51, 12.92 W
1788686337.401347097,0 %, 2405 MHz, 51, 12.92 W
1788686337.501096369,0 %, 2405 MHz, 51, 12.92 W
1788686337.601318953,0 %, 2405 MHz, 51, 12.92 W
1788686337.700949201,0 %, 2405 MHz, 51, 12.92 W
1788686337.801552665,0 %, 2405 MHz, 51, 12.94 W
1788686337.901665089,0 %, 2405 MHz, 51, 12.94 W
1788686338.001655689,0 %, 2405 MHz, 51, 12.94 W
1788686338.102292129,0 %, 2405 MHz, 51, 12.94 W
1788686338.202407497,0 %, 2405 MHz, 51, 12.94 W
1788686338.302276641,0 %, 2405 MHz, 51, 12.95 W
1788686338.402945785,0 %, 2405 MHz, 51, 12.95 W
1788686338.503276049,0 %, 2405 MHz, 51, 12.95 W
1788686338.603368329,0 %, 2405 MHz, 51, 12.95 W
1788686338.703940833,0 %, 2405 MHz, 51, 12.95 W
1788686338.804047545,0 %, 2405 MHz, 52, 12.97 W
1788686338.904167489,0 %, 2405 MHz, 52, 12.97 W
1788686339.004364105,0 %, 2405 MHz, 52, 12.97 W
1788686339.104573297,0 %, 2405 MHz, 52, 12.97 W
1788686339.204674009,0 %, 2405 MHz, 52, 12.97 W
1788686339.305240290,0 %, 2405 MHz, 52, 13.01 W
1788686339.405388618,0 %, 2405 MHz, 52, 13.01 W
1788686339.505667858,0 %, 2405 MHz, 52, 13.01 W
1788686339.605911834,0 %, 2405 MHz, 52, 13.01 W
1788686339.705977490,0 %, 2405 MHz, 52, 13.01 W
1788686339.806000522,0 %, 2405 MHz, 52, 13.03 W
1788686339.906148178,0 %, 2405 MHz, 52, 13.03 W
1788686340.006733274,0 %, 2405 MHz, 52, 13.03 W
1788686340.106822514,0 %, 2405 MHz, 52, 13.03 W
1788686340.207456826,0 %, 2405 MHz, 52, 13.03 W
1788686340.307470450,0 %, 2405 MHz, 52, 13.02 W
1788686340.407948938,0 %, 2405 MHz, 52, 13.02 W
1788686340.507770018,0 %, 2405 MHz, 52, 13.02 W
1788686340.608403386,0 %, 2405 MHz, 52, 13.02 W
1788686340.708442226,0 %, 2405 MHz, 52, 13.02 W
1788686340.808754922,0 %, 2405 MHz, 52, 13.00 W
1788686340.909038546,0 %, 2405 MHz, 52, 13.00 W
1788686341.009455465,0 %, 2405 MHz, 52, 13.00 W
1788686341.110137442,0 %, 2405 MHz, 52, 13.00 W
1788686341.210105098,0 %, 2405 MHz, 52, 13.00 W
1788686341.310610145,0 %, 2405 MHz, 52, 12.98 W
1788686341.411076409,0 %, 2405 MHz, 52, 12.98 W
1788686341.510993649,0 %, 2405 MHz, 52, 12.98 W
1788686341.611420249,0 %, 2405 MHz, 52, 12.98 W
1788686341.711705169,0 %, 2405 MHz, 52, 12.98 W
1788686341.812146201,0 %, 2405 MHz, 52, 13.01 W
1788686341.912606385,0 %, 2405 MHz, 52, 13.01 W
1788686342.013101801,0 %, 2405 MHz, 52, 13.01 W
1788686342.113558977,0 %, 2405 MHz, 52, 13.01 W
1788686342.213682569,0 %, 2405 MHz, 52, 13.01 W
1788686342.314503969,0 %, 2405 MHz, 52, 13.01 W
1788686342.414760009,0 %, 2405 MHz, 52, 13.01 W
1788686342.515107169,0 %, 2405 MHz, 52, 13.01 W
1788686342.614884105,0 %, 2405 MHz, 52, 13.01 W
1788686342.715540049,0 %, 2405 MHz, 52, 13.01 W
1788686342.815680153,0 %, 2405 MHz, 52, 13.03 W
1788686342.916038737,0 %, 2405 MHz, 52, 13.03 W
1788686343.016031609,0 %, 2405 MHz, 52, 13.03 W
1788686343.116335041,0 %, 2405 MHz, 52, 13.03 W
1788686343.216390313,0 %, 2405 MHz, 52, 13.03 W
1788686343.316633169,0 %, 2405 MHz, 52, 13.02 W
1788686343.416813945,0 %, 2405 MHz, 52, 13.02 W
1788686343.516917457,0 %, 2405 MHz, 52, 13.02 W
1788686343.617299785,0 %, 2405 MHz, 52, 13.02 W
1788686343.717181937,0 %, 2405 MHz, 52, 13.02 W
1788686343.817975097,0 %, 2405 MHz, 52, 12.98 W
1788686343.918548977,0 %, 2405 MHz, 52, 12.98 W
1788686344.018675704,0 %, 2405 MHz, 52, 12.98 W
1788686344.118843728,0 %, 2405 MHz, 52, 12.98 W
1788686344.219018760,0 %, 2405 MHz, 52, 12.98 W
1788686344.318877488,0 %, 2405 MHz, 52, 12.98 W
1788686344.419439976,0 %, 2405 MHz, 52, 12.98 W
1788686344.519689184,0 %, 2405 MHz, 52, 12.98 W
1788686344.619826728,0 %, 2405 MHz, 52, 12.98 W
1788686344.720186368,0 %, 2405 MHz, 52, 12.98 W
1788686344.820152936,0 %, 2405 MHz, 52, 13.01 W
1788686344.920317840,0 %, 2405 MHz, 52, 13.01 W
1788686345.020783944,0 %, 2405 MHz, 52, 13.01 W
1788686345.120939696,0 %, 2405 MHz, 52, 13.01 W
1788686345.221128167,0 %, 2405 MHz, 52, 13.01 W
1788686345.321285455,0 %, 2405 MHz, 52, 13.08 W
1788686345.421520711,0 %, 2405 MHz, 52, 13.08 W
1788686345.521907327,0 %, 2405 MHz, 52, 13.08 W
1788686345.621419815,0 %, 2405 MHz, 52, 13.08 W
1788686345.721895567,0 %, 2405 MHz, 52, 13.08 W
1788686345.822256615,0 %, 2405 MHz, 53, 13.12 W
1788686345.922798719,0 %, 2405 MHz, 53, 13.12 W
1788686346.023559719,0 %, 2405 MHz, 53, 13.12 W
1788686346.122988991,0 %, 2405 MHz, 53, 13.12 W
1788686346.223840455,0 %, 2405 MHz, 53, 13.12 W
1788686346.323944590,0 %, 2405 MHz, 53, 13.14 W
1788686346.424532566,0 %, 2405 MHz, 53, 13.14 W
1788686346.524516430,0 %, 2405 MHz, 53, 13.14 W
1788686346.625043302,0 %, 2405 MHz, 53, 13.14 W
1788686346.725553806,0 %, 2405 MHz, 53, 13.14 W
1788686346.825929862,0 %, 2405 MHz, 53, 13.19 W
1788686346.925891422,0 %, 2405 MHz, 53, 13.19 W
1788686347.026065334,0 %, 2405 MHz, 53, 13.19 W
1788686347.126440398,0 %, 2405 MHz, 53, 13.19 W
1788686347.226547093,0 %, 2405 MHz, 53, 13.19 W
1788686347.326565837,0 %, 2405 MHz, 53, 13.18 W
1788686347.426495797,0 %, 2405 MHz, 53, 13.18 W
1788686347.527106781,0 %, 2405 MHz, 53, 13.18 W
1788686347.627085717,0 %, 2405 MHz, 53, 13.18 W
1788686347.727803245,0 %, 2405 MHz, 53, 13.18 W
1788686347.827810053,0 %, 2405 MHz, 53, 13.16 W
1788686347.927952093,0 %, 2405 MHz, 53, 13.16 W
1788686348.028096500,0 %, 2405 MHz, 53, 13.16 W
1788686348.128580460,0 %, 2405 MHz, 53, 13.16 W
1788686348.229043956,0 %, 2405 MHz, 53, 13.16 W
1788686348.329765836,0 %, 2405 MHz, 53, 13.17 W
1788686348.429982036,0 %, 2405 MHz, 53, 13.17 W
1788686348.530188572,0 %, 2405 MHz, 53, 13.17 W
1788686348.630626308,0 %, 2405 MHz, 53, 13.17 W
1788686348.730827660,0 %, 2405 MHz, 53, 13.17 W
1788686348.831215859,0 %, 2405 MHz, 53, 13.16 W
1788686348.931804107,0 %, 2405 MHz, 53, 13.16 W
1788686349.032098643,0 %, 2405 MHz, 53, 13.16 W
1788686349.132093595,0 %, 2405 MHz, 53, 13.16 W
1788686349.233083683,0 %, 2405 MHz, 53, 13.16 W
1788686349.333516299,0 %, 2405 MHz, 53, 13.14 W
1788686349.433566755,0 %, 2405 MHz, 53, 13.14 W
1788686349.533159946,0 %, 2405 MHz, 53, 13.14 W
1788686349.633565442,0 %, 2405 MHz, 53, 13.14 W
1788686349.733995226,0 %, 2405 MHz, 53, 13.14 W
1788686349.834152130,0 %, 2405 MHz, 53, 13.10 W
1788686349.934666378,0 %, 2405 MHz, 53, 13.10 W
1788686350.034662578,0 %, 2405 MHz, 53, 13.10 W
1788686350.134904105,0 %, 2405 MHz, 53, 13.10 W
1788686350.235086833,0 %, 2405 MHz, 53, 13.10 W
1788686350.335566377,0 %, 2405 MHz, 53, 13.10 W
1788686350.435695553,0 %, 2405 MHz, 53, 13.10 W
1788686350.535905049,0 %, 2405 MHz, 53, 13.10 W
1788686350.636368881,0 %, 2405 MHz, 53, 13.10 W
1788686350.737002600,0 %, 2405 MHz, 53, 13.10 W
1788686350.837134560,0 %, 2405 MHz, 53, 13.10 W
1788686350.937407032,0 %, 2405 MHz, 53, 13.10 W
1788686351.037332800,0 %, 2405 MHz, 53, 13.10 W
1788686351.138121544,0 %, 2405 MHz, 53, 13.10 W
1788686351.237857391,0 %, 2405 MHz, 53, 13.10 W
1788686351.338764199,0 %, 2405 MHz, 53, 13.09 W
1788686351.438747679,0 %, 2405 MHz, 53, 13.09 W
1788686351.539247751,0 %, 2405 MHz, 53, 13.09 W
1788686351.638813295,0 %, 2405 MHz, 53, 13.09 W
1788686351.739418487,0 %, 2405 MHz, 53, 13.09 W
1788686351.839753390,0 %, 2405 MHz, 53, 13.09 W
1788686351.940366758,0 %, 2405 MHz, 53, 13.09 W
1788686352.040441710,0 %, 2405 MHz, 53, 13.09 W
1788686352.140157222,0 %, 2405 MHz, 53, 13.09 W
1788686352.240520014,0 %, 2405 MHz, 53, 13.09 W
1788686352.340533669,0 %, 2405 MHz, 53, 13.07 W
1788686352.440905805,0 %, 2405 MHz, 53, 13.07 W
1788686352.541064021,0 %, 2405 MHz, 53, 13.07 W
1788686352.641241053,0 %, 2405 MHz, 53, 13.07 W
1788686352.741649365,0 %, 2405 MHz, 53, 13.07 W
1788686352.841947420,0 %, 2405 MHz, 53, 13.03 W
1788686352.942733044,0 %, 2405 MHz, 53, 13.03 W
1788686353.043006396,0 %, 2405 MHz, 53, 13.03 W
1788686353.142642756,0 %, 2405 MHz, 53, 13.03 W
1788686353.243522028,0 %, 2405 MHz, 53, 13.03 W
1788686353.343349059,0 %, 2405 MHz, 53, 13.02 W
1788686353.443402587,0 %, 2405 MHz, 53, 13.02 W
1788686353.543798067,0 %, 2405 MHz, 53, 13.02 W
1788686353.643929227,0 %, 2405 MHz, 53, 13.02 W
1788686353.744560402,0 %, 2405 MHz, 53, 13.03 W
1788686353.844649738,0 %, 2405 MHz, 53, 13.03 W
1788686353.945111778,0 %, 2405 MHz, 53, 13.03 W
1788686354.045236650,0 %, 2405 MHz, 53, 13.03 W
1788686354.145203153,0 %, 2405 MHz, 53, 13.03 W
1788686354.245198505,0 %, 2405 MHz, 53, 13.08 W
1788686354.345328257,0 %, 2405 MHz, 53, 13.08 W
1788686354.445590649,0 %, 2405 MHz, 53, 13.08 W
1788686354.545931697,0 %, 2405 MHz, 53, 13.08 W
1788686354.645660520,0 %, 2405 MHz, 53, 13.08 W
1788686354.745970240,0 %, 2405 MHz, 53, 13.11 W
1788686354.846310520,0 %, 2405 MHz, 53, 13.11 W
1788686354.946577375,0 %, 2405 MHz, 53, 13.11 W
1788686355.046555847,0 %, 2405 MHz, 53, 13.11 W
1788686355.147259471,0 %, 2405 MHz, 53, 13.11 W
1788686355.247399559,0 %, 2405 MHz, 53, 13.12 W
1788686355.347940239,0 %, 2405 MHz, 53, 13.12 W
1788686355.448081958,0 %, 2405 MHz, 53, 13.12 W
1788686355.548196526,0 %, 2405 MHz, 53, 13.12 W
1788686355.648582646,0 %, 2405 MHz, 53, 13.12 W
1788686355.748977054,0 %, 2405 MHz, 53, 13.15 W
1788686355.849554901,0 %, 2405 MHz, 53, 13.15 W
1788686355.949298685,0 %, 2405 MHz, 53, 13.15 W
1788686356.050033013,0 %, 2405 MHz, 53, 13.15 W
1788686356.149963725,0 %, 2405 MHz, 53, 13.15 W
1788686356.250473060,0 %, 2392 MHz, 53, 13.17 W
1788686356.350593628,0 %, 2392 MHz, 53, 13.17 W
1788686356.450956148,0 %, 2392 MHz, 53, 13.17 W
1788686356.551209867,0 %, 2392 MHz, 53, 13.17 W
1788686356.651066003,0 %, 2392 MHz, 53, 13.17 W
1788686356.751539419,0 %, 2392 MHz, 53, 13.16 W
1788686356.851584355,0 %, 2392 MHz, 53, 13.16 W
1788686356.952077178,0 %, 2392 MHz, 53, 13.16 W
1788686357.052239874,0 %, 2392 MHz, 53, 13.16 W
1788686357.152513994,0 %, 2392 MHz, 53, 13.16 W
1788686357.252518449,0 %, 2392 MHz, 53, 13.11 W
1788686357.352913977,0 %, 2392 MHz, 53, 13.11 W
1788686357.452823377,0 %, 2392 MHz, 53, 13.11 W
1788686357.553194729,0 %, 2392 MHz, 53, 13.11 W
1788686357.653213264,0 %, 2392 MHz, 53, 13.11 W
1788686357.753147720,0 %, 2392 MHz, 54, 13.10 W
1788686357.854102768,0 %, 2392 MHz, 54, 13.10 W
1788686357.954240855,0 %, 2392 MHz, 54, 13.10 W
1788686358.054457375,0 %, 2392 MHz, 54, 13.10 W
1788686358.154631015,0 %, 2392 MHz, 54, 13.10 W
1788686358.254873534,0 %, 2392 MHz, 54, 13.15 W
1788686358.355240454,0 %, 2392 MHz, 54, 13.15 W
1788686358.455847246,0 %, 2392 MHz, 54, 13.15 W
1788686358.556018326,0 %, 2392 MHz, 54, 13.15 W
1788686358.656566909,0 %, 2392 MHz, 54, 13.15 W
1788686358.756666949,0 %, 2392 MHz, 54, 13.19 W
1788686358.857242797,0 %, 2392 MHz, 54, 13.19 W
1788686358.957708084,0 %, 2392 MHz, 54, 13.19 W
1788686359.057806172,0 %, 2392 MHz, 54, 13.19 W
1788686359.157801844,0 %, 2392 MHz, 54, 13.19 W
1788686359.257698411,0 %, 2392 MHz, 54, 13.17 W
1788686359.357701187,0 %, 2392 MHz, 54, 13.17 W
1788686359.458784843,0 %, 2392 MHz, 54, 13.17 W
1788686359.558768243,0 %, 2392 MHz, 54, 13.17 W
1788686359.659281658,0 %, 2392 MHz, 54, 13.17 W
1788686359.759460114,0 %, 2392 MHz, 54, 13.19 W
1788686359.859103994,0 %, 2392 MHz, 54, 13.19 W
1788686359.960057921,0 %, 2392 MHz, 54, 13.19 W
1788686360.060594985,0 %, 2392 MHz, 54, 13.19 W
1788686360.161069201,0 %, 2392 MHz, 54, 13.19 W
1788686360.261182568,0 %, 2392 MHz, 54, 13.21 W
1788686360.361926448,0 %, 2392 MHz, 54, 13.21 W
1788686360.462165256,0 %, 2392 MHz, 54, 13.21 W
1788686360.562308975,0 %, 2392 MHz, 54, 13.21 W
1788686360.662078167,0 %, 2392 MHz, 54, 13.21 W
1788686360.762504767,0 %, 2392 MHz, 54, 13.19 W
1788686360.862692454,0 %, 2392 MHz, 54, 13.19 W
1788686360.962528318,0 %, 2392 MHz, 54, 13.19 W
1788686361.062919190,0 %, 2392 MHz, 54, 13.19 W
1788686361.163029837,0 %, 2392 MHz, 54, 13.19 W
1788686361.263394901,0 %, 2392 MHz, 54, 13.16 W
1788686361.363156717,0 %, 2392 MHz, 54, 13.16 W
1788686361.463707044,0 %, 2392 MHz, 54, 13.16 W
1788686361.563958284,0 %, 2392 MHz, 54, 13.16 W
1788686361.664108227,0 %, 2392 MHz, 54, 13.16 W
1788686361.764708875,0 %, 2392 MHz, 54, 13.20 W
1788686361.865079347,0 %, 2392 MHz, 54, 13.20 W
1788686361.965568651,0 %, 2392 MHz, 54, 13.20 W
1788686362.065344178,0 %, 2392 MHz, 54, 13.20 W
1788686362.166062458,0 %, 2392 MHz, 54, 13.20 W
1788686362.266242401,0 %, 2392 MHz, 54, 13.22 W
1788686362.366636953,0 %, 2392 MHz, 54, 13.22 W
1788686362.466694097,0 %, 2392 MHz, 54, 13.22 W
1788686362.566741944,0 %, 2392 MHz, 54, 13.22 W
1788686362.666989872,0 %, 2392 MHz, 54, 13.22 W
1788686362.767242296,0 %, 2392 MHz, 54, 13.22 W
1788686362.867556207,0 %, 2392 MHz, 54, 13.22 W
1788686362.967276343,0 %, 2392 MHz, 54, 13.22 W
1788686363.067780750,0 %, 2392 MHz, 54, 13.22 W
1788686363.167964678,0 %, 2392 MHz, 54, 13.22 W
1788686363.268041118,0 %, 2392 MHz, 54, 13.22 W
1788686363.367721941,0 %, 2392 MHz, 54, 13.22 W
1788686363.468018045,0 %, 2392 MHz, 54, 13.22 W
1788686363.568817204,0 %, 2392 MHz, 54, 13.22 W
1788686363.668896508,0 %, 2392 MHz, 54, 13.22 W
1788686363.769620276,0 %, 2392 MHz, 54, 13.21 W
1788686363.869307307,0 %, 2392 MHz, 54, 13.21 W
1788686363.969527603,0 %, 2392 MHz, 54, 13.21 W
1788686364.069949307,0 %, 2392 MHz, 54, 13.21 W
1788686364.170075506,0 %, 2392 MHz, 54, 13.21 W
1788686364.270688378,0 %, 2392 MHz, 54, 13.20 W
1788686364.370661137,0 %, 2392 MHz, 54, 13.20 W
1788686364.471519641,0 %, 2392 MHz, 54, 13.20 W
1788686364.571078401,0 %, 2392 MHz, 54, 13.20 W
1788686364.671858872,0 %, 2392 MHz, 54, 13.20 W
1788686364.772456352,0 %, 2392 MHz, 54, 13.22 W
1788686364.872385479,0 %, 2392 MHz, 54, 13.22 W
1788686364.973320623,0 %, 2392 MHz, 54, 13.22 W
1788686365.072616647,0 %, 2392 MHz, 54, 13.22 W
1788686365.173671870,0 %, 2392 MHz, 54, 13.22 W
1788686365.273492086,0 %, 2392 MHz, 54, 13.23 W
1788686365.373734525,0 %, 2392 MHz, 54, 13.23 W
1788686365.474422949,0 %, 2392 MHz, 54, 13.23 W
1788686365.574295628,0 %, 2392 MHz, 54, 13.23 W
1788686365.674102660,0 %, 2392 MHz, 54, 13.23 W
1788686365.775237036,0 %, 2392 MHz, 54, 13.23 W
1788686365.875688979,0 %, 2392 MHz, 54, 13.23 W
1788686365.975933771,0 %, 2392 MHz, 54, 13.23 W
1788686366.076402946,0 %, 2392 MHz, 54, 13.23 W
1788686366.176356042,0 %, 2392 MHz, 54, 13.23 W
1788686366.277126338,0 %, 2392 MHz, 54, 13.25 W
1788686366.377074297,0 %, 2392 MHz, 54, 13.25 W
1788686366.477654673,0 %, 2392 MHz, 54, 13.25 W
1788686366.577383640,0 %, 2392 MHz, 54, 13.25 W
1788686366.678309712,0 %, 2392 MHz, 54, 13.25 W
1788686366.778024599,0 %, 2392 MHz, 54, 13.28 W
1788686366.878839967,0 %, 2392 MHz, 54, 13.28 W
1788686366.978937511,0 %, 2392 MHz, 54, 13.28 W
1788686367.079490318,0 %, 2392 MHz, 54, 13.28 W
1788686367.179435686,0 %, 2392 MHz, 54, 13.28 W
1788686367.279613149,0 %, 2392 MHz, 54, 13.29 W
1788686367.379860949,0 %, 2392 MHz, 54, 13.29 W
1788686367.480151340,0 %, 2392 MHz, 54, 13.29 W
1788686367.580199284,0 %, 2392 MHz, 54, 13.29 W
1788686367.680417723,0 %, 2392 MHz, 54, 13.29 W
1788686367.780947971,0 %, 2392 MHz, 55, 13.28 W
1788686367.881308939,0 %, 2392 MHz, 55, 13.28 W
1788686367.981989874,0 %, 2392 MHz, 55, 13.28 W
1788686368.082237738,0 %, 2392 MHz, 55, 13.28 W
1788686368.181945969,0 %, 2392 MHz, 55, 13.28 W
1788686368.282026489,0 %, 2392 MHz, 55, 13.28 W
1788686368.382648192,0 %, 2392 MHz, 55, 13.28 W
1788686368.483184296,0 %, 2392 MHz, 55, 13.28 W
1788686368.583515567,0 %, 2392 MHz, 55, 13.28 W
1788686368.683811767,0 %, 2392 MHz, 55, 13.28 W
1788686368.784092095,0 %, 2392 MHz, 55, 13.27 W
1788686368.883989830,0 %, 2392 MHz, 55, 13.27 W
1788686368.984229198,0 %, 2392 MHz, 55, 13.27 W
1788686369.085190197,0 %, 2392 MHz, 55, 13.27 W
1788686369.185056765,0 %, 2392 MHz, 55, 13.27 W
1788686369.285568244,0 %, 2392 MHz, 55, 13.29 W
1788686369.386163484,0 %, 2392 MHz, 55, 13.29 W
1788686369.486055411,0 %, 2392 MHz, 55, 13.29 W
1788686369.585983307,0 %, 2392 MHz, 55, 13.29 W
1788686369.686418962,0 %, 2392 MHz, 55, 13.29 W
1788686369.786350282,0 %, 2392 MHz, 55, 13.29 W
1788686369.886555313,0 %, 2392 MHz, 55, 13.29 W
1788686369.986413113,0 %, 2392 MHz, 55, 13.29 W
1788686370.086840848,0 %, 2392 MHz, 55, 13.29 W
1788686370.186965800,0 %, 2392 MHz, 55, 13.29 W
1788686370.287096207,0 %, 2392 MHz, 55, 13.30 W
1788686370.387856711,0 %, 2392 MHz, 55, 13.30 W
1788686370.488160094,0 %, 2392 MHz, 55, 13.30 W
1788686370.587733382,0 %, 2392 MHz, 55, 13.30 W
1788686370.688409709,0 %, 2392 MHz, 55, 13.30 W
1788686370.788377813,0 %, 2392 MHz, 55, 13.34 W
1788686370.888907676,0 %, 2392 MHz, 55, 13.34 W
1788686370.988901348,0 %, 2392 MHz, 55, 13.34 W
1788686371.089429483,0 %, 2392 MHz, 55, 13.34 W
1788686371.189458547,0 %, 2392 MHz, 55, 13.34 W
1788686371.289419610,0 %, 2392 MHz, 55, 13.34 W
1788686371.390036818,0 %, 2392 MHz, 55, 13.34 W
1788686371.490196729,0 %, 2392 MHz, 55, 13.34 W
1788686371.590281185,0 %, 2392 MHz, 55, 13.34 W
1788686371.690388680,0 %, 2392 MHz, 55, 13.34 W
1788686371.790693184,0 %, 2392 MHz, 55, 13.34 W
1788686371.890811351,0 %, 2392 MHz, 55, 13.34 W
1788686371.990771711,0 %, 2392 MHz, 55, 13.34 W
1788686372.091232086,0 %, 2392 MHz, 55, 13.34 W
1788686372.192030542,0 %, 2392 MHz, 55, 13.34 W
1788686372.292590565,0 %, 2392 MHz, 55, 13.35 W
1788686372.392367437,0 %, 2392 MHz, 55, 13.35 W
1788686372.492684564,0 %, 2392 MHz, 55, 13.35 W
1788686372.592579932,0 %, 2392 MHz, 55, 13.35 W
1788686372.693193843,0 %, 2392 MHz, 55, 13.35 W
1788686372.793402635,0 %, 2392 MHz, 55, 13.35 W
1788686372.893233362,0 %, 2392 MHz, 55, 13.35 W
1788686372.994063705,0 %, 2392 MHz, 55, 13.35 W
1788686373.094035489,0 %, 2392 MHz, 55, 13.35 W
1788686373.194282312,0 %, 2392 MHz, 55, 13.35 W
1788686373.294703168,0 %, 2392 MHz, 55, 13.33 W
1788686373.394849991,0 %, 2392 MHz, 55, 13.33 W
1788686373.495078879,0 %, 2392 MHz, 55, 13.33 W
1788686373.595157398,0 %, 2392 MHz, 55, 13.33 W
1788686373.695016590,0 %, 2392 MHz, 55, 13.33 W
1788686373.795309749,0 %, 2392 MHz, 55, 13.31 W
1788686373.896035405,0 %, 2392 MHz, 55, 13.31 W
1788686373.996774372,0 %, 2392 MHz, 55, 13.31 W
1788686374.096254859,0 %, 2392 MHz, 55, 13.31 W
1788686374.196657091,0 %, 2392 MHz, 55, 13.31 W
1788686374.296643178,0 %, 2392 MHz, 55, 13.31 W
1788686374.396916322,0 %, 2392 MHz, 55, 13.31 W
1788686374.496927321,0 %, 2392 MHz, 55, 13.31 W
1788686374.597347441,0 %, 2392 MHz, 55, 13.31 W
1788686374.697249560,0 %, 2392 MHz, 55, 13.31 W
1788686374.797165919,0 %, 2392 MHz, 55, 13.32 W
1788686374.898122231,0 %, 2392 MHz, 55, 13.32 W
1788686374.998242030,0 %, 2392 MHz, 55, 13.32 W
1788686375.098252902,0 %, 2392 MHz, 55, 13.32 W
1788686375.198201405,0 %, 2392 MHz, 55, 13.32 W
1788686375.298454629,0 %, 2392 MHz, 55, 13.35 W
1788686375.398867116,0 %, 2392 MHz, 55, 13.35 W
1788686375.499360292,0 %, 2392 MHz, 55, 13.35 W
1788686375.599553147,0 %, 2392 MHz, 55, 13.35 W
1788686375.699320850,0 %, 2392 MHz, 55, 13.35 W
1788686375.799838202,0 %, 2392 MHz, 55, 13.35 W
1788686375.899911697,0 %, 2392 MHz, 55, 13.35 W
1788686376.000375849,0 %, 2392 MHz, 55, 13.35 W
1788686376.100373472,0 %, 2392 MHz, 55, 13.35 W
1788686376.200351879,0 %, 2392 MHz, 55, 13.35 W
1788686376.300339391,0 %, 2392 MHz, 55, 13.35 W
1788686376.400974630,0 %, 2392 MHz, 55, 13.35 W
1788686376.501130222,0 %, 2392 MHz, 55, 13.35 W
1788686376.601263365,0 %, 2392 MHz, 55, 13.35 W
1788686376.701267821,0 %, 2392 MHz, 55, 13.35 W
1788686376.801232596,0 %, 2392 MHz, 55, 13.34 W
1788686376.901739131,0 %, 2392 MHz, 55, 13.34 W
1788686377.001800787,0 %, 2392 MHz, 55, 13.34 W
1788686377.102081610,0 %, 2392 MHz, 55, 13.34 W
1788686377.201941266,0 %, 2392 MHz, 55, 13.34 W
1788686377.302470953,0 %, 2392 MHz, 55, 13.32 W
1788686377.402451120,0 %, 2392 MHz, 55, 13.32 W
1788686377.502969256,0 %, 2392 MHz, 55, 13.32 W
1788686377.602769087,0 %, 2392 MHz, 55, 13.32 W
1788686377.703377318,0 %, 2392 MHz, 55, 13.32 W
1788686377.803651598,0 %, 2392 MHz, 55, 13.34 W
1788686377.903692821,0 %, 2392 MHz, 55, 13.34 W
1788686378.003485757,0 %, 2392 MHz, 55, 13.34 W
1788686378.104053796,0 %, 2392 MHz, 55, 13.34 W
1788686378.204286731,0 %, 2392 MHz, 55, 13.34 W
1788686378.304811315,0 %, 2392 MHz, 55, 13.34 W
1788686378.405229962,0 %, 2392 MHz, 55, 13.34 W
1788686378.505275042,0 %, 2392 MHz, 55, 13.34 W
1788686378.605339001,0 %, 2392 MHz, 55, 13.34 W
1788686378.705779968,0 %, 2392 MHz, 55, 13.34 W
1788686378.805846312,0 %, 2392 MHz, 55, 13.35 W
1788686378.906098527,0 %, 2392 MHz, 55, 13.35 W
1788686379.006626118,0 %, 2392 MHz, 55, 13.35 W
1788686379.106597278,0 %, 2392 MHz, 55, 13.35 W
1788686379.206816517,0 %, 2392 MHz, 55, 13.35 W
1788686379.306829229,0 %, 2392 MHz, 55, 13.40 W
1788686379.406682628,0 %, 2392 MHz, 55, 13.40 W
1788686379.507202379,0 %, 2392 MHz, 55, 13.40 W
1788686379.606881027,0 %, 2392 MHz, 55, 13.40 W
1788686379.707618330,0 %, 2392 MHz, 55, 13.40 W
1788686379.807905905,0 %, 2392 MHz, 55, 13.41 W
1788686379.908319753,0 %, 2392 MHz, 55, 13.41 W
1788686380.008624528,0 %, 2392 MHz, 55, 13.41 W
1788686380.108463847,0 %, 2392 MHz, 55, 13.41 W
1788686380.208743615,0 %, 2392 MHz, 55, 13.41 W
1788686380.309537942,0 %, 2392 MHz, 55, 13.40 W
1788686380.409778493,0 %, 2392 MHz, 55, 13.40 W
1788686380.509897861,0 %, 2392 MHz, 55, 13.40 W
1788686380.609627324,0 %, 2392 MHz, 55, 13.40 W
1788686380.710086740,0 %, 2392 MHz, 55, 13.40 W
1788686380.810449435,0 %, 2392 MHz, 55, 13.36 W
1788686380.910763746,0 %, 2392 MHz, 55, 13.36 W
1788686381.011202122,0 %, 2392 MHz, 55, 13.36 W
1788686381.111127297,0 %, 2392 MHz, 55, 13.36 W
1788686381.211500376,0 %, 2392 MHz, 55, 13.36 W
1788686381.311407776,0 %, 2392 MHz, 55, 13.34 W
1788686381.412314759,0 %, 2392 MHz, 55, 13.34 W
1788686381.512458638,0 %, 2392 MHz, 55, 13.34 W
1788686381.612454470,0 %, 2392 MHz, 55, 13.34 W
1788686381.712908573,0 %, 2392 MHz, 55, 13.34 W
1788686381.813152404,0 %, 2392 MHz, 55, 13.30 W
1788686381.913229372,0 %, 2392 MHz, 55, 13.30 W
1788686382.013261811,0 %, 2392 MHz, 55, 13.30 W
1788686382.113629482,0 %, 2392 MHz, 55, 13.30 W
1788686382.213673538,0 %, 2392 MHz, 55, 13.30 W
1788686382.314218745,0 %, 2392 MHz, 55, 13.27 W
1788686382.414860112,0 %, 2392 MHz, 55, 13.27 W
1788686382.514557415,0 %, 2392 MHz, 55, 13.27 W
1788686382.614728143,0 %, 2392 MHz, 55, 13.27 W
1788686382.714872038,0 %, 2392 MHz, 55, 13.27 W
1788686382.815162093,0 %, 2392 MHz, 55, 13.28 W
1788686382.915168693,0 %, 2392 MHz, 55, 13.28 W
1788686383.015108652,0 %, 2392 MHz, 55, 13.28 W
1788686383.115461747,0 %, 2392 MHz, 55, 13.28 W
1788686383.215703819,0 %, 2392 MHz, 55, 13.28 W
1788686383.315854562,0 %, 2392 MHz, 55, 13.27 W
1788686383.416704345,0 %, 2392 MHz, 55, 13.27 W
1788686383.516643601,0 %, 2392 MHz, 55, 13.27 W
1788686383.616608520,0 %, 2392 MHz, 55, 13.27 W
1788686383.717051455,0 %, 2392 MHz, 55, 13.27 W
1788686383.816926630,0 %, 2392 MHz, 55, 13.25 W
1788686383.917470382,0 %, 2392 MHz, 55, 13.25 W
1788686384.017340229,0 %, 2392 MHz, 55, 13.25 W
1788686384.117760572,0 %, 2392 MHz, 55, 13.25 W
1788686384.217842292,0 %, 2392 MHz, 55, 13.25 W
1788686384.317664811,0 %, 2392 MHz, 55, 13.27 W
1788686384.417830194,0 %, 2392 MHz, 55, 13.27 W
1788686384.518621097,0 %, 2392 MHz, 55, 13.27 W
1788686384.618173313,0 %, 2392 MHz, 55, 13.27 W
1788686384.718739208,0 %, 2392 MHz, 55, 13.27 W
1788686384.818836783,0 %, 2392 MHz, 55, 13.34 W
1788686384.919456695,0 %, 2392 MHz, 55, 13.34 W
1788686385.019498414,0 %, 2392 MHz, 55, 13.34 W
1788686385.119656389,0 %, 2392 MHz, 55, 13.34 W
1788686385.219605932,0 %, 2392 MHz, 55, 13.34 W
1788686385.319643860,0 %, 2392 MHz, 55, 13.36 W
1788686385.419650955,0 %, 2392 MHz, 55, 13.36 W
1788686385.520131970,0 %, 2392 MHz, 55, 13.36 W
1788686385.620125737,0 %, 2392 MHz, 55, 13.36 W
1788686385.720473169,0 %, 2392 MHz, 55, 13.36 W
1788686385.820809224,0 %, 2392 MHz, 55, 13.34 W
1788686385.921321615,0 %, 2392 MHz, 55, 13.34 W
1788686386.021402215,0 %, 2392 MHz, 55, 13.34 W
1788686386.121410830,0 %, 2392 MHz, 55, 13.34 W
1788686386.221686725,0 %, 2392 MHz, 55, 13.34 W
1788686386.321738092,0 %, 2392 MHz, 55, 13.36 W
1788686386.421982884,0 %, 2392 MHz, 55, 13.36 W
1788686386.522017691,0 %, 2392 MHz, 55, 13.36 W
1788686386.622111122,0 %, 2392 MHz, 55, 13.36 W
1788686386.722575625,0 %, 2392 MHz, 55, 13.36 W
1788686386.822621713,0 %, 2392 MHz, 55, 13.38 W
1788686386.922842920,0 %, 2392 MHz, 55, 13.38 W
1788686387.022750623,0 %, 2392 MHz, 55, 13.38 W
1788686387.123009046,0 %, 2392 MHz, 55, 13.38 W
1788686387.223057550,0 %, 2392 MHz, 55, 13.38 W
1788686387.323565285,0 %, 2392 MHz, 55, 13.35 W
1788686387.423660908,0 %, 2392 MHz, 55, 13.35 W
1788686387.523971379,0 %, 2392 MHz, 55, 13.35 W
1788686387.624103818,0 %, 2392 MHz, 55, 13.35 W
1788686387.724145762,0 %, 2392 MHz, 55, 13.35 W
1788686387.824073817,0 %, 2392 MHz, 55, 13.34 W
1788686387.924693072,0 %, 2392 MHz, 55, 13.34 W
1788686388.025358903,0 %, 2392 MHz, 55, 13.34 W
1788686388.125206287,0 %, 2392 MHz, 55, 13.34 W
1788686388.225017078,0 %, 2392 MHz, 55, 13.34 W
1788686388.325897789,0 %, 2392 MHz, 55, 13.36 W
1788686388.425297268,0 %, 2392 MHz, 55, 13.36 W
1788686388.525785324,0 %, 2392 MHz, 55, 13.36 W
1788686388.625760755,0 %, 2392 MHz, 55, 13.36 W
1788686388.726335674,0 %, 2392 MHz, 55, 13.36 W
1788686388.826390737,0 %, 2392 MHz, 55, 13.36 W
1788686388.926599992,0 %, 2392 MHz, 55, 13.36 W
1788686389.027270592,0 %, 2392 MHz, 55, 13.36 W
1788686389.126923639,0 %, 2392 MHz, 55, 13.36 W
1788686389.227126462,0 %, 2392 MHz, 55, 13.36 W
1788686389.327826245,0 %, 2392 MHz, 55, 13.40 W
1788686389.428427229,0 %, 2392 MHz, 55, 13.40 W
1788686389.528200820,0 %, 2392 MHz, 55, 13.40 W
1788686389.628369483,0 %, 2392 MHz, 55, 13.40 W
1788686389.728029714,0 %, 2392 MHz, 55, 13.40 W
1788686389.828803289,0 %, 2392 MHz, 55, 13.43 W
1788686389.928752289,0 %, 2392 MHz, 55, 13.43 W
1788686390.029107000,0 %, 2392 MHz, 55, 13.43 W
1788686390.129212991,0 %, 2392 MHz, 55, 13.43 W
1788686390.229494822,0 %, 2392 MHz, 55, 13.43 W
1788686390.328957533,0 %, 2392 MHz, 55, 13.43 W
1788686390.429439348,0 %, 2392 MHz, 55, 13.43 W
1788686390.530134252,0 %, 2392 MHz, 55, 13.43 W
1788686390.630009059,0 %, 2392 MHz, 55, 13.43 W
1788686390.730120906,0 %, 2392 MHz, 55, 13.43 W
1788686390.830312945,0 %, 2392 MHz, 55, 13.43 W
1788686390.930599496,0 %, 2392 MHz, 55, 13.43 W
1788686391.030167536,0 %, 2392 MHz, 55, 13.43 W
1788686391.130246423,0 %, 2392 MHz, 55, 13.43 W
1788686391.231014590,0 %, 2392 MHz, 55, 13.43 W
1788686391.331167893,0 %, 2392 MHz, 55, 13.41 W
1788686391.431358428,0 %, 2392 MHz, 55, 13.41 W
1788686391.531807028,0 %, 2392 MHz, 55, 13.41 W
1788686391.631343419,0 %, 2392 MHz, 55, 13.41 W
1788686391.732019714,0 %, 2392 MHz, 55, 13.41 W
1788686391.832156553,0 %, 2392 MHz, 55, 13.41 W
1788686391.932554336,0 %, 2392 MHz, 55, 13.41 W
1788686392.032524215,0 %, 2392 MHz, 55, 13.41 W
1788686392.132668879,0 %, 2392 MHz, 55, 13.41 W
1788686392.232639862,0 %, 2392 MHz, 55, 13.41 W
1788686392.332968877,0 %, 2392 MHz, 55, 13.40 W
1788686392.433217588,0 %, 2392 MHz, 55, 13.40 W
1788686392.533297403,0 %, 2392 MHz, 55, 13.40 W
1788686392.633420834,0 %, 2392 MHz, 55, 13.40 W
1788686392.733733354,0 %, 2392 MHz, 55, 13.40 W
1788686392.833636369,0 %, 2392 MHz, 55, 13.43 W
1788686392.934027976,0 %, 2392 MHz, 55, 13.43 W
1788686393.033990527,0 %, 2392 MHz, 55, 13.43 W
1788686393.134175910,0 %, 2392 MHz, 55, 13.43 W
1788686393.234520093,0 %, 2392 MHz, 55, 13.43 W
1788686393.334875060,0 %, 2392 MHz, 55, 13.45 W
1788686393.435327468,0 %, 2392 MHz, 55, 13.45 W
1788686393.534887699,0 %, 2392 MHz, 55, 13.45 W
1788686393.634898378,0 %, 2392 MHz, 55, 13.45 W
1788686393.735447137,0 %, 2392 MHz, 55, 13.45 W
1788686393.835453064,0 %, 2392 MHz, 56, 13.42 W
1788686393.935644783,0 %, 2392 MHz, 56, 13.42 W
1788686394.035679190,0 %, 2392 MHz, 56, 13.42 W
1788686394.136009662,0 %, 2392 MHz, 56, 13.42 W
1788686394.236854373,0 %, 2392 MHz, 56, 13.42 W
1788686394.336799708,0 %, 2392 MHz, 56, 13.41 W
1788686394.436843555,0 %, 2392 MHz, 56, 13.41 W
1788686394.537081482,0 %, 2392 MHz, 56, 13.41 W
1788686394.636744017,0 %, 2392 MHz, 56, 13.41 W
1788686394.736816648,0 %, 2392 MHz, 56, 13.41 W
1788686394.837869520,0 %, 2392 MHz, 56, 13.40 W
1788686394.938161111,0 %, 2392 MHz, 56, 13.40 W
1788686395.038260046,0 %, 2392 MHz, 56, 13.40 W
1788686395.137993701,0 %, 2392 MHz, 56, 13.40 W
1788686395.238119772,0 %, 2392 MHz, 56, 13.40 W
1788686395.338623027,0 %, 2392 MHz, 56, 13.42 W
1788686395.439318554,0 %, 2392 MHz, 56, 13.42 W
1788686395.539677409,0 %, 2392 MHz, 56, 13.42 W
1788686395.639314537,0 %, 2392 MHz, 56, 13.42 W
1788686395.739788096,0 %, 2392 MHz, 56, 13.42 W
1788686395.839880807,0 %, 2392 MHz, 56, 13.43 W
1788686395.940140974,0 %, 2392 MHz, 56, 13.43 W
1788686396.040334245,0 %, 2392 MHz, 56, 13.43 W
1788686396.140624108,0 %, 2392 MHz, 56, 13.43 W
1788686396.240880115,0 %, 2392 MHz, 56, 13.43 W
1788686396.340970106,0 %, 2392 MHz, 56, 13.42 W
1788686396.441124065,0 %, 2392 MHz, 56, 13.42 W
1788686396.541367945,0 %, 2392 MHz, 56, 13.42 W
1788686396.641591136,0 %, 2392 MHz, 56, 13.42 W
1788686396.741710039,0 %, 2392 MHz, 56, 13.42 W
1788686396.841624222,0 %, 2392 MHz, 56, 13.43 W
1788686396.942798485,0 %, 2392 MHz, 56, 13.43 W
1788686397.042471372,0 %, 2392 MHz, 56, 13.43 W
1788686397.142515811,0 %, 2392 MHz, 56, 13.43 W
1788686397.242691322,0 %, 2392 MHz, 56, 13.43 W
1788686397.343526785,0 %, 2392 MHz, 56, 13.43 W
1788686397.443563544,0 %, 2392 MHz, 56, 13.43 W
1788686397.544069471,0 %, 2392 MHz, 56, 13.43 W
1788686397.644174551,0 %, 2392 MHz, 56, 13.43 W
1788686397.744698254,0 %, 2392 MHz, 56, 13.43 W
1788686397.845498853,0 %, 2392 MHz, 56, 13.39 W
1788686397.945970332,0 %, 2392 MHz, 56, 13.39 W
1788686398.046274403,0 %, 2392 MHz, 56, 13.39 W
1788686398.146097994,0 %, 2392 MHz, 56, 13.39 W
1788686398.245938145,0 %, 2392 MHz, 56, 13.39 W
1788686398.346364040,0 %, 2392 MHz, 56, 13.33 W
1788686398.445996191,0 %, 2392 MHz, 56, 13.33 W
1788686398.546749926,0 %, 2392 MHz, 56, 13.33 W
1788686398.647087885,0 %, 2392 MHz, 56, 13.33 W
1788686398.747328404,0 %, 2392 MHz, 56, 13.33 W
1788686398.847984348,0 %, 2392 MHz, 56, 13.35 W
1788686398.948035267,0 %, 2392 MHz, 56, 13.35 W
1788686399.048661866,0 %, 2392 MHz, 56, 13.35 W
1788686399.148993841,0 %, 2392 MHz, 56, 13.35 W
1788686399.249238312,0 %, 2392 MHz, 56, 13.40 W
1788686399.349774799,0 %, 2392 MHz, 56, 13.40 W
1788686399.449868134,0 %, 2392 MHz, 56, 13.40 W
1788686399.550101693,0 %, 2392 MHz, 56, 13.40 W
1788686399.650064564,0 %, 2392 MHz, 56, 13.40 W
1788686399.750640443,0 %, 2392 MHz, 56, 13.39 W
1788686399.851181410,0 %, 2392 MHz, 56, 13.39 W
1788686399.950601225,0 %, 2392 MHz, 56, 13.39 W
1788686400.050953520,0 %, 2392 MHz, 56, 13.39 W
1788686400.151301287,0 %, 2392 MHz, 56, 13.39 W
1788686400.250706078,0 %, 2392 MHz, 56, 13.40 W
1788686400.351085781,0 %, 2392 MHz, 56, 13.40 W
1788686400.451902813,0 %, 2392 MHz, 56, 13.40 W
1788686400.552374708,0 %, 2392 MHz, 56, 13.40 W
1788686400.652145195,0 %, 2392 MHz, 56, 13.40 W
1788686400.752573746,0 %, 2392 MHz, 56, 13.43 W
1788686400.852690825,0 %, 2392 MHz, 56, 13.43 W
1788686400.952797152,0 %, 2392 MHz, 56, 13.43 W
1788686401.053118071,0 %, 2392 MHz, 56, 13.43 W
1788686401.153573662,0 %, 2392 MHz, 56, 13.43 W
1788686401.253726565,0 %, 2392 MHz, 56, 13.44 W
1788686401.353544716,0 %, 2392 MHz, 56, 13.44 W
1788686401.453689891,0 %, 2392 MHz, 56, 13.44 W
1788686401.553628602,0 %, 2392 MHz, 56, 13.44 W
1788686401.653861329,0 %, 2392 MHz, 56, 13.44 W
1788686401.754199224,0 %, 2392 MHz, 56, 13.42 W
1788686401.854522319,0 %, 2392 MHz, 56, 13.42 W
1788686401.955048102,0 %, 2392 MHz, 56, 13.42 W
1788686402.054930525,0 %, 2392 MHz, 56, 13.42 W
1788686402.155025908,0 %, 2392 MHz, 56, 13.42 W
1788686402.255453419,0 %, 2392 MHz, 56, 13.42 W
1788686402.355563266,0 %, 2392 MHz, 56, 13.42 W
1788686402.455755001,0 %, 2392 MHz, 56, 13.42 W
1788686402.556048848,0 %, 2392 MHz, 56, 13.42 W
1788686402.656275495,0 %, 2392 MHz, 56, 13.42 W
1788686402.756425582,0 %, 2392 MHz, 56, 13.43 W
1788686402.856362597,0 %, 2392 MHz, 56, 13.43 W
1788686402.956797500,0 %, 2392 MHz, 56, 13.43 W
1788686403.056721667,0 %, 2392 MHz, 56, 13.43 W
1788686403.157065626,0 %, 2392 MHz, 56, 13.43 W
1788686403.256961297,0 %, 2392 MHz, 56, 13.43 W
1788686403.357082072,0 %, 2392 MHz, 56, 13.43 W
1788686403.457456287,0 %, 2392 MHz, 56, 13.43 W
1788686403.557730118,0 %, 2392 MHz, 56, 13.43 W
1788686403.657887229,0 %, 2392 MHz, 56, 13.43 W
1788686403.757645972,0 %, 2392 MHz, 56, 13.43 W
1788686403.858019915,0 %, 2392 MHz, 56, 13.43 W
1788686403.958858882,0 %, 2392 MHz, 56, 13.43 W
1788686404.058582521,0 %, 2392 MHz, 56, 13.43 W
1788686404.158744432,0 %, 2392 MHz, 56, 13.43 W
1788686404.258927127,0 %, 2392 MHz, 56, 13.43 W
1788686404.358780782,0 %, 2392 MHz, 56, 13.43 W
1788686404.459073093,0 %, 2392 MHz, 56, 13.43 W
1788686404.559187852,0 %, 2392 MHz, 56, 13.43 W
1788686404.659504995,0 %, 2392 MHz, 56, 13.43 W
1788686404.759653770,0 %, 2229 MHz, 56, 12.67 W
1788686404.859610385,0 %, 2229 MHz, 56, 12.67 W
1788686404.959918632,0 %, 2229 MHz, 56, 12.67 W
1788686405.059914191,0 %, 2229 MHz, 56, 12.67 W
1788686405.160472838,0 %, 2229 MHz, 56, 12.67 W
1788686405.260104637,0 %, 1690 MHz, 55, 9.95 W
1788686405.360365012,0 %, 1690 MHz, 55, 9.95 W
1788686405.460700267,0 %, 1690 MHz, 55, 9.95 W
1788686405.560874770,0 %, 1690 MHz, 55, 9.95 W
1788686405.661062617,0 %, 1690 MHz, 55, 9.95 W
1788686405.761619760,0 %, 1690 MHz, 55, 7.96 W
1788686405.862129399,0 %, 1690 MHz, 55, 7.96 W
1788686405.961862814,0 %, 1690 MHz, 55, 7.96 W
1788686406.062037349,0 %, 1690 MHz, 55, 7.96 W
1788686406.162015980,0 %, 1690 MHz, 55, 7.96 W
1788686406.261965922,0 %, 1690 MHz, 55, 7.99 W
1788686406.362421961,0 %, 1690 MHz, 55, 7.99 W
1788686406.462751504,0 %, 1690 MHz, 55, 7.99 W
1788686406.562715127,0 %, 1690 MHz, 55, 7.99 W
1788686406.662896430,0 %, 1690 MHz, 55, 7.99 W
1788686406.763140245,0 %, 1690 MHz, 55, 8.02 W
1788686406.863284524,0 %, 1690 MHz, 55, 8.02 W
1788686406.963664147,0 %, 1690 MHz, 55, 8.02 W
1788686407.063709466,0 %, 1690 MHz, 55, 8.02 W
1788686407.164070065,0 %, 1690 MHz, 55, 8.02 W
1788686407.264186792,0 %, 1690 MHz, 55, 8.02 W
1788686407.364146079,0 %, 1690 MHz, 55, 8.02 W
1788686407.464332934,0 %, 1690 MHz, 55, 8.02 W
1788686407.564438749,0 %, 1690 MHz, 55, 8.02 W
1788686407.664720004,0 %, 1690 MHz, 55, 8.02 W
1788686407.764657035,0 %, 1690 MHz, 55, 8.01 W
1788686407.865092610,0 %, 1690 MHz, 55, 8.01 W
1788686407.965063049,0 %, 1690 MHz, 55, 8.01 W
1788686408.064913503,0 %, 1690 MHz, 55, 8.01 W
1788686408.165006518,0 %, 1690 MHz, 55, 8.01 W
1788686408.265502077,0 %, 1690 MHz, 55, 7.99 W
1788686408.366033716,0 %, 1690 MHz, 55, 7.99 W
1788686408.465947163,0 %, 1690 MHz, 55, 7.99 W
1788686408.566276306,0 %, 1690 MHz, 55, 7.99 W
1788686408.666424713,0 %, 1690 MHz, 55, 7.99 W
1788686408.766563744,0 %, 1690 MHz, 55, 7.96 W
1788686408.866763319,0 %, 1690 MHz, 55, 7.96 W
1788686408.966546238,0 %, 1690 MHz, 55, 7.96 W
1788686409.066990949,0 %, 1690 MHz, 55, 7.96 W
1788686409.167077436,0 %, 1690 MHz, 55, 7.96 W
1788686409.267704658,0 %, 1690 MHz, 55, 7.97 W
1788686409.367140921,0 %, 1690 MHz, 55, 7.97 W
1788686409.467536576,0 %, 1690 MHz, 55, 7.97 W
1788686409.567404215,0 %, 1690 MHz, 55, 7.97 W
1788686409.667743790,0 %, 1690 MHz, 55, 7.97 W
1788686409.768093477,0 %, 1690 MHz, 55, 8.00 W
1788686409.868270220,0 %, 1690 MHz, 55, 8.00 W
1788686409.968045923,0 %, 1690 MHz, 55, 8.00 W
1788686410.068470650,0 %, 1690 MHz, 55, 8.00 W
1788686410.168184961,0 %, 1690 MHz, 55, 8.00 W
1788686410.268859480,0 %, 1690 MHz, 55, 7.99 W
1788686410.368834990,0 %, 1690 MHz, 55, 7.99 W
1788686410.469124229,0 %, 1690 MHz, 55, 7.99 W
1788686410.569250380,0 %, 1690 MHz, 55, 7.99 W
1788686410.669561603,0 %, 1690 MHz, 55, 7.99 W
1788686410.770185162,0 %, 1690 MHz, 55, 7.96 W
1788686410.869841953,0 %, 1690 MHz, 55, 7.96 W
1788686410.970251240,0 %, 1690 MHz, 55, 7.96 W
1788686411.070160447,0 %, 1690 MHz, 55, 7.96 W
1788686411.170232326,0 %, 1690 MHz, 55, 7.96 W
1788686411.270454220,0 %, 1690 MHz, 55, 7.93 W
1788686411.371199555,0 %, 1690 MHz, 55, 7.93 W
1788686411.471427930,0 %, 1690 MHz, 55, 7.93 W
1788686411.571461617,0 %, 1690 MHz, 55, 7.93 W
1788686411.671858904,0 %, 1690 MHz, 55, 7.93 W
1788686411.771775087,0 %, 1690 MHz, 55, 7.91 W
1788686411.871958166,0 %, 1690 MHz, 55, 7.91 W
1788686411.971740445,0 %, 1690 MHz, 55, 7.91 W
1788686412.071819955,0 %, 1690 MHz, 55, 7.91 W
1788686412.172342362,0 %, 1690 MHz, 55, 7.91 W
1788686412.272454961,0 %, 1690 MHz, 55, 7.94 W
1788686412.372643096,0 %, 1690 MHz, 55, 7.94 W
1788686412.472138735,0 %, 1690 MHz, 55, 7.94 W
1788686412.572673206,0 %, 1690 MHz, 55, 7.94 W
1788686412.672635981,0 %, 1690 MHz, 55, 7.94 W
1788686412.773301155,0 %, 1690 MHz, 55, 7.96 W
1788686412.873390138,0 %, 1690 MHz, 55, 7.96 W
1788686412.973153873,0 %, 1690 MHz, 55, 7.96 W
1788686413.073771944,0 %, 1690 MHz, 55, 7.96 W
1788686413.173985023,0 %, 1690 MHz, 55, 7.96 W
1788686413.274134902,0 %, 1690 MHz, 55, 7.99 W
1788686413.373948781,0 %, 1690 MHz, 55, 7.99 W
1788686413.474199107,0 %, 1690 MHz, 55, 7.99 W
1788686413.574118586,0 %, 1690 MHz, 55, 7.99 W
1788686413.674153169,0 %, 1690 MHz, 55, 7.99 W
1788686413.774307240,0 %, 1690 MHz, 55, 7.99 W
1788686413.874388463,0 %, 1690 MHz, 55, 7.99 W
1788686413.974580150,0 %, 1690 MHz, 55, 7.99 W
1788686414.074945133,0 %, 1690 MHz, 55, 7.99 W
1788686414.174596275,0 %, 1690 MHz, 55, 7.99 W
1788686414.275294378,0 %, 1690 MHz, 55, 7.98 W
1788686414.375320881,0 %, 1690 MHz, 55, 7.98 W
1788686414.475433928,0 %, 1690 MHz, 55, 7.98 W
1788686414.575755935,0 %, 1690 MHz, 55, 7.98 W
1788686414.675896518,0 %, 1690 MHz, 55, 7.98 W
1788686414.775812380,0 %, 1690 MHz, 55, 7.97 W
1788686414.876548627,0 %, 1690 MHz, 55, 7.97 W
1788686414.976538122,0 %, 1690 MHz, 55, 7.97 W
1788686415.076812961,0 %, 1690 MHz, 55, 7.97 W
1788686415.177081688,0 %, 1690 MHz, 55, 7.97 W
1788686415.277109279,0 %, 1690 MHz, 55, 7.99 W
1788686415.377261845,0 %, 1690 MHz, 55, 7.99 W
1788686415.477230076,0 %, 1690 MHz, 55, 7.99 W
1788686415.578135299,0 %, 1690 MHz, 55, 7.99 W
1788686415.677848986,0 %, 1690 MHz, 55, 7.99 W
1788686415.778196561,0 %, 1690 MHz, 55, 7.99 W
1788686415.878169031,0 %, 1690 MHz, 55, 7.99 W
1788686415.978347422,0 %, 1690 MHz, 55, 7.99 W
1788686416.078924789,0 %, 1690 MHz, 55, 7.99 W
1788686416.179000124,0 %, 1690 MHz, 55, 7.99 W
1788686416.279064147,0 %, 1690 MHz, 55, 7.97 W
1788686416.378846601,0 %, 1690 MHz, 55, 7.97 W
1788686416.479425376,0 %, 1690 MHz, 55, 7.97 W
1788686416.579381447,0 %, 1690 MHz, 55, 7.97 W
1788686416.679892430,0 %, 1690 MHz, 55, 7.97 W
1788686416.779429157,0 %, 1690 MHz, 55, 7.98 W
1788686416.880080332,0 %, 1690 MHz, 55, 7.98 W
1788686416.980055890,0 %, 1690 MHz, 55, 7.98 W
1788686417.079937961,0 %, 1690 MHz, 55, 7.98 W
1788686417.180354512,0 %, 1690 MHz, 55, 7.98 W
1788686417.280385639,0 %, 1690 MHz, 55, 7.99 W
1788686417.380091821,0 %, 1690 MHz, 55, 7.99 W
1788686417.480742804,0 %, 1690 MHz, 55, 7.99 W
1788686417.581497163,0 %, 1690 MHz, 55, 7.99 W
1788686417.681459474,0 %, 1690 MHz, 55, 7.99 W
1788686417.781523289,0 %, 1690 MHz, 55, 7.99 W
1788686417.881780111,0 %, 1690 MHz, 55, 7.99 W
1788686417.982016502,0 %, 1690 MHz, 55, 7.99 W
1788686418.082147437,0 %, 1690 MHz, 55, 7.99 W
1788686418.182462644,0 %, 1690 MHz, 55, 7.99 W
1788686418.282658363,0 %, 1690 MHz, 55, 7.99 W
1788686418.383036273,0 %, 1690 MHz, 55, 7.99 W
1788686418.483804712,0 %, 1690 MHz, 55, 7.99 W
1788686418.583698431,0 %, 1690 MHz, 55, 7.99 W
1788686418.683716998,0 %, 1690 MHz, 55, 7.99 W
1788686418.783845069,0 %, 1690 MHz, 55, 7.98 W
1788686418.884557107,0 %, 1690 MHz, 55, 7.98 W
1788686418.984120602,0 %, 1690 MHz, 55, 7.98 W
1788686419.084469697,0 %, 1690 MHz, 55, 7.98 W
1788686419.185056696,0 %, 1690 MHz, 55, 7.98 W
1788686419.284910478,0 %, 1690 MHz, 55, 7.98 W
1788686419.384994213,0 %, 1690 MHz, 55, 7.98 W
1788686419.485617436,0 %, 1690 MHz, 55, 7.98 W
1788686419.585811139,0 %, 1690 MHz, 55, 7.98 W
1788686419.685807689,0 %, 1690 MHz, 55, 7.98 W
1788686419.785906736,0 %, 1690 MHz, 55, 7.97 W
1788686419.886448615,0 %, 1690 MHz, 55, 7.97 W
1788686419.986168574,0 %, 1690 MHz, 55, 7.97 W
1788686420.086445156,0 %, 1690 MHz, 55, 7.97 W
1788686420.187315931,0 %, 1690 MHz, 55, 7.97 W
1788686420.287159650,0 %, 1690 MHz, 55, 7.96 W
1788686420.387460537,0 %, 1690 MHz, 55, 7.96 W
1788686420.487813792,0 %, 1690 MHz, 55, 7.96 W
1788686420.587887270,0 %, 1690 MHz, 55, 7.96 W
1788686420.687804141,0 %, 1690 MHz, 55, 7.96 W
1788686420.788204292,0 %, 1690 MHz, 55, 8.00 W
1788686420.888599275,0 %, 1690 MHz, 55, 8.00 W
1788686420.988248673,0 %, 1690 MHz, 55, 8.00 W
1788686421.088446280,0 %, 1690 MHz, 55, 8.00 W
1788686421.189044255,0 %, 1690 MHz, 55, 8.00 W
1788686421.288890965,0 %, 1690 MHz, 55, 8.03 W
1788686421.389357276,0 %, 1690 MHz, 55, 8.03 W
1788686421.489945251,0 %, 1690 MHz, 55, 8.03 W
1788686421.589488090,0 %, 1690 MHz, 55, 8.03 W
1788686421.689683840,0 %, 1690 MHz, 55, 8.03 W
1788686421.790212903,0 %, 1690 MHz, 55, 8.02 W
1788686421.890012174,0 %, 1690 MHz, 55, 8.02 W
1788686421.990625301,0 %, 1690 MHz, 55, 8.02 W
1788686422.090329211,0 %, 1690 MHz, 55, 8.02 W
1788686422.190822706,0 %, 1690 MHz, 55, 8.02 W
1788686422.290870841,0 %, 1690 MHz, 55, 8.00 W
1788686422.390946159,0 %, 1690 MHz, 55, 8.00 W
1788686422.490998934,0 %, 1690 MHz, 55, 8.00 W
1788686422.591461485,0 %, 1690 MHz, 55, 8.00 W
1788686422.690940340,0 %, 1690 MHz, 55, 8.00 W
1788686422.791702762,0 %, 1690 MHz, 55, 7.99 W
1788686422.891852273,0 %, 1690 MHz, 55, 7.99 W
1788686422.991730632,0 %, 1690 MHz, 55, 7.99 W
1788686423.092349215,0 %, 1690 MHz, 55, 7.99 W
1788686423.192402517,0 %, 1690 MHz, 55, 7.99 W
1788686423.292220620,0 %, 1690 MHz, 55, 7.97 W
1788686423.392528147,0 %, 1690 MHz, 55, 7.97 W
1788686423.493507097,0 %, 1690 MHz, 55, 7.97 W
1788686423.593485600,0 %, 1690 MHz, 55, 7.97 W
1788686423.693523383,0 %, 1690 MHz, 55, 7.97 W
1788686423.793594094,0 %, 1690 MHz, 55, 7.97 W
1788686423.893975732,0 %, 1690 MHz, 55, 7.97 W
1788686423.994051883,0 %, 1690 MHz, 55, 7.97 W
1788686424.094118562,0 %, 1690 MHz, 55, 7.97 W
1788686424.193949256,0 %, 1690 MHz, 55, 7.97 W
1788686424.294628431,0 %, 1690 MHz, 55, 7.97 W
1788686424.394783238,0 %, 1690 MHz, 55, 7.97 W
1788686424.495090428,0 %, 1690 MHz, 55, 7.97 W
1788686424.595081363,0 %, 1690 MHz, 55, 7.97 W
1788686424.695208826,0 %, 1690 MHz, 55, 7.97 W
1788686424.795384064,0 %, 1690 MHz, 55, 7.96 W
1788686424.895538279,0 %, 1690 MHz, 55, 7.96 W
1788686424.995724862,0 %, 1690 MHz, 55, 7.96 W
1788686425.096287557,0 %, 1690 MHz, 55, 7.96 W
1788686425.196435195,0 %, 1690 MHz, 55, 7.96 W
1788686425.296465890,0 %, 1690 MHz, 55, 7.98 W
1788686425.396620105,0 %, 1690 MHz, 55, 7.98 W
1788686425.496762575,0 %, 1690 MHz, 55, 7.98 W
1788686425.596964486,0 %, 1690 MHz, 55, 7.98 W
1788686425.697012093,0 %, 1690 MHz, 55, 7.98 W
1788686425.797652003,0 %, 1690 MHz, 55, 8.01 W
1788686425.897774602,0 %, 1690 MHz, 55, 8.01 W
1788686425.997515761,0 %, 1690 MHz, 55, 8.01 W
1788686426.097835911,0 %, 1690 MHz, 55, 8.01 W
1788686426.197793358,0 %, 1690 MHz, 55, 8.01 W
1788686426.297963029,0 %, 1690 MHz, 55, 8.02 W
1788686426.398510139,0 %, 1690 MHz, 55, 8.02 W
1788686426.499084034,0 %, 1690 MHz, 55, 8.02 W
1788686426.599548009,0 %, 1690 MHz, 55, 8.02 W
1788686426.699179615,0 %, 1690 MHz, 55, 8.02 W
1788686426.799387094,0 %, 1690 MHz, 55, 8.03 W
1788686426.899680285,0 %, 1690 MHz, 55, 8.03 W
1788686426.999610067,0 %, 1690 MHz, 55, 8.03 W
1788686427.099922954,0 %, 1690 MHz, 55, 8.03 W
1788686427.199823121,0 %, 1690 MHz, 55, 8.03 W
1788686427.300073543,0 %, 1690 MHz, 55, 8.02 W
1788686427.399954334,0 %, 1690 MHz, 55, 8.02 W
1788686427.500879989,0 %, 1690 MHz, 55, 8.02 W
1788686427.600362587,0 %, 1690 MHz, 55, 8.02 W
1788686427.700755042,0 %, 1690 MHz, 55, 8.02 W
1788686427.800862601,0 %, 1690 MHz, 55, 7.97 W
1788686427.900939727,0 %, 1690 MHz, 55, 7.97 W
1788686428.001397302,0 %, 1690 MHz, 55, 7.97 W
1788686428.101730812,0 %, 1690 MHz, 55, 7.97 W
1788686428.201761027,0 %, 1690 MHz, 55, 7.97 W
1788686428.301996122,0 %, 1690 MHz, 55, 7.92 W
1788686428.402495600,0 %, 1690 MHz, 55, 7.92 W
1788686428.502572215,0 %, 1690 MHz, 55, 7.92 W
1788686428.602632398,0 %, 1690 MHz, 55, 7.92 W
1788686428.703271348,0 %, 1690 MHz, 55, 7.92 W
1788686428.803383339,0 %, 1690 MHz, 55, 7.86 W
1788686428.903407762,0 %, 1690 MHz, 55, 7.86 W
1788686429.003659944,0 %, 1690 MHz, 55, 7.86 W
1788686429.103900751,0 %, 1690 MHz, 55, 7.86 W
1788686429.204080517,0 %, 1690 MHz, 55, 7.86 W
1788686429.303697020,0 %, 1690 MHz, 55, 7.86 W
1788686429.404277987,0 %, 1690 MHz, 55, 7.86 W
1788686429.504723945,0 %, 1690 MHz, 55, 7.86 W
1788686429.604860624,0 %, 1690 MHz, 55, 7.86 W
1788686429.705356567,0 %, 1690 MHz, 55, 7.86 W
1788686429.805840557,0 %, 1690 MHz, 55, 7.92 W
1788686429.905927812,0 %, 1690 MHz, 55, 7.92 W
1788686430.006112698,0 %, 1690 MHz, 55, 7.92 W
1788686430.106636545,0 %, 1690 MHz, 55, 7.92 W
1788686430.206788184,0 %, 1690 MHz, 55, 7.92 W
1788686430.306775246,0 %, 1690 MHz, 55, 7.95 W
1788686430.406944645,0 %, 1690 MHz, 55, 7.95 W
1788686430.507505004,0 %, 1690 MHz, 55, 7.95 W
1788686430.607910834,0 %, 1690 MHz, 55, 7.95 W
1788686430.708110121,0 %, 1690 MHz, 55, 7.95 W
1788686430.807904847,0 %, 1690 MHz, 55, 7.95 W
1788686430.908503046,0 %, 1690 MHz, 55, 7.95 W
1788686431.008672557,0 %, 1690 MHz, 55, 7.95 W
1788686431.108832867,0 %, 1690 MHz, 55, 7.95 W
1788686431.209274026,0 %, 1690 MHz, 55, 7.95 W
1788686431.309759712,0 %, 1690 MHz, 55, 7.97 W
1788686431.410167607,0 %, 1690 MHz, 55, 7.97 W
1788686431.510659374,0 %, 1690 MHz, 55, 7.97 W
1788686431.610865828,0 %, 1690 MHz, 55, 7.97 W
1788686431.710993003,0 %, 1690 MHz, 55, 7.97 W
1788686431.811423665,0 %, 1690 MHz, 55, 7.97 W
1788686431.911923096,0 %, 1690 MHz, 55, 7.97 W
1788686432.011728847,0 %, 1690 MHz, 55, 7.97 W
1788686432.112046645,0 %, 1690 MHz, 55, 7.97 W
1788686432.212282332,0 %, 1690 MHz, 55, 7.97 W
1788686432.312652626,0 %, 1690 MHz, 55, 7.98 W
1788686432.412721033,0 %, 1690 MHz, 55, 7.98 W
1788686432.512616096,0 %, 1690 MHz, 55, 7.98 W
1788686432.612824678,0 %, 1690 MHz, 55, 7.98 W
1788686432.713205437,0 %, 1690 MHz, 55, 7.98 W
1788686432.813685971,0 %, 1690 MHz, 55, 7.99 W
1788686432.914017642,0 %, 1690 MHz, 55, 7.99 W
1788686433.014338352,0 %, 1690 MHz, 55, 7.99 W
1788686433.114282663,0 %, 1690 MHz, 55, 7.99 W
1788686433.214411662,0 %, 1690 MHz, 55, 7.99 W
1788686433.314816804,0 %, 1690 MHz, 55, 7.99 W
1788686433.415114635,0 %, 1690 MHz, 55, 7.99 W
1788686433.515267841,0 %, 1690 MHz, 55, 7.99 W
1788686433.615815688,0 %, 1690 MHz, 55, 7.99 W
1788686433.716294622,0 %, 1690 MHz, 55, 7.99 W
1788686433.816334901,0 %, 1690 MHz, 55, 8.00 W
1788686433.916905868,0 %, 1690 MHz, 55, 8.00 W
1788686434.017408754,0 %, 1690 MHz, 55, 8.00 W
1788686434.117267289,0 %, 1690 MHz, 55, 8.00 W
1788686434.217697231,0 %, 1690 MHz, 55, 8.00 W
1788686434.317932566,0 %, 1690 MHz, 55, 8.02 W
1788686434.418165372,0 %, 1690 MHz, 55, 8.02 W
1788686434.518683603,0 %, 1690 MHz, 55, 8.02 W
1788686434.618511306,0 %, 1690 MHz, 55, 8.02 W
1788686434.718819776,0 %, 1690 MHz, 55, 8.02 W
1788686434.819143607,0 %, 1690 MHz, 56, 8.03 W
1788686434.918978573,0 %, 1690 MHz, 56, 8.03 W
1788686435.019179348,0 %, 1690 MHz, 56, 8.03 W
1788686435.119393002,0 %, 1690 MHz, 56, 8.03 W
1788686435.219537825,0 %, 1690 MHz, 56, 8.03 W
1788686435.319694727,0 %, 1690 MHz, 56, 8.04 W
1788686435.419879486,0 %, 1690 MHz, 56, 8.04 W
1788686435.520429220,0 %, 1690 MHz, 56, 8.04 W
1788686435.620586411,0 %, 1690 MHz, 56, 8.04 W
1788686435.720798802,0 %, 1690 MHz, 56, 8.04 W
1788686435.820932824,0 %, 1690 MHz, 56, 8.03 W
1788686435.921214815,0 %, 1690 MHz, 56, 8.03 W
1788686436.021444789,0 %, 1690 MHz, 56, 8.03 W
1788686436.121633820,0 %, 1690 MHz, 56, 8.03 W
1788686436.221698930,0 %, 1690 MHz, 56, 8.03 W
1788686436.321752169,0 %, 1690 MHz, 56, 8.03 W
1788686436.422271743,0 %, 1690 MHz, 56, 8.03 W
1788686436.522438278,0 %, 1690 MHz, 56, 8.03 W
1788686436.622604476,0 %, 1690 MHz, 56, 8.03 W
1788686436.722415491,0 %, 1690 MHz, 56, 8.03 W
1788686436.823137097,0 %, 1690 MHz, 56, 8.03 W
1788686436.922846480,0 %, 1690 MHz, 56, 8.03 W
1788686437.023401190,0 %, 1690 MHz, 56, 8.03 W
1788686437.123868781,0 %, 1690 MHz, 56, 8.03 W
1788686437.224334195,0 %, 1690 MHz, 56, 8.03 W
1788686437.324996986,0 %, 1690 MHz, 56, 8.02 W
1788686437.424905329,0 %, 1690 MHz, 56, 8.02 W
1788686437.524706567,0 %, 1690 MHz, 56, 8.02 W
1788686437.625220686,0 %, 1690 MHz, 56, 8.02 W
1788686437.725339972,0 %, 1690 MHz, 56, 8.02 W
1788686437.825697051,0 %, 1690 MHz, 56, 8.00 W
1788686437.925977793,0 %, 1690 MHz, 56, 8.00 W
1788686438.026397592,0 %, 1690 MHz, 56, 8.00 W
1788686438.126465118,0 %, 1690 MHz, 56, 8.00 W
1788686438.226665365,0 %, 1690 MHz, 56, 8.00 W
1788686438.326652299,0 %, 1690 MHz, 56, 7.98 W
1788686438.427002018,0 %, 1690 MHz, 56, 7.98 W
1788686438.527442120,0 %, 1690 MHz, 56, 7.98 W
1788686438.627627599,0 %, 1690 MHz, 56, 7.98 W
1788686438.728089845,0 %, 1690 MHz, 56, 7.98 W
1788686438.828324060,0 %, 1690 MHz, 56, 7.98 W
1788686438.928373458,0 %, 1690 MHz, 56, 7.98 W
1788686439.029019833,0 %, 1690 MHz, 56, 7.98 W
1788686439.128701615,0 %, 1690 MHz, 56, 7.98 W
1788686439.229307782,0 %, 1690 MHz, 56, 7.98 W
1788686439.328953980,0 %, 1690 MHz, 56, 7.98 W
1788686439.429592883,0 %, 1690 MHz, 56, 7.98 W
1788686439.529761273,0 %, 1690 MHz, 56, 7.98 W
1788686439.629948544,0 %, 1690 MHz, 56, 7.98 W
1788686439.730237750,0 %, 1690 MHz, 56, 7.98 W
1788686439.830763004,0 %, 1690 MHz, 56, 7.97 W
1788686439.931227027,0 %, 1690 MHz, 56, 7.97 W
1788686440.031748938,0 %, 1690 MHz, 56, 7.97 W
1788686440.131924992,0 %, 1690 MHz, 56, 7.97 W
1788686440.232340998,0 %, 1690 MHz, 56, 7.97 W
1788686440.332186861,0 %, 1690 MHz, 56, 7.93 W
1788686440.432838083,0 %, 1690 MHz, 56, 7.93 W
1788686440.533407098,0 %, 1690 MHz, 56, 7.93 W
1788686440.633530864,0 %, 1690 MHz, 56, 7.93 W
1788686440.733813639,0 %, 1690 MHz, 56, 7.93 W
1788686440.834342717,0 %, 1690 MHz, 55, 7.90 W
1788686440.934056116,0 %, 1690 MHz, 55, 7.90 W
1788686441.033831898,0 %, 1690 MHz, 55, 7.90 W
1788686441.134356593,0 %, 1690 MHz, 55, 7.90 W
1788686441.234784599,0 %, 1690 MHz, 55, 7.90 W
1788686441.335354030,0 %, 1690 MHz, 55, 7.91 W
1788686441.435831620,0 %, 1690 MHz, 55, 7.91 W
1788686441.536061307,0 %, 1690 MHz, 55, 7.91 W
1788686441.636042225,0 %, 1690 MHz, 55, 7.91 W
1788686441.736543016,0 %, 1690 MHz, 55, 7.91 W
1788686441.836276510,0 %, 1690 MHz, 55, 7.90 W
1788686441.936545652,0 %, 1690 MHz, 55, 7.90 W
1788686442.037017291,0 %, 1690 MHz, 55, 7.90 W
1788686442.137172433,0 %, 1690 MHz, 55, 7.90 W
1788686442.237489224,0 %, 1690 MHz, 55, 7.90 W
1788686442.337562974,0 %, 1690 MHz, 55, 7.91 W
1788686442.437472853,0 %, 1690 MHz, 55, 7.91 W
1788686442.537941339,0 %, 1690 MHz, 55, 7.91 W
1788686442.638460962,0 %, 1690 MHz, 55, 7.91 W
1788686442.738981768,0 %, 1690 MHz, 55, 7.91 W
1788686442.838909998,0 %, 1690 MHz, 55, 7.96 W
1788686442.939176613,0 %, 1690 MHz, 55, 7.96 W
1788686443.039300315,0 %, 1690 MHz, 55, 7.96 W
1788686443.138908610,0 %, 1690 MHz, 55, 7.96 W
1788686443.239609016,0 %, 1690 MHz, 55, 7.96 W
1788686443.340190767,0 %, 1690 MHz, 55, 7.97 W
1788686443.440493285,0 %, 1690 MHz, 55, 7.97 W
1788686443.540949068,0 %, 1690 MHz, 55, 7.97 W
1788686443.640748690,0 %, 1690 MHz, 55, 7.97 W
1788686443.741173256,0 %, 1690 MHz, 55, 7.97 W
1788686443.841141743,0 %, 1690 MHz, 55, 7.97 W
1788686443.941701941,0 %, 1690 MHz, 55, 7.97 W
1788686444.041470844,0 %, 1690 MHz, 55, 7.97 W
1788686444.141376162,0 %, 1690 MHz, 55, 7.97 W
1788686444.241782088,0 %, 1690 MHz, 55, 7.97 W
1788686444.341909759,0 %, 1690 MHz, 55, 7.99 W
1788686444.442172357,0 %, 1690 MHz, 55, 7.99 W
1788686444.542469900,0 %, 1690 MHz, 55, 7.99 W
1788686444.642381138,0 %, 1690 MHz, 55, 7.99 W
1788686444.742770169,0 %, 1690 MHz, 55, 7.99 W
1788686444.842792431,0 %, 1690 MHz, 55, 8.00 W
1788686444.942737813,0 %, 1690 MHz, 55, 8.00 W
1788686445.042975004,0 %, 1690 MHz, 55, 8.00 W
1788686445.143346402,0 %, 1690 MHz, 55, 8.00 W
1788686445.243743417,0 %, 1690 MHz, 55, 8.00 W
1788686445.343824463,0 %, 1690 MHz, 55, 7.99 W
1788686445.443868789,0 %, 1690 MHz, 55, 7.99 W
1788686445.544382060,0 %, 1690 MHz, 55, 7.99 W
1788686445.644151058,0 %, 1690 MHz, 55, 7.99 W
1788686445.744602761,0 %, 1690 MHz, 55, 7.99 W
1788686445.844979247,0 %, 1690 MHz, 55, 7.99 W
1788686445.944916245,0 %, 1690 MHz, 55, 7.99 W
1788686446.044859884,0 %, 1690 MHz, 55, 7.99 W
1788686446.145258882,0 %, 1690 MHz, 55, 7.99 W
1788686446.245502648,0 %, 1690 MHz, 55, 7.99 W
1788686446.345988079,0 %, 1690 MHz, 55, 7.97 W
1788686446.446419141,0 %, 1690 MHz, 55, 7.97 W
1788686446.546636268,0 %, 1690 MHz, 55, 7.97 W
1788686446.646975762,0 %, 1690 MHz, 55, 7.97 W
1788686446.746646376,0 %, 1690 MHz, 55, 7.97 W
1788686446.847020223,0 %, 1690 MHz, 55, 7.99 W
1788686446.947208837,0 %, 1690 MHz, 55, 7.99 W
1788686447.047667660,0 %, 1690 MHz, 55, 7.99 W
1788686447.147847794,0 %, 1690 MHz, 55, 7.99 W
1788686447.247998152,0 %, 1690 MHz, 55, 7.99 W
1788686447.348077007,0 %, 1690 MHz, 55, 8.04 W
1788686447.448777237,0 %, 1690 MHz, 55, 8.04 W
1788686447.548641228,0 %, 1690 MHz, 55, 8.04 W
1788686447.648789986,0 %, 1690 MHz, 55, 8.04 W
1788686447.748867352,0 %, 1690 MHz, 55, 8.04 W
1788686447.848823583,0 %, 1690 MHz, 55, 8.00 W
1788686447.949186533,0 %, 1690 MHz, 55, 8.00 W
1788686448.049540827,0 %, 1690 MHz, 55, 8.00 W
1788686448.149560450,0 %, 1690 MHz, 55, 8.00 W
1788686448.249569144,0 %, 1690 MHz, 55, 8.00 W
1788686448.349673006,0 %, 1690 MHz, 55, 7.95 W
1788686448.450057829,0 %, 1690 MHz, 55, 7.95 W
1788686448.550409179,0 %, 1690 MHz, 55, 7.95 W
1788686448.650229330,0 %, 1690 MHz, 55, 7.95 W
1788686448.750557064,0 %, 1690 MHz, 55, 7.95 W
1788686448.851041934,0 %, 1690 MHz, 55, 7.92 W
1788686448.951510437,0 %, 1690 MHz, 55, 7.92 W
1788686449.051709579,0 %, 1690 MHz, 55, 7.92 W
1788686449.151853313,0 %, 1690 MHz, 55, 7.92 W
1788686449.252926584,0 %, 1690 MHz, 55, 7.92 W
1788686449.352566750,0 %, 1690 MHz, 55, 7.93 W
1788686449.452694692,0 %, 1690 MHz, 55, 7.93 W
1788686449.552805291,0 %, 1690 MHz, 55, 7.93 W
1788686449.652918257,0 %, 1690 MHz, 55, 7.93 W
1788686449.752650295,0 %, 1690 MHz, 55, 7.93 W
1788686449.853321534,0 %, 1690 MHz, 55, 7.95 W
1788686449.953771460,0 %, 1690 MHz, 55, 7.95 W
1788686450.053346698,0 %, 1690 MHz, 55, 7.95 W
1788686450.153643745,0 %, 1690 MHz, 55, 7.95 W
1788686450.253960391,0 %, 1690 MHz, 55, 7.95 W
1788686450.354082734,0 %, 1690 MHz, 56, 7.95 W
1788686450.454763300,0 %, 1690 MHz, 56, 7.95 W
1788686450.555188682,0 %, 1690 MHz, 56, 7.95 W
1788686450.655399777,0 %, 1690 MHz, 56, 7.95 W
1788686450.755391239,0 %, 1690 MHz, 55, 7.95 W
1788686450.855544509,0 %, 1690 MHz, 55, 7.95 W
1788686450.955676788,0 %, 1690 MHz, 55, 7.95 W
1788686451.055483866,0 %, 1690 MHz, 55, 7.95 W
1788686451.155588368,0 %, 1690 MHz, 55, 7.95 W
1788686451.256009222,0 %, 1690 MHz, 55, 7.94 W
1788686451.356227197,0 %, 1690 MHz, 55, 7.94 W
1788686451.456624835,0 %, 1690 MHz, 55, 7.94 W
1788686451.556529321,0 %, 1690 MHz, 55, 7.94 W
1788686451.657210512,0 %, 1690 MHz, 55, 7.94 W
1788686451.757703734,0 %, 1690 MHz, 55, 7.93 W
1788686451.857925036,0 %, 1690 MHz, 55, 7.93 W
1788686451.958436147,0 %, 1690 MHz, 55, 7.93 W
1788686452.058349561,0 %, 1690 MHz, 55, 7.93 W
1788686452.159106863,0 %, 1690 MHz, 55, 7.93 W
1788686452.259463670,0 %, 1690 MHz, 55, 7.94 W
1788686452.359983228,0 %, 1690 MHz, 55, 7.94 W
1788686452.459943010,0 %, 1690 MHz, 55, 7.94 W
1788686452.560464265,0 %, 1690 MHz, 55, 7.94 W
1788686452.660732207,0 %, 1690 MHz, 55, 7.94 W
1788686452.761238613,0 %, 1690 MHz, 55, 7.93 W
1788686452.861258444,0 %, 1690 MHz, 55, 7.93 W
1788686452.962156626,0 %, 1690 MHz, 55, 7.93 W
1788686453.062614328,0 %, 1690 MHz, 55, 7.93 W
1788686453.163012287,0 %, 1690 MHz, 55, 7.93 W
1788686453.263506949,0 %, 1690 MHz, 55, 7.92 W
1788686453.364033323,0 %, 1690 MHz, 55, 7.92 W
1788686453.464492338,0 %, 1690 MHz, 55, 7.92 W
1788686453.565125912,0 %, 1690 MHz, 55, 7.92 W
1788686453.665132510,0 %, 1690 MHz, 55, 7.92 W
1788686453.765791364,0 %, 1690 MHz, 55, 7.92 W
1788686453.865941131,0 %, 1690 MHz, 55, 7.92 W
1788686453.966386049,0 %, 1690 MHz, 55, 7.92 W
1788686454.066344343,0 %, 1690 MHz, 55, 7.92 W
1788686454.166280782,0 %, 1690 MHz, 55, 7.92 W
1788686454.266731028,0 %, 1690 MHz, 55, 7.92 W
1788686454.367014922,0 %, 1690 MHz, 55, 7.92 W
1788686454.467282656,0 %, 1690 MHz, 55, 7.92 W
1788686454.567346215,0 %, 1690 MHz, 55, 7.92 W
1788686454.667885965,0 %, 1690 MHz, 55, 7.92 W
1788686454.767778051,0 %, 1690 MHz, 55, 7.88 W
1788686454.867706570,0 %, 1690 MHz, 55, 7.88 W
1788686454.968374448,0 %, 1690 MHz, 55, 7.88 W
1788686455.068402822,0 %, 1690 MHz, 55, 7.88 W
1788686455.168689132,0 %, 1690 MHz, 55, 7.88 W
1788686455.268664979,0 %, 1690 MHz, 55, 7.85 W
1788686455.368645465,0 %, 1690 MHz, 55, 7.85 W
1788686455.469287039,0 %, 1690 MHz, 55, 7.85 W
1788686455.569541334,0 %, 1690 MHz, 55, 7.85 W
1788686455.670070076,0 %, 1690 MHz, 55, 7.85 W
1788686455.770401762,0 %, 1690 MHz, 55, 7.89 W
1788686455.870361128,0 %, 1690 MHz, 55, 7.89 W
1788686455.970697519,0 %, 1690 MHz, 55, 7.89 W
1788686456.071120277,0 %, 1690 MHz, 55, 7.89 W
1788686456.171594107,0 %, 1690 MHz, 55, 7.89 W
1788686456.272060513,0 %, 1690 MHz, 55, 7.91 W
1788686456.372456824,0 %, 1690 MHz, 55, 7.91 W
1788686456.472436958,0 %, 1690 MHz, 55, 7.91 W
1788686456.572758036,0 %, 1690 MHz, 55, 7.91 W
1788686456.673316283,0 %, 1690 MHz, 55, 7.91 W
1788686456.773656369,0 %, 1690 MHz, 55, 7.89 W
1788686456.873813127,0 %, 1690 MHz, 55, 7.89 W
1788686456.974191373,0 %, 1690 MHz, 55, 7.89 W
1788686457.074378467,0 %, 1690 MHz, 55, 7.89 W
1788686457.174662202,0 %, 1690 MHz, 55, 7.89 W
1788686457.274938208,0 %, 1690 MHz, 55, 7.89 W
1788686457.375104326,0 %, 1690 MHz, 55, 7.89 W
1788686457.475165692,0 %, 1690 MHz, 55, 7.89 W
1788686457.575521027,0 %, 1690 MHz, 55, 7.89 W
1788686457.675401017,0 %, 1690 MHz, 55, 7.89 W
1788686457.775772975,0 %, 1690 MHz, 55, 7.90 W
1788686457.875453477,0 %, 1690 MHz, 55, 7.90 W
1788686457.975660780,0 %, 1690 MHz, 55, 7.90 W
1788686458.076274594,0 %, 1690 MHz, 55, 7.90 W
1788686458.176421992,0 %, 1690 MHz, 55, 7.90 W
1788686458.276141566,0 %, 1690 MHz, 55, 7.91 W
1788686458.376544437,0 %, 1690 MHz, 55, 7.91 W
1788686458.476760635,0 %, 1690 MHz, 55, 7.91 W
1788686458.576816641,0 %, 1690 MHz, 55, 7.91 W
1788686458.677436951,0 %, 1690 MHz, 55, 7.91 W
1788686458.777687773,0 %, 1690 MHz, 55, 7.92 W
1788686458.877538276,0 %, 1690 MHz, 55, 7.92 W
1788686458.977972554,0 %, 1690 MHz, 55, 7.92 W
1788686459.077968336,0 %, 1690 MHz, 55, 7.92 W
1788686459.178303222,0 %, 1690 MHz, 55, 7.92 W
1788686459.278293037,0 %, 1690 MHz, 55, 7.91 W
1788686459.379064083,0 %, 1690 MHz, 55, 7.91 W
1788686459.478597657,0 %, 1690 MHz, 55, 7.91 W
1788686459.578744287,0 %, 1690 MHz, 55, 7.91 W
1788686459.678972085,0 %, 1690 MHz, 55, 7.91 W
1788686459.779190988,0 %, 1690 MHz, 55, 7.88 W
1788686459.879293042,0 %, 1690 MHz, 55, 7.88 W
1788686459.979608808,0 %, 1690 MHz, 55, 7.88 W
1788686460.080111390,0 %, 1690 MHz, 55, 7.88 W
1788686460.180317812,0 %, 1690 MHz, 55, 7.88 W
1788686460.280385659,0 %, 1690 MHz, 54, 7.85 W
1788686460.379976209,0 %, 1690 MHz, 54, 7.85 W
1788686460.481113351,0 %, 1690 MHz, 54, 7.85 W
1788686460.581294717,0 %, 1690 MHz, 54, 7.85 W
1788686460.681538548,0 %, 1690 MHz, 54, 7.85 W
1788686460.781689258,0 %, 1690 MHz, 54, 7.85 W
1788686460.882003696,0 %, 1690 MHz, 54, 7.85 W
1788686460.982242326,0 %, 1690 MHz, 54, 7.85 W
1788686461.082947068,0 %, 1690 MHz, 54, 7.85 W
1788686461.183004786,0 %, 1690 MHz, 54, 7.85 W
1788686461.283137705,0 %, 1690 MHz, 54, 7.83 W
1788686461.383647679,0 %, 1690 MHz, 54, 7.83 W
1788686461.484244069,0 %, 1690 MHz, 54, 7.83 W
1788686461.584076955,0 %, 1690 MHz, 54, 7.83 W
1788686461.684120193,0 %, 1690 MHz, 54, 7.83 W
1788686461.784123272,0 %, 1690 MHz, 54, 7.82 W
1788686461.884704062,0 %, 1690 MHz, 54, 7.82 W
1788686461.984860788,0 %, 1690 MHz, 54, 7.82 W
1788686462.084960026,0 %, 1690 MHz, 54, 7.82 W
1788686462.184877536,0 %, 1690 MHz, 54, 7.82 W
1788686462.284559991,0 %, 1690 MHz, 54, 7.82 W
1788686462.385124077,0 %, 1690 MHz, 54, 7.82 W
1788686462.485848931,0 %, 1690 MHz, 54, 7.82 W
1788686462.585882121,0 %, 1690 MHz, 54, 7.82 W
1788686462.686057199,0 %, 1690 MHz, 54, 7.82 W
1788686462.786580501,0 %, 1690 MHz, 54, 7.82 W
1788686462.886967484,0 %, 1690 MHz, 54, 7.82 W
1788686462.987075282,0 %, 1690 MHz, 54, 7.82 W
1788686463.087391544,0 %, 1690 MHz, 54, 7.82 W
1788686463.187633774,0 %, 1690 MHz, 54, 7.82 W
1788686463.288133188,0 %, 1690 MHz, 54, 7.83 W
1788686463.388622986,0 %, 1690 MHz, 54, 7.83 W
1788686463.488630625,0 %, 1690 MHz, 54, 7.83 W
1788686463.589121399,0 %, 1690 MHz, 54, 7.83 W
1788686463.689266333,0 %, 1690 MHz, 54, 7.83 W
1788686463.789681667,0 %, 1690 MHz, 54, 7.83 W
1788686463.889953769,0 %, 1690 MHz, 54, 7.83 W
1788686463.989787967,0 %, 1690 MHz, 54, 7.83 W
1788686464.090290230,0 %, 1690 MHz, 54, 7.83 W
1788686464.190638892,0 %, 1690 MHz, 54, 7.83 W
1788686464.290663458,0 %, 1690 MHz, 54, 7.83 W
1788686464.390728024,0 %, 1690 MHz, 54, 7.83 W
1788686464.490903534,0 %, 1690 MHz, 54, 7.83 W
1788686464.591124740,0 %, 1690 MHz, 54, 7.83 W
1788686464.690929178,0 %, 1690 MHz, 54, 7.83 W
1788686464.791379937,0 %, 1690 MHz, 54, 7.79 W
1788686464.891552775,0 %, 1690 MHz, 54, 7.79 W
1788686464.991734861,0 %, 1690 MHz, 54, 7.79 W
1788686465.091714899,0 %, 1690 MHz, 54, 7.79 W
1788686465.192173241,0 %, 1690 MHz, 54, 7.79 W
1788686465.292689855,0 %, 1690 MHz, 54, 7.76 W
1788686465.393137046,0 %, 1690 MHz, 54, 7.76 W
1788686465.493633532,0 %, 1690 MHz, 54, 7.76 W
1788686465.594188994,0 %, 1690 MHz, 54, 7.76 W
1788686465.693922872,0 %, 1690 MHz, 54, 7.76 W
1788686465.794503550,0 %, 1690 MHz, 53, 7.78 W
1788686465.895048852,0 %, 1690 MHz, 53, 7.78 W
1788686465.995075626,0 %, 1690 MHz, 53, 7.78 W
1788686466.095355297,0 %, 1690 MHz, 53, 7.78 W
1788686466.195816295,0 %, 1690 MHz, 53, 7.78 W
1788686466.295949437,0 %, 1690 MHz, 53, 7.79 W
1788686466.396434387,0 %, 1690 MHz, 53, 7.79 W
1788686466.496850153,0 %, 1690 MHz, 53, 7.79 W
1788686466.597265871,0 %, 1690 MHz, 53, 7.79 W
1788686466.697842869,0 %, 1690 MHz, 53, 7.79 W
1788686466.798012779,0 %, 1690 MHz, 53, 7.77 W
1788686466.898281362,0 %, 1690 MHz, 53, 7.77 W
1788686466.999162840,0 %, 1690 MHz, 53, 7.77 W
1788686467.099230094,0 %, 1690 MHz, 53, 7.77 W
1788686467.199574612,0 %, 1690 MHz, 53, 7.77 W
1788686467.300171002,0 %, 1690 MHz, 53, 7.76 W
1788686467.399887344,0 %, 1690 MHz, 53, 7.76 W
1788686467.500486662,0 %, 1690 MHz, 53, 7.76 W
1788686467.600876812,0 %, 1690 MHz, 53, 7.76 W
1788686467.701461218,0 %, 1690 MHz, 53, 7.76 W
1788686467.801894217,0 %, 1690 MHz, 53, 7.73 W
1788686467.902328655,0 %, 1690 MHz, 53, 7.73 W
1788686468.002538853,0 %, 1690 MHz, 53, 7.73 W
1788686468.102975803,0 %, 1690 MHz, 53, 7.73 W
1788686468.203376353,0 %, 1690 MHz, 53, 7.73 W
1788686468.303859479,0 %, 1690 MHz, 53, 7.72 W
1788686468.404330541,0 %, 1690 MHz, 53, 7.72 W
1788686468.504517619,0 %, 1690 MHz, 53, 7.72 W
1788686468.604984314,0 %, 1690 MHz, 53, 7.72 W
1788686468.705369792,0 %, 1690 MHz, 53, 7.72 W
1788686468.805872726,0 %, 1690 MHz, 53, 7.71 W
1788686468.905890044,0 %, 1690 MHz, 53, 7.71 W
1788686469.006643458,0 %, 1690 MHz, 53, 7.71 W
1788686469.106543176,0 %, 1690 MHz, 53, 7.71 W
1788686469.207232094,0 %, 1690 MHz, 53, 7.71 W
1788686469.307174228,0 %, 1690 MHz, 53, 7.69 W
1788686469.407712410,0 %, 1690 MHz, 53, 7.69 W
1788686469.507770416,0 %, 1690 MHz, 53, 7.69 W
1788686469.607837590,0 %, 1690 MHz, 53, 7.69 W
1788686469.707976045,0 %, 1690 MHz, 53, 7.69 W
1788686469.808049043,0 %, 1690 MHz, 53, 7.62 W
1788686469.908164681,0 %, 1690 MHz, 53, 7.62 W
1788686470.008463151,0 %, 1690 MHz, 53, 7.62 W
1788686470.108514949,0 %, 1690 MHz, 53, 7.62 W
1788686470.208654859,0 %, 1690 MHz, 53, 7.62 W
1788686470.308489601,0 %, 1690 MHz, 52, 7.57 W
1788686470.408827287,0 %, 1690 MHz, 52, 7.57 W
1788686470.509050717,0 %, 1690 MHz, 52, 7.57 W
1788686470.609032515,0 %, 1690 MHz, 52, 7.57 W
1788686470.709019609,0 %, 1690 MHz, 52, 7.57 W
1788686470.809397839,0 %, 1690 MHz, 52, 7.58 W
1788686470.909378917,0 %, 1690 MHz, 52, 7.58 W
1788686471.009583195,0 %, 1690 MHz, 52, 7.58 W
1788686471.109828834,0 %, 1690 MHz, 52, 7.58 W
1788686471.210269000,0 %, 1690 MHz, 52, 7.58 W
1788686471.310260414,0 %, 1690 MHz, 52, 7.55 W
1788686471.410810884,0 %, 1690 MHz, 52, 7.55 W
1788686471.510752762,0 %, 1690 MHz, 52, 7.55 W
1788686471.610885696,0 %, 1690 MHz, 52, 7.55 W
1788686471.711355094,0 %, 1690 MHz, 52, 7.55 W
1788686471.811221068,0 %, 1690 MHz, 52, 7.55 W
1788686471.911878242,0 %, 1690 MHz, 52, 7.55 W
1788686472.012074248,0 %, 1690 MHz, 52, 7.55 W
1788686472.112561006,0 %, 1690 MHz, 52, 7.55 W
1788686472.212704756,0 %, 1690 MHz, 52, 7.55 W
1788686472.312810890,0 %, 1690 MHz, 52, 7.64 W
1788686472.412709648,0 %, 1690 MHz, 52, 7.64 W
1788686472.513363286,0 %, 1690 MHz, 52, 7.64 W
1788686472.613612620,0 %, 1690 MHz, 52, 7.64 W
1788686472.714050850,0 %, 1690 MHz, 52, 7.64 W
1788686472.814133720,0 %, 1690 MHz, 52, 7.71 W
1788686472.914370991,0 %, 1690 MHz, 52, 7.71 W
1788686473.015063685,0 %, 1690 MHz, 52, 7.71 W
1788686473.115417323,0 %, 1690 MHz, 52, 7.71 W
1788686473.215236689,0 %, 1690 MHz, 52, 7.71 W
1788686473.315996359,0 %, 1690 MHz, 52, 7.72 W
1788686473.416391197,0 %, 1690 MHz, 52, 7.72 W
1788686473.516914003,0 %, 1690 MHz, 52, 7.72 W
1788686473.617049593,0 %, 1690 MHz, 52, 7.72 W
1788686473.717457663,0 %, 1690 MHz, 52, 7.72 W
1788686473.817705429,0 %, 1690 MHz, 52, 7.72 W
1788686473.918226395,0 %, 1690 MHz, 52, 7.72 W
1788686474.018156561,0 %, 1690 MHz, 52, 7.72 W
1788686474.118438551,0 %, 1690 MHz, 52, 7.72 W
1788686474.218569389,0 %, 1690 MHz, 52, 7.72 W
1788686474.318493667,0 %, 1690 MHz, 52, 7.70 W
1788686474.418685961,0 %, 1690 MHz, 52, 7.70 W
1788686474.518385247,0 %, 1690 MHz, 52, 7.70 W
1788686474.618670277,0 %, 1690 MHz, 52, 7.70 W
1788686474.718796859,0 %, 1690 MHz, 52, 7.70 W
1788686474.819089841,0 %, 1690 MHz, 52, 7.68 W
1788686474.919183463,0 %, 1690 MHz, 52, 7.68 W
1788686475.019379341,0 %, 1690 MHz, 52, 7.68 W
1788686475.119562563,0 %, 1690 MHz, 52, 7.68 W
1788686475.219687689,0 %, 1690 MHz, 52, 7.68 W
1788686475.319625055,0 %, 1690 MHz, 52, 7.68 W
1788686475.419878405,0 %, 1690 MHz, 52, 7.68 W
1788686475.519953515,0 %, 1690 MHz, 52, 7.68 W
1788686475.620076417,0 %, 1690 MHz, 52, 7.68 W
1788686475.720371607,0 %, 1690 MHz, 52, 7.68 W
1788686475.820125725,0 %, 1690 MHz, 52, 7.68 W
1788686475.920651795,0 %, 1690 MHz, 52, 7.68 W
1788686476.020759433,0 %, 1690 MHz, 52, 7.68 W
1788686476.120918447,0 %, 1690 MHz, 52, 7.68 W
1788686476.220987925,0 %, 1690 MHz, 52, 7.68 W
1788686476.321101003,0 %, 1690 MHz, 52, 7.67 W
1788686476.421264625,0 %, 1690 MHz, 52, 7.67 W
1788686476.521236583,0 %, 1690 MHz, 52, 7.67 W
1788686476.621894173,0 %, 1690 MHz, 52, 7.67 W
1788686476.721297043,0 %, 1690 MHz, 52, 7.67 W
1788686476.821752473,0 %, 1690 MHz, 52, 7.66 W
1788686476.921973839,0 %, 1690 MHz, 52, 7.66 W
1788686477.022290661,0 %, 1690 MHz, 52, 7.66 W
1788686477.122452203,0 %, 1690 MHz, 52, 7.66 W
1788686477.222711665,0 %, 1690 MHz, 52, 7.66 W
1788686477.322934327,0 %, 1690 MHz, 51, 7.64 W
1788686477.423325421,0 %, 1690 MHz, 51, 7.64 W
1788686477.523811955,0 %, 1690 MHz, 51, 7.64 W
1788686477.623786937,0 %, 1690 MHz, 51, 7.64 W
1788686477.723789935,0 %, 1690 MHz, 51, 7.64 W
1788686477.824719413,0 %, 1690 MHz, 51, 7.64 W
1788686477.924823435,0 %, 1690 MHz, 51, 7.64 W
1788686478.025347073,0 %, 1690 MHz, 51, 7.64 W
1788686478.125582023,0 %, 1690 MHz, 51, 7.64 W
1788686478.226302685,0 %, 1690 MHz, 51, 7.64 W
1788686478.326791027,0 %, 1690 MHz, 51, 7.66 W
1788686478.427018985,0 %, 1690 MHz, 51, 7.66 W
1788686478.527423823,0 %, 1690 MHz, 51, 7.66 W
1788686478.627916821,0 %, 1690 MHz, 51, 7.66 W
1788686478.728342123,0 %, 1690 MHz, 51, 7.66 W
1788686478.828832145,0 %, 1690 MHz, 51, 7.66 W
1788686478.929258423,0 %, 1690 MHz, 51, 7.66 W
1788686479.029747741,0 %, 1690 MHz, 51, 7.66 W
1788686479.129835571,0 %, 1690 MHz, 51, 7.66 W
1788686479.230397385,0 %, 1690 MHz, 51, 7.66 W
1788686479.330949807,0 %, 1690 MHz, 51, 7.68 W
1788686479.430901380,0 %, 1690 MHz, 51, 7.68 W
1788686479.531595131,0 %, 1690 MHz, 51, 7.68 W
1788686479.632217440,0 %, 1690 MHz, 51, 7.68 W
1788686479.732581590,0 %, 1690 MHz, 51, 7.68 W
1788686479.832957292,0 %, 1690 MHz, 51, 7.68 W
1788686479.933140322,0 %, 1690 MHz, 51, 7.68 W
1788686480.033332312,0 %, 1690 MHz, 51, 7.68 W
1788686480.133566942,0 %, 1690 MHz, 51, 7.68 W
1788686480.233136340,0 %, 1690 MHz, 51, 7.68 W
1788686480.333497514,0 %, 1690 MHz, 51, 7.63 W
1788686480.433994928,0 %, 1690 MHz, 51, 7.63 W
1788686480.534190022,0 %, 1690 MHz, 51, 7.63 W
1788686480.634413932,0 %, 1690 MHz, 51, 7.63 W
1788686480.735195858,0 %, 1690 MHz, 51, 7.63 W
1788686480.835027448,0 %, 1690 MHz, 51, 7.55 W
1788686480.935376702,0 %, 1690 MHz, 51, 7.55 W
1788686481.035707716,0 %, 1690 MHz, 51, 7.55 W
1788686481.136131994,0 %, 1690 MHz, 51, 7.55 W
1788686481.236774080,0 %, 1690 MHz, 51, 7.55 W
1788686481.336819798,0 %, 1690 MHz, 51, 7.51 W
1788686481.437306252,0 %, 1690 MHz, 51, 7.51 W
1788686481.537965649,0 %, 1690 MHz, 51, 7.51 W
1788686481.638280343,0 %, 1690 MHz, 51, 7.51 W
1788686481.738906429,0 %, 1690 MHz, 51, 7.51 W
1788686481.839785475,0 %, 1690 MHz, 51, 7.49 W
1788686481.939551385,0 %, 1690 MHz, 51, 7.49 W
1788686482.039834047,0 %, 1690 MHz, 51, 7.49 W
1788686482.140300917,0 %, 1690 MHz, 51, 7.49 W
1788686482.240715147,0 %, 1690 MHz, 51, 7.49 W
1788686482.340920017,0 %, 1690 MHz, 51, 7.48 W
1788686482.441340807,0 %, 1690 MHz, 51, 7.48 W
1788686482.541804637,0 %, 1690 MHz, 51, 7.48 W
1788686482.641848323,0 %, 1690 MHz, 51, 7.48 W
1788686482.742194729,0 %, 1690 MHz, 51, 7.48 W
1788686482.842995855,0 %, 1690 MHz, 51, 7.49 W
1788686482.943102836,0 %, 1690 MHz, 51, 7.49 W
1788686483.043435306,0 %, 1690 MHz, 51, 7.49 W
1788686483.143794528,0 %, 1690 MHz, 51, 7.49 W
1788686483.244042534,0 %, 1690 MHz, 51, 7.49 W
1788686483.343797212,0 %, 1690 MHz, 51, 7.50 W
1788686483.444136530,0 %, 1690 MHz, 51, 7.50 W
1788686483.544860104,0 %, 1690 MHz, 51, 7.50 W
1788686483.645049534,0 %, 1690 MHz, 51, 7.50 W
1788686483.745180148,0 %, 1690 MHz, 51, 7.50 W
1788686483.845608234,0 %, 1690 MHz, 50, 7.47 W
1788686483.946080448,0 %, 1690 MHz, 50, 7.47 W
1788686484.046273142,0 %, 1690 MHz, 50, 7.47 W
1788686484.146903531,0 %, 1690 MHz, 50, 7.47 W
1788686484.246531969,0 %, 1690 MHz, 50, 7.47 W
1788686484.347091543,0 %, 1690 MHz, 50, 7.46 W
1788686484.447019437,0 %, 1690 MHz, 50, 7.46 W
1788686484.547643715,0 %, 1690 MHz, 50, 7.46 W
1788686484.647748393,0 %, 1690 MHz, 50, 7.46 W
1788686484.748271919,0 %, 1690 MHz, 50, 7.46 W
1788686484.848318997,0 %, 1690 MHz, 50, 7.50 W
1788686484.948942331,0 %, 1690 MHz, 50, 7.50 W
1788686485.049313664,0 %, 1690 MHz, 50, 7.50 W
1788686485.149435686,0 %, 1690 MHz, 50, 7.50 W
1788686485.249712748,0 %, 1690 MHz, 50, 7.50 W
1788686485.350122738,0 %, 1690 MHz, 50, 7.55 W
1788686485.450469480,0 %, 1690 MHz, 50, 7.55 W
1788686485.550791310,0 %, 1690 MHz, 50, 7.55 W
1788686485.650918676,0 %, 1690 MHz, 50, 7.55 W
1788686485.751448874,0 %, 1690 MHz, 50, 7.55 W
1788686485.851685024,0 %, 1690 MHz, 50, 7.56 W
1788686485.951999013,0 %, 1690 MHz, 50, 7.56 W
1788686486.052105915,0 %, 1690 MHz, 50, 7.56 W
1788686486.152306481,0 %, 1690 MHz, 50, 7.56 W
1788686486.252907255,0 %, 1690 MHz, 50, 7.56 W
1788686486.352932813,0 %, 1690 MHz, 50, 7.55 W
1788686486.453401971,0 %, 1690 MHz, 50, 7.55 W
1788686486.553910201,0 %, 1690 MHz, 50, 7.55 W
1788686486.654085375,0 %, 1690 MHz, 50, 7.55 W
1788686486.753947716,0 %, 1690 MHz, 50, 7.55 W
1788686486.854460378,0 %, 1690 MHz, 50, 7.55 W
1788686486.954581984,0 %, 1690 MHz, 50, 7.55 W
1788686487.055110758,0 %, 1690 MHz, 50, 7.55 W
1788686487.155617884,0 %, 1690 MHz, 50, 7.55 W
1788686487.256027746,0 %, 1690 MHz, 50, 7.55 W
1788686487.356400072,0 %, 1690 MHz, 50, 7.56 W
1788686487.456877485,0 %, 1690 MHz, 50, 7.56 W
1788686487.557341267,0 %, 1690 MHz, 50, 7.56 W
1788686487.657526233,0 %, 1690 MHz, 50, 7.56 W
1788686487.757947007,0 %, 1690 MHz, 50, 7.56 W
1788686487.858427461,0 %, 1690 MHz, 50, 7.55 W
1788686487.958508987,0 %, 1690 MHz, 50, 7.55 W
1788686488.059138177,0 %, 1690 MHz, 50, 7.55 W
1788686488.159036390,0 %, 1690 MHz, 50, 7.55 W
1788686488.259789308,0 %, 1690 MHz, 50, 7.55 W
1788686488.359726210,0 %, 1690 MHz, 50, 7.55 W
1788686488.461071896,0 %, 1690 MHz, 50, 7.55 W
1788686488.560493518,0 %, 1690 MHz, 50, 7.55 W
1788686488.661261188,0 %, 1690 MHz, 50, 7.55 W
1788686488.761632666,0 %, 1690 MHz, 50, 7.49 W
1788686488.862128559,0 %, 1690 MHz, 50, 7.49 W
1788686488.961660005,0 %, 1690 MHz, 50, 7.49 W
1788686489.062902523,0 %, 1690 MHz, 50, 7.49 W
1788686489.163221297,0 %, 1690 MHz, 50, 7.49 W
1788686489.263570023,0 %, 1690 MHz, 50, 7.44 W
1788686489.363944125,0 %, 1690 MHz, 50, 7.44 W
1788686489.463571202,0 %, 1690 MHz, 50, 7.44 W
1788686489.565111992,0 %, 1690 MHz, 50, 7.44 W
1788686489.665201774,0 %, 1690 MHz, 50, 7.44 W
1788686489.765596196,0 %, 1690 MHz, 50, 7.42 W
1788686489.866203706,0 %, 1690 MHz, 50, 7.42 W
1788686489.965468656,0 %, 1690 MHz, 50, 7.42 W
1788686490.067090422,0 %, 1690 MHz, 50, 7.42 W
1788686490.167417147,0 %, 1690 MHz, 50, 7.42 W
1788686490.267645969,0 %, 1690 MHz, 49, 7.41 W
1788686490.367878167,0 %, 1690 MHz, 49, 7.41 W
1788686490.467093597,0 %, 1690 MHz, 49, 7.41 W
1788686490.568409091,0 %, 1690 MHz, 49, 7.41 W
1788686490.669146969,0 %, 1690 MHz, 49, 7.41 W
1788686490.769523934,0 %, 1690 MHz, 49, 7.41 W
1788686490.869804132,0 %, 1690 MHz, 49, 7.41 W
1788686490.969313994,0 %, 1690 MHz, 49, 7.41 W
1788686491.070601120,0 %, 1690 MHz, 49, 7.41 W
1788686491.171053446,0 %, 1690 MHz, 49, 7.41 W
1788686491.271386299,0 %, 1690 MHz, 49, 7.39 W
1788686491.371752657,0 %, 1690 MHz, 49, 7.39 W
1788686491.472187383,0 %, 1690 MHz, 49, 7.39 W
1788686491.572842253,0 %, 1690 MHz, 49, 7.39 W
1788686491.672287363,0 %, 1690 MHz, 49, 7.39 W
1788686491.772700297,0 %, 1690 MHz, 49, 7.38 W
1788686491.872862238,0 %, 1690 MHz, 49, 7.38 W
1788686491.972530676,0 %, 1690 MHz, 49, 7.38 W
1788686492.073140554,0 %, 1690 MHz, 49, 7.38 W
1788686492.173345920,0 %, 1690 MHz, 49, 7.38 W
1788686492.273588405,0 %, 1690 MHz, 49, 7.38 W
1788686492.374070171,0 %, 1690 MHz, 49, 7.38 W
1788686492.474322081,0 %, 1690 MHz, 49, 7.38 W
1788686492.574819111,0 %, 1690 MHz, 49, 7.38 W
1788686492.675286605,0 %, 1690 MHz, 49, 7.38 W
1788686492.775084034,0 %, 1690 MHz, 49, 7.41 W
1788686492.875832152,0 %, 1690 MHz, 49, 7.41 W
1788686492.975759934,0 %, 1690 MHz, 49, 7.41 W
1788686493.075936868,0 %, 1690 MHz, 49, 7.41 W
1788686493.176252170,0 %, 1690 MHz, 49, 7.41 W
1788686493.276725855,0 %, 1690 MHz, 49, 7.41 W
1788686493.376800181,0 %, 1690 MHz, 49, 7.41 W
1788686493.477221259,0 %, 1690 MHz, 49, 7.41 W
1788686493.577044129,0 %, 1690 MHz, 49, 7.41 W
1788686493.677089303,0 %, 1690 MHz, 49, 7.41 W
1788686493.777634396,0 %, 1690 MHz, 49, 7.41 W
1788686493.877500578,0 %, 1690 MHz, 49, 7.41 W
1788686493.977647176,0 %, 1690 MHz, 49, 7.41 W
1788686494.078811006,0 %, 1690 MHz, 49, 7.41 W
1788686494.178818419,0 %, 1690 MHz, 49, 7.41 W
1788686494.279358457,0 %, 1690 MHz, 49, 7.42 W
1788686494.380021759,0 %, 1690 MHz, 49, 7.42 W
1788686494.480379733,0 %, 1690 MHz, 49, 7.42 W
1788686494.580776603,0 %, 1690 MHz, 49, 7.42 W
1788686494.680858112,0 %, 1690 MHz, 49, 7.42 W
1788686494.781834294,0 %, 1690 MHz, 49, 7.37 W
1788686494.882373548,0 %, 1690 MHz, 49, 7.37 W
1788686494.982412338,0 %, 1690 MHz, 49, 7.37 W
1788686495.082505287,0 %, 1690 MHz, 49, 7.37 W
1788686495.182441949,0 %, 1690 MHz, 49, 7.37 W
1788686495.282627987,0 %, 1690 MHz, 49, 7.36 W
1788686495.383224489,0 %, 1690 MHz, 49, 7.36 W
1788686495.483218302,0 %, 1690 MHz, 49, 7.36 W
1788686495.583374788,0 %, 1690 MHz, 49, 7.36 W
1788686495.683245226,0 %, 1690 MHz, 49, 7.36 W
1788686495.783410864,0 %, 1690 MHz, 49, 7.40 W
1788686495.883498805,0 %, 1690 MHz, 49, 7.40 W
1788686495.984081659,0 %, 1690 MHz, 49, 7.40 W
1788686496.083922481,0 %, 1690 MHz, 49, 7.40 W
1788686496.184041095,0 %, 1690 MHz, 49, 7.40 W
1788686496.283984812,0 %, 1690 MHz, 49, 7.44 W
1788686496.384310898,0 %, 1690 MHz, 49, 7.44 W
1788686496.484293736,0 %, 1690 MHz, 49, 7.44 W
1788686496.584686270,0 %, 1690 MHz, 49, 7.44 W
1788686496.685020611,0 %, 1690 MHz, 49, 7.44 W
1788686496.784967913,0 %, 1690 MHz, 48, 7.46 W
1788686496.885132207,0 %, 1690 MHz, 48, 7.46 W
1788686496.985146757,0 %, 1690 MHz, 48, 7.46 W
1788686497.085342890,0 %, 1690 MHz, 48, 7.46 W
1788686497.185218048,0 %, 1690 MHz, 48, 7.46 W
1788686497.285505782,0 %, 1690 MHz, 48, 7.47 W
1788686497.386012955,0 %, 1690 MHz, 48, 7.47 W
1788686497.486083281,0 %, 1690 MHz, 48, 7.47 W
1788686497.586280087,0 %, 1690 MHz, 48, 7.47 W
1788686497.686315549,0 %, 1690 MHz, 48, 7.47 W
1788686497.786728498,0 %, 1690 MHz, 48, 7.47 W
1788686497.886971464,0 %, 1690 MHz, 48, 7.47 W
1788686497.987031486,0 %, 1690 MHz, 48, 7.47 W
1788686498.086757524,0 %, 1690 MHz, 48, 7.47 W
1788686498.187216921,0 %, 1690 MHz, 48, 7.47 W
1788686498.287349695,0 %, 1690 MHz, 48, 7.46 W
1788686498.387568869,0 %, 1690 MHz, 48, 7.46 W
1788686498.487803610,0 %, 1690 MHz, 48, 7.46 W
1788686498.587763568,0 %, 1690 MHz, 48, 7.46 W
1788686498.687839478,0 %, 1690 MHz, 48, 7.46 W
1788686498.788069100,0 %, 1690 MHz, 48, 7.47 W
1788686498.888494625,0 %, 1690 MHz, 48, 7.47 W
1788686498.988578743,0 %, 1690 MHz, 48, 7.47 W
1788686499.089318605,0 %, 1690 MHz, 48, 7.47 W
1788686499.189245586,0 %, 1690 MHz, 48, 7.47 W
1788686499.289360440,0 %, 1690 MHz, 48, 7.47 W
1788686499.389593390,0 %, 1690 MHz, 48, 7.47 W
1788686499.489402563,0 %, 1690 MHz, 48, 7.47 W
1788686499.589678425,0 %, 1690 MHz, 48, 7.47 W
1788686499.689737375,0 %, 1690 MHz, 48, 7.47 W
1788686499.789783637,0 %, 1690 MHz, 48, 7.47 W
1788686499.889977882,0 %, 1690 MHz, 48, 7.47 W
1788686499.990900160,0 %, 1690 MHz, 48, 7.47 W
1788686500.090955302,0 %, 1690 MHz, 48, 7.47 W
1788686500.191113771,0 %, 1690 MHz, 48, 7.47 W
1788686500.291374625,0 %, 1690 MHz, 48, 7.42 W
1788686500.391359367,0 %, 1690 MHz, 48, 7.42 W
1788686500.491469916,0 %, 1690 MHz, 48, 7.42 W
1788686500.591620498,0 %, 1690 MHz, 48, 7.42 W
1788686500.692183720,0 %, 1690 MHz, 48, 7.42 W
1788686500.792132798,0 %, 1690 MHz, 48, 7.36 W
1788686500.892288227,0 %, 1690 MHz, 48, 7.36 W
1788686500.992278713,0 %, 1690 MHz, 48, 7.36 W
1788686501.092464511,0 %, 1690 MHz, 48, 7.36 W
1788686501.192429140,0 %, 1690 MHz, 48, 7.36 W
1788686501.293172474,0 %, 1690 MHz, 48, 7.34 W
1788686501.393139792,0 %, 1690 MHz, 48, 7.34 W
1788686501.493078181,0 %, 1690 MHz, 48, 7.34 W
1788686501.593756507,0 %, 1690 MHz, 48, 7.34 W
1788686501.693947025,0 %, 1690 MHz, 48, 7.34 W
1788686501.794141286,0 %, 1690 MHz, 48, 7.34 W
1788686501.894843276,0 %, 1690 MHz, 48, 7.34 W
1788686501.994140114,0 %, 1690 MHz, 48, 7.34 W
1788686502.094672743,0 %, 1690 MHz, 48, 7.34 W
1788686502.194428413,0 %, 1690 MHz, 48, 7.34 W
1788686502.295023219,0 %, 1690 MHz, 48, 7.35 W
1788686502.395204808,0 %, 1690 MHz, 48, 7.35 W
1788686502.495637646,0 %, 1690 MHz, 48, 7.35 W
1788686502.595606948,0 %, 1690 MHz, 48, 7.35 W
1788686502.696071065,0 %, 1690 MHz, 48, 7.35 W
1788686502.796035007,0 %, 1690 MHz, 48, 7.35 W
1788686502.896172757,0 %, 1690 MHz, 48, 7.35 W
1788686502.996237498,0 %, 1690 MHz, 48, 7.35 W
1788686503.096502816,0 %, 1690 MHz, 48, 7.35 W
1788686503.196865062,0 %, 1690 MHz, 48, 7.35 W
1788686503.297137227,0 %, 1690 MHz, 48, 7.34 W
1788686503.397267121,0 %, 1690 MHz, 48, 7.34 W
1788686503.497306711,0 %, 1690 MHz, 48, 7.34 W
1788686503.597438284,0 %, 1690 MHz, 48, 7.34 W
1788686503.697877746,0 %, 1690 MHz, 48, 7.34 W
1788686503.798072872,0 %, 1690 MHz, 48, 7.34 W
1788686503.898298365,0 %, 1690 MHz, 48, 7.34 W
1788686503.998011251,0 %, 1690 MHz, 48, 7.34 W
1788686504.098549513,0 %, 1690 MHz, 48, 7.34 W
1788686504.198758094,0 %, 1690 MHz, 48, 7.34 W
1788686504.298930180,0 %, 1690 MHz, 48, 7.32 W
1788686504.399206842,0 %, 1690 MHz, 48, 7.32 W
1788686504.499536015,0 %, 1690 MHz, 48, 7.32 W
1788686504.599415029,0 %, 1690 MHz, 48, 7.32 W
1788686504.699858010,0 %, 1690 MHz, 48, 7.32 W
1788686504.800036256,0 %, 1690 MHz, 48, 7.31 W
1788686504.899977238,0 %, 1690 MHz, 48, 7.31 W
1788686505.000007435,0 %, 1690 MHz, 48, 7.31 W
1788686505.100325857,0 %, 1690 MHz, 48, 7.31 W
1788686505.200798535,0 %, 1690 MHz, 48, 7.31 W
1788686505.300704428,0 %, 1690 MHz, 48, 7.31 W
1788686505.401069922,0 %, 1690 MHz, 48, 7.31 W
1788686505.500999912,0 %, 1690 MHz, 48, 7.31 W
1788686505.601286557,0 %, 1690 MHz, 48, 7.31 W
1788686505.701698643,0 %, 1690 MHz, 48, 7.31 W
1788686505.801844520,0 %, 1690 MHz, 47, 7.31 W
1788686505.901981278,0 %, 1690 MHz, 47, 7.31 W
1788686506.001841812,0 %, 1690 MHz, 47, 7.31 W
1788686506.102430505,0 %, 1690 MHz, 47, 7.31 W
1788686506.202621247,0 %, 1690 MHz, 47, 7.31 W
1788686506.302525829,0 %, 1690 MHz, 47, 7.29 W
1788686506.402245002,0 %, 1690 MHz, 47, 7.29 W
1788686506.502642384,0 %, 1690 MHz, 47, 7.29 W
1788686506.603288613,0 %, 1690 MHz, 47, 7.29 W
1788686506.703586699,0 %, 1690 MHz, 47, 7.29 W
1788686506.803276817,0 %, 1690 MHz, 47, 7.29 W
1788686506.903935318,0 %, 1690 MHz, 47, 7.29 W
1788686507.003747708,0 %, 1690 MHz, 47, 7.29 W
1788686507.104460017,0 %, 1690 MHz, 47, 7.29 W
1788686507.204820615,0 %, 1690 MHz, 47, 7.29 W
1788686507.304725261,0 %, 1690 MHz, 47, 7.30 W
1788686507.405105074,0 %, 1690 MHz, 47, 7.30 W
1788686507.505343528,0 %, 1690 MHz, 47, 7.30 W
1788686507.605130990,0 %, 1690 MHz, 47, 7.30 W
1788686507.704962867,0 %, 1690 MHz, 47, 7.30 W
1788686507.805515865,0 %, 1690 MHz, 47, 7.32 W
1788686507.906012702,0 %, 1690 MHz, 47, 7.32 W
1788686508.005867044,0 %, 1690 MHz, 47, 7.32 W
1788686508.105848090,0 %, 1690 MHz, 47, 7.32 W
1788686508.205843391,0 %, 1690 MHz, 47, 7.32 W
1788686508.306052533,0 %, 1690 MHz, 47, 7.32 W
1788686508.406637994,0 %, 1690 MHz, 47, 7.32 W
1788686508.506701280,0 %, 1690 MHz, 47, 7.32 W
1788686508.607781958,0 %, 1690 MHz, 47, 7.32 W
1788686508.707707467,0 %, 1690 MHz, 47, 7.32 W
1788686508.807919713,0 %, 1690 MHz, 47, 7.28 W
1788686508.908289206,0 %, 1690 MHz, 47, 7.28 W
1788686509.007504828,0 %, 1690 MHz, 47, 7.28 W
1788686509.108517490,0 %, 1690 MHz, 47, 7.28 W
1788686509.208967559,0 %, 1690 MHz, 47, 7.28 W
1788686509.308886253,0 %, 1690 MHz, 47, 7.23 W
1788686509.409250210,0 %, 1690 MHz, 47, 7.23 W
1788686509.508560600,0 %, 1690 MHz, 47, 7.23 W
1788686509.609675341,0 %, 1690 MHz, 47, 7.23 W
1788686509.709645859,0 %, 1690 MHz, 47, 7.23 W
1788686509.810173305,0 %, 1690 MHz, 47, 7.22 W
1788686509.910665102,0 %, 1690 MHz, 47, 7.22 W
1788686510.009967428,0 %, 1690 MHz, 47, 7.22 W
1788686510.110940345,0 %, 1690 MHz, 47, 7.22 W
1788686510.211180255,0 %, 1690 MHz, 47, 7.22 W
1788686510.311100741,0 %, 1690 MHz, 47, 7.22 W
1788686510.410772250,0 %, 1690 MHz, 47, 7.22 W
1788686510.510611456,0 %, 1690 MHz, 47, 7.22 W
1788686510.611672741,0 %, 1690 MHz, 47, 7.22 W
1788686510.712066939,0 %, 1690 MHz, 47, 7.22 W
1788686510.812022032,0 %, 1690 MHz, 47, 7.22 W
1788686510.912602342,0 %, 1690 MHz, 47, 7.22 W
1788686511.011737724,0 %, 1690 MHz, 47, 7.22 W
1788686511.112816817,0 %, 1690 MHz, 47, 7.22 W
1788686511.213020103,0 %, 1690 MHz, 47, 7.22 W
1788686511.312955196,0 %, 1690 MHz, 47, 7.20 W
1788686511.413337778,0 %, 1690 MHz, 47, 7.20 W
1788686511.513520839,0 %, 1690 MHz, 47, 7.20 W
1788686511.612974125,0 %, 1690 MHz, 47, 7.20 W
1788686511.713989586,0 %, 1690 MHz, 47, 7.20 W
1788686511.813876936,0 %, 1690 MHz, 47, 7.20 W
1788686511.913529181,0 %, 1690 MHz, 47, 7.20 W
1788686512.013582035,0 %, 1690 MHz, 47, 7.20 W
1788686512.114523929,0 %, 1690 MHz, 47, 7.20 W
1788686512.214824174,0 %, 1690 MHz, 47, 7.20 W
1788686512.314938308,0 %, 1690 MHz, 46, 7.20 W
1788686512.414932041,0 %, 1690 MHz, 46, 7.20 W
1788686512.515284783,0 %, 1690 MHz, 46, 7.20 W
1788686512.615453892,0 %, 1690 MHz, 46, 7.20 W
1788686512.715580170,0 %, 1690 MHz, 46, 7.20 W
1788686512.815702175,0 %, 1690 MHz, 46, 7.19 W
1788686512.916159829,0 %, 1690 MHz, 46, 7.19 W
1788686513.015485051,0 %, 1690 MHz, 46, 7.19 W
1788686513.116401248,0 %, 1690 MHz, 46, 7.19 W
1788686513.216660694,0 %, 1690 MHz, 46, 7.19 W
1788686513.316835035,0 %, 1690 MHz, 46, 7.18 W
1788686513.417031473,0 %, 1690 MHz, 46, 7.18 W
1788686513.517169158,0 %, 1690 MHz, 46, 7.18 W
1788686513.617360908,0 %, 1690 MHz, 46, 7.18 W
1788686513.717541377,0 %, 1690 MHz, 46, 7.18 W
1788686513.817682823,0 %, 1690 MHz, 46, 7.18 W
1788686513.918106924,0 %, 1690 MHz, 46, 7.18 W
1788686514.017493906,0 %, 1690 MHz, 46, 7.18 W
1788686514.117935719,0 %, 1690 MHz, 46, 7.18 W
1788686514.218620557,0 %, 1690 MHz, 46, 7.18 W
1788686514.318796323,0 %, 1690 MHz, 46, 7.16 W
1788686514.417844552,0 %, 1690 MHz, 46, 7.16 W
1788686514.519134670,0 %, 1690 MHz, 46, 7.16 W
1788686514.619339683,0 %, 1690 MHz, 46, 7.16 W
1788686514.719926857,0 %, 1690 MHz, 46, 7.16 W
1788686514.820267422,0 %, 1690 MHz, 46, 7.16 W
1788686514.920579252,0 %, 1690 MHz, 46, 7.16 W
1788686515.019506889,0 %, 1690 MHz, 46, 7.16 W
1788686515.120166559,0 %, 1690 MHz, 46, 7.16 W
1788686515.221051284,0 %, 1690 MHz, 46, 7.16 W
1788686515.321223786,0 %, 1690 MHz, 46, 7.17 W
1788686515.421368111,0 %, 1690 MHz, 46, 7.17 W
1788686515.520572837,0 %, 1690 MHz, 46, 7.17 W
1788686515.621763882,0 %, 1690 MHz, 46, 7.17 W
1788686515.722001664,0 %, 1690 MHz, 46, 7.17 W
1788686515.822223701,0 %, 1690 MHz, 46, 7.18 W
1788686515.922376795,0 %, 1690 MHz, 46, 7.18 W
1788686516.021502400,0 %, 1690 MHz, 46, 7.18 W
1788686516.122705334,0 %, 1690 MHz, 46, 7.18 W
1788686516.222963035,0 %, 1690 MHz, 46, 7.18 W
1788686516.323159777,0 %, 1690 MHz, 46, 7.19 W
1788686516.423114518,0 %, 1690 MHz, 46, 7.19 W
1788686516.523290332,0 %, 1690 MHz, 46, 7.19 W
1788686516.623697873,0 %, 1690 MHz, 46, 7.19 W
1788686516.723697671,0 %, 1690 MHz, 46, 7.19 W
1788686516.824051052,0 %, 1690 MHz, 46, 7.17 W
1788686516.924024146,0 %, 1690 MHz, 46, 7.17 W
1788686517.023297655,0 %, 1690 MHz, 46, 7.17 W
1788686517.124560669,0 %, 1690 MHz, 46, 7.17 W
1788686517.224504450,0 %, 1690 MHz, 46, 7.17 W
1788686517.324694856,0 %, 1690 MHz, 46, 7.16 W
1788686517.424848989,0 %, 1690 MHz, 46, 7.16 W
1788686517.525229027,0 %, 1690 MHz, 46, 7.16 W
1788686517.625431592,0 %, 1690 MHz, 46, 7.16 W
1788686517.725432862,0 %, 1690 MHz, 46, 7.16 W
1788686517.825323347,0 %, 1690 MHz, 46, 7.17 W
1788686517.925187833,0 %, 1690 MHz, 46, 7.17 W
1788686518.024843406,0 %, 1690 MHz, 46, 7.17 W
1788686518.125675764,0 %, 1690 MHz, 46, 7.17 W
1788686518.226117337,0 %, 1690 MHz, 46, 7.17 W
1788686518.326016111,0 %, 1690 MHz, 46, 7.17 W
1788686518.426469236,0 %, 1690 MHz, 46, 7.17 W
1788686518.526522442,0 %, 1690 MHz, 46, 7.17 W
1788686518.626686319,0 %, 1690 MHz, 46, 7.17 W
1788686518.726922180,0 %, 1690 MHz, 46, 7.17 W
1788686518.827041866,0 %, 1690 MHz, 46, 7.15 W
1788686518.927225295,0 %, 1690 MHz, 46, 7.15 W
1788686519.026849077,0 %, 1690 MHz, 46, 7.15 W
1788686519.127140586,0 %, 1690 MHz, 46, 7.15 W
1788686519.227671664,0 %, 1690 MHz, 46, 7.15 W
1788686519.327860405,0 %, 1690 MHz, 45, 7.15 W
1788686519.427998875,0 %, 1690 MHz, 45, 7.15 W
1788686519.527204192,0 %, 1690 MHz, 45, 7.15 W
1788686519.628625830,0 %, 1690 MHz, 45, 7.15 W
1788686519.728534203,0 %, 1690 MHz, 45, 7.15 W
1788686519.828711873,0 %, 1690 MHz, 45, 7.15 W
1788686519.928882566,0 %, 1690 MHz, 45, 7.15 W
1788686520.028406075,0 %, 1690 MHz, 45, 7.15 W
1788686520.129253377,0 %, 1690 MHz, 45, 7.15 W
1788686520.229699702,0 %, 1690 MHz, 45, 7.15 W
1788686520.329704028,0 %, 1690 MHz, 45, 7.17 W
1788686520.429868017,0 %, 1690 MHz, 45, 7.17 W
1788686520.529252983,0 %, 1690 MHz, 45, 7.17 W
1788686520.630217372,0 %, 1690 MHz, 45, 7.17 W
1788686520.730389778,0 %, 1690 MHz, 45, 7.17 W
1788686520.830669863,0 %, 1690 MHz, 45, 7.17 W
1788686520.930866301,0 %, 1690 MHz, 45, 7.17 W
1788686521.030301842,0 %, 1690 MHz, 45, 7.17 W
1788686521.131181399,0 %, 1690 MHz, 45, 7.17 W
1788686521.231632221,0 %, 1690 MHz, 45, 7.17 W
1788686521.331656178,0 %, 1690 MHz, 45, 7.15 W
1788686521.431853368,0 %, 1690 MHz, 45, 7.15 W
1788686521.531953357,0 %, 1690 MHz, 45, 7.15 W
1788686521.631995651,0 %, 1690 MHz, 45, 7.15 W
1788686521.732189576,0 %, 1690 MHz, 45, 7.15 W
1788686521.832643166,0 %, 1690 MHz, 45, 7.13 W
1788686521.932698675,0 %, 1690 MHz, 45, 7.13 W
1788686522.032290232,0 %, 1690 MHz, 45, 7.13 W
1788686522.133059678,0 %, 1690 MHz, 45, 7.13 W
1788686522.233520979,0 %, 1690 MHz, 45, 7.13 W
1788686522.333661737,0 %, 1690 MHz, 45, 7.13 W
1788686522.433626510,0 %, 1690 MHz, 45, 7.13 W
1788686522.534039556,0 %, 1690 MHz, 45, 7.13 W
1788686522.634203145,0 %, 1690 MHz, 45, 7.13 W
1788686522.734185742,0 %, 1690 MHz, 45, 7.13 W
1788686522.834473668,0 %, 1690 MHz, 45, 7.13 W
1788686522.934510281,0 %, 1690 MHz, 45, 7.13 W
1788686523.033667775,0 %, 1690 MHz, 45, 7.13 W
1788686523.134334116,0 %, 1690 MHz, 45, 7.13 W
1788686523.235253018,0 %, 1690 MHz, 45, 7.13 W
1788686523.335113007,0 %, 1690 MHz, 45, 7.12 W
1788686523.435580820,0 %, 1690 MHz, 45, 7.12 W
1788686523.535980186,0 %, 1690 MHz, 45, 7.12 W
1788686523.636176911,0 %, 1690 MHz, 45, 7.12 W
1788686523.736110373,0 %, 1690 MHz, 45, 7.12 W
1788686523.836466538,0 %, 1690 MHz, 45, 7.12 W
1788686523.936885184,0 %, 1690 MHz, 45, 7.12 W
1788686524.035855077,0 %, 1690 MHz, 45, 7.12 W
1788686524.136960282,0 %, 1690 MHz, 45, 7.12 W
1788686524.237086656,0 %, 1690 MHz, 45, 7.12 W
1788686524.337194709,0 %, 1690 MHz, 45, 7.11 W
1788686524.437522891,0 %, 1690 MHz, 45, 7.11 W
1788686524.537749872,0 %, 1690 MHz, 45, 7.11 W
1788686524.638131989,0 %, 1690 MHz, 45, 7.11 W
1788686524.738115707,0 %, 1690 MHz, 45, 7.11 W
1788686524.838446832,0 %, 1690 MHz, 45, 7.10 W
1788686524.938049526,0 %, 1690 MHz, 45, 7.10 W
1788686525.037996907,0 %, 1690 MHz, 45, 7.10 W
1788686525.138907520,0 %, 1690 MHz, 45, 7.10 W
1788686525.239434662,0 %, 1690 MHz, 45, 7.10 W
1788686525.339224619,0 %, 1690 MHz, 45, 7.10 W
1788686525.439606513,0 %, 1690 MHz, 45, 7.10 W
1788686525.538692294,0 %, 1690 MHz, 45, 7.10 W
1788686525.640036491,0 %, 1690 MHz, 45, 7.10 W
1788686525.739950753,0 %, 1690 MHz, 45, 7.10 W
1788686525.840085478,0 %, 1690 MHz, 45, 7.11 W
1788686525.940555100,0 %, 1690 MHz, 45, 7.11 W
1788686526.039565681,0 %, 1690 MHz, 45, 7.11 W
1788686526.140702262,0 %, 1690 MHz, 45, 7.11 W
1788686526.241072796,0 %, 1690 MHz, 45, 7.11 W
1788686526.341031649,0 %, 1690 MHz, 45, 7.12 W
1788686526.441177046,0 %, 1690 MHz, 45, 7.12 W
1788686526.541536284,0 %, 1690 MHz, 45, 7.12 W
1788686526.641736017,0 %, 1690 MHz, 45, 7.12 W
1788686526.741749559,0 %, 1690 MHz, 45, 7.12 W
1788686526.841181612,0 %, 1690 MHz, 45, 7.11 W
1788686526.942433025,0 %, 1690 MHz, 45, 7.11 W
1788686527.041393367,0 %, 1690 MHz, 45, 7.11 W
1788686527.141546668,0 %, 1690 MHz, 45, 7.11 W
1788686527.242893857,0 %, 1690 MHz, 45, 7.11 W
1788686527.343045975,0 %, 1690 MHz, 45, 7.12 W
1788686527.442987660,0 %, 1690 MHz, 45, 7.12 W
1788686527.543392562,0 %, 1690 MHz, 45, 7.12 W
1788686527.643468919,0 %, 1690 MHz, 45, 7.12 W
1788686527.743610748,0 %, 1690 MHz, 45, 7.12 W
1788686527.843762834,0 %, 1690 MHz, 45, 7.11 W
1788686527.943778039,0 %, 1690 MHz, 45, 7.11 W
1788686528.043516220,0 %, 1690 MHz, 45, 7.11 W
1788686528.144529250,0 %, 1690 MHz, 45, 7.11 W
1788686528.244813431,0 %, 1690 MHz, 45, 7.11 W
1788686528.344590572,0 %, 1690 MHz, 45, 7.10 W
1788686528.445154354,0 %, 1690 MHz, 45, 7.10 W
1788686528.545107479,0 %, 1690 MHz, 45, 7.10 W
1788686528.645549533,0 %, 1690 MHz, 45, 7.10 W
1788686528.745444930,0 %, 1690 MHz, 45, 7.10 W
1788686528.845891991,0 %, 1690 MHz, 44, 7.09 W
1788686528.946075085,0 %, 1690 MHz, 44, 7.09 W
1788686529.045131074,0 %, 1690 MHz, 44, 7.09 W
1788686529.146787415,0 %, 1690 MHz, 44, 7.09 W
1788686529.246500029,0 %, 1690 MHz, 44, 7.09 W
1788686529.346754738,0 %, 1690 MHz, 44, 7.09 W
1788686529.447100103,0 %, 1690 MHz, 44, 7.09 W
1788686529.547288557,0 %, 1690 MHz, 44, 7.09 W
1788686529.647437394,0 %, 1690 MHz, 44, 7.09 W
1788686529.747464887,0 %, 1690 MHz, 44, 7.09 W
1788686529.847918605,0 %, 1690 MHz, 44, 7.09 W
1788686529.948211186,0 %, 1690 MHz, 44, 7.09 W
1788686530.047458791,0 %, 1690 MHz, 44, 7.09 W
1788686530.147911869,0 %, 1690 MHz, 44, 7.09 W
1788686530.248642466,0 %, 1690 MHz, 44, 7.09 W
1788686530.348808839,0 %, 1690 MHz, 44, 7.07 W
1788686530.448760573,0 %, 1690 MHz, 44, 7.07 W
1788686530.548911858,0 %, 1690 MHz, 44, 7.07 W
1788686530.649145287,0 %, 1690 MHz, 44, 7.07 W
1788686530.749310701,0 %, 1690 MHz, 44, 7.07 W
1788686530.849785746,0 %, 1690 MHz, 44, 7.08 W
1788686530.949682423,0 %, 1690 MHz, 44, 7.08 W
1788686531.049319053,0 %, 1690 MHz, 44, 7.08 W
1788686531.150263458,0 %, 1690 MHz, 44, 7.08 W
1788686531.250222567,0 %, 1690 MHz, 44, 7.08 W
1788686531.351202813,0 %, 1690 MHz, 44, 7.08 W
1788686531.450751986,0 %, 1690 MHz, 44, 7.08 W
1788686531.550890567,0 %, 1690 MHz, 44, 7.08 W
1788686531.651315517,0 %, 1690 MHz, 44, 7.08 W
1788686531.751255874,0 %, 1690 MHz, 44, 7.08 W
1788686531.851428503,0 %, 1690 MHz, 44, 7.08 W
1788686531.951871501,0 %, 1690 MHz, 44, 7.08 W
1788686532.050942642,0 %, 1690 MHz, 44, 7.08 W
1788686532.151910423,0 %, 1690 MHz, 44, 7.08 W
1788686532.252107229,0 %, 1690 MHz, 44, 7.08 W
1788686532.352528770,0 %, 1690 MHz, 44, 7.08 W
1788686532.452432407,0 %, 1690 MHz, 44, 7.08 W
1788686532.552607229,0 %, 1690 MHz, 44, 7.08 W
1788686532.653043106,0 %, 1690 MHz, 44, 7.08 W
1788686532.753263719,0 %, 1690 MHz, 44, 7.08 W
1788686532.853396989,0 %, 1690 MHz, 44, 7.07 W
1788686532.953837234,0 %, 1690 MHz, 44, 7.07 W
1788686533.052553431,0 %, 1690 MHz, 44, 7.07 W
1788686533.153632604,0 %, 1690 MHz, 44, 7.07 W
1788686533.254060802,0 %, 1690 MHz, 44, 7.07 W
1788686533.354216951,0 %, 1690 MHz, 44, 7.06 W
1788686533.454180940,0 %, 1690 MHz, 44, 7.06 W
1788686533.554505954,0 %, 1690 MHz, 44, 7.06 W
1788686533.654703047,0 %, 1690 MHz, 44, 7.06 W
1788686533.754903356,0 %, 1690 MHz, 44, 7.06 W
1788686533.854845730,0 %, 1690 MHz, 44, 7.06 W
1788686533.954985543,0 %, 1690 MHz, 44, 7.06 W
1788686534.054236092,0 %, 1690 MHz, 44, 7.06 W
1788686534.155592033,0 %, 1690 MHz, 44, 7.06 W
1788686534.255895447,0 %, 1690 MHz, 44, 7.06 W
1788686534.356056668,0 %, 1690 MHz, 44, 7.06 W
1788686534.455984177,0 %, 1690 MHz, 44, 7.06 W
1788686534.556406567,0 %, 1690 MHz, 44, 7.06 W
1788686534.656581804,0 %, 1690 MHz, 44, 7.06 W
1788686534.756802337,0 %, 1690 MHz, 44, 7.06 W
1788686534.856943286,0 %, 1690 MHz, 44, 7.07 W
1788686534.956910028,0 %, 1690 MHz, 44, 7.07 W
1788686535.056103329,0 %, 1690 MHz, 44, 7.07 W
1788686535.157527878,0 %, 1690 MHz, 44, 7.07 W
1788686535.257835788,0 %, 1690 MHz, 44, 7.07 W
1788686535.358048865,0 %, 1690 MHz, 44, 7.07 W
1788686535.458263238,0 %, 1690 MHz, 44, 7.07 W
1788686535.557278811,0 %, 1690 MHz, 44, 7.07 W
1788686535.658534097,0 %, 1690 MHz, 44, 7.07 W
1788686535.758809334,0 %, 1690 MHz, 44, 7.07 W
1788686535.858915355,0 %, 1690 MHz, 44, 7.07 W
1788686535.958808481,0 %, 1690 MHz, 44, 7.07 W
1788686536.058044054,0 %, 1690 MHz, 44, 7.07 W
1788686536.159199115,0 %, 1690 MHz, 44, 7.07 W
1788686536.259839456,0 %, 1690 MHz, 44, 7.07 W
1788686536.359809654,0 %, 1690 MHz, 44, 7.09 W
1788686536.459923499,0 %, 1690 MHz, 44, 7.09 W
1788686536.560113536,0 %, 1690 MHz, 44, 7.09 W
1788686536.660528565,0 %, 1690 MHz, 44, 7.09 W
1788686536.760733691,0 %, 1690 MHz, 44, 7.09 W
1788686536.860892224,0 %, 1690 MHz, 44, 7.07 W
1788686536.961088613,0 %, 1690 MHz, 44, 7.07 W
1788686537.060062682,0 %, 1690 MHz, 44, 7.07 W
1788686537.161239616,0 %, 1690 MHz, 44, 7.07 W
1788686537.261798005,0 %, 1690 MHz, 44, 7.07 W
1788686537.361767834,0 %, 1690 MHz, 44, 7.06 W
1788686537.461914192,0 %, 1690 MHz, 44, 7.06 W
1788686537.562063621,0 %, 1690 MHz, 44, 7.06 W
1788686537.662431258,0 %, 1690 MHz, 44, 7.06 W
1788686537.763120287,0 %, 1690 MHz, 44, 7.06 W
1788686537.863317253,0 %, 1690 MHz, 44, 7.07 W
1788686537.962920330,0 %, 1690 MHz, 44, 7.07 W
1788686538.062498863,0 %, 1690 MHz, 44, 7.07 W
1788686538.162509876,0 %, 1690 MHz, 44, 7.07 W
1788686538.262995417,0 %, 1690 MHz, 44, 7.07 W
1788686538.363565039,0 %, 1690 MHz, 44, 7.09 W
1788686538.464513492,0 %, 1690 MHz, 44, 7.09 W
1788686538.563311481,0 %, 1690 MHz, 44, 7.09 W
1788686538.664219150,0 %, 1690 MHz, 44, 7.09 W
1788686538.764412772,0 %, 1690 MHz, 44, 7.09 W
1788686538.864466425,0 %, 1690 MHz, 44, 7.09 W
1788686538.964655678,0 %, 1690 MHz, 44, 7.09 W
1788686539.063932979,0 %, 1690 MHz, 44, 7.09 W
1788686539.165215689,0 %, 1690 MHz, 44, 7.09 W
1788686539.265310750,0 %, 1690 MHz, 44, 7.07 W
1788686539.365544195,0 %, 1690 MHz, 44, 7.07 W
1788686539.465492536,0 %, 1690 MHz, 44, 7.07 W
1788686539.565687550,0 %, 1690 MHz, 44, 7.07 W
1788686539.666131539,0 %, 1690 MHz, 44, 7.07 W
1788686539.766274216,0 %, 1690 MHz, 44, 7.07 W
1788686539.866196589,0 %, 1690 MHz, 44, 7.07 W
1788686539.966552083,0 %, 1690 MHz, 44, 7.07 W
1788686540.066351304,0 %, 1690 MHz, 44, 7.07 W
1788686540.167125213,0 %, 1690 MHz, 44, 7.07 W
1788686540.267257810,0 %, 1690 MHz, 44, 7.07 W
1788686540.367434680,0 %, 1690 MHz, 44, 7.07 W
1788686540.467732973,0 %, 1690 MHz, 44, 7.07 W
1788686540.567680930,0 %, 1690 MHz, 44, 7.07 W
1788686540.667868007,0 %, 1690 MHz, 44, 7.07 W
1788686540.768286060,0 %, 1690 MHz, 43, 7.06 W
1788686540.868434594,0 %, 1690 MHz, 43, 7.06 W
1788686540.968466647,0 %, 1690 MHz, 43, 7.06 W
1788686541.068532412,0 %, 1690 MHz, 43, 7.06 W
1788686541.169308625,0 %, 1690 MHz, 43, 7.06 W
1788686541.269823590,0 %, 1690 MHz, 43, 7.05 W
1788686541.369850460,0 %, 1690 MHz, 43, 7.05 W
1788686541.469250401,0 %, 1690 MHz, 43, 7.05 W
1788686541.569562054,0 %, 1690 MHz, 43, 7.05 W
1788686541.669748171,0 %, 1690 MHz, 43, 7.05 W
1788686541.770170224,0 %, 1690 MHz, 43, 7.05 W
1788686541.870361974,0 %, 1690 MHz, 43, 7.05 W
1788686541.971023083,0 %, 1690 MHz, 43, 7.05 W
1788686542.071029840,0 %, 1690 MHz, 43, 7.05 W
1788686542.171170309,0 %, 1690 MHz, 43, 7.05 W
1788686542.271592587,0 %, 1690 MHz, 43, 7.05 W
1788686542.371087488,0 %, 1690 MHz, 43, 7.05 W
1788686542.471770789,0 %, 1690 MHz, 43, 7.05 W
1788686542.571955466,0 %, 1690 MHz, 43, 7.05 W
1788686542.672139887,0 %, 1690 MHz, 43, 7.05 W
1788686542.772582565,0 %, 1690 MHz, 43, 7.05 W
1788686542.872714042,0 %, 1690 MHz, 43, 7.05 W
1788686542.972668207,0 %, 1690 MHz, 43, 7.05 W
1788686543.072890500,0 %, 1690 MHz, 43, 7.05 W
1788686543.173210841,0 %, 1690 MHz, 43, 7.05 W
1788686543.273429710,0 %, 1690 MHz, 43, 7.05 W
1788686543.373122308,0 %, 1690 MHz, 43, 7.05 W
1788686543.473807593,0 %, 1690 MHz, 43, 7.05 W
1788686543.573743294,0 %, 1690 MHz, 43, 7.05 W
1788686543.674168659,0 %, 1690 MHz, 43, 7.05 W
1788686543.774350968,0 %, 1690 MHz, 43, 7.05 W
1788686543.873912814,0 %, 1690 MHz, 43, 7.05 W
1788686543.974086675,0 %, 1690 MHz, 43, 7.05 W
1788686544.074784968,0 %, 1690 MHz, 43, 7.05 W
1788686544.175189693,0 %, 1690 MHz, 43, 7.05 W
1788686544.275339218,0 %, 1690 MHz, 43, 7.03 W
1788686544.375515432,0 %, 1690 MHz, 43, 7.03 W
1788686544.475434653,0 %, 1690 MHz, 43, 7.03 W
1788686544.575648866,0 %, 1690 MHz, 43, 7.03 W
1788686544.675844135,0 %, 1690 MHz, 43, 7.03 W
1788686544.776069500,0 %, 1690 MHz, 43, 7.03 W
1788686544.876209073,0 %, 1690 MHz, 43, 7.03 W
1788686544.976437495,0 %, 1690 MHz, 43, 7.03 W
1788686545.076300508,0 %, 1690 MHz, 43, 7.03 W
1788686545.177114753,0 %, 1690 MHz, 43, 7.03 W
1788686545.277263302,0 %, 1690 MHz, 43, 7.03 W
1788686545.377219739,0 %, 1690 MHz, 43, 7.03 W
1788686545.477592928,0 %, 1690 MHz, 43, 7.03 W
1788686545.576516022,0 %, 1690 MHz, 43, 7.03 W
1788686545.677932491,0 %, 1690 MHz, 43, 7.03 W
1788686545.778184576,0 %, 1690 MHz, 43, 7.03 W
1788686545.878101509,0 %, 1690 MHz, 43, 7.03 W
1788686545.978305818,0 %, 1690 MHz, 43, 7.03 W
1788686546.078455199,0 %, 1690 MHz, 43, 7.03 W
1788686546.178229749,0 %, 1690 MHz, 43, 7.03 W
1788686546.279137466,0 %, 1690 MHz, 43, 7.04 W
1788686546.379055743,0 %, 1690 MHz, 43, 7.04 W
1788686546.478656164,0 %, 1690 MHz, 43, 7.04 W
1788686546.579389449,0 %, 1690 MHz, 43, 7.04 W
1788686546.679618126,0 %, 1690 MHz, 43, 7.04 W
1788686546.779992947,0 %, 1690 MHz, 43, 7.03 W
1788686546.880163113,0 %, 1690 MHz, 43, 7.03 W
1788686546.979312974,0 %, 1690 MHz, 43, 7.03 W
1788686547.080209555,0 %, 1690 MHz, 43, 7.03 W
1788686547.179629816,0 %, 1690 MHz, 43, 7.03 W
1788686547.280362429,0 %, 1690 MHz, 43, 7.04 W
1788686547.381013922,0 %, 1690 MHz, 43, 7.04 W
1788686547.481183175,0 %, 1690 MHz, 43, 7.04 W
1788686547.581379181,0 %, 1690 MHz, 43, 7.04 W
1788686547.681578162,0 %, 1690 MHz, 43, 7.04 W
1788686547.781833511,0 %, 1690 MHz, 43, 7.03 W
1788686547.882073548,0 %, 1690 MHz, 43, 7.03 W
1788686547.982225505,0 %, 1690 MHz, 43, 7.03 W
1788686548.082342662,0 %, 1690 MHz, 43, 7.03 W
1788686548.181662107,0 %, 1690 MHz, 43, 7.03 W
1788686548.283007633,0 %, 1690 MHz, 43, 7.02 W
1788686548.382935110,0 %, 1690 MHz, 43, 7.02 W
1788686548.483335163,0 %, 1690 MHz, 43, 7.02 W
1788686548.583528048,0 %, 1690 MHz, 43, 7.02 W
1788686548.683655077,0 %, 1690 MHz, 43, 7.02 W
1788686548.783862810,0 %, 1690 MHz, 43, 7.03 W
1788686548.884310127,0 %, 1690 MHz, 43, 7.03 W
1788686548.983410213,0 %, 1690 MHz, 43, 7.03 W
1788686549.084325178,0 %, 1690 MHz, 43, 7.03 W
1788686549.184510511,0 %, 1690 MHz, 43, 7.03 W
1788686549.284898036,0 %, 1690 MHz, 43, 7.03 W
1788686549.384848617,0 %, 1690 MHz, 43, 7.03 W
1788686549.485023726,0 %, 1690 MHz, 43, 7.03 W
1788686549.585218851,0 %, 1690 MHz, 43, 7.03 W
1788686549.685466088,0 %, 1690 MHz, 43, 7.03 W
1788686549.785689838,0 %, 1690 MHz, 43, 7.04 W
1788686549.886117091,0 %, 1690 MHz, 43, 7.04 W
1788686549.985580744,0 %, 1690 MHz, 43, 7.04 W
1788686550.086404061,0 %, 1690 MHz, 43, 7.04 W
1788686550.185881186,0 %, 1690 MHz, 43, 7.04 W
1788686550.286927431,0 %, 1690 MHz, 43, 7.03 W
1788686550.386875692,0 %, 1690 MHz, 43, 7.03 W
1788686550.487231633,0 %, 1690 MHz, 43, 7.03 W
1788686550.587182870,0 %, 1690 MHz, 43, 7.03 W
1788686550.686780635,0 %, 1690 MHz, 43, 7.03 W
1788686550.787866673,0 %, 1690 MHz, 43, 7.02 W
1788686550.887769222,0 %, 1690 MHz, 43, 7.02 W
1788686550.987960043,0 %, 1690 MHz, 43, 7.02 W
1788686551.088298000,0 %, 1690 MHz, 43, 7.02 W
1788686551.188471461,0 %, 1690 MHz, 43, 7.02 W
1788686551.288622506,0 %, 1690 MHz, 43, 7.01 W
1788686551.389039327,0 %, 1690 MHz, 43, 7.01 W
1788686551.489006388,0 %, 1690 MHz, 43, 7.01 W
1788686551.589197913,0 %, 1690 MHz, 43, 7.01 W
1788686551.689351951,0 %, 1690 MHz, 43, 7.01 W
1788686551.789796276,0 %, 1690 MHz, 43, 7.01 W
1788686551.889937593,0 %, 1690 MHz, 43, 7.01 W
1788686551.989579006,0 %, 1690 MHz, 43, 7.01 W
1788686552.090357635,0 %, 1690 MHz, 43, 7.01 W
1788686552.190427160,0 %, 1690 MHz, 43, 7.01 W
1788686552.290801741,0 %, 1690 MHz, 43, 7.01 W
1788686552.390950114,0 %, 1690 MHz, 43, 7.01 W
1788686552.490895687,0 %, 1690 MHz, 43, 7.01 W
1788686552.591079372,0 %, 1690 MHz, 43, 7.01 W
1788686552.691212081,0 %, 1690 MHz, 43, 7.01 W
1788686552.791764727,0 %, 1690 MHz, 43, 7.01 W
1788686552.892017948,0 %, 1690 MHz, 43, 7.01 W
1788686552.991920273,0 %, 1690 MHz, 43, 7.01 W
1788686553.092113798,0 %, 1690 MHz, 43, 7.01 W
1788686553.192205867,0 %, 1690 MHz, 43, 7.01 W
1788686553.291979616,0 %, 1690 MHz, 43, 7.01 W
1788686553.392905765,0 %, 1690 MHz, 43, 7.01 W
1788686553.493033978,0 %, 1690 MHz, 43, 7.01 W
1788686553.593528159,0 %, 1690 MHz, 43, 7.01 W
1788686553.693149204,0 %, 1690 MHz, 43, 7.01 W
1788686553.792493705,0 %, 1690 MHz, 43, 7.01 W
1788686553.893549614,0 %, 1690 MHz, 43, 7.01 W
1788686553.993710068,0 %, 1690 MHz, 43, 7.01 W
1788686554.094074809,0 %, 1690 MHz, 43, 7.01 W
1788686554.193636894,0 %, 1690 MHz, 43, 7.01 W
1788686554.294245907,0 %, 1690 MHz, 43, 7.01 W
1788686554.393939352,0 %, 1690 MHz, 43, 7.01 W
1788686554.494596973,0 %, 1690 MHz, 43, 7.01 W
1788686554.594786290,0 %, 1690 MHz, 43, 7.01 W
1788686554.695183895,0 %, 1690 MHz, 43, 7.01 W
1788686554.795406812,0 %, 1690 MHz, 43, 7.01 W
1788686554.895546913,0 %, 1690 MHz, 43, 7.01 W
1788686554.995543302,0 %, 1690 MHz, 43, 7.01 W
1788686555.096048651,0 %, 1690 MHz, 43, 7.01 W
1788686555.196270864,0 %, 1690 MHz, 43, 7.01 W
1788686555.295977621,0 %, 1690 MHz, 43, 7.01 W
1788686555.396453674,0 %, 1690 MHz, 43, 7.01 W
1788686555.496759551,0 %, 1690 MHz, 43, 7.01 W
1788686555.596043988,0 %, 1690 MHz, 43, 7.01 W
1788686555.696870186,0 %, 1690 MHz, 43, 7.01 W
1788686555.797294911,0 %, 1690 MHz, 43, 7.02 W
1788686555.897443444,0 %, 1690 MHz, 43, 7.02 W
1788686555.997304057,0 %, 1690 MHz, 43, 7.02 W
1788686556.097514222,0 %, 1690 MHz, 43, 7.02 W
1788686556.197911795,0 %, 1690 MHz, 43, 7.02 W
1788686556.297909976,0 %, 1690 MHz, 43, 7.01 W
1788686556.398319677,0 %, 1690 MHz, 43, 7.01 W
1788686556.498216098,0 %, 1690 MHz, 43, 7.01 W
1788686556.598287607,0 %, 1690 MHz, 43, 7.01 W
1788686556.698550636,0 %, 1690 MHz, 43, 7.01 W
1788686556.799001585,0 %, 1690 MHz, 42, 6.99 W
1788686556.899305062,0 %, 1690 MHz, 42, 6.99 W
1788686556.999123883,0 %, 1690 MHz, 42, 6.99 W
1788686557.099535776,0 %, 1690 MHz, 42, 6.99 W
1788686557.199249941,0 %, 1690 MHz, 42, 6.99 W
1788686557.299836042,0 %, 1690 MHz, 42, 7.00 W
1788686557.400000943,0 %, 1690 MHz, 42, 7.00 W
1788686557.499935524,0 %, 1690 MHz, 42, 7.00 W
1788686557.600153081,0 %, 1690 MHz, 42, 7.00 W
1788686557.700286494,0 %, 1690 MHz, 42, 7.00 W
1788686557.800736355,0 %, 1690 MHz, 42, 7.01 W
1788686557.901019608,0 %, 1690 MHz, 42, 7.01 W
1788686558.000894109,0 %, 1690 MHz, 42, 7.01 W
1788686558.100989410,0 %, 1690 MHz, 42, 7.01 W
1788686558.201216103,0 %, 1690 MHz, 42, 7.01 W
1788686558.301417660,0 %, 1690 MHz, 42, 7.00 W
1788686558.401911186,0 %, 1690 MHz, 42, 7.00 W
1788686558.502131175,0 %, 1690 MHz, 42, 7.00 W
1788686558.601597628,0 %, 1690 MHz, 42, 7.00 W
1788686558.702208897,0 %, 1690 MHz, 42, 7.00 W
1788686558.802639222,0 %, 1690 MHz, 42, 6.99 W
1788686558.903015979,0 %, 1690 MHz, 42, 6.99 W
1788686559.002858256,0 %, 1690 MHz, 42, 6.99 W
1788686559.103252213,0 %, 1690 MHz, 42, 6.99 W
1788686559.203204186,0 %, 1690 MHz, 42, 6.99 W
1788686559.303565455,0 %, 1690 MHz, 42, 6.99 W
1788686559.403784260,0 %, 1690 MHz, 42, 6.99 W
1788686559.503737529,0 %, 1690 MHz, 42, 6.99 W
1788686559.604144254,0 %, 1690 MHz, 42, 6.99 W
1788686559.703319715,0 %, 1690 MHz, 42, 6.99 W
1788686559.804563928,0 %, 1690 MHz, 42, 7.00 W
1788686559.904414109,0 %, 1690 MHz, 42, 7.00 W
1788686560.004592226,0 %, 1690 MHz, 42, 7.00 W
1788686560.105064535,0 %, 1690 MHz, 42, 7.00 W
1788686560.204970668,0 %, 1690 MHz, 42, 7.00 W
1788686560.305364849,0 %, 1690 MHz, 42, 7.00 W
1788686560.405342326,0 %, 1690 MHz, 42, 7.00 W
1788686560.505505371,0 %, 1690 MHz, 42, 7.00 W
1788686560.605920432,0 %, 1690 MHz, 42, 7.00 W
1788686560.705922149,0 %, 1690 MHz, 42, 7.00 W
1788686560.806306794,0 %, 1690 MHz, 42, 7.00 W
1788686560.906648559,0 %, 1690 MHz, 42, 7.00 W
1788686561.006799892,0 %, 1690 MHz, 42, 7.00 W
1788686561.107179129,0 %, 1690 MHz, 42, 7.00 W
1788686561.207142206,0 %, 1690 MHz, 42, 7.00 W
1788686561.307512435,0 %, 1690 MHz, 42, 7.01 W
1788686561.407890600,0 %, 1690 MHz, 42, 7.01 W
1788686561.508014541,0 %, 1690 MHz, 42, 7.01 W
1788686561.608168818,0 %, 1690 MHz, 42, 7.01 W
1788686561.708360967,0 %, 1690 MHz, 42, 7.01 W
1788686561.808569436,0 %, 1690 MHz, 42, 7.00 W
1788686561.908703297,0 %, 1690 MHz, 42, 7.00 W
1788686562.008743094,0 %, 1690 MHz, 42, 7.00 W
1788686562.109218075,0 %, 1690 MHz, 42, 7.00 W
1788686562.208674192,0 %, 1690 MHz, 42, 7.00 W
1788686562.309615797,0 %, 1690 MHz, 42, 7.01 W
1788686562.409577114,0 %, 1690 MHz, 42, 7.01 W
1788686562.509776879,0 %, 1690 MHz, 42, 7.01 W
1788686562.610167156,0 %, 1690 MHz, 42, 7.01 W
1788686562.710085337,0 %, 1690 MHz, 42, 7.01 W
1788686562.810450510,0 %, 1690 MHz, 42, 7.01 W
1788686562.910594578,0 %, 1690 MHz, 42, 7.01 W
1788686563.010747575,0 %, 1690 MHz, 42, 7.01 W
1788686563.111113036,0 %, 1690 MHz, 42, 7.01 W
1788686563.211035521,0 %, 1690 MHz, 42, 7.01 W
1788686563.311416966,0 %, 1690 MHz, 42, 7.00 W
1788686563.412052683,0 %, 1690 MHz, 42, 7.00 W
1788686563.512268416,0 %, 1690 MHz, 42, 7.00 W
1788686563.612435013,0 %, 1690 MHz, 42, 7.00 W
1788686563.712021706,0 %, 1690 MHz, 42, 7.00 W
1788686563.812429807,0 %, 1690 MHz, 42, 6.99 W
1788686563.913129924,0 %, 1690 MHz, 42, 6.99 W
1788686564.013638009,0 %, 1690 MHz, 42, 6.99 W
1788686564.113428910,0 %, 1690 MHz, 42, 6.99 W
1788686564.213269651,0 %, 1690 MHz, 42, 6.99 W
1788686564.313855640,0 %, 1690 MHz, 42, 7.00 W
1788686564.414003181,0 %, 1690 MHz, 42, 7.00 W
1788686564.514208530,0 %, 1690 MHz, 42, 7.00 W
1788686564.614398423,0 %, 1690 MHz, 42, 7.00 W
1788686564.714326364,0 %, 1690 MHz, 42, 7.00 W
1788686564.814747265,0 %, 1690 MHz, 42, 6.99 W
1788686564.914933142,0 %, 1690 MHz, 42, 6.99 W
1788686565.014930379,0 %, 1690 MHz, 42, 6.99 W
1788686565.115066048,0 %, 1690 MHz, 42, 6.99 W
1788686565.215458517,0 %, 1690 MHz, 42, 6.99 W
1788686565.315683738,0 %, 1690 MHz, 42, 6.99 W
1788686565.415744831,0 %, 1690 MHz, 42, 6.99 W
1788686565.515931651,0 %, 1690 MHz, 42, 6.99 W
1788686565.615087864,0 %, 1690 MHz, 42, 6.99 W
1788686565.716574029,0 %, 1690 MHz, 42, 6.99 W
1788686565.816221394,0 %, 1690 MHz, 42, 7.00 W
1788686565.916770391,0 %, 1690 MHz, 42, 7.00 W
1788686566.016903100,0 %, 1690 MHz, 42, 7.00 W
1788686566.117295985,0 %, 1690 MHz, 42, 7.00 W
1788686566.217461766,0 %, 1690 MHz, 42, 7.00 W
1788686566.317375675,0 %, 1690 MHz, 42, 6.99 W
1788686566.417927744,0 %, 1690 MHz, 42, 6.99 W
1788686566.517851781,0 %, 1690 MHz, 42, 6.99 W
1788686566.618023274,0 %, 1690 MHz, 42, 6.99 W
1788686566.718205071,0 %, 1690 MHz, 42, 6.99 W
1788686566.817862948,0 %, 1690 MHz, 42, 6.98 W
1788686566.918699753,0 %, 1690 MHz, 42, 6.98 W
1788686567.019056126,0 %, 1690 MHz, 42, 6.98 W
1788686567.119207682,0 %, 1690 MHz, 42, 6.98 W
1788686567.219544231,0 %, 1690 MHz, 42, 6.98 W
1788686567.319582124,0 %, 1690 MHz, 42, 6.99 W
1788686567.419926433,0 %, 1690 MHz, 42, 6.99 W
1788686567.518969446,0 %, 1690 MHz, 42, 6.99 W
1788686567.619809115,0 %, 1690 MHz, 42, 6.99 W
1788686567.720041744,0 %, 1690 MHz, 42, 6.99 W
1788686567.819555525,0 %, 1690 MHz, 42, 7.00 W
1788686567.919836138,0 %, 1690 MHz, 42, 7.00 W
1788686568.020865327,0 %, 1690 MHz, 42, 7.00 W
1788686568.119920756,0 %, 1690 MHz, 42, 7.00 W
1788686568.221250713,0 %, 1690 MHz, 42, 7.00 W
1788686568.321095741,0 %, 1690 MHz, 42, 7.00 W
1788686568.421344690,0 %, 1690 MHz, 42, 7.00 W
1788686568.521839783,0 %, 1690 MHz, 42, 7.00 W
1788686568.621062236,0 %, 1690 MHz, 42, 7.00 W
1788686568.722001713,0 %, 1690 MHz, 42, 7.00 W
1788686568.822044806,0 %, 1690 MHz, 42, 7.01 W
1788686568.921874827,0 %, 1690 MHz, 42, 7.01 W
1788686569.022899120,0 %, 1690 MHz, 42, 7.01 W
1788686569.122613813,0 %, 1690 MHz, 42, 7.01 W
1788686569.223287146,0 %, 1690 MHz, 42, 7.01 W
1788686569.323234351,0 %, 1690 MHz, 42, 7.01 W
1788686569.423280339,0 %, 1690 MHz, 42, 7.01 W
1788686569.523778424,0 %, 1690 MHz, 42, 7.01 W
1788686569.623966029,0 %, 1690 MHz, 42, 7.01 W
1788686569.723406306,0 %, 1690 MHz, 42, 7.01 W
1788686569.824150071,0 %, 1690 MHz, 42, 6.99 W
1788686569.924438812,0 %, 1690 MHz, 42, 6.99 W
1788686570.024616545,0 %, 1690 MHz, 42, 6.99 W
1788686570.125035062,0 %, 1690 MHz, 42, 6.99 W
1788686570.225300619,0 %, 1690 MHz, 42, 6.99 W
1788686570.325402560,0 %, 1690 MHz, 42, 6.98 W
1788686570.425322068,0 %, 1690 MHz, 42, 6.98 W
1788686570.525555257,0 %, 1690 MHz, 42, 6.98 W
1788686570.625793598,0 %, 1690 MHz, 42, 6.98 W
1788686570.725230771,0 %, 1690 MHz, 42, 6.98 W
1788686570.826139464,0 %, 1690 MHz, 42, 6.98 W
1788686570.926272733,0 %, 1690 MHz, 42, 6.98 W
1788686571.026444626,0 %, 1690 MHz, 42, 6.98 W
1788686571.126212487,0 %, 1690 MHz, 42, 6.98 W
1788686571.226790140,0 %, 1690 MHz, 42, 6.98 W
1788686571.327274257,0 %, 1690 MHz, 42, 6.98 W
1788686571.427173653,0 %, 1690 MHz, 42, 6.98 W
1788686571.527331002,0 %, 1690 MHz, 42, 6.98 W
1788686571.627503823,0 %, 1690 MHz, 42, 6.98 W
1788686571.727674692,0 %, 1690 MHz, 42, 6.98 W
1788686571.827890265,0 %, 1690 MHz, 42, 6.97 W
1788686571.928015102,0 %, 1690 MHz, 42, 6.97 W
1788686572.027191139,0 %, 1690 MHz, 42, 6.97 W
1788686572.128639688,0 %, 1690 MHz, 42, 6.97 W
1788686572.228907564,0 %, 1690 MHz, 42, 6.97 W
1788686572.327997409,0 %, 1690 MHz, 42, 6.98 W
1788686572.429048390,0 %, 1690 MHz, 42, 6.98 W
1788686572.529170955,0 %, 1690 MHz, 42, 6.98 W
1788686572.629535440,0 %, 1690 MHz, 42, 6.98 W
1788686572.730242101,0 %, 1690 MHz, 42, 6.98 W
1788686572.830610986,0 %, 1690 MHz, 42, 6.98 W
1788686572.930802607,0 %, 1690 MHz, 42, 6.98 W
1788686573.031183475,0 %, 1690 MHz, 42, 6.98 W
1788686573.131792136,0 %, 1690 MHz, 42, 6.98 W
1788686573.232505629,0 %, 1690 MHz, 42, 6.98 W
1788686573.332456914,0 %, 1690 MHz, 42, 6.97 W
1788686573.432288567,0 %, 1690 MHz, 42, 6.97 W
1788686573.533544668,0 %, 1690 MHz, 42, 6.97 W
1788686573.634172433,0 %, 1690 MHz, 42, 6.97 W
1788686573.734275878,0 %, 1690 MHz, 42, 6.97 W
1788686573.834887898,0 %, 1690 MHz, 42, 6.97 W
1788686573.935226943,0 %, 1690 MHz, 42, 6.97 W
1788686574.035746260,0 %, 1690 MHz, 42, 6.97 W
1788686574.136155513,0 %, 1690 MHz, 42, 6.97 W
1788686574.236601278,0 %, 1690 MHz, 42, 6.97 W
1788686574.336699763,0 %, 1690 MHz, 42, 6.98 W
1788686574.437264696,0 %, 1690 MHz, 42, 6.98 W
1788686574.537939836,0 %, 1690 MHz, 42, 6.98 W
1788686574.638332081,0 %, 1690 MHz, 42, 6.98 W
1788686574.738497110,0 %, 1690 MHz, 42, 6.98 W
1788686574.838963851,0 %, 1690 MHz, 42, 6.97 W
1788686574.939009008,0 %, 1690 MHz, 42, 6.97 W
1788686575.039901845,0 %, 1690 MHz, 42, 6.97 W
1788686575.140356106,0 %, 1690 MHz, 42, 6.97 W
1788686575.240820142,0 %, 1690 MHz, 42, 6.97 W
1788686575.341343859,0 %, 1690 MHz, 42, 6.97 W
1788686575.441822376,0 %, 1690 MHz, 42, 6.97 W
1788686575.542008333,0 %, 1690 MHz, 42, 6.97 W
1788686575.641603714,0 %, 1690 MHz, 42, 6.97 W
1788686575.742533239,0 %, 1690 MHz, 42, 6.97 W
1788686575.842527132,0 %, 1690 MHz, 42, 6.98 W
1788686575.942868944,0 %, 1690 MHz, 42, 6.98 W
1788686576.042823989,0 %, 1690 MHz, 42, 6.98 W
1788686576.142984490,0 %, 1690 MHz, 42, 6.98 W
1788686576.242771679,0 %, 1690 MHz, 42, 6.98 W
1788686576.343560964,0 %, 1690 MHz, 42, 6.99 W
1788686576.443759657,0 %, 1690 MHz, 42, 6.99 W
1788686576.544146877,0 %, 1690 MHz, 42, 6.99 W
1788686576.644347778,0 %, 1690 MHz, 42, 6.99 W
1788686576.743969015,0 %, 1690 MHz, 42, 6.99 W
1788686576.845272188,0 %, 1690 MHz, 42, 6.98 W
1788686576.944645745,0 %, 1690 MHz, 42, 6.98 W
1788686577.045070629,0 %, 1690 MHz, 42, 6.98 W
1788686577.144991658,0 %, 1690 MHz, 42, 6.98 W
1788686577.245398383,0 %, 1690 MHz, 42, 6.98 W
1788686577.345910756,0 %, 1690 MHz, 42, 6.96 W
1788686577.445648489,0 %, 1690 MHz, 42, 6.96 W
1788686577.545784590,0 %, 1690 MHz, 42, 6.96 W
1788686577.646288818,0 %, 1690 MHz, 42, 6.96 W
1788686577.745962151,0 %, 1690 MHz, 42, 6.96 W
1788686577.846223516,0 %, 1690 MHz, 42, 6.95 W
1788686577.946448737,0 %, 1690 MHz, 42, 6.95 W
1788686578.046926150,0 %, 1690 MHz, 42, 6.95 W
1788686578.146821674,0 %, 1690 MHz, 42, 6.95 W
1788686578.247116943,0 %, 1690 MHz, 42, 6.95 W
1788686578.347233348,0 %, 1690 MHz, 42, 6.96 W
1788686578.447646857,0 %, 1690 MHz, 42, 6.96 W
1788686578.547836958,0 %, 1690 MHz, 42, 6.96 W
1788686578.648022787,0 %, 1690 MHz, 42, 6.96 W
1788686578.747998599,0 %, 1690 MHz, 42, 6.96 W
1788686578.847867884,0 %, 1690 MHz, 41, 6.96 W
1788686578.948554385,0 %, 1690 MHz, 41, 6.96 W
1788686579.048760966,0 %, 1690 MHz, 41, 6.96 W
1788686579.148427883,0 %, 1690 MHz, 41, 6.96 W
1788686579.248885519,0 %, 1690 MHz, 41, 6.96 W
1788686579.349397316,0 %, 1690 MHz, 41, 6.96 W
1788686579.449302969,0 %, 1690 MHz, 41, 6.96 W
1788686579.549759582,0 %, 1690 MHz, 41, 6.96 W
1788686579.649923955,0 %, 1690 MHz, 41, 6.96 W
1788686579.749252263,0 %, 1690 MHz, 41, 6.96 W
1788686579.850124860,0 %, 1690 MHz, 41, 6.98 W
1788686579.950500529,0 %, 1690 MHz, 41, 6.98 W
1788686580.049712598,0 %, 1690 MHz, 41, 6.98 W
1788686580.150358634,0 %, 1690 MHz, 41, 6.98 W
1788686580.250952287,0 %, 1690 MHz, 41, 6.98 W
1788686580.350733668,0 %, 1690 MHz, 41, 6.99 W
1788686580.451343849,0 %, 1690 MHz, 41, 6.99 W
1788686580.551103742,0 %, 1690 MHz, 41, 6.99 W
1788686580.651692962,0 %, 1690 MHz, 41, 6.99 W
1788686580.751175751,0 %, 1690 MHz, 41, 6.99 W
1788686580.852438716,0 %, 1690 MHz, 41, 6.99 W
1788686580.952333857,0 %, 1690 MHz, 41, 6.99 W
1788686581.052207142,0 %, 1690 MHz, 41, 6.99 W
1788686581.152369834,0 %, 1690 MHz, 41, 6.99 W
1788686581.252581087,0 %, 1690 MHz, 41, 6.99 W
1788686581.353126884,0 %, 1690 MHz, 41, 6.97 W
1788686581.453310505,0 %, 1690 MHz, 41, 6.97 W
1788686581.553217869,0 %, 1690 MHz, 41, 6.97 W
1788686581.653669538,0 %, 1690 MHz, 41, 6.97 W
1788686581.753207431,0 %, 1690 MHz, 41, 6.97 W
1788686581.853662364,0 %, 1690 MHz, 41, 6.96 W
1788686581.954166417,0 %, 1690 MHz, 41, 6.96 W
1788686582.053992181,0 %, 1690 MHz, 41, 6.96 W
1788686582.154307210,0 %, 1690 MHz, 41, 6.96 W
1788686582.254505919,0 %, 1690 MHz, 41, 6.96 W
1788686582.354800308,0 %, 1690 MHz, 41, 6.96 W
1788686582.455133768,0 %, 1690 MHz, 41, 6.96 W
1788686582.555141053,0 %, 1690 MHz, 41, 6.96 W
1788686582.656053762,0 %, 1690 MHz, 41, 6.96 W
1788686582.755134167,0 %, 1690 MHz, 41, 6.96 W
1788686582.855808091,0 %, 1690 MHz, 41, 6.96 W
1788686582.956102112,0 %, 1690 MHz, 41, 6.96 W
1788686583.056332901,0 %, 1690 MHz, 41, 6.96 W
1788686583.156307482,0 %, 1690 MHz, 41, 6.96 W
1788686583.256470942,0 %, 1690 MHz, 41, 6.96 W
1788686583.357142531,0 %, 1690 MHz, 41, 6.96 W
1788686583.457110776,0 %, 1690 MHz, 41, 6.96 W
1788686583.557825709,0 %, 1690 MHz, 41, 6.96 W
1788686583.657988962,0 %, 1690 MHz, 41, 6.96 W
1788686583.757331238,0 %, 1690 MHz, 41, 6.96 W
1788686583.858342379,0 %, 1690 MHz, 41, 6.95 W
1788686583.958457072,0 %, 1690 MHz, 41, 6.95 W
1788686584.058439301,0 %, 1690 MHz, 41, 6.95 W
1788686584.158986777,0 %, 1690 MHz, 41, 6.95 W
1788686584.258492382,0 %, 1690 MHz, 41, 6.95 W
1788686584.358575795,0 %, 1690 MHz, 41, 6.96 W
1788686584.458393352,0 %, 1690 MHz, 41, 6.96 W
1788686584.558933772,0 %, 1690 MHz, 41, 6.96 W
1788686584.659863729,0 %, 1690 MHz, 41, 6.96 W
1788686584.759025750,0 %, 1690 MHz, 41, 6.96 W
1788686584.860210474,0 %, 1690 MHz, 41, 6.96 W
1788686584.959698191,0 %, 1690 MHz, 41, 6.96 W
1788686585.059892852,0 %, 1690 MHz, 41, 6.96 W
1788686585.160101017,0 %, 1690 MHz, 41, 6.96 W
1788686585.260961597,0 %, 1690 MHz, 41, 6.96 W
1788686585.361136274,0 %, 1690 MHz, 41, 6.97 W
1788686585.461107271,0 %, 1690 MHz, 41, 6.97 W
1788686585.561078716,0 %, 1690 MHz, 41, 6.97 W
1788686585.661806592,0 %, 1690 MHz, 41, 6.97 W
1788686585.761143333,0 %, 1690 MHz, 41, 6.97 W
1788686585.861264730,0 %, 1690 MHz, 41, 6.97 W
1788686585.961560991,0 %, 1690 MHz, 41, 6.97 W
1788686586.061766947,0 %, 1690 MHz, 41, 6.97 W
1788686586.162652920,0 %, 1690 MHz, 41, 6.97 W
1788686586.262843533,0 %, 1690 MHz, 41, 6.97 W
1788686586.362611698,0 %, 1690 MHz, 41, 6.96 W
1788686586.462460358,0 %, 1690 MHz, 41, 6.96 W
1788686586.563119723,0 %, 1690 MHz, 41, 6.96 W
1788686586.663082864,0 %, 1690 MHz, 41, 6.96 W
1788686586.762661412,0 %, 1690 MHz, 41, 6.96 W
1788686586.863974809,0 %, 1690 MHz, 41, 6.96 W
1788686586.963405118,0 %, 1690 MHz, 41, 6.96 W
1788686587.064118307,0 %, 1690 MHz, 41, 6.96 W
1788686587.163812119,0 %, 1690 MHz, 41, 6.96 W
1788686587.264459468,0 %, 1690 MHz, 41, 6.96 W
1788686587.364947377,0 %, 1690 MHz, 41, 6.96 W
1788686587.464309669,0 %, 1690 MHz, 41, 6.96 W
1788686587.565092106,0 %, 1690 MHz, 41, 6.96 W
1788686587.665148783,0 %, 1690 MHz, 41, 6.96 W
1788686587.764729492,0 %, 1690 MHz, 41, 6.96 W
1788686587.865549272,0 %, 1690 MHz, 41, 6.96 W
1788686587.965185453,0 %, 1690 MHz, 41, 6.96 W
1788686588.065968978,0 %, 1690 MHz, 41, 6.96 W
1788686588.166410630,0 %, 1690 MHz, 41, 6.96 W
1788686588.265674747,0 %, 1690 MHz, 41, 6.96 W
1788686588.366861856,0 %, 1690 MHz, 41, 6.97 W
1788686588.466681877,0 %, 1690 MHz, 41, 6.97 W
1788686588.567240393,0 %, 1690 MHz, 41, 6.97 W
1788686588.667324542,0 %, 1690 MHz, 41, 6.97 W
1788686588.766837523,0 %, 1690 MHz, 41, 6.97 W
1788686588.867772247,0 %, 1690 MHz, 41, 6.96 W
1788686588.967634092,0 %, 1690 MHz, 41, 6.96 W
1788686589.068148337,0 %, 1690 MHz, 41, 6.96 W
1788686589.167688149,0 %, 1690 MHz, 41, 6.96 W
1788686589.268467082,0 %, 1690 MHz, 41, 6.96 W
1788686589.368643551,0 %, 1690 MHz, 41, 6.95 W
1788686589.468100291,0 %, 1690 MHz, 41, 6.95 W
1788686589.569032728,0 %, 1690 MHz, 41, 6.95 W
1788686589.669199789,0 %, 1690 MHz, 41, 6.95 W
1788686589.768229762,0 %, 1690 MHz, 41, 6.95 W
1788686589.869254646,0 %, 1690 MHz, 41, 6.96 W
1788686589.969030235,0 %, 1690 MHz, 41, 6.96 W
1788686590.069990800,0 %, 1690 MHz, 41, 6.96 W
1788686590.170297780,0 %, 1690 MHz, 41, 6.96 W
1788686590.269952905,0 %, 1690 MHz, 41, 6.96 W
1788686590.370108830,0 %, 1690 MHz, 41, 6.96 W
1788686590.470650306,0 %, 1690 MHz, 41, 6.96 W
1788686590.571121639,0 %, 1690 MHz, 41, 6.96 W
1788686590.671323820,0 %, 1690 MHz, 41, 6.96 W
1788686590.770740976,0 %, 1690 MHz, 41, 6.97 W
1788686590.871743237,0 %, 1690 MHz, 41, 6.97 W
1788686590.971491370,0 %, 1690 MHz, 41, 6.97 W
1788686591.072029903,0 %, 1690 MHz, 41, 6.97 W
1788686591.171867667,0 %, 1690 MHz, 41, 6.97 W
1788686591.272437752,0 %, 1690 MHz, 41, 6.96 W
1788686591.372275277,0 %, 1690 MHz, 41, 6.96 W
1788686591.472393265,0 %, 1690 MHz, 41, 6.96 W
1788686591.572568726,0 %, 1690 MHz, 41, 6.96 W
1788686591.673100331,0 %, 1690 MHz, 41, 6.96 W
1788686591.773000143,0 %, 1690 MHz, 41, 6.95 W
1788686591.873331092,0 %, 1690 MHz, 41, 6.95 W
1788686591.973390953,0 %, 1690 MHz, 41, 6.95 W
1788686592.074008429,0 %, 1690 MHz, 41, 6.95 W
1788686592.174330226,0 %, 1690 MHz, 41, 6.95 W
1788686592.274205975,0 %, 1690 MHz, 41, 6.95 W
1788686592.374224731,0 %, 1690 MHz, 41, 6.95 W
1788686592.474328560,0 %, 1690 MHz, 41, 6.95 W
1788686592.574464149,0 %, 1690 MHz, 41, 6.95 W
1788686592.674669897,0 %, 1690 MHz, 41, 6.95 W
1788686592.774954958,0 %, 1690 MHz, 41, 6.95 W
1788686592.874573634,0 %, 1690 MHz, 41, 6.95 W
1788686592.974799159,0 %, 1690 MHz, 41, 6.95 W
1788686593.075049020,0 %, 1690 MHz, 41, 6.95 W
1788686593.175602864,0 %, 1690 MHz, 41, 6.95 W
1788686593.276152565,0 %, 1690 MHz, 41, 6.97 W
1788686593.375600602,0 %, 1690 MHz, 41, 6.97 W
1788686593.476088398,0 %, 1690 MHz, 41, 6.97 W
1788686593.576520067,0 %, 1690 MHz, 41, 6.97 W
1788686593.677091832,0 %, 1690 MHz, 41, 6.97 W
1788686593.776914492,0 %, 1690 MHz, 41, 6.99 W
1788686593.877181633,0 %, 1690 MHz, 41, 6.99 W
1788686593.977387014,0 %, 1690 MHz, 41, 6.99 W
1788686594.077947498,0 %, 1690 MHz, 41, 6.99 W
1788686594.178012719,0 %, 1690 MHz, 41, 6.99 W
1788686594.277974548,0 %, 1690 MHz, 41, 6.97 W
1788686594.378227784,0 %, 1690 MHz, 41, 6.97 W
1788686594.478428397,0 %, 1690 MHz, 41, 6.97 W
1788686594.579093506,0 %, 1690 MHz, 41, 6.97 W
1788686594.679057190,0 %, 1690 MHz, 41, 6.97 W
1788686594.779510491,0 %, 1690 MHz, 41, 6.95 W
1788686594.879670624,0 %, 1690 MHz, 41, 6.95 W
1788686594.979904484,0 %, 1690 MHz, 41, 6.95 W
1788686595.080098457,0 %, 1690 MHz, 41, 6.95 W
1788686595.180241421,0 %, 1690 MHz, 41, 6.95 W
1788686595.280406082,0 %, 1690 MHz, 41, 6.94 W
1788686595.380446887,0 %, 1690 MHz, 41, 6.94 W
1788686595.480794971,0 %, 1690 MHz, 41, 6.94 W
1788686595.580947376,0 %, 1690 MHz, 41, 6.94 W
1788686595.681143557,0 %, 1690 MHz, 41, 6.94 W
1788686595.781272713,0 %, 1690 MHz, 41, 6.95 W
1788686595.881703374,0 %, 1690 MHz, 41, 6.95 W
1788686595.981729234,0 %, 1690 MHz, 41, 6.95 W
1788686596.081945735,0 %, 1690 MHz, 41, 6.95 W
1788686596.182295740,0 %, 1690 MHz, 41, 6.95 W
1788686596.282264672,0 %, 1690 MHz, 41, 6.95 W
1788686596.382513269,0 %, 1690 MHz, 41, 6.95 W
1788686596.483032730,0 %, 1690 MHz, 41, 6.95 W
1788686596.582986222,0 %, 1690 MHz, 41, 6.95 W
1788686596.683288467,0 %, 1690 MHz, 41, 6.95 W
1788686596.782653479,0 %, 1690 MHz, 41, 6.94 W
1788686596.883814124,0 %, 1690 MHz, 41, 6.94 W
1788686596.983735009,0 %, 1690 MHz, 41, 6.94 W
1788686597.083428437,0 %, 1690 MHz, 41, 6.94 W
1788686597.184035770,0 %, 1690 MHz, 41, 6.94 W
1788686597.284335695,0 %, 1690 MHz, 41, 6.94 W
1788686597.384406979,0 %, 1690 MHz, 41, 6.94 W
1788686597.484567096,0 %, 1690 MHz, 41, 6.94 W
1788686597.584730268,0 %, 1690 MHz, 41, 6.94 W
1788686597.685253953,0 %, 1690 MHz, 41, 6.94 W
1788686597.785214326,0 %, 1690 MHz, 41, 6.95 W
1788686597.885398522,0 %, 1690 MHz, 41, 6.95 W
1788686597.985677791,0 %, 1690 MHz, 41, 6.95 W
1788686598.085725619,0 %, 1690 MHz, 41, 6.95 W
1788686598.185598520,0 %, 1690 MHz, 41, 6.95 W
1788686598.286074717,0 %, 1690 MHz, 41, 6.94 W
1788686598.386322577,0 %, 1690 MHz, 41, 6.94 W
1788686598.486252294,0 %, 1690 MHz, 41, 6.94 W
1788686598.586612346,0 %, 1690 MHz, 41, 6.94 W
1788686598.687168095,0 %, 1690 MHz, 41, 6.94 W
1788686598.786370420,0 %, 1690 MHz, 41, 6.94 W
1788686598.887455128,0 %, 1690 MHz, 41, 6.94 W
1788686598.986726029,0 %, 1690 MHz, 41, 6.94 W
1788686599.086744225,0 %, 1690 MHz, 41, 6.94 W
1788686599.187226198,0 %, 1690 MHz, 41, 6.94 W
1788686599.288209611,0 %, 1690 MHz, 41, 6.95 W
1788686599.388400815,0 %, 1690 MHz, 41, 6.95 W
1788686599.488343844,0 %, 1690 MHz, 41, 6.95 W
1788686599.588448072,0 %, 1690 MHz, 41, 6.95 W
1788686599.688916605,0 %, 1690 MHz, 41, 6.95 W
1788686599.787979170,0 %, 1690 MHz, 41, 6.97 W
1788686599.889356758,0 %, 1690 MHz, 41, 6.97 W
1788686599.989445003,0 %, 1690 MHz, 41, 6.97 W
1788686600.089450735,0 %, 1690 MHz, 41, 6.97 W
1788686600.189848948,0 %, 1690 MHz, 41, 6.97 W
1788686600.289819049,0 %, 1690 MHz, 41, 6.95 W
1788686600.390216349,0 %, 1690 MHz, 41, 6.95 W
1788686600.490379154,0 %, 1690 MHz, 41, 6.95 W
1788686600.590345158,0 %, 1690 MHz, 41, 6.95 W
1788686600.690540411,0 %, 1690 MHz, 41, 6.95 W
1788686600.789776415,0 %, 1690 MHz, 41, 6.94 W
1788686600.891003476,0 %, 1690 MHz, 41, 6.94 W
1788686600.991296889,0 %, 1690 MHz, 41, 6.94 W
1788686601.090779629,0 %, 1690 MHz, 41, 6.94 W
1788686601.190862290,0 %, 1690 MHz, 41, 6.94 W
1788686601.291764710,0 %, 1690 MHz, 41, 6.93 W
1788686601.392158923,0 %, 1690 MHz, 41, 6.93 W
1788686601.492121231,0 %, 1690 MHz, 41, 6.93 W
1788686601.592538388,0 %, 1690 MHz, 41, 6.93 W
1788686601.692503129,0 %, 1690 MHz, 41, 6.93 W
1788686601.792677069,0 %, 1690 MHz, 41, 6.93 W
1788686601.893049058,0 %, 1690 MHz, 41, 6.93 W
1788686601.993342118,0 %, 1690 MHz, 41, 6.93 W
1788686602.093115787,0 %, 1690 MHz, 41, 6.93 W
1788686602.193419663,0 %, 1690 MHz, 41, 6.93 W
1788686602.293633700,0 %, 1690 MHz, 41, 6.91 W
1788686602.393804121,0 %, 1690 MHz, 41, 6.91 W
1788686602.493975309,0 %, 1690 MHz, 41, 6.91 W
1788686602.594552226,0 %, 1690 MHz, 41, 6.91 W
1788686602.694361190,0 %, 1690 MHz, 41, 6.91 W
1788686602.794555355,0 %, 1690 MHz, 41, 6.91 W
1788686602.894766959,0 %, 1690 MHz, 41, 6.91 W
1788686602.994979524,0 %, 1690 MHz, 41, 6.91 W
1788686603.094798009,0 %, 1690 MHz, 41, 6.91 W
1788686603.195402381,0 %, 1690 MHz, 41, 6.91 W
1788686603.295575330,0 %, 1690 MHz, 41, 6.91 W
1788686603.395797350,0 %, 1690 MHz, 41, 6.91 W
1788686603.495558283,0 %, 1690 MHz, 41, 6.91 W
1788686603.596608399,0 %, 1690 MHz, 41, 6.91 W
1788686603.696371028,0 %, 1690 MHz, 41, 6.91 W
1788686603.796402008,0 %, 1690 MHz, 41, 6.92 W
1788686603.896964477,0 %, 1690 MHz, 41, 6.92 W
1788686603.996943745,0 %, 1690 MHz, 41, 6.92 W
1788686604.097628582,0 %, 1690 MHz, 41, 6.92 W
1788686604.197392715,0 %, 1690 MHz, 41, 6.92 W
1788686604.297954335,0 %, 1690 MHz, 41, 6.91 W
1788686604.397771076,0 %, 1690 MHz, 41, 6.91 W
1788686604.498380296,0 %, 1690 MHz, 41, 6.91 W
1788686604.598098573,0 %, 1690 MHz, 41, 6.91 W
1788686604.698260913,0 %, 1690 MHz, 41, 6.91 W
1788686604.798449158,0 %, 1690 MHz, 41, 6.91 W
1788686604.898815850,0 %, 1690 MHz, 41, 6.91 W
1788686604.998912703,0 %, 1690 MHz, 41, 6.91 W
1788686605.099098547,0 %, 1690 MHz, 41, 6.91 W
1788686605.199122744,0 %, 1690 MHz, 41, 6.91 W
1788686605.299684205,0 %, 1690 MHz, 41, 6.93 W
1788686605.399809537,0 %, 1690 MHz, 41, 6.93 W
1788686605.499975190,0 %, 1690 MHz, 41, 6.93 W
1788686605.600201434,0 %, 1690 MHz, 41, 6.93 W
1788686605.700591295,0 %, 1690 MHz, 41, 6.93 W
1788686605.800121667,0 %, 1690 MHz, 41, 6.94 W
1788686605.900796568,0 %, 1690 MHz, 41, 6.94 W
1788686606.001145852,0 %, 1690 MHz, 41, 6.94 W
1788686606.101153921,0 %, 1690 MHz, 41, 6.94 W
1788686606.200742709,0 %, 1690 MHz, 41, 6.94 W
1788686606.301412378,0 %, 1690 MHz, 41, 6.93 W
1788686606.401340958,0 %, 1690 MHz, 41, 6.93 W
1788686606.501902211,0 %, 1690 MHz, 41, 6.93 W
1788686606.602134183,0 %, 1690 MHz, 41, 6.93 W
1788686606.702426300,0 %, 1690 MHz, 41, 6.93 W
1788686606.802357680,0 %, 1690 MHz, 41, 6.93 W
1788686606.902644117,0 %, 1690 MHz, 41, 6.93 W
1788686607.003710265,0 %, 1690 MHz, 41, 6.93 W
1788686607.102365390,0 %, 1690 MHz, 41, 6.93 W
1788686607.203140898,0 %, 1690 MHz, 41, 6.93 W
1788686607.303291175,0 %, 1690 MHz, 41, 6.92 W
1788686607.403466171,0 %, 1690 MHz, 41, 6.92 W
1788686607.503782784,0 %, 1690 MHz, 41, 6.92 W
1788686607.603825716,0 %, 1690 MHz, 41, 6.92 W
1788686607.704043001,0 %, 1690 MHz, 41, 6.92 W
1788686607.804251742,0 %, 1690 MHz, 41, 6.91 W
1788686607.904442386,0 %, 1690 MHz, 41, 6.91 W
1788686608.004883079,0 %, 1690 MHz, 41, 6.91 W
1788686608.104999147,0 %, 1690 MHz, 41, 6.91 W
1788686608.205248240,0 %, 1690 MHz, 41, 6.91 W
1788686608.304626148,0 %, 1690 MHz, 41, 6.91 W
1788686608.404874681,0 %, 1690 MHz, 41, 6.91 W
1788686608.504801629,0 %, 1690 MHz, 41, 6.91 W
1788686608.604889794,0 %, 1690 MHz, 41, 6.91 W
1788686608.705752086,0 %, 1690 MHz, 41, 6.91 W
1788686608.805924251,0 %, 1690 MHz, 41, 6.91 W
1788686608.906192271,0 %, 1690 MHz, 41, 6.91 W
1788686609.005599812,0 %, 1690 MHz, 41, 6.91 W
1788686609.106507816,0 %, 1690 MHz, 41, 6.91 W
1788686609.206917597,0 %, 1690 MHz, 41, 6.91 W
1788686609.306857249,0 %, 1690 MHz, 41, 6.91 W
1788686609.407058534,0 %, 1690 MHz, 41, 6.91 W
1788686609.507431482,0 %, 1690 MHz, 41, 6.91 W
1788686609.607403727,0 %, 1690 MHz, 41, 6.91 W
1788686609.707801763,0 %, 1690 MHz, 41, 6.91 W
1788686609.806879735,0 %, 1690 MHz, 41, 6.90 W
1788686609.908348508,0 %, 1690 MHz, 41, 6.90 W
1788686610.008359249,0 %, 1690 MHz, 41, 6.90 W
1788686610.108469765,0 %, 1690 MHz, 41, 6.90 W
1788686610.208667177,0 %, 1690 MHz, 41, 6.90 W
1788686610.308646686,0 %, 1690 MHz, 41, 6.92 W
1788686610.408936994,0 %, 1690 MHz, 41, 6.92 W
1788686610.509385687,0 %, 1690 MHz, 41, 6.92 W
1788686610.609290987,0 %, 1690 MHz, 41, 6.92 W
1788686610.709877552,0 %, 1690 MHz, 41, 6.92 W
1788686610.808847876,0 %, 1690 MHz, 40, 6.91 W
1788686610.910271545,0 %, 1690 MHz, 40, 6.91 W
1788686611.010200077,0 %, 1690 MHz, 40, 6.91 W
1788686611.110261122,0 %, 1690 MHz, 40, 6.91 W
1788686611.210538662,0 %, 1690 MHz, 40, 6.91 W
1788686611.310735675,0 %, 1690 MHz, 41, 6.89 W
1788686611.410906079,0 %, 1690 MHz, 41, 6.89 W
1788686611.511072564,0 %, 1690 MHz, 41, 6.89 W
1788686611.611255800,0 %, 1690 MHz, 41, 6.89 W
1788686611.711847661,0 %, 1690 MHz, 41, 6.89 W
1788686611.811772577,0 %, 1690 MHz, 40, 6.89 W
1788686611.912244950,0 %, 1690 MHz, 40, 6.89 W
1788686612.012124026,0 %, 1690 MHz, 40, 6.89 W
1788686612.112097919,0 %, 1690 MHz, 40, 6.89 W
1788686612.212724195,0 %, 1690 MHz, 40, 6.89 W
1788686612.312655783,0 %, 1690 MHz, 40, 6.89 W
1788686612.413040556,0 %, 1690 MHz, 40, 6.89 W
1788686612.513032912,0 %, 1690 MHz, 40, 6.89 W
1788686612.613603733,0 %, 1690 MHz, 40, 6.89 W
1788686612.713801577,0 %, 1690 MHz, 40, 6.89 W
1788686612.813744110,0 %, 1690 MHz, 40, 6.88 W
1788686612.914186578,0 %, 1690 MHz, 40, 6.88 W
1788686613.014075511,0 %, 1690 MHz, 40, 6.88 W
1788686613.114774715,0 %, 1690 MHz, 40, 6.88 W
1788686613.214985792,0 %, 1690 MHz, 40, 6.88 W
1788686613.315142276,0 %, 1690 MHz, 40, 6.88 W
1788686613.415318056,0 %, 1690 MHz, 40, 6.88 W
1788686613.515082221,0 %, 1690 MHz, 40, 6.88 W
1788686613.615918753,0 %, 1690 MHz, 40, 6.88 W
1788686613.715861094,0 %, 1690 MHz, 40, 6.88 W
1788686613.814955978,0 %, 1690 MHz, 40, 6.88 W
1788686613.915775711,0 %, 1690 MHz, 40, 6.88 W
1788686614.016627043,0 %, 1690 MHz, 40, 6.88 W
1788686614.116787896,0 %, 1690 MHz, 40, 6.88 W
1788686614.216351660,0 %, 1690 MHz, 40, 6.88 W
1788686614.315838688,0 %, 1690 MHz, 40, 6.90 W
1788686614.416893237,0 %, 1690 MHz, 40, 6.90 W
1788686614.516894649,0 %, 1690 MHz, 40, 6.90 W
1788686614.617342174,0 %, 1690 MHz, 40, 6.90 W
1788686614.717754546,0 %, 1690 MHz, 40, 6.90 W
1788686614.817963111,0 %, 1690 MHz, 40, 6.90 W
1788686614.918390331,0 %, 1690 MHz, 40, 6.90 W
1788686615.018317424,0 %, 1690 MHz, 40, 6.90 W
1788686615.118051636,0 %, 1690 MHz, 40, 6.90 W
1788686615.218747112,0 %, 1690 MHz, 40, 6.90 W
1788686615.318905117,0 %, 1690 MHz, 40, 6.89 W
1788686615.419094337,0 %, 1690 MHz, 40, 6.89 W
1788686615.519253030,0 %, 1690 MHz, 40, 6.89 W
1788686615.619664890,0 %, 1690 MHz, 40, 6.89 W
1788686615.719748447,0 %, 1690 MHz, 40, 6.89 W
1788686615.819382147,0 %, 1690 MHz, 40, 6.89 W
1788686615.920165000,0 %, 1690 MHz, 40, 6.89 W
1788686616.020324332,0 %, 1690 MHz, 40, 6.89 W
1788686616.120666448,0 %, 1690 MHz, 40, 6.89 W
1788686616.220939125,0 %, 1690 MHz, 40, 6.89 W
1788686616.320488761,0 %, 1690 MHz, 40, 6.90 W
1788686616.421038078,0 %, 1690 MHz, 40, 6.90 W
1788686616.521336482,0 %, 1690 MHz, 40, 6.90 W
1788686616.621716150,0 %, 1690 MHz, 40, 6.90 W
1788686616.721651435,0 %, 1690 MHz, 40, 6.90 W
1788686616.822062559,0 %, 1690 MHz, 40, 6.89 W
1788686616.922268964,0 %, 1690 MHz, 40, 6.89 W
1788686617.022499368,0 %, 1690 MHz, 40, 6.89 W
1788686617.122220365,0 %, 1690 MHz, 40, 6.89 W
1788686617.222191665,0 %, 1690 MHz, 40, 6.89 W
1788686617.322942101,0 %, 1690 MHz, 40, 6.88 W
1788686617.423348170,0 %, 1690 MHz, 40, 6.88 W
1788686617.523293918,0 %, 1690 MHz, 40, 6.88 W
1788686617.623702611,0 %, 1690 MHz, 40, 6.88 W
1788686617.723656775,0 %, 1690 MHz, 40, 6.88 W
1788686617.823958796,0 %, 1690 MHz, 40, 6.89 W
1788686617.924521648,0 %, 1690 MHz, 40, 6.89 W
1788686618.024217876,0 %, 1690 MHz, 40, 6.89 W
1788686618.124580377,0 %, 1690 MHz, 40, 6.89 W
1788686618.224568557,0 %, 1690 MHz, 40, 6.89 W
1788686618.324985602,0 %, 1690 MHz, 40, 6.89 W
1788686618.424918918,0 %, 1690 MHz, 40, 6.89 W
1788686618.525079194,0 %, 1690 MHz, 40, 6.89 W
1788686618.625537935,0 %, 1690 MHz, 40, 6.89 W
1788686618.725616627,0 %, 1690 MHz, 40, 6.89 W
1788686618.825867640,0 %, 1690 MHz, 40, 6.89 W
1788686618.926228284,0 %, 1690 MHz, 40, 6.89 W
1788686619.026432208,0 %, 1690 MHz, 40, 6.89 W
1788686619.125897269,0 %, 1690 MHz, 40, 6.89 W
1788686619.226831545,0 %, 1690 MHz, 40, 6.89 W
1788686619.326771902,0 %, 1690 MHz, 40, 6.89 W
1788686619.426893490,0 %, 1690 MHz, 40, 6.89 W
1788686619.527363494,0 %, 1690 MHz, 40, 6.89 W
1788686619.626868571,0 %, 1690 MHz, 40, 6.89 W
1788686619.727526351,0 %, 1690 MHz, 40, 6.89 W
1788686619.827240195,0 %, 1690 MHz, 40, 6.89 W
1788686619.928218808,0 %, 1690 MHz, 40, 6.89 W
1788686620.028070748,0 %, 1690 MHz, 40, 6.89 W
1788686620.128248721,0 %, 1690 MHz, 40, 6.89 W
1788686620.228708117,0 %, 1690 MHz, 40, 6.89 W
1788686620.328644825,0 %, 1690 MHz, 40, 6.89 W
1788686620.428795406,0 %, 1690 MHz, 40, 6.89 W
1788686620.529028066,0 %, 1690 MHz, 40, 6.89 W
1788686620.629176647,0 %, 1690 MHz, 40, 6.89 W
1788686620.729356699,0 %, 1690 MHz, 40, 6.89 W
1788686620.828777279,0 %, 1690 MHz, 40, 6.89 W
1788686620.929837748,0 %, 1690 MHz, 40, 6.89 W
1788686621.029942840,0 %, 1690 MHz, 40, 6.89 W
1788686621.130118173,0 %, 1690 MHz, 40, 6.89 W
1788686621.230678209,0 %, 1690 MHz, 40, 6.89 W
1788686621.330768181,0 %, 1690 MHz, 40, 6.89 W
1788686621.430944634,0 %, 1690 MHz, 40, 6.89 W
1788686621.530839214,0 %, 1690 MHz, 40, 6.89 W
1788686621.631018146,0 %, 1690 MHz, 40, 6.89 W
1788686621.731385911,0 %, 1690 MHz, 40, 6.89 W
1788686621.831427323,0 %, 1690 MHz, 40, 6.89 W
1788686621.931854704,0 %, 1690 MHz, 40, 6.89 W
1788686622.031754404,0 %, 1690 MHz, 40, 6.89 W
1788686622.132182872,0 %, 1690 MHz, 40, 6.89 W
1788686622.232097853,0 %, 1690 MHz, 40, 6.89 W
1788686622.332515025,0 %, 1690 MHz, 40, 6.89 W
1788686622.432442469,0 %, 1690 MHz, 40, 6.89 W
1788686622.532660778,0 %, 1690 MHz, 40, 6.89 W
1788686622.632831406,0 %, 1690 MHz, 40, 6.89 W
1788686622.732975426,0 %, 1690 MHz, 40, 6.89 W
1788686622.833254807,0 %, 1690 MHz, 40, 6.89 W
1788686622.933321771,0 %, 1690 MHz, 40, 6.89 W
1788686623.033943712,0 %, 1690 MHz, 40, 6.89 W
1788686623.133369476,0 %, 1690 MHz, 40, 6.89 W
1788686623.234269864,0 %, 1690 MHz, 40, 6.89 W
1788686623.334424589,0 %, 1690 MHz, 40, 6.89 W
1788686623.434268305,0 %, 1690 MHz, 40, 6.89 W
1788686623.534773637,0 %, 1690 MHz, 40, 6.89 W
1788686623.634725434,0 %, 1690 MHz, 40, 6.89 W
1788686623.734912126,0 %, 1690 MHz, 40, 6.89 W
1788686623.835350386,0 %, 1690 MHz, 40, 6.89 W
1788686623.935594103,0 %, 1690 MHz, 40, 6.89 W
1788686624.036195323,0 %, 1690 MHz, 40, 6.89 W
1788686624.135810559,0 %, 1690 MHz, 40, 6.89 W
1788686624.236181668,0 %, 1690 MHz, 40, 6.89 W
1788686624.336366136,0 %, 1690 MHz, 40, 6.89 W
1788686624.436492860,0 %, 1690 MHz, 40, 6.89 W
1788686624.536852113,0 %, 1690 MHz, 40, 6.89 W
1788686624.636776325,0 %, 1690 MHz, 40, 6.89 W
1788686624.736932154,0 %, 1690 MHz, 40, 6.89 W
1788686624.837154318,0 %, 1690 MHz, 40, 6.89 W
1788686624.937255250,0 %, 1690 MHz, 40, 6.89 W
1788686625.037811399,0 %, 1690 MHz, 40, 6.89 W
1788686625.137807611,0 %, 1690 MHz, 40, 6.89 W
1788686625.238453135,0 %, 1690 MHz, 40, 6.89 W
1788686625.338016756,0 %, 1690 MHz, 40, 6.89 W
1788686625.438367864,0 %, 1690 MHz, 40, 6.89 W
1788686625.538256796,0 %, 1690 MHz, 40, 6.89 W
1788686625.638612817,0 %, 1690 MHz, 40, 6.89 W
1788686625.738779333,0 %, 1690 MHz, 40, 6.89 W
1788686625.838503433,0 %, 1690 MHz, 40, 6.88 W
1788686625.939367486,0 %, 1690 MHz, 40, 6.88 W
1788686626.039332418,0 %, 1690 MHz, 40, 6.88 W
1788686626.139573942,0 %, 1690 MHz, 40, 6.88 W
1788686626.240007691,0 %, 1690 MHz, 40, 6.88 W
1788686626.340297999,0 %, 1690 MHz, 40, 6.89 W
1788686626.440175699,0 %, 1690 MHz, 40, 6.89 W
1788686626.540537896,0 %, 1690 MHz, 40, 6.89 W
1788686626.640408076,0 %, 1690 MHz, 40, 6.89 W
1788686626.740708640,0 %, 1690 MHz, 40, 6.89 W
1788686626.840950821,0 %, 1690 MHz, 40, 6.89 W
1788686626.941356889,0 %, 1690 MHz, 40, 6.89 W
1788686627.041507741,0 %, 1690 MHz, 40, 6.89 W
1788686627.142174562,0 %, 1690 MHz, 40, 6.89 W
1788686627.241986598,0 %, 1690 MHz, 40, 6.89 W
1788686627.342228554,0 %, 1690 MHz, 40, 6.89 W
1788686627.442339039,0 %, 1690 MHz, 40, 6.89 W
1788686627.542203187,0 %, 1690 MHz, 40, 6.89 W
1788686627.642761495,0 %, 1690 MHz, 40, 6.89 W
1788686627.742741691,0 %, 1690 MHz, 40, 6.89 W
1788686627.843295696,0 %, 1690 MHz, 40, 6.89 W
1788686627.943484724,0 %, 1690 MHz, 40, 6.89 W
1788686628.043243928,0 %, 1690 MHz, 40, 6.89 W
1788686628.142561997,0 %, 1690 MHz, 40, 6.89 W
1788686628.243663393,0 %, 1690 MHz, 40, 6.89 W
1788686628.344055557,0 %, 1690 MHz, 40, 6.89 W
1788686628.444002730,0 %, 1690 MHz, 40, 6.89 W
1788686628.544156222,0 %, 1690 MHz, 40, 6.89 W
1788686628.643776130,0 %, 1690 MHz, 40, 6.89 W
1788686628.744232599,0 %, 1690 MHz, 40, 6.89 W
1788686628.844832475,0 %, 1690 MHz, 40, 6.90 W
1788686628.944943871,0 %, 1690 MHz, 40, 6.90 W
1788686629.044489747,0 %, 1690 MHz, 40, 6.90 W
1788686629.145494520,0 %, 1690 MHz, 40, 6.90 W
1788686629.245688620,0 %, 1690 MHz, 40, 6.90 W
1788686629.345160288,0 %, 1690 MHz, 40, 6.89 W
1788686629.445793525,0 %, 1690 MHz, 40, 6.89 W
1788686629.546235385,0 %, 1690 MHz, 40, 6.89 W
1788686629.646362829,0 %, 1690 MHz, 40, 6.89 W
1788686629.745842673,0 %, 1690 MHz, 40, 6.89 W
1788686629.846206422,0 %, 1690 MHz, 40, 6.91 W
1788686629.947084554,0 %, 1690 MHz, 40, 6.91 W
1788686630.046925358,0 %, 1690 MHz, 40, 6.91 W
1788686630.147361683,0 %, 1690 MHz, 40, 6.91 W
1788686630.247292679,0 %, 1690 MHz, 40, 6.91 W
1788686630.347465099,0 %, 1690 MHz, 40, 6.93 W
1788686630.447881648,0 %, 1690 MHz, 40, 6.93 W
1788686630.547809524,0 %, 1690 MHz, 40, 6.93 W
1788686630.648256584,0 %, 1690 MHz, 40, 6.93 W
1788686630.748153804,0 %, 1690 MHz, 40, 6.93 W
1788686630.848032801,0 %, 1690 MHz, 40, 6.91 W
1788686630.948899893,0 %, 1690 MHz, 40, 6.91 W
1788686631.048775417,0 %, 1690 MHz, 40, 6.91 W
1788686631.149175662,0 %, 1690 MHz, 40, 6.91 W
1788686631.249357554,0 %, 1690 MHz, 40, 6.91 W
1788686631.349457174,0 %, 1690 MHz, 40, 6.91 W
1788686631.449439866,0 %, 1690 MHz, 40, 6.91 W
1788686631.549668559,0 %, 1690 MHz, 40, 6.91 W
1788686631.650040851,0 %, 1690 MHz, 40, 6.91 W
1788686631.750023287,0 %, 1690 MHz, 40, 6.91 W
1788686631.849924300,0 %, 1690 MHz, 40, 6.91 W
1788686631.950633776,0 %, 1690 MHz, 40, 6.91 W
1788686632.050720676,0 %, 1690 MHz, 40, 6.91 W
1788686632.150717288,0 %, 1690 MHz, 40, 6.91 W
1788686632.251057917,0 %, 1690 MHz, 40, 6.91 W
1788686632.351268225,0 %, 1690 MHz, 40, 6.89 W
1788686632.450788469,0 %, 1690 MHz, 40, 6.89 W
1788686632.551556777,0 %, 1690 MHz, 40, 6.89 W
1788686632.651119342,0 %, 1690 MHz, 40, 6.89 W
1788686632.750775122,0 %, 1690 MHz, 40, 6.89 W
1788686632.851768230,0 %, 1690 MHz, 40, 6.90 W
1788686632.952372651,0 %, 1690 MHz, 40, 6.90 W
1788686633.052295663,0 %, 1690 MHz, 40, 6.90 W
1788686633.152691315,0 %, 1690 MHz, 40, 6.90 W
1788686633.252914039,0 %, 1690 MHz, 40, 6.90 W
1788686633.352808460,0 %, 1690 MHz, 40, 6.90 W
1788686633.453194800,0 %, 1690 MHz, 40, 6.90 W
1788686633.553406644,0 %, 1690 MHz, 40, 6.90 W
1788686633.653284264,0 %, 1690 MHz, 40, 6.90 W
1788686633.753739501,0 %, 1690 MHz, 40, 6.90 W
1788686633.853336369,0 %, 1690 MHz, 40, 6.89 W
1788686633.954197429,0 %, 1690 MHz, 40, 6.89 W
1788686634.054436537,0 %, 1690 MHz, 40, 6.89 W
1788686634.154499342,0 %, 1690 MHz, 40, 6.89 W
1788686634.254682994,0 %, 1690 MHz, 40, 6.89 W
1788686634.355074022,0 %, 1690 MHz, 40, 6.89 W
1788686634.454797370,0 %, 1690 MHz, 40, 6.89 W
1788686634.555498927,0 %, 1690 MHz, 40, 6.89 W
1788686634.655507843,0 %, 1690 MHz, 40, 6.89 W
1788686634.755740487,0 %, 1690 MHz, 40, 6.89 W
1788686634.855795579,0 %, 1690 MHz, 40, 6.90 W
1788686634.956291824,0 %, 1690 MHz, 40, 6.90 W
1788686635.056318964,0 %, 1690 MHz, 40, 6.90 W
1788686635.156232744,0 %, 1690 MHz, 40, 6.90 W
1788686635.256870428,0 %, 1690 MHz, 40, 6.90 W
1788686635.357528977,0 %, 1690 MHz, 40, 6.91 W
1788686635.457685669,0 %, 1690 MHz, 40, 6.91 W
1788686635.557907177,0 %, 1690 MHz, 40, 6.91 W
1788686635.658051277,0 %, 1690 MHz, 40, 6.91 W
1788686635.758264402,0 %, 1690 MHz, 40, 6.91 W
1788686635.857429334,0 %, 1690 MHz, 40, 6.90 W
1788686635.958590250,0 %, 1690 MHz, 40, 6.90 W
1788686636.058374478,0 %, 1690 MHz, 40, 6.90 W
1788686636.158649747,0 %, 1690 MHz, 40, 6.90 W
1788686636.258738759,0 %, 1690 MHz, 40, 6.90 W
1788686636.358779707,0 %, 1690 MHz, 40, 6.90 W
1788686636.458883727,0 %, 1690 MHz, 40, 6.90 W
1788686636.559089971,0 %, 1690 MHz, 40, 6.90 W
1788686636.659324792,0 %, 1690 MHz, 40, 6.90 W
1788686636.759716588,0 %, 1690 MHz, 40, 6.90 W
1788686636.859731472,0 %, 1690 MHz, 40, 6.90 W
1788686636.959853124,0 %, 1690 MHz, 40, 6.90 W
1788686637.060141305,0 %, 1690 MHz, 40, 6.90 W
1788686637.160140349,0 %, 1690 MHz, 40, 6.90 W
1788686637.260399489,0 %, 1690 MHz, 40, 6.90 W
1788686637.360798341,0 %, 1690 MHz, 40, 6.89 W
1788686637.460758522,0 %, 1690 MHz, 40, 6.89 W
1788686637.561162606,0 %, 1690 MHz, 40, 6.89 W
1788686637.661337266,0 %, 1690 MHz, 40, 6.89 W
1788686637.762032550,0 %, 1690 MHz, 40, 6.89 W
1788686637.862349370,0 %, 1690 MHz, 40, 6.89 W
1788686637.962556687,0 %, 1690 MHz, 40, 6.89 W
1788686638.062392627,0 %, 1690 MHz, 40, 6.89 W
1788686638.162054391,0 %, 1690 MHz, 40, 6.89 W
1788686638.263044331,0 %, 1690 MHz, 40, 6.89 W
1788686638.362990896,0 %, 1690 MHz, 40, 6.90 W
1788686638.463167124,0 %, 1690 MHz, 40, 6.90 W
1788686638.563563880,0 %, 1690 MHz, 40, 6.90 W
1788686638.663728924,0 %, 1690 MHz, 40, 6.90 W
1788686638.764033088,0 %, 1690 MHz, 40, 6.90 W
1788686638.864043957,0 %, 1690 MHz, 40, 6.90 W
1788686638.964351385,0 %, 1690 MHz, 40, 6.90 W
1788686639.064537021,0 %, 1690 MHz, 40, 6.90 W
1788686639.164151713,0 %, 1690 MHz, 40, 6.90 W
1788686639.264871429,0 %, 1690 MHz, 40, 6.90 W
1788686639.365097610,0 %, 1690 MHz, 40, 6.89 W
1788686639.465275982,0 %, 1690 MHz, 40, 6.89 W
1788686639.565425714,0 %, 1690 MHz, 40, 6.89 W
1788686639.665404070,0 %, 1690 MHz, 40, 6.89 W
1788686639.765708762,0 %, 1690 MHz, 40, 6.89 W
1788686639.864883487,0 %, 1690 MHz, 40, 6.89 W
1788686639.966345363,0 %, 1690 MHz, 40, 6.89 W
1788686640.065495735,0 %, 1690 MHz, 40, 6.89 W
1788686640.165554811,0 %, 1690 MHz, 40, 6.89 W
1788686640.266657215,0 %, 1690 MHz, 40, 6.89 W
1788686640.366841604,0 %, 1690 MHz, 40, 6.91 W
1788686640.467195336,0 %, 1690 MHz, 40, 6.91 W
1788686640.567408348,0 %, 1690 MHz, 40, 6.91 W
1788686640.667558288,0 %, 1690 MHz, 40, 6.91 W
1788686640.767739844,0 %, 1690 MHz, 40, 6.91 W
1788686640.867051449,0 %, 1690 MHz, 40, 6.91 W
1788686640.968200333,0 %, 1690 MHz, 40, 6.91 W
1788686641.068320129,0 %, 1690 MHz, 40, 6.91 W
1788686641.168503925,0 %, 1690 MHz, 40, 6.91 W
1788686641.267904281,0 %, 1690 MHz, 40, 6.91 W
1788686641.368395374,0 %, 1690 MHz, 40, 6.90 W
1788686641.468825570,0 %, 1690 MHz, 40, 6.90 W
1788686641.568582182,0 %, 1690 MHz, 40, 6.90 W
1788686641.669348202,0 %, 1690 MHz, 40, 6.90 W
1788686641.769079070,0 %, 1690 MHz, 40, 6.90 W
1788686641.869511602,0 %, 1690 MHz, 40, 6.91 W
1788686641.969242119,0 %, 1690 MHz, 40, 6.91 W
1788686642.070411899,0 %, 1690 MHz, 40, 6.91 W
1788686642.170386623,0 %, 1690 MHz, 40, 6.91 W
1788686642.271446755,0 %, 1690 MHz, 40, 6.91 W
1788686642.371806263,0 %, 1690 MHz, 40, 6.91 W
1788686642.471632908,0 %, 1690 MHz, 40, 6.91 W
1788686642.572078416,0 %, 1690 MHz, 40, 6.91 W
1788686642.672778852,0 %, 1690 MHz, 40, 6.91 W
1788686642.773144232,0 %, 1690 MHz, 40, 6.91 W
1788686642.873916300,0 %, 1690 MHz, 40, 6.89 W
1788686642.973870785,0 %, 1690 MHz, 40, 6.89 W
1788686643.074441269,0 %, 1690 MHz, 40, 6.89 W
1788686643.175570217,0 %, 1690 MHz, 40, 6.89 W
1788686643.275764989,0 %, 1690 MHz, 40, 6.89 W
1788686643.375504673,0 %, 1690 MHz, 40, 6.88 W
1788686643.475902869,0 %, 1690 MHz, 40, 6.88 W
1788686643.576185034,0 %, 1690 MHz, 40, 6.88 W
1788686643.677230286,0 %, 1690 MHz, 40, 6.88 W
1788686643.777313650,0 %, 1690 MHz, 40, 6.87 W
1788686643.877761094,0 %, 1690 MHz, 40, 6.87 W
1788686643.978630954,0 %, 1690 MHz, 40, 6.87 W
1788686644.079021150,0 %, 1690 MHz, 40, 6.87 W
1788686644.179160595,0 %, 1690 MHz, 40, 6.87 W
1788686644.280250519,0 %, 1690 MHz, 40, 6.86 W
1788686644.380244075,0 %, 1690 MHz, 40, 6.86 W
1788686644.480990127,0 %, 1690 MHz, 40, 6.86 W
1788686644.581337699,0 %, 1690 MHz, 40, 6.86 W
1788686644.681988104,0 %, 1690 MHz, 40, 6.86 W
1788686644.782048828,0 %, 1690 MHz, 40, 6.86 W
1788686644.882453200,0 %, 1690 MHz, 40, 6.86 W
1788686644.982826724,0 %, 1690 MHz, 40, 6.86 W
1788686645.083885656,0 %, 1690 MHz, 40, 6.86 W
1788686645.183224668,0 %, 1690 MHz, 40, 6.86 W
1788686645.284033744,0 %, 1690 MHz, 40, 6.86 W
1788686645.384178053,0 %, 1690 MHz, 40, 6.86 W
1788686645.484543481,0 %, 1690 MHz, 40, 6.86 W
1788686645.584755677,0 %, 1690 MHz, 40, 6.86 W
1788686645.684895761,0 %, 1690 MHz, 40, 6.86 W
1788686645.784912309,0 %, 1690 MHz, 40, 6.86 W
1788686645.884140809,0 %, 1690 MHz, 40, 6.86 W
1788686645.985514222,0 %, 1690 MHz, 40, 6.86 W
1788686646.085686546,0 %, 1690 MHz, 40, 6.86 W
1788686646.184964118,0 %, 1690 MHz, 40, 6.86 W
1788686646.285865866,0 %, 1690 MHz, 40, 6.87 W
1788686646.386006030,0 %, 1690 MHz, 40, 6.87 W
1788686646.486145042,0 %, 1690 MHz, 40, 6.87 W
1788686646.586571862,0 %, 1690 MHz, 40, 6.87 W
1788686646.686680394,0 %, 1690 MHz, 40, 6.87 W
1788686646.786989743,0 %, 1690 MHz, 40, 6.87 W
1788686646.887548963,0 %, 1690 MHz, 40, 6.87 W
1788686646.987169927,0 %, 1690 MHz, 40, 6.87 W
1788686647.087590571,0 %, 1690 MHz, 40, 6.87 W
1788686647.187914815,0 %, 1690 MHz, 40, 6.87 W
1788686647.288133715,4 %, 1690 MHz, 40, 6.88 W
1788686647.388197847,4 %, 1690 MHz, 40, 6.88 W
1788686647.488547436,4 %, 1690 MHz, 40, 6.88 W
1788686647.589265792,4 %, 1690 MHz, 40, 6.88 W
1788686647.689760020,4 %, 1690 MHz, 40, 6.88 W
1788686647.790069064,4 %, 1690 MHz, 40, 6.88 W
1788686647.890291436,4 %, 1690 MHz, 40, 6.88 W
1788686647.990970272,4 %, 1690 MHz, 40, 6.88 W
1788686648.091276228,4 %, 1690 MHz, 40, 6.88 W
1788686648.191490328,4 %, 1690 MHz, 40, 6.88 W
1788686648.291849837,0 %, 1690 MHz, 40, 6.86 W
1788686648.392162513,0 %, 1690 MHz, 40, 6.86 W
1788686648.493096933,0 %, 1690 MHz, 40, 6.86 W
1788686648.593396889,0 %, 1690 MHz, 40, 6.86 W
1788686648.693585725,0 %, 1690 MHz, 40, 6.86 W
1788686648.794131985,0 %, 1690 MHz, 40, 6.87 W
1788686648.894703605,0 %, 1690 MHz, 40, 6.87 W
1788686648.994247018,0 %, 1690 MHz, 40, 6.87 W
1788686649.095168990,0 %, 1690 MHz, 40, 6.87 W
1788686649.195397442,0 %, 1690 MHz, 40, 6.87 W
1788686649.295423670,0 %, 1690 MHz, 40, 6.88 W
1788686649.395606938,0 %, 1690 MHz, 40, 6.88 W
1788686649.496310174,0 %, 1690 MHz, 40, 6.88 W
1788686649.597229730,0 %, 1690 MHz, 40, 6.88 W
1788686649.697324102,0 %, 1690 MHz, 40, 6.88 W
1788686649.798047067,0 %, 1690 MHz, 40, 6.86 W
1788686649.897668863,0 %, 1690 MHz, 40, 6.86 W
1788686649.998307811,0 %, 1690 MHz, 40, 6.86 W
1788686650.099002055,0 %, 1690 MHz, 40, 6.86 W
1788686650.199359803,0 %, 1690 MHz, 40, 6.86 W
1788686650.299746927,0 %, 1690 MHz, 40, 6.85 W
1788686650.399907379,0 %, 1690 MHz, 40, 6.85 W
1788686650.500182935,0 %, 1690 MHz, 40, 6.85 W
1788686650.601122475,0 %, 1690 MHz, 40, 6.85 W
1788686650.701180336,0 %, 1690 MHz, 40, 6.85 W
1788686650.801426372,0 %, 1690 MHz, 40, 6.86 W
1788686650.901006376,0 %, 1690 MHz, 40, 6.86 W
1788686651.002350172,0 %, 1690 MHz, 40, 6.86 W
1788686651.102241088,0 %, 1690 MHz, 40, 6.86 W
1788686651.203189412,0 %, 1690 MHz, 40, 6.86 W
1788686651.303559688,0 %, 1690 MHz, 40, 6.86 W
1788686651.403726204,0 %, 1690 MHz, 40, 6.86 W
1788686651.503856880,0 %, 1690 MHz, 40, 6.86 W
1788686651.604430053,0 %, 1690 MHz, 40, 6.86 W
1788686651.704893129,0 %, 1690 MHz, 40, 6.86 W
1788686651.805462253,0 %, 1690 MHz, 40, 6.85 W
1788686651.905942257,0 %, 1690 MHz, 40, 6.85 W
1788686652.006156837,0 %, 1690 MHz, 40, 6.85 W
1788686652.106654857,0 %, 1690 MHz, 40, 6.85 W
1788686652.206988141,0 %, 1690 MHz, 40, 6.85 W
1788686652.307531921,0 %, 1690 MHz, 40, 6.84 W
1788686652.407758421,0 %, 1690 MHz, 40, 6.84 W
1788686652.508407721,0 %, 1690 MHz, 40, 6.84 W
1788686652.608823309,0 %, 1690 MHz, 40, 6.84 W
1788686652.708919746,0 %, 1690 MHz, 40, 6.84 W
1788686652.809310854,0 %, 1690 MHz, 40, 6.85 W
1788686652.909322282,0 %, 1690 MHz, 40, 6.85 W
1788686653.009522558,0 %, 1690 MHz, 40, 6.85 W
1788686653.109881138,0 %, 1690 MHz, 40, 6.85 W
1788686653.210203542,0 %, 1690 MHz, 40, 6.85 W
1788686653.310917546,0 %, 1690 MHz, 40, 6.85 W
1788686653.410814126,0 %, 1690 MHz, 40, 6.85 W
1788686653.511568082,0 %, 1690 MHz, 40, 6.85 W
1788686653.611603814,0 %, 1690 MHz, 40, 6.85 W
1788686653.711715834,0 %, 1690 MHz, 40, 6.85 W
1788686653.812093902,0 %, 1690 MHz, 40, 6.84 W
1788686653.912496626,0 %, 1690 MHz, 40, 6.84 W
1788686654.012575031,0 %, 1690 MHz, 40, 6.84 W
1788686654.112921291,0 %, 1690 MHz, 40, 6.84 W
1788686654.213606047,0 %, 1690 MHz, 40, 6.84 W
1788686654.314170691,0 %, 1690 MHz, 40, 6.84 W
1788686654.414257879,0 %, 1690 MHz, 40, 6.84 W
1788686654.514452107,0 %, 1690 MHz, 40, 6.84 W
1788686654.614809071,0 %, 1690 MHz, 40, 6.84 W
1788686654.715734563,0 %, 1690 MHz, 40, 6.84 W
1788686654.815752071,0 %, 1690 MHz, 40, 6.84 W
1788686654.916153979,0 %, 1690 MHz, 40, 6.84 W
1788686655.016352479,0 %, 1690 MHz, 40, 6.84 W
1788686655.116643923,0 %, 1690 MHz, 40, 6.84 W
1788686655.216637703,0 %, 1690 MHz, 40, 6.84 W
1788686655.317049100,0 %, 1690 MHz, 40, 6.84 W
1788686655.417609936,0 %, 1690 MHz, 40, 6.84 W
1788686655.518093956,0 %, 1690 MHz, 40, 6.84 W
1788686655.618688984,0 %, 1690 MHz, 40, 6.84 W
1788686655.719059612,0 %, 1690 MHz, 40, 6.84 W
1788686655.819613360,0 %, 1690 MHz, 40, 6.84 W
1788686655.919212788,0 %, 1690 MHz, 40, 6.84 W
1788686656.020380520,0 %, 1690 MHz, 40, 6.84 W
1788686656.120533500,0 %, 1690 MHz, 40, 6.84 W
1788686656.221086528,0 %, 1690 MHz, 40, 6.84 W
1788686656.321652980,0 %, 1690 MHz, 40, 6.85 W
1788686656.422135960,0 %, 1690 MHz, 40, 6.85 W
1788686656.522317244,0 %, 1690 MHz, 40, 6.85 W
1788686656.623279104,0 %, 1690 MHz, 40, 6.85 W
1788686656.723652004,0 %, 1690 MHz, 40, 6.85 W
1788686656.823762456,0 %, 1690 MHz, 40, 6.86 W
1788686656.924150877,0 %, 1690 MHz, 40, 6.86 W
1788686657.024395281,0 %, 1690 MHz, 40, 6.86 W
1788686657.125333349,0 %, 1690 MHz, 40, 6.86 W
1788686657.225491977,0 %, 1690 MHz, 40, 6.86 W
1788686657.326112157,0 %, 1690 MHz, 40, 6.86 W
1788686657.426609713,0 %, 1690 MHz, 40, 6.86 W
1788686657.526946165,0 %, 1690 MHz, 40, 6.86 W
1788686657.627595369,0 %, 1690 MHz, 40, 6.86 W
1788686657.727938637,0 %, 1690 MHz, 40, 6.86 W
1788686657.828442289,0 %, 1690 MHz, 40, 6.86 W
1788686657.928595541,0 %, 1690 MHz, 40, 6.86 W
1788686658.029382345,0 %, 1690 MHz, 40, 6.86 W
1788686658.129640877,0 %, 1690 MHz, 40, 6.86 W
1788686658.230274241,0 %, 1690 MHz, 40, 6.86 W
1788686658.330718453,0 %, 1690 MHz, 40, 6.85 W
1788686658.431096713,0 %, 1690 MHz, 40, 6.85 W
1788686658.531221693,0 %, 1690 MHz, 40, 6.85 W
1788686658.632049105,0 %, 1690 MHz, 40, 6.85 W
1788686658.732120085,0 %, 1690 MHz, 40, 6.85 W
1788686658.832681577,0 %, 1690 MHz, 40, 6.85 W
1788686658.933828845,0 %, 1690 MHz, 40, 6.85 W
1788686659.033734162,0 %, 1690 MHz, 40, 6.85 W
1788686659.133467157,0 %, 1690 MHz, 40, 6.85 W
1788686659.234178330,0 %, 1690 MHz, 40, 6.85 W
1788686659.334668078,0 %, 1690 MHz, 40, 6.85 W
1788686659.435024738,0 %, 1690 MHz, 40, 6.85 W
1788686659.535088950,0 %, 1690 MHz, 40, 6.85 W
1788686659.636077546,0 %, 1690 MHz, 40, 6.85 W
1788686659.735732862,0 %, 1690 MHz, 40, 6.85 W
1788686659.836520834,0 %, 1690 MHz, 40, 6.86 W
1788686659.936275606,0 %, 1690 MHz, 40, 6.86 W
1788686660.036524010,0 %, 1690 MHz, 40, 6.86 W
1788686660.136563006,0 %, 1690 MHz, 40, 6.86 W
1788686660.238244738,0 %, 1690 MHz, 40, 6.86 W
1788686660.338062694,0 %, 1690 MHz, 40, 6.87 W
1788686660.438588106,0 %, 1690 MHz, 40, 6.87 W
1788686660.538708814,0 %, 1690 MHz, 40, 6.87 W
1788686660.638626050,0 %, 1690 MHz, 40, 6.87 W
1788686660.739192246,0 %, 1690 MHz, 40, 6.87 W
1788686660.839412538,0 %, 1690 MHz, 40, 6.86 W
1788686660.938950526,0 %, 1690 MHz, 40, 6.86 W
1788686661.040397650,0 %, 1690 MHz, 40, 6.86 W
1788686661.140880550,0 %, 1690 MHz, 40, 6.86 W
1788686661.241210682,0 %, 1690 MHz, 40, 6.86 W
1788686661.341638670,0 %, 1690 MHz, 40, 6.85 W
1788686661.442083858,0 %, 1690 MHz, 40, 6.85 W
1788686661.542656726,0 %, 1690 MHz, 40, 6.85 W
1788686661.643089994,0 %, 1690 MHz, 40, 6.85 W
1788686661.743203518,0 %, 1690 MHz, 40, 6.85 W
1788686661.843942466,0 %, 1690 MHz, 40, 6.84 W
1788686661.944659846,0 %, 1690 MHz, 40, 6.84 W
1788686662.044943962,0 %, 1690 MHz, 40, 6.84 W
1788686662.144900158,0 %, 1690 MHz, 40, 6.84 W
1788686662.245210386,0 %, 1690 MHz, 40, 6.84 W
1788686662.345029222,0 %, 1690 MHz, 40, 6.83 W
1788686662.446143178,0 %, 1690 MHz, 40, 6.83 W
1788686662.546549438,0 %, 1690 MHz, 40, 6.83 W
1788686662.646770962,0 %, 1690 MHz, 40, 6.83 W
1788686662.746903414,0 %, 1690 MHz, 40, 6.83 W
1788686662.847694442,0 %, 1690 MHz, 40, 6.84 W
1788686662.948224510,0 %, 1690 MHz, 40, 6.84 W
1788686663.048366738,0 %, 1690 MHz, 40, 6.84 W
1788686663.149010022,0 %, 1690 MHz, 40, 6.84 W
1788686663.249725082,0 %, 1690 MHz, 40, 6.84 W
1788686663.349851534,0 %, 1690 MHz, 40, 6.83 W
1788686663.450257602,0 %, 1690 MHz, 40, 6.83 W
1788686663.550491558,0 %, 1690 MHz, 40, 6.83 W
1788686663.651428250,0 %, 1690 MHz, 40, 6.83 W
1788686663.751764526,0 %, 1690 MHz, 40, 6.83 W
1788686663.851963378,0 %, 1690 MHz, 40, 6.84 W
1788686663.952561446,0 %, 1690 MHz, 40, 6.84 W
1788686664.053329210,0 %, 1690 MHz, 40, 6.84 W
1788686664.153371038,0 %, 1690 MHz, 40, 6.84 W
1788686664.253879250,0 %, 1690 MHz, 40, 6.84 W
1788686664.354230502,0 %, 1690 MHz, 40, 6.85 W
1788686664.453813802,0 %, 1690 MHz, 40, 6.85 W
1788686664.554425310,0 %, 1690 MHz, 40, 6.85 W
1788686664.655310162,0 %, 1690 MHz, 40, 6.85 W
1788686664.755658230,0 %, 1690 MHz, 40, 6.85 W
1788686664.855720634,0 %, 1690 MHz, 40, 6.86 W
1788686664.956844830,0 %, 1690 MHz, 40, 6.86 W
1788686665.056422290,0 %, 1690 MHz, 40, 6.86 W
1788686665.157321222,0 %, 1690 MHz, 40, 6.86 W
1788686665.257458314,0 %, 1690 MHz, 40, 6.86 W
1788686665.357874590,0 %, 1690 MHz, 40, 6.87 W
1788686665.458579698,0 %, 1690 MHz, 40, 6.87 W
1788686665.558965926,0 %, 1690 MHz, 40, 6.87 W
1788686665.658808474,0 %, 1690 MHz, 40, 6.87 W
1788686665.759420878,0 %, 1690 MHz, 40, 6.87 W
1788686665.859942802,0 %, 1690 MHz, 40, 6.86 W
1788686665.959830134,0 %, 1690 MHz, 40, 6.86 W
1788686666.060194106,0 %, 1690 MHz, 40, 6.86 W
1788686666.161029358,0 %, 1690 MHz, 40, 6.86 W
1788686666.261363698,0 %, 1690 MHz, 40, 6.86 W
1788686666.361738854,0 %, 1690 MHz, 40, 6.86 W
1788686666.462471514,0 %, 1690 MHz, 40, 6.86 W
1788686666.562671325,0 %, 1690 MHz, 40, 6.86 W
1788686666.663202737,0 %, 1690 MHz, 40, 6.86 W
1788686666.763667349,0 %, 1690 MHz, 40, 6.86 W
1788686666.863767065,0 %, 1690 MHz, 40, 6.86 W
1788686666.964245757,0 %, 1690 MHz, 40, 6.86 W
1788686667.064661601,0 %, 1690 MHz, 40, 6.86 W
1788686667.165049445,0 %, 1690 MHz, 40, 6.86 W
1788686667.265690617,0 %, 1690 MHz, 40, 6.86 W
1788686667.365721373,0 %, 1690 MHz, 40, 6.85 W
1788686667.466712497,0 %, 1690 MHz, 40, 6.85 W
1788686667.566830613,0 %, 1690 MHz, 40, 6.85 W
1788686667.667208633,0 %, 1690 MHz, 40, 6.85 W
1788686667.767682797,0 %, 1690 MHz, 40, 6.85 W
1788686667.868818225,0 %, 1690 MHz, 40, 6.86 W
1788686667.968882725,0 %, 1690 MHz, 40, 6.86 W
1788686668.068920265,0 %, 1690 MHz, 40, 6.86 W
1788686668.169497101,0 %, 1690 MHz, 40, 6.86 W
1788686668.269161729,0 %, 1690 MHz, 40, 6.86 W
1788686668.369708053,0 %, 1690 MHz, 40, 6.86 W
1788686668.470626425,0 %, 1690 MHz, 40, 6.86 W
1788686668.570057949,0 %, 1690 MHz, 40, 6.86 W
1788686668.671352737,0 %, 1690 MHz, 40, 6.86 W
1788686668.771604901,0 %, 1690 MHz, 40, 6.86 W
1788686668.872130089,0 %, 1690 MHz, 40, 6.87 W
1788686668.972781244,0 %, 1690 MHz, 40, 6.87 W
1788686669.072790096,0 %, 1690 MHz, 40, 6.87 W
1788686669.173260644,0 %, 1690 MHz, 40, 6.87 W
1788686669.273913512,0 %, 1690 MHz, 40, 6.87 W
1788686669.373335788,0 %, 1690 MHz, 40, 6.87 W
1788686669.474200192,0 %, 1690 MHz, 40, 6.87 W
1788686669.574493396,0 %, 1690 MHz, 40, 6.87 W
1788686669.674886968,0 %, 1690 MHz, 40, 6.87 W
1788686669.775864796,0 %, 1690 MHz, 40, 6.87 W
1788686669.875632544,0 %, 1690 MHz, 40, 6.86 W
1788686669.975403524,0 %, 1690 MHz, 40, 6.86 W
1788686670.075680216,0 %, 1690 MHz, 40, 6.86 W
1788686670.176041692,0 %, 1690 MHz, 40, 6.86 W
1788686670.276923056,0 %, 1690 MHz, 40, 6.86 W
1788686670.376343524,0 %, 1690 MHz, 40, 6.88 W
1788686670.477789655,0 %, 1690 MHz, 40, 6.88 W
1788686670.577574923,0 %, 1690 MHz, 40, 6.88 W
1788686670.678673183,0 %, 1690 MHz, 40, 6.88 W
1788686670.778810931,0 %, 1690 MHz, 40, 6.88 W
1788686670.879237655,0 %, 1690 MHz, 40, 6.88 W
1788686670.978571691,0 %, 1690 MHz, 40, 6.88 W
1788686671.079330287,0 %, 1690 MHz, 40, 6.88 W
1788686671.180137491,0 %, 1690 MHz, 40, 6.88 W
1788686671.280320599,0 %, 1690 MHz, 40, 6.86 W
1788686671.380362443,0 %, 1690 MHz, 40, 6.86 W
1788686671.481555055,0 %, 1690 MHz, 40, 6.86 W
1788686671.581751411,0 %, 1690 MHz, 40, 6.86 W
1788686671.681799159,0 %, 1690 MHz, 40, 6.86 W
1788686671.782718283,0 %, 1690 MHz, 40, 6.85 W
1788686671.883311150,0 %, 1690 MHz, 40, 6.85 W
1788686671.983543538,0 %, 1690 MHz, 40, 6.85 W
1788686672.083643158,0 %, 1690 MHz, 40, 6.85 W
1788686672.183975498,0 %, 1690 MHz, 40, 6.85 W
1788686672.284760142,0 %, 1690 MHz, 40, 6.85 W
1788686672.384328690,0 %, 1690 MHz, 40, 6.85 W
1788686672.485268790,0 %, 1690 MHz, 40, 6.85 W
1788686672.585980922,0 %, 1690 MHz, 40, 6.85 W
1788686672.686298558,0 %, 1690 MHz, 40, 6.85 W
1788686672.786710578,0 %, 1690 MHz, 40, 6.85 W
1788686672.886958198,0 %, 1690 MHz, 40, 6.85 W
1788686672.987256474,0 %, 1690 MHz, 40, 6.85 W
1788686673.087924205,0 %, 1690 MHz, 40, 6.85 W
1788686673.187844033,0 %, 1690 MHz, 40, 6.85 W
1788686673.288680405,0 %, 1690 MHz, 40, 6.84 W
1788686673.388219657,0 %, 1690 MHz, 40, 6.84 W
1788686673.489412061,0 %, 1690 MHz, 40, 6.84 W
1788686673.589344017,0 %, 1690 MHz, 40, 6.84 W
1788686673.690062789,0 %, 1690 MHz, 40, 6.84 W
1788686673.790579401,0 %, 1690 MHz, 40, 6.85 W
1788686673.890808269,0 %, 1690 MHz, 40, 6.85 W
1788686673.991170929,0 %, 1690 MHz, 40, 6.85 W
1788686674.091470869,0 %, 1690 MHz, 40, 6.85 W
1788686674.191351144,0 %, 1690 MHz, 40, 6.85 W
1788686674.292392348,0 %, 1690 MHz, 40, 6.85 W
1788686674.391913168,0 %, 1690 MHz, 40, 6.85 W
1788686674.492926628,0 %, 1690 MHz, 40, 6.85 W
1788686674.593099080,0 %, 1690 MHz, 40, 6.85 W
1788686674.693558764,0 %, 1690 MHz, 40, 6.85 W
1788686674.794040608,0 %, 1690 MHz, 40, 6.86 W
1788686674.893747556,0 %, 1690 MHz, 40, 6.86 W
1788686674.995096008,0 %, 1690 MHz, 40, 6.86 W
1788686675.095076907,0 %, 1690 MHz, 40, 6.86 W
1788686675.195610927,0 %, 1690 MHz, 40, 6.86 W
1788686675.296010803,0 %, 1690 MHz, 40, 6.86 W
1788686675.395415383,0 %, 1690 MHz, 40, 6.86 W
1788686675.496574587,0 %, 1690 MHz, 40, 6.86 W
1788686675.596907487,0 %, 1690 MHz, 40, 6.86 W
1788686675.697234915,0 %, 1690 MHz, 40, 6.86 W
1788686675.797963543,0 %, 1690 MHz, 40, 6.86 W
1788686675.898495995,0 %, 1690 MHz, 40, 6.86 W
1788686675.998085102,0 %, 1690 MHz, 40, 6.86 W
1788686676.098906834,0 %, 1690 MHz, 40, 6.86 W
1788686676.199409318,0 %, 1690 MHz, 40, 6.86 W
1788686676.300059210,0 %, 1690 MHz, 40, 6.87 W
1788686676.399273470,0 %, 1690 MHz, 40, 6.87 W
1788686676.500408482,0 %, 1690 MHz, 40, 6.87 W
1788686676.600832998,0 %, 1690 MHz, 40, 6.87 W
1788686676.701149642,0 %, 1690 MHz, 40, 6.87 W
1788686676.801284477,0 %, 1690 MHz, 40, 6.86 W
1788686676.902430865,0 %, 1690 MHz, 40, 6.86 W
1788686677.002619733,0 %, 1690 MHz, 40, 6.86 W
1788686677.102566233,0 %, 1690 MHz, 40, 6.86 W
1788686677.202915517,0 %, 1690 MHz, 40, 6.86 W
1788686677.303469585,0 %, 1690 MHz, 40, 6.86 W
1788686677.403190245,0 %, 1690 MHz, 40, 6.86 W
1788686677.504298505,0 %, 1690 MHz, 40, 6.86 W
1788686677.604737564,0 %, 1690 MHz, 40, 6.86 W
1788686677.704877792,0 %, 1690 MHz, 40, 6.86 W
1788686677.805177204,0 %, 1690 MHz, 40, 6.85 W
1788686677.905896744,0 %, 1690 MHz, 40, 6.85 W
1788686678.006208300,0 %, 1690 MHz, 40, 6.85 W
1788686678.106568944,0 %, 1690 MHz, 40, 6.85 W
1788686678.207200628,0 %, 1690 MHz, 40, 6.85 W
1788686678.307812504,0 %, 1690 MHz, 40, 6.85 W
1788686678.407307931,0 %, 1690 MHz, 40, 6.85 W
1788686678.508323839,0 %, 1690 MHz, 40, 6.85 W
1788686678.608796227,0 %, 1690 MHz, 40, 6.85 W
1788686678.708363911,0 %, 1690 MHz, 40, 6.85 W
1788686678.809192507,0 %, 1690 MHz, 40, 6.86 W
1788686678.909526415,0 %, 1690 MHz, 40, 6.86 W
1788686679.010200083,0 %, 1690 MHz, 40, 6.86 W
1788686679.110553910,0 %, 1690 MHz, 40, 6.86 W
1788686679.210937050,0 %, 1690 MHz, 40, 6.86 W
1788686679.311238766,0 %, 1690 MHz, 40, 6.87 W
1788686679.410928050,0 %, 1690 MHz, 40, 6.87 W
1788686679.512065014,0 %, 1690 MHz, 40, 6.87 W
1788686679.612463674,0 %, 1690 MHz, 40, 6.87 W
1788686679.712733070,0 %, 1690 MHz, 40, 6.87 W
1788686679.813466577,0 %, 1690 MHz, 40, 6.87 W
1788686679.913865445,0 %, 1690 MHz, 40, 6.87 W
1788686680.013008137,0 %, 1690 MHz, 40, 6.87 W
1788686680.114431917,0 %, 1690 MHz, 40, 6.87 W
1788686680.214513873,0 %, 1690 MHz, 40, 6.87 W
1788686680.315099109,0 %, 1690 MHz, 40, 6.87 W
1788686680.414789624,0 %, 1690 MHz, 40, 6.87 W
1788686680.516121596,0 %, 1690 MHz, 40, 6.87 W
1788686680.616256032,0 %, 1690 MHz, 40, 6.87 W
1788686680.716644596,0 %, 1690 MHz, 40, 6.87 W
1788686680.816799192,0 %, 1690 MHz, 40, 6.86 W
1788686680.917109532,0 %, 1690 MHz, 40, 6.86 W
1788686681.017030464,0 %, 1690 MHz, 40, 6.86 W
1788686681.117965971,0 %, 1690 MHz, 40, 6.86 W
1788686681.218091495,0 %, 1690 MHz, 40, 6.86 W
1788686681.318538027,0 %, 1690 MHz, 40, 6.87 W
1788686681.417539871,0 %, 1690 MHz, 40, 6.87 W
1788686681.518943395,0 %, 1690 MHz, 40, 6.87 W
1788686681.618904535,0 %, 1690 MHz, 40, 6.87 W
1788686681.719162938,0 %, 1690 MHz, 40, 6.87 W
1788686681.818823566,0 %, 1690 MHz, 40, 6.86 W
1788686681.919048178,0 %, 1690 MHz, 40, 6.86 W
1788686682.019575222,0 %, 1690 MHz, 40, 6.86 W
1788686682.119723290,0 %, 1690 MHz, 40, 6.86 W
1788686682.219932653,0 %, 1690 MHz, 40, 6.86 W
1788686682.320088977,0 %, 1690 MHz, 40, 6.89 W
1788686682.419927797,0 %, 1690 MHz, 40, 6.89 W
1788686682.520319593,0 %, 1690 MHz, 40, 6.89 W
1788686682.620561085,0 %, 1690 MHz, 40, 6.89 W
1788686682.720672513,0 %, 1690 MHz, 40, 6.89 W
1788686682.820956564,0 %, 1690 MHz, 40, 6.93 W
1788686682.921134664,0 %, 1690 MHz, 40, 6.93 W
1788686683.020984060,0 %, 1690 MHz, 40, 6.93 W
1788686683.121347536,0 %, 1690 MHz, 40, 6.93 W
1788686683.221977492,0 %, 1690 MHz, 40, 6.93 W
1788686683.322707512,0 %, 1690 MHz, 40, 6.95 W
1788686683.421760731,0 %, 1690 MHz, 40, 6.95 W
1788686683.522857359,0 %, 1690 MHz, 40, 6.95 W
1788686683.623115299,0 %, 1690 MHz, 40, 6.95 W
1788686683.723960535,0 %, 1690 MHz, 40, 6.95 W
1788686683.823578923,0 %, 1690 MHz, 40, 6.92 W
1788686683.924866366,0 %, 1690 MHz, 40, 6.92 W
1788686684.024866002,0 %, 1690 MHz, 40, 6.92 W
1788686684.125842358,0 %, 1690 MHz, 40, 6.92 W
1788686684.225864874,0 %, 1690 MHz, 40, 6.92 W
1788686684.325955566,0 %, 1690 MHz, 40, 6.87 W
1788686684.425358721,0 %, 1690 MHz, 40, 6.87 W
1788686684.526929509,0 %, 1690 MHz, 40, 6.87 W
1788686684.626879641,0 %, 1690 MHz, 40, 6.87 W
1788686684.727594365,0 %, 1690 MHz, 40, 6.87 W
1788686684.828294961,0 %, 1690 MHz, 40, 6.87 W
1788686684.928711012,0 %, 1690 MHz, 40, 6.87 W
1788686685.028417224,0 %, 1690 MHz, 40, 6.87 W
1788686685.128816188,0 %, 1690 MHz, 40, 6.87 W
1788686685.229522032,0 %, 1690 MHz, 40, 6.87 W
1788686685.329081412,0 %, 1690 MHz, 40, 6.86 W
1788686685.429001255,0 %, 1690 MHz, 40, 6.86 W
1788686685.530633467,0 %, 1690 MHz, 40, 6.86 W
1788686685.630590303,0 %, 1690 MHz, 40, 6.86 W
1788686685.730910371,0 %, 1690 MHz, 40, 6.86 W
1788686685.831005367,0 %, 1690 MHz, 40, 6.86 W
1788686685.932043803,0 %, 1690 MHz, 40, 6.86 W
1788686686.032609326,0 %, 1690 MHz, 40, 6.86 W
1788686686.132515362,0 %, 1690 MHz, 40, 6.86 W
1788686686.232860486,0 %, 1690 MHz, 40, 6.86 W
1788686686.333255802,0 %, 1690 MHz, 40, 6.88 W
1788686686.432983837,0 %, 1690 MHz, 40, 6.88 W
1788686686.534111025,0 %, 1690 MHz, 40, 6.88 W
1788686686.634428053,0 %, 1690 MHz, 40, 6.88 W
1788686686.734810105,0 %, 1690 MHz, 40, 6.88 W
1788686686.835939869,0 %, 1690 MHz, 40, 6.86 W
1788686686.936227712,0 %, 1690 MHz, 40, 6.86 W
1788686687.036183764,0 %, 1690 MHz, 40, 6.86 W
1788686687.136171672,0 %, 1690 MHz, 40, 6.86 W
1788686687.237007500,0 %, 1690 MHz, 40, 6.86 W
1788686687.337494800,0 %, 1690 MHz, 40, 6.85 W
1788686687.436836995,0 %, 1690 MHz, 40, 6.85 W
1788686687.538194119,0 %, 1690 MHz, 40, 6.85 W
1788686687.638324027,0 %, 1690 MHz, 40, 6.85 W
1788686687.738508511,0 %, 1690 MHz, 40, 6.85 W
1788686687.839112626,0 %, 1690 MHz, 40, 6.85 W
1788686687.939626582,0 %, 1690 MHz, 40, 6.85 W
1788686688.040165898,0 %, 1690 MHz, 40, 6.85 W
1788686688.139612142,0 %, 1690 MHz, 40, 6.85 W
1788686688.240429394,0 %, 1690 MHz, 40, 6.85 W
1788686688.340808053,0 %, 1690 MHz, 40, 6.86 W
1788686688.440596441,0 %, 1690 MHz, 40, 6.86 W
1788686688.541548909,0 %, 1690 MHz, 40, 6.86 W
1788686688.642220113,0 %, 1690 MHz, 40, 6.86 W
1788686688.742334965,0 %, 1690 MHz, 40, 6.86 W
1788686688.842737944,0 %, 1690 MHz, 40, 6.86 W
1788686688.942911420,0 %, 1690 MHz, 40, 6.86 W
1788686689.043506208,0 %, 1690 MHz, 40, 6.86 W
1788686689.144164820,0 %, 1690 MHz, 40, 6.86 W
1788686689.244509015,0 %, 1690 MHz, 40, 6.86 W
1788686689.344823291,0 %, 1690 MHz, 40, 6.86 W
1788686689.444152383,0 %, 1690 MHz, 40, 6.86 W
1788686689.545177779,0 %, 1690 MHz, 40, 6.86 W
1788686689.646160118,0 %, 1690 MHz, 40, 6.86 W
1788686689.745596250,0 %, 1690 MHz, 40, 6.86 W
1788686689.846608494,0 %, 1690 MHz, 40, 6.86 W
1788686689.946778578,0 %, 1690 MHz, 40, 6.86 W
1788686690.046410549,0 %, 1690 MHz, 40, 6.86 W
1788686690.146525433,0 %, 1690 MHz, 40, 6.86 W
1788686690.247171453,0 %, 1690 MHz, 40, 6.86 W
1788686690.347707105,0 %, 1690 MHz, 40, 6.89 W
1788686690.447285748,0 %, 1690 MHz, 40, 6.89 W
1788686690.548169896,0 %, 1690 MHz, 40, 6.89 W
1788686690.648259580,0 %, 1690 MHz, 40, 6.89 W
1788686690.749203664,0 %, 1690 MHz, 40, 6.89 W
1788686690.848963348,0 %, 1690 MHz, 40, 6.89 W
1788686690.949688327,0 %, 1690 MHz, 40, 6.89 W
1788686691.049232411,0 %, 1690 MHz, 40, 6.89 W
1788686691.150256383,0 %, 1690 MHz, 40, 6.89 W
1788686691.250566819,0 %, 1690 MHz, 40, 6.89 W
1788686691.351223174,0 %, 1690 MHz, 40, 6.88 W
1788686691.450343626,0 %, 1690 MHz, 40, 6.88 W
1788686691.551823566,0 %, 1690 MHz, 40, 6.88 W
1788686691.651900434,0 %, 1690 MHz, 40, 6.88 W
1788686691.752139989,0 %, 1690 MHz, 40, 6.88 W
1788686691.853074137,0 %, 1690 MHz, 40, 6.87 W
1788686691.953333373,0 %, 1690 MHz, 40, 6.87 W
1788686692.052736401,0 %, 1690 MHz, 40, 6.87 W
1788686692.153190356,0 %, 1690 MHz, 40, 6.87 W
1788686692.254091032,0 %, 1690 MHz, 40, 6.87 W
1788686692.354517660,0 %, 1690 MHz, 40, 6.88 W
1788686692.453805487,0 %, 1690 MHz, 40, 6.88 W
1788686692.554776979,0 %, 1690 MHz, 40, 6.88 W
1788686692.655369511,0 %, 1690 MHz, 40, 6.88 W
1788686692.754729403,0 %, 1690 MHz, 40, 6.88 W
1788686692.856178334,0 %, 1690 MHz, 40, 6.88 W
1788686692.956710162,0 %, 1690 MHz, 40, 6.88 W
1788686693.056694358,0 %, 1690 MHz, 40, 6.88 W
1788686693.156322026,0 %, 1690 MHz, 40, 6.88 W
1788686693.257612397,0 %, 1690 MHz, 40, 6.88 W
1788686693.358402913,0 %, 1690 MHz, 40, 6.87 W
1788686693.457809941,0 %, 1690 MHz, 40, 6.87 W
1788686693.558856345,0 %, 1690 MHz, 40, 6.87 W
1788686693.659042956,0 %, 1690 MHz, 40, 6.87 W
1788686693.759867776,0 %, 1690 MHz, 40, 6.87 W
1788686693.860282564,0 %, 1690 MHz, 40, 6.86 W
1788686693.960291480,0 %, 1690 MHz, 40, 6.86 W
1788686694.061374491,0 %, 1690 MHz, 40, 6.86 W
1788686694.161337039,0 %, 1690 MHz, 40, 6.86 W
1788686694.262104115,0 %, 1690 MHz, 40, 6.86 W
1788686694.362806374,0 %, 1690 MHz, 40, 6.85 W
1788686694.461711338,0 %, 1690 MHz, 40, 6.85 W
1788686694.563090606,0 %, 1690 MHz, 40, 6.85 W
1788686694.663760258,0 %, 1690 MHz, 40, 6.85 W
1788686694.763832389,0 %, 1690 MHz, 40, 6.85 W
1788686694.864847433,0 %, 1690 MHz, 40, 6.84 W
1788686694.964697485,0 %, 1690 MHz, 40, 6.84 W
1788686695.064904513,0 %, 1690 MHz, 40, 6.84 W
1788686695.165417028,0 %, 1690 MHz, 40, 6.84 W
1788686695.264810632,0 %, 1690 MHz, 40, 6.84 W
1788686695.366040796,0 %, 1690 MHz, 40, 6.84 W
1788686695.465326623,0 %, 1690 MHz, 40, 6.84 W
1788686695.566308131,0 %, 1690 MHz, 40, 6.84 W
1788686695.667242535,0 %, 1690 MHz, 40, 6.84 W
1788686695.767410267,0 %, 1690 MHz, 40, 6.84 W
1788686695.868012286,0 %, 1690 MHz, 40, 6.85 W
1788686695.967656018,0 %, 1690 MHz, 40, 6.85 W
1788686696.068603814,0 %, 1690 MHz, 40, 6.85 W
1788686696.169024585,0 %, 1690 MHz, 40, 6.85 W
1788686696.269039885,0 %, 1690 MHz, 40, 6.85 W
1788686696.369756209,0 %, 1690 MHz, 40, 6.86 W
1788686696.469295301,0 %, 1690 MHz, 40, 6.86 W
1788686696.570094552,0 %, 1690 MHz, 40, 6.86 W
1788686696.670664684,0 %, 1690 MHz, 40, 6.86 W
1788686696.771331440,0 %, 1690 MHz, 40, 6.86 W
1788686696.870832627,0 %, 1690 MHz, 40, 6.88 W
1788686696.971584215,0 %, 1690 MHz, 40, 6.88 W
1788686697.072096971,0 %, 1690 MHz, 40, 6.88 W
1788686697.172511278,0 %, 1690 MHz, 40, 6.88 W
1788686697.272441522,0 %, 1690 MHz, 40, 6.88 W
1788686697.373027510,0 %, 1690 MHz, 40, 6.87 W
1788686697.472646186,0 %, 1690 MHz, 40, 6.87 W
1788686697.573797805,0 %, 1690 MHz, 40, 6.87 W
1788686697.673920049,0 %, 1690 MHz, 40, 6.87 W
1788686697.774529893,0 %, 1690 MHz, 40, 6.87 W
1788686697.874466696,0 %, 1690 MHz, 40, 6.86 W
1788686697.975079596,0 %, 1690 MHz, 40, 6.86 W
1788686698.075006896,0 %, 1690 MHz, 40, 6.86 W
1788686698.175191331,0 %, 1690 MHz, 40, 6.86 W
1788686698.275452871,0 %, 1690 MHz, 40, 6.86 W
1788686698.375971803,0 %, 1690 MHz, 40, 6.85 W
1788686698.475059246,0 %, 1690 MHz, 40, 6.85 W
1788686698.576304674,0 %, 1690 MHz, 40, 6.85 W
1788686698.676214342,0 %, 1690 MHz, 40, 6.85 W
1788686698.776647562,0 %, 1690 MHz, 40, 6.85 W
1788686698.876694349,0 %, 1690 MHz, 40, 6.86 W
1788686698.976968593,0 %, 1690 MHz, 40, 6.86 W
1788686699.077169269,0 %, 1690 MHz, 40, 6.86 W
1788686699.177364296,0 %, 1690 MHz, 40, 6.86 W
1788686699.278060316,0 %, 1690 MHz, 40, 6.86 W
1788686699.378006896,0 %, 1690 MHz, 40, 6.86 W
1788686699.477316643,0 %, 1690 MHz, 40, 6.86 W
1788686699.578610823,0 %, 1690 MHz, 40, 6.86 W
1788686699.678124091,0 %, 1690 MHz, 40, 6.86 W
1788686699.778753566,0 %, 1690 MHz, 40, 6.86 W
1788686699.878990530,0 %, 1690 MHz, 40, 6.84 W
1788686699.978923206,0 %, 1690 MHz, 40, 6.84 W
1788686700.078157993,0 %, 1690 MHz, 40, 6.84 W
1788686700.179011325,0 %, 1690 MHz, 40, 6.84 W
1788686700.279871857,0 %, 1690 MHz, 40, 6.84 W
1788686700.380072212,0 %, 1690 MHz, 40, 6.86 W
1788686700.478922152,0 %, 1690 MHz, 40, 6.86 W
1788686700.579836684,0 %, 1690 MHz, 40, 6.86 W
1788686700.680782143,0 %, 1690 MHz, 40, 6.86 W
1788686700.780943395,0 %, 1690 MHz, 40, 6.86 W
1788686700.881120119,0 %, 1690 MHz, 40, 6.85 W
1788686700.981269306,0 %, 1690 MHz, 40, 6.85 W
1788686701.080813294,0 %, 1690 MHz, 40, 6.85 W
1788686701.181702114,0 %, 1690 MHz, 40, 6.85 W
1788686701.282096309,0 %, 1690 MHz, 40, 6.85 W
1788686701.381981929,0 %, 1690 MHz, 40, 6.84 W
1788686701.481225965,0 %, 1690 MHz, 40, 6.84 W
1788686701.582316096,0 %, 1690 MHz, 40, 6.84 W
1788686701.682618260,0 %, 1690 MHz, 40, 6.84 W
1788686701.782815848,0 %, 1690 MHz, 40, 6.85 W
1788686701.883653819,0 %, 1690 MHz, 40, 6.85 W
1788686701.983420463,0 %, 1690 MHz, 40, 6.85 W
1788686702.083314915,0 %, 1690 MHz, 40, 6.85 W
1788686702.183065974,0 %, 1690 MHz, 40, 6.85 W
1788686702.283776938,0 %, 1690 MHz, 40, 6.85 W
1788686702.384132110,0 %, 1690 MHz, 40, 6.85 W
1788686702.483438609,0 %, 1690 MHz, 40, 6.85 W
1788686702.584267045,0 %, 1690 MHz, 40, 6.85 W
1788686702.684834361,0 %, 1690 MHz, 40, 6.85 W
1788686702.785033852,0 %, 1690 MHz, 40, 6.84 W
1788686702.885382976,0 %, 1690 MHz, 40, 6.84 W
1788686702.985383012,0 %, 1690 MHz, 40, 6.84 W
1788686703.085235111,0 %, 1690 MHz, 40, 6.84 W
1788686703.185687067,0 %, 1690 MHz, 40, 6.84 W
1788686703.285926782,0 %, 1690 MHz, 40, 6.84 W
1788686703.385869714,0 %, 1690 MHz, 40, 6.84 W
1788686703.485139830,0 %, 1690 MHz, 40, 6.84 W
1788686703.586472745,0 %, 1690 MHz, 40, 6.84 W
1788686703.686633261,0 %, 1690 MHz, 40, 6.84 W
1788686703.786576177,0 %, 1690 MHz, 40, 6.83 W
1788686703.887029284,0 %, 1690 MHz, 40, 6.83 W
1788686703.987324616,0 %, 1690 MHz, 40, 6.83 W
1788686704.087118812,0 %, 1690 MHz, 40, 6.83 W
1788686704.187281071,0 %, 1690 MHz, 40, 6.83 W
1788686704.287654419,0 %, 1690 MHz, 40, 6.83 W
1788686704.387839015,0 %, 1690 MHz, 40, 6.83 W
1788686704.487311050,0 %, 1690 MHz, 40, 6.83 W
1788686704.588134222,0 %, 1690 MHz, 40, 6.83 W
1788686704.688234401,0 %, 1690 MHz, 40, 6.83 W
1788686704.788462437,0 %, 1690 MHz, 40, 6.84 W
1788686704.888714329,0 %, 1690 MHz, 40, 6.84 W
1788686704.988986860,0 %, 1690 MHz, 40, 6.84 W
1788686705.088669632,0 %, 1690 MHz, 40, 6.84 W
1788686705.189152148,0 %, 1690 MHz, 40, 6.84 W
1788686705.289876967,0 %, 1690 MHz, 40, 6.86 W
1788686705.389964843,0 %, 1690 MHz, 40, 6.86 W
1788686705.489082046,0 %, 1690 MHz, 40, 6.86 W
1788686705.590376434,0 %, 1690 MHz, 40, 6.86 W
1788686705.690270534,0 %, 1690 MHz, 40, 6.86 W
1788686705.790442857,0 %, 1690 MHz, 40, 6.86 W
1788686705.890980733,0 %, 1690 MHz, 40, 6.86 W
1788686705.991117121,0 %, 1690 MHz, 40, 6.86 W
1788686706.091307652,0 %, 1690 MHz, 40, 6.86 W
1788686706.190777624,0 %, 1690 MHz, 40, 6.86 W
1788686706.291634268,0 %, 1690 MHz, 40, 6.87 W
1788686706.391593615,0 %, 1690 MHz, 40, 6.87 W
1788686706.491138403,0 %, 1690 MHz, 40, 6.87 W
1788686706.592214502,0 %, 1690 MHz, 40, 6.87 W
1788686706.692093994,0 %, 1690 MHz, 40, 6.87 W
1788686706.792046478,0 %, 1690 MHz, 40, 6.86 W
1788686706.892134577,0 %, 1690 MHz, 40, 6.86 W
1788686706.992687221,0 %, 1690 MHz, 40, 6.86 W
1788686707.093121160,0 %, 1690 MHz, 40, 6.86 W
1788686707.192995820,0 %, 1690 MHz, 40, 6.86 W
1788686707.293373328,0 %, 1690 MHz, 40, 6.87 W
1788686707.393245683,0 %, 1690 MHz, 40, 6.87 W
1788686707.492849239,0 %, 1690 MHz, 40, 6.87 W
1788686707.593914778,0 %, 1690 MHz, 40, 6.87 W
1788686707.693910414,0 %, 1690 MHz, 40, 6.87 W
1788686707.794008114,0 %, 1690 MHz, 40, 6.87 W
1788686707.894949989,0 %, 1690 MHz, 40, 6.87 W
1788686707.994857337,0 %, 1690 MHz, 40, 6.87 W
1788686708.095063837,0 %, 1690 MHz, 40, 6.87 W
1788686708.195193376,0 %, 1690 MHz, 40, 6.87 W
1788686708.295353524,0 %, 1690 MHz, 40, 6.86 W
1788686708.395216119,0 %, 1690 MHz, 40, 6.86 W
1788686708.494839979,0 %, 1690 MHz, 40, 6.86 W
1788686708.595910655,0 %, 1690 MHz, 40, 6.86 W
1788686708.695882738,0 %, 1690 MHz, 40, 6.86 W
1788686708.796265350,0 %, 1690 MHz, 40, 6.85 W
1788686708.895917449,0 %, 1690 MHz, 40, 6.85 W
1788686708.996194125,0 %, 1690 MHz, 40, 6.85 W
1788686709.097343601,0 %, 1690 MHz, 40, 6.85 W
1788686709.197319812,0 %, 1690 MHz, 40, 6.85 W
1788686709.297884200,0 %, 1690 MHz, 40, 6.85 W
1788686709.397283691,0 %, 1690 MHz, 40, 6.85 W
1788686709.496931215,0 %, 1690 MHz, 40, 6.85 W
1788686709.598239331,0 %, 1690 MHz, 40, 6.85 W
1788686709.697860486,0 %, 1690 MHz, 40, 6.85 W
1788686709.798059034,0 %, 1690 MHz, 40, 6.84 W
1788686709.898363741,0 %, 1690 MHz, 40, 6.84 W
1788686709.998631601,0 %, 1690 MHz, 40, 6.84 W
1788686710.097889476,0 %, 1690 MHz, 40, 6.84 W
1788686710.198291832,0 %, 1690 MHz, 40, 6.84 W
1788686710.299041068,0 %, 1690 MHz, 40, 6.88 W
1788686710.399342127,0 %, 1690 MHz, 40, 6.88 W
1788686710.499233139,0 %, 1690 MHz, 40, 6.88 W
1788686710.600225014,0 %, 1690 MHz, 40, 6.88 W
1788686710.700470650,0 %, 1690 MHz, 40, 6.88 W
1788686710.800638590,0 %, 1690 MHz, 40, 7.11 W
1788686710.901114385,0 %, 1690 MHz, 40, 7.11 W
1788686711.001582293,0 %, 1690 MHz, 40, 7.11 W
1788686711.101889608,0 %, 1690 MHz, 40, 7.11 W
1788686711.202138556,0 %, 1690 MHz, 40, 7.11 W
1788686711.301805536,0 %, 1690 MHz, 41, 7.28 W
1788686711.402776499,0 %, 1690 MHz, 41, 7.28 W
1788686711.502394375,0 %, 1690 MHz, 41, 7.28 W
1788686711.602709882,0 %, 1690 MHz, 41, 7.28 W
1788686711.703253358,0 %, 1690 MHz, 41, 7.28 W
1788686711.803396306,0 %, 1690 MHz, 41, 7.28 W
1788686711.903682789,0 %, 1690 MHz, 41, 7.28 W
1788686712.004182681,0 %, 1690 MHz, 41, 7.28 W
1788686712.104608204,0 %, 1690 MHz, 41, 7.28 W
1788686712.205252480,0 %, 1690 MHz, 41, 7.28 W
1788686712.305859507,0 %, 1690 MHz, 41, 7.28 W
1788686712.406312695,0 %, 1690 MHz, 41, 7.28 W
1788686712.506223147,0 %, 1690 MHz, 41, 7.28 W
1788686712.606998190,0 %, 1690 MHz, 41, 7.28 W
1788686712.707420450,0 %, 1690 MHz, 41, 7.28 W
1788686712.807879333,0 %, 1690 MHz, 42, 7.28 W
1788686712.908319801,0 %, 1690 MHz, 42, 7.28 W
1788686713.008862876,0 %, 1690 MHz, 42, 7.28 W
1788686713.109295648,0 %, 1690 MHz, 42, 7.28 W
1788686713.209778516,0 %, 1690 MHz, 42, 7.28 W
1788686713.310215655,0 %, 1690 MHz, 42, 7.29 W
1788686713.410498923,0 %, 1690 MHz, 42, 7.29 W
1788686713.510541838,0 %, 1690 MHz, 42, 7.29 W
1788686713.611159970,0 %, 1690 MHz, 42, 7.29 W
1788686713.711390693,0 %, 1690 MHz, 42, 7.29 W
1788686713.811899273,0 %, 1690 MHz, 42, 7.29 W
1788686713.912109453,0 %, 1690 MHz, 42, 7.29 W
1788686714.012644512,0 %, 1690 MHz, 42, 7.29 W
1788686714.112907780,0 %, 1690 MHz, 42, 7.29 W
1788686714.213519607,0 %, 1690 MHz, 42, 7.29 W
1788686714.313945355,0 %, 1690 MHz, 43, 7.29 W
1788686714.414255726,0 %, 1690 MHz, 43, 7.29 W
1788686714.514356610,0 %, 1690 MHz, 43, 7.29 W
1788686714.614849894,0 %, 1690 MHz, 43, 7.29 W
1788686714.715266649,0 %, 1690 MHz, 43, 7.29 W
1788686714.815729405,0 %, 1690 MHz, 43, 7.34 W
1788686714.916190608,0 %, 1690 MHz, 43, 7.34 W
1788686715.016722180,0 %, 1690 MHz, 43, 7.34 W
1788686715.117149319,0 %, 1690 MHz, 43, 7.34 W
1788686715.217593307,0 %, 1690 MHz, 43, 7.34 W
1788686715.317731870,0 %, 1690 MHz, 43, 7.38 W
1788686715.418271586,0 %, 1690 MHz, 43, 7.38 W
1788686715.518282261,0 %, 1690 MHz, 43, 7.38 W
1788686715.618946153,0 %, 1690 MHz, 43, 7.38 W
1788686715.719422237,0 %, 1690 MHz, 43, 7.38 W
1788686715.819916704,0 %, 1690 MHz, 43, 7.38 W
1788686715.920413028,0 %, 1690 MHz, 43, 7.38 W
1788686716.021012087,0 %, 1690 MHz, 43, 7.38 W
1788686716.121272059,0 %, 1690 MHz, 43, 7.38 W
1788686716.221846846,0 %, 1690 MHz, 43, 7.38 W
1788686716.321814738,0 %, 1690 MHz, 44, 7.40 W
1788686716.422526613,0 %, 1690 MHz, 44, 7.40 W
1788686716.522453769,0 %, 1690 MHz, 44, 7.40 W
1788686716.623197053,0 %, 1690 MHz, 44, 7.40 W
1788686716.723474144,0 %, 1690 MHz, 44, 7.40 W
1788686716.823952484,0 %, 1690 MHz, 44, 7.44 W
1788686716.924580087,0 %, 1690 MHz, 44, 7.44 W
1788686717.024852043,0 %, 1690 MHz, 44, 7.44 W
1788686717.125042878,0 %, 1690 MHz, 44, 7.44 W
1788686717.225497618,0 %, 1690 MHz, 44, 7.44 W
1788686717.325965205,0 %, 1690 MHz, 44, 7.43 W
1788686717.426458953,0 %, 1690 MHz, 44, 7.43 W
1788686717.526391324,0 %, 1690 MHz, 44, 7.43 W
1788686717.627142192,0 %, 1690 MHz, 44, 7.43 W
1788686717.727647828,0 %, 1690 MHz, 44, 7.43 W
1788686717.828287223,0 %, 1690 MHz, 44, 7.43 W
1788686717.928579931,0 %, 1690 MHz, 44, 7.43 W
1788686718.029002926,0 %, 1690 MHz, 44, 7.43 W
1788686718.129419906,0 %, 1690 MHz, 44, 7.43 W
1788686718.229871285,0 %, 1690 MHz, 44, 7.43 W
1788686718.330331609,0 %, 1690 MHz, 45, 7.46 W
1788686718.430871180,0 %, 1690 MHz, 45, 7.46 W
1788686718.530966544,0 %, 1690 MHz, 45, 7.46 W
1788686718.631550531,0 %, 1690 MHz, 45, 7.46 W
1788686718.731890631,0 %, 1690 MHz, 45, 7.46 W
1788686718.832455482,0 %, 1690 MHz, 45, 7.47 W
1788686718.932939214,0 %, 1690 MHz, 45, 7.47 W
1788686719.033133441,0 %, 1690 MHz, 45, 7.47 W
1788686719.133565461,0 %, 1690 MHz, 45, 7.47 W
1788686719.234036648,0 %, 1690 MHz, 45, 7.47 W
1788686719.334454252,0 %, 1690 MHz, 45, 7.48 W
1788686719.434897040,0 %, 1690 MHz, 45, 7.48 W
1788686719.534844531,0 %, 1690 MHz, 45, 7.48 W
1788686719.635408231,0 %, 1690 MHz, 45, 7.48 W
1788686719.735656106,0 %, 1690 MHz, 45, 7.48 W
1788686719.836087118,0 %, 1690 MHz, 45, 7.50 W
1788686719.936554049,0 %, 1690 MHz, 45, 7.50 W
1788686720.037082277,0 %, 1690 MHz, 45, 7.50 W
1788686720.137238920,0 %, 1690 MHz, 45, 7.50 W
1788686720.238102636,0 %, 1690 MHz, 45, 7.50 W
1788686720.337998671,0 %, 1690 MHz, 45, 7.52 W
1788686720.438455859,0 %, 1690 MHz, 45, 7.52 W
1788686720.538438662,0 %, 1690 MHz, 45, 7.52 W
1788686720.638976378,0 %, 1690 MHz, 45, 7.52 W
1788686720.739417565,0 %, 1690 MHz, 45, 7.52 W
1788686720.839836881,0 %, 1690 MHz, 46, 7.53 W
1788686720.940299476,0 %, 1690 MHz, 46, 7.53 W
1788686721.040843160,0 %, 1690 MHz, 46, 7.53 W
1788686721.140836171,0 %, 1690 MHz, 46, 7.53 W
1788686721.241388399,0 %, 1690 MHz, 46, 7.53 W
1788686721.341855330,0 %, 1690 MHz, 46, 7.55 W
1788686721.442390950,0 %, 1690 MHz, 46, 7.55 W
1788686721.542247241,0 %, 1690 MHz, 46, 7.55 W
1788686721.642961213,0 %, 1690 MHz, 46, 7.55 W
1788686721.743449136,0 %, 1690 MHz, 46, 7.55 W
1788686721.843915924,0 %, 1690 MHz, 46, 7.57 W
1788686721.944109991,0 %, 1690 MHz, 46, 7.57 W
1788686722.044636699,0 %, 1690 MHz, 46, 7.57 W
1788686722.145077006,0 %, 1690 MHz, 46, 7.57 W
1788686722.245415346,0 %, 1690 MHz, 46, 7.57 W
1788686722.345896917,0 %, 1690 MHz, 46, 7.57 W
1788686722.446372793,0 %, 1690 MHz, 46, 7.57 W
1788686722.546336124,0 %, 1690 MHz, 46, 7.57 W
1788686722.647072768,0 %, 1690 MHz, 46, 7.57 W
1788686722.747584835,0 %, 1690 MHz, 46, 7.57 W
1788686722.848055383,0 %, 1690 MHz, 46, 7.58 W
1788686722.948554698,0 %, 1690 MHz, 46, 7.58 W
1788686723.048989422,0 %, 1690 MHz, 46, 7.58 W
1788686723.149449489,0 %, 1690 MHz, 46, 7.58 W
1788686723.250043157,0 %, 1690 MHz, 46, 7.58 W
1788686723.350429064,0 %, 1690 MHz, 46, 7.60 W
1788686723.450881452,0 %, 1690 MHz, 46, 7.60 W
1788686723.551016943,0 %, 1690 MHz, 46, 7.60 W
