1788702462.508009869,0 %, 2411 MHz, 47, 12.71 W
1788702462.610088611,0 %, 2411 MHz, 47, 12.71 W
1788702462.710944818,0 %, 2411 MHz, 47, 12.73 W
1788702462.811745206,0 %, 2411 MHz, 47, 12.73 W
1788702462.912717014,0 %, 2411 MHz, 47, 12.73 W
1788702463.013180469,0 %, 2411 MHz, 47, 12.73 W
1788702463.114147863,0 %, 2411 MHz, 47, 12.73 W
1788702463.214073095,0 %, 2411 MHz, 47, 12.74 W
1788702463.315212777,0 %, 2411 MHz, 47, 12.74 W
1788702463.417424527,0 %, 2411 MHz, 47, 12.74 W
1788702463.516432588,0 %, 2411 MHz, 47, 12.74 W
1788702463.618011696,0 %, 2411 MHz, 47, 12.74 W
1788702463.718418319,0 %, 2411 MHz, 47, 12.75 W
1788702463.820128164,0 %, 2411 MHz, 47, 12.75 W
1788702463.919933698,0 %, 2411 MHz, 47, 12.75 W
1788702464.020975812,0 %, 2411 MHz, 47, 12.75 W
1788702464.120681252,0 %, 2411 MHz, 47, 12.75 W
1788702464.220441556,0 %, 2411 MHz, 46, 12.76 W
1788702464.320356756,0 %, 2411 MHz, 46, 12.76 W
1788702464.420239172,0 %, 2411 MHz, 46, 12.76 W
1788702464.521803543,0 %, 2411 MHz, 46, 12.76 W
1788702464.622235768,0 %, 2411 MHz, 46, 12.76 W
1788702464.722876362,0 %, 2411 MHz, 46, 12.67 W
1788702464.823729451,0 %, 2411 MHz, 46, 12.67 W
1788702464.924104588,0 %, 2411 MHz, 46, 12.67 W
1788702465.024997694,0 %, 2411 MHz, 46, 12.67 W
1788702465.125888800,0 %, 2411 MHz, 46, 12.67 W
1788702465.226617346,0 %, 2411 MHz, 46, 12.64 W
1788702465.327924516,0 %, 2411 MHz, 46, 12.64 W
1788702465.428244853,0 %, 2411 MHz, 46, 12.64 W
1788702465.529049335,0 %, 2411 MHz, 46, 12.64 W
1788702465.629512312,0 %, 2411 MHz, 46, 12.64 W
1788702465.730381706,1 %, 2411 MHz, 46, 12.65 W
1788702465.830981420,1 %, 2411 MHz, 46, 12.65 W
1788702465.931854814,1 %, 2411 MHz, 46, 12.65 W
1788702466.032370143,1 %, 2411 MHz, 46, 12.65 W
1788702466.133210433,1 %, 2411 MHz, 46, 12.65 W
1788702466.234208835,1 %, 2411 MHz, 46, 12.63 W
1788702466.334582997,1 %, 2411 MHz, 46, 12.63 W
1788702466.436211096,1 %, 2411 MHz, 46, 12.63 W
1788702466.536102841,1 %, 2411 MHz, 46, 12.63 W
1788702466.637115035,1 %, 2411 MHz, 46, 12.63 W
1788702466.737990749,2 %, 2411 MHz, 46, 12.66 W
1788702466.838889263,2 %, 2411 MHz, 46, 12.66 W
1788702466.939492129,2 %, 2411 MHz, 46, 12.66 W
1788702467.040014002,2 %, 2411 MHz, 46, 12.66 W
1788702467.140428068,2 %, 2411 MHz, 46, 12.66 W
1788702467.241268118,2 %, 2411 MHz, 46, 12.94 W
1788702467.342242120,2 %, 2411 MHz, 46, 12.94 W
1788702467.442795962,2 %, 2411 MHz, 46, 12.94 W
1788702467.543752908,2 %, 2411 MHz, 46, 12.94 W
1788702467.644272606,2 %, 2411 MHz, 46, 12.94 W
1788702467.745545745,0 %, 2411 MHz, 46, 12.86 W
1788702467.846150787,0 %, 2411 MHz, 46, 12.86 W
1788702467.946533860,0 %, 2411 MHz, 46, 12.86 W
1788702468.047128630,0 %, 2411 MHz, 46, 12.86 W
1788702468.148001752,0 %, 2411 MHz, 46, 12.86 W
1788702468.248938475,0 %, 2411 MHz, 46, 12.56 W
1788702468.349525869,0 %, 2411 MHz, 46, 12.56 W
1788702468.450440255,0 %, 2411 MHz, 46, 12.56 W
1788702468.551025921,0 %, 2411 MHz, 46, 12.56 W
1788702468.651861043,0 %, 2411 MHz, 46, 12.56 W
1788702468.752459365,0 %, 2411 MHz, 46, 12.55 W
1788702468.853273112,0 %, 2411 MHz, 46, 12.55 W
1788702468.954261306,0 %, 2411 MHz, 46, 12.55 W
1788702469.054797740,0 %, 2411 MHz, 46, 12.55 W
1788702469.155776159,0 %, 2411 MHz, 46, 12.55 W
1788702469.256273649,0 %, 2411 MHz, 46, 12.57 W
1788702469.357203235,0 %, 2411 MHz, 46, 12.57 W
1788702469.457773397,0 %, 2411 MHz, 46, 12.57 W
1788702469.558845320,0 %, 2411 MHz, 46, 12.57 W
1788702469.659725051,0 %, 2411 MHz, 46, 12.57 W
1788702469.759833740,0 %, 2411 MHz, 46, 12.59 W
1788702469.860443438,0 %, 2411 MHz, 46, 12.59 W
1788702469.961287313,0 %, 2411 MHz, 46, 12.59 W
1788702470.062257299,0 %, 2411 MHz, 46, 12.59 W
1788702470.162828965,0 %, 2411 MHz, 46, 12.59 W
1788702470.263779480,0 %, 2411 MHz, 46, 12.59 W
1788702470.364320986,0 %, 2411 MHz, 46, 12.59 W
1788702470.465224925,0 %, 2411 MHz, 46, 12.59 W
1788702470.565806351,0 %, 2411 MHz, 46, 12.59 W
1788702470.666597586,0 %, 2411 MHz, 46, 12.59 W
1788702470.767620693,0 %, 2411 MHz, 46, 12.58 W
1788702470.868191303,0 %, 2411 MHz, 46, 12.58 W
1788702470.969095482,0 %, 2411 MHz, 46, 12.58 W
1788702471.069682220,0 %, 2411 MHz, 46, 12.58 W
1788702471.170588671,0 %, 2411 MHz, 46, 12.58 W
1788702471.271525970,0 %, 2411 MHz, 46, 12.59 W
1788702471.372109684,0 %, 2411 MHz, 46, 12.59 W
1788702471.473016535,0 %, 2411 MHz, 46, 12.59 W
1788702471.573573353,0 %, 2411 MHz, 46, 12.59 W
1788702471.674803181,0 %, 2411 MHz, 46, 12.59 W
1788702471.775040127,0 %, 2411 MHz, 46, 12.61 W
1788702471.875956722,0 %, 2411 MHz, 46, 12.61 W
1788702471.976819988,0 %, 2411 MHz, 46, 12.61 W
1788702472.077101046,0 %, 2411 MHz, 46, 12.61 W
1788702472.177647801,0 %, 2411 MHz, 46, 12.61 W
1788702472.278404972,0 %, 2411 MHz, 46, 12.62 W
1788702472.379004926,0 %, 2411 MHz, 46, 12.62 W
1788702472.479954865,0 %, 2411 MHz, 46, 12.62 W
1788702472.580505988,0 %, 2411 MHz, 46, 12.62 W
1788702472.681376039,0 %, 2411 MHz, 46, 12.62 W
1788702472.782016857,0 %, 2411 MHz, 45, 12.60 W
1788702472.882806156,0 %, 2411 MHz, 45, 12.60 W
1788702472.983832239,0 %, 2411 MHz, 45, 12.60 W
1788702473.084331490,0 %, 2411 MHz, 45, 12.60 W
1788702473.185260357,0 %, 2411 MHz, 45, 12.60 W
1788702473.285850824,0 %, 2411 MHz, 45, 12.60 W
1788702473.386730571,0 %, 2411 MHz, 45, 12.60 W
1788702473.487681838,0 %, 2411 MHz, 45, 12.60 W
1788702473.588274193,0 %, 2411 MHz, 45, 12.60 W
1788702473.689720661,0 %, 2411 MHz, 45, 12.60 W
1788702473.789721367,0 %, 2411 MHz, 45, 12.59 W
1788702473.890611130,0 %, 2411 MHz, 45, 12.59 W
1788702473.991151932,0 %, 2411 MHz, 45, 12.59 W
1788702474.092070528,0 %, 2411 MHz, 45, 12.59 W
1788702474.193024723,0 %, 2411 MHz, 45, 12.59 W
1788702474.293568646,0 %, 2411 MHz, 45, 12.56 W
1788702474.394496169,0 %, 2411 MHz, 45, 12.56 W
1788702474.495070972,0 %, 2411 MHz, 45, 12.56 W
1788702474.596015167,0 %, 2411 MHz, 45, 12.56 W
1788702474.696640962,0 %, 2411 MHz, 45, 12.56 W
1788702474.797648406,0 %, 2411 MHz, 45, 12.57 W
1788702474.898391065,0 %, 2411 MHz, 45, 12.57 W
1788702474.998925724,0 %, 2411 MHz, 45, 12.57 W
1788702475.099870831,0 %, 2411 MHz, 45, 12.57 W
1788702475.200406418,0 %, 2411 MHz, 45, 12.57 W
1788702475.301309829,0 %, 2411 MHz, 45, 12.61 W
1788702475.401907624,0 %, 2411 MHz, 45, 12.61 W
1788702475.502751564,0 %, 2411 MHz, 45, 12.61 W
1788702475.603722047,0 %, 2411 MHz, 45, 12.61 W
1788702475.704434371,0 %, 2411 MHz, 45, 12.59 W
1788702475.804517237,0 %, 2411 MHz, 45, 12.59 W
1788702475.905822969,0 %, 2411 MHz, 45, 12.59 W
1788702476.005831291,0 %, 2411 MHz, 45, 12.59 W
1788702476.106753918,0 %, 2411 MHz, 45, 12.59 W
1788702476.207357698,0 %, 2411 MHz, 45, 12.54 W
1788702476.308221045,0 %, 2411 MHz, 45, 12.54 W
1788702476.409204233,0 %, 2411 MHz, 45, 12.54 W
1788702476.509561884,0 %, 2411 MHz, 45, 12.54 W
1788702476.610167359,0 %, 2411 MHz, 45, 12.54 W
1788702476.710998466,0 %, 2411 MHz, 45, 12.53 W
1788702476.811613014,0 %, 2411 MHz, 45, 12.53 W
1788702476.912305145,0 %, 2411 MHz, 45, 12.53 W
1788702477.013289341,0 %, 2411 MHz, 45, 12.53 W
1788702477.113831072,0 %, 2411 MHz, 45, 12.53 W
1788702477.214716355,0 %, 2411 MHz, 45, 12.53 W
1788702477.315261031,0 %, 2411 MHz, 45, 12.53 W
1788702477.416183850,0 %, 2411 MHz, 45, 12.53 W
1788702477.516756766,0 %, 2411 MHz, 45, 12.53 W
1788702477.617600513,0 %, 2411 MHz, 45, 12.53 W
1788702477.718674917,0 %, 2411 MHz, 45, 12.54 W
1788702477.819048280,0 %, 2411 MHz, 45, 12.54 W
1788702477.919821420,0 %, 2411 MHz, 45, 12.54 W
1788702478.020327727,0 %, 2411 MHz, 45, 12.54 W
1788702478.120966979,0 %, 2411 MHz, 45, 12.54 W
1788702478.221837286,0 %, 2411 MHz, 45, 12.56 W
1788702478.322781642,0 %, 2411 MHz, 45, 12.56 W
1788702478.423328174,0 %, 2411 MHz, 45, 12.56 W
1788702478.524259042,0 %, 2411 MHz, 45, 12.56 W
1788702478.624857717,0 %, 2411 MHz, 45, 12.56 W
1788702478.725628041,0 %, 2411 MHz, 45, 12.55 W
1788702478.826175580,0 %, 2411 MHz, 45, 12.55 W
1788702478.927062128,0 %, 2411 MHz, 45, 12.55 W
1788702479.027527395,0 %, 2411 MHz, 45, 12.55 W
1788702479.128439911,0 %, 2411 MHz, 45, 12.55 W
1788702479.228985083,0 %, 2411 MHz, 45, 12.51 W
1788702479.329865743,0 %, 2411 MHz, 45, 12.51 W
1788702479.430849491,0 %, 2411 MHz, 45, 12.51 W
1788702479.531432231,0 %, 2411 MHz, 45, 12.51 W
1788702479.632300059,0 %, 2411 MHz, 45, 12.51 W
1788702479.732898526,0 %, 2411 MHz, 45, 12.55 W
1788702479.833768658,0 %, 2411 MHz, 45, 12.55 W
1788702479.934384854,0 %, 2411 MHz, 45, 12.55 W
1788702480.035233882,0 %, 2411 MHz, 45, 12.55 W
1788702480.136171966,0 %, 2411 MHz, 45, 12.55 W
1788702480.236728162,0 %, 2411 MHz, 45, 12.57 W
1788702480.337704374,0 %, 2411 MHz, 45, 12.57 W
1788702480.438229866,0 %, 2411 MHz, 45, 12.57 W
1788702480.539113838,0 %, 2411 MHz, 45, 12.57 W
1788702480.639967362,0 %, 2411 MHz, 45, 12.57 W
1788702480.740843654,0 %, 2411 MHz, 45, 12.56 W
1788702480.841517722,0 %, 2411 MHz, 45, 12.56 W
1788702480.942049214,0 %, 2411 MHz, 45, 12.56 W
1788702481.042965122,0 %, 2411 MHz, 45, 12.56 W
1788702481.143866710,0 %, 2411 MHz, 45, 12.56 W
1788702481.244458026,0 %, 2411 MHz, 45, 12.58 W
1788702481.345391343,0 %, 2411 MHz, 45, 12.58 W
1788702481.445962291,0 %, 2411 MHz, 45, 12.58 W
1788702481.546885639,0 %, 2411 MHz, 45, 12.58 W
1788702481.647443627,0 %, 2411 MHz, 45, 12.58 W
1788702481.748330575,0 %, 2411 MHz, 45, 12.57 W
1788702481.848910355,0 %, 2411 MHz, 45, 12.57 W
1788702481.949775991,0 %, 2411 MHz, 45, 12.57 W
1788702482.050779116,0 %, 2411 MHz, 45, 12.57 W
1788702482.151292784,0 %, 2411 MHz, 45, 12.57 W
1788702482.252249908,0 %, 2411 MHz, 45, 12.55 W
1788702482.352804904,0 %, 2411 MHz, 45, 12.55 W
1788702482.453707597,0 %, 2411 MHz, 45, 12.55 W
1788702482.554682977,0 %, 2411 MHz, 45, 12.55 W
1788702482.655381926,0 %, 2411 MHz, 45, 12.55 W
1788702482.756138362,0 %, 2411 MHz, 45, 12.51 W
1788702482.856724622,0 %, 2411 MHz, 45, 12.51 W
1788702482.957891747,0 %, 2411 MHz, 45, 12.51 W
1788702483.058156438,0 %, 2411 MHz, 45, 12.51 W
1788702483.159034299,0 %, 2411 MHz, 45, 12.51 W
1788702483.260025632,0 %, 2411 MHz, 45, 12.49 W
1788702483.360528900,0 %, 2411 MHz, 45, 12.49 W
1788702483.461817993,0 %, 2411 MHz, 45, 12.49 W
1788702483.561978717,0 %, 2411 MHz, 45, 12.49 W
1788702483.662924657,0 %, 2411 MHz, 45, 12.49 W
1788702483.763479109,0 %, 2411 MHz, 45, 12.50 W
1788702483.864339274,0 %, 2411 MHz, 45, 12.50 W
1788702483.965313263,0 %, 2411 MHz, 45, 12.50 W
1788702484.065904131,0 %, 2411 MHz, 45, 12.50 W
1788702484.166108103,0 %, 2411 MHz, 45, 12.50 W
1788702484.267033259,0 %, 2411 MHz, 45, 12.54 W
1788702484.366683118,0 %, 2411 MHz, 45, 12.54 W
1788702484.466984706,0 %, 2411 MHz, 45, 12.54 W
1788702484.567058517,0 %, 2411 MHz, 45, 12.54 W
1788702484.667267449,0 %, 2411 MHz, 45, 12.54 W
1788702484.767292893,0 %, 2411 MHz, 45, 12.56 W
1788702484.868272049,0 %, 2411 MHz, 45, 12.56 W
1788702484.968685573,0 %, 2411 MHz, 45, 12.56 W
1788702485.069059721,0 %, 2411 MHz, 45, 12.56 W
1788702485.169806494,0 %, 2411 MHz, 45, 12.56 W
1788702485.270901795,0 %, 2411 MHz, 45, 12.54 W
1788702485.371018439,0 %, 2411 MHz, 45, 12.54 W
1788702485.471361803,0 %, 2411 MHz, 45, 12.54 W
1788702485.572382096,0 %, 2411 MHz, 45, 12.54 W
1788702485.672389700,0 %, 2411 MHz, 45, 12.54 W
1788702485.773193369,0 %, 2411 MHz, 45, 12.53 W
1788702485.873257900,0 %, 2411 MHz, 45, 12.53 W
1788702485.974093441,0 %, 2411 MHz, 45, 12.53 W
1788702486.074597733,0 %, 2411 MHz, 45, 12.53 W
1788702486.175499963,0 %, 2411 MHz, 45, 12.53 W
1788702486.275469358,0 %, 2411 MHz, 45, 12.52 W
1788702486.375728114,0 %, 2411 MHz, 45, 12.52 W
1788702486.476237463,0 %, 2411 MHz, 45, 12.52 W
1788702486.577164348,0 %, 2411 MHz, 45, 12.52 W
1788702486.677053263,0 %, 2411 MHz, 45, 12.52 W
1788702486.777920612,0 %, 2411 MHz, 45, 12.49 W
1788702486.878151784,0 %, 2411 MHz, 45, 12.49 W
1788702486.978311884,0 %, 2411 MHz, 45, 12.49 W
1788702487.079069041,0 %, 2411 MHz, 45, 12.49 W
1788702487.179813718,0 %, 2411 MHz, 45, 12.49 W
1788702487.280280251,0 %, 2411 MHz, 45, 12.48 W
1788702487.380975680,0 %, 2411 MHz, 45, 12.48 W
1788702487.481203204,0 %, 2411 MHz, 45, 12.48 W
1788702487.581991193,0 %, 2411 MHz, 45, 12.48 W
1788702487.682561805,0 %, 2411 MHz, 45, 12.48 W
1788702487.783106178,0 %, 2411 MHz, 45, 12.49 W
1788702487.883534519,0 %, 2411 MHz, 45, 12.49 W
1788702487.984251019,0 %, 2411 MHz, 45, 12.49 W
1788702488.084657616,0 %, 2411 MHz, 45, 12.49 W
1788702488.185119093,0 %, 2411 MHz, 45, 12.49 W
1788702488.285448569,0 %, 2411 MHz, 44, 12.46 W
1788702488.386186574,0 %, 2411 MHz, 44, 12.46 W
1788702488.486290482,0 %, 2411 MHz, 44, 12.46 W
1788702488.587086280,0 %, 2411 MHz, 44, 12.46 W
1788702488.687683404,0 %, 2411 MHz, 44, 12.46 W
1788702488.788403698,0 %, 2411 MHz, 44, 12.45 W
1788702488.888447990,0 %, 2411 MHz, 44, 12.45 W
1788702488.988537770,0 %, 2411 MHz, 44, 12.45 W
1788702489.089195247,0 %, 2411 MHz, 44, 12.45 W
1788702489.189413155,0 %, 2411 MHz, 44, 12.45 W
1788702489.290064600,0 %, 2411 MHz, 44, 12.48 W
1788702489.390893230,0 %, 2411 MHz, 44, 12.48 W
1788702489.490764098,0 %, 2411 MHz, 44, 12.48 W
1788702489.590603349,0 %, 2411 MHz, 44, 12.48 W
1788702489.691491643,0 %, 2411 MHz, 44, 12.48 W
1788702489.791133038,0 %, 2411 MHz, 44, 12.50 W
1788702489.891370899,0 %, 2411 MHz, 44, 12.50 W
1788702489.991562231,0 %, 2411 MHz, 44, 12.50 W
1788702490.092823773,0 %, 2411 MHz, 44, 12.50 W
1788702490.193056914,0 %, 2411 MHz, 44, 12.50 W
1788702490.293477751,0 %, 2411 MHz, 44, 12.52 W
1788702490.394073020,0 %, 2411 MHz, 44, 12.52 W
1788702490.494558177,0 %, 2411 MHz, 44, 12.52 W
1788702490.595201942,0 %, 2411 MHz, 44, 12.52 W
1788702490.695423163,0 %, 2411 MHz, 44, 12.52 W
1788702490.796096528,0 %, 2411 MHz, 44, 12.51 W
1788702490.896761445,0 %, 2411 MHz, 44, 12.51 W
1788702490.997050474,0 %, 2411 MHz, 44, 12.51 W
1788702491.097767616,0 %, 2411 MHz, 44, 12.51 W
1788702491.197759220,0 %, 2411 MHz, 44, 12.51 W
1788702491.298527498,0 %, 2411 MHz, 44, 12.51 W
1788702491.399297439,0 %, 2411 MHz, 44, 12.51 W
1788702491.499060915,0 %, 2411 MHz, 44, 12.51 W
1788702491.600098985,0 %, 2411 MHz, 44, 12.51 W
1788702491.700190222,0 %, 2411 MHz, 44, 12.51 W
1788702491.801030051,0 %, 2411 MHz, 44, 12.49 W
1788702491.901328888,0 %, 2411 MHz, 44, 12.49 W
1788702492.002387038,0 %, 2411 MHz, 44, 12.49 W
1788702492.102551507,0 %, 2411 MHz, 44, 12.49 W
1788702492.203312073,0 %, 2411 MHz, 44, 12.49 W
1788702492.303953470,0 %, 2411 MHz, 44, 12.47 W
1788702492.404099443,0 %, 2411 MHz, 44, 12.47 W
1788702492.504414648,0 %, 2411 MHz, 44, 12.47 W
1788702492.605472350,0 %, 2411 MHz, 44, 12.47 W
1788702492.705760611,0 %, 2411 MHz, 44, 12.47 W
1788702492.806389961,0 %, 2411 MHz, 44, 12.47 W
1788702492.907099198,0 %, 2411 MHz, 44, 12.47 W
1788702493.007241779,0 %, 2411 MHz, 44, 12.47 W
1788702493.108044409,0 %, 2411 MHz, 44, 12.47 W
1788702493.208206494,0 %, 2411 MHz, 44, 12.48 W
1788702493.308910132,0 %, 2411 MHz, 44, 12.48 W
1788702493.409525385,0 %, 2411 MHz, 44, 12.48 W
1788702493.510248975,0 %, 2411 MHz, 44, 12.48 W
1788702493.610410804,0 %, 2411 MHz, 44, 12.48 W
1788702493.711078794,0 %, 2411 MHz, 44, 12.48 W
1788702493.811781232,0 %, 2411 MHz, 44, 12.48 W
1788702493.912507254,0 %, 2411 MHz, 44, 12.48 W
1788702494.012278586,0 %, 2411 MHz, 44, 12.48 W
1788702494.113265312,0 %, 2411 MHz, 44, 12.48 W
1788702494.213157685,0 %, 2411 MHz, 44, 12.48 W
1788702494.313798555,0 %, 2411 MHz, 44, 12.48 W
1788702494.414397552,0 %, 2411 MHz, 44, 12.48 W
1788702494.515135414,0 %, 2411 MHz, 44, 12.48 W
1788702494.615220363,0 %, 2411 MHz, 44, 12.48 W
1788702494.715961073,0 %, 2411 MHz, 44, 12.46 W
1788702494.816654423,0 %, 2411 MHz, 44, 12.46 W
1788702494.916809980,0 %, 2411 MHz, 44, 12.46 W
1788702495.017463106,0 %, 2411 MHz, 44, 12.46 W
1788702495.118218920,0 %, 2411 MHz, 44, 12.46 W
1788702495.218044877,0 %, 2411 MHz, 44, 12.44 W
1788702495.319036563,0 %, 2411 MHz, 44, 12.44 W
1788702495.419772633,0 %, 2411 MHz, 44, 12.44 W
1788702495.519921551,0 %, 2411 MHz, 44, 12.44 W
1788702495.620521109,0 %, 2411 MHz, 44, 12.44 W
1788702495.721392059,0 %, 2411 MHz, 44, 12.45 W
1788702495.821393088,0 %, 2411 MHz, 44, 12.45 W
1788702495.921935878,0 %, 2411 MHz, 44, 12.45 W
1788702496.022965404,0 %, 2411 MHz, 44, 12.45 W
1788702496.123095202,0 %, 2411 MHz, 44, 12.45 W
1788702496.223559895,0 %, 2411 MHz, 44, 12.48 W
1788702496.324464590,0 %, 2411 MHz, 44, 12.48 W
1788702496.424654227,0 %, 2411 MHz, 44, 12.48 W
1788702496.525311433,0 %, 2411 MHz, 44, 12.48 W
1788702496.625510527,0 %, 2411 MHz, 44, 12.48 W
1788702496.726382581,0 %, 2411 MHz, 44, 12.47 W
1788702496.826945531,0 %, 2411 MHz, 44, 12.47 W
1788702496.927642273,0 %, 2411 MHz, 44, 12.47 W
1788702497.027850391,0 %, 2411 MHz, 44, 12.47 W
1788702497.128287341,0 %, 2411 MHz, 44, 12.47 W
1788702497.229096579,0 %, 2411 MHz, 44, 12.46 W
1788702497.329776954,0 %, 2411 MHz, 44, 12.46 W
1788702497.430499280,0 %, 2411 MHz, 44, 12.46 W
1788702497.530870486,0 %, 2411 MHz, 44, 12.46 W
1788702497.631335516,0 %, 2411 MHz, 44, 12.46 W
1788702497.732085186,0 %, 2411 MHz, 44, 12.47 W
1788702497.832249640,0 %, 2411 MHz, 44, 12.47 W
1788702497.932908382,0 %, 2411 MHz, 44, 12.47 W
1788702498.033655909,0 %, 2411 MHz, 44, 12.47 W
1788702498.133832730,0 %, 2411 MHz, 44, 12.47 W
1788702498.234285344,0 %, 2411 MHz, 44, 12.48 W
1788702498.335193223,0 %, 2411 MHz, 44, 12.48 W
1788702498.435344541,0 %, 2411 MHz, 44, 12.48 W
1788702498.536019043,0 %, 2411 MHz, 44, 12.48 W
1788702498.636419753,0 %, 2411 MHz, 44, 12.48 W
1788702498.736931919,0 %, 2411 MHz, 44, 12.47 W
1788702498.837565142,0 %, 2411 MHz, 44, 12.47 W
1788702498.938326076,0 %, 2411 MHz, 44, 12.47 W
1788702499.038470274,0 %, 2411 MHz, 44, 12.47 W
1788702499.139188345,0 %, 2411 MHz, 44, 12.47 W
1788702499.239340366,0 %, 2411 MHz, 44, 12.47 W
1788702499.340035477,0 %, 2411 MHz, 44, 12.47 W
1788702499.440732668,0 %, 2411 MHz, 44, 12.47 W
1788702499.541452722,0 %, 2411 MHz, 44, 12.47 W
1788702499.641604904,0 %, 2411 MHz, 44, 12.47 W
1788702499.742462527,0 %, 2411 MHz, 44, 12.48 W
1788702499.842357380,0 %, 2411 MHz, 44, 12.48 W
1788702499.942826747,0 %, 2411 MHz, 44, 12.48 W
1788702500.043886722,0 %, 2411 MHz, 44, 12.48 W
1788702500.144629177,0 %, 2411 MHz, 44, 12.48 W
1788702500.244626670,0 %, 2411 MHz, 44, 12.48 W
1788702500.345455237,0 %, 2411 MHz, 44, 12.48 W
1788702500.446270972,0 %, 2411 MHz, 44, 12.48 W
1788702500.546296178,0 %, 2411 MHz, 44, 12.48 W
1788702500.647110601,0 %, 2411 MHz, 44, 12.48 W
1788702500.747843920,0 %, 2411 MHz, 44, 12.46 W
1788702500.848022646,0 %, 2411 MHz, 44, 12.46 W
1788702500.948338940,0 %, 2411 MHz, 44, 12.46 W
1788702501.049397635,0 %, 2411 MHz, 44, 12.46 W
1788702501.149558265,0 %, 2411 MHz, 44, 12.46 W
1788702501.250359904,0 %, 2411 MHz, 44, 12.44 W
1788702501.350253366,0 %, 2411 MHz, 44, 12.44 W
1788702501.451079677,0 %, 2411 MHz, 44, 12.44 W
1788702501.551737844,0 %, 2411 MHz, 44, 12.44 W
1788702501.652445467,0 %, 2411 MHz, 44, 12.44 W
1788702501.752612017,0 %, 2411 MHz, 44, 12.44 W
1788702501.852998343,0 %, 2411 MHz, 44, 12.44 W
1788702501.953574974,0 %, 2411 MHz, 44, 12.44 W
1788702502.054277013,0 %, 2411 MHz, 44, 12.44 W
1788702502.154439035,0 %, 2411 MHz, 44, 12.44 W
1788702502.254888578,0 %, 2411 MHz, 44, 12.46 W
1788702502.355874105,0 %, 2411 MHz, 44, 12.46 W
1788702502.456017552,0 %, 2411 MHz, 44, 12.46 W
1788702502.556321222,0 %, 2411 MHz, 44, 12.46 W
1788702502.657370366,0 %, 2411 MHz, 44, 12.46 W
1788702502.757569940,0 %, 2411 MHz, 44, 12.48 W
1788702502.858166443,0 %, 2411 MHz, 44, 12.48 W
1788702502.958936658,0 %, 2411 MHz, 44, 12.48 W
1788702503.059086792,0 %, 2411 MHz, 44, 12.48 W
1788702503.159748511,0 %, 2411 MHz, 44, 12.48 W
1788702503.260182774,0 %, 2411 MHz, 44, 12.46 W
1788702503.360645069,0 %, 2411 MHz, 44, 12.46 W
1788702503.461280836,0 %, 2411 MHz, 44, 12.46 W
1788702503.561733739,0 %, 2411 MHz, 44, 12.46 W
1788702503.662171729,0 %, 2411 MHz, 44, 12.46 W
1788702503.762850297,0 %, 2411 MHz, 44, 12.46 W
1788702503.863559216,0 %, 2411 MHz, 44, 12.46 W
1788702503.963753462,0 %, 2411 MHz, 44, 12.46 W
1788702504.064409358,0 %, 2411 MHz, 44, 12.46 W
1788702504.165136117,0 %, 2411 MHz, 44, 12.46 W
1788702504.265264603,0 %, 2411 MHz, 44, 12.44 W
1788702504.366062019,0 %, 2411 MHz, 44, 12.44 W
1788702504.466175753,0 %, 2411 MHz, 44, 12.44 W
1788702504.566962145,0 %, 2411 MHz, 44, 12.44 W
1788702504.667610056,0 %, 2411 MHz, 44, 12.44 W
1788702504.768315439,0 %, 2411 MHz, 44, 12.45 W
1788702504.868496070,0 %, 2411 MHz, 44, 12.45 W
1788702504.967706859,0 %, 2411 MHz, 44, 12.45 W
1788702505.067894081,0 %, 2411 MHz, 44, 12.45 W
1788702505.169193290,0 %, 2411 MHz, 44, 12.45 W
1788702505.269409856,0 %, 2411 MHz, 44, 12.48 W
1788702505.370451592,0 %, 2411 MHz, 44, 12.48 W
1788702505.470475535,0 %, 2411 MHz, 44, 12.48 W
1788702505.571279734,0 %, 2411 MHz, 44, 12.48 W
1788702505.671331901,0 %, 2411 MHz, 44, 12.48 W
1788702505.772393845,0 %, 2411 MHz, 44, 12.44 W
1788702505.872831548,0 %, 2411 MHz, 44, 12.44 W
1788702505.973521059,0 %, 2411 MHz, 44, 12.44 W
1788702506.074222955,0 %, 2411 MHz, 44, 12.44 W
1788702506.174880435,0 %, 2411 MHz, 44, 12.44 W
1788702506.275050553,0 %, 2411 MHz, 44, 12.41 W
1788702506.375655857,0 %, 2411 MHz, 44, 12.41 W
1788702506.476075656,0 %, 2411 MHz, 44, 12.41 W
1788702506.576507951,0 %, 2411 MHz, 44, 12.41 W
1788702506.677356375,0 %, 2411 MHz, 44, 12.41 W
1788702506.777317069,0 %, 2411 MHz, 44, 12.43 W
1788702506.878077205,0 %, 2411 MHz, 44, 12.43 W
1788702506.977939579,0 %, 2411 MHz, 44, 12.43 W
1788702507.078854787,0 %, 2411 MHz, 44, 12.43 W
1788702507.179366315,0 %, 2411 MHz, 44, 12.43 W
1788702507.280260483,0 %, 2411 MHz, 44, 12.43 W
1788702507.380883467,0 %, 2411 MHz, 44, 12.43 W
1788702507.481678803,0 %, 2411 MHz, 44, 12.43 W
1788702507.582635163,0 %, 2411 MHz, 44, 12.43 W
1788702507.683360003,0 %, 2411 MHz, 44, 12.43 W
1788702507.784141867,0 %, 2411 MHz, 44, 12.41 W
1788702507.884737506,0 %, 2411 MHz, 44, 12.41 W
1788702507.985614826,0 %, 2411 MHz, 44, 12.41 W
1788702508.086088722,0 %, 2411 MHz, 44, 12.41 W
1788702508.186995194,0 %, 2411 MHz, 44, 12.41 W
1788702508.287501138,0 %, 2411 MHz, 44, 12.43 W
1788702508.388342842,0 %, 2411 MHz, 44, 12.43 W
1788702508.489345426,0 %, 2411 MHz, 44, 12.43 W
1788702508.589296233,0 %, 2411 MHz, 44, 12.43 W
1788702508.689552976,0 %, 2411 MHz, 44, 12.43 W
1788702508.789503894,0 %, 2411 MHz, 44, 12.43 W
1788702508.889758014,0 %, 2411 MHz, 44, 12.43 W
1788702508.990864806,0 %, 2411 MHz, 44, 12.43 W
1788702509.091640302,0 %, 2411 MHz, 44, 12.43 W
1788702509.192211846,0 %, 2411 MHz, 44, 12.43 W
1788702509.293085615,0 %, 2411 MHz, 44, 12.46 W
1788702509.393539030,0 %, 2411 MHz, 44, 12.46 W
1788702509.494392607,0 %, 2411 MHz, 44, 12.46 W
1788702509.595375959,0 %, 2411 MHz, 44, 12.46 W
1788702509.695772639,0 %, 2411 MHz, 44, 12.46 W
1788702509.796346694,0 %, 2411 MHz, 44, 12.44 W
1788702509.897194255,0 %, 2411 MHz, 44, 12.44 W
1788702509.998145047,0 %, 2411 MHz, 44, 12.44 W
1788702510.098628847,0 %, 2411 MHz, 44, 12.44 W
1788702510.199549560,0 %, 2411 MHz, 44, 12.44 W
1788702510.300137072,0 %, 2411 MHz, 44, 12.37 W
1788702510.401026840,0 %, 2411 MHz, 44, 12.37 W
1788702510.501564048,0 %, 2411 MHz, 44, 12.37 W
1788702510.602442025,0 %, 2411 MHz, 44, 12.37 W
1788702510.703071553,0 %, 2411 MHz, 44, 12.37 W
1788702510.803879593,0 %, 2411 MHz, 44, 12.36 W
1788702510.904890562,0 %, 2411 MHz, 44, 12.36 W
1788702511.004729256,0 %, 2411 MHz, 44, 12.36 W
1788702511.105573185,0 %, 2411 MHz, 44, 12.36 W
1788702511.206521034,0 %, 2411 MHz, 44, 12.39 W
1788702511.307076578,0 %, 2411 MHz, 44, 12.39 W
1788702511.407840762,0 %, 2411 MHz, 44, 12.39 W
1788702511.508390498,0 %, 2411 MHz, 44, 12.39 W
1788702511.609314235,0 %, 2411 MHz, 44, 12.39 W
1788702511.709959843,0 %, 2411 MHz, 44, 12.41 W
1788702511.810775964,0 %, 2411 MHz, 44, 12.41 W
1788702511.911729909,0 %, 2411 MHz, 44, 12.41 W
1788702512.012302125,0 %, 2411 MHz, 44, 12.41 W
1788702512.113217382,0 %, 2411 MHz, 44, 12.41 W
1788702512.213622237,0 %, 2411 MHz, 44, 12.42 W
1788702512.314572278,0 %, 2411 MHz, 44, 12.42 W
1788702512.415136831,0 %, 2411 MHz, 44, 12.42 W
1788702512.516035767,0 %, 2411 MHz, 44, 12.42 W
1788702512.616630048,0 %, 2411 MHz, 44, 12.42 W
1788702512.717471176,0 %, 2411 MHz, 44, 12.43 W
1788702512.818401169,0 %, 2411 MHz, 44, 12.43 W
1788702512.919006250,0 %, 2411 MHz, 44, 12.43 W
1788702513.019824850,0 %, 2411 MHz, 44, 12.43 W
1788702513.120358763,0 %, 2411 MHz, 44, 12.43 W
1788702513.221302964,0 %, 2411 MHz, 44, 12.40 W
1788702513.321905724,0 %, 2411 MHz, 44, 12.40 W
1788702513.422765445,0 %, 2411 MHz, 44, 12.40 W
1788702513.523729822,0 %, 2411 MHz, 44, 12.40 W
1788702513.624309302,0 %, 2411 MHz, 44, 12.40 W
1788702513.725345567,0 %, 2411 MHz, 44, 12.38 W
1788702513.825784616,0 %, 2411 MHz, 44, 12.38 W
1788702513.926683185,0 %, 2411 MHz, 44, 12.38 W
1788702514.027264777,0 %, 2411 MHz, 44, 12.38 W
1788702514.128110930,0 %, 2411 MHz, 44, 12.38 W
1788702514.229068283,0 %, 2411 MHz, 44, 12.38 W
1788702514.329631956,0 %, 2411 MHz, 44, 12.38 W
1788702514.430565421,0 %, 2411 MHz, 44, 12.38 W
1788702514.531151269,0 %, 2411 MHz, 44, 12.38 W
1788702514.632029806,0 %, 2411 MHz, 44, 12.38 W
1788702514.731573013,0 %, 2398 MHz, 43, 12.23 W
1788702514.831919469,0 %, 2398 MHz, 43, 12.23 W
1788702514.932109125,0 %, 2398 MHz, 43, 12.23 W
1788702515.033131263,0 %, 2398 MHz, 43, 12.23 W
1788702515.134013384,0 %, 2398 MHz, 43, 12.23 W
1788702515.234478928,0 %, 2398 MHz, 43, 12.10 W
1788702515.335388889,0 %, 2398 MHz, 43, 12.10 W
1788702515.436318723,0 %, 2398 MHz, 43, 12.10 W
1788702515.536928716,0 %, 2398 MHz, 43, 12.10 W
1788702515.637837205,0 %, 2398 MHz, 43, 12.10 W
1788702515.738384669,0 %, 2398 MHz, 43, 12.10 W
1788702515.839287623,0 %, 2398 MHz, 43, 12.10 W
1788702515.939908783,0 %, 2398 MHz, 43, 12.10 W
1788702516.040714968,0 %, 2398 MHz, 43, 12.10 W
1788702516.141681762,0 %, 2398 MHz, 43, 12.10 W
1788702516.242233163,0 %, 2398 MHz, 43, 12.09 W
1788702516.343146436,0 %, 2398 MHz, 43, 12.09 W
1788702516.443744221,0 %, 2398 MHz, 43, 12.09 W
1788702516.544616166,0 %, 2398 MHz, 43, 12.09 W
1788702516.645541376,0 %, 2398 MHz, 43, 12.09 W
1788702516.745973592,0 %, 2398 MHz, 43, 12.07 W
1788702516.846516337,0 %, 2398 MHz, 43, 12.07 W
1788702516.947382394,0 %, 2398 MHz, 43, 12.07 W
1788702517.048322708,0 %, 2398 MHz, 43, 12.07 W
1788702517.148722412,0 %, 2398 MHz, 43, 12.07 W
1788702517.249279669,0 %, 2398 MHz, 43, 12.08 W
1788702517.350151071,0 %, 2398 MHz, 43, 12.08 W
1788702517.451099640,0 %, 2398 MHz, 43, 12.08 W
1788702517.551669601,0 %, 2398 MHz, 43, 12.08 W
1788702517.652593227,0 %, 2398 MHz, 43, 12.08 W
1788702517.753048051,0 %, 2398 MHz, 43, 12.10 W
1788702517.853842333,0 %, 2398 MHz, 43, 12.10 W
1788702517.954375542,0 %, 2398 MHz, 43, 12.10 W
1788702518.055304991,0 %, 2398 MHz, 43, 12.10 W
1788702518.155921512,0 %, 2398 MHz, 43, 12.10 W
1788702518.256770258,0 %, 2398 MHz, 43, 12.07 W
1788702518.357381067,0 %, 2398 MHz, 43, 12.07 W
1788702518.458230965,0 %, 2398 MHz, 43, 12.07 W
1788702518.559168830,0 %, 2398 MHz, 43, 12.07 W
1788702518.659617991,0 %, 2398 MHz, 43, 12.07 W
1788702518.759716383,0 %, 2398 MHz, 43, 12.05 W
1788702518.860789193,0 %, 2398 MHz, 43, 12.05 W
1788702518.961328274,0 %, 2398 MHz, 43, 12.05 W
1788702519.062259820,0 %, 2398 MHz, 43, 12.05 W
1788702519.162849013,0 %, 2398 MHz, 43, 12.05 W
1788702519.263707615,0 %, 2398 MHz, 43, 12.04 W
1788702519.364661241,0 %, 2398 MHz, 43, 12.04 W
1788702519.465230754,0 %, 2398 MHz, 43, 12.04 W
1788702519.566137436,0 %, 2398 MHz, 43, 12.04 W
1788702519.666747541,0 %, 2398 MHz, 43, 12.04 W
1788702519.767608815,0 %, 2398 MHz, 43, 12.02 W
1788702519.868198776,0 %, 2398 MHz, 43, 12.02 W
1788702519.969071090,0 %, 2398 MHz, 43, 12.02 W
1788702520.070018060,0 %, 2398 MHz, 43, 12.02 W
1788702520.170561717,0 %, 2398 MHz, 43, 12.02 W
1788702520.271515759,0 %, 2398 MHz, 43, 12.06 W
1788702520.372078296,0 %, 2398 MHz, 43, 12.06 W
1788702520.472862674,0 %, 2398 MHz, 43, 12.06 W
1788702520.573381387,0 %, 2398 MHz, 43, 12.06 W
1788702520.674500342,0 %, 2398 MHz, 43, 12.06 W
1788702520.774903423,0 %, 2398 MHz, 43, 12.09 W
1788702520.875738937,0 %, 2398 MHz, 43, 12.09 W
1788702520.976666434,0 %, 2398 MHz, 43, 12.09 W
1788702521.077291980,0 %, 2398 MHz, 43, 12.09 W
1788702521.178172326,0 %, 2398 MHz, 43, 12.09 W
1788702521.278606031,0 %, 2398 MHz, 43, 12.10 W
1788702521.379516057,0 %, 2398 MHz, 43, 12.10 W
1788702521.480108787,0 %, 2398 MHz, 43, 12.10 W
1788702521.581036589,0 %, 2398 MHz, 43, 12.10 W
1788702521.681488214,0 %, 2398 MHz, 43, 12.10 W
1788702521.782364576,0 %, 2398 MHz, 43, 12.11 W
1788702521.883000858,0 %, 2398 MHz, 43, 12.11 W
1788702521.983822452,0 %, 2398 MHz, 43, 12.11 W
1788702522.084767678,0 %, 2398 MHz, 43, 12.11 W
1788702522.185373400,0 %, 2398 MHz, 43, 12.11 W
1788702522.286259474,0 %, 2398 MHz, 43, 12.05 W
1788702522.386141610,0 %, 2398 MHz, 43, 12.05 W
1788702522.487000180,0 %, 2398 MHz, 43, 12.05 W
1788702522.587884110,0 %, 2398 MHz, 43, 12.05 W
1788702522.688486312,0 %, 2398 MHz, 43, 12.05 W
1788702522.789334386,0 %, 2398 MHz, 43, 12.01 W
1788702522.890261852,0 %, 2398 MHz, 43, 12.01 W
1788702522.990674118,0 %, 2398 MHz, 43, 12.01 W
1788702523.091722176,0 %, 2398 MHz, 43, 12.01 W
1788702523.192266234,0 %, 2398 MHz, 43, 12.01 W
1788702523.293182484,0 %, 2398 MHz, 43, 12.06 W
1788702523.393615278,0 %, 2398 MHz, 43, 12.06 W
1788702523.494505128,0 %, 2398 MHz, 43, 12.06 W
1788702523.595105490,0 %, 2398 MHz, 43, 12.06 W
1788702523.696014156,0 %, 2398 MHz, 43, 12.06 W
1788702523.796465686,0 %, 2398 MHz, 43, 12.12 W
1788702523.897360032,0 %, 2398 MHz, 43, 12.12 W
1788702523.997984234,0 %, 2398 MHz, 43, 12.12 W
1788702524.098790020,0 %, 2398 MHz, 43, 12.12 W
1788702524.199733087,0 %, 2398 MHz, 43, 12.12 W
1788702524.300331481,0 %, 2398 MHz, 43, 12.13 W
1788702524.401232227,0 %, 2398 MHz, 43, 12.13 W
1788702524.501676045,0 %, 2398 MHz, 43, 12.13 W
1788702524.602563287,0 %, 2398 MHz, 43, 12.13 W
1788702524.703181153,0 %, 2398 MHz, 43, 12.13 W
1788702524.804069468,0 %, 2398 MHz, 43, 12.10 W
1788702524.904659382,0 %, 2398 MHz, 43, 12.10 W
1788702525.005477408,0 %, 2398 MHz, 43, 12.10 W
1788702525.106395115,0 %, 2398 MHz, 43, 12.10 W
1788702525.206627732,0 %, 2398 MHz, 43, 12.08 W
1788702525.306228220,0 %, 2398 MHz, 43, 12.08 W
1788702525.406336918,0 %, 2398 MHz, 43, 12.08 W
1788702525.508039666,0 %, 2398 MHz, 43, 12.08 W
1788702525.608318731,0 %, 2398 MHz, 43, 12.08 W
1788702525.708940981,0 %, 2398 MHz, 43, 12.05 W
1788702525.809665472,0 %, 2398 MHz, 43, 12.05 W
1788702525.910243114,0 %, 2398 MHz, 43, 12.05 W
1788702526.011134996,0 %, 2398 MHz, 43, 12.05 W
1788702526.111711214,0 %, 2398 MHz, 43, 12.05 W
1788702526.212570537,0 %, 2398 MHz, 43, 12.03 W
1788702526.314253653,0 %, 2398 MHz, 43, 12.03 W
1788702526.414051438,0 %, 2398 MHz, 43, 12.03 W
1788702526.515058329,0 %, 2398 MHz, 43, 12.03 W
1788702526.615597875,0 %, 2398 MHz, 43, 12.03 W
1788702526.716785422,0 %, 2398 MHz, 43, 12.03 W
1788702526.817026520,0 %, 2398 MHz, 43, 12.03 W
1788702526.917910882,0 %, 2398 MHz, 43, 12.03 W
1788702527.018785165,0 %, 2398 MHz, 43, 12.03 W
1788702527.119240263,0 %, 2398 MHz, 43, 12.03 W
1788702527.220218290,0 %, 2398 MHz, 43, 12.03 W
1788702527.320751276,0 %, 2398 MHz, 43, 12.03 W
1788702527.421632967,0 %, 2398 MHz, 43, 12.03 W
1788702527.522153473,0 %, 2398 MHz, 43, 12.03 W
1788702527.623128220,0 %, 2398 MHz, 43, 12.03 W
1788702527.723708471,0 %, 2398 MHz, 43, 12.05 W
1788702527.824557985,0 %, 2398 MHz, 43, 12.05 W
1788702527.925012811,0 %, 2398 MHz, 43, 12.05 W
1788702528.025904934,0 %, 2398 MHz, 43, 12.05 W
1788702528.126782273,0 %, 2398 MHz, 43, 12.05 W
1788702528.227285836,0 %, 2398 MHz, 43, 12.08 W
1788702528.327860646,0 %, 2398 MHz, 43, 12.08 W
1788702528.428723969,0 %, 2398 MHz, 43, 12.08 W
1788702528.529676332,0 %, 2398 MHz, 43, 12.08 W
1788702528.630244198,0 %, 2398 MHz, 43, 12.08 W
1788702528.731937411,0 %, 2398 MHz, 43, 12.06 W
1788702528.831721052,0 %, 2398 MHz, 43, 12.06 W
1788702528.932628519,0 %, 2398 MHz, 43, 12.06 W
1788702529.033194337,0 %, 2398 MHz, 43, 12.06 W
1788702529.134028764,0 %, 2398 MHz, 43, 12.06 W
1788702529.235050984,0 %, 2398 MHz, 43, 12.08 W
1788702529.335429058,0 %, 2398 MHz, 43, 12.08 W
1788702529.436584366,0 %, 2398 MHz, 43, 12.08 W
1788702529.536949144,0 %, 2398 MHz, 43, 12.08 W
1788702529.637920339,0 %, 2398 MHz, 43, 12.08 W
1788702529.738791374,0 %, 2398 MHz, 43, 12.10 W
1788702529.839274216,0 %, 2398 MHz, 43, 12.10 W
1788702529.939878147,0 %, 2398 MHz, 43, 12.10 W
1788702530.040741790,0 %, 2398 MHz, 43, 12.10 W
1788702530.141715578,0 %, 2398 MHz, 43, 12.10 W
1788702530.242244356,0 %, 2398 MHz, 43, 12.10 W
1788702530.343187760,0 %, 2398 MHz, 43, 12.10 W
1788702530.443770170,0 %, 2398 MHz, 43, 12.10 W
1788702530.544576405,0 %, 2398 MHz, 43, 12.10 W
1788702530.645167152,0 %, 2398 MHz, 43, 12.10 W
1788702530.746017931,0 %, 2398 MHz, 43, 12.09 W
1788702530.846786294,0 %, 2398 MHz, 43, 12.09 W
1788702530.947385937,0 %, 2398 MHz, 43, 12.09 W
1788702531.047918428,0 %, 2398 MHz, 43, 12.09 W
1788702531.148813767,0 %, 2398 MHz, 43, 12.09 W
1788702531.249328850,0 %, 2398 MHz, 43, 12.10 W
1788702531.350164557,0 %, 2398 MHz, 43, 12.10 W
1788702531.451153081,0 %, 2398 MHz, 43, 12.10 W
1788702531.551754052,0 %, 2398 MHz, 43, 12.10 W
1788702531.652636895,0 %, 2398 MHz, 43, 12.10 W
1788702531.753204794,0 %, 2398 MHz, 43, 12.09 W
1788702531.854056789,0 %, 2398 MHz, 43, 12.09 W
1788702531.954675296,0 %, 2398 MHz, 43, 12.09 W
1788702532.055531403,0 %, 2398 MHz, 43, 12.09 W
1788702532.156791431,0 %, 2398 MHz, 43, 12.09 W
1788702532.257023890,0 %, 2398 MHz, 43, 12.07 W
1788702532.357988381,0 %, 2398 MHz, 43, 12.07 W
1788702532.458422712,0 %, 2398 MHz, 43, 12.07 W
1788702532.559337076,0 %, 2398 MHz, 43, 12.07 W
1788702532.659903903,0 %, 2398 MHz, 43, 12.07 W
1788702532.760815706,0 %, 2398 MHz, 43, 12.07 W
1788702532.861783670,0 %, 2398 MHz, 43, 12.07 W
1788702532.962304241,0 %, 2398 MHz, 43, 12.07 W
1788702533.063256332,0 %, 2398 MHz, 43, 12.07 W
1788702533.163799031,0 %, 2398 MHz, 43, 12.07 W
1788702533.264627971,0 %, 2398 MHz, 43, 12.07 W
1788702533.365174910,0 %, 2398 MHz, 43, 12.07 W
1788702533.466077098,0 %, 2398 MHz, 43, 12.07 W
1788702533.566523301,0 %, 2398 MHz, 43, 12.07 W
1788702533.667779745,0 %, 2398 MHz, 43, 12.07 W
1788702533.768002443,0 %, 2398 MHz, 43, 12.05 W
1788702533.868901511,0 %, 2398 MHz, 43, 12.05 W
1788702533.969348642,0 %, 2398 MHz, 43, 12.05 W
1788702534.070252830,0 %, 2398 MHz, 43, 12.05 W
1788702534.170862649,0 %, 2398 MHz, 43, 12.05 W
1788702534.271657621,0 %, 2398 MHz, 43, 12.05 W
1788702534.372628384,0 %, 2398 MHz, 43, 12.05 W
1788702534.473191724,0 %, 2398 MHz, 43, 12.05 W
1788702534.574093207,0 %, 2398 MHz, 43, 12.05 W
1788702534.674722083,0 %, 2398 MHz, 43, 12.05 W
1788702534.775603599,0 %, 2398 MHz, 43, 12.05 W
1788702534.876558890,0 %, 2398 MHz, 43, 12.05 W
1788702534.977279734,0 %, 2398 MHz, 43, 12.05 W
1788702535.077529537,0 %, 2398 MHz, 43, 12.05 W
1788702535.178795213,0 %, 2398 MHz, 43, 12.05 W
1788702535.279318617,0 %, 2398 MHz, 43, 12.05 W
1788702535.379877460,0 %, 2398 MHz, 43, 12.05 W
1788702535.480787440,0 %, 2398 MHz, 43, 12.05 W
1788702535.581358523,0 %, 2398 MHz, 43, 12.05 W
1788702535.682260583,0 %, 2398 MHz, 43, 12.05 W
1788702535.783276339,0 %, 2398 MHz, 43, 12.04 W
1788702535.883792958,0 %, 2398 MHz, 43, 12.04 W
1788702535.984705658,0 %, 2398 MHz, 43, 12.04 W
1788702536.085267638,0 %, 2398 MHz, 43, 12.04 W
1788702536.186145922,0 %, 2398 MHz, 43, 12.04 W
1788702536.286783102,0 %, 2398 MHz, 43, 12.08 W
1788702536.387558649,0 %, 2398 MHz, 43, 12.08 W
1788702536.488106869,0 %, 2398 MHz, 43, 12.08 W
1788702536.588976609,0 %, 2398 MHz, 43, 12.08 W
1788702536.689448028,0 %, 2398 MHz, 43, 12.08 W
1788702536.790303160,0 %, 2398 MHz, 43, 12.10 W
1788702536.890747651,0 %, 2398 MHz, 43, 12.10 W
1788702536.991721968,0 %, 2398 MHz, 43, 12.10 W
1788702537.092263547,0 %, 2398 MHz, 43, 12.10 W
1788702537.193123367,0 %, 2398 MHz, 43, 12.10 W
1788702537.294112164,0 %, 2398 MHz, 43, 12.09 W
1788702537.394522239,0 %, 2398 MHz, 43, 12.09 W
1788702537.495416555,0 %, 2398 MHz, 43, 12.09 W
1788702537.595986855,0 %, 2398 MHz, 43, 12.09 W
1788702537.696916723,0 %, 2398 MHz, 43, 12.09 W
1788702537.797518927,0 %, 2398 MHz, 43, 12.10 W
1788702537.898444107,0 %, 2398 MHz, 43, 12.10 W
1788702537.998928262,0 %, 2398 MHz, 43, 12.10 W
1788702538.099827923,0 %, 2398 MHz, 43, 12.10 W
1788702538.200328046,0 %, 2398 MHz, 43, 12.10 W
1788702538.301190011,0 %, 2398 MHz, 43, 12.09 W
1788702538.402157783,0 %, 2398 MHz, 43, 12.09 W
1788702538.502584115,0 %, 2398 MHz, 43, 12.09 W
1788702538.603076862,0 %, 2398 MHz, 43, 12.09 W
1788702538.703979403,0 %, 2398 MHz, 43, 12.09 W
1788702538.804971991,0 %, 2398 MHz, 43, 12.09 W
1788702538.905829971,0 %, 2398 MHz, 43, 12.09 W
1788702539.006781952,0 %, 2398 MHz, 43, 12.09 W
1788702539.106974875,0 %, 2398 MHz, 43, 12.09 W
1788702539.207855991,0 %, 2398 MHz, 43, 12.09 W
1788702539.308442163,0 %, 2398 MHz, 43, 12.10 W
1788702539.409268319,0 %, 2398 MHz, 43, 12.10 W
1788702539.510258252,0 %, 2398 MHz, 43, 12.10 W
1788702539.610787112,0 %, 2398 MHz, 43, 12.10 W
1788702539.711675764,0 %, 2398 MHz, 43, 12.10 W
1788702539.812289472,0 %, 2398 MHz, 43, 12.10 W
1788702539.913174061,0 %, 2398 MHz, 43, 12.10 W
1788702540.013191032,0 %, 2398 MHz, 43, 12.10 W
1788702540.114363045,0 %, 2398 MHz, 43, 12.10 W
1788702540.214068799,0 %, 2398 MHz, 43, 12.09 W
1788702540.316435806,0 %, 2398 MHz, 43, 12.09 W
1788702540.415162631,0 %, 2398 MHz, 43, 12.09 W
1788702540.515847891,0 %, 2398 MHz, 43, 12.09 W
1788702540.616339423,0 %, 2398 MHz, 43, 12.09 W
1788702540.716684939,0 %, 2398 MHz, 43, 12.09 W
1788702540.817662216,0 %, 2398 MHz, 43, 12.09 W
1788702540.918338084,0 %, 2398 MHz, 43, 12.09 W
1788702541.019271697,0 %, 2398 MHz, 43, 12.09 W
1788702541.119471308,0 %, 2398 MHz, 43, 12.09 W
1788702541.220027320,0 %, 2398 MHz, 43, 12.10 W
1788702541.320208660,0 %, 2398 MHz, 43, 12.10 W
1788702541.420917632,0 %, 2398 MHz, 43, 12.10 W
1788702541.521482684,0 %, 2398 MHz, 43, 12.10 W
1788702541.622254025,0 %, 2398 MHz, 43, 12.10 W
1788702541.722414948,0 %, 2398 MHz, 43, 12.09 W
1788702541.823075552,0 %, 2398 MHz, 43, 12.09 W
1788702541.923829453,0 %, 2398 MHz, 43, 12.09 W
1788702542.024009928,0 %, 2398 MHz, 43, 12.09 W
1788702542.124607445,0 %, 2398 MHz, 43, 12.09 W
1788702542.225363217,0 %, 2398 MHz, 43, 12.08 W
1788702542.325344893,0 %, 2398 MHz, 43, 12.08 W
1788702542.426165081,0 %, 2398 MHz, 43, 12.08 W
1788702542.526252501,0 %, 2398 MHz, 43, 12.08 W
1788702542.626647217,0 %, 2398 MHz, 43, 12.08 W
1788702542.727391949,0 %, 2398 MHz, 43, 12.06 W
1788702542.828467034,0 %, 2398 MHz, 43, 12.06 W
1788702542.928539318,0 %, 2398 MHz, 43, 12.06 W
1788702543.029336083,0 %, 2398 MHz, 43, 12.06 W
1788702543.129910879,0 %, 2398 MHz, 43, 12.06 W
1788702543.230328491,0 %, 2398 MHz, 43, 12.05 W
1788702543.330838743,0 %, 2398 MHz, 43, 12.05 W
1788702543.431779109,0 %, 2398 MHz, 43, 12.05 W
1788702543.531924752,0 %, 2398 MHz, 43, 12.05 W
1788702543.632514749,0 %, 2398 MHz, 43, 12.05 W
1788702543.733234761,0 %, 2398 MHz, 43, 12.10 W
1788702543.833418149,0 %, 2398 MHz, 43, 12.10 W
1788702543.934061122,0 %, 2398 MHz, 43, 12.10 W
1788702544.034781406,0 %, 2398 MHz, 43, 12.10 W
1788702544.134931066,0 %, 2398 MHz, 43, 12.10 W
1788702544.235582855,0 %, 2398 MHz, 43, 12.12 W
1788702544.336040323,0 %, 2398 MHz, 43, 12.12 W
1788702544.436470879,0 %, 2398 MHz, 43, 12.12 W
1788702544.537165500,0 %, 2398 MHz, 43, 12.12 W
1788702544.637208120,0 %, 2398 MHz, 43, 12.12 W
1788702544.738045733,0 %, 2398 MHz, 43, 12.09 W
1788702544.838714754,0 %, 2398 MHz, 43, 12.09 W
1788702544.939421454,0 %, 2398 MHz, 43, 12.09 W
1788702545.038954281,0 %, 2398 MHz, 43, 12.09 W
1788702545.138729012,0 %, 2398 MHz, 43, 12.09 W
1788702545.238679584,0 %, 2398 MHz, 43, 12.11 W
1788702545.340118638,0 %, 2398 MHz, 43, 12.11 W
1788702545.440487115,0 %, 2398 MHz, 43, 12.11 W
1788702545.540412630,0 %, 2398 MHz, 43, 12.11 W
1788702545.639762657,0 %, 2398 MHz, 43, 12.11 W
1788702545.739851133,0 %, 2398 MHz, 43, 12.15 W
1788702545.841321051,0 %, 2398 MHz, 43, 12.15 W
1788702545.942296920,0 %, 2398 MHz, 43, 12.15 W
1788702546.042455668,0 %, 2398 MHz, 43, 12.15 W
1788702546.143153457,0 %, 2398 MHz, 43, 12.15 W
1788702546.243202061,0 %, 2398 MHz, 43, 12.17 W
1788702546.344053706,0 %, 2398 MHz, 43, 12.17 W
1788702546.444718983,0 %, 2398 MHz, 43, 12.17 W
1788702546.545413044,0 %, 2398 MHz, 43, 12.17 W
1788702546.645813633,0 %, 2398 MHz, 43, 12.17 W
1788702546.746260141,0 %, 2398 MHz, 43, 12.19 W
1788702546.846992410,0 %, 2398 MHz, 43, 12.19 W
1788702546.947144023,0 %, 2398 MHz, 43, 12.19 W
1788702547.047475139,0 %, 2398 MHz, 43, 12.19 W
1788702547.148529057,0 %, 2398 MHz, 43, 12.19 W
1788702547.248945341,0 %, 2398 MHz, 43, 12.18 W
1788702547.349417290,0 %, 2398 MHz, 43, 12.18 W
1788702547.450243880,0 %, 2398 MHz, 43, 12.18 W
1788702547.550240003,0 %, 2398 MHz, 43, 12.18 W
1788702547.651062065,0 %, 2398 MHz, 43, 12.18 W
1788702547.751773710,0 %, 2398 MHz, 43, 12.12 W
1788702547.851960042,0 %, 2398 MHz, 43, 12.12 W
1788702547.952269959,0 %, 2398 MHz, 43, 12.12 W
1788702548.053336293,0 %, 2398 MHz, 43, 12.12 W
1788702548.153476289,0 %, 2398 MHz, 43, 12.12 W
1788702548.254120446,0 %, 2398 MHz, 43, 12.07 W
1788702548.354333355,0 %, 2398 MHz, 43, 12.07 W
1788702548.455030168,0 %, 2398 MHz, 43, 12.07 W
1788702548.555662757,0 %, 2398 MHz, 43, 12.07 W
1788702548.656412354,0 %, 2398 MHz, 43, 12.07 W
1788702548.756042094,0 %, 2398 MHz, 43, 12.08 W
1788702548.856769899,0 %, 2398 MHz, 43, 12.08 W
1788702548.957400056,0 %, 2398 MHz, 43, 12.08 W
1788702549.058152150,0 %, 2398 MHz, 43, 12.08 W
1788702549.158233986,0 %, 2398 MHz, 43, 12.08 W
1788702549.259051824,0 %, 2398 MHz, 43, 12.09 W
1788702549.359298268,0 %, 2398 MHz, 43, 12.09 W
1788702549.459964762,0 %, 2398 MHz, 43, 12.09 W
1788702549.560263926,0 %, 2398 MHz, 43, 12.09 W
1788702549.661482181,0 %, 2398 MHz, 43, 12.09 W
1788702549.761461345,0 %, 2398 MHz, 43, 12.08 W
1788702549.862144782,0 %, 2398 MHz, 43, 12.08 W
1788702549.962203899,0 %, 2398 MHz, 43, 12.08 W
1788702550.063059112,0 %, 2398 MHz, 43, 12.08 W
1788702550.162420660,0 %, 2398 MHz, 43, 12.08 W
1788702550.263470818,0 %, 2398 MHz, 43, 12.06 W
1788702550.363318622,0 %, 2398 MHz, 43, 12.06 W
1788702550.463069338,0 %, 2398 MHz, 43, 12.06 W
1788702550.563615543,0 %, 2398 MHz, 43, 12.06 W
1788702550.664441061,0 %, 2398 MHz, 43, 12.06 W
1788702550.765445923,0 %, 2398 MHz, 43, 12.06 W
1788702550.866070496,0 %, 2398 MHz, 43, 12.06 W
1788702550.966814110,0 %, 2398 MHz, 43, 12.06 W
1788702551.067022187,0 %, 2398 MHz, 43, 12.06 W
1788702551.167293672,0 %, 2398 MHz, 43, 12.06 W
1788702551.268332182,0 %, 2398 MHz, 43, 12.08 W
1788702551.368323426,0 %, 2398 MHz, 43, 12.08 W
1788702551.469134176,0 %, 2398 MHz, 43, 12.08 W
1788702551.569900558,0 %, 2398 MHz, 43, 12.08 W
1788702551.670078123,0 %, 2398 MHz, 43, 12.08 W
1788702551.770368968,0 %, 2398 MHz, 43, 12.08 W
1788702551.871426006,0 %, 2398 MHz, 43, 12.08 W
1788702551.971171522,0 %, 2398 MHz, 43, 12.08 W
1788702552.072243392,0 %, 2398 MHz, 43, 12.08 W
1788702552.172339613,0 %, 2398 MHz, 43, 12.08 W
1788702552.273125371,0 %, 2398 MHz, 43, 12.07 W
1788702552.373444600,0 %, 2398 MHz, 43, 12.07 W
1788702552.474503031,0 %, 2398 MHz, 43, 12.07 W
1788702552.574272387,0 %, 2398 MHz, 43, 12.07 W
1788702552.675531586,0 %, 2398 MHz, 43, 12.07 W
1788702552.776096127,0 %, 2398 MHz, 43, 12.07 W
1788702552.876258268,0 %, 2398 MHz, 43, 12.07 W
1788702552.976931770,0 %, 2398 MHz, 43, 12.07 W
1788702553.077674424,0 %, 2398 MHz, 43, 12.07 W
1788702553.177969557,0 %, 2398 MHz, 43, 12.07 W
1788702553.278546147,0 %, 2398 MHz, 43, 12.08 W
1788702553.378816768,0 %, 2398 MHz, 43, 12.08 W
1788702553.479295245,0 %, 2398 MHz, 43, 12.08 W
1788702553.580122027,0 %, 2398 MHz, 43, 12.08 W
1788702553.680859625,0 %, 2398 MHz, 43, 12.08 W
1788702553.781015046,0 %, 2398 MHz, 43, 12.10 W
1788702553.881340164,0 %, 2398 MHz, 43, 12.10 W
1788702553.982408242,0 %, 2398 MHz, 43, 12.10 W
1788702554.082148895,0 %, 2398 MHz, 43, 12.10 W
1788702554.183205245,0 %, 2398 MHz, 43, 12.10 W
1788702554.283967419,0 %, 2398 MHz, 43, 12.13 W
1788702554.384132233,0 %, 2398 MHz, 43, 12.13 W
1788702554.484782263,0 %, 2398 MHz, 43, 12.13 W
1788702554.585486933,0 %, 2398 MHz, 43, 12.13 W
1788702554.685669810,0 %, 2398 MHz, 43, 12.13 W
1788702554.786342784,0 %, 2398 MHz, 43, 12.14 W
1788702554.887076654,0 %, 2398 MHz, 43, 12.14 W
1788702554.986325865,0 %, 2398 MHz, 43, 12.14 W
1788702555.087332632,0 %, 2398 MHz, 43, 12.14 W
1788702555.188097638,0 %, 2398 MHz, 43, 12.14 W
1788702555.288204292,0 %, 2398 MHz, 43, 12.12 W
1788702555.388849410,0 %, 2398 MHz, 43, 12.12 W
1788702555.489631104,0 %, 2398 MHz, 43, 12.12 W
1788702555.590411582,0 %, 2398 MHz, 43, 12.12 W
1788702555.690148971,0 %, 2398 MHz, 43, 12.12 W
1788702555.791199498,0 %, 2398 MHz, 43, 12.09 W
1788702555.891286183,0 %, 2398 MHz, 43, 12.09 W
1788702555.992348326,0 %, 2398 MHz, 43, 12.09 W
1788702556.092783251,0 %, 2398 MHz, 43, 12.09 W
1788702556.193504930,0 %, 2398 MHz, 43, 12.09 W
1788702556.293260142,0 %, 2398 MHz, 43, 12.08 W
1788702556.394339357,0 %, 2398 MHz, 43, 12.08 W
1788702556.495198876,0 %, 2398 MHz, 43, 12.08 W
1788702556.595408233,0 %, 2398 MHz, 43, 12.08 W
1788702556.696018072,0 %, 2398 MHz, 43, 12.08 W
1788702556.796741590,0 %, 2398 MHz, 43, 12.09 W
1788702556.896922371,0 %, 2398 MHz, 43, 12.09 W
1788702556.997535969,0 %, 2398 MHz, 43, 12.09 W
1788702557.098293904,0 %, 2398 MHz, 43, 12.09 W
1788702557.198301357,0 %, 2398 MHz, 43, 12.09 W
1788702557.299100220,0 %, 2398 MHz, 43, 12.08 W
1788702557.399143417,0 %, 2398 MHz, 43, 12.08 W
1788702557.500006408,0 %, 2398 MHz, 43, 12.08 W
1788702557.600627350,0 %, 2398 MHz, 43, 12.08 W
1788702557.701500597,0 %, 2398 MHz, 43, 12.08 W
1788702557.801148097,0 %, 2398 MHz, 43, 12.07 W
1788702557.902180896,0 %, 2398 MHz, 43, 12.07 W
1788702558.002937471,0 %, 2398 MHz, 43, 12.07 W
1788702558.103197053,0 %, 2398 MHz, 43, 12.07 W
1788702558.203404314,0 %, 2398 MHz, 43, 12.07 W
1788702558.304019545,0 %, 2398 MHz, 43, 12.06 W
1788702558.404106838,0 %, 2398 MHz, 43, 12.06 W
1788702558.504947845,0 %, 2398 MHz, 43, 12.06 W
1788702558.605565924,0 %, 2398 MHz, 43, 12.06 W
1788702558.706448739,0 %, 2398 MHz, 43, 12.06 W
1788702558.806453776,0 %, 2398 MHz, 43, 12.05 W
1788702558.907081006,0 %, 2398 MHz, 43, 12.05 W
1788702559.007829869,0 %, 2398 MHz, 43, 12.05 W
1788702559.108012955,0 %, 2398 MHz, 43, 12.05 W
1788702559.208319609,0 %, 2398 MHz, 43, 12.05 W
1788702559.309373896,0 %, 2398 MHz, 43, 12.04 W
1788702559.409144869,0 %, 2398 MHz, 43, 12.04 W
1788702559.510194484,0 %, 2398 MHz, 43, 12.04 W
1788702559.610269458,0 %, 2398 MHz, 43, 12.04 W
1788702559.711105281,0 %, 2398 MHz, 43, 12.05 W
1788702559.811066830,0 %, 2398 MHz, 43, 12.05 W
1788702559.912099070,0 %, 2398 MHz, 43, 12.05 W
1788702560.012163291,0 %, 2398 MHz, 43, 12.05 W
1788702560.112943802,0 %, 2398 MHz, 43, 12.05 W
1788702560.213555049,0 %, 2398 MHz, 43, 12.03 W
1788702560.314321208,0 %, 2398 MHz, 43, 12.03 W
1788702560.414294917,0 %, 2398 MHz, 43, 12.03 W
1788702560.515091380,0 %, 2398 MHz, 43, 12.03 W
1788702560.615868291,0 %, 2398 MHz, 43, 12.03 W
1788702560.716016225,0 %, 2398 MHz, 43, 12.01 W
1788702560.816655280,0 %, 2398 MHz, 43, 12.01 W
1788702560.917384399,0 %, 2398 MHz, 43, 12.01 W
1788702561.017128380,0 %, 2398 MHz, 43, 12.01 W
1788702561.118196491,0 %, 2398 MHz, 43, 12.01 W
1788702561.218980427,0 %, 2398 MHz, 43, 12.06 W
1788702561.319089624,0 %, 2398 MHz, 43, 12.06 W
1788702561.419448759,0 %, 2398 MHz, 43, 12.06 W
1788702561.520508102,0 %, 2398 MHz, 43, 12.06 W
1788702561.620641988,0 %, 2398 MHz, 43, 12.06 W
1788702561.721438163,0 %, 2398 MHz, 43, 12.10 W
1788702561.821380385,0 %, 2398 MHz, 43, 12.10 W
1788702561.922418177,0 %, 2398 MHz, 43, 12.10 W
1788702562.022876239,0 %, 2398 MHz, 43, 12.10 W
1788702562.123589310,0 %, 2398 MHz, 43, 12.10 W
1788702562.223768284,0 %, 2398 MHz, 43, 12.09 W
1788702562.324434779,0 %, 2398 MHz, 43, 12.09 W
1788702562.424843242,0 %, 2398 MHz, 43, 12.09 W
1788702562.525446873,0 %, 2398 MHz, 43, 12.09 W
1788702562.626086024,0 %, 2398 MHz, 43, 12.09 W
1788702562.726865719,0 %, 2398 MHz, 43, 12.07 W
1788702562.827009957,0 %, 2398 MHz, 43, 12.07 W
1788702562.926902643,0 %, 2398 MHz, 43, 12.07 W
1788702563.027941426,0 %, 2398 MHz, 43, 12.07 W
1788702563.128266065,0 %, 2398 MHz, 43, 12.07 W
1788702563.229118960,0 %, 2398 MHz, 43, 12.07 W
1788702563.329225359,0 %, 2398 MHz, 43, 12.07 W
1788702563.430064798,0 %, 2398 MHz, 43, 12.07 W
1788702563.530363949,0 %, 2398 MHz, 43, 12.07 W
1788702563.631110364,0 %, 2398 MHz, 43, 12.07 W
1788702563.731189258,0 %, 2398 MHz, 43, 12.04 W
1788702563.832237530,0 %, 2398 MHz, 43, 12.04 W
1788702563.933008041,0 %, 2398 MHz, 43, 12.04 W
1788702564.033142343,0 %, 2398 MHz, 43, 12.04 W
1788702564.133470150,0 %, 2398 MHz, 43, 12.04 W
1788702564.234530182,0 %, 2398 MHz, 42, 12.00 W
1788702564.334730676,0 %, 2398 MHz, 42, 12.00 W
1788702564.435371812,0 %, 2398 MHz, 42, 12.00 W
1788702564.536135603,0 %, 2398 MHz, 42, 12.00 W
1788702564.636488082,0 %, 2398 MHz, 42, 12.00 W
1788702564.736963505,0 %, 2398 MHz, 43, 12.01 W
1788702564.837682896,0 %, 2398 MHz, 43, 12.01 W
1788702564.937849438,0 %, 2398 MHz, 43, 12.01 W
1788702565.038508862,0 %, 2398 MHz, 43, 12.01 W
1788702565.139240861,0 %, 2398 MHz, 43, 12.01 W
1788702565.239614860,0 %, 2398 MHz, 42, 12.03 W
1788702565.340086299,0 %, 2398 MHz, 42, 12.03 W
1788702565.440258122,0 %, 2398 MHz, 42, 12.03 W
1788702565.540973801,0 %, 2398 MHz, 42, 12.03 W
1788702565.641633944,0 %, 2398 MHz, 42, 12.03 W
1788702565.742362920,0 %, 2398 MHz, 42, 12.03 W
1788702565.842114918,0 %, 2398 MHz, 42, 12.03 W
1788702565.941802627,0 %, 2398 MHz, 42, 12.03 W
1788702566.041852162,0 %, 2398 MHz, 42, 12.03 W
1788702566.142276641,0 %, 2398 MHz, 42, 12.03 W
1788702566.243313745,0 %, 2398 MHz, 42, 12.03 W
1788702566.344102545,0 %, 2398 MHz, 42, 12.03 W
1788702566.444125823,0 %, 2398 MHz, 42, 12.03 W
1788702566.544997919,0 %, 2398 MHz, 42, 12.03 W
1788702566.645580318,0 %, 2398 MHz, 42, 12.03 W
1788702566.745684925,0 %, 2398 MHz, 43, 12.01 W
1788702566.846514141,0 %, 2398 MHz, 43, 12.01 W
1788702566.946861596,0 %, 2398 MHz, 43, 12.01 W
1788702567.047934844,0 %, 2398 MHz, 43, 12.01 W
1788702567.147645114,0 %, 2398 MHz, 43, 12.01 W
1788702567.248723466,0 %, 2398 MHz, 43, 11.99 W
1788702567.349418410,0 %, 2398 MHz, 43, 11.99 W
1788702567.450055929,0 %, 2398 MHz, 43, 11.99 W
1788702567.550158200,0 %, 2398 MHz, 43, 11.99 W
1788702567.650913368,0 %, 2398 MHz, 43, 11.99 W
1788702567.751547351,0 %, 2398 MHz, 43, 12.01 W
1788702567.852331815,0 %, 2398 MHz, 43, 12.01 W
1788702567.952687302,0 %, 2398 MHz, 43, 12.01 W
1788702568.053122422,0 %, 2398 MHz, 43, 12.01 W
1788702568.153218564,0 %, 2398 MHz, 43, 12.01 W
1788702568.254039828,0 %, 2398 MHz, 42, 11.99 W
1788702568.354748308,0 %, 2398 MHz, 42, 11.99 W
1788702568.455456868,0 %, 2398 MHz, 42, 11.99 W
1788702568.555389747,0 %, 2398 MHz, 42, 11.99 W
1788702568.656268819,0 %, 2398 MHz, 42, 11.99 W
1788702568.757026067,0 %, 2398 MHz, 42, 11.97 W
1788702568.857133185,0 %, 2398 MHz, 42, 11.97 W
1788702568.956906816,0 %, 2398 MHz, 42, 11.97 W
1788702569.056856686,0 %, 2398 MHz, 42, 11.97 W
1788702569.156519052,0 %, 2398 MHz, 42, 11.97 W
1788702569.257024892,0 %, 2398 MHz, 42, 12.03 W
1788702569.358098108,0 %, 2398 MHz, 42, 12.03 W
1788702569.458340396,0 %, 2398 MHz, 42, 12.03 W
1788702569.558158298,0 %, 2398 MHz, 42, 12.03 W
1788702569.659141194,0 %, 2398 MHz, 42, 12.03 W
1788702569.759320505,0 %, 2398 MHz, 42, 12.11 W
1788702569.860127690,0 %, 2398 MHz, 42, 12.11 W
1788702569.960436681,0 %, 2398 MHz, 42, 12.11 W
1788702570.060900904,0 %, 2398 MHz, 42, 12.11 W
1788702570.161723993,0 %, 2398 MHz, 42, 12.11 W
1788702570.262021784,0 %, 2398 MHz, 42, 12.14 W
1788702570.362441112,0 %, 2398 MHz, 42, 12.14 W
1788702570.463226312,0 %, 2398 MHz, 42, 12.14 W
1788702570.563588119,0 %, 2398 MHz, 42, 12.14 W
1788702570.664041399,0 %, 2398 MHz, 42, 12.14 W
1788702570.764784263,0 %, 2398 MHz, 42, 12.12 W
1788702570.865152199,0 %, 2398 MHz, 42, 12.12 W
1788702570.965849239,0 %, 2398 MHz, 42, 12.12 W
1788702571.066345542,0 %, 2398 MHz, 42, 12.12 W
1788702571.166720422,0 %, 2398 MHz, 42, 12.12 W
1788702571.267100006,0 %, 2398 MHz, 42, 12.10 W
1788702571.367905270,0 %, 2398 MHz, 42, 12.10 W
1788702571.468276278,0 %, 2398 MHz, 42, 12.10 W
1788702571.569042934,0 %, 2398 MHz, 42, 12.10 W
1788702571.669576038,0 %, 2398 MHz, 42, 12.10 W
1788702571.769986422,0 %, 2398 MHz, 42, 12.07 W
1788702571.870306693,0 %, 2398 MHz, 42, 12.07 W
1788702571.971070597,0 %, 2398 MHz, 42, 12.07 W
1788702572.071801030,0 %, 2398 MHz, 42, 12.07 W
1788702572.171773765,0 %, 2398 MHz, 42, 12.07 W
1788702572.272642901,0 %, 2398 MHz, 42, 12.07 W
1788702572.373078917,0 %, 2398 MHz, 42, 12.07 W
1788702572.473784054,0 %, 2398 MHz, 42, 12.07 W
1788702572.574175077,0 %, 2398 MHz, 42, 12.07 W
1788702572.674839190,0 %, 2398 MHz, 42, 12.07 W
1788702572.775213253,0 %, 2398 MHz, 42, 12.10 W
1788702572.875779861,0 %, 2398 MHz, 42, 12.10 W
1788702572.976106261,0 %, 2398 MHz, 42, 12.10 W
1788702573.076532773,0 %, 2398 MHz, 42, 12.10 W
1788702573.177301749,0 %, 2398 MHz, 42, 12.10 W
1788702573.277661237,0 %, 2398 MHz, 42, 12.08 W
1788702573.378122261,0 %, 2398 MHz, 42, 12.08 W
1788702573.478852902,0 %, 2398 MHz, 42, 12.08 W
1788702573.579217430,0 %, 2398 MHz, 42, 12.08 W
1788702573.679630790,0 %, 2398 MHz, 42, 12.08 W
1788702573.780841111,0 %, 2398 MHz, 42, 12.07 W
1788702573.880948886,0 %, 2398 MHz, 42, 12.07 W
1788702573.981301046,0 %, 2398 MHz, 42, 12.07 W
1788702574.082333527,0 %, 2398 MHz, 42, 12.07 W
1788702574.182592311,0 %, 2398 MHz, 42, 12.07 W
1788702574.283100279,0 %, 2398 MHz, 42, 12.08 W
1788702574.383873432,0 %, 2398 MHz, 42, 12.08 W
1788702574.485338346,0 %, 2398 MHz, 42, 12.08 W
1788702574.584331591,0 %, 2398 MHz, 42, 12.08 W
1788702574.685670761,0 %, 2398 MHz, 42, 12.08 W
1788702574.785861737,0 %, 2398 MHz, 42, 12.08 W
1788702574.886216665,0 %, 2398 MHz, 42, 12.08 W
1788702574.986029192,0 %, 2398 MHz, 42, 12.08 W
1788702575.086844921,0 %, 2398 MHz, 42, 12.08 W
1788702575.187233897,0 %, 2398 MHz, 42, 12.08 W
1788702575.287635241,0 %, 2398 MHz, 42, 12.09 W
1788702575.388405690,0 %, 2398 MHz, 42, 12.09 W
1788702575.487770696,0 %, 2398 MHz, 42, 12.09 W
1788702575.587996536,0 %, 2398 MHz, 42, 12.09 W
1788702575.688087271,0 %, 2398 MHz, 42, 12.09 W
1788702575.789237865,0 %, 2398 MHz, 42, 12.09 W
1788702575.889619241,0 %, 2398 MHz, 42, 12.09 W
1788702575.990333578,0 %, 2398 MHz, 42, 12.09 W
1788702576.090797866,0 %, 2398 MHz, 42, 12.09 W
1788702576.191244154,0 %, 2398 MHz, 42, 12.09 W
1788702576.291595435,0 %, 2398 MHz, 42, 12.10 W
1788702576.392357260,0 %, 2398 MHz, 42, 12.10 W
1788702576.492737196,0 %, 2398 MHz, 42, 12.10 W
1788702576.593118668,0 %, 2398 MHz, 42, 12.10 W
1788702576.693868989,0 %, 2398 MHz, 42, 12.10 W
1788702576.794246381,0 %, 2398 MHz, 42, 12.09 W
1788702576.895087630,0 %, 2398 MHz, 42, 12.09 W
1788702576.995619343,0 %, 2398 MHz, 42, 12.09 W
1788702577.096635888,0 %, 2398 MHz, 42, 12.09 W
1788702577.196277007,0 %, 2398 MHz, 42, 12.09 W
1788702577.297315585,0 %, 2398 MHz, 42, 12.08 W
1788702577.397849201,0 %, 2398 MHz, 42, 12.08 W
1788702577.497949873,0 %, 2398 MHz, 42, 12.08 W
1788702577.598815058,0 %, 2398 MHz, 42, 12.08 W
1788702577.699099907,0 %, 2398 MHz, 42, 12.08 W
1788702577.799792708,0 %, 2398 MHz, 42, 12.07 W
1788702577.900179172,0 %, 2398 MHz, 42, 12.07 W
1788702578.000862117,0 %, 2398 MHz, 42, 12.07 W
1788702578.101195733,0 %, 2398 MHz, 42, 12.07 W
1788702578.201711446,0 %, 2398 MHz, 42, 12.07 W
1788702578.302060454,0 %, 2398 MHz, 42, 12.07 W
1788702578.402502663,0 %, 2398 MHz, 42, 12.07 W
1788702578.503265176,0 %, 2398 MHz, 42, 12.07 W
1788702578.603634105,0 %, 2398 MHz, 42, 12.07 W
1788702578.704056217,0 %, 2398 MHz, 42, 12.07 W
1788702578.804822746,0 %, 2398 MHz, 42, 12.06 W
1788702578.905671036,0 %, 2398 MHz, 42, 12.06 W
1788702579.005616027,0 %, 2398 MHz, 42, 12.06 W
1788702579.107020430,0 %, 2398 MHz, 42, 12.06 W
1788702579.206893694,0 %, 2398 MHz, 42, 12.06 W
1788702579.307718511,0 %, 2398 MHz, 42, 12.06 W
1788702579.408086511,0 %, 2398 MHz, 42, 12.06 W
1788702579.508582224,0 %, 2398 MHz, 42, 12.06 W
1788702579.609295809,0 %, 2398 MHz, 42, 12.06 W
1788702579.709626898,0 %, 2398 MHz, 42, 12.06 W
1788702579.810095939,0 %, 2398 MHz, 42, 12.07 W
1788702579.910856756,0 %, 2398 MHz, 42, 12.07 W
1788702580.011240741,0 %, 2398 MHz, 42, 12.07 W
1788702580.111621717,0 %, 2398 MHz, 42, 12.07 W
1788702580.212577943,0 %, 2398 MHz, 42, 12.07 W
1788702580.312993560,0 %, 2398 MHz, 42, 12.07 W
1788702580.413326073,0 %, 2398 MHz, 42, 12.07 W
1788702580.514057146,0 %, 2398 MHz, 42, 12.07 W
1788702580.614813035,0 %, 2398 MHz, 42, 12.07 W
1788702580.715057180,0 %, 2398 MHz, 42, 12.08 W
1788702580.815629485,0 %, 2398 MHz, 42, 12.08 W
1788702580.916002109,0 %, 2398 MHz, 42, 12.08 W
1788702581.016794543,0 %, 2398 MHz, 42, 12.08 W
1788702581.117201488,0 %, 2398 MHz, 42, 12.08 W
1788702581.217837873,0 %, 2398 MHz, 42, 12.07 W
1788702581.318204946,0 %, 2398 MHz, 42, 12.07 W
1788702581.418756483,0 %, 2398 MHz, 42, 12.07 W
1788702581.519118516,0 %, 2398 MHz, 42, 12.07 W
1788702581.619510597,0 %, 2398 MHz, 42, 12.07 W
1788702581.720280806,0 %, 2398 MHz, 42, 12.05 W
1788702581.820679639,0 %, 2398 MHz, 42, 12.05 W
1788702581.921064600,0 %, 2398 MHz, 42, 12.05 W
1788702582.021841706,0 %, 2398 MHz, 42, 12.05 W
1788702582.122217691,0 %, 2398 MHz, 42, 12.05 W
1788702582.222624492,0 %, 2398 MHz, 42, 12.04 W
1788702582.323395901,0 %, 2398 MHz, 42, 12.04 W
1788702582.423778574,0 %, 2398 MHz, 42, 12.04 W
1788702582.524183263,0 %, 2398 MHz, 42, 12.04 W
1788702582.625049745,0 %, 2398 MHz, 42, 12.04 W
1788702582.725814707,0 %, 2398 MHz, 42, 12.07 W
1788702582.826115860,0 %, 2398 MHz, 42, 12.07 W
1788702582.926616933,0 %, 2398 MHz, 42, 12.07 W
1788702583.027031670,0 %, 2398 MHz, 42, 12.07 W
1788702583.127575239,0 %, 2398 MHz, 42, 12.07 W
1788702583.228158793,0 %, 2398 MHz, 42, 12.10 W
1788702583.328805578,0 %, 2398 MHz, 42, 12.10 W
1788702583.429137531,0 %, 2398 MHz, 42, 12.10 W
1788702583.529711197,0 %, 2398 MHz, 42, 12.10 W
1788702583.630049246,0 %, 2398 MHz, 42, 12.10 W
1788702583.730420543,0 %, 2398 MHz, 42, 12.07 W
1788702583.831302161,0 %, 2398 MHz, 42, 12.07 W
1788702583.931628674,0 %, 2398 MHz, 42, 12.07 W
1788702584.032026099,0 %, 2398 MHz, 42, 12.07 W
1788702584.132807173,0 %, 2398 MHz, 42, 12.07 W
1788702584.233162230,0 %, 2398 MHz, 42, 12.07 W
1788702584.333543239,0 %, 2398 MHz, 42, 12.07 W
1788702584.434333977,0 %, 2398 MHz, 42, 12.07 W
1788702584.534721754,0 %, 2398 MHz, 42, 12.07 W
1788702584.635565324,0 %, 2398 MHz, 42, 12.07 W
1788702584.735890141,0 %, 2398 MHz, 42, 12.10 W
1788702584.836267919,0 %, 2398 MHz, 42, 12.10 W
1788702584.937075057,0 %, 2398 MHz, 42, 12.10 W
1788702585.037792482,0 %, 2398 MHz, 42, 12.10 W
1788702585.138183828,0 %, 2398 MHz, 42, 12.10 W
1788702585.238278693,0 %, 2398 MHz, 42, 12.08 W
1788702585.339039671,0 %, 2398 MHz, 42, 12.08 W
1788702585.439796345,0 %, 2398 MHz, 42, 12.08 W
1788702585.540080346,0 %, 2398 MHz, 42, 12.08 W
1788702585.640567035,0 %, 2398 MHz, 42, 12.08 W
1788702585.740957101,0 %, 2398 MHz, 42, 12.07 W
1788702585.841794447,0 %, 2398 MHz, 42, 12.07 W
1788702585.942454145,0 %, 2398 MHz, 42, 12.07 W
1788702586.042532273,0 %, 2398 MHz, 42, 12.07 W
1788702586.142986019,0 %, 2398 MHz, 42, 12.07 W
1788702586.243059556,0 %, 2398 MHz, 42, 12.04 W
1788702586.342784836,0 %, 2398 MHz, 42, 12.04 W
1788702586.443266550,0 %, 2398 MHz, 42, 12.04 W
1788702586.544443513,0 %, 2398 MHz, 42, 12.04 W
1788702586.644577082,0 %, 2398 MHz, 42, 12.04 W
1788702586.744973707,0 %, 2398 MHz, 42, 12.03 W
1788702586.845250412,0 %, 2398 MHz, 42, 12.03 W
1788702586.946037103,0 %, 2398 MHz, 42, 12.03 W
1788702587.046795841,0 %, 2398 MHz, 42, 12.03 W
1788702587.146824354,0 %, 2398 MHz, 42, 12.03 W
1788702587.247645412,0 %, 2398 MHz, 42, 12.03 W
1788702587.348023510,0 %, 2398 MHz, 42, 12.03 W
1788702587.448784920,0 %, 2398 MHz, 42, 12.03 W
1788702587.549188921,0 %, 2398 MHz, 42, 12.03 W
1788702587.649854603,0 %, 2398 MHz, 42, 12.03 W
1788702587.749929340,0 %, 2398 MHz, 42, 12.05 W
1788702587.850734879,0 %, 2398 MHz, 42, 12.05 W
1788702587.951113424,0 %, 2398 MHz, 42, 12.05 W
1788702588.051793571,0 %, 2398 MHz, 42, 12.05 W
1788702588.152293316,0 %, 2398 MHz, 42, 12.05 W
1788702588.252660342,0 %, 2398 MHz, 42, 12.07 W
1788702588.353076792,0 %, 2398 MHz, 42, 12.07 W
1788702588.453873290,0 %, 2398 MHz, 42, 12.07 W
1788702588.554200460,0 %, 2398 MHz, 42, 12.07 W
1788702588.654613166,0 %, 2398 MHz, 42, 12.07 W
1788702588.755572864,0 %, 2398 MHz, 42, 12.07 W
1788702588.855968722,0 %, 2398 MHz, 42, 12.07 W
1788702588.956294068,0 %, 2398 MHz, 42, 12.07 W
1788702589.057320727,0 %, 2398 MHz, 42, 12.07 W
1788702589.157438824,0 %, 2398 MHz, 42, 12.07 W
1788702589.258100362,0 %, 2398 MHz, 42, 12.06 W
1788702589.358551692,0 %, 2398 MHz, 42, 12.06 W
1788702589.458973854,0 %, 2398 MHz, 42, 12.06 W
1788702589.559370048,0 %, 2398 MHz, 42, 12.06 W
1788702589.660159922,0 %, 2398 MHz, 42, 12.06 W
1788702589.760796277,0 %, 2398 MHz, 42, 12.06 W
1788702589.860887782,0 %, 2398 MHz, 42, 12.06 W
1788702589.961724792,0 %, 2398 MHz, 42, 12.06 W
1788702590.061815834,0 %, 2398 MHz, 42, 12.06 W
1788702590.162801341,0 %, 2398 MHz, 42, 12.06 W
1788702590.262783342,0 %, 2398 MHz, 42, 12.07 W
1788702590.363562561,0 %, 2398 MHz, 42, 12.07 W
1788702590.463974339,0 %, 2398 MHz, 42, 12.07 W
1788702590.564281173,0 %, 2398 MHz, 42, 12.07 W
1788702590.665325800,0 %, 2398 MHz, 42, 12.07 W
1788702590.765434185,0 %, 2398 MHz, 42, 12.06 W
1788702590.865862075,0 %, 2398 MHz, 42, 12.06 W
1788702590.966618478,0 %, 2398 MHz, 42, 12.06 W
1788702591.066937231,0 %, 2398 MHz, 42, 12.06 W
1788702591.167742994,0 %, 2398 MHz, 42, 12.06 W
1788702591.268160564,0 %, 2398 MHz, 42, 12.02 W
1788702591.368532870,0 %, 2398 MHz, 42, 12.02 W
1788702591.468961833,0 %, 2398 MHz, 42, 12.02 W
1788702591.569715611,0 %, 2398 MHz, 42, 12.02 W
1788702591.670386830,0 %, 2398 MHz, 42, 12.02 W
1788702591.770488447,0 %, 2398 MHz, 42, 12.03 W
1788702591.871251874,0 %, 2398 MHz, 42, 12.03 W
1788702591.971611460,0 %, 2398 MHz, 42, 12.03 W
1788702592.072038646,0 %, 2398 MHz, 42, 12.03 W
1788702592.172835593,0 %, 2398 MHz, 42, 12.03 W
1788702592.273188091,0 %, 2398 MHz, 42, 12.05 W
1788702592.373606030,0 %, 2398 MHz, 42, 12.05 W
1788702592.474374256,0 %, 2398 MHz, 42, 12.05 W
1788702592.574775763,0 %, 2398 MHz, 42, 12.05 W
1788702592.675362757,0 %, 2398 MHz, 42, 12.05 W
1788702592.775954360,0 %, 2398 MHz, 42, 12.05 W
1788702592.876801691,0 %, 2398 MHz, 42, 12.05 W
1788702592.976798748,0 %, 2398 MHz, 42, 12.05 W
1788702593.077568751,0 %, 2398 MHz, 42, 12.05 W
1788702593.177920433,0 %, 2398 MHz, 42, 12.05 W
1788702593.278299796,0 %, 2398 MHz, 42, 12.03 W
1788702593.379111063,0 %, 2398 MHz, 42, 12.03 W
1788702593.479788185,0 %, 2398 MHz, 42, 12.03 W
1788702593.579918955,0 %, 2398 MHz, 42, 12.03 W
1788702593.680673470,0 %, 2398 MHz, 42, 12.03 W
1788702593.780791696,0 %, 2398 MHz, 42, 12.02 W
1788702593.881341651,0 %, 2398 MHz, 42, 12.02 W
1788702593.982051173,0 %, 2398 MHz, 42, 12.02 W
1788702594.082812040,0 %, 2398 MHz, 42, 12.02 W
1788702594.182974698,0 %, 2398 MHz, 42, 12.02 W
1788702594.283309069,0 %, 2398 MHz, 42, 12.01 W
1788702594.384023904,0 %, 2398 MHz, 42, 12.01 W
1788702594.484810979,0 %, 2398 MHz, 42, 12.01 W
1788702594.585061093,0 %, 2398 MHz, 42, 12.01 W
1788702594.685880216,0 %, 2398 MHz, 42, 12.01 W
1788702594.785972842,0 %, 2398 MHz, 42, 12.00 W
1788702594.886321965,0 %, 2398 MHz, 42, 12.00 W
1788702594.986301246,0 %, 2398 MHz, 42, 12.00 W
1788702595.087257970,0 %, 2398 MHz, 42, 12.00 W
1788702595.187628724,0 %, 2398 MHz, 42, 12.00 W
1788702595.288052295,0 %, 2398 MHz, 42, 12.00 W
1788702595.388818122,0 %, 2398 MHz, 42, 12.00 W
1788702595.489209485,0 %, 2398 MHz, 42, 12.00 W
1788702595.589590207,0 %, 2398 MHz, 42, 12.00 W
1788702595.690822259,0 %, 2398 MHz, 42, 12.00 W
1788702595.791035173,0 %, 2398 MHz, 42, 11.99 W
1788702595.891290616,0 %, 2398 MHz, 42, 11.99 W
1788702595.992323995,0 %, 2398 MHz, 42, 11.99 W
1788702596.092799950,0 %, 2398 MHz, 42, 11.99 W
1788702596.193085104,0 %, 2398 MHz, 42, 11.99 W
1788702596.293579779,0 %, 2398 MHz, 42, 11.96 W
1788702596.393968134,0 %, 2398 MHz, 42, 11.96 W
1788702596.494353641,0 %, 2398 MHz, 42, 11.96 W
1788702596.595122332,0 %, 2398 MHz, 42, 11.96 W
1788702596.695795935,0 %, 2398 MHz, 42, 11.96 W
1788702596.795880929,0 %, 2398 MHz, 42, 11.97 W
1788702596.896724581,0 %, 2398 MHz, 42, 11.97 W
1788702596.997059079,0 %, 2398 MHz, 42, 11.97 W
1788702597.097467594,0 %, 2398 MHz, 42, 11.97 W
1788702597.198242573,0 %, 2398 MHz, 42, 11.97 W
1788702597.298615600,0 %, 2398 MHz, 42, 11.98 W
1788702597.399045715,0 %, 2398 MHz, 42, 11.98 W
1788702597.499791926,0 %, 2398 MHz, 42, 11.98 W
1788702597.600162937,0 %, 2398 MHz, 42, 11.98 W
1788702597.700558892,0 %, 2398 MHz, 42, 11.98 W
1788702597.801339247,0 %, 2398 MHz, 42, 11.97 W
1788702597.901718786,0 %, 2398 MHz, 42, 11.97 W
1788702598.002244757,0 %, 2398 MHz, 42, 11.97 W
1788702598.102999305,0 %, 2398 MHz, 42, 11.97 W
1788702598.203391292,0 %, 2398 MHz, 42, 11.97 W
1788702598.303783406,0 %, 2398 MHz, 42, 12.00 W
1788702598.404529650,0 %, 2398 MHz, 42, 12.00 W
1788702598.504903141,0 %, 2398 MHz, 42, 12.00 W
1788702598.605289624,0 %, 2398 MHz, 42, 12.00 W
1788702598.706655020,0 %, 2398 MHz, 42, 12.00 W
1788702598.806786911,0 %, 2398 MHz, 42, 11.99 W
1788702598.907102129,0 %, 2398 MHz, 42, 11.99 W
1788702599.007632965,0 %, 2398 MHz, 42, 11.99 W
1788702599.108020392,0 %, 2398 MHz, 42, 11.99 W
1788702599.208783499,0 %, 2398 MHz, 42, 11.99 W
1788702599.309225166,0 %, 2398 MHz, 42, 11.95 W
1788702599.409564033,0 %, 2398 MHz, 42, 11.95 W
1788702599.509978692,0 %, 2398 MHz, 42, 11.95 W
1788702599.610757752,0 %, 2398 MHz, 42, 11.95 W
1788702599.711645964,0 %, 2398 MHz, 42, 11.95 W
1788702599.811794127,0 %, 2398 MHz, 42, 11.94 W
1788702599.912297874,0 %, 2398 MHz, 42, 11.94 W
1788702600.012112196,0 %, 2398 MHz, 42, 11.94 W
1788702600.113028664,0 %, 2398 MHz, 42, 11.94 W
1788702600.213280667,0 %, 2398 MHz, 42, 11.94 W
1788702600.314277759,0 %, 2398 MHz, 42, 11.97 W
1788702600.414773490,0 %, 2398 MHz, 42, 11.97 W
1788702600.515084037,0 %, 2398 MHz, 42, 11.97 W
1788702600.615598920,0 %, 2398 MHz, 42, 11.97 W
1788702600.716014092,0 %, 2398 MHz, 42, 11.95 W
1788702600.816783679,0 %, 2398 MHz, 42, 11.95 W
1788702600.917430579,0 %, 2398 MHz, 42, 11.95 W
1788702601.017530790,0 %, 2398 MHz, 42, 11.95 W
1788702601.117924633,0 %, 2398 MHz, 42, 11.95 W
1788702601.218745805,0 %, 2398 MHz, 42, 11.90 W
1788702601.319103584,0 %, 2398 MHz, 42, 11.90 W
1788702601.419484275,0 %, 2398 MHz, 42, 11.90 W
1788702601.520289831,0 %, 2398 MHz, 42, 11.90 W
1788702601.620629418,0 %, 2398 MHz, 42, 11.90 W
1788702601.721042766,0 %, 2398 MHz, 42, 11.88 W
1788702601.821878594,0 %, 2398 MHz, 42, 11.88 W
1788702601.922200869,0 %, 2398 MHz, 42, 11.88 W
1788702602.022610904,0 %, 2398 MHz, 42, 11.88 W
1788702602.123243612,0 %, 2398 MHz, 42, 11.88 W
1788702602.223706511,0 %, 2398 MHz, 42, 11.88 W
1788702602.324147347,0 %, 2398 MHz, 42, 11.88 W
1788702602.424785766,0 %, 2398 MHz, 42, 11.88 W
1788702602.525218202,0 %, 2398 MHz, 42, 11.88 W
1788702602.625606781,0 %, 2398 MHz, 42, 11.88 W
1788702602.728138644,0 %, 2398 MHz, 42, 11.86 W
1788702602.826740677,0 %, 2398 MHz, 42, 11.86 W
1788702602.927132952,0 %, 2398 MHz, 42, 11.86 W
1788702603.027535339,0 %, 2398 MHz, 42, 11.86 W
1788702603.128277007,0 %, 2398 MHz, 42, 11.86 W
1788702603.229126100,0 %, 2398 MHz, 42, 11.85 W
1788702603.328983270,0 %, 2398 MHz, 42, 11.85 W
1788702603.429774906,0 %, 2398 MHz, 42, 11.85 W
1788702603.530124350,0 %, 2398 MHz, 42, 11.85 W
1788702603.630809154,0 %, 2398 MHz, 42, 11.85 W
1788702603.732019303,0 %, 2398 MHz, 42, 11.87 W
1788702603.831687673,0 %, 2398 MHz, 42, 11.87 W
1788702603.932039548,0 %, 2398 MHz, 42, 11.87 W
1788702604.032798177,0 %, 2398 MHz, 42, 11.87 W
1788702604.133247380,0 %, 2398 MHz, 42, 11.87 W
1788702604.233576168,0 %, 2398 MHz, 42, 11.90 W
1788702604.334002763,0 %, 2398 MHz, 42, 11.90 W
1788702604.434776480,0 %, 2398 MHz, 42, 11.90 W
1788702604.535174147,0 %, 2398 MHz, 42, 11.90 W
1788702604.635873063,0 %, 2398 MHz, 42, 11.90 W
1788702604.736338651,0 %, 2398 MHz, 42, 11.93 W
1788702604.836709519,0 %, 2398 MHz, 42, 11.93 W
1788702604.937118290,0 %, 2398 MHz, 42, 11.93 W
1788702605.037898823,0 %, 2398 MHz, 42, 11.93 W
1788702605.138251018,0 %, 2398 MHz, 42, 11.93 W
1788702605.238663230,0 %, 2398 MHz, 42, 11.96 W
1788702605.339791747,0 %, 2398 MHz, 42, 11.96 W
1788702605.440130743,0 %, 2398 MHz, 42, 11.96 W
1788702605.540241450,0 %, 2398 MHz, 42, 11.96 W
1788702605.641052222,0 %, 2398 MHz, 42, 11.96 W
1788702605.741791122,0 %, 2398 MHz, 42, 11.97 W
1788702605.841217124,0 %, 2398 MHz, 42, 11.97 W
1788702605.941106295,0 %, 2398 MHz, 42, 11.97 W
1788702606.041450539,0 %, 2398 MHz, 42, 11.97 W
1788702606.142901633,0 %, 2398 MHz, 42, 11.97 W
1788702606.242549699,0 %, 2398 MHz, 42, 11.97 W
1788702606.343330584,0 %, 2398 MHz, 42, 11.97 W
1788702606.443071786,0 %, 2398 MHz, 42, 11.97 W
1788702606.543207998,0 %, 2398 MHz, 42, 11.97 W
1788702606.643031888,0 %, 2398 MHz, 42, 11.97 W
1788702606.743323348,0 %, 2398 MHz, 42, 11.94 W
1788702606.844309433,0 %, 2398 MHz, 42, 11.94 W
1788702606.944657501,0 %, 2398 MHz, 42, 11.94 W
1788702607.045068545,0 %, 2398 MHz, 42, 11.94 W
1788702607.145859109,0 %, 2398 MHz, 42, 11.94 W
1788702607.246802474,0 %, 2398 MHz, 42, 11.90 W
1788702607.347199470,0 %, 2398 MHz, 42, 11.90 W
1788702607.447828082,0 %, 2398 MHz, 42, 11.90 W
1788702607.547957990,0 %, 2398 MHz, 42, 11.90 W
1788702607.648788795,0 %, 2398 MHz, 42, 11.90 W
1788702607.749111390,0 %, 2398 MHz, 42, 11.92 W
1788702607.849501090,0 %, 2398 MHz, 42, 11.92 W
1788702607.950321511,0 %, 2398 MHz, 42, 11.92 W
1788702608.050663579,0 %, 2398 MHz, 42, 11.92 W
1788702608.151091823,0 %, 2398 MHz, 42, 11.92 W
1788702608.251863236,0 %, 2398 MHz, 42, 11.94 W
1788702608.352260264,0 %, 2398 MHz, 42, 11.94 W
1788702608.452622364,0 %, 2398 MHz, 42, 11.94 W
1788702608.553914785,0 %, 2398 MHz, 42, 11.94 W
1788702608.653970341,0 %, 2398 MHz, 42, 11.94 W
1788702608.754322393,0 %, 2398 MHz, 42, 11.95 W
1788702608.855406302,0 %, 2398 MHz, 42, 11.95 W
1788702608.955766226,0 %, 2398 MHz, 42, 11.95 W
1788702609.055877542,0 %, 2398 MHz, 42, 11.95 W
1788702609.156625722,0 %, 2398 MHz, 42, 11.95 W
1788702609.257018031,0 %, 2398 MHz, 42, 11.95 W
1788702609.357784147,0 %, 2398 MHz, 42, 11.95 W
1788702609.458225960,0 %, 2398 MHz, 42, 11.95 W
1788702609.558546764,0 %, 2398 MHz, 42, 11.95 W
1788702609.658964448,0 %, 2398 MHz, 42, 11.95 W
1788702609.759751253,0 %, 2398 MHz, 42, 11.94 W
1788702609.860117801,0 %, 2398 MHz, 42, 11.94 W
1788702609.960282093,0 %, 2398 MHz, 42, 11.94 W
1788702610.060748481,0 %, 2398 MHz, 42, 11.94 W
1788702610.161870695,0 %, 2398 MHz, 42, 11.94 W
1788702610.261954746,0 %, 2398 MHz, 42, 11.93 W
1788702610.362322334,0 %, 2398 MHz, 42, 11.93 W
1788702610.463112036,0 %, 2398 MHz, 42, 11.93 W
1788702610.563111639,0 %, 2398 MHz, 42, 11.93 W
1788702610.663414507,0 %, 2398 MHz, 42, 11.93 W
1788702610.763046718,0 %, 2398 MHz, 42, 11.91 W
1788702610.863521971,0 %, 2398 MHz, 42, 11.91 W
1788702610.963372326,0 %, 2398 MHz, 42, 11.91 W
1788702611.063397849,0 %, 2398 MHz, 42, 11.91 W
1788702611.163584957,0 %, 2398 MHz, 42, 11.91 W
1788702611.264329395,0 %, 2398 MHz, 42, 11.94 W
1788702611.365195000,0 %, 2398 MHz, 42, 11.94 W
1788702611.465333532,0 %, 2398 MHz, 42, 11.94 W
1788702611.566168529,0 %, 2398 MHz, 42, 11.94 W
1788702611.666526885,0 %, 2398 MHz, 42, 11.94 W
1788702611.766868777,0 %, 2398 MHz, 42, 11.95 W
1788702611.867684703,0 %, 2398 MHz, 42, 11.95 W
1788702611.968058899,0 %, 2398 MHz, 42, 11.95 W
1788702612.068791720,0 %, 2398 MHz, 42, 11.95 W
1788702612.169248893,0 %, 2398 MHz, 42, 11.95 W
1788702612.269582881,0 %, 2398 MHz, 42, 11.96 W
1788702612.370037222,0 %, 2398 MHz, 42, 11.96 W
1788702612.470802651,0 %, 2398 MHz, 42, 11.96 W
1788702612.571141535,0 %, 2398 MHz, 42, 11.96 W
1788702612.671578004,0 %, 2398 MHz, 42, 11.96 W
1788702612.772377945,0 %, 2398 MHz, 42, 11.95 W
1788702612.872731854,0 %, 2398 MHz, 42, 11.95 W
1788702612.973255394,0 %, 2398 MHz, 42, 11.95 W
1788702613.074011607,0 %, 2398 MHz, 42, 11.95 W
1788702613.174680381,0 %, 2398 MHz, 42, 11.95 W
1788702613.275102081,0 %, 2398 MHz, 42, 11.93 W
1788702613.375841478,0 %, 2398 MHz, 42, 11.93 W
1788702613.477310093,0 %, 2398 MHz, 42, 11.93 W
1788702613.576292175,0 %, 2398 MHz, 42, 11.93 W
1788702613.677323077,0 %, 2398 MHz, 42, 11.93 W
1788702613.777457161,0 %, 2398 MHz, 42, 11.94 W
1788702613.877883038,0 %, 2398 MHz, 42, 11.94 W
1788702613.978637043,0 %, 2398 MHz, 42, 11.94 W
1788702614.079006280,0 %, 2398 MHz, 42, 11.94 W
1788702614.179411868,0 %, 2398 MHz, 42, 11.94 W
1788702614.280181298,0 %, 2398 MHz, 42, 11.97 W
1788702614.380601911,0 %, 2398 MHz, 42, 11.97 W
1788702614.480985723,0 %, 2398 MHz, 42, 11.97 W
1788702614.581756177,0 %, 2398 MHz, 42, 11.97 W
1788702614.682846679,0 %, 2398 MHz, 42, 11.97 W
1788702614.782523034,0 %, 2398 MHz, 42, 11.97 W
1788702614.883312095,0 %, 2398 MHz, 42, 11.97 W
1788702614.983056099,0 %, 2398 MHz, 42, 11.97 W
1788702615.083787064,0 %, 2398 MHz, 42, 11.97 W
1788702615.184299454,0 %, 2398 MHz, 42, 11.97 W
1788702615.285810868,0 %, 2398 MHz, 42, 11.96 W
1788702615.385769304,0 %, 2398 MHz, 42, 11.96 W
1788702615.485906317,0 %, 2398 MHz, 42, 11.96 W
1788702615.586678338,0 %, 2398 MHz, 42, 11.96 W
1788702615.687014615,0 %, 2398 MHz, 42, 11.96 W
1788702615.787421756,0 %, 2398 MHz, 42, 11.96 W
1788702615.888805955,0 %, 2398 MHz, 42, 11.96 W
1788702615.988848471,0 %, 2398 MHz, 42, 11.96 W
1788702616.088985035,0 %, 2398 MHz, 42, 11.96 W
1788702616.190295058,0 %, 2398 MHz, 42, 11.96 W
1788702616.290116518,0 %, 2398 MHz, 42, 11.94 W
1788702616.390518555,0 %, 2398 MHz, 42, 11.94 W
1788702616.491315520,0 %, 2398 MHz, 42, 11.94 W
1788702616.591728629,0 %, 2398 MHz, 42, 11.94 W
1788702616.692856748,0 %, 2398 MHz, 42, 11.94 W
1788702616.792893120,0 %, 2398 MHz, 42, 11.89 W
1788702616.893416309,0 %, 2398 MHz, 42, 11.89 W
1788702616.993802682,0 %, 2398 MHz, 42, 11.89 W
1788702617.094807056,0 %, 2398 MHz, 42, 11.89 W
1788702617.194941829,0 %, 2398 MHz, 42, 11.89 W
1788702617.295305082,0 %, 2398 MHz, 42, 11.86 W
1788702617.396064672,0 %, 2398 MHz, 42, 11.86 W
1788702617.496777717,0 %, 2398 MHz, 42, 11.86 W
1788702617.597113658,0 %, 2398 MHz, 42, 11.86 W
1788702617.697616752,0 %, 2398 MHz, 42, 11.86 W
1788702617.797983701,0 %, 2398 MHz, 42, 11.86 W
1788702617.898777930,0 %, 2398 MHz, 42, 11.86 W
1788702617.999172575,0 %, 2398 MHz, 42, 11.86 W
1788702618.099542405,0 %, 2398 MHz, 42, 11.86 W
1788702618.199962762,0 %, 2398 MHz, 42, 11.86 W
1788702618.300770528,0 %, 2398 MHz, 42, 11.85 W
1788702618.401106261,0 %, 2398 MHz, 42, 11.85 W
1788702618.501833243,0 %, 2398 MHz, 42, 11.85 W
1788702618.602318304,0 %, 2398 MHz, 42, 11.85 W
1788702618.702621045,0 %, 2398 MHz, 42, 11.85 W
1788702618.803074490,0 %, 2398 MHz, 42, 11.84 W
1788702618.903858864,0 %, 2398 MHz, 42, 11.84 W
1788702619.004207173,0 %, 2398 MHz, 42, 11.84 W
1788702619.104604891,0 %, 2398 MHz, 42, 11.84 W
1788702619.205842129,0 %, 2398 MHz, 42, 11.84 W
1788702619.305951510,0 %, 2398 MHz, 42, 11.85 W
1788702619.406294267,0 %, 2398 MHz, 42, 11.85 W
1788702619.507033649,0 %, 2398 MHz, 42, 11.85 W
1788702619.607799815,0 %, 2398 MHz, 42, 11.85 W
1788702619.708846574,0 %, 2398 MHz, 42, 11.85 W
1788702619.808580530,0 %, 2398 MHz, 42, 11.89 W
1788702619.908971991,0 %, 2398 MHz, 42, 11.89 W
1788702620.009770189,0 %, 2398 MHz, 42, 11.89 W
1788702620.110169986,0 %, 2398 MHz, 42, 11.89 W
1788702620.210789608,0 %, 2398 MHz, 42, 11.89 W
1788702620.310895149,0 %, 2398 MHz, 42, 11.91 W
1788702620.411743347,0 %, 2398 MHz, 42, 11.91 W
1788702620.512034729,0 %, 2398 MHz, 42, 11.91 W
1788702620.612793215,0 %, 2398 MHz, 42, 11.91 W
1788702620.713260260,0 %, 2398 MHz, 42, 11.91 W
1788702620.813604009,0 %, 2398 MHz, 42, 11.93 W
1788702620.914040607,0 %, 2398 MHz, 42, 11.93 W
1788702621.014798309,0 %, 2398 MHz, 42, 11.93 W
1788702621.115158507,0 %, 2398 MHz, 42, 11.93 W
1788702621.215550128,0 %, 2398 MHz, 42, 11.93 W
1788702621.316342262,0 %, 2398 MHz, 42, 11.89 W
1788702621.416731324,0 %, 2398 MHz, 42, 11.89 W
1788702621.517253521,0 %, 2398 MHz, 42, 11.89 W
1788702621.618290504,0 %, 2398 MHz, 42, 11.89 W
1788702621.718788958,0 %, 2398 MHz, 42, 11.86 W
1788702621.819062595,0 %, 2398 MHz, 42, 11.86 W
1788702621.919544873,0 %, 2398 MHz, 42, 11.86 W
1788702622.019940238,0 %, 2398 MHz, 42, 11.86 W
1788702622.120205140,0 %, 2398 MHz, 42, 11.86 W
1788702622.221099242,0 %, 2398 MHz, 42, 11.84 W
1788702622.321777760,0 %, 2398 MHz, 42, 11.84 W
1788702622.421898742,0 %, 2398 MHz, 42, 11.84 W
1788702622.522634604,0 %, 2398 MHz, 42, 11.84 W
1788702622.622988961,0 %, 2398 MHz, 42, 11.84 W
1788702622.723421399,0 %, 2398 MHz, 42, 11.87 W
1788702622.824200269,0 %, 2398 MHz, 42, 11.87 W
1788702622.924796307,0 %, 2398 MHz, 42, 11.87 W
1788702623.024934777,0 %, 2398 MHz, 42, 11.87 W
1788702623.125245934,0 %, 2398 MHz, 42, 11.87 W
1788702623.226019717,0 %, 2398 MHz, 42, 11.89 W
1788702623.326780683,0 %, 2398 MHz, 42, 11.89 W
1788702623.427059041,0 %, 2398 MHz, 42, 11.89 W
1788702623.527866519,0 %, 2398 MHz, 42, 11.89 W
1788702623.628000444,0 %, 2398 MHz, 42, 11.89 W
1788702623.728345474,0 %, 2398 MHz, 42, 11.88 W
1788702623.829483273,0 %, 2398 MHz, 42, 11.88 W
1788702623.929112269,0 %, 2398 MHz, 42, 11.88 W
1788702624.029687251,0 %, 2398 MHz, 42, 11.88 W
1788702624.130646922,0 %, 2398 MHz, 42, 11.88 W
1788702624.231014800,0 %, 2398 MHz, 42, 11.90 W
1788702624.331792615,0 %, 2398 MHz, 42, 11.90 W
1788702624.432207725,0 %, 2398 MHz, 42, 11.90 W
1788702624.532845843,0 %, 2398 MHz, 42, 11.90 W
1788702624.632971208,0 %, 2398 MHz, 42, 11.90 W
1788702624.733789247,0 %, 2398 MHz, 42, 11.94 W
1788702624.834102789,0 %, 2398 MHz, 42, 11.94 W
1788702624.934503402,0 %, 2398 MHz, 42, 11.94 W
1788702625.035300465,0 %, 2398 MHz, 42, 11.94 W
1788702625.135646359,0 %, 2398 MHz, 42, 11.94 W
1788702625.236106941,0 %, 2398 MHz, 42, 11.94 W
1788702625.336880612,0 %, 2398 MHz, 42, 11.94 W
1788702625.437818795,0 %, 2398 MHz, 42, 11.94 W
1788702625.538043296,0 %, 2398 MHz, 42, 11.94 W
1788702625.638551862,0 %, 2398 MHz, 42, 11.94 W
1788702625.739629550,0 %, 2398 MHz, 42, 11.93 W
1788702625.839318754,0 %, 2398 MHz, 42, 11.93 W
1788702625.940085593,0 %, 2398 MHz, 42, 11.93 W
1788702626.040799440,0 %, 2398 MHz, 42, 11.93 W
1788702626.141105621,0 %, 2398 MHz, 42, 11.93 W
1788702626.241630332,0 %, 2398 MHz, 42, 11.95 W
1788702626.341995442,0 %, 2398 MHz, 42, 11.95 W
1788702626.442367640,0 %, 2398 MHz, 42, 11.95 W
1788702626.543180191,0 %, 2398 MHz, 42, 11.95 W
1788702626.643110356,0 %, 2398 MHz, 42, 11.95 W
1788702626.743709978,0 %, 2398 MHz, 42, 11.98 W
1788702626.844571185,0 %, 2398 MHz, 42, 11.98 W
1788702626.943876965,0 %, 2398 MHz, 42, 11.98 W
1788702627.044408556,0 %, 2398 MHz, 42, 11.98 W
1788702627.144252721,0 %, 2398 MHz, 42, 11.98 W
1788702627.245383448,0 %, 2398 MHz, 42, 12.01 W
1788702627.344618236,0 %, 2398 MHz, 42, 12.01 W
1788702627.444854082,0 %, 2398 MHz, 42, 12.01 W
1788702627.545013512,0 %, 2398 MHz, 42, 12.01 W
1788702627.645684255,0 %, 2398 MHz, 42, 12.01 W
1788702627.746404326,0 %, 2398 MHz, 42, 12.07 W
1788702627.846802028,0 %, 2398 MHz, 42, 12.07 W
1788702627.947211474,0 %, 2398 MHz, 42, 12.07 W
1788702628.048035945,0 %, 2398 MHz, 42, 12.07 W
1788702628.148326383,0 %, 2398 MHz, 42, 12.07 W
1788702628.248893078,0 %, 2398 MHz, 42, 12.01 W
1788702628.349581165,0 %, 2398 MHz, 42, 12.01 W
1788702628.449966019,0 %, 2398 MHz, 42, 12.01 W
1788702628.550395673,0 %, 2398 MHz, 42, 12.01 W
1788702628.651647281,0 %, 2398 MHz, 42, 12.01 W
1788702628.751528694,0 %, 2398 MHz, 42, 11.93 W
1788702628.852157197,0 %, 2398 MHz, 42, 11.93 W
1788702628.952727412,0 %, 2398 MHz, 42, 11.93 W
1788702629.053042250,0 %, 2398 MHz, 42, 11.93 W
1788702629.153783457,0 %, 2398 MHz, 42, 11.93 W
1788702629.254233319,0 %, 2398 MHz, 42, 11.93 W
1788702629.354810270,0 %, 2398 MHz, 42, 11.93 W
1788702629.454247827,0 %, 2398 MHz, 42, 11.93 W
1788702629.554356697,0 %, 2398 MHz, 42, 11.93 W
1788702629.654610703,0 %, 2398 MHz, 42, 11.93 W
1788702629.755848103,0 %, 2398 MHz, 42, 11.95 W
1788702629.856113245,0 %, 2398 MHz, 42, 11.95 W
1788702629.956633844,0 %, 2398 MHz, 42, 11.95 W
1788702630.057010858,0 %, 2398 MHz, 42, 11.95 W
1788702630.157416465,0 %, 2398 MHz, 42, 11.95 W
1788702630.258166152,0 %, 2398 MHz, 42, 11.93 W
1788702630.358842079,0 %, 2398 MHz, 42, 11.93 W
1788702630.459186021,0 %, 2398 MHz, 42, 11.93 W
1788702630.559706636,0 %, 2398 MHz, 42, 11.93 W
1788702630.660088114,0 %, 2398 MHz, 42, 11.93 W
1788702630.760826746,0 %, 2398 MHz, 42, 11.90 W
1788702630.861267088,0 %, 2398 MHz, 42, 11.90 W
1788702630.961636327,0 %, 2398 MHz, 42, 11.90 W
1788702631.062054221,0 %, 2398 MHz, 42, 11.90 W
1788702631.162821445,0 %, 2398 MHz, 42, 11.90 W
1788702631.263181147,0 %, 2398 MHz, 42, 11.89 W
1788702631.363886530,0 %, 2398 MHz, 42, 11.89 W
1788702631.464810954,0 %, 2398 MHz, 42, 11.89 W
1788702631.565210032,0 %, 2398 MHz, 42, 11.89 W
1788702631.665726519,0 %, 2398 MHz, 42, 11.89 W
1788702631.766091326,0 %, 2398 MHz, 42, 11.86 W
1788702631.866531701,0 %, 2398 MHz, 42, 11.86 W
1788702631.967264716,0 %, 2398 MHz, 42, 11.86 W
1788702632.067640994,0 %, 2398 MHz, 42, 11.86 W
1788702632.168034425,0 %, 2398 MHz, 42, 11.86 W
1788702632.269640226,0 %, 2398 MHz, 42, 11.84 W
1788702632.369662792,0 %, 2398 MHz, 42, 11.84 W
1788702632.469878735,0 %, 2398 MHz, 42, 11.84 W
1788702632.570391174,0 %, 2398 MHz, 42, 11.84 W
1788702632.670771596,0 %, 2398 MHz, 42, 11.84 W
1788702632.771297891,0 %, 2398 MHz, 42, 11.82 W
1788702632.872024379,0 %, 2398 MHz, 42, 11.82 W
1788702632.972799282,0 %, 2398 MHz, 42, 11.82 W
1788702633.073096457,0 %, 2398 MHz, 42, 11.82 W
1788702633.173600064,0 %, 2398 MHz, 42, 11.82 W
1788702633.273972726,0 %, 2398 MHz, 42, 11.81 W
1788702633.374800798,0 %, 2398 MHz, 42, 11.81 W
1788702633.475192613,0 %, 2398 MHz, 42, 11.81 W
1788702633.575799052,0 %, 2398 MHz, 42, 11.81 W
1788702633.677046117,0 %, 2398 MHz, 42, 11.81 W
1788702633.776727146,0 %, 2398 MHz, 42, 11.80 W
1788702633.877101889,0 %, 2398 MHz, 42, 11.80 W
1788702633.977826648,0 %, 2398 MHz, 42, 11.80 W
1788702634.078268335,0 %, 2398 MHz, 42, 11.80 W
1788702634.178622326,0 %, 2398 MHz, 42, 11.80 W
1788702634.279041853,0 %, 2398 MHz, 42, 11.82 W
1788702634.379835845,0 %, 2398 MHz, 42, 11.82 W
1788702634.480203852,0 %, 2398 MHz, 42, 11.82 W
1788702634.580651395,0 %, 2398 MHz, 42, 11.82 W
1788702634.681819099,0 %, 2398 MHz, 42, 11.82 W
1788702634.781935970,0 %, 2398 MHz, 42, 11.84 W
1788702634.882750185,0 %, 2398 MHz, 42, 11.84 W
1788702634.982773888,0 %, 2398 MHz, 42, 11.84 W
1788702635.083806472,0 %, 2398 MHz, 42, 11.84 W
1788702635.184074047,0 %, 2398 MHz, 42, 11.84 W
1788702635.284649206,0 %, 2398 MHz, 42, 11.84 W
1788702635.384976237,0 %, 2398 MHz, 42, 11.84 W
1788702635.485357588,0 %, 2398 MHz, 42, 11.84 W
1788702635.586135228,0 %, 2398 MHz, 42, 11.84 W
1788702635.686793411,0 %, 2398 MHz, 42, 11.84 W
1788702635.787130106,0 %, 2398 MHz, 42, 11.83 W
1788702635.887677250,0 %, 2398 MHz, 42, 11.83 W
1788702635.988024793,0 %, 2398 MHz, 42, 11.83 W
1788702636.088059551,0 %, 2398 MHz, 42, 11.83 W
1788702636.188076630,0 %, 2398 MHz, 42, 11.83 W
1788702636.287915676,0 %, 2398 MHz, 42, 11.83 W
1788702636.388103811,0 %, 2398 MHz, 42, 11.83 W
1788702636.488485834,0 %, 2398 MHz, 42, 11.83 W
1788702636.589823523,0 %, 2398 MHz, 42, 11.83 W
1788702636.690663707,0 %, 2398 MHz, 42, 11.83 W
1788702636.790859073,0 %, 2398 MHz, 42, 11.87 W
1788702636.890954728,0 %, 2398 MHz, 42, 11.87 W
1788702636.991727712,0 %, 2398 MHz, 42, 11.87 W
1788702637.092097767,0 %, 2398 MHz, 42, 11.87 W
1788702637.192494574,0 %, 2398 MHz, 42, 11.87 W
1788702637.293285302,0 %, 2398 MHz, 42, 11.91 W
1788702637.394331247,0 %, 2398 MHz, 42, 11.91 W
1788702637.494090181,0 %, 2398 MHz, 42, 11.91 W
1788702637.594850749,0 %, 2398 MHz, 42, 11.91 W
1788702637.695396212,0 %, 2398 MHz, 42, 11.91 W
1788702637.795624059,0 %, 2398 MHz, 42, 11.92 W
1788702637.896382387,0 %, 2398 MHz, 42, 11.92 W
1788702637.996762443,0 %, 2398 MHz, 42, 11.92 W
1788702638.097176514,0 %, 2398 MHz, 42, 11.92 W
1788702638.198237835,0 %, 2398 MHz, 42, 11.92 W
1788702638.298316801,0 %, 2398 MHz, 42, 11.91 W
1788702638.399058057,0 %, 2398 MHz, 42, 11.91 W
1788702638.499812145,0 %, 2398 MHz, 42, 11.91 W
1788702638.600224745,0 %, 2398 MHz, 42, 11.91 W
1788702638.700317872,0 %, 2398 MHz, 42, 11.91 W
1788702638.801803961,0 %, 2398 MHz, 42, 11.90 W
1788702638.901813856,0 %, 2398 MHz, 42, 11.90 W
1788702639.002798344,0 %, 2398 MHz, 42, 11.90 W
1788702639.101626237,0 %, 2398 MHz, 42, 11.90 W
1788702639.201731300,0 %, 2398 MHz, 42, 11.90 W
1788702639.302219867,0 %, 2398 MHz, 42, 11.89 W
1788702639.403277236,0 %, 2398 MHz, 42, 11.89 W
1788702639.504068508,0 %, 2398 MHz, 42, 11.89 W
1788702639.604092787,0 %, 2398 MHz, 42, 11.89 W
1788702639.704934875,0 %, 2398 MHz, 42, 11.89 W
1788702639.805525395,0 %, 2398 MHz, 42, 11.94 W
1788702639.906252571,0 %, 2398 MHz, 42, 11.94 W
1788702640.006417203,0 %, 2398 MHz, 42, 11.94 W
1788702640.107061147,0 %, 2398 MHz, 42, 11.94 W
1788702640.207814723,0 %, 2398 MHz, 42, 11.94 W
1788702640.307795386,0 %, 2398 MHz, 42, 11.98 W
1788702640.408277201,0 %, 2398 MHz, 42, 11.98 W
1788702640.509342586,0 %, 2398 MHz, 42, 11.98 W
1788702640.609080897,0 %, 2398 MHz, 42, 11.98 W
1788702640.710142601,0 %, 2398 MHz, 42, 11.98 W
1788702640.810193200,0 %, 2398 MHz, 42, 11.94 W
1788702640.911052201,0 %, 2398 MHz, 42, 11.94 W
1788702641.011390368,0 %, 2398 MHz, 42, 11.94 W
1788702641.112449305,0 %, 2398 MHz, 42, 11.94 W
1788702641.212174160,0 %, 2398 MHz, 42, 11.94 W
1788702641.313303593,0 %, 2398 MHz, 42, 11.89 W
1788702641.413995777,0 %, 2398 MHz, 42, 11.89 W
1788702641.514144328,0 %, 2398 MHz, 42, 11.89 W
1788702641.614818593,0 %, 2398 MHz, 42, 11.89 W
1788702641.715510665,0 %, 2398 MHz, 42, 11.89 W
1788702641.815884256,0 %, 2398 MHz, 42, 11.90 W
1788702641.916473865,0 %, 2398 MHz, 42, 11.90 W
1788702642.017192657,0 %, 2398 MHz, 42, 11.90 W
1788702642.117240584,0 %, 2398 MHz, 42, 11.90 W
1788702642.218068913,0 %, 2398 MHz, 42, 11.90 W
1788702642.318121112,0 %, 2398 MHz, 42, 11.90 W
1788702642.418953744,0 %, 2398 MHz, 42, 11.90 W
1788702642.519534121,0 %, 2398 MHz, 42, 11.90 W
1788702642.620286641,0 %, 2398 MHz, 42, 11.90 W
1788702642.720495641,0 %, 2398 MHz, 42, 11.88 W
1788702642.821107137,0 %, 2398 MHz, 42, 11.88 W
1788702642.921167128,0 %, 2398 MHz, 42, 11.88 W
1788702643.022032385,0 %, 2398 MHz, 42, 11.88 W
1788702643.122657545,0 %, 2398 MHz, 42, 11.88 W
1788702643.223403906,0 %, 2398 MHz, 42, 11.87 W
1788702643.323133832,0 %, 2398 MHz, 42, 11.87 W
1788702643.424210465,0 %, 2398 MHz, 42, 11.87 W
1788702643.524965578,0 %, 2398 MHz, 42, 11.87 W
1788702643.625100881,0 %, 2398 MHz, 42, 11.87 W
1788702643.725774010,0 %, 2398 MHz, 42, 11.90 W
1788702643.826488306,0 %, 2398 MHz, 42, 11.90 W
1788702643.926257337,0 %, 2398 MHz, 42, 11.90 W
1788702644.027336466,0 %, 2398 MHz, 42, 11.90 W
1788702644.127613802,0 %, 2398 MHz, 42, 11.90 W
1788702644.228229171,0 %, 2398 MHz, 42, 11.95 W
1788702644.328842811,0 %, 2398 MHz, 42, 11.95 W
1788702644.429769988,0 %, 2398 MHz, 42, 11.95 W
1788702644.529931804,0 %, 2398 MHz, 42, 11.95 W
1788702644.630525828,0 %, 2398 MHz, 42, 11.95 W
1788702644.731434717,0 %, 2398 MHz, 42, 11.97 W
1788702644.831281124,0 %, 2398 MHz, 42, 11.97 W
1788702644.932084445,0 %, 2398 MHz, 42, 11.97 W
1788702645.032815957,0 %, 2398 MHz, 42, 11.97 W
1788702645.132384396,0 %, 2398 MHz, 42, 11.97 W
1788702645.233245845,0 %, 2398 MHz, 42, 11.97 W
1788702645.333639869,0 %, 2398 MHz, 42, 11.97 W
1788702645.434648758,0 %, 2398 MHz, 42, 11.97 W
1788702645.535146159,0 %, 2398 MHz, 42, 11.97 W
1788702645.635906408,0 %, 2398 MHz, 42, 11.97 W
1788702645.736042783,0 %, 2398 MHz, 42, 11.97 W
1788702645.836719976,0 %, 2398 MHz, 42, 11.97 W
1788702645.937440129,0 %, 2398 MHz, 42, 11.97 W
1788702646.037209192,0 %, 2398 MHz, 42, 11.97 W
1788702646.138271953,0 %, 2398 MHz, 42, 11.97 W
1788702646.238330505,0 %, 2398 MHz, 42, 11.95 W
1788702646.339144338,0 %, 2398 MHz, 42, 11.95 W
1788702646.439815931,0 %, 2398 MHz, 42, 11.95 W
1788702646.540544723,0 %, 2398 MHz, 42, 11.95 W
1788702646.640679499,0 %, 2398 MHz, 42, 11.95 W
1788702646.741558868,0 %, 2398 MHz, 42, 11.94 W
1788702646.842241469,0 %, 2398 MHz, 42, 11.94 W
1788702646.942387621,0 %, 2398 MHz, 42, 11.94 W
1788702647.043055166,0 %, 2398 MHz, 42, 11.94 W
1788702647.143779735,0 %, 2398 MHz, 42, 11.94 W
1788702647.242624348,0 %, 2398 MHz, 42, 11.90 W
1788702647.342930116,0 %, 2398 MHz, 42, 11.90 W
1788702647.442958908,0 %, 2398 MHz, 42, 11.90 W
1788702647.545254552,0 %, 2398 MHz, 42, 11.90 W
1788702647.644636766,0 %, 2398 MHz, 42, 11.90 W
1788702647.745034775,0 %, 2398 MHz, 42, 11.87 W
1788702647.845798848,0 %, 2398 MHz, 42, 11.87 W
1788702647.946786281,0 %, 2398 MHz, 42, 11.87 W
1788702648.046834593,0 %, 2398 MHz, 42, 11.87 W
1788702648.146990265,0 %, 2398 MHz, 42, 11.87 W
1788702648.247790098,0 %, 2398 MHz, 42, 11.88 W
1788702648.348107210,0 %, 2398 MHz, 42, 11.88 W
1788702648.448840883,0 %, 2398 MHz, 42, 11.88 W
1788702648.549300252,0 %, 2398 MHz, 42, 11.88 W
1788702648.649670612,0 %, 2398 MHz, 42, 11.88 W
1788702648.750087677,0 %, 2398 MHz, 42, 11.92 W
1788702648.850855334,0 %, 2398 MHz, 42, 11.92 W
1788702648.951060782,0 %, 2398 MHz, 42, 11.92 W
1788702649.051886759,0 %, 2398 MHz, 42, 11.92 W
1788702649.152245872,0 %, 2398 MHz, 42, 11.92 W
1788702649.252718201,0 %, 2398 MHz, 42, 11.91 W
1788702649.353153825,0 %, 2398 MHz, 42, 11.91 W
1788702649.453509306,0 %, 2398 MHz, 42, 11.91 W
1788702649.554258099,0 %, 2398 MHz, 42, 11.91 W
1788702649.654621275,0 %, 2398 MHz, 42, 11.91 W
1788702649.755023844,0 %, 2398 MHz, 42, 11.86 W
1788702649.855809773,0 %, 2398 MHz, 42, 11.86 W
1788702649.956167398,0 %, 2398 MHz, 42, 11.86 W
1788702650.056546078,0 %, 2398 MHz, 42, 11.86 W
1788702650.157333976,0 %, 2398 MHz, 42, 11.86 W
1788702650.257724720,0 %, 2398 MHz, 42, 11.84 W
1788702650.358115449,0 %, 2398 MHz, 42, 11.84 W
1788702650.458899603,0 %, 2398 MHz, 42, 11.84 W
1788702650.559291051,0 %, 2398 MHz, 42, 11.84 W
1788702650.659672596,0 %, 2398 MHz, 42, 11.84 W
1788702650.760475101,0 %, 2398 MHz, 42, 11.84 W
1788702650.860867078,0 %, 2398 MHz, 42, 11.84 W
1788702650.961266815,0 %, 2398 MHz, 42, 11.84 W
1788702651.062040824,0 %, 2398 MHz, 42, 11.84 W
1788702651.162791393,0 %, 2398 MHz, 42, 11.84 W
1788702651.263082074,0 %, 2398 MHz, 42, 11.83 W
1788702651.363584787,0 %, 2398 MHz, 42, 11.83 W
1788702651.463984060,0 %, 2398 MHz, 42, 11.83 W
1788702651.564794069,0 %, 2398 MHz, 42, 11.83 W
1788702651.665398062,0 %, 2398 MHz, 42, 11.83 W
1788702651.765504711,0 %, 2398 MHz, 42, 11.86 W
1788702651.865960816,0 %, 2398 MHz, 42, 11.86 W
1788702651.966727657,0 %, 2398 MHz, 42, 11.86 W
1788702652.067108562,0 %, 2398 MHz, 42, 11.86 W
1788702652.167511083,0 %, 2398 MHz, 42, 11.86 W
1788702652.268279428,0 %, 2398 MHz, 42, 11.86 W
1788702652.368651677,0 %, 2398 MHz, 42, 11.86 W
1788702652.469097574,0 %, 2398 MHz, 42, 11.86 W
1788702652.569860448,0 %, 2398 MHz, 42, 11.86 W
1788702652.670395945,0 %, 2398 MHz, 42, 11.86 W
1788702652.771187266,0 %, 2398 MHz, 42, 11.86 W
1788702652.871841788,0 %, 2398 MHz, 42, 11.86 W
1788702652.971963924,0 %, 2398 MHz, 42, 11.86 W
1788702653.072776814,0 %, 2398 MHz, 42, 11.86 W
1788702653.173138007,0 %, 2398 MHz, 42, 11.86 W
1788702653.273524848,0 %, 2398 MHz, 42, 11.91 W
1788702653.374835722,0 %, 2398 MHz, 42, 11.91 W
1788702653.474964515,0 %, 2398 MHz, 42, 11.91 W
1788702653.575748717,0 %, 2398 MHz, 42, 11.91 W
1788702653.676323478,0 %, 2398 MHz, 42, 11.91 W
1788702653.776507246,0 %, 2398 MHz, 42, 11.94 W
1788702653.877285992,0 %, 2398 MHz, 42, 11.94 W
1788702653.977707153,0 %, 2398 MHz, 42, 11.94 W
1788702654.078071290,0 %, 2398 MHz, 42, 11.94 W
1788702654.178857204,0 %, 2398 MHz, 42, 11.94 W
1788702654.279241245,0 %, 2398 MHz, 42, 11.93 W
1788702654.379616214,0 %, 2398 MHz, 42, 11.93 W
1788702654.480404544,0 %, 2398 MHz, 42, 11.93 W
1788702654.581469386,0 %, 2398 MHz, 42, 11.93 W
1788702654.681198514,0 %, 2398 MHz, 42, 11.93 W
1788702654.782300252,0 %, 2398 MHz, 42, 11.93 W
1788702654.882468757,0 %, 2398 MHz, 42, 11.93 W
1788702654.982517486,0 %, 2398 MHz, 42, 11.93 W
1788702655.083034023,0 %, 2398 MHz, 42, 11.93 W
1788702655.183799537,0 %, 2398 MHz, 42, 11.93 W
1788702655.284162922,0 %, 2398 MHz, 42, 11.92 W
1788702655.384539763,0 %, 2398 MHz, 42, 11.92 W
1788702655.485323085,0 %, 2398 MHz, 42, 11.92 W
1788702655.585734662,0 %, 2398 MHz, 42, 11.92 W
1788702655.686637648,0 %, 2398 MHz, 42, 11.92 W
1788702655.786877945,0 %, 2398 MHz, 42, 11.93 W
1788702655.887767475,0 %, 2398 MHz, 42, 11.93 W
1788702655.988050684,0 %, 2398 MHz, 42, 11.93 W
1788702656.088851270,0 %, 2398 MHz, 42, 11.93 W
1788702656.188987119,0 %, 2398 MHz, 42, 11.93 W
1788702656.289301960,0 %, 2398 MHz, 42, 11.94 W
1788702656.390057250,0 %, 2398 MHz, 42, 11.94 W
1788702656.490771420,0 %, 2398 MHz, 42, 11.94 W
1788702656.591072213,0 %, 2398 MHz, 42, 11.94 W
1788702656.691610287,0 %, 2398 MHz, 42, 11.94 W
1788702656.791963048,0 %, 2398 MHz, 42, 11.91 W
1788702656.892788450,0 %, 2398 MHz, 42, 11.91 W
1788702656.993169403,0 %, 2398 MHz, 42, 11.91 W
1788702657.093799973,0 %, 2398 MHz, 42, 11.91 W
1788702657.193935838,0 %, 2398 MHz, 42, 11.91 W
1788702657.294738712,0 %, 2398 MHz, 42, 11.90 W
1788702657.395058594,0 %, 2398 MHz, 42, 11.90 W
1788702657.495502411,0 %, 2398 MHz, 42, 11.90 W
1788702657.596821846,0 %, 2398 MHz, 42, 11.90 W
1788702657.696592591,0 %, 2398 MHz, 42, 11.90 W
1788702657.797323209,0 %, 2398 MHz, 42, 11.88 W
1788702657.897799058,0 %, 2398 MHz, 42, 11.88 W
1788702657.998194011,0 %, 2398 MHz, 42, 11.88 W
1788702658.098577365,0 %, 2398 MHz, 42, 11.88 W
1788702658.199816160,0 %, 2398 MHz, 42, 11.88 W
1788702658.299905897,0 %, 2398 MHz, 42, 11.88 W
1788702658.400259426,0 %, 2398 MHz, 42, 11.88 W
1788702658.501016909,0 %, 2398 MHz, 42, 11.88 W
1788702658.601812263,0 %, 2398 MHz, 42, 11.88 W
1788702658.702044064,0 %, 2398 MHz, 42, 11.88 W
1788702658.802576618,0 %, 2398 MHz, 42, 11.91 W
1788702658.902969475,0 %, 2398 MHz, 42, 11.91 W
1788702659.003776909,0 %, 2398 MHz, 42, 11.91 W
1788702659.104107015,0 %, 2398 MHz, 42, 11.91 W
1788702659.204797617,0 %, 2398 MHz, 42, 11.91 W
1788702659.305140907,0 %, 2398 MHz, 42, 11.90 W
1788702659.405663893,0 %, 2398 MHz, 42, 11.90 W
1788702659.506023614,0 %, 2398 MHz, 42, 11.90 W
1788702659.606802136,0 %, 2398 MHz, 42, 11.90 W
1788702659.707653715,0 %, 2398 MHz, 42, 11.90 W
1788702659.807871436,0 %, 2398 MHz, 42, 11.89 W
1788702659.908007621,0 %, 2398 MHz, 42, 11.89 W
1788702660.008093758,0 %, 2398 MHz, 42, 11.89 W
1788702660.109246681,0 %, 2398 MHz, 42, 11.89 W
1788702660.209253746,0 %, 2398 MHz, 42, 11.89 W
1788702660.309666652,0 %, 2398 MHz, 42, 11.88 W
1788702660.410018022,0 %, 2398 MHz, 42, 11.88 W
1788702660.510779600,0 %, 2398 MHz, 42, 11.88 W
1788702660.611161130,0 %, 2398 MHz, 42, 11.88 W
1788702660.711549587,0 %, 2398 MHz, 42, 11.88 W
1788702660.812328990,0 %, 2398 MHz, 42, 11.88 W
1788702660.912652311,0 %, 2398 MHz, 42, 11.88 W
1788702661.013088753,0 %, 2398 MHz, 42, 11.88 W
1788702661.113885884,0 %, 2398 MHz, 42, 11.88 W
1788702661.214220550,0 %, 2398 MHz, 42, 11.88 W
1788702661.314647487,0 %, 2398 MHz, 42, 11.87 W
1788702661.415777035,0 %, 2398 MHz, 42, 11.87 W
1788702661.516476037,0 %, 2398 MHz, 42, 11.87 W
1788702661.616267694,0 %, 2398 MHz, 42, 11.87 W
1788702661.717010824,0 %, 2398 MHz, 42, 11.87 W
1788702661.817392866,0 %, 2398 MHz, 42, 11.85 W
1788702661.918059772,0 %, 2398 MHz, 42, 11.85 W
1788702662.018578934,0 %, 2398 MHz, 42, 11.85 W
1788702662.118921744,0 %, 2398 MHz, 42, 11.85 W
1788702662.219313290,0 %, 2398 MHz, 42, 11.85 W
1788702662.320099429,0 %, 2398 MHz, 42, 11.83 W
1788702662.420533903,0 %, 2398 MHz, 42, 11.83 W
1788702662.520889608,0 %, 2398 MHz, 42, 11.83 W
1788702662.621667827,0 %, 2398 MHz, 42, 11.83 W
1788702662.722052061,0 %, 2398 MHz, 42, 11.81 W
1788702662.822436151,0 %, 2398 MHz, 42, 11.81 W
1788702662.923812435,0 %, 2398 MHz, 42, 11.81 W
1788702663.023567115,0 %, 2398 MHz, 42, 11.81 W
1788702663.124020870,0 %, 2398 MHz, 42, 11.81 W
1788702663.224780608,0 %, 2398 MHz, 42, 11.81 W
1788702663.325146634,0 %, 2398 MHz, 42, 11.81 W
1788702663.425561540,0 %, 2398 MHz, 42, 11.81 W
1788702663.526356303,0 %, 2398 MHz, 42, 11.81 W
1788702663.626705689,0 %, 2398 MHz, 42, 11.81 W
1788702663.727268067,0 %, 2398 MHz, 42, 11.88 W
1788702663.828281134,0 %, 2398 MHz, 42, 11.88 W
1788702663.928408136,0 %, 2398 MHz, 42, 11.88 W
1788702664.029066898,0 %, 2398 MHz, 42, 11.88 W
1788702664.129847229,0 %, 2398 MHz, 42, 11.88 W
1788702664.229990567,0 %, 2398 MHz, 42, 11.95 W
1788702664.330322705,0 %, 2398 MHz, 42, 11.95 W
1788702664.431082060,0 %, 2398 MHz, 42, 11.95 W
1788702664.531782054,0 %, 2398 MHz, 42, 11.95 W
1788702664.631923632,0 %, 2398 MHz, 42, 11.95 W
1788702664.732652571,0 %, 2398 MHz, 42, 12.01 W
1788702664.833022469,0 %, 2398 MHz, 42, 12.01 W
1788702664.933786016,0 %, 2398 MHz, 42, 12.01 W
1788702665.034218970,0 %, 2398 MHz, 42, 12.01 W
1788702665.134532932,0 %, 2398 MHz, 42, 12.01 W
1788702665.234966030,0 %, 2398 MHz, 42, 12.00 W
1788702665.335761657,0 %, 2398 MHz, 42, 12.00 W
1788702665.436099539,0 %, 2398 MHz, 42, 12.00 W
1788702665.536536030,0 %, 2398 MHz, 42, 12.00 W
1788702665.637307801,0 %, 2398 MHz, 42, 12.00 W
1788702665.737662371,0 %, 2398 MHz, 42, 11.96 W
1788702665.838099197,0 %, 2398 MHz, 42, 11.96 W
1788702665.938884440,0 %, 2398 MHz, 42, 11.96 W
1788702666.039224850,0 %, 2398 MHz, 42, 11.96 W
1788702666.139624349,0 %, 2398 MHz, 42, 11.96 W
1788702666.241138105,0 %, 2398 MHz, 42, 11.94 W
1788702666.341106002,0 %, 2398 MHz, 42, 11.94 W
1788702666.441190716,0 %, 2398 MHz, 42, 11.94 W
1788702666.541998951,0 %, 2398 MHz, 42, 11.94 W
1788702666.641745088,0 %, 2398 MHz, 42, 11.94 W
1788702666.741850890,0 %, 2398 MHz, 42, 11.95 W
1788702666.841892212,0 %, 2398 MHz, 42, 11.95 W
1788702666.943241792,0 %, 2398 MHz, 42, 11.95 W
1788702667.043975483,0 %, 2398 MHz, 42, 11.95 W
1788702667.144129877,0 %, 2398 MHz, 42, 11.95 W
1788702667.244437823,0 %, 2398 MHz, 42, 11.99 W
1788702667.345501803,0 %, 2398 MHz, 42, 11.99 W
1788702667.445492661,0 %, 2398 MHz, 42, 11.99 W
1788702667.546343200,0 %, 2398 MHz, 42, 11.99 W
1788702667.645288248,0 %, 2398 MHz, 42, 11.99 W
1788702667.745373762,0 %, 2398 MHz, 42, 12.01 W
1788702667.846199005,0 %, 2398 MHz, 42, 12.01 W
1788702667.947165320,0 %, 2398 MHz, 42, 12.01 W
1788702668.047264226,0 %, 2398 MHz, 42, 12.01 W
1788702668.148072285,0 %, 2398 MHz, 42, 12.01 W
1788702668.248384392,0 %, 2398 MHz, 42, 11.96 W
1788702668.349443140,0 %, 2398 MHz, 42, 11.96 W
1788702668.449174093,0 %, 2398 MHz, 42, 11.96 W
1788702668.550247529,0 %, 2398 MHz, 42, 11.96 W
1788702668.650334883,0 %, 2398 MHz, 42, 11.96 W
1788702668.751172254,0 %, 2398 MHz, 42, 11.89 W
1788702668.851495080,0 %, 2398 MHz, 42, 11.89 W
1788702668.952562964,0 %, 2398 MHz, 42, 11.89 W
1788702669.053097487,0 %, 2398 MHz, 42, 11.89 W
1788702669.153202121,0 %, 2398 MHz, 42, 11.89 W
1788702669.254025077,0 %, 2398 MHz, 42, 11.87 W
1788702669.354661936,0 %, 2398 MHz, 42, 11.87 W
1788702669.454597449,0 %, 2398 MHz, 42, 11.87 W
1788702669.555020916,0 %, 2398 MHz, 42, 11.87 W
1788702669.655795007,0 %, 2398 MHz, 42, 11.87 W
1788702669.756166010,0 %, 2398 MHz, 42, 11.89 W
1788702669.856858741,0 %, 2398 MHz, 42, 11.89 W
1788702669.957360160,0 %, 2398 MHz, 42, 11.89 W
1788702670.057755707,0 %, 2398 MHz, 42, 11.89 W
1788702670.158142741,0 %, 2398 MHz, 42, 11.89 W
1788702670.258907649,0 %, 2398 MHz, 42, 11.90 W
1788702670.359278620,0 %, 2398 MHz, 42, 11.90 W
1788702670.459712630,0 %, 2398 MHz, 42, 11.90 W
1788702670.560492562,0 %, 2398 MHz, 42, 11.90 W
1788702670.660858364,0 %, 2398 MHz, 42, 11.90 W
1788702670.761276167,0 %, 2398 MHz, 42, 11.90 W
1788702670.862049795,0 %, 2398 MHz, 42, 11.90 W
1788702670.963166287,0 %, 2398 MHz, 42, 11.90 W
1788702671.062525528,0 %, 2398 MHz, 42, 11.90 W
1788702671.162506082,0 %, 2398 MHz, 42, 11.90 W
1788702671.262667372,0 %, 2398 MHz, 42, 11.91 W
1788702671.363551720,0 %, 2398 MHz, 42, 11.91 W
1788702671.463367394,0 %, 2398 MHz, 42, 11.91 W
1788702671.563042795,0 %, 2398 MHz, 42, 11.91 W
1788702671.663787943,0 %, 2398 MHz, 42, 11.91 W
1788702671.764781939,0 %, 2398 MHz, 42, 11.92 W
1788702671.865305166,0 %, 2398 MHz, 42, 11.92 W
1788702671.966238009,0 %, 2398 MHz, 42, 11.92 W
1788702672.066834661,0 %, 2398 MHz, 42, 11.92 W
1788702672.167614496,0 %, 2398 MHz, 42, 11.92 W
1788702672.268143020,0 %, 2398 MHz, 42, 11.89 W
1788702672.369071559,0 %, 2398 MHz, 42, 11.89 W
1788702672.469635315,0 %, 2398 MHz, 42, 11.89 W
1788702672.570837007,0 %, 2398 MHz, 42, 11.89 W
1788702672.671809547,0 %, 2398 MHz, 42, 11.89 W
1788702672.772042726,0 %, 2398 MHz, 42, 11.87 W
1788702672.872928418,0 %, 2398 MHz, 42, 11.87 W
1788702672.973395965,0 %, 2398 MHz, 42, 11.87 W
1788702673.074305689,0 %, 2398 MHz, 42, 11.87 W
1788702673.174913380,0 %, 2398 MHz, 42, 11.87 W
1788702673.275823472,0 %, 2398 MHz, 42, 11.88 W
1788702673.376767612,0 %, 2398 MHz, 42, 11.88 W
1788702673.477284487,0 %, 2398 MHz, 42, 11.88 W
1788702673.578264564,0 %, 2398 MHz, 42, 11.88 W
1788702673.678827887,0 %, 2398 MHz, 42, 11.88 W
1788702673.779716715,0 %, 2398 MHz, 42, 11.88 W
1788702673.880293254,0 %, 2398 MHz, 42, 11.88 W
1788702673.981119362,0 %, 2398 MHz, 42, 11.88 W
1788702674.082072942,0 %, 2398 MHz, 42, 11.88 W
1788702674.182478665,0 %, 2398 MHz, 42, 11.88 W
1788702674.283466278,0 %, 2398 MHz, 42, 11.87 W
1788702674.384012849,0 %, 2398 MHz, 42, 11.87 W
1788702674.484910397,0 %, 2398 MHz, 42, 11.87 W
1788702674.585831353,0 %, 2398 MHz, 42, 11.87 W
1788702674.686579989,0 %, 2398 MHz, 42, 11.87 W
1788702674.786996496,0 %, 2398 MHz, 42, 11.83 W
1788702674.887829772,0 %, 2398 MHz, 42, 11.83 W
1788702674.988271639,0 %, 2398 MHz, 42, 11.83 W
1788702675.089122468,0 %, 2398 MHz, 42, 11.83 W
1788702675.189755711,0 %, 2398 MHz, 42, 11.83 W
1788702675.290584539,0 %, 2398 MHz, 42, 11.81 W
1788702675.391586168,0 %, 2398 MHz, 42, 11.81 W
1788702675.492125171,0 %, 2398 MHz, 42, 11.81 W
1788702675.593053919,0 %, 2398 MHz, 42, 11.81 W
1788702675.693910427,0 %, 2398 MHz, 42, 11.81 W
1788702675.794372615,0 %, 2398 MHz, 42, 11.77 W
1788702675.894982482,0 %, 2398 MHz, 42, 11.77 W
1788702675.995836543,0 %, 2398 MHz, 42, 11.77 W
1788702676.096465658,0 %, 2398 MHz, 42, 11.77 W
1788702676.197274870,0 %, 2398 MHz, 42, 11.77 W
1788702676.298266067,0 %, 2398 MHz, 42, 11.77 W
1788702676.398793854,0 %, 2398 MHz, 42, 11.77 W
1788702676.499608091,0 %, 2398 MHz, 42, 11.77 W
1788702676.600217846,0 %, 2398 MHz, 42, 11.77 W
1788702676.701054163,0 %, 2398 MHz, 42, 11.77 W
1788702676.801672142,0 %, 2398 MHz, 42, 11.80 W
1788702676.902579451,0 %, 2398 MHz, 42, 11.80 W
1788702677.003537367,0 %, 2398 MHz, 42, 11.80 W
1788702677.104148067,0 %, 2398 MHz, 42, 11.80 W
1788702677.205006239,0 %, 2398 MHz, 42, 11.80 W
1788702677.305891019,0 %, 2398 MHz, 42, 11.82 W
1788702677.406794760,0 %, 2398 MHz, 42, 11.82 W
1788702677.507025763,0 %, 2398 MHz, 42, 11.82 W
1788702677.607891599,0 %, 2398 MHz, 42, 11.82 W
1788702677.708807868,0 %, 2398 MHz, 42, 11.82 W
1788702677.809262839,0 %, 2398 MHz, 42, 11.83 W
1788702677.910225716,0 %, 2398 MHz, 42, 11.83 W
1788702678.010791456,0 %, 2398 MHz, 42, 11.83 W
1788702678.111714316,0 %, 2398 MHz, 42, 11.83 W
1788702678.212310248,0 %, 2398 MHz, 42, 11.83 W
1788702678.313185972,0 %, 2398 MHz, 42, 11.84 W
1788702678.413778016,0 %, 2398 MHz, 42, 11.84 W
1788702678.514844685,0 %, 2398 MHz, 42, 11.84 W
1788702678.615116072,0 %, 2398 MHz, 42, 11.84 W
1788702678.715973701,0 %, 2398 MHz, 42, 11.84 W
1788702678.816995266,0 %, 2398 MHz, 42, 11.87 W
1788702678.917797710,0 %, 2398 MHz, 42, 11.87 W
1788702679.018457194,0 %, 2398 MHz, 42, 11.87 W
1788702679.119036534,0 %, 2398 MHz, 42, 11.87 W
1788702679.219915458,0 %, 2398 MHz, 42, 11.87 W
1788702679.320875279,0 %, 2398 MHz, 42, 11.86 W
1788702679.421827052,0 %, 2398 MHz, 42, 11.86 W
1788702679.522326424,0 %, 2398 MHz, 42, 11.86 W
1788702679.622904596,0 %, 2398 MHz, 42, 11.86 W
1788702679.723665296,0 %, 2398 MHz, 42, 11.83 W
1788702679.824217212,0 %, 2398 MHz, 42, 11.83 W
1788702679.925078888,0 %, 2398 MHz, 42, 11.83 W
1788702680.025551828,0 %, 2398 MHz, 42, 11.83 W
1788702680.126527761,0 %, 2398 MHz, 42, 11.83 W
1788702680.227100029,0 %, 2398 MHz, 42, 11.81 W
1788702680.327940090,0 %, 2398 MHz, 42, 11.81 W
1788702680.428860054,0 %, 2398 MHz, 42, 11.81 W
1788702680.529798291,0 %, 2398 MHz, 42, 11.81 W
1788702680.630363631,0 %, 2398 MHz, 42, 11.81 W
1788702680.730926219,0 %, 2398 MHz, 42, 11.82 W
1788702680.831858072,0 %, 2398 MHz, 42, 11.82 W
1788702680.932809397,0 %, 2398 MHz, 42, 11.82 W
1788702681.033256705,0 %, 2398 MHz, 42, 11.82 W
1788702681.133869293,0 %, 2398 MHz, 42, 11.82 W
1788702681.234882634,0 %, 2398 MHz, 42, 11.85 W
1788702681.335143765,0 %, 2398 MHz, 42, 11.85 W
1788702681.436004018,0 %, 2398 MHz, 42, 11.85 W
1788702681.536635502,0 %, 2398 MHz, 42, 11.85 W
1788702681.637224315,0 %, 2398 MHz, 42, 11.85 W
1788702681.737964695,0 %, 2398 MHz, 42, 11.86 W
1788702681.838842676,0 %, 2398 MHz, 42, 11.86 W
1788702681.938890431,0 %, 2398 MHz, 42, 11.86 W
1788702682.040026940,0 %, 2398 MHz, 42, 11.86 W
1788702682.140080504,0 %, 2398 MHz, 42, 11.86 W
1788702682.240855572,0 %, 2398 MHz, 42, 11.83 W
1788702682.341646929,0 %, 2398 MHz, 42, 11.83 W
1788702682.442185181,0 %, 2398 MHz, 42, 11.83 W
1788702682.543085146,0 %, 2398 MHz, 42, 11.83 W
1788702682.643763814,0 %, 2398 MHz, 42, 11.83 W
1788702682.744555571,0 %, 2398 MHz, 42, 11.81 W
1788702682.845820241,0 %, 2398 MHz, 42, 11.81 W
1788702682.946062636,0 %, 2398 MHz, 42, 11.81 W
1788702683.046981961,0 %, 2398 MHz, 42, 11.81 W
1788702683.147585078,0 %, 2398 MHz, 42, 11.81 W
1788702683.248809635,0 %, 2398 MHz, 42, 11.84 W
1788702683.349402192,0 %, 2398 MHz, 42, 11.84 W
1788702683.449987340,0 %, 2398 MHz, 42, 11.84 W
1788702683.550913465,0 %, 2398 MHz, 42, 11.84 W
1788702683.651816422,0 %, 2398 MHz, 42, 11.84 W
1788702683.752338002,0 %, 2398 MHz, 42, 11.85 W
1788702683.852930015,0 %, 2398 MHz, 42, 11.85 W
1788702683.953641211,0 %, 2398 MHz, 42, 11.85 W
1788702684.054046440,0 %, 2398 MHz, 42, 11.85 W
1788702684.154464324,0 %, 2398 MHz, 42, 11.85 W
1788702684.255245425,0 %, 2398 MHz, 42, 11.83 W
1788702684.355901997,0 %, 2398 MHz, 42, 11.83 W
1788702684.456047321,0 %, 2398 MHz, 42, 11.83 W
1788702684.556922470,0 %, 2398 MHz, 42, 11.83 W
1788702684.657870515,0 %, 2398 MHz, 42, 11.83 W
1788702684.758497664,0 %, 2398 MHz, 42, 11.86 W
1788702684.859243564,0 %, 2398 MHz, 42, 11.86 W
1788702684.959816505,0 %, 2398 MHz, 42, 11.86 W
1788702685.060722086,0 %, 2398 MHz, 42, 11.86 W
1788702685.161282483,0 %, 2398 MHz, 42, 11.86 W
1788702685.262167136,0 %, 2398 MHz, 42, 11.88 W
1788702685.362785772,0 %, 2398 MHz, 42, 11.88 W
1788702685.463580297,0 %, 2398 MHz, 42, 11.88 W
1788702685.564116470,0 %, 2398 MHz, 42, 11.88 W
1788702685.664993123,0 %, 2398 MHz, 42, 11.88 W
1788702685.765961056,0 %, 2398 MHz, 42, 11.86 W
1788702685.866522557,0 %, 2398 MHz, 42, 11.86 W
1788702685.967796987,0 %, 2398 MHz, 42, 11.86 W
1788702686.068002935,0 %, 2398 MHz, 42, 11.86 W
1788702686.168916772,0 %, 2398 MHz, 42, 11.86 W
1788702686.269871521,0 %, 2398 MHz, 42, 11.86 W
1788702686.370842607,0 %, 2398 MHz, 42, 11.86 W
1788702686.471362363,0 %, 2398 MHz, 42, 11.86 W
1788702686.571906840,0 %, 2398 MHz, 42, 11.86 W
1788702686.672720469,0 %, 2398 MHz, 42, 11.86 W
1788702686.773236770,0 %, 2398 MHz, 42, 11.88 W
1788702686.874171903,0 %, 2398 MHz, 42, 11.88 W
1788702686.974637804,0 %, 2398 MHz, 42, 11.88 W
1788702687.075467161,0 %, 2398 MHz, 42, 11.88 W
1788702687.176106886,0 %, 2398 MHz, 42, 11.88 W
1788702687.276988403,0 %, 2398 MHz, 42, 11.89 W
1788702687.377545520,0 %, 2398 MHz, 42, 11.89 W
1788702687.478584925,0 %, 2398 MHz, 42, 11.89 W
1788702687.579381483,0 %, 2398 MHz, 42, 11.89 W
1788702687.679920775,0 %, 2398 MHz, 42, 11.89 W
1788702687.780250468,0 %, 2398 MHz, 42, 11.90 W
1788702687.881118849,0 %, 2398 MHz, 42, 11.90 W
1788702687.980787564,0 %, 2398 MHz, 42, 11.90 W
1788702688.080885528,0 %, 2398 MHz, 42, 11.90 W
1788702688.181847302,0 %, 2398 MHz, 42, 11.90 W
1788702688.282743251,0 %, 2398 MHz, 42, 11.89 W
1788702688.383318576,0 %, 2398 MHz, 42, 11.89 W
1788702688.484221469,0 %, 2398 MHz, 42, 11.89 W
1788702688.584836074,0 %, 2398 MHz, 42, 11.89 W
1788702688.685859832,0 %, 2398 MHz, 42, 11.89 W
1788702688.786159124,0 %, 2398 MHz, 42, 11.88 W
1788702688.887004258,0 %, 2398 MHz, 42, 11.88 W
1788702688.987953247,0 %, 2398 MHz, 42, 11.88 W
1788702689.088804509,0 %, 2398 MHz, 42, 11.88 W
1788702689.188905081,0 %, 2398 MHz, 42, 11.88 W
1788702689.289626838,0 %, 2398 MHz, 41, 11.90 W
1788702689.390235091,0 %, 2398 MHz, 41, 11.90 W
1788702689.491094081,0 %, 2398 MHz, 41, 11.90 W
1788702689.591718926,0 %, 2398 MHz, 41, 11.90 W
1788702689.692845836,0 %, 2398 MHz, 41, 11.90 W
1788702689.792371735,0 %, 2398 MHz, 42, 11.87 W
1788702689.892340674,0 %, 2398 MHz, 42, 11.87 W
1788702689.992483199,0 %, 2398 MHz, 42, 11.87 W
1788702690.093858733,0 %, 2398 MHz, 42, 11.87 W
1788702690.194420970,0 %, 2398 MHz, 42, 11.87 W
1788702690.295022919,0 %, 2398 MHz, 42, 11.87 W
1788702690.395866085,0 %, 2398 MHz, 42, 11.87 W
1788702690.496337666,0 %, 2398 MHz, 42, 11.87 W
1788702690.597188159,0 %, 2398 MHz, 42, 11.87 W
1788702690.698669534,0 %, 2398 MHz, 42, 11.87 W
1788702690.798896187,0 %, 2398 MHz, 41, 11.88 W
1788702690.899153271,0 %, 2398 MHz, 41, 11.88 W
1788702691.000069205,0 %, 2398 MHz, 41, 11.88 W
1788702691.100440849,0 %, 2398 MHz, 41, 11.88 W
1788702691.201329935,0 %, 2398 MHz, 41, 11.88 W
1788702691.301927068,0 %, 2398 MHz, 42, 11.88 W
1788702691.402653994,0 %, 2398 MHz, 42, 11.88 W
1788702691.503202023,0 %, 2398 MHz, 42, 11.88 W
1788702691.604086741,0 %, 2398 MHz, 42, 11.88 W
1788702691.705267043,0 %, 2398 MHz, 42, 11.88 W
1788702691.805815440,0 %, 2398 MHz, 42, 11.89 W
1788702691.906489918,0 %, 2398 MHz, 42, 11.89 W
1788702692.006962074,0 %, 2398 MHz, 42, 11.89 W
1788702692.107939544,0 %, 2398 MHz, 42, 11.89 W
1788702692.208404246,0 %, 2398 MHz, 42, 11.89 W
1788702692.309321923,0 %, 2398 MHz, 41, 11.91 W
1788702692.409897425,0 %, 2398 MHz, 41, 11.91 W
1788702692.510654686,0 %, 2398 MHz, 41, 11.91 W
1788702692.611245676,0 %, 2398 MHz, 41, 11.91 W
1788702692.712646714,0 %, 2398 MHz, 41, 11.91 W
1788702692.812678375,0 %, 2398 MHz, 41, 11.91 W
1788702692.913804949,0 %, 2398 MHz, 41, 11.91 W
1788702693.014101154,0 %, 2398 MHz, 41, 11.91 W
1788702693.114970272,0 %, 2398 MHz, 41, 11.91 W
1788702693.215382541,0 %, 2398 MHz, 41, 11.91 W
1788702693.316292891,0 %, 2398 MHz, 41, 11.90 W
1788702693.416855240,0 %, 2398 MHz, 41, 11.90 W
1788702693.517703318,0 %, 2398 MHz, 41, 11.90 W
1788702693.618705268,0 %, 2398 MHz, 41, 11.90 W
1788702693.719655474,0 %, 2398 MHz, 41, 11.90 W
1788702693.820150399,0 %, 2398 MHz, 41, 11.90 W
1788702693.920741101,0 %, 2398 MHz, 41, 11.90 W
1788702694.021638667,0 %, 2398 MHz, 41, 11.90 W
1788702694.122609801,0 %, 2398 MHz, 41, 11.90 W
1788702694.223133542,0 %, 2398 MHz, 41, 11.90 W
1788702694.324092532,0 %, 2398 MHz, 42, 11.89 W
1788702694.424624610,0 %, 2398 MHz, 42, 11.89 W
1788702694.525816784,0 %, 2398 MHz, 42, 11.89 W
1788702694.626329662,0 %, 2398 MHz, 42, 11.89 W
1788702694.726774123,0 %, 2398 MHz, 41, 11.88 W
1788702694.827279240,0 %, 2398 MHz, 41, 11.88 W
1788702694.928239158,0 %, 2398 MHz, 41, 11.88 W
1788702695.028807876,0 %, 2398 MHz, 41, 11.88 W
1788702695.129672242,0 %, 2398 MHz, 41, 11.88 W
1788702695.230614768,0 %, 2398 MHz, 41, 11.89 W
1788702695.331201326,0 %, 2398 MHz, 41, 11.89 W
1788702695.432089996,0 %, 2398 MHz, 41, 11.89 W
1788702695.532523145,0 %, 2398 MHz, 41, 11.89 W
1788702695.633803800,0 %, 2398 MHz, 41, 11.89 W
1788702695.734047429,0 %, 2398 MHz, 41, 11.86 W
1788702695.834971843,0 %, 2398 MHz, 41, 11.86 W
1788702695.934843983,0 %, 2398 MHz, 41, 11.86 W
1788702696.035643005,0 %, 2398 MHz, 41, 11.86 W
1788702696.136603772,0 %, 2398 MHz, 41, 11.86 W
1788702696.237093593,0 %, 2398 MHz, 41, 11.87 W
1788702696.337968423,0 %, 2398 MHz, 41, 11.87 W
1788702696.438986438,0 %, 2398 MHz, 41, 11.87 W
1788702696.539832900,0 %, 2398 MHz, 41, 11.87 W
1788702696.640378738,0 %, 2398 MHz, 41, 11.87 W
1788702696.740972303,0 %, 2398 MHz, 41, 11.89 W
1788702696.841853710,0 %, 2398 MHz, 41, 11.89 W
1788702696.942320507,0 %, 2398 MHz, 41, 11.89 W
1788702697.042010711,0 %, 2398 MHz, 41, 11.89 W
1788702697.142225684,0 %, 2398 MHz, 41, 11.89 W
1788702697.242541249,0 %, 2398 MHz, 41, 11.92 W
1788702697.343104159,0 %, 2398 MHz, 41, 11.92 W
1788702697.444204606,0 %, 2398 MHz, 41, 11.92 W
1788702697.544383211,0 %, 2398 MHz, 41, 11.92 W
1788702697.645174713,0 %, 2398 MHz, 41, 11.92 W
1788702697.745827767,0 %, 2398 MHz, 41, 11.94 W
1788702697.845942468,0 %, 2398 MHz, 41, 11.94 W
1788702697.946753570,0 %, 2398 MHz, 41, 11.94 W
1788702698.047101551,0 %, 2398 MHz, 41, 11.94 W
1788702698.147814029,0 %, 2398 MHz, 41, 11.94 W
1788702698.248285979,0 %, 2398 MHz, 42, 11.97 W
1788702698.348653688,0 %, 2398 MHz, 42, 11.97 W
1788702698.449091414,0 %, 2398 MHz, 42, 11.97 W
1788702698.549864868,0 %, 2398 MHz, 42, 11.97 W
1788702698.650229282,0 %, 2398 MHz, 42, 11.97 W
1788702698.750627455,0 %, 2398 MHz, 41, 12.00 W
1788702698.851612734,0 %, 2398 MHz, 41, 12.00 W
1788702698.952002443,0 %, 2398 MHz, 41, 12.00 W
1788702699.052323465,0 %, 2398 MHz, 41, 12.00 W
1788702699.153084439,0 %, 2398 MHz, 41, 12.00 W
1788702699.253622437,0 %, 2398 MHz, 41, 11.98 W
1788702699.353891426,0 %, 2398 MHz, 41, 11.98 W
1788702699.454630128,0 %, 2398 MHz, 41, 11.98 W
1788702699.555015310,0 %, 2398 MHz, 41, 11.98 W
1788702699.655418764,0 %, 2398 MHz, 41, 11.98 W
1788702699.756182330,0 %, 2398 MHz, 41, 11.96 W
1788702699.856827768,0 %, 2398 MHz, 41, 11.96 W
1788702699.956962085,0 %, 2398 MHz, 41, 11.96 W
1788702700.057742131,0 %, 2398 MHz, 41, 11.96 W
1788702700.158105009,0 %, 2398 MHz, 41, 11.96 W
1788702700.258824511,0 %, 2398 MHz, 41, 11.95 W
1788702700.359286653,0 %, 2398 MHz, 41, 11.95 W
1788702700.459651243,0 %, 2398 MHz, 41, 11.95 W
1788702700.560088105,0 %, 2398 MHz, 41, 11.95 W
1788702700.660875319,0 %, 2398 MHz, 41, 11.95 W
1788702700.761803030,0 %, 2398 MHz, 41, 11.95 W
1788702700.862217747,0 %, 2398 MHz, 41, 11.95 W
1788702700.962545569,0 %, 2398 MHz, 41, 11.95 W
1788702701.062729742,0 %, 2398 MHz, 41, 11.95 W
1788702701.163176140,0 %, 2398 MHz, 41, 11.95 W
1788702701.263483898,0 %, 2398 MHz, 41, 11.94 W
1788702701.364232072,0 %, 2398 MHz, 41, 11.94 W
1788702701.464620534,0 %, 2398 MHz, 41, 11.94 W
1788702701.565002884,0 %, 2398 MHz, 41, 11.94 W
1788702701.665767106,0 %, 2398 MHz, 41, 11.94 W
1788702701.766162336,0 %, 2398 MHz, 41, 11.94 W
1788702701.866634622,0 %, 2398 MHz, 41, 11.94 W
1788702701.967305500,0 %, 2398 MHz, 41, 11.94 W
1788702702.067652698,0 %, 2398 MHz, 41, 11.94 W
1788702702.168671497,0 %, 2398 MHz, 41, 11.94 W
1788702702.269034503,0 %, 2398 MHz, 41, 11.94 W
1788702702.369793574,0 %, 2398 MHz, 41, 11.94 W
1788702702.470233188,0 %, 2398 MHz, 41, 11.94 W
1788702702.570848338,0 %, 2398 MHz, 41, 11.94 W
1788702702.670970831,0 %, 2398 MHz, 41, 11.94 W
1788702702.771799134,0 %, 2398 MHz, 41, 11.90 W
1788702702.872142204,0 %, 2398 MHz, 41, 11.90 W
1788702702.972641770,0 %, 2398 MHz, 41, 11.90 W
1788702703.073333512,0 %, 2398 MHz, 41, 11.90 W
1788702703.173673990,0 %, 2398 MHz, 41, 11.90 W
1788702703.274155860,0 %, 2398 MHz, 41, 11.88 W
1788702703.374933523,0 %, 2398 MHz, 41, 11.88 W
1788702703.475784434,0 %, 2398 MHz, 41, 11.88 W
1788702703.575822655,0 %, 2398 MHz, 41, 11.88 W
1788702703.676625342,0 %, 2398 MHz, 41, 11.88 W
1788702703.776955596,0 %, 2398 MHz, 41, 11.88 W
1788702703.877330666,0 %, 2398 MHz, 41, 11.88 W
1788702703.977574999,0 %, 2398 MHz, 41, 11.88 W
1788702704.078314198,0 %, 2398 MHz, 41, 11.88 W
1788702704.178687236,0 %, 2398 MHz, 41, 11.88 W
1788702704.279661779,0 %, 2398 MHz, 41, 11.87 W
1788702704.380025249,0 %, 2398 MHz, 41, 11.87 W
1788702704.479997935,0 %, 2398 MHz, 41, 11.87 W
1788702704.580861598,0 %, 2398 MHz, 41, 11.87 W
1788702704.681344540,0 %, 2398 MHz, 41, 11.87 W
1788702704.781673386,0 %, 2398 MHz, 41, 11.89 W
1788702704.882124440,0 %, 2398 MHz, 41, 11.89 W
1788702704.982963655,0 %, 2398 MHz, 41, 11.89 W
1788702705.083257173,0 %, 2398 MHz, 41, 11.89 W
1788702705.183674275,0 %, 2398 MHz, 41, 11.89 W
1788702705.284495922,0 %, 2398 MHz, 41, 11.92 W
1788702705.384862160,0 %, 2398 MHz, 41, 11.92 W
1788702705.485261678,0 %, 2398 MHz, 41, 11.92 W
1788702705.586085373,0 %, 2398 MHz, 41, 11.92 W
1788702705.686785724,0 %, 2398 MHz, 41, 11.92 W
1788702705.786906346,0 %, 2398 MHz, 41, 11.94 W
1788702705.887649336,0 %, 2398 MHz, 41, 11.94 W
1788702705.988002454,0 %, 2398 MHz, 41, 11.94 W
1788702706.088436213,0 %, 2398 MHz, 41, 11.94 W
1788702706.189191796,0 %, 2398 MHz, 41, 11.94 W
1788702706.289632178,0 %, 2398 MHz, 41, 11.93 W
1788702706.389964624,0 %, 2398 MHz, 41, 11.93 W
1788702706.490752303,0 %, 2398 MHz, 41, 11.93 W
1788702706.591136605,0 %, 2398 MHz, 41, 11.93 W
1788702706.691524204,0 %, 2398 MHz, 41, 11.93 W
1788702706.792294043,0 %, 2398 MHz, 41, 11.92 W
1788702706.892704713,0 %, 2398 MHz, 41, 11.92 W
1788702706.993103863,0 %, 2398 MHz, 41, 11.92 W
1788702707.093874678,0 %, 2398 MHz, 41, 11.92 W
1788702707.194827974,0 %, 2398 MHz, 41, 11.92 W
1788702707.295058820,0 %, 2398 MHz, 41, 11.94 W
1788702707.395569538,0 %, 2398 MHz, 41, 11.94 W
1788702707.495992433,0 %, 2398 MHz, 41, 11.94 W
1788702707.596311519,0 %, 2398 MHz, 41, 11.94 W
1788702707.697805695,0 %, 2398 MHz, 41, 11.94 W
1788702707.797809837,0 %, 2398 MHz, 41, 11.94 W
1788702707.898104699,0 %, 2398 MHz, 41, 11.94 W
1788702707.998630202,0 %, 2398 MHz, 41, 11.94 W
1788702708.099019528,0 %, 2398 MHz, 41, 11.94 W
1788702708.199469735,0 %, 2398 MHz, 41, 11.94 W
1788702708.299168820,0 %, 2398 MHz, 41, 11.92 W
1788702708.399295410,0 %, 2398 MHz, 41, 11.92 W
1788702708.499317968,0 %, 2398 MHz, 41, 11.92 W
1788702708.600666976,0 %, 2398 MHz, 41, 11.92 W
1788702708.700864878,0 %, 2398 MHz, 41, 11.92 W
1788702708.801818237,0 %, 2398 MHz, 41, 11.94 W
1788702708.902016460,0 %, 2398 MHz, 41, 11.94 W
1788702709.002568282,0 %, 2398 MHz, 41, 11.94 W
1788702709.102994377,0 %, 2398 MHz, 41, 11.94 W
1788702709.203307639,0 %, 2398 MHz, 41, 11.94 W
1788702709.304391015,0 %, 2398 MHz, 41, 11.93 W
1788702709.404530245,0 %, 2398 MHz, 41, 11.93 W
1788702709.504846164,0 %, 2398 MHz, 41, 11.93 W
1788702709.605634579,0 %, 2398 MHz, 41, 11.93 W
1788702709.705983809,0 %, 2398 MHz, 41, 11.93 W
1788702709.806390016,0 %, 2398 MHz, 41, 11.91 W
1788702709.907197679,0 %, 2398 MHz, 41, 11.91 W
1788702710.007812942,0 %, 2398 MHz, 41, 11.91 W
1788702710.107944396,0 %, 2398 MHz, 41, 11.91 W
1788702710.208729996,0 %, 2398 MHz, 41, 11.91 W
1788702710.309108314,0 %, 2398 MHz, 41, 11.88 W
1788702710.409815690,0 %, 2398 MHz, 41, 11.88 W
1788702710.510270696,0 %, 2398 MHz, 41, 11.88 W
1788702710.610642567,0 %, 2398 MHz, 41, 11.88 W
1788702710.711256214,0 %, 2398 MHz, 41, 11.88 W
1788702710.811849717,0 %, 2398 MHz, 41, 11.85 W
1788702710.912215044,0 %, 2398 MHz, 41, 11.85 W
1788702711.012620738,0 %, 2398 MHz, 41, 11.85 W
1788702711.113776530,0 %, 2398 MHz, 41, 11.85 W
1788702711.214450706,0 %, 2398 MHz, 41, 11.85 W
1788702711.314272031,0 %, 2398 MHz, 41, 11.85 W
1788702711.415078383,0 %, 2398 MHz, 41, 11.85 W
1788702711.515840030,0 %, 2398 MHz, 41, 11.85 W
1788702711.615823308,0 %, 2398 MHz, 41, 11.85 W
1788702711.716589180,0 %, 2398 MHz, 41, 11.85 W
1788702711.816969466,0 %, 2398 MHz, 41, 11.87 W
1788702711.917383705,0 %, 2398 MHz, 41, 11.87 W
1788702712.018133673,0 %, 2398 MHz, 41, 11.87 W
1788702712.118799896,0 %, 2398 MHz, 41, 11.87 W
1788702712.218927110,0 %, 2398 MHz, 41, 11.87 W
1788702712.319659446,0 %, 2398 MHz, 41, 11.91 W
1788702712.420051252,0 %, 2398 MHz, 41, 11.91 W
1788702712.520796452,0 %, 2398 MHz, 41, 11.91 W
1788702712.621228307,0 %, 2398 MHz, 41, 11.91 W
1788702712.721588674,0 %, 2398 MHz, 41, 11.91 W
1788702712.822049201,0 %, 2398 MHz, 41, 11.89 W
1788702712.922771232,0 %, 2398 MHz, 41, 11.89 W
1788702713.023126991,0 %, 2398 MHz, 41, 11.89 W
1788702713.123573214,0 %, 2398 MHz, 41, 11.89 W
1788702713.224368637,0 %, 2398 MHz, 41, 11.89 W
1788702713.324734828,0 %, 2398 MHz, 41, 11.90 W
1788702713.425100939,0 %, 2398 MHz, 41, 11.90 W
1788702713.525902315,0 %, 2398 MHz, 41, 11.90 W
1788702713.626265418,0 %, 2398 MHz, 41, 11.90 W
1788702713.726751097,0 %, 2398 MHz, 41, 11.93 W
1788702713.827484632,0 %, 2398 MHz, 41, 11.93 W
1788702713.927839479,0 %, 2398 MHz, 41, 11.93 W
1788702714.028267302,0 %, 2398 MHz, 41, 11.93 W
1788702714.129040950,0 %, 2398 MHz, 41, 11.93 W
1788702714.229785542,0 %, 2398 MHz, 41, 11.92 W
1788702714.330062356,0 %, 2398 MHz, 41, 11.92 W
1788702714.430607876,0 %, 2398 MHz, 41, 11.92 W
1788702714.530968755,0 %, 2398 MHz, 41, 11.92 W
1788702714.631794131,0 %, 2398 MHz, 41, 11.92 W
1788702714.732148401,0 %, 2398 MHz, 41, 11.91 W
1788702714.832831889,0 %, 2398 MHz, 41, 11.91 W
1788702714.932973968,0 %, 2398 MHz, 41, 11.91 W
1788702715.033708047,0 %, 2398 MHz, 41, 11.91 W
1788702715.134090510,0 %, 2398 MHz, 41, 11.91 W
1788702715.234802382,0 %, 2398 MHz, 41, 11.90 W
1788702715.335293453,0 %, 2398 MHz, 41, 11.90 W
1788702715.435658428,0 %, 2398 MHz, 41, 11.90 W
1788702715.536086540,0 %, 2398 MHz, 41, 11.90 W
1788702715.636873291,0 %, 2398 MHz, 41, 11.90 W
1788702715.737450539,0 %, 2398 MHz, 41, 11.88 W
1788702715.838210203,0 %, 2398 MHz, 41, 11.88 W
1788702715.938606266,0 %, 2398 MHz, 41, 11.88 W
1788702716.038995801,0 %, 2398 MHz, 41, 11.88 W
1788702716.139800505,0 %, 2398 MHz, 41, 11.88 W
1788702716.240145032,0 %, 2398 MHz, 41, 11.86 W
1788702716.340565815,0 %, 2398 MHz, 41, 11.86 W
1788702716.441343079,0 %, 2398 MHz, 41, 11.86 W
1788702716.541717190,0 %, 2398 MHz, 41, 11.86 W
1788702716.642685174,0 %, 2398 MHz, 41, 11.86 W
1788702716.742922069,0 %, 2398 MHz, 41, 11.85 W
1788702716.843439349,0 %, 2398 MHz, 41, 11.85 W
1788702716.944075989,0 %, 2398 MHz, 41, 11.85 W
1788702717.044869045,0 %, 2398 MHz, 41, 11.85 W
1788702717.145587428,0 %, 2398 MHz, 41, 11.85 W
1788702717.245325923,0 %, 2398 MHz, 41, 11.86 W
1788702717.346082450,0 %, 2398 MHz, 41, 11.86 W
1788702717.446788306,0 %, 2398 MHz, 41, 11.86 W
1788702717.546925729,0 %, 2398 MHz, 41, 11.86 W
1788702717.647644849,0 %, 2398 MHz, 41, 11.86 W
1788702717.748021168,0 %, 2398 MHz, 41, 11.84 W
1788702717.848805328,0 %, 2398 MHz, 41, 11.84 W
1788702717.949206512,0 %, 2398 MHz, 41, 11.84 W
1788702718.049557647,0 %, 2398 MHz, 41, 11.84 W
1788702718.150729168,0 %, 2398 MHz, 41, 11.84 W
1788702718.251110879,0 %, 2398 MHz, 41, 11.83 W
1788702718.351912095,0 %, 2398 MHz, 41, 11.83 W
1788702718.452273151,0 %, 2398 MHz, 41, 11.83 W
1788702718.552611582,0 %, 2398 MHz, 41, 11.83 W
1788702718.653580046,0 %, 2398 MHz, 41, 11.83 W
1788702718.753974478,0 %, 2398 MHz, 41, 11.83 W
1788702718.854776222,0 %, 2398 MHz, 41, 11.83 W
1788702718.955123581,0 %, 2398 MHz, 41, 11.83 W
1788702719.055495837,0 %, 2398 MHz, 41, 11.83 W
1788702719.155933468,0 %, 2398 MHz, 41, 11.83 W
1788702719.256687724,0 %, 2398 MHz, 41, 11.83 W
1788702719.357022428,0 %, 2398 MHz, 41, 11.83 W
1788702719.457806716,0 %, 2398 MHz, 41, 11.83 W
1788702719.558223563,0 %, 2398 MHz, 41, 11.83 W
1788702719.658623147,0 %, 2398 MHz, 41, 11.83 W
1788702719.759033594,0 %, 2398 MHz, 41, 11.84 W
1788702719.859785370,0 %, 2398 MHz, 41, 11.84 W
1788702719.960170682,0 %, 2398 MHz, 41, 11.84 W
1788702720.060566762,0 %, 2398 MHz, 41, 11.84 W
1788702720.161323802,0 %, 2398 MHz, 41, 11.84 W
1788702720.261714473,0 %, 2398 MHz, 41, 11.84 W
1788702720.362260121,0 %, 2398 MHz, 41, 11.84 W
1788702720.462957801,0 %, 2398 MHz, 41, 11.84 W
1788702720.563783674,0 %, 2398 MHz, 41, 11.84 W
1788702720.664041001,0 %, 2398 MHz, 41, 11.84 W
1788702720.764563993,0 %, 2398 MHz, 41, 11.84 W
1788702720.865002249,0 %, 2398 MHz, 41, 11.84 W
1788702720.965313032,0 %, 2398 MHz, 41, 11.84 W
1788702721.066067208,0 %, 2398 MHz, 41, 11.84 W
1788702721.166787497,0 %, 2398 MHz, 41, 11.84 W
1788702721.267101464,0 %, 2398 MHz, 41, 11.81 W
1788702721.367647640,0 %, 2398 MHz, 41, 11.81 W
1788702721.467987976,0 %, 2398 MHz, 41, 11.81 W
1788702721.568391383,0 %, 2398 MHz, 41, 11.81 W
1788702721.669647592,0 %, 2398 MHz, 41, 11.81 W
1788702721.769828008,0 %, 2398 MHz, 41, 11.83 W
1788702721.869986615,0 %, 2398 MHz, 41, 11.83 W
1788702721.970718199,0 %, 2398 MHz, 41, 11.83 W
1788702722.071100807,0 %, 2398 MHz, 41, 11.83 W
1788702722.171807319,0 %, 2398 MHz, 41, 11.83 W
1788702722.272268935,0 %, 2398 MHz, 41, 11.85 W
1788702722.372625143,0 %, 2398 MHz, 41, 11.85 W
1788702722.473075575,0 %, 2398 MHz, 41, 11.85 W
1788702722.573869671,0 %, 2398 MHz, 41, 11.85 W
1788702722.674370487,0 %, 2398 MHz, 41, 11.85 W
1788702722.774633575,0 %, 2398 MHz, 41, 11.85 W
1788702722.875816072,0 %, 2398 MHz, 41, 11.85 W
1788702722.976839417,0 %, 2398 MHz, 41, 11.85 W
1788702723.076319175,0 %, 2398 MHz, 41, 11.85 W
1788702723.177312920,0 %, 2398 MHz, 41, 11.85 W
1788702723.277813256,0 %, 2398 MHz, 41, 11.82 W
1788702723.378090056,0 %, 2398 MHz, 41, 11.82 W
1788702723.478607064,0 %, 2398 MHz, 41, 11.82 W
1788702723.580332858,0 %, 2398 MHz, 41, 11.82 W
1788702723.679784504,0 %, 2398 MHz, 41, 11.82 W
1788702723.780123352,0 %, 2398 MHz, 41, 11.81 W
1788702723.880777688,0 %, 2398 MHz, 41, 11.81 W
1788702723.980925032,0 %, 2398 MHz, 41, 11.81 W
1788702724.081680200,0 %, 2398 MHz, 41, 11.81 W
1788702724.182043064,0 %, 2398 MHz, 41, 11.81 W
1788702724.282467368,0 %, 2398 MHz, 41, 11.82 W
1788702724.383256761,0 %, 2398 MHz, 41, 11.82 W
1788702724.483614569,0 %, 2398 MHz, 41, 11.82 W
1788702724.584039337,0 %, 2398 MHz, 41, 11.82 W
1788702724.684853081,0 %, 2398 MHz, 41, 11.82 W
1788702724.785178649,0 %, 2398 MHz, 41, 11.80 W
1788702724.885569913,0 %, 2398 MHz, 41, 11.80 W
1788702724.986356826,0 %, 2398 MHz, 41, 11.80 W
1788702725.086742042,0 %, 2398 MHz, 41, 11.80 W
1788702725.187157338,0 %, 2398 MHz, 41, 11.80 W
1788702725.287948203,0 %, 2398 MHz, 41, 11.82 W
1788702725.388272090,0 %, 2398 MHz, 41, 11.82 W
1788702725.488749259,0 %, 2398 MHz, 41, 11.82 W
1788702725.589815340,0 %, 2398 MHz, 41, 11.82 W
1788702725.689881163,0 %, 2398 MHz, 41, 11.82 W
1788702725.790253947,0 %, 2398 MHz, 41, 11.81 W
1788702725.891083916,0 %, 2398 MHz, 41, 11.81 W
1788702725.991765389,0 %, 2398 MHz, 41, 11.81 W
1788702726.092078157,0 %, 2398 MHz, 41, 11.81 W
1788702726.192643949,0 %, 2398 MHz, 41, 11.81 W
1788702726.293319358,0 %, 2398 MHz, 41, 11.81 W
1788702726.393408093,0 %, 2398 MHz, 41, 11.81 W
1788702726.494190686,0 %, 2398 MHz, 41, 11.81 W
1788702726.594848703,0 %, 2398 MHz, 41, 11.81 W
1788702726.694970622,0 %, 2398 MHz, 41, 11.81 W
1788702726.795744415,0 %, 2398 MHz, 41, 11.84 W
1788702726.896102863,0 %, 2398 MHz, 41, 11.84 W
1788702726.996517311,0 %, 2398 MHz, 41, 11.84 W
1788702727.097302720,0 %, 2398 MHz, 41, 11.84 W
1788702727.197670785,0 %, 2398 MHz, 41, 11.84 W
1788702727.298095905,0 %, 2398 MHz, 41, 11.85 W
1788702727.398035776,0 %, 2398 MHz, 41, 11.85 W
1788702727.498178480,0 %, 2398 MHz, 41, 11.85 W
1788702727.598154831,0 %, 2398 MHz, 41, 11.85 W
1788702727.699385153,0 %, 2398 MHz, 41, 11.85 W
1788702727.799621489,0 %, 2398 MHz, 41, 11.88 W
1788702727.900705762,0 %, 2398 MHz, 41, 11.88 W
1788702728.000422737,0 %, 2398 MHz, 41, 11.88 W
1788702728.101188674,0 %, 2398 MHz, 41, 11.88 W
1788702728.201839891,0 %, 2398 MHz, 41, 11.88 W
1788702728.301986963,0 %, 2398 MHz, 41, 11.87 W
1788702728.402759044,0 %, 2398 MHz, 41, 11.87 W
1788702728.502536899,0 %, 2398 MHz, 41, 11.87 W
1788702728.602808883,0 %, 2398 MHz, 41, 11.87 W
1788702728.702562754,0 %, 2398 MHz, 41, 11.87 W
1788702728.802685666,0 %, 2398 MHz, 41, 11.87 W
1788702728.903115938,0 %, 2398 MHz, 41, 11.87 W
1788702729.004287556,0 %, 2398 MHz, 41, 11.87 W
1788702729.104436724,0 %, 2398 MHz, 41, 11.87 W
1788702729.204823476,0 %, 2398 MHz, 41, 11.87 W
1788702729.305827206,0 %, 2398 MHz, 41, 11.89 W
1788702729.407290536,0 %, 2398 MHz, 41, 11.89 W
1788702729.506321078,0 %, 2398 MHz, 41, 11.89 W
1788702729.607113959,0 %, 2398 MHz, 41, 11.89 W
1788702729.707802200,0 %, 2398 MHz, 41, 11.89 W
1788702729.808096953,0 %, 2398 MHz, 41, 11.87 W
1788702729.908620777,0 %, 2398 MHz, 41, 11.87 W
1788702730.008985946,0 %, 2398 MHz, 41, 11.87 W
1788702730.109819931,0 %, 2398 MHz, 41, 11.87 W
1788702730.210203835,0 %, 2398 MHz, 41, 11.87 W
1788702730.310866636,0 %, 2398 MHz, 41, 11.85 W
1788702730.410984780,0 %, 2398 MHz, 41, 11.85 W
1788702730.511754557,0 %, 2398 MHz, 41, 11.85 W
1788702730.612153470,0 %, 2398 MHz, 41, 11.85 W
1788702730.712840559,0 %, 2398 MHz, 41, 11.85 W
1788702730.813311216,0 %, 2398 MHz, 41, 11.83 W
1788702730.913663088,0 %, 2398 MHz, 41, 11.83 W
1788702731.014105153,0 %, 2398 MHz, 41, 11.83 W
1788702731.114872098,0 %, 2398 MHz, 41, 11.83 W
1788702731.215250194,0 %, 2398 MHz, 41, 11.83 W
1788702731.315652707,0 %, 2398 MHz, 41, 11.81 W
1788702731.416382820,0 %, 2398 MHz, 41, 11.81 W
1788702731.516787669,0 %, 2398 MHz, 41, 11.81 W
1788702731.617333494,0 %, 2398 MHz, 41, 11.81 W
1788702731.718052839,0 %, 2398 MHz, 41, 11.81 W
1788702731.817964534,0 %, 2398 MHz, 41, 11.81 W
1788702731.918182839,0 %, 2398 MHz, 41, 11.81 W
1788702732.018240791,0 %, 2398 MHz, 41, 11.81 W
1788702732.118116550,0 %, 2398 MHz, 41, 11.81 W
1788702732.218266902,0 %, 2398 MHz, 41, 11.81 W
1788702732.319866025,0 %, 2398 MHz, 41, 11.84 W
1788702732.419629769,0 %, 2398 MHz, 41, 11.84 W
1788702732.519971113,0 %, 2398 MHz, 41, 11.84 W
1788702732.620687003,0 %, 2398 MHz, 41, 11.84 W
1788702732.721086523,0 %, 2398 MHz, 41, 11.84 W
1788702732.821517708,0 %, 2398 MHz, 41, 11.85 W
1788702732.922260381,0 %, 2398 MHz, 41, 11.85 W
1788702733.022646222,0 %, 2398 MHz, 41, 11.85 W
1788702733.122942703,0 %, 2398 MHz, 41, 11.85 W
1788702733.223761696,0 %, 2398 MHz, 41, 11.85 W
1788702733.324112209,0 %, 2398 MHz, 41, 11.84 W
1788702733.424533954,0 %, 2398 MHz, 41, 11.84 W
1788702733.525320067,0 %, 2398 MHz, 41, 11.84 W
1788702733.625990629,0 %, 2398 MHz, 41, 11.84 W
1788702733.726063989,0 %, 2398 MHz, 41, 11.84 W
1788702733.826885638,0 %, 2398 MHz, 41, 11.83 W
1788702733.927285239,0 %, 2398 MHz, 41, 11.83 W
1788702734.027649576,0 %, 2398 MHz, 41, 11.83 W
1788702734.128789338,0 %, 2398 MHz, 41, 11.83 W
1788702734.228395817,0 %, 2398 MHz, 41, 11.82 W
1788702734.328355865,0 %, 2398 MHz, 41, 11.82 W
1788702734.428175001,0 %, 2398 MHz, 41, 11.82 W
1788702734.528571914,0 %, 2398 MHz, 41, 11.82 W
1788702734.629487516,0 %, 2398 MHz, 41, 11.82 W
1788702734.730479006,0 %, 2398 MHz, 41, 11.83 W
1788702734.830411758,0 %, 2398 MHz, 41, 11.83 W
1788702734.930991775,0 %, 2398 MHz, 41, 11.83 W
1788702735.031378352,0 %, 2398 MHz, 41, 11.83 W
1788702735.131759792,0 %, 2398 MHz, 41, 11.83 W
1788702735.232545506,0 %, 2398 MHz, 41, 11.84 W
1788702735.333954181,0 %, 2398 MHz, 41, 11.84 W
1788702735.433311796,0 %, 2398 MHz, 41, 11.84 W
1788702735.534580583,0 %, 2398 MHz, 41, 11.84 W
1788702735.634775255,0 %, 2398 MHz, 41, 11.84 W
1788702735.734860599,0 %, 2398 MHz, 41, 11.80 W
1788702735.835703513,0 %, 2398 MHz, 41, 11.80 W
1788702735.935783626,0 %, 2398 MHz, 41, 11.80 W
1788702736.036791596,0 %, 2398 MHz, 41, 11.80 W
1788702736.137048652,0 %, 2398 MHz, 41, 11.80 W
1788702736.237533038,0 %, 2398 MHz, 41, 11.80 W
1788702736.337966975,0 %, 2398 MHz, 41, 11.80 W
1788702736.438289232,0 %, 2398 MHz, 41, 11.80 W
1788702736.539794227,0 %, 2398 MHz, 41, 11.80 W
1788702736.639782675,0 %, 2398 MHz, 41, 11.80 W
1788702736.739888275,0 %, 2398 MHz, 41, 11.80 W
1788702736.840581909,0 %, 2398 MHz, 41, 11.80 W
1788702736.940971334,0 %, 2398 MHz, 41, 11.80 W
1788702737.041372711,0 %, 2398 MHz, 41, 11.80 W
1788702737.142136857,0 %, 2398 MHz, 41, 11.80 W
1788702737.242833355,0 %, 2398 MHz, 41, 11.78 W
1788702737.342946859,0 %, 2398 MHz, 41, 11.78 W
1788702737.443706061,0 %, 2398 MHz, 41, 11.78 W
1788702737.544057966,0 %, 2398 MHz, 41, 11.78 W
1788702737.644802688,0 %, 2398 MHz, 41, 11.78 W
1788702737.745290225,0 %, 2398 MHz, 41, 11.78 W
1788702737.845609170,0 %, 2398 MHz, 41, 11.78 W
1788702737.946034115,0 %, 2398 MHz, 41, 11.78 W
1788702738.046803253,0 %, 2398 MHz, 41, 11.78 W
1788702738.147192838,0 %, 2398 MHz, 41, 11.78 W
1788702738.247608167,0 %, 2398 MHz, 41, 11.74 W
1788702738.348341081,0 %, 2398 MHz, 41, 11.74 W
1788702738.448723003,0 %, 2398 MHz, 41, 11.74 W
1788702738.549259500,0 %, 2398 MHz, 41, 11.74 W
1788702738.649192204,0 %, 2398 MHz, 41, 11.74 W
1788702738.749050732,0 %, 2398 MHz, 41, 11.73 W
1788702738.849321949,0 %, 2398 MHz, 41, 11.73 W
1788702738.950461488,0 %, 2398 MHz, 41, 11.73 W
1788702739.050903329,0 %, 2398 MHz, 41, 11.73 W
1788702739.151085442,0 %, 2398 MHz, 41, 11.73 W
1788702739.251530020,0 %, 2398 MHz, 41, 11.77 W
1788702739.352285334,0 %, 2398 MHz, 41, 11.77 W
1788702739.452616535,0 %, 2398 MHz, 41, 11.77 W
1788702739.553044696,0 %, 2398 MHz, 41, 11.77 W
1788702739.653864810,0 %, 2398 MHz, 41, 11.77 W
1788702739.754676844,0 %, 2398 MHz, 41, 11.80 W
1788702739.854609661,0 %, 2398 MHz, 41, 11.80 W
1788702739.955830208,0 %, 2398 MHz, 41, 11.80 W
1788702740.055928720,0 %, 2398 MHz, 41, 11.80 W
1788702740.157523012,0 %, 2398 MHz, 41, 11.80 W
1788702740.257323220,0 %, 2398 MHz, 41, 11.81 W
1788702740.357778790,0 %, 2398 MHz, 41, 11.81 W
1788702740.458085911,0 %, 2398 MHz, 41, 11.81 W
1788702740.558859321,0 %, 2398 MHz, 41, 11.81 W
1788702740.659616523,0 %, 2398 MHz, 41, 11.81 W
1788702740.759329787,0 %, 2398 MHz, 41, 11.83 W
1788702740.860125581,0 %, 2398 MHz, 41, 11.83 W
1788702740.960773295,0 %, 2398 MHz, 41, 11.83 W
1788702741.060909136,0 %, 2398 MHz, 41, 11.83 W
1788702741.161681282,0 %, 2398 MHz, 41, 11.83 W
1788702741.262054452,0 %, 2398 MHz, 41, 11.84 W
1788702741.362782758,0 %, 2398 MHz, 41, 11.84 W
1788702741.463215463,0 %, 2398 MHz, 41, 11.84 W
1788702741.563593753,0 %, 2398 MHz, 41, 11.84 W
1788702741.664045722,0 %, 2398 MHz, 41, 11.84 W
1788702741.764790508,0 %, 2398 MHz, 41, 11.86 W
1788702741.865149870,0 %, 2398 MHz, 41, 11.86 W
1788702741.965589839,0 %, 2398 MHz, 41, 11.86 W
1788702742.066360578,0 %, 2398 MHz, 41, 11.86 W
1788702742.166772867,0 %, 2398 MHz, 41, 11.86 W
1788702742.267140693,0 %, 2398 MHz, 41, 11.84 W
1788702742.367942231,0 %, 2398 MHz, 41, 11.84 W
1788702742.468280536,0 %, 2398 MHz, 41, 11.84 W
1788702742.569096299,0 %, 2398 MHz, 41, 11.84 W
1788702742.669654605,0 %, 2398 MHz, 41, 11.84 W
1788702742.769685262,0 %, 2398 MHz, 41, 11.81 W
1788702742.870351312,0 %, 2398 MHz, 41, 11.81 W
1788702742.971136082,0 %, 2398 MHz, 41, 11.81 W
1788702743.071608500,0 %, 2398 MHz, 41, 11.81 W
1788702743.171885765,0 %, 2398 MHz, 41, 11.81 W
1788702743.272660631,0 %, 2398 MHz, 41, 11.80 W
1788702743.373026073,0 %, 2398 MHz, 41, 11.80 W
1788702743.473829595,0 %, 2398 MHz, 41, 11.80 W
1788702743.574214189,0 %, 2398 MHz, 41, 11.80 W
1788702743.674571967,0 %, 2398 MHz, 41, 11.80 W
1788702743.775010528,0 %, 2398 MHz, 41, 11.82 W
1788702743.875774163,0 %, 2398 MHz, 41, 11.82 W
1788702743.976149380,0 %, 2398 MHz, 41, 11.82 W
1788702744.076874359,0 %, 2398 MHz, 41, 11.82 W
1788702744.177302776,0 %, 2398 MHz, 41, 11.82 W
1788702744.277674826,0 %, 2398 MHz, 41, 11.82 W
1788702744.378108412,0 %, 2398 MHz, 41, 11.82 W
1788702744.478182333,0 %, 2398 MHz, 41, 11.82 W
1788702744.578886639,0 %, 2398 MHz, 41, 11.82 W
1788702744.679834450,0 %, 2398 MHz, 41, 11.82 W
1788702744.779887427,0 %, 2398 MHz, 41, 11.82 W
1788702744.880683014,0 %, 2398 MHz, 41, 11.82 W
1788702744.980845399,0 %, 2398 MHz, 41, 11.82 W
1788702745.081142521,0 %, 2398 MHz, 41, 11.82 W
1788702745.181853547,0 %, 2398 MHz, 41, 11.82 W
1788702745.282364077,0 %, 2398 MHz, 41, 11.82 W
1788702745.382715279,0 %, 2398 MHz, 41, 11.82 W
1788702745.483117841,0 %, 2398 MHz, 41, 11.82 W
1788702745.583926643,0 %, 2398 MHz, 41, 11.82 W
1788702745.684286485,0 %, 2398 MHz, 41, 11.82 W
1788702745.784672455,0 %, 2398 MHz, 41, 11.80 W
1788702745.886180923,0 %, 2398 MHz, 41, 11.80 W
1788702745.985895243,0 %, 2398 MHz, 41, 11.80 W
1788702746.086277581,0 %, 2398 MHz, 41, 11.80 W
1788702746.187052608,0 %, 2398 MHz, 41, 11.80 W
1788702746.287803442,0 %, 2398 MHz, 41, 11.81 W
1788702746.388086420,0 %, 2398 MHz, 41, 11.81 W
1788702746.488708438,0 %, 2398 MHz, 41, 11.81 W
1788702746.589039512,0 %, 2398 MHz, 41, 11.81 W
1788702746.689834875,0 %, 2398 MHz, 41, 11.81 W
1788702746.790212573,0 %, 2398 MHz, 41, 11.87 W
1788702746.890796031,0 %, 2398 MHz, 41, 11.87 W
1788702746.991024672,0 %, 2398 MHz, 41, 11.87 W
1788702747.091739011,0 %, 2398 MHz, 41, 11.87 W
1788702747.192112261,0 %, 2398 MHz, 41, 11.87 W
1788702747.292817959,0 %, 2398 MHz, 41, 11.89 W
1788702747.393314410,0 %, 2398 MHz, 41, 11.89 W
1788702747.493666924,0 %, 2398 MHz, 41, 11.89 W
1788702747.594111358,0 %, 2398 MHz, 41, 11.89 W
1788702747.694899280,0 %, 2398 MHz, 41, 11.89 W
1788702747.795207330,0 %, 2398 MHz, 41, 11.88 W
1788702747.895644340,0 %, 2398 MHz, 41, 11.88 W
1788702747.996857160,0 %, 2398 MHz, 41, 11.88 W
1788702748.097016169,0 %, 2398 MHz, 41, 11.88 W
1788702748.197323339,0 %, 2398 MHz, 41, 11.88 W
1788702748.298338191,0 %, 2398 MHz, 41, 11.87 W
1788702748.398807889,0 %, 2398 MHz, 41, 11.87 W
1788702748.499098195,0 %, 2398 MHz, 41, 11.87 W
1788702748.599620997,0 %, 2398 MHz, 41, 11.87 W
1788702748.702191787,0 %, 2398 MHz, 41, 11.87 W
1788702748.800792410,0 %, 2398 MHz, 41, 11.86 W
1788702748.901181612,0 %, 2398 MHz, 41, 11.86 W
1788702749.000906525,0 %, 2398 MHz, 41, 11.86 W
1788702749.100639918,0 %, 2398 MHz, 41, 11.86 W
1788702749.201037776,0 %, 2398 MHz, 41, 11.86 W
1788702749.302269252,0 %, 2398 MHz, 41, 11.84 W
1788702749.402364869,0 %, 2398 MHz, 41, 11.84 W
1788702749.503044296,0 %, 2398 MHz, 41, 11.84 W
1788702749.603489722,0 %, 2398 MHz, 41, 11.84 W
1788702749.703917100,0 %, 2398 MHz, 41, 11.84 W
1788702749.804293775,0 %, 2398 MHz, 41, 11.85 W
1788702749.905321314,0 %, 2398 MHz, 41, 11.85 W
1788702750.004940083,0 %, 2398 MHz, 41, 11.85 W
1788702750.104961188,0 %, 2398 MHz, 41, 11.85 W
1788702750.204959734,0 %, 2398 MHz, 41, 11.85 W
1788702750.305270232,0 %, 2398 MHz, 41, 11.87 W
1788702750.406113051,0 %, 2398 MHz, 41, 11.87 W
1788702750.506483741,0 %, 2398 MHz, 41, 11.87 W
1788702750.607288752,0 %, 2398 MHz, 41, 11.87 W
1788702750.708293251,0 %, 2398 MHz, 41, 11.87 W
1788702750.807739540,0 %, 2398 MHz, 41, 11.89 W
1788702750.908256454,0 %, 2398 MHz, 41, 11.89 W
1788702751.009058425,0 %, 2398 MHz, 41, 11.89 W
1788702751.109586764,0 %, 2398 MHz, 41, 11.89 W
1788702751.210105903,0 %, 2398 MHz, 41, 11.89 W
1788702751.310652497,0 %, 2398 MHz, 41, 11.88 W
1788702751.411026195,0 %, 2398 MHz, 41, 11.88 W
1788702751.511798967,0 %, 2398 MHz, 41, 11.88 W
1788702751.612202105,0 %, 2398 MHz, 41, 11.88 W
1788702751.712884892,0 %, 2398 MHz, 41, 11.88 W
1788702751.813012270,0 %, 2398 MHz, 41, 11.86 W
1788702751.913777281,0 %, 2398 MHz, 41, 11.86 W
1788702752.014154291,0 %, 2398 MHz, 41, 11.86 W
1788702752.114579269,0 %, 2398 MHz, 41, 11.86 W
1788702752.215341417,0 %, 2398 MHz, 41, 11.86 W
1788702752.316429548,0 %, 2398 MHz, 41, 11.87 W
1788702752.416200334,0 %, 2398 MHz, 41, 11.87 W
1788702752.517244545,0 %, 2398 MHz, 41, 11.87 W
1788702752.617815892,0 %, 2398 MHz, 41, 11.87 W
1788702752.718053670,0 %, 2398 MHz, 41, 11.87 W
1788702752.818537129,0 %, 2398 MHz, 41, 11.85 W
1788702752.918936091,0 %, 2398 MHz, 41, 11.85 W
1788702753.019327118,0 %, 2398 MHz, 41, 11.85 W
1788702753.120789282,0 %, 2398 MHz, 41, 11.85 W
1788702753.220791140,0 %, 2398 MHz, 41, 11.85 W
1788702753.321119846,0 %, 2398 MHz, 41, 11.87 W
1788702753.421631033,0 %, 2398 MHz, 41, 11.87 W
1788702753.521994107,0 %, 2398 MHz, 41, 11.87 W
1788702753.622781167,0 %, 2398 MHz, 41, 11.87 W
1788702753.723205825,0 %, 2398 MHz, 41, 11.87 W
1788702753.823552148,0 %, 2398 MHz, 41, 11.89 W
1788702753.923968054,0 %, 2398 MHz, 41, 11.89 W
1788702754.024734378,0 %, 2398 MHz, 41, 11.89 W
1788702754.125124876,0 %, 2398 MHz, 41, 11.89 W
1788702754.225523087,0 %, 2398 MHz, 41, 11.89 W
1788702754.326322722,0 %, 2398 MHz, 41, 11.88 W
1788702754.426647364,0 %, 2398 MHz, 41, 11.88 W
1788702754.527069895,0 %, 2398 MHz, 41, 11.88 W
1788702754.627850266,0 %, 2398 MHz, 41, 11.88 W
1788702754.728316189,0 %, 2398 MHz, 41, 11.88 W
1788702754.828524191,0 %, 2398 MHz, 41, 11.88 W
1788702754.929176002,0 %, 2398 MHz, 41, 11.88 W
1788702755.029636213,0 %, 2398 MHz, 41, 11.88 W
1788702755.130075640,0 %, 2398 MHz, 41, 11.88 W
1788702755.230800363,0 %, 2398 MHz, 41, 11.88 W
1788702755.331196254,0 %, 2398 MHz, 41, 11.88 W
1788702755.431863553,0 %, 2398 MHz, 41, 11.88 W
1788702755.532272916,0 %, 2398 MHz, 41, 11.88 W
1788702755.632766983,0 %, 2398 MHz, 41, 11.88 W
1788702755.733621258,0 %, 2398 MHz, 41, 11.86 W
1788702755.833827341,0 %, 2398 MHz, 41, 11.86 W
1788702755.934728432,0 %, 2398 MHz, 41, 11.86 W
1788702756.034670210,0 %, 2398 MHz, 41, 11.86 W
1788702756.135083253,0 %, 2398 MHz, 41, 11.86 W
1788702756.235870153,0 %, 2398 MHz, 41, 11.85 W
1788702756.336258635,0 %, 2398 MHz, 41, 11.85 W
1788702756.436622798,0 %, 2398 MHz, 41, 11.85 W
1788702756.537819330,0 %, 2398 MHz, 41, 11.85 W
1788702756.637970661,0 %, 2398 MHz, 41, 11.85 W
1788702756.738312535,0 %, 2398 MHz, 41, 11.84 W
1788702756.839060651,0 %, 2398 MHz, 41, 11.84 W
1788702756.939826318,0 %, 2398 MHz, 41, 11.84 W
1788702757.039866256,0 %, 2398 MHz, 41, 11.84 W
1788702757.140147699,0 %, 2398 MHz, 41, 11.84 W
1788702757.240871590,0 %, 2398 MHz, 41, 11.82 W
1788702757.341251753,0 %, 2398 MHz, 41, 11.82 W
1788702757.442064141,0 %, 2398 MHz, 41, 11.82 W
1788702757.542775200,0 %, 2398 MHz, 41, 11.82 W
1788702757.642138865,0 %, 2398 MHz, 41, 11.82 W
1788702757.742326548,0 %, 2398 MHz, 41, 11.79 W
1788702757.842169925,0 %, 2398 MHz, 41, 11.79 W
1788702757.942162808,0 %, 2398 MHz, 41, 11.79 W
1788702758.042585626,0 %, 2398 MHz, 41, 11.79 W
1788702758.143800735,0 %, 2398 MHz, 41, 11.79 W
1788702758.243980529,0 %, 2398 MHz, 41, 11.81 W
1788702758.344321364,0 %, 2398 MHz, 41, 11.81 W
1788702758.445031080,0 %, 2398 MHz, 41, 11.81 W
1788702758.545413947,0 %, 2398 MHz, 41, 11.81 W
1788702758.645821294,0 %, 2398 MHz, 41, 11.81 W
1788702758.746598721,0 %, 2398 MHz, 41, 11.83 W
1788702758.846938660,0 %, 2398 MHz, 41, 11.83 W
1788702758.947791624,0 %, 2398 MHz, 41, 11.83 W
1788702759.048191515,0 %, 2398 MHz, 41, 11.83 W
1788702759.148805454,0 %, 2398 MHz, 41, 11.83 W
1788702759.248906785,0 %, 2398 MHz, 41, 11.82 W
1788702759.349735413,0 %, 2398 MHz, 41, 11.82 W
1788702759.450101832,0 %, 2398 MHz, 41, 11.82 W
1788702759.550818667,0 %, 2398 MHz, 41, 11.82 W
1788702759.651445791,0 %, 2398 MHz, 41, 11.82 W
1788702759.751642770,0 %, 2398 MHz, 41, 11.85 W
1788702759.852429973,0 %, 2398 MHz, 41, 11.85 W
1788702759.952833208,0 %, 2398 MHz, 41, 11.85 W
1788702760.053187099,0 %, 2398 MHz, 41, 11.85 W
1788702760.153656831,0 %, 2398 MHz, 41, 11.85 W
1788702760.254378306,0 %, 2398 MHz, 41, 11.84 W
1788702760.354918774,0 %, 2398 MHz, 41, 11.84 W
1788702760.455287161,0 %, 2398 MHz, 41, 11.84 W
1788702760.556295277,0 %, 2398 MHz, 41, 11.84 W
1788702760.656832944,0 %, 2398 MHz, 41, 11.84 W
1788702760.757087859,0 %, 2398 MHz, 41, 11.81 W
1788702760.857872551,0 %, 2398 MHz, 41, 11.81 W
1788702760.957994106,0 %, 2398 MHz, 41, 11.81 W
1788702761.058369869,0 %, 2398 MHz, 41, 11.81 W
1788702761.159810498,0 %, 2398 MHz, 41, 11.81 W
1788702761.259814276,0 %, 2398 MHz, 41, 11.82 W
1788702761.360150760,0 %, 2398 MHz, 41, 11.82 W
1788702761.460669371,0 %, 2398 MHz, 41, 11.82 W
1788702761.561054222,0 %, 2398 MHz, 41, 11.82 W
1788702761.661474865,0 %, 2398 MHz, 41, 11.82 W
1788702761.762237685,0 %, 2398 MHz, 41, 11.82 W
1788702761.862887993,0 %, 2398 MHz, 41, 11.82 W
1788702761.963024380,0 %, 2398 MHz, 41, 11.82 W
1788702762.063777280,0 %, 2398 MHz, 41, 11.82 W
1788702762.164200595,0 %, 2398 MHz, 41, 11.82 W
1788702762.264488534,0 %, 2398 MHz, 41, 11.83 W
1788702762.364910201,0 %, 2398 MHz, 41, 11.83 W
1788702762.465622093,0 %, 2398 MHz, 41, 11.83 W
1788702762.565983712,0 %, 2398 MHz, 41, 11.83 W
1788702762.666361828,0 %, 2398 MHz, 41, 11.83 W
1788702762.767162952,0 %, 2398 MHz, 41, 11.82 W
1788702762.867839116,0 %, 2398 MHz, 41, 11.82 W
1788702762.968177023,0 %, 2398 MHz, 41, 11.82 W
1788702763.068707522,0 %, 2398 MHz, 41, 11.82 W
1788702763.169046998,0 %, 2398 MHz, 41, 11.82 W
1788702763.269832458,0 %, 2398 MHz, 41, 11.80 W
1788702763.370245405,0 %, 2398 MHz, 41, 11.80 W
1788702763.470610944,0 %, 2398 MHz, 41, 11.80 W
1788702763.571034404,0 %, 2398 MHz, 41, 11.80 W
1788702763.671798024,0 %, 2398 MHz, 41, 11.80 W
1788702763.772183787,0 %, 2398 MHz, 41, 11.81 W
1788702763.872564847,0 %, 2398 MHz, 41, 11.81 W
1788702763.974053796,0 %, 2398 MHz, 41, 11.81 W
1788702764.073734054,0 %, 2398 MHz, 41, 11.81 W
1788702764.174134058,0 %, 2398 MHz, 41, 11.81 W
1788702764.274925406,0 %, 2398 MHz, 41, 11.86 W
1788702764.375419713,0 %, 2398 MHz, 41, 11.86 W
1788702764.475818197,0 %, 2398 MHz, 41, 11.86 W
1788702764.576829130,0 %, 2398 MHz, 41, 11.86 W
1788702764.679139281,0 %, 2398 MHz, 41, 11.86 W
1788702764.777330080,0 %, 2398 MHz, 41, 11.90 W
1788702764.878348133,0 %, 2398 MHz, 41, 11.90 W
1788702764.978816584,0 %, 2398 MHz, 41, 11.90 W
1788702765.078907371,0 %, 2398 MHz, 41, 11.90 W
1788702765.179641951,0 %, 2398 MHz, 41, 11.90 W
1788702765.280026579,0 %, 2398 MHz, 41, 11.90 W
1788702765.380821111,0 %, 2398 MHz, 41, 11.90 W
1788702765.481189691,0 %, 2398 MHz, 41, 11.90 W
1788702765.581580622,0 %, 2398 MHz, 41, 11.90 W
1788702765.682684003,0 %, 2398 MHz, 41, 11.90 W
1788702765.782755798,0 %, 2398 MHz, 41, 11.88 W
1788702765.883125945,0 %, 2398 MHz, 41, 11.88 W
1788702765.983842093,0 %, 2398 MHz, 41, 11.88 W
1788702766.084326897,0 %, 2398 MHz, 41, 11.88 W
1788702766.184715525,0 %, 2398 MHz, 41, 11.88 W
1788702766.285106376,0 %, 2398 MHz, 41, 11.86 W
1788702766.385890365,0 %, 2398 MHz, 41, 11.86 W
1788702766.486236944,0 %, 2398 MHz, 41, 11.86 W
1788702766.586672532,0 %, 2398 MHz, 41, 11.86 W
1788702766.687448184,0 %, 2398 MHz, 41, 11.86 W
1788702766.787819388,0 %, 2398 MHz, 41, 11.85 W
1788702766.888225392,0 %, 2398 MHz, 41, 11.85 W
1788702766.988384419,0 %, 2398 MHz, 41, 11.85 W
1788702767.089206631,0 %, 2398 MHz, 41, 11.85 W
1788702767.189879164,0 %, 2398 MHz, 41, 11.85 W
1788702767.289970911,0 %, 2398 MHz, 41, 11.83 W
1788702767.390769139,0 %, 2398 MHz, 41, 11.83 W
1788702767.491123399,0 %, 2398 MHz, 41, 11.83 W
1788702767.591822459,0 %, 2398 MHz, 41, 11.83 W
1788702767.692308879,0 %, 2398 MHz, 41, 11.83 W
1788702767.792683507,0 %, 2398 MHz, 41, 11.86 W
1788702767.893094310,0 %, 2398 MHz, 41, 11.86 W
1788702767.993876875,0 %, 2398 MHz, 41, 11.86 W
1788702768.094235646,0 %, 2398 MHz, 41, 11.86 W
1788702768.194643826,0 %, 2398 MHz, 41, 11.86 W
1788702768.295848520,0 %, 2398 MHz, 41, 11.90 W
1788702768.396005691,0 %, 2398 MHz, 41, 11.90 W
1788702768.496312207,0 %, 2398 MHz, 41, 11.90 W
1788702768.597347140,0 %, 2398 MHz, 41, 11.90 W
1788702768.697860136,0 %, 2398 MHz, 41, 11.90 W
1788702768.798119115,0 %, 2398 MHz, 41, 11.88 W
1788702768.898654767,0 %, 2398 MHz, 41, 11.88 W
1788702768.999018147,0 %, 2398 MHz, 41, 11.88 W
1788702769.099349559,0 %, 2398 MHz, 41, 11.88 W
1788702769.200180363,0 %, 2398 MHz, 41, 11.88 W
1788702769.300842960,0 %, 2398 MHz, 41, 11.86 W
1788702769.400063505,0 %, 2398 MHz, 41, 11.86 W
1788702769.500142885,0 %, 2398 MHz, 41, 11.86 W
1788702769.602060491,0 %, 2398 MHz, 41, 11.86 W
1788702769.702808480,0 %, 2398 MHz, 41, 11.86 W
1788702769.802814659,0 %, 2398 MHz, 41, 11.87 W
1788702769.902895174,0 %, 2398 MHz, 41, 11.87 W
1788702770.003716363,0 %, 2398 MHz, 41, 11.87 W
1788702770.104026287,0 %, 2398 MHz, 41, 11.87 W
1788702770.204805683,0 %, 2398 MHz, 41, 11.87 W
1788702770.305224920,0 %, 2398 MHz, 41, 11.90 W
1788702770.405856364,0 %, 2398 MHz, 41, 11.90 W
1788702770.506038495,0 %, 2398 MHz, 41, 11.90 W
1788702770.606798868,0 %, 2398 MHz, 41, 11.90 W
1788702770.707461001,0 %, 2398 MHz, 41, 11.90 W
1788702770.807540684,0 %, 2398 MHz, 41, 11.93 W
1788702770.908624689,0 %, 2398 MHz, 41, 11.93 W
1788702771.008720165,0 %, 2398 MHz, 41, 11.93 W
1788702771.109494217,0 %, 2398 MHz, 41, 11.93 W
1788702771.210730687,0 %, 2398 MHz, 41, 11.93 W
1788702771.311003667,0 %, 2398 MHz, 41, 11.92 W
1788702771.412013752,0 %, 2398 MHz, 41, 11.92 W
1788702771.511772715,0 %, 2398 MHz, 41, 11.92 W
1788702771.613406801,0 %, 2398 MHz, 41, 11.92 W
1788702771.712915172,0 %, 2398 MHz, 41, 11.92 W
1788702771.813440760,0 %, 2398 MHz, 41, 11.91 W
1788702771.914052364,0 %, 2398 MHz, 41, 11.91 W
1788702772.014678081,0 %, 2398 MHz, 41, 11.91 W
1788702772.115026373,0 %, 2398 MHz, 41, 11.91 W
1788702772.216497339,0 %, 2398 MHz, 41, 11.91 W
1788702772.315993485,0 %, 2398 MHz, 41, 11.91 W
1788702772.416686978,0 %, 2398 MHz, 41, 11.91 W
1788702772.517140950,0 %, 2398 MHz, 41, 11.91 W
1788702772.617534570,0 %, 2398 MHz, 41, 11.91 W
1788702772.718088399,0 %, 2398 MHz, 41, 11.91 W
1788702772.818662339,0 %, 2398 MHz, 41, 11.90 W
1788702772.919117112,0 %, 2398 MHz, 41, 11.90 W
1788702773.019830796,0 %, 2398 MHz, 41, 11.90 W
1788702773.119811440,0 %, 2398 MHz, 41, 11.90 W
1788702773.220652085,0 %, 2398 MHz, 41, 11.90 W
1788702773.321400250,0 %, 2398 MHz, 41, 11.90 W
1788702773.421805326,0 %, 2398 MHz, 41, 11.90 W
1788702773.521788353,0 %, 2398 MHz, 41, 11.90 W
1788702773.622997335,0 %, 2398 MHz, 41, 11.90 W
1788702773.723537260,0 %, 2398 MHz, 41, 11.90 W
1788702773.823915120,0 %, 2398 MHz, 41, 11.86 W
1788702773.924931061,0 %, 2398 MHz, 41, 11.86 W
1788702774.025090137,0 %, 2398 MHz, 41, 11.86 W
1788702774.125294349,0 %, 2398 MHz, 41, 11.86 W
1788702774.226048674,0 %, 2398 MHz, 41, 11.86 W
1788702774.327501304,0 %, 2398 MHz, 41, 11.85 W
1788702774.426749978,0 %, 2398 MHz, 41, 11.85 W
1788702774.527655599,0 %, 2398 MHz, 41, 11.85 W
1788702774.628004132,0 %, 2398 MHz, 41, 11.85 W
1788702774.728775881,0 %, 2398 MHz, 41, 11.85 W
1788702774.829256573,0 %, 2398 MHz, 41, 11.81 W
1788702774.929644289,0 %, 2398 MHz, 41, 11.81 W
1788702775.030013110,0 %, 2398 MHz, 41, 11.81 W
1788702775.130814059,0 %, 2398 MHz, 41, 11.81 W
1788702775.231216287,0 %, 2398 MHz, 41, 11.81 W
1788702775.331575348,0 %, 2398 MHz, 41, 11.77 W
1788702775.432624457,0 %, 2398 MHz, 41, 11.77 W
1788702775.532753037,0 %, 2398 MHz, 41, 11.77 W
1788702775.632772945,0 %, 2398 MHz, 41, 11.77 W
1788702775.733915238,0 %, 2398 MHz, 41, 11.80 W
1788702775.833908090,0 %, 2398 MHz, 41, 11.80 W
1788702775.934857631,0 %, 2398 MHz, 41, 11.80 W
1788702776.035439828,0 %, 2398 MHz, 41, 11.80 W
1788702776.135812409,0 %, 2398 MHz, 41, 11.80 W
1788702776.237082863,0 %, 2398 MHz, 41, 11.80 W
1788702776.336798674,0 %, 2398 MHz, 41, 11.80 W
1788702776.437401351,0 %, 2398 MHz, 41, 11.80 W
1788702776.537979948,0 %, 2398 MHz, 41, 11.80 W
1788702776.638767537,0 %, 2398 MHz, 41, 11.80 W
1788702776.739072389,0 %, 2398 MHz, 41, 11.81 W
1788702776.840229019,0 %, 2398 MHz, 41, 11.81 W
1788702776.940381487,0 %, 2398 MHz, 41, 11.81 W
1788702777.040774259,0 %, 2398 MHz, 41, 11.81 W
1788702777.141024824,0 %, 2398 MHz, 41, 11.81 W
1788702777.241839421,0 %, 2398 MHz, 41, 11.85 W
1788702777.341809073,0 %, 2398 MHz, 41, 11.85 W
1788702777.443246311,0 %, 2398 MHz, 41, 11.85 W
1788702777.543371227,0 %, 2398 MHz, 41, 11.85 W
1788702777.643788976,0 %, 2398 MHz, 41, 11.85 W
1788702777.744059012,0 %, 2398 MHz, 41, 11.85 W
1788702777.844884794,0 %, 2398 MHz, 41, 11.85 W
1788702777.945305726,0 %, 2398 MHz, 41, 11.85 W
1788702778.045711155,0 %, 2398 MHz, 41, 11.85 W
1788702778.146671944,0 %, 2398 MHz, 41, 11.85 W
1788702778.246106091,0 %, 2398 MHz, 41, 11.86 W
1788702778.347013569,0 %, 2398 MHz, 41, 11.86 W
1788702778.447391093,0 %, 2398 MHz, 41, 11.86 W
1788702778.548445515,0 %, 2398 MHz, 41, 11.86 W
1788702778.648518559,0 %, 2398 MHz, 41, 11.86 W
1788702778.749337381,0 %, 2398 MHz, 41, 11.88 W
1788702778.850093114,0 %, 2398 MHz, 41, 11.88 W
1788702778.950994544,0 %, 2398 MHz, 41, 11.88 W
1788702779.051351668,0 %, 2398 MHz, 41, 11.88 W
1788702779.152450298,0 %, 2398 MHz, 41, 11.88 W
1788702779.253629504,0 %, 2398 MHz, 41, 11.89 W
1788702779.354022213,0 %, 2398 MHz, 41, 11.89 W
1788702779.454989947,0 %, 2398 MHz, 41, 11.89 W
1788702779.555552512,0 %, 2398 MHz, 41, 11.89 W
1788702779.656436774,0 %, 2398 MHz, 41, 11.89 W
1788702779.757769292,0 %, 2398 MHz, 41, 11.90 W
1788702779.857555088,0 %, 2398 MHz, 41, 11.90 W
1788702779.958426485,0 %, 2398 MHz, 41, 11.90 W
1788702780.059247467,0 %, 2398 MHz, 41, 11.90 W
1788702780.159926272,0 %, 2398 MHz, 41, 11.90 W
1788702780.260916726,0 %, 2398 MHz, 41, 11.90 W
1788702780.361815132,0 %, 2398 MHz, 41, 11.90 W
1788702780.462408577,0 %, 2398 MHz, 41, 11.90 W
1788702780.563033110,0 %, 2398 MHz, 41, 11.90 W
1788702780.663725468,0 %, 2398 MHz, 41, 11.90 W
1788702780.764582689,0 %, 2398 MHz, 41, 11.87 W
1788702780.864870758,0 %, 2398 MHz, 41, 11.87 W
1788702780.965940940,0 %, 2398 MHz, 41, 11.87 W
1788702781.066491537,0 %, 2398 MHz, 41, 11.87 W
1788702781.167146103,0 %, 2398 MHz, 41, 11.87 W
1788702781.268092668,0 %, 2398 MHz, 41, 11.83 W
1788702781.368914482,0 %, 2398 MHz, 41, 11.83 W
1788702781.469687480,0 %, 2398 MHz, 41, 11.83 W
1788702781.570297245,0 %, 2398 MHz, 41, 11.83 W
1788702781.671204227,0 %, 2398 MHz, 41, 11.83 W
1788702781.771802504,0 %, 2398 MHz, 41, 11.81 W
1788702781.872192909,0 %, 2398 MHz, 41, 11.81 W
1788702781.973862916,0 %, 2398 MHz, 41, 11.81 W
1788702782.074215081,0 %, 2398 MHz, 41, 11.81 W
1788702782.175017151,0 %, 2398 MHz, 41, 11.81 W
1788702782.275656932,0 %, 2398 MHz, 41, 11.83 W
1788702782.376566570,0 %, 2398 MHz, 41, 11.83 W
1788702782.477152256,0 %, 2398 MHz, 41, 11.83 W
1788702782.577594533,0 %, 2398 MHz, 41, 11.83 W
1788702782.678909531,0 %, 2398 MHz, 41, 11.83 W
1788702782.779087648,0 %, 2398 MHz, 41, 11.86 W
1788702782.880438055,0 %, 2398 MHz, 41, 11.86 W
1788702782.980058858,0 %, 2398 MHz, 41, 11.86 W
1788702783.081050576,0 %, 2398 MHz, 41, 11.86 W
1788702783.182025766,0 %, 2398 MHz, 41, 11.86 W
1788702783.282552428,0 %, 2398 MHz, 41, 11.83 W
1788702783.382880129,0 %, 2398 MHz, 41, 11.83 W
1788702783.483910455,0 %, 2398 MHz, 41, 11.83 W
1788702783.584814717,0 %, 2398 MHz, 41, 11.83 W
1788702783.685377570,0 %, 2398 MHz, 41, 11.83 W
1788702783.786228200,0 %, 2398 MHz, 41, 11.80 W
1788702783.887451231,0 %, 2398 MHz, 41, 11.80 W
1788702783.987575811,0 %, 2398 MHz, 41, 11.80 W
1788702784.087852056,0 %, 2398 MHz, 41, 11.80 W
1788702784.188971103,0 %, 2398 MHz, 41, 11.80 W
1788702784.289508900,0 %, 2398 MHz, 41, 11.83 W
1788702784.390394586,0 %, 2398 MHz, 41, 11.83 W
1788702784.491572417,0 %, 2398 MHz, 41, 11.83 W
1788702784.591922662,0 %, 2398 MHz, 41, 11.83 W
1788702784.692863324,0 %, 2398 MHz, 41, 11.83 W
1788702784.793363601,0 %, 2398 MHz, 41, 11.86 W
1788702784.894266167,0 %, 2398 MHz, 41, 11.86 W
1788702784.994846909,0 %, 2398 MHz, 41, 11.86 W
1788702785.095677379,0 %, 2398 MHz, 41, 11.86 W
1788702785.196936922,0 %, 2398 MHz, 41, 11.86 W
1788702785.296780750,0 %, 2398 MHz, 41, 11.86 W
1788702785.398135525,0 %, 2398 MHz, 41, 11.86 W
1788702785.498732586,0 %, 2398 MHz, 41, 11.86 W
1788702785.599577665,0 %, 2398 MHz, 41, 11.86 W
1788702785.700055622,0 %, 2398 MHz, 41, 11.86 W
1788702785.800991452,0 %, 2398 MHz, 41, 11.87 W
1788702785.901066033,0 %, 2398 MHz, 41, 11.87 W
1788702786.002422024,0 %, 2398 MHz, 41, 11.87 W
1788702786.102979325,0 %, 2398 MHz, 41, 11.87 W
1788702786.203788467,0 %, 2398 MHz, 41, 11.87 W
1788702786.305006186,0 %, 2398 MHz, 41, 11.89 W
1788702786.405302399,0 %, 2398 MHz, 41, 11.89 W
1788702786.506233798,0 %, 2398 MHz, 41, 11.89 W
1788702786.606813403,0 %, 2398 MHz, 41, 11.89 W
1788702786.707484529,0 %, 2398 MHz, 41, 11.89 W
1788702786.808915784,0 %, 2398 MHz, 41, 11.89 W
1788702786.909132909,0 %, 2398 MHz, 41, 11.89 W
1788702787.010031476,0 %, 2398 MHz, 41, 11.89 W
1788702787.110411129,0 %, 2398 MHz, 41, 11.89 W
1788702787.211527136,0 %, 2398 MHz, 41, 11.89 W
1788702787.312053413,0 %, 2398 MHz, 41, 11.89 W
1788702787.412949596,0 %, 2398 MHz, 41, 11.89 W
1788702787.513502801,0 %, 2398 MHz, 41, 11.89 W
1788702787.614414008,0 %, 2398 MHz, 41, 11.89 W
1788702787.715775135,0 %, 2398 MHz, 41, 11.89 W
1788702787.815933476,0 %, 2398 MHz, 41, 11.87 W
1788702787.916396793,0 %, 2398 MHz, 41, 11.87 W
1788702788.017460240,0 %, 2398 MHz, 41, 11.87 W
1788702788.118336470,0 %, 2398 MHz, 41, 11.87 W
1788702788.217235353,0 %, 2398 MHz, 41, 11.87 W
1788702788.317670350,0 %, 2398 MHz, 41, 11.85 W
1788702788.417805891,0 %, 2398 MHz, 41, 11.85 W
1788702788.519325003,0 %, 2398 MHz, 41, 11.85 W
1788702788.620147073,0 %, 2398 MHz, 41, 11.85 W
1788702788.720753271,0 %, 2398 MHz, 41, 11.85 W
1788702788.820294811,0 %, 2398 MHz, 41, 11.89 W
1788702788.921170817,0 %, 2398 MHz, 41, 11.89 W
1788702789.022167416,0 %, 2398 MHz, 41, 11.89 W
1788702789.122823710,0 %, 2398 MHz, 41, 11.89 W
1788702789.223687508,0 %, 2398 MHz, 41, 11.89 W
1788702789.324538091,0 %, 2398 MHz, 41, 11.89 W
1788702789.424988928,0 %, 2398 MHz, 41, 11.89 W
1788702789.525900823,0 %, 2398 MHz, 41, 11.89 W
1788702789.627161262,0 %, 2398 MHz, 41, 11.89 W
1788702789.726089168,0 %, 2398 MHz, 41, 11.89 W
1788702789.826172517,0 %, 2398 MHz, 41, 11.85 W
1788702789.926529179,0 %, 2398 MHz, 41, 11.85 W
1788702790.028033410,0 %, 2398 MHz, 41, 11.85 W
1788702790.129139097,0 %, 2398 MHz, 41, 11.85 W
1788702790.229446671,0 %, 2398 MHz, 41, 11.85 W
1788702790.330379158,0 %, 2398 MHz, 41, 11.88 W
1788702790.430970108,0 %, 2398 MHz, 41, 11.88 W
1788702790.531809666,0 %, 2398 MHz, 41, 11.88 W
1788702790.632404936,0 %, 2398 MHz, 41, 11.88 W
1788702790.733188606,0 %, 2398 MHz, 41, 11.88 W
1788702790.834099157,0 %, 2398 MHz, 41, 11.88 W
1788702790.934139386,0 %, 2398 MHz, 41, 11.88 W
1788702791.035814002,0 %, 2398 MHz, 41, 11.88 W
1788702791.136139623,0 %, 2398 MHz, 41, 11.88 W
1788702791.236982558,0 %, 2398 MHz, 41, 11.88 W
1788702791.337588916,0 %, 2398 MHz, 41, 11.88 W
1788702791.438487899,0 %, 2398 MHz, 41, 11.88 W
1788702791.538998049,0 %, 2398 MHz, 41, 11.88 W
1788702791.639682567,0 %, 2398 MHz, 41, 11.88 W
1788702791.740615294,0 %, 2398 MHz, 41, 11.89 W
1788702791.841335172,0 %, 2398 MHz, 41, 11.89 W
1788702791.942225835,0 %, 2398 MHz, 41, 11.89 W
1788702792.042811153,0 %, 2398 MHz, 41, 11.89 W
1788702792.143730007,0 %, 2398 MHz, 41, 11.89 W
1788702792.244306077,0 %, 2398 MHz, 41, 11.89 W
1788702792.343539713,0 %, 2398 MHz, 41, 11.89 W
1788702792.444353816,0 %, 2398 MHz, 41, 11.89 W
1788702792.543766043,0 %, 2398 MHz, 41, 11.89 W
1788702792.644154833,0 %, 2398 MHz, 41, 11.89 W
1788702792.744298438,0 %, 2398 MHz, 41, 11.89 W
1788702792.846066159,0 %, 2398 MHz, 41, 11.89 W
1788702792.946089172,0 %, 2398 MHz, 41, 11.89 W
1788702793.047254571,0 %, 2398 MHz, 41, 11.89 W
1788702793.148007138,0 %, 2398 MHz, 41, 11.89 W
1788702793.248901320,0 %, 2398 MHz, 41, 11.88 W
1788702793.350113040,0 %, 2398 MHz, 41, 11.88 W
1788702793.450470326,0 %, 2398 MHz, 41, 11.88 W
1788702793.550904508,0 %, 2398 MHz, 41, 11.88 W
1788702793.651934835,0 %, 2398 MHz, 41, 11.88 W
1788702793.752830153,0 %, 2398 MHz, 41, 11.90 W
1788702793.853368703,0 %, 2398 MHz, 41, 11.90 W
1788702793.953009252,0 %, 2398 MHz, 41, 11.90 W
1788702794.054273291,0 %, 2398 MHz, 41, 11.90 W
1788702794.154521249,0 %, 2398 MHz, 41, 11.90 W
1788702794.254961015,0 %, 2398 MHz, 41, 11.91 W
1788702794.355890478,0 %, 2398 MHz, 41, 11.91 W
1788702794.456269396,0 %, 2398 MHz, 41, 11.91 W
1788702794.557167019,0 %, 2398 MHz, 41, 11.91 W
1788702794.657911697,0 %, 2398 MHz, 41, 11.91 W
1788702794.758929256,0 %, 2398 MHz, 41, 11.90 W
1788702794.859753103,0 %, 2398 MHz, 41, 11.90 W
1788702794.959991861,0 %, 2398 MHz, 41, 11.90 W
1788702795.061080780,0 %, 2398 MHz, 41, 11.90 W
1788702795.161785075,0 %, 2398 MHz, 41, 11.90 W
1788702795.262636938,0 %, 2398 MHz, 41, 11.88 W
1788702795.363260608,0 %, 2398 MHz, 41, 11.88 W
1788702795.464074871,0 %, 2398 MHz, 41, 11.88 W
1788702795.565277870,0 %, 2398 MHz, 41, 11.88 W
1788702795.665619940,0 %, 2398 MHz, 41, 11.88 W
1788702795.766521931,0 %, 2398 MHz, 41, 11.89 W
1788702795.866949873,0 %, 2398 MHz, 41, 11.89 W
1788702795.967547272,0 %, 2398 MHz, 41, 11.89 W
1788702796.068571039,0 %, 2398 MHz, 41, 11.89 W
1788702796.169455494,0 %, 2398 MHz, 41, 11.89 W
1788702796.269958268,0 %, 2398 MHz, 41, 11.93 W
1788702796.370794099,0 %, 2398 MHz, 41, 11.93 W
1788702796.471994059,0 %, 2398 MHz, 41, 11.93 W
1788702796.572011104,0 %, 2398 MHz, 41, 11.93 W
1788702796.673350888,0 %, 2398 MHz, 41, 11.93 W
1788702796.773651262,0 %, 2398 MHz, 41, 11.96 W
1788702796.874525493,0 %, 2398 MHz, 41, 11.96 W
1788702796.975147436,0 %, 2398 MHz, 41, 11.96 W
1788702797.076069715,0 %, 2398 MHz, 41, 11.96 W
1788702797.176606521,0 %, 2398 MHz, 41, 11.96 W
1788702797.277506032,0 %, 2398 MHz, 41, 11.95 W
1788702797.377992247,0 %, 2398 MHz, 41, 11.95 W
1788702797.478857982,0 %, 2398 MHz, 41, 11.95 W
1788702797.580043941,0 %, 2398 MHz, 41, 11.95 W
1788702797.680541692,0 %, 2398 MHz, 41, 11.95 W
1788702797.781373043,0 %, 2398 MHz, 41, 11.92 W
1788702797.881832361,0 %, 2398 MHz, 41, 11.92 W
1788702797.982264751,0 %, 2398 MHz, 41, 11.92 W
1788702798.083290519,0 %, 2398 MHz, 41, 11.92 W
1788702798.184188702,0 %, 2398 MHz, 41, 11.92 W
1788702798.285403782,0 %, 2398 MHz, 41, 11.92 W
1788702798.385551019,0 %, 2398 MHz, 41, 11.92 W
1788702798.486565459,0 %, 2398 MHz, 41, 11.92 W
1788702798.586983673,0 %, 2398 MHz, 41, 11.92 W
1788702798.687822544,0 %, 2398 MHz, 41, 11.92 W
1788702798.788630583,0 %, 2398 MHz, 41, 11.93 W
1788702798.889832607,0 %, 2398 MHz, 41, 11.93 W
1788702798.989384932,0 %, 2398 MHz, 41, 11.93 W
1788702799.090771356,0 %, 2398 MHz, 41, 11.93 W
1788702799.191369315,0 %, 2398 MHz, 41, 11.93 W
1788702799.292039690,0 %, 2398 MHz, 41, 11.91 W
1788702799.392777025,0 %, 2398 MHz, 41, 11.91 W
1788702799.493618712,0 %, 2398 MHz, 41, 11.91 W
1788702799.594092270,0 %, 2398 MHz, 41, 11.91 W
1788702799.694978005,0 %, 2398 MHz, 41, 11.91 W
1788702799.795546540,0 %, 2398 MHz, 41, 11.90 W
1788702799.896446067,0 %, 2398 MHz, 41, 11.90 W
1788702799.997614731,0 %, 2398 MHz, 41, 11.90 W
1788702800.097949729,0 %, 2398 MHz, 41, 11.90 W
1788702800.198841273,0 %, 2398 MHz, 41, 11.90 W
1788702800.299211407,0 %, 2398 MHz, 41, 11.91 W
1788702800.400329591,0 %, 2398 MHz, 41, 11.91 W
1788702800.501516751,0 %, 2398 MHz, 41, 11.91 W
1788702800.601855797,0 %, 2398 MHz, 41, 11.91 W
1788702800.702727181,0 %, 2398 MHz, 41, 11.91 W
1788702800.803019315,0 %, 2398 MHz, 41, 11.88 W
1788702800.904059130,0 %, 2398 MHz, 41, 11.88 W
1788702801.004184448,0 %, 2398 MHz, 41, 11.88 W
1788702801.105543097,0 %, 2398 MHz, 41, 11.88 W
1788702801.206041183,0 %, 2398 MHz, 41, 11.88 W
1788702801.307064807,0 %, 2398 MHz, 41, 11.87 W
1788702801.408208927,0 %, 2398 MHz, 41, 11.87 W
1788702801.508519141,0 %, 2398 MHz, 41, 11.87 W
1788702801.608959148,0 %, 2398 MHz, 41, 11.87 W
1788702801.709858211,0 %, 2398 MHz, 41, 11.87 W
1788702801.811001915,0 %, 2398 MHz, 41, 11.88 W
1788702801.911301889,0 %, 2398 MHz, 41, 11.88 W
1788702802.012231081,0 %, 2398 MHz, 41, 11.88 W
1788702802.112818208,0 %, 2398 MHz, 41, 11.88 W
1788702802.213688087,0 %, 2398 MHz, 41, 11.88 W
1788702802.314042350,0 %, 2398 MHz, 41, 11.87 W
1788702802.415037733,0 %, 2398 MHz, 41, 11.87 W
1788702802.515596668,0 %, 2398 MHz, 41, 11.87 W
1788702802.616452916,0 %, 2398 MHz, 41, 11.87 W
1788702802.717867964,0 %, 2398 MHz, 41, 11.87 W
1788702802.818033410,0 %, 2398 MHz, 41, 11.88 W
1788702802.918912842,0 %, 2398 MHz, 41, 11.88 W
1788702803.019076560,0 %, 2398 MHz, 41, 11.88 W
1788702803.120396072,0 %, 2398 MHz, 41, 11.88 W
1788702803.220966239,0 %, 2398 MHz, 41, 11.88 W
1788702803.321835159,0 %, 2398 MHz, 41, 11.88 W
1788702803.422683678,0 %, 2398 MHz, 41, 11.88 W
1788702803.523372502,0 %, 2398 MHz, 41, 11.88 W
1788702803.624104221,0 %, 2398 MHz, 41, 11.88 W
1788702803.724819524,0 %, 2398 MHz, 41, 11.88 W
1788702803.825750028,0 %, 2398 MHz, 41, 11.89 W
1788702803.925751522,0 %, 2398 MHz, 41, 11.89 W
1788702804.027074330,0 %, 2398 MHz, 41, 11.89 W
1788702804.127591553,0 %, 2398 MHz, 41, 11.89 W
1788702804.228497849,0 %, 2398 MHz, 41, 11.89 W
1788702804.329010752,0 %, 2398 MHz, 41, 11.89 W
1788702804.430052536,0 %, 2398 MHz, 41, 11.89 W
1788702804.530914527,0 %, 2398 MHz, 41, 11.89 W
1788702804.631437590,0 %, 2398 MHz, 41, 11.89 W
1788702804.732423390,0 %, 2398 MHz, 41, 11.89 W
1788702804.832858757,0 %, 2398 MHz, 41, 11.89 W
1788702804.933758205,0 %, 2398 MHz, 41, 11.89 W
1788702805.033922115,0 %, 2398 MHz, 41, 11.89 W
1788702805.135195867,0 %, 2398 MHz, 41, 11.89 W
1788702805.236395572,0 %, 2398 MHz, 41, 11.88 W
1788702805.336738186,0 %, 2398 MHz, 41, 11.88 W
1788702805.437633890,0 %, 2398 MHz, 41, 11.88 W
1788702805.538115593,0 %, 2398 MHz, 41, 11.88 W
1788702805.638949921,0 %, 2398 MHz, 41, 11.88 W
1788702805.739523976,0 %, 2398 MHz, 41, 11.88 W
1788702805.840457936,0 %, 2398 MHz, 41, 11.88 W
1788702805.941038279,0 %, 2398 MHz, 41, 11.88 W
1788702806.041451646,0 %, 2398 MHz, 41, 11.88 W
1788702806.143076039,0 %, 2398 MHz, 41, 11.88 W
1788702806.243430766,0 %, 2398 MHz, 41, 11.84 W
1788702806.343886917,0 %, 2398 MHz, 41, 11.84 W
1788702806.444862413,0 %, 2398 MHz, 41, 11.84 W
1788702806.545762213,0 %, 2398 MHz, 41, 11.84 W
1788702806.646336940,0 %, 2398 MHz, 41, 11.84 W
1788702806.746797731,0 %, 2398 MHz, 41, 11.82 W
1788702806.848420636,0 %, 2398 MHz, 41, 11.82 W
1788702806.948745187,0 %, 2398 MHz, 41, 11.82 W
1788702807.049163450,0 %, 2398 MHz, 41, 11.82 W
1788702807.150078738,0 %, 2398 MHz, 41, 11.82 W
1788702807.251009610,0 %, 2398 MHz, 41, 11.86 W
1788702807.351543073,0 %, 2398 MHz, 41, 11.86 W
1788702807.452285096,0 %, 2398 MHz, 41, 11.86 W
1788702807.552926496,0 %, 2398 MHz, 41, 11.86 W
1788702807.653881048,0 %, 2398 MHz, 41, 11.86 W
1788702807.754570607,0 %, 2398 MHz, 41, 11.88 W
1788702807.855256263,0 %, 2398 MHz, 41, 11.88 W
1788702807.956471424,0 %, 2398 MHz, 41, 11.88 W
1788702808.056339893,0 %, 2398 MHz, 41, 11.88 W
1788702808.157683246,0 %, 2398 MHz, 41, 11.88 W
1788702808.258251270,0 %, 2398 MHz, 41, 11.85 W
1788702808.359052573,0 %, 2398 MHz, 41, 11.85 W
1788702808.459763029,0 %, 2398 MHz, 41, 11.85 W
1788702808.560567437,0 %, 2398 MHz, 41, 11.85 W
1788702808.661062564,0 %, 2398 MHz, 41, 11.85 W
1788702808.761960396,0 %, 2398 MHz, 41, 11.83 W
1788702808.862501459,0 %, 2398 MHz, 41, 11.83 W
1788702808.963366555,0 %, 2398 MHz, 41, 11.83 W
1788702809.064551764,0 %, 2398 MHz, 41, 11.83 W
1788702809.164887051,0 %, 2398 MHz, 41, 11.83 W
1788702809.265851955,0 %, 2398 MHz, 41, 11.82 W
1788702809.365758761,0 %, 2398 MHz, 41, 11.82 W
1788702809.467046994,0 %, 2398 MHz, 41, 11.82 W
1788702809.567715130,0 %, 2398 MHz, 41, 11.82 W
1788702809.668433185,0 %, 2398 MHz, 41, 11.82 W
1788702809.769141033,0 %, 2398 MHz, 41, 11.83 W
1788702809.870030513,0 %, 2398 MHz, 41, 11.83 W
1788702809.971019641,0 %, 2398 MHz, 41, 11.83 W
1788702810.069908062,0 %, 2398 MHz, 41, 11.83 W
1788702810.170461941,0 %, 2398 MHz, 41, 11.83 W
1788702810.270704204,0 %, 2398 MHz, 41, 11.87 W
1788702810.370636658,0 %, 2398 MHz, 41, 11.87 W
1788702810.470864905,0 %, 2398 MHz, 41, 11.87 W
1788702810.570739551,0 %, 2398 MHz, 41, 11.87 W
1788702810.671270567,0 %, 2398 MHz, 41, 11.87 W
1788702810.772842160,0 %, 2398 MHz, 41, 11.88 W
1788702810.873622040,0 %, 2398 MHz, 41, 11.88 W
1788702810.973630814,0 %, 2398 MHz, 41, 11.88 W
1788702811.075300616,0 %, 2398 MHz, 41, 11.88 W
1788702811.175158718,0 %, 2398 MHz, 41, 11.88 W
1788702811.276482647,0 %, 2398 MHz, 41, 11.85 W
1788702811.377013055,0 %, 2398 MHz, 41, 11.85 W
1788702811.477984103,0 %, 2398 MHz, 41, 11.85 W
1788702811.578550575,0 %, 2398 MHz, 41, 11.85 W
1788702811.679563991,0 %, 2398 MHz, 41, 11.85 W
1788702811.779929806,0 %, 2398 MHz, 41, 11.82 W
1788702811.880784071,0 %, 2398 MHz, 41, 11.82 W
1788702811.981999952,0 %, 2398 MHz, 41, 11.82 W
1788702812.082362119,0 %, 2398 MHz, 41, 11.82 W
1788702812.183152799,0 %, 2398 MHz, 41, 11.82 W
1788702812.283764983,0 %, 2398 MHz, 41, 11.84 W
1788702812.384484943,0 %, 2398 MHz, 41, 11.84 W
1788702812.485012470,0 %, 2398 MHz, 41, 11.84 W
1788702812.585987167,0 %, 2398 MHz, 41, 11.84 W
1788702812.686605942,0 %, 2398 MHz, 41, 11.84 W
1788702812.787440607,0 %, 2398 MHz, 41, 11.88 W
1788702812.888712392,0 %, 2398 MHz, 41, 11.88 W
1788702812.989021679,0 %, 2398 MHz, 41, 11.88 W
1788702813.089898887,0 %, 2398 MHz, 41, 11.88 W
1788702813.190037262,0 %, 2398 MHz, 41, 11.88 W
1788702813.290816550,0 %, 2398 MHz, 41, 11.88 W
1788702813.391816575,0 %, 2398 MHz, 41, 11.88 W
1788702813.492683735,0 %, 2398 MHz, 41, 11.88 W
1788702813.593324975,0 %, 2398 MHz, 41, 11.88 W
1788702813.694013735,0 %, 2398 MHz, 41, 11.88 W
1788702813.794653791,0 %, 2398 MHz, 41, 11.87 W
1788702813.895527175,0 %, 2398 MHz, 41, 11.87 W
1788702813.996750480,0 %, 2398 MHz, 41, 11.87 W
1788702814.097013831,0 %, 2398 MHz, 41, 11.87 W
1788702814.197529855,0 %, 2398 MHz, 41, 11.87 W
1788702814.298523000,0 %, 2398 MHz, 41, 11.86 W
1788702814.399431536,0 %, 2398 MHz, 41, 11.86 W
1788702814.499983464,0 %, 2398 MHz, 41, 11.86 W
1788702814.600839808,0 %, 2398 MHz, 41, 11.86 W
1788702814.702068345,0 %, 2398 MHz, 41, 11.86 W
1788702814.802384001,0 %, 2398 MHz, 41, 11.85 W
1788702814.902814440,0 %, 2398 MHz, 41, 11.85 W
1788702815.003814881,0 %, 2398 MHz, 41, 11.85 W
1788702815.104672089,0 %, 2398 MHz, 41, 11.85 W
1788702815.205299825,0 %, 2398 MHz, 41, 11.85 W
1788702815.306019578,0 %, 2398 MHz, 41, 11.88 W
1788702815.406673922,0 %, 2398 MHz, 41, 11.88 W
1788702815.507541418,0 %, 2398 MHz, 41, 11.88 W
1788702815.608000418,0 %, 2398 MHz, 41, 11.88 W
1788702815.708907642,0 %, 2398 MHz, 41, 11.88 W
1788702815.809442722,0 %, 2398 MHz, 41, 11.88 W
1788702815.909808890,0 %, 2398 MHz, 41, 11.88 W
1788702816.010761026,0 %, 2398 MHz, 41, 11.88 W
1788702816.111627867,0 %, 2398 MHz, 41, 11.88 W
1788702816.212170979,0 %, 2398 MHz, 41, 11.88 W
1788702816.312990747,0 %, 2398 MHz, 41, 11.85 W
1788702816.414287557,0 %, 2398 MHz, 41, 11.85 W
1788702816.514575548,0 %, 2398 MHz, 41, 11.85 W
1788702816.614993028,0 %, 2398 MHz, 41, 11.85 W
1788702816.715866492,0 %, 2398 MHz, 41, 11.85 W
1788702816.817045302,0 %, 2398 MHz, 41, 11.85 W
1788702816.917382621,0 %, 2398 MHz, 41, 11.85 W
1788702817.017800981,0 %, 2398 MHz, 41, 11.85 W
1788702817.118799870,0 %, 2398 MHz, 41, 11.85 W
1788702817.219216117,0 %, 2398 MHz, 41, 11.85 W
1788702817.320278078,0 %, 2398 MHz, 41, 11.82 W
1788702817.420789830,0 %, 2398 MHz, 41, 11.82 W
1788702817.522359440,0 %, 2398 MHz, 41, 11.82 W
1788702817.622635320,0 %, 2398 MHz, 41, 11.82 W
1788702817.723588545,0 %, 2398 MHz, 41, 11.82 W
1788702817.824055848,0 %, 2398 MHz, 41, 11.81 W
1788702817.925006417,0 %, 2398 MHz, 41, 11.81 W
1788702818.025621673,0 %, 2398 MHz, 41, 11.81 W
1788702818.126459282,0 %, 2398 MHz, 41, 11.81 W
1788702818.226473433,0 %, 2398 MHz, 41, 11.81 W
1788702818.327819987,0 %, 2398 MHz, 41, 11.85 W
1788702818.427194456,0 %, 2398 MHz, 41, 11.85 W
1788702818.527184991,0 %, 2398 MHz, 41, 11.85 W
1788702818.627095686,0 %, 2398 MHz, 41, 11.85 W
1788702818.727654862,0 %, 2398 MHz, 41, 11.85 W
1788702818.828974520,0 %, 2398 MHz, 41, 11.88 W
1788702818.929275968,0 %, 2398 MHz, 41, 11.88 W
1788702819.030003208,0 %, 2398 MHz, 41, 11.88 W
1788702819.131321202,0 %, 2398 MHz, 41, 11.88 W
1788702819.230875336,0 %, 2398 MHz, 41, 11.88 W
1788702819.331563312,0 %, 2398 MHz, 41, 11.92 W
1788702819.432065560,0 %, 2398 MHz, 41, 11.92 W
1788702819.532427712,0 %, 2398 MHz, 41, 11.92 W
1788702819.633020664,0 %, 2398 MHz, 41, 11.92 W
1788702819.733530464,0 %, 2398 MHz, 41, 11.92 W
1788702819.833929896,0 %, 2398 MHz, 41, 11.94 W
1788702819.934195376,0 %, 2398 MHz, 41, 11.94 W
1788702820.035008009,0 %, 2398 MHz, 41, 11.94 W
1788702820.136289954,0 %, 2398 MHz, 41, 11.94 W
1788702820.235859369,0 %, 2398 MHz, 41, 11.94 W
1788702820.336626801,0 %, 2398 MHz, 41, 11.91 W
1788702820.437033817,0 %, 2398 MHz, 41, 11.91 W
1788702820.537792546,0 %, 2398 MHz, 41, 11.91 W
1788702820.638060698,0 %, 2398 MHz, 41, 11.91 W
1788702820.738596610,0 %, 2398 MHz, 41, 11.89 W
1788702820.839341962,0 %, 2398 MHz, 41, 11.89 W
1788702820.939759506,0 %, 2398 MHz, 41, 11.89 W
1788702821.040050042,0 %, 2398 MHz, 41, 11.89 W
1788702821.140907107,0 %, 2398 MHz, 41, 11.89 W
1788702821.240908170,0 %, 2398 MHz, 41, 11.89 W
1788702821.341740163,0 %, 2398 MHz, 41, 11.89 W
1788702821.441594298,0 %, 2398 MHz, 41, 11.89 W
1788702821.542741668,0 %, 2398 MHz, 41, 11.89 W
1788702821.642821515,0 %, 2398 MHz, 41, 11.89 W
1788702821.743382275,0 %, 2398 MHz, 41, 11.89 W
1788702821.843871547,0 %, 2398 MHz, 41, 11.89 W
1788702821.944643108,0 %, 2398 MHz, 41, 11.89 W
1788702822.045026924,0 %, 2398 MHz, 41, 11.89 W
1788702822.145791077,0 %, 2398 MHz, 41, 11.89 W
1788702822.246061661,0 %, 2398 MHz, 41, 11.88 W
1788702822.346668917,0 %, 2398 MHz, 41, 11.88 W
1788702822.447350910,0 %, 2398 MHz, 41, 11.88 W
1788702822.547792262,0 %, 2398 MHz, 41, 11.88 W
1788702822.648182206,0 %, 2398 MHz, 41, 11.88 W
1788702822.748929735,0 %, 2398 MHz, 41, 11.86 W
1788702822.848926270,0 %, 2398 MHz, 41, 11.86 W
1788702822.949914695,0 %, 2398 MHz, 41, 11.86 W
1788702823.050646560,0 %, 2398 MHz, 41, 11.86 W
1788702823.151078664,0 %, 2398 MHz, 41, 11.86 W
1788702823.252103666,0 %, 2398 MHz, 41, 11.84 W
1788702823.352213753,0 %, 2398 MHz, 41, 11.84 W
1788702823.452616466,0 %, 2398 MHz, 41, 11.84 W
1788702823.552462585,0 %, 2398 MHz, 41, 11.84 W
1788702823.653971587,0 %, 2398 MHz, 41, 11.84 W
1788702823.754020155,0 %, 2398 MHz, 41, 11.81 W
1788702823.854732435,0 %, 2398 MHz, 41, 11.81 W
1788702823.954846427,0 %, 2398 MHz, 41, 11.81 W
1788702824.055608996,0 %, 2398 MHz, 41, 11.81 W
1788702824.156053228,0 %, 2398 MHz, 41, 11.81 W
1788702824.256758709,0 %, 2398 MHz, 41, 11.83 W
1788702824.356964877,0 %, 2398 MHz, 41, 11.83 W
1788702824.457556597,0 %, 2398 MHz, 41, 11.83 W
1788702824.558594767,0 %, 2398 MHz, 41, 11.83 W
1788702824.658730119,0 %, 2398 MHz, 41, 11.83 W
1788702824.759045327,0 %, 2398 MHz, 41, 11.85 W
1788702824.859862344,0 %, 2398 MHz, 41, 11.85 W
1788702824.959840463,0 %, 2398 MHz, 41, 11.85 W
1788702825.060709992,0 %, 2398 MHz, 41, 11.85 W
1788702825.161687090,0 %, 2398 MHz, 41, 11.85 W
1788702825.261834938,0 %, 2398 MHz, 41, 11.84 W
1788702825.361858177,0 %, 2398 MHz, 41, 11.84 W
1788702825.463039547,0 %, 2398 MHz, 41, 11.84 W
1788702825.564429877,0 %, 2398 MHz, 41, 11.84 W
1788702825.663924764,0 %, 2398 MHz, 41, 11.84 W
1788702825.764526997,0 %, 2398 MHz, 41, 11.88 W
1788702825.865021277,0 %, 2398 MHz, 41, 11.88 W
1788702825.966057335,0 %, 2398 MHz, 41, 11.88 W
1788702826.066068686,0 %, 2398 MHz, 41, 11.88 W
1788702826.166573975,0 %, 2398 MHz, 41, 11.88 W
1788702826.266997295,0 %, 2398 MHz, 41, 11.88 W
1788702826.367674200,0 %, 2398 MHz, 41, 11.88 W
1788702826.468117937,0 %, 2398 MHz, 41, 11.88 W
1788702826.568494921,0 %, 2398 MHz, 41, 11.88 W
1788702826.668875857,0 %, 2398 MHz, 41, 11.88 W
1788702826.769501946,0 %, 2398 MHz, 41, 11.89 W
1788702826.870024947,0 %, 2398 MHz, 41, 11.89 W
1788702826.970840668,0 %, 2398 MHz, 41, 11.89 W
1788702827.071265237,0 %, 2398 MHz, 41, 11.89 W
1788702827.171615165,0 %, 2398 MHz, 41, 11.89 W
1788702827.272356822,0 %, 2398 MHz, 41, 11.91 W
1788702827.372843743,0 %, 2398 MHz, 41, 11.91 W
1788702827.473068983,0 %, 2398 MHz, 41, 11.91 W
1788702827.573925840,0 %, 2398 MHz, 41, 11.91 W
1788702827.674367673,0 %, 2398 MHz, 41, 11.91 W
1788702827.774873329,0 %, 2398 MHz, 41, 11.91 W
1788702827.875593931,0 %, 2398 MHz, 41, 11.91 W
1788702827.976086275,0 %, 2398 MHz, 41, 11.91 W
1788702828.077049389,0 %, 2398 MHz, 41, 11.91 W
1788702828.177155509,0 %, 2398 MHz, 41, 11.91 W
1788702828.277348173,0 %, 2398 MHz, 41, 11.90 W
1788702828.377979926,0 %, 2398 MHz, 41, 11.90 W
1788702828.478667167,0 %, 2398 MHz, 41, 11.90 W
1788702828.579025559,0 %, 2398 MHz, 41, 11.90 W
1788702828.679761137,0 %, 2398 MHz, 41, 11.90 W
1788702828.779825848,0 %, 2398 MHz, 41, 11.87 W
1788702828.880628498,0 %, 2398 MHz, 41, 11.87 W
1788702828.981020106,0 %, 2398 MHz, 41, 11.87 W
1788702829.081751748,0 %, 2398 MHz, 41, 11.87 W
1788702829.182145692,0 %, 2398 MHz, 41, 11.87 W
1788702829.282577701,0 %, 2398 MHz, 41, 11.87 W
1788702829.382912717,0 %, 2398 MHz, 41, 11.87 W
1788702829.483765239,0 %, 2398 MHz, 41, 11.87 W
1788702829.584041439,0 %, 2398 MHz, 41, 11.87 W
1788702829.684884793,0 %, 2398 MHz, 41, 11.87 W
1788702829.784879040,0 %, 2398 MHz, 41, 11.88 W
1788702829.885713434,0 %, 2398 MHz, 41, 11.88 W
1788702829.986396163,0 %, 2398 MHz, 41, 11.88 W
1788702830.086883276,0 %, 2398 MHz, 41, 11.88 W
1788702830.187274853,0 %, 2398 MHz, 41, 11.88 W
1788702830.288292799,0 %, 2398 MHz, 41, 11.87 W
1788702830.387330837,0 %, 2398 MHz, 41, 11.87 W
1788702830.486887452,0 %, 2398 MHz, 41, 11.87 W
1788702830.587104916,0 %, 2398 MHz, 41, 11.87 W
1788702830.688798223,0 %, 2398 MHz, 41, 11.87 W
1788702830.789063335,0 %, 2398 MHz, 41, 11.85 W
1788702830.889579728,0 %, 2398 MHz, 41, 11.85 W
1788702830.989304344,0 %, 2398 MHz, 41, 11.85 W
1788702831.091265396,0 %, 2398 MHz, 41, 11.85 W
1788702831.191009291,0 %, 2398 MHz, 41, 11.85 W
1788702831.291417284,0 %, 2398 MHz, 41, 11.86 W
1788702831.392134077,0 %, 2398 MHz, 41, 11.86 W
1788702831.492327766,0 %, 2398 MHz, 41, 11.86 W
1788702831.592923551,0 %, 2398 MHz, 41, 11.86 W
1788702831.693607400,0 %, 2398 MHz, 41, 11.86 W
1788702831.793987761,0 %, 2398 MHz, 41, 11.88 W
1788702831.894741258,0 %, 2398 MHz, 41, 11.88 W
1788702831.994808882,0 %, 2398 MHz, 41, 11.88 W
1788702832.095593324,0 %, 2398 MHz, 41, 11.88 W
1788702832.196006661,0 %, 2398 MHz, 41, 11.88 W
1788702832.296739422,0 %, 2398 MHz, 41, 11.88 W
1788702832.397170135,0 %, 2398 MHz, 41, 11.88 W
1788702832.497547776,0 %, 2398 MHz, 41, 11.88 W
1788702832.597906697,0 %, 2398 MHz, 41, 11.88 W
1788702832.698737570,0 %, 2398 MHz, 41, 11.88 W
1788702832.799124411,0 %, 2398 MHz, 41, 11.89 W
1788702832.899861989,0 %, 2398 MHz, 41, 11.89 W
1788702832.999839277,0 %, 2398 MHz, 41, 11.89 W
1788702833.100682598,0 %, 2398 MHz, 41, 11.89 W
1788702833.201735617,0 %, 2398 MHz, 41, 11.89 W
1788702833.301883065,0 %, 2398 MHz, 41, 11.91 W
1788702833.402247506,0 %, 2398 MHz, 41, 11.91 W
1788702833.503001260,0 %, 2398 MHz, 41, 11.91 W
1788702833.603719029,0 %, 2398 MHz, 41, 11.91 W
1788702833.703923486,0 %, 2398 MHz, 41, 11.91 W
1788702833.804534807,0 %, 2398 MHz, 41, 11.91 W
1788702833.905047712,0 %, 2398 MHz, 41, 11.91 W
1788702834.005430985,0 %, 2398 MHz, 41, 11.91 W
1788702834.105823794,0 %, 2398 MHz, 41, 11.91 W
1788702834.206550812,0 %, 2398 MHz, 41, 11.91 W
1788702834.306995893,0 %, 2398 MHz, 41, 11.89 W
1788702834.407728382,0 %, 2398 MHz, 41, 11.89 W
1788702834.508009239,0 %, 2398 MHz, 41, 11.89 W
1788702834.608528080,0 %, 2398 MHz, 41, 11.89 W
1788702834.708876745,0 %, 2398 MHz, 41, 11.89 W
1788702834.809490530,0 %, 2398 MHz, 41, 11.91 W
1788702834.910012748,0 %, 2398 MHz, 41, 11.91 W
1788702835.010848534,0 %, 2398 MHz, 41, 11.91 W
1788702835.111251887,0 %, 2398 MHz, 41, 11.91 W
1788702835.211632920,0 %, 2398 MHz, 41, 11.91 W
1788702835.312653042,0 %, 2398 MHz, 41, 11.91 W
1788702835.412837467,0 %, 2398 MHz, 41, 11.91 W
1788702835.512813011,0 %, 2398 MHz, 41, 11.91 W
1788702835.614230526,0 %, 2398 MHz, 41, 11.91 W
1788702835.714975208,0 %, 2398 MHz, 41, 11.91 W
1788702835.814867136,0 %, 2398 MHz, 41, 11.88 W
1788702835.915912426,0 %, 2398 MHz, 41, 11.88 W
1788702836.016071395,0 %, 2398 MHz, 41, 11.88 W
1788702836.117027933,0 %, 2398 MHz, 41, 11.88 W
1788702836.217185861,0 %, 2398 MHz, 41, 11.88 W
1788702836.317527470,0 %, 2398 MHz, 41, 11.87 W
1788702836.417935688,0 %, 2398 MHz, 41, 11.87 W
1788702836.518658369,0 %, 2398 MHz, 41, 11.87 W
1788702836.618989562,0 %, 2398 MHz, 41, 11.87 W
1788702836.719451396,0 %, 2398 MHz, 41, 11.87 W
1788702836.819822557,0 %, 2398 MHz, 41, 11.89 W
1788702836.920621751,0 %, 2398 MHz, 41, 11.89 W
1788702837.020428463,0 %, 2398 MHz, 41, 11.89 W
1788702837.122008074,0 %, 2398 MHz, 41, 11.89 W
1788702837.221967106,0 %, 2398 MHz, 41, 11.89 W
1788702837.322410972,0 %, 2398 MHz, 41, 11.90 W
1788702837.422842277,0 %, 2398 MHz, 41, 11.90 W
1788702837.523903343,0 %, 2398 MHz, 41, 11.90 W
1788702837.624014104,0 %, 2398 MHz, 41, 11.90 W
1788702837.724486641,0 %, 2398 MHz, 41, 11.90 W
1788702837.825049595,0 %, 2398 MHz, 41, 11.90 W
1788702837.925565860,0 %, 2398 MHz, 41, 11.90 W
1788702838.025952574,0 %, 2398 MHz, 41, 11.90 W
1788702838.126653271,0 %, 2398 MHz, 41, 11.90 W
1788702838.226993793,0 %, 2398 MHz, 41, 11.90 W
1788702838.327754843,0 %, 2398 MHz, 41, 11.89 W
1788702838.427839523,0 %, 2398 MHz, 41, 11.89 W
1788702838.528615773,0 %, 2398 MHz, 41, 11.89 W
1788702838.628995383,0 %, 2398 MHz, 41, 11.89 W
1788702838.729829905,0 %, 2398 MHz, 41, 11.89 W
1788702838.829796009,0 %, 2398 MHz, 41, 11.89 W
1788702838.930411731,0 %, 2398 MHz, 41, 11.89 W
1788702839.031363005,0 %, 2398 MHz, 41, 11.89 W
1788702839.131790119,0 %, 2398 MHz, 41, 11.89 W
1788702839.232180592,0 %, 2398 MHz, 41, 11.89 W
1788702839.333196970,0 %, 2398 MHz, 41, 11.88 W
1788702839.432883922,0 %, 2398 MHz, 41, 11.88 W
1788702839.533734621,0 %, 2398 MHz, 41, 11.88 W
1788702839.634767287,0 %, 2398 MHz, 41, 11.88 W
1788702839.735010896,0 %, 2398 MHz, 41, 11.88 W
1788702839.835278553,0 %, 2398 MHz, 41, 11.87 W
1788702839.935808995,0 %, 2398 MHz, 41, 11.87 W
1788702840.036606701,0 %, 2398 MHz, 41, 11.87 W
1788702840.136994583,0 %, 2398 MHz, 41, 11.87 W
1788702840.237759281,0 %, 2398 MHz, 41, 11.87 W
1788702840.338179226,0 %, 2398 MHz, 41, 11.88 W
1788702840.438509731,0 %, 2398 MHz, 41, 11.88 W
1788702840.538855533,0 %, 2398 MHz, 41, 11.88 W
1788702840.639632759,0 %, 2398 MHz, 41, 11.88 W
1788702840.740070528,0 %, 2398 MHz, 41, 11.85 W
1788702840.840821147,0 %, 2398 MHz, 41, 11.85 W
1788702840.940845315,0 %, 2398 MHz, 41, 11.85 W
1788702841.041613053,0 %, 2398 MHz, 41, 11.85 W
1788702841.142644760,0 %, 2398 MHz, 41, 11.85 W
1788702841.242816097,0 %, 2398 MHz, 41, 11.83 W
1788702841.343050666,0 %, 2398 MHz, 41, 11.83 W
1788702841.443911733,0 %, 2398 MHz, 41, 11.83 W
1788702841.543903821,0 %, 2398 MHz, 41, 11.83 W
1788702841.644552375,0 %, 2398 MHz, 41, 11.83 W
1788702841.745611298,0 %, 2398 MHz, 41, 11.84 W
1788702841.845767003,0 %, 2398 MHz, 41, 11.84 W
1788702841.947097575,0 %, 2398 MHz, 41, 11.84 W
1788702842.046855919,0 %, 2398 MHz, 41, 11.84 W
1788702842.147931306,0 %, 2398 MHz, 41, 11.84 W
1788702842.248393491,0 %, 2398 MHz, 41, 11.83 W
1788702842.348809917,0 %, 2398 MHz, 41, 11.83 W
1788702842.448815494,0 %, 2398 MHz, 41, 11.83 W
1788702842.549998465,0 %, 2398 MHz, 41, 11.83 W
1788702842.650806299,0 %, 2398 MHz, 41, 11.83 W
1788702842.751564358,0 %, 2398 MHz, 41, 11.82 W
1788702842.851515006,0 %, 2398 MHz, 41, 11.82 W
1788702842.951912792,0 %, 2398 MHz, 41, 11.82 W
1788702843.053121347,0 %, 2398 MHz, 41, 11.82 W
1788702843.152837115,0 %, 2398 MHz, 41, 11.82 W
1788702843.253642486,0 %, 2398 MHz, 41, 11.83 W
1788702843.353991023,0 %, 2398 MHz, 41, 11.83 W
1788702843.454756122,0 %, 2398 MHz, 41, 11.83 W
1788702843.555189891,0 %, 2398 MHz, 41, 11.83 W
1788702843.656187054,0 %, 2398 MHz, 41, 11.83 W
1788702843.756442008,0 %, 2398 MHz, 41, 11.86 W
1788702843.856512128,0 %, 2398 MHz, 41, 11.86 W
1788702843.957010154,0 %, 2398 MHz, 41, 11.86 W
1788702844.057818373,0 %, 2398 MHz, 41, 11.86 W
1788702844.158200526,0 %, 2398 MHz, 41, 11.86 W
1788702844.258617704,0 %, 2398 MHz, 41, 11.89 W
1788702844.359335651,0 %, 2398 MHz, 41, 11.89 W
1788702844.459755260,0 %, 2398 MHz, 41, 11.89 W
1788702844.560158710,0 %, 2398 MHz, 41, 11.89 W
1788702844.660904768,0 %, 2398 MHz, 41, 11.89 W
1788702844.761536283,0 %, 2398 MHz, 41, 11.89 W
1788702844.861815508,0 %, 2398 MHz, 41, 11.89 W
1788702844.962453742,0 %, 2398 MHz, 41, 11.89 W
1788702845.063012440,0 %, 2398 MHz, 41, 11.89 W
1788702845.163423234,0 %, 2398 MHz, 41, 11.89 W
1788702845.264044652,0 %, 2398 MHz, 41, 11.87 W
1788702845.364554054,0 %, 2398 MHz, 41, 11.87 W
1788702845.464938656,0 %, 2398 MHz, 41, 11.87 W
1788702845.565662939,0 %, 2398 MHz, 41, 11.87 W
1788702845.666089348,0 %, 2398 MHz, 41, 11.87 W
1788702845.766441886,0 %, 2398 MHz, 41, 11.86 W
1788702845.866821640,0 %, 2398 MHz, 41, 11.86 W
1788702845.967581346,0 %, 2398 MHz, 41, 11.86 W
1788702846.068018764,0 %, 2398 MHz, 41, 11.86 W
1788702846.168734375,0 %, 2398 MHz, 41, 11.86 W
1788702846.269035136,0 %, 2398 MHz, 41, 11.86 W
1788702846.369584443,0 %, 2398 MHz, 41, 11.86 W
1788702846.469883172,0 %, 2398 MHz, 41, 11.86 W
1788702846.570710063,0 %, 2398 MHz, 41, 11.86 W
1788702846.670719624,0 %, 2398 MHz, 41, 11.86 W
1788702846.771877299,0 %, 2398 MHz, 41, 11.86 W
1788702846.872276317,0 %, 2398 MHz, 41, 11.86 W
1788702846.972684151,0 %, 2398 MHz, 41, 11.86 W
1788702847.073425826,0 %, 2398 MHz, 41, 11.86 W
1788702847.173875276,0 %, 2398 MHz, 41, 11.86 W
1788702847.273794789,0 %, 2398 MHz, 41, 11.89 W
1788702847.375143456,0 %, 2398 MHz, 41, 11.89 W
1788702847.475552954,0 %, 2398 MHz, 41, 11.89 W
1788702847.575928980,0 %, 2398 MHz, 41, 11.89 W
1788702847.676613391,0 %, 2398 MHz, 41, 11.89 W
1788702847.777083753,0 %, 2398 MHz, 41, 11.90 W
1788702847.877296658,0 %, 2398 MHz, 41, 11.90 W
1788702847.978183933,0 %, 2398 MHz, 41, 11.90 W
1788702848.078583207,0 %, 2398 MHz, 41, 11.90 W
1788702848.178955505,0 %, 2398 MHz, 41, 11.90 W
1788702848.279998268,0 %, 2398 MHz, 41, 11.91 W
1788702848.380008614,0 %, 2398 MHz, 41, 11.91 W
1788702848.480800864,0 %, 2398 MHz, 41, 11.91 W
1788702848.580858826,0 %, 2398 MHz, 41, 11.91 W
1788702848.681629844,0 %, 2398 MHz, 41, 11.91 W
1788702848.782013390,0 %, 2398 MHz, 41, 11.91 W
1788702848.882202024,0 %, 2398 MHz, 41, 11.91 W
1788702848.981384864,0 %, 2398 MHz, 41, 11.91 W
1788702849.081932666,0 %, 2398 MHz, 41, 11.91 W
1788702849.182027123,0 %, 2398 MHz, 41, 11.91 W
1788702849.283164351,0 %, 2398 MHz, 41, 11.94 W
1788702849.383851994,0 %, 2398 MHz, 41, 11.94 W
1788702849.484258868,0 %, 2398 MHz, 41, 11.94 W
1788702849.585238495,0 %, 2398 MHz, 41, 11.94 W
1788702849.685399368,0 %, 2398 MHz, 41, 11.94 W
1788702849.785758498,0 %, 2398 MHz, 41, 11.94 W
1788702849.885721308,0 %, 2398 MHz, 41, 11.94 W
1788702849.986600023,0 %, 2398 MHz, 41, 11.94 W
1788702850.087775810,0 %, 2398 MHz, 41, 11.94 W
1788702850.188478205,0 %, 2398 MHz, 41, 11.94 W
1788702850.288652999,0 %, 2398 MHz, 41, 11.94 W
1788702850.389067985,0 %, 2398 MHz, 41, 11.94 W
1788702850.489834764,0 %, 2398 MHz, 41, 11.94 W
1788702850.589840453,0 %, 2398 MHz, 41, 11.94 W
1788702850.690237743,0 %, 2398 MHz, 41, 11.94 W
1788702850.790035784,0 %, 2398 MHz, 41, 11.93 W
1788702850.889833489,0 %, 2398 MHz, 41, 11.93 W
1788702850.990850653,0 %, 2398 MHz, 41, 11.93 W
1788702851.091312087,0 %, 2398 MHz, 41, 11.93 W
1788702851.191708785,0 %, 2398 MHz, 41, 11.93 W
1788702851.292158139,0 %, 2398 MHz, 41, 11.90 W
1788702851.392897494,0 %, 2398 MHz, 41, 11.90 W
1788702851.493434945,0 %, 2398 MHz, 41, 11.90 W
1788702851.593834843,0 %, 2398 MHz, 41, 11.90 W
1788702851.694818598,0 %, 2398 MHz, 41, 11.90 W
1788702851.795577985,0 %, 2398 MHz, 41, 11.87 W
1788702851.895425722,0 %, 2398 MHz, 41, 11.87 W
1788702851.996146853,0 %, 2398 MHz, 41, 11.87 W
1788702852.096530736,0 %, 2398 MHz, 41, 11.87 W
1788702852.196944554,0 %, 2398 MHz, 41, 11.87 W
1788702852.297704645,0 %, 2398 MHz, 41, 11.86 W
1788702852.398064239,0 %, 2398 MHz, 41, 11.86 W
1788702852.498434553,0 %, 2398 MHz, 41, 11.86 W
1788702852.599226052,0 %, 2398 MHz, 41, 11.86 W
1788702852.699845951,0 %, 2398 MHz, 41, 11.86 W
1788702852.799753288,0 %, 2398 MHz, 41, 11.85 W
1788702852.899782402,0 %, 2398 MHz, 41, 11.85 W
1788702853.000003612,0 %, 2398 MHz, 41, 11.85 W
1788702853.100126918,0 %, 2398 MHz, 41, 11.85 W
1788702853.199994079,0 %, 2398 MHz, 41, 11.85 W
1788702853.300126729,0 %, 2398 MHz, 41, 11.89 W
1788702853.402323495,0 %, 2398 MHz, 41, 11.89 W
1788702853.501791695,0 %, 2398 MHz, 41, 11.89 W
1788702853.602709210,0 %, 2398 MHz, 41, 11.89 W
1788702853.703099893,0 %, 2398 MHz, 41, 11.89 W
1788702853.803476447,0 %, 2398 MHz, 41, 11.92 W
1788702853.904223850,0 %, 2398 MHz, 41, 11.92 W
1788702854.004451268,0 %, 2398 MHz, 41, 11.92 W
1788702854.105040383,0 %, 2398 MHz, 41, 11.92 W
1788702854.205756298,0 %, 2398 MHz, 41, 11.92 W
1788702854.305805444,0 %, 2398 MHz, 41, 11.90 W
1788702854.406419503,0 %, 2398 MHz, 41, 11.90 W
1788702854.506915865,0 %, 2398 MHz, 41, 11.90 W
1788702854.607819525,0 %, 2398 MHz, 41, 11.90 W
1788702854.708044671,0 %, 2398 MHz, 41, 11.90 W
1788702854.808872874,0 %, 2398 MHz, 41, 11.88 W
1788702854.909302261,0 %, 2398 MHz, 41, 11.88 W
1788702855.009435806,0 %, 2398 MHz, 41, 11.88 W
1788702855.109805513,0 %, 2398 MHz, 41, 11.88 W
1788702855.210728116,0 %, 2398 MHz, 41, 11.88 W
1788702855.310773054,0 %, 2398 MHz, 41, 11.88 W
1788702855.411772010,0 %, 2398 MHz, 41, 11.88 W
1788702855.511828324,0 %, 2398 MHz, 41, 11.88 W
1788702855.612625663,0 %, 2398 MHz, 41, 11.88 W
1788702855.712807481,0 %, 2398 MHz, 41, 11.88 W
1788702855.813810261,0 %, 2398 MHz, 41, 11.92 W
1788702855.913794366,0 %, 2398 MHz, 41, 11.92 W
1788702856.014462249,0 %, 2398 MHz, 41, 11.92 W
1788702856.115149541,0 %, 2398 MHz, 41, 11.92 W
1788702856.215790160,0 %, 2398 MHz, 41, 11.92 W
1788702856.315961562,0 %, 2398 MHz, 41, 11.94 W
1788702856.416907637,0 %, 2398 MHz, 41, 11.94 W
1788702856.517327840,0 %, 2398 MHz, 41, 11.94 W
1788702856.617818363,0 %, 2398 MHz, 41, 11.94 W
1788702856.718615350,0 %, 2398 MHz, 41, 11.94 W
1788702856.819016289,0 %, 2398 MHz, 41, 11.91 W
1788702856.920032060,0 %, 2398 MHz, 41, 11.91 W
1788702857.020034022,0 %, 2398 MHz, 41, 11.91 W
1788702857.120171232,0 %, 2398 MHz, 41, 11.91 W
1788702857.220956988,0 %, 2398 MHz, 41, 11.91 W
1788702857.321822375,0 %, 2398 MHz, 41, 11.90 W
1788702857.422061506,0 %, 2398 MHz, 41, 11.90 W
1788702857.523218862,0 %, 2398 MHz, 41, 11.90 W
1788702857.624046857,0 %, 2398 MHz, 41, 11.90 W
1788702857.723943683,0 %, 2398 MHz, 41, 11.90 W
1788702857.824979087,0 %, 2398 MHz, 41, 11.90 W
1788702857.925001545,0 %, 2398 MHz, 41, 11.90 W
1788702858.025213187,0 %, 2398 MHz, 41, 11.90 W
1788702858.126056623,0 %, 2398 MHz, 41, 11.90 W
1788702858.226540601,0 %, 2398 MHz, 41, 11.90 W
1788702858.326968692,0 %, 2398 MHz, 41, 11.91 W
1788702858.427551983,0 %, 2398 MHz, 41, 11.91 W
1788702858.528018474,0 %, 2398 MHz, 41, 11.91 W
1788702858.628313509,0 %, 2398 MHz, 41, 11.91 W
1788702858.728829616,0 %, 2398 MHz, 41, 11.91 W
1788702858.829477291,0 %, 2398 MHz, 41, 11.91 W
1788702858.929012708,0 %, 2398 MHz, 41, 11.91 W
1788702859.030076080,0 %, 2398 MHz, 41, 11.91 W
1788702859.131215580,0 %, 2398 MHz, 41, 11.91 W
1788702859.231628855,0 %, 2398 MHz, 41, 11.91 W
1788702859.331893249,0 %, 2398 MHz, 41, 11.91 W
1788702859.432970445,0 %, 2398 MHz, 41, 11.91 W
1788702859.533920473,0 %, 2398 MHz, 41, 11.91 W
1788702859.634076884,0 %, 2398 MHz, 41, 11.91 W
1788702859.734069038,0 %, 2398 MHz, 41, 11.91 W
1788702859.835516699,0 %, 2398 MHz, 41, 11.91 W
1788702859.935686629,0 %, 2398 MHz, 41, 11.91 W
1788702860.035856815,0 %, 2398 MHz, 41, 11.91 W
1788702860.136444122,0 %, 2398 MHz, 41, 11.91 W
1788702860.237222406,0 %, 2398 MHz, 41, 11.91 W
1788702860.337555553,0 %, 2398 MHz, 41, 11.91 W
1788702860.438585885,0 %, 2398 MHz, 41, 11.91 W
1788702860.538766711,0 %, 2398 MHz, 41, 11.91 W
1788702860.639028402,0 %, 2398 MHz, 41, 11.91 W
1788702860.740157342,0 %, 2398 MHz, 41, 11.91 W
1788702860.839879304,0 %, 2398 MHz, 41, 11.91 W
1788702860.940671651,0 %, 2398 MHz, 41, 11.91 W
1788702861.040803246,0 %, 2398 MHz, 41, 11.91 W
1788702861.141799914,0 %, 2398 MHz, 41, 11.91 W
1788702861.241828804,0 %, 2398 MHz, 41, 11.90 W
1788702861.342425791,0 %, 2398 MHz, 41, 11.90 W
1788702861.442829018,0 %, 2398 MHz, 41, 11.90 W
1788702861.543221125,0 %, 2398 MHz, 41, 11.90 W
1788702861.643917856,0 %, 2398 MHz, 41, 11.90 W
1788702861.745110717,0 %, 2398 MHz, 41, 11.90 W
1788702861.844822103,0 %, 2398 MHz, 41, 11.90 W
1788702861.945614498,0 %, 2398 MHz, 41, 11.90 W
1788702862.045996653,0 %, 2398 MHz, 41, 11.90 W
1788702862.146726713,0 %, 2398 MHz, 41, 11.90 W
1788702862.247160324,0 %, 2398 MHz, 41, 11.89 W
1788702862.348114880,0 %, 2398 MHz, 41, 11.89 W
1788702862.448261802,0 %, 2398 MHz, 41, 11.89 W
1788702862.548888502,0 %, 2398 MHz, 41, 11.89 W
1788702862.649009920,0 %, 2398 MHz, 41, 11.89 W
1788702862.749817548,0 %, 2398 MHz, 41, 11.84 W
1788702862.850197287,0 %, 2398 MHz, 41, 11.84 W
1788702862.950578930,0 %, 2398 MHz, 41, 11.84 W
1788702863.050915645,0 %, 2398 MHz, 41, 11.84 W
1788702863.151749913,0 %, 2398 MHz, 41, 11.84 W
1788702863.252158788,0 %, 2398 MHz, 41, 11.84 W
1788702863.353166368,0 %, 2398 MHz, 41, 11.84 W
1788702863.452876538,0 %, 2398 MHz, 41, 11.84 W
1788702863.553716662,0 %, 2398 MHz, 41, 11.84 W
1788702863.654433153,0 %, 2398 MHz, 41, 11.84 W
1788702863.754972221,0 %, 2398 MHz, 41, 11.87 W
1788702863.855387208,0 %, 2398 MHz, 41, 11.87 W
1788702863.956102084,0 %, 2398 MHz, 41, 11.87 W
1788702864.056338590,0 %, 2398 MHz, 41, 11.87 W
1788702864.156907546,0 %, 2398 MHz, 41, 11.87 W
1788702864.257586966,0 %, 2398 MHz, 41, 11.87 W
1788702864.358043905,0 %, 2398 MHz, 41, 11.87 W
1788702864.458417148,0 %, 2398 MHz, 41, 11.87 W
1788702864.559139240,0 %, 2398 MHz, 41, 11.87 W
1788702864.659582819,0 %, 2398 MHz, 41, 11.87 W
1788702864.759763341,0 %, 2398 MHz, 41, 11.89 W
1788702864.860656218,0 %, 2398 MHz, 41, 11.89 W
1788702864.961039717,0 %, 2398 MHz, 41, 11.89 W
1788702865.061320464,0 %, 2398 MHz, 41, 11.89 W
1788702865.161865739,0 %, 2398 MHz, 41, 11.89 W
1788702865.262662295,0 %, 2398 MHz, 41, 11.89 W
1788702865.362997874,0 %, 2398 MHz, 41, 11.89 W
1788702865.463830462,0 %, 2398 MHz, 41, 11.89 W
1788702865.564220985,0 %, 2398 MHz, 41, 11.89 W
1788702865.664605893,0 %, 2398 MHz, 41, 11.89 W
1788702865.765568961,0 %, 2398 MHz, 41, 11.90 W
1788702865.865782588,0 %, 2398 MHz, 41, 11.90 W
1788702865.966078151,0 %, 2398 MHz, 41, 11.90 W
1788702866.067245635,0 %, 2398 MHz, 41, 11.90 W
1788702866.167385214,0 %, 2398 MHz, 41, 11.90 W
1788702866.267885370,0 %, 2398 MHz, 41, 11.92 W
1788702866.368923798,0 %, 2398 MHz, 41, 11.92 W
1788702866.469020641,0 %, 2398 MHz, 41, 11.92 W
1788702866.570060589,0 %, 2398 MHz, 41, 11.92 W
1788702866.670073480,0 %, 2398 MHz, 41, 11.92 W
1788702866.770573123,0 %, 2398 MHz, 41, 11.93 W
1788702866.871060847,0 %, 2398 MHz, 41, 11.93 W
1788702866.971758075,0 %, 2398 MHz, 41, 11.93 W
1788702867.072059782,0 %, 2398 MHz, 41, 11.93 W
1788702867.172551489,0 %, 2398 MHz, 41, 11.93 W
1788702867.272895565,0 %, 2398 MHz, 41, 11.91 W
1788702867.373711497,0 %, 2398 MHz, 41, 11.91 W
1788702867.473987108,0 %, 2398 MHz, 41, 11.91 W
1788702867.574832624,0 %, 2398 MHz, 41, 11.91 W
1788702867.675415980,0 %, 2398 MHz, 41, 11.91 W
1788702867.775594711,0 %, 2398 MHz, 41, 11.90 W
1788702867.876373891,0 %, 2398 MHz, 41, 11.90 W
1788702867.976763438,0 %, 2398 MHz, 41, 11.90 W
1788702868.077138393,0 %, 2398 MHz, 41, 11.90 W
1788702868.177907429,0 %, 2398 MHz, 41, 11.90 W
1788702868.278359233,0 %, 2398 MHz, 41, 11.87 W
1788702868.378807340,0 %, 2398 MHz, 41, 11.87 W
1788702868.479429096,0 %, 2398 MHz, 41, 11.87 W
1788702868.580058548,0 %, 2398 MHz, 41, 11.87 W
1788702868.681035809,0 %, 2398 MHz, 41, 11.87 W
1788702868.781027867,0 %, 2398 MHz, 41, 11.85 W
1788702868.882440665,0 %, 2398 MHz, 41, 11.85 W
1788702868.981923986,0 %, 2398 MHz, 41, 11.85 W
1788702869.082534590,0 %, 2398 MHz, 41, 11.85 W
1788702869.182879658,0 %, 2398 MHz, 41, 11.85 W
1788702869.284106119,0 %, 2398 MHz, 41, 11.84 W
1788702869.384216882,0 %, 2398 MHz, 41, 11.84 W
1788702869.484606253,0 %, 2398 MHz, 41, 11.84 W
1788702869.584994009,0 %, 2398 MHz, 41, 11.84 W
1788702869.685777045,0 %, 2398 MHz, 41, 11.84 W
1788702869.786031584,0 %, 2398 MHz, 41, 11.86 W
1788702869.886406875,0 %, 2398 MHz, 41, 11.86 W
1788702869.986881495,0 %, 2398 MHz, 41, 11.86 W
1788702870.087526867,0 %, 2398 MHz, 41, 11.86 W
1788702870.188010031,0 %, 2398 MHz, 41, 11.86 W
1788702870.288870571,0 %, 2398 MHz, 41, 11.89 W
1788702870.388834470,0 %, 2398 MHz, 41, 11.89 W
1788702870.489673538,0 %, 2398 MHz, 41, 11.89 W
1788702870.590383519,0 %, 2398 MHz, 41, 11.89 W
1788702870.690870234,0 %, 2398 MHz, 41, 11.89 W
1788702870.791255014,0 %, 2398 MHz, 41, 11.91 W
1788702870.890446735,0 %, 2398 MHz, 41, 11.91 W
1788702870.990318217,0 %, 2398 MHz, 41, 11.91 W
1788702871.090470468,0 %, 2398 MHz, 41, 11.91 W
1788702871.190642592,0 %, 2398 MHz, 41, 11.91 W
1788702871.291850157,0 %, 2398 MHz, 41, 11.95 W
1788702871.392171688,0 %, 2398 MHz, 41, 11.95 W
1788702871.492636836,0 %, 2398 MHz, 41, 11.95 W
1788702871.593023824,0 %, 2398 MHz, 41, 11.95 W
1788702871.693811084,0 %, 2398 MHz, 41, 11.95 W
1788702871.794163063,0 %, 2398 MHz, 41, 11.94 W
1788702871.894802388,0 %, 2398 MHz, 41, 11.94 W
1788702871.995197631,0 %, 2398 MHz, 41, 11.94 W
1788702872.095019882,0 %, 2398 MHz, 41, 11.94 W
1788702872.195842326,0 %, 2398 MHz, 41, 11.94 W
1788702872.296222370,0 %, 2398 MHz, 41, 11.93 W
1788702872.396609774,0 %, 2398 MHz, 41, 11.93 W
1788702872.497377482,0 %, 2398 MHz, 41, 11.93 W
1788702872.598478487,0 %, 2398 MHz, 41, 11.93 W
1788702872.698195137,0 %, 2398 MHz, 41, 11.93 W
1788702872.799255054,0 %, 2398 MHz, 41, 11.93 W
1788702872.899471066,0 %, 2398 MHz, 41, 11.93 W
1788702872.999845445,0 %, 2398 MHz, 41, 11.93 W
1788702873.100857506,0 %, 2398 MHz, 41, 11.93 W
1788702873.200965405,0 %, 2398 MHz, 41, 11.93 W
1788702873.301796042,0 %, 2398 MHz, 41, 11.94 W
1788702873.402135286,0 %, 2398 MHz, 41, 11.94 W
1788702873.502506785,0 %, 2398 MHz, 41, 11.94 W
1788702873.603180030,0 %, 2398 MHz, 41, 11.94 W
1788702873.703724378,0 %, 2398 MHz, 41, 11.94 W
1788702873.804062693,0 %, 2398 MHz, 41, 11.92 W
1788702873.904798722,0 %, 2398 MHz, 41, 11.92 W
1788702874.005159933,0 %, 2398 MHz, 41, 11.92 W
1788702874.105544201,0 %, 2398 MHz, 41, 11.92 W
1788702874.205941813,0 %, 2398 MHz, 41, 11.92 W
1788702874.306304081,0 %, 2398 MHz, 41, 11.92 W
1788702874.407806847,0 %, 2398 MHz, 41, 11.92 W
1788702874.507668969,0 %, 2398 MHz, 41, 11.92 W
1788702874.607890597,0 %, 2398 MHz, 41, 11.92 W
1788702874.708588369,0 %, 2398 MHz, 41, 11.92 W
1788702874.808993725,0 %, 2398 MHz, 41, 11.97 W
1788702874.909783498,0 %, 2398 MHz, 41, 11.97 W
1788702875.010134837,0 %, 2398 MHz, 41, 11.97 W
1788702875.110778562,0 %, 2398 MHz, 41, 11.97 W
1788702875.211338606,0 %, 2398 MHz, 41, 11.97 W
1788702875.311826186,0 %, 2398 MHz, 41, 11.97 W
1788702875.412646199,0 %, 2398 MHz, 41, 11.97 W
1788702875.512765330,0 %, 2398 MHz, 41, 11.97 W
1788702875.613852591,0 %, 2398 MHz, 41, 11.97 W
1788702875.713811242,0 %, 2398 MHz, 41, 11.97 W
1788702875.814462343,0 %, 2398 MHz, 41, 11.93 W
1788702875.915190275,0 %, 2398 MHz, 41, 11.93 W
1788702876.015807712,0 %, 2398 MHz, 41, 11.93 W
1788702876.116011899,0 %, 2398 MHz, 41, 11.93 W
1788702876.216930296,0 %, 2398 MHz, 41, 11.93 W
1788702876.317376916,0 %, 2398 MHz, 41, 11.90 W
1788702876.417830832,0 %, 2398 MHz, 41, 11.90 W
1788702876.518484493,0 %, 2398 MHz, 41, 11.90 W
1788702876.618928553,0 %, 2398 MHz, 41, 11.90 W
1788702876.720026518,0 %, 2398 MHz, 41, 11.90 W
1788702876.820087057,0 %, 2398 MHz, 41, 11.91 W
1788702876.920468877,0 %, 2398 MHz, 41, 11.91 W
1788702877.020907241,0 %, 2398 MHz, 41, 11.91 W
1788702877.121746982,0 %, 2398 MHz, 41, 11.91 W
1788702877.221989586,0 %, 2398 MHz, 41, 11.91 W
1788702877.322711039,0 %, 2398 MHz, 41, 11.93 W
1788702877.422843322,0 %, 2398 MHz, 41, 11.93 W
1788702877.523606423,0 %, 2398 MHz, 41, 11.93 W
1788702877.623999779,0 %, 2398 MHz, 41, 11.93 W
1788702877.725007264,0 %, 2398 MHz, 41, 11.93 W
1788702877.825016939,0 %, 2398 MHz, 41, 11.91 W
1788702877.925560808,0 %, 2398 MHz, 41, 11.91 W
1788702878.026591621,0 %, 2398 MHz, 41, 11.91 W
1788702878.126789137,0 %, 2398 MHz, 41, 11.91 W
1788702878.227012940,0 %, 2398 MHz, 41, 11.91 W
1788702878.327870425,0 %, 2398 MHz, 41, 11.89 W
1788702878.428087525,0 %, 2398 MHz, 41, 11.89 W
1788702878.528801538,0 %, 2398 MHz, 41, 11.89 W
1788702878.629730479,0 %, 2398 MHz, 41, 11.89 W
1788702878.729895739,0 %, 2398 MHz, 41, 11.89 W
1788702878.831011256,0 %, 2398 MHz, 41, 11.91 W
1788702878.931023555,0 %, 2398 MHz, 41, 11.91 W
1788702879.031166447,0 %, 2398 MHz, 41, 11.91 W
1788702879.131936636,0 %, 2398 MHz, 41, 11.91 W
1788702879.232534360,0 %, 2398 MHz, 41, 11.91 W
1788702879.331941571,0 %, 2398 MHz, 41, 11.90 W
1788702879.431725741,0 %, 2398 MHz, 41, 11.90 W
1788702879.531682297,0 %, 2398 MHz, 41, 11.90 W
1788702879.633427176,0 %, 2398 MHz, 41, 11.90 W
1788702879.733937092,0 %, 2398 MHz, 41, 11.90 W
1788702879.834964193,0 %, 2398 MHz, 41, 11.90 W
1788702879.934974221,0 %, 2398 MHz, 41, 11.90 W
1788702880.035800346,0 %, 2398 MHz, 41, 11.90 W
1788702880.136533559,0 %, 2398 MHz, 41, 11.90 W
1788702880.236501634,0 %, 2398 MHz, 41, 11.90 W
1788702880.336997022,0 %, 2398 MHz, 41, 11.85 W
1788702880.438100412,0 %, 2398 MHz, 41, 11.85 W
1788702880.537768551,0 %, 2398 MHz, 41, 11.85 W
1788702880.638623364,0 %, 2398 MHz, 41, 11.85 W
1788702880.738964192,0 %, 2398 MHz, 41, 11.85 W
1788702880.839789293,0 %, 2398 MHz, 41, 11.82 W
1788702880.939325992,0 %, 2398 MHz, 41, 11.82 W
1788702881.040366453,0 %, 2398 MHz, 41, 11.82 W
1788702881.141408435,0 %, 2398 MHz, 41, 11.82 W
1788702881.241407230,0 %, 2398 MHz, 41, 11.82 W
1788702881.341998347,0 %, 2398 MHz, 41, 11.88 W
1788702881.442978472,0 %, 2398 MHz, 41, 11.88 W
1788702881.542771379,0 %, 2398 MHz, 41, 11.88 W
1788702881.643573136,0 %, 2398 MHz, 41, 11.88 W
1788702881.744710398,0 %, 2398 MHz, 41, 11.90 W
1788702881.844462873,0 %, 2398 MHz, 41, 11.90 W
1788702881.944991302,0 %, 2398 MHz, 41, 11.90 W
1788702882.046102084,0 %, 2398 MHz, 41, 11.90 W
1788702882.146214575,0 %, 2398 MHz, 41, 11.90 W
1788702882.246394811,0 %, 2398 MHz, 41, 11.92 W
1788702882.346977432,0 %, 2398 MHz, 41, 11.92 W
1788702882.447830565,0 %, 2398 MHz, 41, 11.92 W
1788702882.547796497,0 %, 2398 MHz, 41, 11.92 W
1788702882.649215471,0 %, 2398 MHz, 41, 11.92 W
1788702882.749368763,0 %, 2398 MHz, 41, 11.93 W
1788702882.849908024,0 %, 2398 MHz, 41, 11.93 W
1788702882.950949845,0 %, 2398 MHz, 41, 11.93 W
1788702883.051007137,0 %, 2398 MHz, 41, 11.93 W
1788702883.151442509,0 %, 2398 MHz, 41, 11.93 W
1788702883.252165851,0 %, 2398 MHz, 41, 11.91 W
1788702883.352542647,0 %, 2398 MHz, 41, 11.91 W
1788702883.453003347,0 %, 2398 MHz, 41, 11.91 W
1788702883.553668720,0 %, 2398 MHz, 41, 11.91 W
1788702883.653997437,0 %, 2398 MHz, 41, 11.91 W
1788702883.754773050,0 %, 2398 MHz, 41, 11.89 W
1788702883.854836022,0 %, 2398 MHz, 41, 11.89 W
1788702883.955648739,0 %, 2398 MHz, 41, 11.89 W
1788702884.056136767,0 %, 2398 MHz, 41, 11.89 W
1788702884.156791260,0 %, 2398 MHz, 41, 11.89 W
1788702884.257225097,0 %, 2398 MHz, 41, 11.86 W
1788702884.357606149,0 %, 2398 MHz, 41, 11.86 W
1788702884.458359363,0 %, 2398 MHz, 41, 11.86 W
1788702884.558789711,0 %, 2398 MHz, 41, 11.86 W
1788702884.658808987,0 %, 2398 MHz, 41, 11.86 W
1788702884.760764187,0 %, 2398 MHz, 41, 11.86 W
1788702884.860318165,0 %, 2398 MHz, 41, 11.86 W
1788702884.960744610,0 %, 2398 MHz, 41, 11.86 W
1788702885.061757088,0 %, 2398 MHz, 41, 11.86 W
1788702885.161991004,0 %, 2398 MHz, 41, 11.86 W
1788702885.262289800,0 %, 2398 MHz, 41, 11.85 W
1788702885.363008997,0 %, 2398 MHz, 41, 11.85 W
1788702885.463837027,0 %, 2398 MHz, 41, 11.85 W
1788702885.563937455,0 %, 2398 MHz, 41, 11.85 W
1788702885.664615644,0 %, 2398 MHz, 41, 11.85 W
1788702885.764975224,0 %, 2398 MHz, 41, 11.85 W
1788702885.865731190,0 %, 2398 MHz, 41, 11.85 W
1788702885.965787857,0 %, 2398 MHz, 41, 11.85 W
1788702886.066415471,0 %, 2398 MHz, 41, 11.85 W
1788702886.167004396,0 %, 2398 MHz, 41, 11.85 W
1788702886.267779545,0 %, 2398 MHz, 41, 11.85 W
1788702886.368039141,0 %, 2398 MHz, 41, 11.85 W
1788702886.468596274,0 %, 2398 MHz, 41, 11.85 W
1788702886.568904095,0 %, 2398 MHz, 41, 11.85 W
1788702886.669730508,0 %, 2398 MHz, 41, 11.85 W
1788702886.770064089,0 %, 2398 MHz, 41, 11.84 W
1788702886.870884006,0 %, 2398 MHz, 41, 11.84 W
1788702886.970865682,0 %, 2398 MHz, 41, 11.84 W
1788702887.071678863,0 %, 2398 MHz, 41, 11.84 W
1788702887.172393421,0 %, 2398 MHz, 41, 11.84 W
1788702887.272664089,0 %, 2398 MHz, 41, 11.83 W
1788702887.373999320,0 %, 2398 MHz, 41, 11.83 W
1788702887.473996436,0 %, 2398 MHz, 41, 11.83 W
1788702887.575419154,0 %, 2398 MHz, 41, 11.83 W
1788702887.674902237,0 %, 2398 MHz, 41, 11.83 W
1788702887.775954811,0 %, 2398 MHz, 41, 11.85 W
1788702887.875896311,0 %, 2398 MHz, 41, 11.85 W
1788702887.976232195,0 %, 2398 MHz, 41, 11.85 W
1788702888.077175601,0 %, 2398 MHz, 41, 11.85 W
1788702888.177564494,0 %, 2398 MHz, 41, 11.85 W
1788702888.277976123,0 %, 2398 MHz, 41, 11.90 W
1788702888.378535032,0 %, 2398 MHz, 41, 11.90 W
1788702888.479005653,0 %, 2398 MHz, 41, 11.90 W
1788702888.579331601,0 %, 2398 MHz, 41, 11.90 W
1788702888.679897887,0 %, 2398 MHz, 41, 11.90 W
1788702888.780673228,0 %, 2398 MHz, 41, 11.88 W
1788702888.880774056,0 %, 2398 MHz, 41, 11.88 W
1788702888.982114919,0 %, 2398 MHz, 41, 11.88 W
1788702889.082258275,0 %, 2398 MHz, 41, 11.88 W
1788702889.182614560,0 %, 2398 MHz, 41, 11.88 W
1788702889.283374109,0 %, 2398 MHz, 41, 11.82 W
1788702889.383817594,0 %, 2398 MHz, 41, 11.82 W
1788702889.484229751,0 %, 2398 MHz, 41, 11.82 W
1788702889.584901829,0 %, 2398 MHz, 41, 11.82 W
1788702889.685062705,0 %, 2398 MHz, 41, 11.82 W
1788702889.785916255,0 %, 2398 MHz, 41, 11.80 W
1788702889.886902733,0 %, 2398 MHz, 41, 11.80 W
1788702889.986777576,0 %, 2398 MHz, 41, 11.80 W
1788702890.088032087,0 %, 2398 MHz, 41, 11.80 W
1788702890.188030147,0 %, 2398 MHz, 41, 11.80 W
1788702890.288378992,0 %, 2398 MHz, 41, 11.81 W
1788702890.389005565,0 %, 2398 MHz, 41, 11.81 W
1788702890.489683307,0 %, 2398 MHz, 41, 11.81 W
1788702890.590077319,0 %, 2398 MHz, 41, 11.81 W
1788702890.690456452,0 %, 2398 MHz, 41, 11.81 W
1788702890.790810673,0 %, 2398 MHz, 41, 11.82 W
1788702890.891619999,0 %, 2398 MHz, 41, 11.82 W
1788702890.991225226,0 %, 2398 MHz, 41, 11.82 W
1788702891.092999066,0 %, 2398 MHz, 41, 11.82 W
1788702891.193143734,0 %, 2398 MHz, 41, 11.82 W
1788702891.293352723,0 %, 2398 MHz, 41, 11.81 W
1788702891.392868702,0 %, 2398 MHz, 41, 11.81 W
1788702891.493055163,0 %, 2398 MHz, 41, 11.81 W
1788702891.593188103,0 %, 2398 MHz, 41, 11.81 W
1788702891.694946823,0 %, 2398 MHz, 41, 11.81 W
1788702891.795201475,0 %, 2398 MHz, 41, 11.81 W
1788702891.895555232,0 %, 2398 MHz, 41, 11.81 W
1788702891.995972141,0 %, 2398 MHz, 41, 11.81 W
1788702892.096734171,0 %, 2398 MHz, 41, 11.81 W
1788702892.196786295,0 %, 2398 MHz, 41, 11.81 W
1788702892.297367365,0 %, 2398 MHz, 41, 11.85 W
1788702892.398269075,0 %, 2398 MHz, 41, 11.85 W
1788702892.498645744,0 %, 2398 MHz, 41, 11.85 W
1788702892.598780748,0 %, 2398 MHz, 41, 11.85 W
1788702892.699822090,0 %, 2398 MHz, 41, 11.85 W
1788702892.799793319,0 %, 2398 MHz, 41, 11.86 W
1788702892.900626772,0 %, 2398 MHz, 41, 11.86 W
1788702893.001388738,0 %, 2398 MHz, 41, 11.86 W
1788702893.101791503,0 %, 2398 MHz, 41, 11.86 W
1788702893.202179164,0 %, 2398 MHz, 41, 11.86 W
1788702893.302915274,0 %, 2398 MHz, 41, 11.85 W
1788702893.402893558,0 %, 2398 MHz, 41, 11.85 W
1788702893.503880181,0 %, 2398 MHz, 41, 11.85 W
1788702893.604912691,0 %, 2398 MHz, 41, 11.85 W
1788702893.705015919,0 %, 2398 MHz, 41, 11.85 W
1788702893.806026206,0 %, 2398 MHz, 41, 11.86 W
1788702893.906060922,0 %, 2398 MHz, 41, 11.86 W
1788702894.006605543,0 %, 2398 MHz, 41, 11.86 W
1788702894.106757796,0 %, 2398 MHz, 41, 11.86 W
1788702894.207667346,0 %, 2398 MHz, 41, 11.86 W
1788702894.307797199,0 %, 2398 MHz, 41, 11.85 W
1788702894.408509965,0 %, 2398 MHz, 41, 11.85 W
1788702894.508812826,0 %, 2398 MHz, 41, 11.85 W
1788702894.609627000,0 %, 2398 MHz, 41, 11.85 W
1788702894.710038021,0 %, 2398 MHz, 41, 11.85 W
1788702894.810758771,0 %, 2398 MHz, 41, 11.82 W
1788702894.911060464,0 %, 2398 MHz, 41, 11.82 W
1788702895.011614621,0 %, 2398 MHz, 41, 11.82 W
1788702895.111911562,0 %, 2398 MHz, 41, 11.82 W
1788702895.212759592,0 %, 2398 MHz, 41, 11.82 W
1788702895.312777941,0 %, 2398 MHz, 41, 11.83 W
1788702895.413876211,0 %, 2398 MHz, 41, 11.83 W
1788702895.513867136,0 %, 2398 MHz, 41, 11.83 W
1788702895.614682350,0 %, 2398 MHz, 41, 11.83 W
1788702895.715199595,0 %, 2398 MHz, 41, 11.83 W
1788702895.816017273,0 %, 2398 MHz, 41, 11.86 W
1788702895.916420598,0 %, 2398 MHz, 41, 11.86 W
1788702896.017098068,0 %, 2398 MHz, 41, 11.86 W
1788702896.117536386,0 %, 2398 MHz, 41, 11.86 W
1788702896.217921183,0 %, 2398 MHz, 41, 11.86 W
1788702896.318454204,0 %, 2398 MHz, 41, 11.88 W
1788702896.419049450,0 %, 2398 MHz, 41, 11.88 W
1788702896.519435655,0 %, 2398 MHz, 41, 11.88 W
1788702896.620156997,0 %, 2398 MHz, 41, 11.88 W
1788702896.720558370,0 %, 2398 MHz, 41, 11.88 W
1788702896.821000928,0 %, 2398 MHz, 41, 11.88 W
1788702896.921687774,0 %, 2398 MHz, 41, 11.88 W
1788702897.022008523,0 %, 2398 MHz, 41, 11.88 W
1788702897.122554920,0 %, 2398 MHz, 41, 11.88 W
1788702897.222853350,0 %, 2398 MHz, 41, 11.88 W
1788702897.323483795,0 %, 2398 MHz, 41, 11.86 W
1788702897.424021361,0 %, 2398 MHz, 41, 11.86 W
1788702897.524812015,0 %, 2398 MHz, 41, 11.86 W
1788702897.624812780,0 %, 2398 MHz, 41, 11.86 W
1788702897.725648218,0 %, 2398 MHz, 41, 11.86 W
1788702897.826640968,0 %, 2398 MHz, 41, 11.87 W
1788702897.926789237,0 %, 2398 MHz, 41, 11.87 W
1788702898.026817282,0 %, 2398 MHz, 41, 11.87 W
1788702898.127921233,0 %, 2398 MHz, 41, 11.87 W
1788702898.228373086,0 %, 2398 MHz, 41, 11.87 W
1788702898.328880572,0 %, 2398 MHz, 41, 11.86 W
1788702898.429930715,0 %, 2398 MHz, 41, 11.86 W
1788702898.529988679,0 %, 2398 MHz, 41, 11.86 W
1788702898.631027926,0 %, 2398 MHz, 41, 11.86 W
1788702898.731052755,0 %, 2398 MHz, 41, 11.86 W
1788702898.832466930,0 %, 2398 MHz, 41, 11.84 W
1788702898.931929390,0 %, 2398 MHz, 41, 11.84 W
1788702899.033019037,0 %, 2398 MHz, 41, 11.84 W
1788702899.132787401,0 %, 2398 MHz, 41, 11.84 W
1788702899.233754887,0 %, 2398 MHz, 41, 11.84 W
1788702899.333813908,0 %, 2398 MHz, 41, 11.83 W
1788702899.434606914,0 %, 2398 MHz, 41, 11.83 W
1788702899.534997616,0 %, 2398 MHz, 41, 11.83 W
1788702899.635790942,0 %, 2398 MHz, 41, 11.83 W
1788702899.736210572,0 %, 2398 MHz, 41, 11.83 W
1788702899.836426121,0 %, 2398 MHz, 41, 11.83 W
1788702899.937628040,0 %, 2398 MHz, 41, 11.83 W
1788702900.037747237,0 %, 2398 MHz, 41, 11.83 W
1788702900.138182402,0 %, 2398 MHz, 41, 11.83 W
1788702900.239173521,0 %, 2398 MHz, 41, 11.83 W
1788702900.339285998,0 %, 2398 MHz, 41, 11.85 W
1788702900.439813868,0 %, 2398 MHz, 41, 11.85 W
1788702900.540743355,0 %, 2398 MHz, 41, 11.85 W
1788702900.641009112,0 %, 2398 MHz, 41, 11.85 W
1788702900.741571222,0 %, 2398 MHz, 41, 11.85 W
1788702900.842173572,0 %, 2398 MHz, 41, 11.87 W
1788702900.942395457,0 %, 2398 MHz, 41, 11.87 W
1788702901.042953295,0 %, 2398 MHz, 41, 11.87 W
1788702901.143640573,0 %, 2398 MHz, 41, 11.87 W
1788702901.244076123,0 %, 2398 MHz, 41, 11.87 W
1788702901.344289048,0 %, 2398 MHz, 41, 11.84 W
1788702901.444792870,0 %, 2398 MHz, 41, 11.84 W
1788702901.545583876,0 %, 2398 MHz, 41, 11.84 W
1788702901.645797313,0 %, 2398 MHz, 41, 11.84 W
1788702901.746815504,0 %, 2398 MHz, 41, 11.84 W
1788702901.846954045,0 %, 2398 MHz, 41, 11.84 W
1788702901.947527547,0 %, 2398 MHz, 41, 11.84 W
1788702902.047885209,0 %, 2398 MHz, 41, 11.84 W
1788702902.148477159,0 %, 2398 MHz, 41, 11.84 W
1788702902.249008949,0 %, 2398 MHz, 41, 11.87 W
1788702902.349855091,0 %, 2398 MHz, 41, 11.87 W
1788702902.450259265,0 %, 2398 MHz, 41, 11.87 W
1788702902.550657823,0 %, 2398 MHz, 41, 11.87 W
1788702902.651685374,0 %, 2398 MHz, 41, 11.87 W
1788702902.751853291,0 %, 2398 MHz, 41, 11.89 W
1788702902.852233416,0 %, 2398 MHz, 41, 11.89 W
1788702902.953254007,0 %, 2398 MHz, 41, 11.89 W
1788702903.053380900,0 %, 2398 MHz, 41, 11.89 W
1788702903.153912738,0 %, 2398 MHz, 41, 11.89 W
1788702903.254603505,0 %, 2398 MHz, 41, 11.90 W
1788702903.355022222,0 %, 2398 MHz, 41, 11.90 W
1788702903.456057789,0 %, 2398 MHz, 41, 11.90 W
1788702903.556044186,0 %, 2398 MHz, 41, 11.90 W
1788702903.657502362,0 %, 2398 MHz, 41, 11.90 W
1788702903.756803174,0 %, 2398 MHz, 41, 11.87 W
1788702903.857686948,0 %, 2398 MHz, 41, 11.87 W
1788702903.958127314,0 %, 2398 MHz, 41, 11.87 W
1788702904.058500656,0 %, 2398 MHz, 41, 11.87 W
1788702904.159050702,0 %, 2398 MHz, 41, 11.87 W
1788702904.259711180,0 %, 2398 MHz, 41, 11.87 W
1788702904.359786202,0 %, 2398 MHz, 41, 11.87 W
1788702904.460813577,0 %, 2398 MHz, 41, 11.87 W
1788702904.560787766,0 %, 2398 MHz, 41, 11.87 W
1788702904.661612164,0 %, 2398 MHz, 41, 11.87 W
1788702904.762349379,0 %, 2398 MHz, 41, 11.87 W
1788702904.862795617,0 %, 2398 MHz, 41, 11.87 W
1788702904.963007998,0 %, 2398 MHz, 41, 11.87 W
1788702905.063900125,0 %, 2398 MHz, 41, 11.87 W
1788702905.164165546,0 %, 2398 MHz, 41, 11.87 W
1788702905.264752729,0 %, 2398 MHz, 41, 11.86 W
1788702905.365850920,0 %, 2398 MHz, 41, 11.86 W
1788702905.465994725,0 %, 2398 MHz, 41, 11.86 W
1788702905.567009908,0 %, 2398 MHz, 41, 11.86 W
1788702905.667160066,0 %, 2398 MHz, 41, 11.86 W
1788702905.767495792,0 %, 2398 MHz, 41, 11.85 W
1788702905.867946653,0 %, 2398 MHz, 41, 11.85 W
1788702905.969021213,0 %, 2398 MHz, 41, 11.85 W
1788702906.068778201,0 %, 2398 MHz, 41, 11.85 W
1788702906.169739368,0 %, 2398 MHz, 41, 11.85 W
1788702906.270251575,0 %, 2398 MHz, 41, 11.80 W
1788702906.370404388,0 %, 2398 MHz, 41, 11.80 W
1788702906.470792354,0 %, 2398 MHz, 41, 11.80 W
1788702906.571792289,0 %, 2398 MHz, 41, 11.80 W
1788702906.672173023,0 %, 2398 MHz, 41, 11.80 W
1788702906.772556029,0 %, 2398 MHz, 41, 11.77 W
1788702906.872902219,0 %, 2398 MHz, 41, 11.77 W
1788702906.973808426,0 %, 2398 MHz, 41, 11.77 W
1788702907.074017143,0 %, 2398 MHz, 41, 11.77 W
1788702907.174858406,0 %, 2398 MHz, 41, 11.77 W
1788702907.275302404,0 %, 2398 MHz, 41, 11.77 W
1788702907.375504962,0 %, 2398 MHz, 41, 11.77 W
1788702907.476727217,0 %, 2398 MHz, 41, 11.77 W
1788702907.576872255,0 %, 2398 MHz, 41, 11.77 W
1788702907.677423357,0 %, 2398 MHz, 41, 11.77 W
1788702907.777777947,0 %, 2398 MHz, 41, 11.78 W
1788702907.878421354,0 %, 2398 MHz, 41, 11.78 W
1788702907.978904264,0 %, 2398 MHz, 41, 11.78 W
1788702908.079973847,0 %, 2398 MHz, 41, 11.78 W
1788702908.180042548,0 %, 2398 MHz, 41, 11.78 W
1788702908.280450306,0 %, 2398 MHz, 41, 11.80 W
1788702908.381197825,0 %, 2398 MHz, 41, 11.80 W
1788702908.481552831,0 %, 2398 MHz, 41, 11.80 W
1788702908.581996029,0 %, 2398 MHz, 41, 11.80 W
1788702908.682759884,0 %, 2398 MHz, 41, 11.80 W
1788702908.783134186,0 %, 2398 MHz, 41, 11.79 W
1788702908.883349352,0 %, 2398 MHz, 41, 11.79 W
1788702908.983882582,0 %, 2398 MHz, 41, 11.79 W
1788702909.084298676,0 %, 2398 MHz, 41, 11.79 W
1788702909.185134803,0 %, 2398 MHz, 41, 11.79 W
1788702909.285846562,0 %, 2398 MHz, 41, 11.81 W
1788702909.385827023,0 %, 2398 MHz, 41, 11.81 W
1788702909.486496878,0 %, 2398 MHz, 41, 11.81 W
1788702909.586187771,0 %, 2398 MHz, 41, 11.81 W
1788702909.686808217,0 %, 2398 MHz, 41, 11.81 W
1788702909.786356678,0 %, 2398 MHz, 41, 11.82 W
1788702909.886963924,0 %, 2398 MHz, 41, 11.82 W
1788702909.987145218,0 %, 2398 MHz, 41, 11.82 W
1788702910.088226705,0 %, 2398 MHz, 41, 11.82 W
1788702910.188792736,0 %, 2398 MHz, 41, 11.82 W
1788702910.289801375,0 %, 2398 MHz, 41, 11.85 W
1788702910.389817405,0 %, 2398 MHz, 41, 11.85 W
1788702910.489943114,0 %, 2398 MHz, 41, 11.85 W
1788702910.590723737,0 %, 2398 MHz, 41, 11.85 W
1788702910.691079223,0 %, 2398 MHz, 41, 11.85 W
1788702910.791828646,0 %, 2398 MHz, 41, 11.90 W
1788702910.892970166,0 %, 2398 MHz, 41, 11.90 W
1788702910.992620467,0 %, 2398 MHz, 41, 11.90 W
1788702911.093064417,0 %, 2398 MHz, 41, 11.90 W
1788702911.193822016,0 %, 2398 MHz, 41, 11.90 W
1788702911.294209022,0 %, 2398 MHz, 41, 11.86 W
1788702911.394603388,0 %, 2398 MHz, 41, 11.86 W
1788702911.495815084,0 %, 2398 MHz, 41, 11.86 W
1788702911.595654233,0 %, 2398 MHz, 41, 11.86 W
1788702911.695304726,0 %, 2398 MHz, 41, 11.86 W
1788702911.795337956,0 %, 2398 MHz, 41, 11.83 W
1788702911.895931442,0 %, 2398 MHz, 41, 11.83 W
1788702911.997384691,0 %, 2398 MHz, 41, 11.83 W
1788702912.097136687,0 %, 2398 MHz, 41, 11.83 W
1788702912.198180719,0 %, 2398 MHz, 41, 11.83 W
1788702912.298939358,0 %, 2398 MHz, 41, 11.85 W
1788702912.399085340,0 %, 2398 MHz, 41, 11.85 W
1788702912.499417290,0 %, 2398 MHz, 41, 11.85 W
1788702912.600461018,0 %, 2398 MHz, 41, 11.85 W
1788702912.700638088,0 %, 2398 MHz, 41, 11.85 W
1788702912.801291062,0 %, 2398 MHz, 41, 11.85 W
1788702912.902103606,0 %, 2398 MHz, 41, 11.85 W
1788702913.002315300,0 %, 2398 MHz, 41, 11.85 W
1788702913.102933378,0 %, 2398 MHz, 41, 11.85 W
1788702913.203644641,0 %, 2398 MHz, 41, 11.85 W
1788702913.303177454,0 %, 2398 MHz, 41, 11.86 W
1788702913.403131099,0 %, 2398 MHz, 41, 11.86 W
1788702913.503530090,0 %, 2398 MHz, 41, 11.86 W
1788702913.603439239,0 %, 2398 MHz, 41, 11.86 W
1788702913.703232596,0 %, 2398 MHz, 41, 11.86 W
1788702913.803506610,0 %, 2398 MHz, 41, 11.86 W
1788702913.905002835,0 %, 2398 MHz, 41, 11.86 W
1788702914.005604482,0 %, 2398 MHz, 41, 11.86 W
1788702914.106314897,0 %, 2398 MHz, 41, 11.86 W
1788702914.206610783,0 %, 2398 MHz, 41, 11.86 W
1788702914.306826717,0 %, 2398 MHz, 41, 11.86 W
1788702914.407196731,0 %, 2398 MHz, 41, 11.86 W
1788702914.508127339,0 %, 2398 MHz, 41, 11.86 W
1788702914.608242649,0 %, 2398 MHz, 41, 11.86 W
1788702914.708179462,0 %, 2398 MHz, 41, 11.86 W
1788702914.809202550,0 %, 2398 MHz, 41, 11.84 W
1788702914.909925461,0 %, 2398 MHz, 41, 11.84 W
1788702915.010079987,0 %, 2398 MHz, 41, 11.84 W
1788702915.109787904,0 %, 2398 MHz, 41, 11.84 W
1788702915.210942624,0 %, 2398 MHz, 41, 11.84 W
1788702915.311636271,0 %, 2398 MHz, 41, 11.83 W
1788702915.411659309,0 %, 2398 MHz, 41, 11.83 W
1788702915.512477084,0 %, 2398 MHz, 41, 11.83 W
1788702915.613198379,0 %, 2398 MHz, 41, 11.83 W
1788702915.713416042,0 %, 2398 MHz, 41, 11.83 W
1788702915.814019177,0 %, 2398 MHz, 41, 11.87 W
1788702915.914770568,0 %, 2398 MHz, 41, 11.87 W
1788702916.014922102,0 %, 2398 MHz, 41, 11.87 W
1788702916.115531941,0 %, 2398 MHz, 41, 11.87 W
1788702916.216269444,0 %, 2398 MHz, 41, 11.87 W
1788702916.316321906,0 %, 2398 MHz, 41, 11.91 W
1788702916.416944353,0 %, 2398 MHz, 41, 11.91 W
1788702916.517845216,0 %, 2398 MHz, 41, 11.91 W
1788702916.618004334,0 %, 2398 MHz, 41, 11.91 W
1788702916.718471229,0 %, 2398 MHz, 41, 11.91 W
1788702916.819408733,0 %, 2398 MHz, 41, 11.91 W
1788702916.919549467,0 %, 2398 MHz, 41, 11.91 W
1788702917.020186042,0 %, 2398 MHz, 41, 11.91 W
1788702917.120278312,0 %, 2398 MHz, 41, 11.91 W
1788702917.221109735,0 %, 2398 MHz, 41, 11.91 W
1788702917.320924629,0 %, 2398 MHz, 41, 11.89 W
1788702917.421896005,0 %, 2398 MHz, 41, 11.89 W
1788702917.522174467,0 %, 2398 MHz, 41, 11.89 W
1788702917.622570050,0 %, 2398 MHz, 41, 11.89 W
1788702917.723385505,0 %, 2398 MHz, 41, 11.89 W
1788702917.823717248,0 %, 2398 MHz, 41, 11.87 W
1788702917.924579055,0 %, 2398 MHz, 41, 11.87 W
1788702918.025687679,0 %, 2398 MHz, 41, 11.87 W
1788702918.125473933,0 %, 2398 MHz, 41, 11.87 W
1788702918.226502925,0 %, 2398 MHz, 41, 11.87 W
1788702918.327246812,0 %, 2398 MHz, 41, 11.85 W
1788702918.427055641,0 %, 2398 MHz, 41, 11.85 W
1788702918.528067097,0 %, 2398 MHz, 41, 11.85 W
1788702918.628131911,0 %, 2398 MHz, 41, 11.85 W
1788702918.729073239,0 %, 2398 MHz, 41, 11.85 W
1788702918.829243381,0 %, 2398 MHz, 41, 11.86 W
1788702918.930307909,0 %, 2398 MHz, 41, 11.86 W
1788702919.030684628,0 %, 2398 MHz, 41, 11.86 W
1788702919.131147075,0 %, 2398 MHz, 41, 11.86 W
1788702919.231894226,0 %, 2398 MHz, 41, 11.86 W
1788702919.332030689,0 %, 2398 MHz, 41, 11.87 W
1788702919.432387839,0 %, 2398 MHz, 41, 11.87 W
1788702919.533445983,0 %, 2398 MHz, 41, 11.87 W
1788702919.633555646,0 %, 2398 MHz, 41, 11.87 W
1788702919.734233245,0 %, 2398 MHz, 41, 11.87 W
1788702919.834312827,0 %, 2398 MHz, 41, 11.88 W
1788702919.935109130,0 %, 2398 MHz, 41, 11.88 W
1788702920.035863338,0 %, 2398 MHz, 41, 11.88 W
1788702920.136228841,0 %, 2398 MHz, 41, 11.88 W
1788702920.236666472,0 %, 2398 MHz, 41, 11.88 W
1788702920.337385111,0 %, 2398 MHz, 41, 11.89 W
1788702920.437551621,0 %, 2398 MHz, 41, 11.89 W
1788702920.538253285,0 %, 2398 MHz, 41, 11.89 W
1788702920.639094965,0 %, 2398 MHz, 41, 11.89 W
1788702920.739824644,0 %, 2398 MHz, 41, 11.89 W
1788702920.839956674,0 %, 2398 MHz, 41, 11.91 W
1788702920.940304561,0 %, 2398 MHz, 41, 11.91 W
1788702921.041325825,0 %, 2398 MHz, 41, 11.91 W
1788702921.141084735,0 %, 2398 MHz, 41, 11.91 W
1788702921.242158383,0 %, 2398 MHz, 41, 11.91 W
1788702921.342199933,0 %, 2398 MHz, 41, 11.92 W
1788702921.443078685,0 %, 2398 MHz, 41, 11.92 W
1788702921.543677388,0 %, 2398 MHz, 41, 11.92 W
1788702921.644425708,0 %, 2398 MHz, 41, 11.92 W
1788702921.743755496,0 %, 2398 MHz, 41, 11.92 W
1788702921.844800153,0 %, 2398 MHz, 41, 11.88 W
1788702921.945418504,0 %, 2398 MHz, 41, 11.88 W
1788702922.046165112,0 %, 2398 MHz, 41, 11.88 W
1788702922.146342662,0 %, 2398 MHz, 41, 11.88 W
1788702922.247012117,0 %, 2398 MHz, 41, 11.88 W
1788702922.347740725,0 %, 2398 MHz, 41, 11.86 W
1788702922.447673059,0 %, 2398 MHz, 41, 11.86 W
1788702922.548556499,0 %, 2398 MHz, 41, 11.86 W
1788702922.649304819,0 %, 2398 MHz, 41, 11.86 W
1788702922.749440929,0 %, 2398 MHz, 41, 11.84 W
1788702922.850147777,0 %, 2398 MHz, 41, 11.84 W
1788702922.950175391,0 %, 2398 MHz, 41, 11.84 W
1788702923.051026623,0 %, 2398 MHz, 41, 11.84 W
1788702923.151683838,0 %, 2398 MHz, 41, 11.84 W
1788702923.252403342,0 %, 2398 MHz, 41, 11.85 W
1788702923.352203308,0 %, 2398 MHz, 41, 11.85 W
1788702923.453343884,0 %, 2398 MHz, 41, 11.85 W
1788702923.553315706,0 %, 2398 MHz, 41, 11.85 W
1788702923.654127098,0 %, 2398 MHz, 41, 11.85 W
1788702923.754461641,0 %, 2398 MHz, 41, 11.86 W
1788702923.855508217,0 %, 2398 MHz, 41, 11.86 W
1788702923.955742760,0 %, 2398 MHz, 41, 11.86 W
1788702924.055887462,0 %, 2398 MHz, 41, 11.86 W
1788702924.156548246,0 %, 2398 MHz, 41, 11.86 W
1788702924.257285190,0 %, 2398 MHz, 41, 11.81 W
1788702924.357422052,0 %, 2398 MHz, 41, 11.81 W
1788702924.457968900,0 %, 2398 MHz, 41, 11.81 W
1788702924.558871444,0 %, 2398 MHz, 41, 11.81 W
1788702924.658993410,0 %, 2398 MHz, 41, 11.81 W
1788702924.759644818,0 %, 2398 MHz, 41, 11.80 W
1788702924.860396722,0 %, 2398 MHz, 41, 11.80 W
1788702924.960799505,0 %, 2398 MHz, 41, 11.80 W
1788702925.061194352,0 %, 2398 MHz, 41, 11.80 W
1788702925.161295694,0 %, 2398 MHz, 41, 11.80 W
1788702925.262098862,0 %, 2398 MHz, 41, 11.82 W
1788702925.362438733,0 %, 2398 MHz, 41, 11.82 W
1788702925.463543646,0 %, 2398 MHz, 41, 11.82 W
1788702925.563910221,0 %, 2398 MHz, 41, 11.82 W
1788702925.664475932,0 %, 2398 MHz, 41, 11.82 W
1788702925.765079916,0 %, 2398 MHz, 41, 11.81 W
1788702925.865233306,0 %, 2398 MHz, 41, 11.81 W
1788702925.965900842,0 %, 2398 MHz, 41, 11.81 W
1788702926.066646746,0 %, 2398 MHz, 41, 11.81 W
1788702926.165888919,0 %, 2398 MHz, 41, 11.81 W
1788702926.266428022,0 %, 2398 MHz, 41, 11.81 W
1788702926.367215718,0 %, 2398 MHz, 41, 11.81 W
1788702926.467591829,0 %, 2398 MHz, 41, 11.81 W
1788702926.568037381,0 %, 2398 MHz, 41, 11.81 W
1788702926.668797636,0 %, 2398 MHz, 41, 11.81 W
1788702926.769155636,0 %, 2398 MHz, 41, 11.81 W
1788702926.869876515,0 %, 2398 MHz, 41, 11.81 W
1788702926.970344131,0 %, 2398 MHz, 41, 11.81 W
1788702927.070717362,0 %, 2398 MHz, 41, 11.81 W
1788702927.171275073,0 %, 2398 MHz, 41, 11.81 W
1788702927.272273746,0 %, 2398 MHz, 41, 11.81 W
1788702927.372816625,0 %, 2398 MHz, 41, 11.81 W
1788702927.472907456,0 %, 2398 MHz, 41, 11.81 W
1788702927.573843392,0 %, 2398 MHz, 41, 11.81 W
1788702927.674604144,0 %, 2398 MHz, 41, 11.81 W
1788702927.774354398,0 %, 2398 MHz, 41, 11.82 W
1788702927.875103294,0 %, 2398 MHz, 41, 11.82 W
1788702927.975812094,0 %, 2398 MHz, 41, 11.82 W
1788702928.076141245,0 %, 2398 MHz, 41, 11.82 W
1788702928.176656573,0 %, 2398 MHz, 41, 11.82 W
1788702928.277044428,0 %, 2398 MHz, 41, 11.81 W
1788702928.377260347,0 %, 2398 MHz, 41, 11.81 W
1788702928.477854699,0 %, 2398 MHz, 41, 11.81 W
1788702928.578797691,0 %, 2398 MHz, 41, 11.81 W
1788702928.679448043,0 %, 2398 MHz, 41, 11.81 W
1788702928.779233161,0 %, 2398 MHz, 41, 11.79 W
1788702928.880234745,0 %, 2398 MHz, 41, 11.79 W
1788702928.980822569,0 %, 2398 MHz, 41, 11.79 W
1788702929.081092728,0 %, 2398 MHz, 41, 11.79 W
1788702929.181582216,0 %, 2398 MHz, 41, 11.79 W
1788702929.281974279,0 %, 2398 MHz, 41, 11.81 W
1788702929.382808839,0 %, 2398 MHz, 41, 11.81 W
1788702929.483124919,0 %, 2398 MHz, 41, 11.81 W
1788702929.583496806,0 %, 2398 MHz, 41, 11.81 W
1788702929.683917461,0 %, 2398 MHz, 41, 11.81 W
1788702929.784650165,0 %, 2398 MHz, 41, 11.83 W
1788702929.885042293,0 %, 2398 MHz, 41, 11.83 W
1788702929.985810517,0 %, 2398 MHz, 41, 11.83 W
1788702930.086222580,0 %, 2398 MHz, 41, 11.83 W
1788702930.186574884,0 %, 2398 MHz, 41, 11.83 W
1788702930.287010371,0 %, 2398 MHz, 41, 11.80 W
1788702930.387762547,0 %, 2398 MHz, 41, 11.80 W
1788702930.488147155,0 %, 2398 MHz, 41, 11.80 W
1788702930.588507698,0 %, 2398 MHz, 41, 11.80 W
1788702930.689290562,0 %, 2398 MHz, 41, 11.80 W
1788702930.789660114,0 %, 2398 MHz, 41, 11.77 W
1788702930.890080049,0 %, 2398 MHz, 41, 11.77 W
1788702930.990872593,0 %, 2398 MHz, 41, 11.77 W
1788702931.090958848,0 %, 2398 MHz, 41, 11.77 W
1788702931.191030831,0 %, 2398 MHz, 41, 11.77 W
1788702931.290685565,0 %, 2398 MHz, 41, 11.83 W
1788702931.391286477,0 %, 2398 MHz, 41, 11.83 W
1788702931.491001963,0 %, 2398 MHz, 41, 11.83 W
1788702931.592300524,0 %, 2398 MHz, 41, 11.83 W
1788702931.692350923,0 %, 2398 MHz, 41, 11.83 W
1788702931.793039835,0 %, 2398 MHz, 41, 11.87 W
1788702931.893848667,0 %, 2398 MHz, 41, 11.87 W
1788702931.994886684,0 %, 2398 MHz, 41, 11.87 W
1788702932.093465080,0 %, 2398 MHz, 41, 11.87 W
1788702932.193852663,0 %, 2398 MHz, 41, 11.87 W
1788702932.294223943,0 %, 2398 MHz, 41, 11.85 W
1788702932.394720647,0 %, 2398 MHz, 41, 11.85 W
1788702932.495678967,0 %, 2398 MHz, 41, 11.85 W
1788702932.596027511,0 %, 2398 MHz, 41, 11.85 W
1788702932.696814695,0 %, 2398 MHz, 41, 11.85 W
1788702932.797216343,0 %, 2398 MHz, 41, 11.85 W
1788702932.897550342,0 %, 2398 MHz, 41, 11.85 W
1788702932.997992726,0 %, 2398 MHz, 41, 11.85 W
1788702933.098761526,0 %, 2398 MHz, 41, 11.85 W
1788702933.199200678,0 %, 2398 MHz, 41, 11.85 W
1788702933.299854134,0 %, 2398 MHz, 41, 11.82 W
1788702933.400333654,0 %, 2398 MHz, 41, 11.82 W
1788702933.500714021,0 %, 2398 MHz, 41, 11.82 W
1788702933.601132693,0 %, 2398 MHz, 41, 11.82 W
1788702933.701917717,0 %, 2398 MHz, 41, 11.82 W
1788702933.802270501,0 %, 2398 MHz, 41, 11.82 W
1788702933.903057669,0 %, 2398 MHz, 41, 11.82 W
1788702934.004225350,0 %, 2398 MHz, 41, 11.82 W
1788702934.104114581,0 %, 2398 MHz, 41, 11.82 W
1788702934.204096516,0 %, 2398 MHz, 41, 11.82 W
1788702934.304874548,0 %, 2398 MHz, 41, 11.84 W
1788702934.405789173,0 %, 2398 MHz, 41, 11.84 W
1788702934.505864420,0 %, 2398 MHz, 41, 11.84 W
1788702934.606628468,0 %, 2398 MHz, 41, 11.84 W
1788702934.707011044,0 %, 2398 MHz, 41, 11.84 W
1788702934.807457428,0 %, 2398 MHz, 41, 11.85 W
1788702934.908193044,0 %, 2398 MHz, 41, 11.85 W
1788702935.009142229,0 %, 2398 MHz, 41, 11.85 W
1788702935.108951955,0 %, 2398 MHz, 41, 11.85 W
1788702935.209771092,0 %, 2398 MHz, 41, 11.85 W
1788702935.310136244,0 %, 2398 MHz, 41, 11.83 W
1788702935.410556963,0 %, 2398 MHz, 41, 11.83 W
1788702935.511354660,0 %, 2398 MHz, 41, 11.83 W
1788702935.611628035,0 %, 2398 MHz, 41, 11.83 W
1788702935.712255748,0 %, 2398 MHz, 41, 11.83 W
1788702935.812971796,0 %, 2398 MHz, 41, 11.83 W
1788702935.913444116,0 %, 2398 MHz, 41, 11.83 W
1788702936.014039604,0 %, 2398 MHz, 41, 11.83 W
1788702936.114811253,0 %, 2398 MHz, 41, 11.83 W
1788702936.215565893,0 %, 2398 MHz, 41, 11.83 W
1788702936.315299076,0 %, 2398 MHz, 41, 11.84 W
1788702936.416074148,0 %, 2398 MHz, 41, 11.84 W
1788702936.516801221,0 %, 2398 MHz, 41, 11.84 W
1788702936.617079332,0 %, 2398 MHz, 41, 11.84 W
1788702936.717623556,0 %, 2398 MHz, 41, 11.84 W
1788702936.818002452,0 %, 2398 MHz, 41, 11.88 W
1788702936.918763972,0 %, 2398 MHz, 41, 11.88 W
1788702937.019210868,0 %, 2398 MHz, 41, 11.88 W
1788702937.119538020,0 %, 2398 MHz, 41, 11.88 W
1788702937.219927892,0 %, 2398 MHz, 41, 11.88 W
1788702937.320735317,0 %, 2398 MHz, 41, 11.90 W
1788702937.421097188,0 %, 2398 MHz, 41, 11.90 W
1788702937.521496148,0 %, 2398 MHz, 41, 11.90 W
1788702937.622254101,0 %, 2398 MHz, 41, 11.90 W
1788702937.722638277,0 %, 2398 MHz, 41, 11.90 W
1788702937.823051156,0 %, 2398 MHz, 41, 11.89 W
1788702937.923830389,0 %, 2398 MHz, 41, 11.89 W
1788702938.024196885,0 %, 2398 MHz, 41, 11.89 W
1788702938.124637445,0 %, 2398 MHz, 41, 11.89 W
1788702938.225390693,0 %, 2398 MHz, 41, 11.89 W
1788702938.325777877,0 %, 2398 MHz, 41, 11.88 W
1788702938.426178613,0 %, 2398 MHz, 41, 11.88 W
1788702938.526983430,0 %, 2398 MHz, 41, 11.88 W
1788702938.627359974,0 %, 2398 MHz, 41, 11.88 W
1788702938.727777062,0 %, 2398 MHz, 41, 11.88 W
1788702938.828832983,0 %, 2398 MHz, 41, 11.84 W
1788702938.928919142,0 %, 2398 MHz, 41, 11.84 W
1788702939.029317126,0 %, 2398 MHz, 41, 11.84 W
1788702939.130081639,0 %, 2398 MHz, 41, 11.84 W
1788702939.230790408,0 %, 2398 MHz, 41, 11.84 W
1788702939.330907655,0 %, 2398 MHz, 41, 11.83 W
1788702939.431646136,0 %, 2398 MHz, 41, 11.83 W
1788702939.532020280,0 %, 2398 MHz, 41, 11.83 W
1788702939.632628984,0 %, 2398 MHz, 41, 11.83 W
1788702939.733365033,0 %, 2398 MHz, 41, 11.83 W
1788702939.833581176,0 %, 2398 MHz, 41, 11.84 W
1788702939.934006408,0 %, 2398 MHz, 41, 11.84 W
1788702940.034798457,0 %, 2398 MHz, 41, 11.84 W
1788702940.134664952,0 %, 2398 MHz, 41, 11.84 W
1788702940.234417527,0 %, 2398 MHz, 41, 11.84 W
1788702940.334426150,0 %, 2398 MHz, 41, 11.85 W
1788702940.435639176,0 %, 2398 MHz, 41, 11.85 W
1788702940.535996904,0 %, 2398 MHz, 41, 11.85 W
1788702940.636792344,0 %, 2398 MHz, 41, 11.85 W
1788702940.737167768,0 %, 2398 MHz, 41, 11.85 W
1788702940.837838105,0 %, 2398 MHz, 41, 11.88 W
1788702940.938167817,0 %, 2398 MHz, 41, 11.88 W
1788702941.038734889,0 %, 2398 MHz, 41, 11.88 W
1788702941.139069849,0 %, 2398 MHz, 41, 11.88 W
1788702941.239792986,0 %, 2398 MHz, 41, 11.88 W
1788702941.340283546,0 %, 2398 MHz, 41, 11.88 W
1788702941.440609386,0 %, 2398 MHz, 41, 11.88 W
1788702941.541020522,0 %, 2398 MHz, 41, 11.88 W
1788702941.641829707,0 %, 2398 MHz, 41, 11.88 W
1788702941.742187419,0 %, 2398 MHz, 41, 11.88 W
1788702941.842586955,0 %, 2398 MHz, 41, 11.88 W
1788702941.943495164,0 %, 2398 MHz, 41, 11.88 W
1788702942.044466670,0 %, 2398 MHz, 41, 11.88 W
1788702942.144272797,0 %, 2398 MHz, 41, 11.88 W
1788702942.245028350,0 %, 2398 MHz, 41, 11.88 W
1788702942.345829598,0 %, 2398 MHz, 41, 11.88 W
1788702942.446110894,0 %, 2398 MHz, 41, 11.88 W
1788702942.546896719,0 %, 2398 MHz, 41, 11.88 W
1788702942.647003599,0 %, 2398 MHz, 41, 11.88 W
1788702942.747839040,0 %, 2398 MHz, 41, 11.88 W
1788702942.848131280,0 %, 2398 MHz, 41, 11.89 W
1788702942.948813953,0 %, 2398 MHz, 41, 11.89 W
1788702943.048932528,0 %, 2398 MHz, 41, 11.89 W
1788702943.149722049,0 %, 2398 MHz, 41, 11.89 W
1788702943.250066257,0 %, 2398 MHz, 41, 11.88 W
1788702943.350803634,0 %, 2398 MHz, 41, 11.88 W
1788702943.451244498,0 %, 2398 MHz, 41, 11.88 W
1788702943.551900019,0 %, 2398 MHz, 41, 11.88 W
1788702943.652023523,0 %, 2398 MHz, 41, 11.88 W
1788702943.752812740,0 %, 2398 MHz, 41, 11.85 W
1788702943.853170484,0 %, 2398 MHz, 41, 11.85 W
1788702943.953863477,0 %, 2398 MHz, 41, 11.85 W
1788702944.054364933,0 %, 2398 MHz, 41, 11.85 W
1788702944.154710805,0 %, 2398 MHz, 41, 11.85 W
1788702944.255144118,0 %, 2398 MHz, 41, 11.85 W
1788702944.355915847,0 %, 2398 MHz, 41, 11.85 W
1788702944.456287063,0 %, 2398 MHz, 41, 11.85 W
1788702944.556684935,0 %, 2398 MHz, 41, 11.85 W
1788702944.657881689,0 %, 2398 MHz, 41, 11.85 W
1788702944.758024201,0 %, 2398 MHz, 41, 11.88 W
1788702944.858332841,0 %, 2398 MHz, 41, 11.88 W
1788702944.959817019,0 %, 2398 MHz, 41, 11.88 W
1788702945.059836091,0 %, 2398 MHz, 41, 11.88 W
1788702945.160126923,0 %, 2398 MHz, 41, 11.88 W
1788702945.260642460,0 %, 2398 MHz, 41, 11.85 W
1788702945.361031740,0 %, 2398 MHz, 41, 11.85 W
1788702945.461800477,0 %, 2398 MHz, 41, 11.85 W
1788702945.562172125,0 %, 2398 MHz, 41, 11.85 W
1788702945.662572862,0 %, 2398 MHz, 41, 11.85 W
1788702945.763002878,0 %, 2398 MHz, 41, 11.82 W
1788702945.863747919,0 %, 2398 MHz, 41, 11.82 W
1788702945.964123359,0 %, 2398 MHz, 41, 11.82 W
1788702946.064896672,0 %, 2398 MHz, 41, 11.82 W
1788702946.165313041,0 %, 2398 MHz, 41, 11.82 W
1788702946.265658193,0 %, 2398 MHz, 41, 11.83 W
1788702946.366074482,0 %, 2398 MHz, 41, 11.83 W
1788702946.466872275,0 %, 2398 MHz, 41, 11.83 W
1788702946.567244195,0 %, 2398 MHz, 41, 11.83 W
1788702946.667625411,0 %, 2398 MHz, 41, 11.83 W
1788702946.768402629,0 %, 2398 MHz, 41, 11.81 W
1788702946.868803845,0 %, 2398 MHz, 41, 11.81 W
1788702946.969245349,0 %, 2398 MHz, 41, 11.81 W
1788702947.070007799,0 %, 2398 MHz, 41, 11.81 W
1788702947.170351431,0 %, 2398 MHz, 41, 11.81 W
1788702947.271042760,0 %, 2398 MHz, 41, 11.81 W
1788702947.371562953,0 %, 2398 MHz, 41, 11.81 W
1788702947.472240042,0 %, 2398 MHz, 41, 11.81 W
1788702947.572330778,0 %, 2398 MHz, 41, 11.81 W
1788702947.673822700,0 %, 2398 MHz, 41, 11.81 W
1788702947.773561435,0 %, 2398 MHz, 41, 11.84 W
1788702947.874201244,0 %, 2398 MHz, 41, 11.84 W
1788702947.974762381,0 %, 2398 MHz, 41, 11.84 W
1788702948.075090189,0 %, 2398 MHz, 41, 11.84 W
1788702948.175516510,0 %, 2398 MHz, 41, 11.84 W
1788702948.276275567,0 %, 2398 MHz, 41, 11.86 W
1788702948.376642560,0 %, 2398 MHz, 41, 11.86 W
1788702948.477077904,0 %, 2398 MHz, 41, 11.86 W
1788702948.577830241,0 %, 2398 MHz, 41, 11.86 W
1788702948.678858355,0 %, 2398 MHz, 41, 11.86 W
1788702948.778895619,0 %, 2398 MHz, 41, 11.85 W
1788702948.879368276,0 %, 2398 MHz, 41, 11.85 W
1788702948.979751524,0 %, 2398 MHz, 41, 11.85 W
1788702949.080295621,0 %, 2398 MHz, 41, 11.85 W
1788702949.181315399,0 %, 2398 MHz, 41, 11.85 W
1788702949.281837560,0 %, 2398 MHz, 41, 11.81 W
1788702949.382094072,0 %, 2398 MHz, 41, 11.81 W
1788702949.482559017,0 %, 2398 MHz, 41, 11.81 W
1788702949.582961993,0 %, 2398 MHz, 41, 11.81 W
1788702949.683346746,0 %, 2398 MHz, 41, 11.81 W
1788702949.784097131,0 %, 2398 MHz, 41, 11.78 W
1788702949.884824012,0 %, 2398 MHz, 41, 11.78 W
1788702949.985126669,0 %, 2398 MHz, 41, 11.78 W
1788702950.085655613,0 %, 2398 MHz, 41, 11.78 W
1788702950.186036750,0 %, 2398 MHz, 41, 11.78 W
1788702950.286812623,0 %, 2398 MHz, 41, 11.77 W
1788702950.387181952,0 %, 2398 MHz, 41, 11.77 W
1788702950.487864097,0 %, 2398 MHz, 41, 11.77 W
1788702950.587975585,0 %, 2398 MHz, 41, 11.77 W
1788702950.688811619,0 %, 2398 MHz, 41, 11.77 W
1788702950.789134659,0 %, 2398 MHz, 41, 11.76 W
1788702950.889540596,0 %, 2398 MHz, 41, 11.76 W
1788702950.989742436,0 %, 2398 MHz, 41, 11.76 W
1788702951.090513621,0 %, 2398 MHz, 41, 11.76 W
1788702951.191191671,0 %, 2398 MHz, 41, 11.76 W
1788702951.291298151,0 %, 2398 MHz, 41, 11.74 W
1788702951.392326969,0 %, 2398 MHz, 41, 11.74 W
1788702951.492801546,0 %, 2398 MHz, 41, 11.74 W
1788702951.592914362,0 %, 2398 MHz, 41, 11.74 W
1788702951.693647259,0 %, 2398 MHz, 41, 11.74 W
1788702951.794051084,0 %, 2398 MHz, 41, 11.78 W
1788702951.894461292,0 %, 2398 MHz, 41, 11.78 W
1788702951.995197262,0 %, 2398 MHz, 41, 11.78 W
1788702952.095861215,0 %, 2398 MHz, 41, 11.78 W
1788702952.195996095,0 %, 2398 MHz, 41, 11.78 W
1788702952.296968113,0 %, 2398 MHz, 41, 11.80 W
1788702952.396109023,0 %, 2398 MHz, 41, 11.80 W
1788702952.496335840,0 %, 2398 MHz, 41, 11.80 W
1788702952.596584800,0 %, 2398 MHz, 41, 11.80 W
1788702952.698039939,0 %, 2398 MHz, 41, 11.80 W
1788702952.798475252,0 %, 2398 MHz, 41, 11.81 W
1788702952.899060901,0 %, 2398 MHz, 41, 11.81 W
1788702953.000064887,0 %, 2398 MHz, 41, 11.81 W
1788702953.100458872,0 %, 2398 MHz, 41, 11.81 W
1788702953.201396138,0 %, 2398 MHz, 41, 11.81 W
1788702953.302001307,0 %, 2398 MHz, 41, 11.82 W
1788702953.402942029,0 %, 2398 MHz, 41, 11.82 W
1788702953.503785727,0 %, 2398 MHz, 41, 11.82 W
1788702953.604314896,0 %, 2398 MHz, 41, 11.82 W
1788702953.704861121,0 %, 2398 MHz, 41, 11.82 W
1788702953.805770947,0 %, 2398 MHz, 41, 11.83 W
1788702953.906729349,0 %, 2398 MHz, 41, 11.83 W
1788702954.007268342,0 %, 2398 MHz, 41, 11.83 W
1788702954.108507864,0 %, 2398 MHz, 41, 11.83 W
1788702954.208626248,0 %, 2398 MHz, 41, 11.83 W
1788702954.309554746,0 %, 2398 MHz, 41, 11.81 W
1788702954.409964795,0 %, 2398 MHz, 41, 11.81 W
1788702954.510939821,0 %, 2398 MHz, 41, 11.81 W
1788702954.611513375,0 %, 2398 MHz, 41, 11.81 W
1788702954.712380176,0 %, 2398 MHz, 41, 11.81 W
1788702954.812986402,0 %, 2398 MHz, 41, 11.81 W
1788702954.913853220,0 %, 2398 MHz, 41, 11.81 W
1788702955.014792485,0 %, 2398 MHz, 41, 11.81 W
1788702955.115204614,0 %, 2398 MHz, 41, 11.81 W
1788702955.216222953,0 %, 2398 MHz, 41, 11.81 W
1788702955.316773322,0 %, 2398 MHz, 41, 11.79 W
1788702955.417629420,0 %, 2398 MHz, 41, 11.79 W
1788702955.518181357,0 %, 2398 MHz, 41, 11.79 W
1788702955.619105551,0 %, 2398 MHz, 41, 11.79 W
1788702955.719658880,0 %, 2398 MHz, 41, 11.79 W
1788702955.820836819,0 %, 2398 MHz, 41, 11.75 W
1788702955.920990979,0 %, 2398 MHz, 41, 11.75 W
1788702956.021881957,0 %, 2398 MHz, 41, 11.75 W
1788702956.122194054,0 %, 2398 MHz, 41, 11.75 W
1788702956.223127272,0 %, 2398 MHz, 41, 11.75 W
1788702956.323789241,0 %, 2398 MHz, 41, 11.76 W
1788702956.424805020,0 %, 2398 MHz, 41, 11.76 W
1788702956.525006972,0 %, 2398 MHz, 41, 11.76 W
1788702956.625437997,0 %, 2398 MHz, 41, 11.76 W
1788702956.726270127,0 %, 2398 MHz, 41, 11.76 W
1788702956.827231841,0 %, 2398 MHz, 41, 11.78 W
1788702956.927778819,0 %, 2398 MHz, 41, 11.78 W
1788702957.028744421,0 %, 2398 MHz, 41, 11.78 W
1788702957.129291350,0 %, 2398 MHz, 41, 11.78 W
1788702957.230202808,0 %, 2398 MHz, 41, 11.78 W
1788702957.331131642,0 %, 2398 MHz, 41, 11.76 W
1788702957.431683196,0 %, 2398 MHz, 41, 11.76 W
1788702957.532555710,0 %, 2398 MHz, 41, 11.76 W
1788702957.633156799,0 %, 2398 MHz, 41, 11.76 W
1788702957.734045505,0 %, 2398 MHz, 41, 11.76 W
1788702957.834633715,0 %, 2398 MHz, 41, 11.77 W
1788702957.935513909,0 %, 2398 MHz, 41, 11.77 W
1788702958.036780375,0 %, 2398 MHz, 41, 11.77 W
1788702958.137003240,0 %, 2398 MHz, 41, 11.77 W
1788702958.237957178,0 %, 2398 MHz, 41, 11.77 W
1788702958.338430236,0 %, 2398 MHz, 41, 11.80 W
1788702958.439321198,0 %, 2398 MHz, 41, 11.80 W
1788702958.539903135,0 %, 2398 MHz, 41, 11.80 W
1788702958.640823057,0 %, 2398 MHz, 41, 11.80 W
1788702958.741296547,0 %, 2398 MHz, 41, 11.80 W
1788702958.842178533,0 %, 2398 MHz, 41, 11.81 W
1788702958.943175543,0 %, 2398 MHz, 41, 11.81 W
1788702959.043529784,0 %, 2398 MHz, 41, 11.81 W
1788702959.144108442,0 %, 2398 MHz, 41, 11.81 W
1788702959.244969596,0 %, 2398 MHz, 41, 11.81 W
1788702959.345426461,0 %, 2398 MHz, 41, 11.80 W
1788702959.446310879,0 %, 2398 MHz, 41, 11.80 W
1788702959.548033827,0 %, 2398 MHz, 41, 11.80 W
1788702959.647834419,0 %, 2398 MHz, 41, 11.80 W
1788702959.748638149,0 %, 2398 MHz, 41, 11.80 W
1788702959.849221734,0 %, 2398 MHz, 41, 11.77 W
1788702959.950171129,0 %, 2398 MHz, 41, 11.77 W
1788702960.050757802,0 %, 2398 MHz, 41, 11.77 W
1788702960.151604092,0 %, 2398 MHz, 41, 11.77 W
1788702960.252588143,0 %, 2398 MHz, 41, 11.80 W
1788702960.353125552,0 %, 2398 MHz, 41, 11.80 W
1788702960.454045699,0 %, 2398 MHz, 41, 11.80 W
1788702960.554626932,0 %, 2398 MHz, 41, 11.80 W
1788702960.655531142,0 %, 2398 MHz, 41, 11.80 W
1788702960.756087560,0 %, 2398 MHz, 41, 11.82 W
1788702960.856987066,0 %, 2398 MHz, 41, 11.82 W
1788702960.957958749,0 %, 2398 MHz, 41, 11.82 W
1788702961.058475294,0 %, 2398 MHz, 41, 11.82 W
1788702961.159804673,0 %, 2398 MHz, 41, 11.82 W
1788702961.259919122,0 %, 2398 MHz, 41, 11.81 W
1788702961.360864500,0 %, 2398 MHz, 41, 11.81 W
1788702961.461804311,0 %, 2398 MHz, 41, 11.81 W
1788702961.562236344,0 %, 2398 MHz, 41, 11.81 W
1788702961.662828442,0 %, 2398 MHz, 41, 11.81 W
1788702961.763566876,0 %, 2398 MHz, 41, 11.80 W
1788702961.864128557,0 %, 2398 MHz, 41, 11.80 W
1788702961.965015823,0 %, 2398 MHz, 41, 11.80 W
1788702962.065458289,0 %, 2398 MHz, 41, 11.80 W
1788702962.166385939,0 %, 2398 MHz, 41, 11.80 W
1788702962.266909221,0 %, 2398 MHz, 41, 11.81 W
1788702962.367797079,0 %, 2398 MHz, 41, 11.81 W
1788702962.468754410,0 %, 2398 MHz, 41, 11.81 W
1788702962.569320795,0 %, 2398 MHz, 41, 11.81 W
1788702962.670817903,0 %, 2398 MHz, 41, 11.81 W
1788702962.770780703,0 %, 2398 MHz, 41, 11.79 W
1788702962.871706866,0 %, 2398 MHz, 41, 11.79 W
1788702962.972318372,0 %, 2398 MHz, 41, 11.79 W
1788702963.073156150,0 %, 2398 MHz, 41, 11.79 W
1788702963.174122232,0 %, 2398 MHz, 41, 11.79 W
1788702963.274525690,0 %, 2398 MHz, 41, 11.77 W
1788702963.375458540,0 %, 2398 MHz, 41, 11.77 W
1788702963.476017374,0 %, 2398 MHz, 41, 11.77 W
1788702963.576944048,0 %, 2398 MHz, 41, 11.77 W
1788702963.677498514,0 %, 2398 MHz, 41, 11.77 W
1788702963.778449221,0 %, 2398 MHz, 41, 11.81 W
1788702963.879002374,0 %, 2398 MHz, 41, 11.81 W
1788702963.979852793,0 %, 2398 MHz, 41, 11.81 W
1788702964.080835995,0 %, 2398 MHz, 41, 11.81 W
1788702964.181368237,0 %, 2398 MHz, 41, 11.81 W
1788702964.282291279,0 %, 2398 MHz, 41, 11.84 W
1788702964.382885505,0 %, 2398 MHz, 41, 11.84 W
1788702964.483668308,0 %, 2398 MHz, 41, 11.84 W
1788702964.584181477,0 %, 2398 MHz, 41, 11.84 W
1788702964.685885897,0 %, 2398 MHz, 41, 11.84 W
1788702964.785468665,0 %, 2398 MHz, 41, 11.87 W
1788702964.886466732,0 %, 2398 MHz, 41, 11.87 W
1788702964.987003389,0 %, 2398 MHz, 41, 11.87 W
1788702965.087881024,0 %, 2398 MHz, 41, 11.87 W
1788702965.188861491,0 %, 2398 MHz, 41, 11.87 W
1788702965.289421892,0 %, 2398 MHz, 41, 11.88 W
1788702965.390312599,0 %, 2398 MHz, 41, 11.88 W
1788702965.490908377,0 %, 2398 MHz, 41, 11.88 W
1788702965.591806507,0 %, 2398 MHz, 41, 11.88 W
1788702965.692859614,0 %, 2398 MHz, 41, 11.88 W
1788702965.793066031,0 %, 2398 MHz, 41, 11.88 W
1788702965.893453377,0 %, 2398 MHz, 41, 11.88 W
1788702965.993867250,0 %, 2398 MHz, 41, 11.88 W
1788702966.094623861,0 %, 2398 MHz, 41, 11.88 W
1788702966.194992838,0 %, 2398 MHz, 41, 11.88 W
1788702966.295394680,0 %, 2398 MHz, 41, 11.88 W
1788702966.396206202,0 %, 2398 MHz, 41, 11.88 W
1788702966.496862572,0 %, 2398 MHz, 41, 11.88 W
1788702966.596939725,0 %, 2398 MHz, 41, 11.88 W
1788702966.697753343,0 %, 2398 MHz, 41, 11.88 W
1788702966.798108049,0 %, 2398 MHz, 41, 11.85 W
1788702966.898491714,0 %, 2398 MHz, 41, 11.85 W
1788702966.999289301,0 %, 2398 MHz, 41, 11.85 W
1788702967.099638870,0 %, 2398 MHz, 41, 11.85 W
1788702967.200052216,0 %, 2398 MHz, 41, 11.85 W
1788702967.300852922,0 %, 2398 MHz, 41, 11.79 W
1788702967.401201228,0 %, 2398 MHz, 41, 11.79 W
1788702967.501640957,0 %, 2398 MHz, 41, 11.79 W
1788702967.602414384,0 %, 2398 MHz, 41, 11.79 W
1788702967.702801233,0 %, 2398 MHz, 41, 11.79 W
1788702967.803299571,0 %, 2398 MHz, 41, 11.76 W
1788702967.904318118,0 %, 2398 MHz, 41, 11.76 W
1788702968.004829816,0 %, 2398 MHz, 41, 11.76 W
1788702968.105160345,0 %, 2398 MHz, 41, 11.76 W
1788702968.205605531,0 %, 2398 MHz, 41, 11.76 W
1788702968.305987485,0 %, 2398 MHz, 41, 11.79 W
1788702968.406379342,0 %, 2398 MHz, 41, 11.79 W
1788702968.507161809,0 %, 2398 MHz, 41, 11.79 W
1788702968.607825603,0 %, 2398 MHz, 41, 11.79 W
1788702968.707981796,0 %, 2398 MHz, 41, 11.79 W
1788702968.808718007,0 %, 2398 MHz, 41, 11.82 W
1788702968.909087480,0 %, 2398 MHz, 41, 11.82 W
1788702969.009828891,0 %, 2398 MHz, 41, 11.82 W
1788702969.109901596,0 %, 2398 MHz, 41, 11.82 W
1788702969.210573358,0 %, 2398 MHz, 41, 11.82 W
1788702969.310955856,0 %, 2398 MHz, 41, 11.82 W
1788702969.411270129,0 %, 2398 MHz, 41, 11.82 W
1788702969.512058484,0 %, 2398 MHz, 41, 11.82 W
1788702969.612843686,0 %, 2398 MHz, 41, 11.82 W
1788702969.713065512,0 %, 2398 MHz, 41, 11.82 W
1788702969.813658026,0 %, 2398 MHz, 41, 11.81 W
1788702969.914974541,0 %, 2398 MHz, 41, 11.81 W
1788702970.014338845,0 %, 2398 MHz, 41, 11.81 W
1788702970.115413888,0 %, 2398 MHz, 41, 11.81 W
1788702970.215525425,0 %, 2398 MHz, 41, 11.81 W
1788702970.315937859,0 %, 2398 MHz, 41, 11.81 W
1788702970.417284199,0 %, 2398 MHz, 41, 11.81 W
1788702970.516518982,0 %, 2398 MHz, 41, 11.81 W
1788702970.616255270,0 %, 2398 MHz, 41, 11.81 W
1788702970.716231159,0 %, 2398 MHz, 41, 11.81 W
1788702970.817830012,0 %, 2398 MHz, 41, 11.84 W
1788702970.919249215,0 %, 2398 MHz, 41, 11.84 W
1788702971.019073408,0 %, 2398 MHz, 41, 11.84 W
1788702971.119999763,0 %, 2398 MHz, 41, 11.84 W
1788702971.220599173,0 %, 2398 MHz, 41, 11.84 W
1788702971.321133639,0 %, 2398 MHz, 41, 11.87 W
1788702971.421640569,0 %, 2398 MHz, 41, 11.87 W
1788702971.522186140,0 %, 2398 MHz, 41, 11.87 W
1788702971.623064334,0 %, 2398 MHz, 41, 11.87 W
1788702971.724040753,0 %, 2398 MHz, 41, 11.87 W
1788702971.824770740,0 %, 2398 MHz, 41, 11.87 W
1788702971.924940085,0 %, 2398 MHz, 41, 11.87 W
1788702972.025679560,0 %, 2398 MHz, 41, 11.87 W
1788702972.126192474,0 %, 2398 MHz, 41, 11.87 W
1788702972.227162397,0 %, 2398 MHz, 41, 11.87 W
1788702972.327758319,0 %, 2398 MHz, 41, 11.88 W
1788702972.428607074,0 %, 2398 MHz, 41, 11.88 W
1788702972.530289671,0 %, 2398 MHz, 41, 11.88 W
1788702972.630024951,0 %, 2398 MHz, 41, 11.88 W
1788702972.729754120,0 %, 2398 MHz, 41, 11.88 W
1788702972.829594776,0 %, 2398 MHz, 41, 11.88 W
1788702972.930054634,0 %, 2398 MHz, 41, 11.88 W
1788702973.030941485,0 %, 2398 MHz, 41, 11.88 W
1788702973.131809904,0 %, 2398 MHz, 41, 11.88 W
1788702973.232806483,0 %, 2398 MHz, 41, 11.88 W
1788702973.333271717,0 %, 2398 MHz, 41, 11.88 W
1788702973.433880456,0 %, 2398 MHz, 41, 11.88 W
1788702973.534734939,0 %, 2398 MHz, 41, 11.88 W
1788702973.635661230,0 %, 2398 MHz, 41, 11.88 W
1788702973.736211904,0 %, 2398 MHz, 41, 11.88 W
1788702973.836232561,0 %, 2398 MHz, 41, 11.87 W
1788702973.937324853,0 %, 2398 MHz, 41, 11.87 W
1788702974.037771927,0 %, 2398 MHz, 41, 11.87 W
1788702974.137461399,0 %, 2398 MHz, 41, 11.87 W
1788702974.237159688,0 %, 2398 MHz, 41, 11.87 W
1788702974.337621434,0 %, 2398 MHz, 41, 11.88 W
1788702974.439073854,0 %, 2398 MHz, 41, 11.88 W
1788702974.539033455,0 %, 2398 MHz, 41, 11.88 W
1788702974.639566977,0 %, 2398 MHz, 41, 11.88 W
1788702974.739921363,0 %, 2398 MHz, 41, 11.88 W
1788702974.840376629,0 %, 2398 MHz, 41, 11.90 W
1788702974.940830760,0 %, 2398 MHz, 41, 11.90 W
1788702975.041781755,0 %, 2398 MHz, 41, 11.90 W
1788702975.141922428,0 %, 2398 MHz, 41, 11.90 W
1788702975.242687951,0 %, 2398 MHz, 41, 11.90 W
1788702975.343050369,0 %, 2398 MHz, 41, 11.87 W
1788702975.443814036,0 %, 2398 MHz, 41, 11.87 W
1788702975.544235958,0 %, 2398 MHz, 41, 11.87 W
1788702975.644598328,0 %, 2398 MHz, 41, 11.87 W
1788702975.745058858,0 %, 2398 MHz, 41, 11.87 W
1788702975.845793613,0 %, 2398 MHz, 41, 11.84 W
1788702975.946170527,0 %, 2398 MHz, 41, 11.84 W
1788702976.046610417,0 %, 2398 MHz, 41, 11.84 W
1788702976.147352916,0 %, 2398 MHz, 41, 11.84 W
1788702976.247715926,0 %, 2398 MHz, 41, 11.84 W
1788702976.348277656,0 %, 2398 MHz, 41, 11.86 W
1788702976.449061019,0 %, 2398 MHz, 41, 11.86 W
1788702976.549776702,0 %, 2398 MHz, 41, 11.86 W
1788702976.650055968,0 %, 2398 MHz, 41, 11.86 W
1788702976.750872195,0 %, 2398 MHz, 41, 11.86 W
1788702976.850978484,0 %, 2398 MHz, 41, 11.85 W
1788702976.951349718,0 %, 2398 MHz, 41, 11.85 W
1788702977.052124169,0 %, 2398 MHz, 41, 11.85 W
1788702977.152765900,0 %, 2398 MHz, 41, 11.85 W
1788702977.253169406,0 %, 2398 MHz, 41, 11.81 W
1788702977.353669376,0 %, 2398 MHz, 41, 11.81 W
1788702977.454075107,0 %, 2398 MHz, 41, 11.81 W
1788702977.554455045,0 %, 2398 MHz, 41, 11.81 W
1788702977.655836457,0 %, 2398 MHz, 41, 11.81 W
1788702977.755975387,0 %, 2398 MHz, 41, 11.79 W
1788702977.856249196,0 %, 2398 MHz, 41, 11.79 W
1788702977.956771087,0 %, 2398 MHz, 41, 11.79 W
1788702978.057150769,0 %, 2398 MHz, 41, 11.79 W
1788702978.157486371,0 %, 2398 MHz, 41, 11.79 W
1788702978.258337334,0 %, 2398 MHz, 41, 11.80 W
1788702978.358686040,0 %, 2398 MHz, 41, 11.80 W
1788702978.459204283,0 %, 2398 MHz, 41, 11.80 W
1788702978.560257310,0 %, 2398 MHz, 41, 11.80 W
1788702978.660805489,0 %, 2398 MHz, 41, 11.80 W
1788702978.761038723,0 %, 2398 MHz, 41, 11.84 W
1788702978.861820022,0 %, 2398 MHz, 41, 11.84 W
1788702978.963300554,0 %, 2398 MHz, 41, 11.84 W
1788702979.062271834,0 %, 2398 MHz, 41, 11.84 W
1788702979.163622574,0 %, 2398 MHz, 41, 11.84 W
1788702979.263811024,0 %, 2398 MHz, 41, 11.86 W
1788702979.364086770,0 %, 2398 MHz, 41, 11.86 W
1788702979.464633348,0 %, 2398 MHz, 41, 11.86 W
1788702979.564965990,0 %, 2398 MHz, 41, 11.86 W
1788702979.665367625,0 %, 2398 MHz, 41, 11.86 W
1788702979.766177484,0 %, 2398 MHz, 41, 11.86 W
1788702979.866792719,0 %, 2398 MHz, 41, 11.86 W
1788702979.966948720,0 %, 2398 MHz, 41, 11.86 W
1788702980.067886052,0 %, 2398 MHz, 41, 11.86 W
1788702980.168291334,0 %, 2398 MHz, 41, 11.86 W
1788702980.269311434,0 %, 2398 MHz, 41, 11.86 W
1788702980.369773036,0 %, 2398 MHz, 41, 11.86 W
1788702980.469848062,0 %, 2398 MHz, 41, 11.86 W
1788702980.570651809,0 %, 2398 MHz, 41, 11.86 W
1788702980.671026979,0 %, 2398 MHz, 41, 11.86 W
1788702980.771418502,0 %, 2398 MHz, 41, 11.86 W
1788702980.872208713,0 %, 2398 MHz, 41, 11.86 W
1788702980.972618731,0 %, 2398 MHz, 41, 11.86 W
1788702981.073003085,0 %, 2398 MHz, 41, 11.86 W
1788702981.173788065,0 %, 2398 MHz, 41, 11.86 W
1788702981.274171315,0 %, 2398 MHz, 41, 11.84 W
1788702981.374575733,0 %, 2398 MHz, 41, 11.84 W
1788702981.475361961,0 %, 2398 MHz, 41, 11.84 W
1788702981.575720891,0 %, 2398 MHz, 41, 11.84 W
1788702981.677249632,0 %, 2398 MHz, 41, 11.84 W
1788702981.776927568,0 %, 2398 MHz, 41, 11.82 W
1788702981.877285427,0 %, 2398 MHz, 41, 11.82 W
1788702981.978039462,0 %, 2398 MHz, 41, 11.82 W
1788702982.078798121,0 %, 2398 MHz, 41, 11.82 W
1788702982.179151771,0 %, 2398 MHz, 41, 11.82 W
1788702982.279265869,0 %, 2398 MHz, 41, 11.81 W
1788702982.380314721,0 %, 2398 MHz, 41, 11.81 W
1788702982.480804132,0 %, 2398 MHz, 41, 11.81 W
1788702982.580826293,0 %, 2398 MHz, 41, 11.81 W
1788702982.680967111,0 %, 2398 MHz, 41, 11.81 W
1788702982.781828155,0 %, 2398 MHz, 41, 11.86 W
1788702982.882220125,0 %, 2398 MHz, 41, 11.86 W
1788702982.982256607,0 %, 2398 MHz, 41, 11.86 W
1788702983.082807506,0 %, 2398 MHz, 41, 11.86 W
1788702983.183573829,0 %, 2398 MHz, 41, 11.86 W
1788702983.285341306,0 %, 2398 MHz, 41, 11.89 W
1788702983.384398714,0 %, 2398 MHz, 41, 11.89 W
1788702983.485164957,0 %, 2398 MHz, 41, 11.89 W
1788702983.585802912,0 %, 2398 MHz, 41, 11.89 W
1788702983.687155829,0 %, 2398 MHz, 41, 11.89 W
1788702983.786707141,0 %, 2398 MHz, 41, 11.90 W
1788702983.887094232,0 %, 2398 MHz, 41, 11.90 W
1788702983.987524234,0 %, 2398 MHz, 41, 11.90 W
1788702984.088248814,0 %, 2398 MHz, 41, 11.90 W
1788702984.188611696,0 %, 2398 MHz, 41, 11.90 W
1788702984.289044339,0 %, 2398 MHz, 41, 11.90 W
1788702984.389812166,0 %, 2398 MHz, 41, 11.90 W
1788702984.490182568,0 %, 2398 MHz, 41, 11.90 W
1788702984.590621867,0 %, 2398 MHz, 41, 11.90 W
1788702984.691337294,0 %, 2398 MHz, 41, 11.90 W
1788702984.791733217,0 %, 2398 MHz, 41, 11.87 W
1788702984.892251844,0 %, 2398 MHz, 41, 11.87 W
1788702984.993333896,0 %, 2398 MHz, 41, 11.87 W
1788702985.093418506,0 %, 2398 MHz, 41, 11.87 W
1788702985.193794924,0 %, 2398 MHz, 41, 11.87 W
1788702985.294549295,0 %, 2398 MHz, 41, 11.86 W
1788702985.394908914,0 %, 2398 MHz, 41, 11.86 W
1788702985.495281333,0 %, 2398 MHz, 41, 11.86 W
1788702985.596105560,0 %, 2398 MHz, 41, 11.86 W
1788702985.696790043,0 %, 2398 MHz, 41, 11.86 W
1788702985.797100590,0 %, 2398 MHz, 41, 11.85 W
1788702985.897649905,0 %, 2398 MHz, 41, 11.85 W
1788702985.998030163,0 %, 2398 MHz, 41, 11.85 W
1788702986.098422102,0 %, 2398 MHz, 41, 11.85 W
1788702986.199237241,0 %, 2398 MHz, 41, 11.85 W
1788702986.299873132,0 %, 2398 MHz, 41, 11.83 W
1788702986.399985279,0 %, 2398 MHz, 41, 11.83 W
1788702986.500757074,0 %, 2398 MHz, 41, 11.83 W
1788702986.601145813,0 %, 2398 MHz, 41, 11.83 W
1788702986.701874200,0 %, 2398 MHz, 41, 11.83 W
1788702986.802319323,0 %, 2398 MHz, 41, 11.84 W
1788702986.902149820,0 %, 2398 MHz, 41, 11.84 W
1788702987.003766993,0 %, 2398 MHz, 41, 11.84 W
1788702987.103329010,0 %, 2398 MHz, 41, 11.84 W
1788702987.204824535,0 %, 2398 MHz, 41, 11.84 W
1788702987.304794089,0 %, 2398 MHz, 41, 11.86 W
1788702987.404611115,0 %, 2398 MHz, 41, 11.86 W
1788702987.505019613,0 %, 2398 MHz, 41, 11.86 W
1788702987.605836817,0 %, 2398 MHz, 41, 11.86 W
1788702987.705740307,0 %, 2398 MHz, 41, 11.86 W
1788702987.806777735,0 %, 2398 MHz, 41, 11.87 W
1788702987.906796553,0 %, 2398 MHz, 41, 11.87 W
1788702988.007615676,0 %, 2398 MHz, 41, 11.87 W
1788702988.107982127,0 %, 2398 MHz, 41, 11.87 W
1788702988.208403906,0 %, 2398 MHz, 41, 11.87 W
1788702988.309160613,0 %, 2398 MHz, 41, 11.89 W
1788702988.409817209,0 %, 2398 MHz, 41, 11.89 W
1788702988.509916107,0 %, 2398 MHz, 41, 11.89 W
1788702988.610729294,0 %, 2398 MHz, 41, 11.89 W
1788702988.711081425,0 %, 2398 MHz, 41, 11.89 W
1788702988.811510612,0 %, 2398 MHz, 41, 11.91 W
1788702988.912302327,0 %, 2398 MHz, 41, 11.91 W
1788702989.012631290,0 %, 2398 MHz, 41, 11.91 W
1788702989.113042909,0 %, 2398 MHz, 41, 11.91 W
1788702989.213850017,0 %, 2398 MHz, 41, 11.91 W
1788702989.314195011,0 %, 2398 MHz, 41, 11.93 W
1788702989.414597606,0 %, 2398 MHz, 41, 11.93 W
1788702989.515816555,0 %, 2398 MHz, 41, 11.93 W
1788702989.615928269,0 %, 2398 MHz, 41, 11.93 W
1788702989.716286512,0 %, 2398 MHz, 41, 11.93 W
1788702989.817050339,0 %, 2398 MHz, 41, 11.94 W
1788702989.917795015,0 %, 2398 MHz, 41, 11.94 W
1788702990.018100697,0 %, 2398 MHz, 41, 11.94 W
1788702990.118615197,0 %, 2398 MHz, 41, 11.94 W
1788702990.218960127,0 %, 2398 MHz, 41, 11.94 W
1788702990.319353922,0 %, 2398 MHz, 41, 11.91 W
1788702990.420135286,0 %, 2398 MHz, 41, 11.91 W
1788702990.520515849,0 %, 2398 MHz, 41, 11.91 W
1788702990.620913676,0 %, 2398 MHz, 41, 11.91 W
1788702990.721726639,0 %, 2398 MHz, 41, 11.91 W
1788702990.822042290,0 %, 2398 MHz, 41, 11.90 W
1788702990.922792662,0 %, 2398 MHz, 41, 11.90 W
1788702991.023239641,0 %, 2398 MHz, 41, 11.90 W
1788702991.123611995,0 %, 2398 MHz, 41, 11.90 W
1788702991.224007518,0 %, 2398 MHz, 41, 11.90 W
1788702991.324292529,0 %, 2398 MHz, 41, 11.91 W
1788702991.425034181,0 %, 2398 MHz, 41, 11.91 W
1788702991.525807496,0 %, 2398 MHz, 41, 11.91 W
1788702991.625073657,0 %, 2398 MHz, 41, 11.91 W
1788702991.725049147,0 %, 2398 MHz, 41, 11.91 W
1788702991.825494654,0 %, 2398 MHz, 41, 11.93 W
1788702991.926327058,0 %, 2398 MHz, 41, 11.93 W
1788702992.028024024,0 %, 2398 MHz, 41, 11.93 W
1788702992.127794473,0 %, 2398 MHz, 41, 11.93 W
1788702992.228414509,0 %, 2398 MHz, 41, 11.93 W
1788702992.328649791,0 %, 2398 MHz, 41, 11.92 W
1788702992.429005010,0 %, 2398 MHz, 41, 11.92 W
1788702992.529431605,0 %, 2398 MHz, 41, 11.92 W
1788702992.630248937,0 %, 2398 MHz, 41, 11.92 W
1788702992.730614444,0 %, 2398 MHz, 41, 11.92 W
1788702992.831004591,0 %, 2398 MHz, 41, 11.90 W
1788702992.931054497,0 %, 2398 MHz, 41, 11.90 W
1788702993.031331268,0 %, 2398 MHz, 41, 11.90 W
1788702993.131180582,0 %, 2398 MHz, 41, 11.90 W
1788702993.231418569,0 %, 2398 MHz, 41, 11.90 W
1788702993.331961276,0 %, 2398 MHz, 41, 11.90 W
1788702993.432703424,0 %, 2398 MHz, 41, 11.90 W
1788702993.533084675,0 %, 2398 MHz, 41, 11.90 W
1788702993.633802838,0 %, 2398 MHz, 41, 11.90 W
1788702993.734263242,0 %, 2398 MHz, 41, 11.90 W
1788702993.834646253,0 %, 2398 MHz, 41, 11.91 W
1788702993.935037440,0 %, 2398 MHz, 41, 11.91 W
1788702994.035811651,0 %, 2398 MHz, 41, 11.91 W
1788702994.136213927,0 %, 2398 MHz, 41, 11.91 W
1788702994.236537769,0 %, 2398 MHz, 41, 11.91 W
1788702994.336926924,0 %, 2398 MHz, 41, 11.89 W
1788702994.437678672,0 %, 2398 MHz, 41, 11.89 W
1788702994.538077891,0 %, 2398 MHz, 41, 11.89 W
1788702994.638453414,0 %, 2398 MHz, 41, 11.89 W
1788702994.739214074,0 %, 2398 MHz, 41, 11.89 W
1788702994.839608253,0 %, 2398 MHz, 41, 11.89 W
1788702994.940247665,0 %, 2398 MHz, 41, 11.89 W
1788702995.040757188,0 %, 2398 MHz, 41, 11.89 W
1788702995.141146903,0 %, 2398 MHz, 41, 11.89 W
1788702995.241542075,0 %, 2398 MHz, 41, 11.89 W
1788702995.342293006,0 %, 2398 MHz, 41, 11.90 W
1788702995.442528785,0 %, 2398 MHz, 41, 11.90 W
1788702995.543072997,0 %, 2398 MHz, 41, 11.90 W
1788702995.643884665,0 %, 2398 MHz, 41, 11.90 W
1788702995.744788813,0 %, 2398 MHz, 41, 11.90 W
1788702995.845053168,0 %, 2398 MHz, 41, 11.88 W
1788702995.945835028,0 %, 2398 MHz, 41, 11.88 W
1788702996.045974006,0 %, 2398 MHz, 41, 11.88 W
1788702996.146305705,0 %, 2398 MHz, 41, 11.88 W
1788702996.247038957,0 %, 2398 MHz, 41, 11.88 W
1788702996.347783377,0 %, 2398 MHz, 41, 11.86 W
1788702996.448115732,0 %, 2398 MHz, 41, 11.86 W
1788702996.548618264,0 %, 2398 MHz, 41, 11.86 W
1788702996.648993419,0 %, 2398 MHz, 41, 11.86 W
1788702996.749793231,0 %, 2398 MHz, 41, 11.86 W
1788702996.850150210,0 %, 2398 MHz, 41, 11.87 W
1788702996.950817078,0 %, 2398 MHz, 41, 11.87 W
1788702997.050982729,0 %, 2398 MHz, 41, 11.87 W
1788702997.151720189,0 %, 2398 MHz, 41, 11.87 W
1788702997.252081440,0 %, 2398 MHz, 41, 11.87 W
1788702997.352511235,0 %, 2398 MHz, 41, 11.85 W
1788702997.453244615,0 %, 2398 MHz, 41, 11.85 W
1788702997.553615978,0 %, 2398 MHz, 41, 11.85 W
1788702997.653702413,0 %, 2398 MHz, 41, 11.85 W
1788702997.754303664,0 %, 2398 MHz, 41, 11.85 W
1788702997.854928180,0 %, 2398 MHz, 41, 11.84 W
1788702997.955782264,0 %, 2398 MHz, 41, 11.84 W
1788702998.055824331,0 %, 2398 MHz, 41, 11.84 W
1788702998.156599503,0 %, 2398 MHz, 41, 11.84 W
1788702998.256973250,0 %, 2398 MHz, 41, 11.83 W
1788702998.357777318,0 %, 2398 MHz, 41, 11.83 W
1788702998.458163754,0 %, 2398 MHz, 41, 11.83 W
1788702998.558810030,0 %, 2398 MHz, 41, 11.83 W
1788702998.658983024,0 %, 2398 MHz, 41, 11.83 W
1788702998.759732548,0 %, 2398 MHz, 41, 11.85 W
1788702998.860081000,0 %, 2398 MHz, 41, 11.85 W
1788702998.960511467,0 %, 2398 MHz, 41, 11.85 W
1788702999.061060383,0 %, 2398 MHz, 41, 11.85 W
1788702999.160881937,0 %, 2398 MHz, 41, 11.85 W
1788702999.261722677,0 %, 2398 MHz, 41, 11.87 W
1788702999.362041016,0 %, 2398 MHz, 41, 11.87 W
1788702999.462472684,0 %, 2398 MHz, 41, 11.87 W
1788702999.563233280,0 %, 2398 MHz, 41, 11.87 W
1788702999.663607427,0 %, 2398 MHz, 41, 11.87 W
1788702999.764045559,0 %, 2398 MHz, 41, 11.87 W
1788702999.865127179,0 %, 2398 MHz, 41, 11.87 W
1788702999.965152062,0 %, 2398 MHz, 41, 11.87 W
1788703000.065830274,0 %, 2398 MHz, 41, 11.87 W
1788703000.166353734,0 %, 2398 MHz, 41, 11.87 W
1788703000.266712121,0 %, 2398 MHz, 41, 11.88 W
1788703000.367173916,0 %, 2398 MHz, 41, 11.88 W
1788703000.468207073,0 %, 2398 MHz, 41, 11.88 W
1788703000.568786853,0 %, 2398 MHz, 41, 11.88 W
1788703000.669838826,0 %, 2398 MHz, 41, 11.88 W
1788703000.769025627,0 %, 2398 MHz, 41, 11.87 W
1788703000.869110637,0 %, 2398 MHz, 41, 11.87 W
1788703000.968861360,0 %, 2398 MHz, 41, 11.87 W
1788703001.069349667,0 %, 2398 MHz, 41, 11.87 W
1788703001.169813271,0 %, 2398 MHz, 41, 11.87 W
1788703001.271027852,0 %, 2398 MHz, 41, 11.87 W
1788703001.371528320,0 %, 2398 MHz, 41, 11.87 W
1788703001.471915507,0 %, 2398 MHz, 41, 11.87 W
1788703001.572505111,0 %, 2398 MHz, 41, 11.87 W
1788703001.673054331,0 %, 2398 MHz, 41, 11.87 W
1788703001.773605135,0 %, 2398 MHz, 41, 11.85 W
1788703001.874048610,0 %, 2398 MHz, 41, 11.85 W
1788703001.975466024,0 %, 2398 MHz, 41, 11.85 W
1788703002.074814793,0 %, 2398 MHz, 41, 11.85 W
1788703002.175684253,0 %, 2398 MHz, 41, 11.85 W
1788703002.275976129,0 %, 2398 MHz, 41, 11.83 W
1788703002.376486964,0 %, 2398 MHz, 41, 11.83 W
1788703002.477041784,0 %, 2398 MHz, 41, 11.83 W
1788703002.577497500,0 %, 2398 MHz, 41, 11.83 W
1788703002.677897056,0 %, 2398 MHz, 41, 11.83 W
1788703002.778780964,0 %, 2398 MHz, 41, 11.86 W
1788703002.878804071,0 %, 2398 MHz, 41, 11.86 W
1788703002.979050186,0 %, 2398 MHz, 41, 11.86 W
1788703003.079922303,0 %, 2398 MHz, 41, 11.86 W
1788703003.180615619,0 %, 2398 MHz, 41, 11.86 W
1788703003.281053382,0 %, 2398 MHz, 41, 11.85 W
1788703003.381215545,0 %, 2398 MHz, 41, 11.85 W
1788703003.482155070,0 %, 2398 MHz, 41, 11.85 W
1788703003.582368657,0 %, 2398 MHz, 41, 11.85 W
1788703003.682963429,0 %, 2398 MHz, 41, 11.85 W
1788703003.783671946,0 %, 2398 MHz, 41, 11.84 W
1788703003.884098253,0 %, 2398 MHz, 41, 11.84 W
1788703003.984472945,0 %, 2398 MHz, 41, 11.84 W
1788703004.085246965,0 %, 2398 MHz, 41, 11.84 W
1788703004.185843721,0 %, 2398 MHz, 41, 11.84 W
1788703004.286073804,0 %, 2398 MHz, 41, 11.78 W
1788703004.386805233,0 %, 2398 MHz, 41, 11.78 W
1788703004.487241812,0 %, 2398 MHz, 41, 11.78 W
1788703004.587414312,0 %, 2398 MHz, 41, 11.78 W
1788703004.688362796,0 %, 2398 MHz, 41, 11.78 W
1788703004.788756336,0 %, 2398 MHz, 41, 11.74 W
1788703004.888780531,0 %, 2398 MHz, 41, 11.74 W
1788703004.990197977,0 %, 2398 MHz, 41, 11.74 W
1788703005.090328460,0 %, 2398 MHz, 41, 11.74 W
1788703005.190900304,0 %, 2398 MHz, 41, 11.74 W
1788703005.291934533,0 %, 2398 MHz, 41, 11.74 W
1788703005.392062264,0 %, 2398 MHz, 41, 11.74 W
1788703005.492451356,0 %, 2398 MHz, 41, 11.74 W
1788703005.593144640,0 %, 2398 MHz, 41, 11.74 W
1788703005.693512851,0 %, 2398 MHz, 41, 11.74 W
1788703005.793956423,0 %, 2398 MHz, 41, 11.74 W
1788703005.894991116,0 %, 2398 MHz, 41, 11.74 W
1788703005.995082511,0 %, 2398 MHz, 41, 11.74 W
1788703006.095308643,0 %, 2398 MHz, 41, 11.74 W
1788703006.195811575,0 %, 2398 MHz, 41, 11.74 W
1788703006.296609131,0 %, 2398 MHz, 41, 11.76 W
1788703006.397003487,0 %, 2398 MHz, 41, 11.76 W
1788703006.498110804,0 %, 2398 MHz, 41, 11.76 W
1788703006.597992151,0 %, 2398 MHz, 41, 11.76 W
1788703006.698570539,0 %, 2398 MHz, 41, 11.76 W
1788703006.798899486,0 %, 2398 MHz, 41, 11.80 W
1788703006.899760707,0 %, 2398 MHz, 41, 11.80 W
1788703007.000150711,0 %, 2398 MHz, 41, 11.80 W
1788703007.100849371,0 %, 2398 MHz, 41, 11.80 W
1788703007.200849006,0 %, 2398 MHz, 41, 11.80 W
1788703007.301731971,0 %, 2398 MHz, 41, 11.85 W
1788703007.402686552,0 %, 2398 MHz, 41, 11.85 W
1788703007.503010828,0 %, 2398 MHz, 41, 11.85 W
1788703007.603298207,0 %, 2398 MHz, 41, 11.85 W
1788703007.704000852,0 %, 2398 MHz, 41, 11.85 W
1788703007.805410681,0 %, 2398 MHz, 41, 11.86 W
1788703007.904907803,0 %, 2398 MHz, 41, 11.86 W
1788703008.005962897,0 %, 2398 MHz, 41, 11.86 W
1788703008.106063412,0 %, 2398 MHz, 41, 11.86 W
1788703008.206439415,0 %, 2398 MHz, 41, 11.86 W
1788703008.306811595,0 %, 2398 MHz, 41, 11.82 W
1788703008.407387792,0 %, 2398 MHz, 41, 11.82 W
1788703008.507996132,0 %, 2398 MHz, 41, 11.82 W
1788703008.608815048,0 %, 2398 MHz, 41, 11.82 W
1788703008.710123790,0 %, 2398 MHz, 41, 11.82 W
1788703008.809534192,0 %, 2398 MHz, 41, 11.76 W
1788703008.909857268,0 %, 2398 MHz, 41, 11.76 W
1788703009.010498072,0 %, 2398 MHz, 41, 11.76 W
1788703009.111012524,0 %, 2398 MHz, 41, 11.76 W
1788703009.211820641,0 %, 2398 MHz, 41, 11.76 W
1788703009.311786900,0 %, 2398 MHz, 41, 11.75 W
1788703009.412641225,0 %, 2398 MHz, 41, 11.75 W
1788703009.513375405,0 %, 2398 MHz, 41, 11.75 W
1788703009.613832033,0 %, 2398 MHz, 41, 11.75 W
1788703009.714216933,0 %, 2398 MHz, 41, 11.75 W
1788703009.814921290,0 %, 2398 MHz, 41, 11.77 W
1788703009.915355022,0 %, 2398 MHz, 41, 11.77 W
1788703010.015781602,0 %, 2398 MHz, 41, 11.77 W
1788703010.116886215,0 %, 2398 MHz, 41, 11.77 W
1788703010.216779226,0 %, 2398 MHz, 41, 11.77 W
1788703010.317486527,0 %, 2398 MHz, 41, 11.80 W
1788703010.418183619,0 %, 2398 MHz, 41, 11.80 W
1788703010.518367127,0 %, 2398 MHz, 41, 11.80 W
1788703010.618939227,0 %, 2398 MHz, 41, 11.80 W
1788703010.719725872,0 %, 2398 MHz, 41, 11.80 W
1788703010.819771203,0 %, 2398 MHz, 41, 11.81 W
1788703010.919889206,0 %, 2398 MHz, 41, 11.81 W
1788703011.021196780,0 %, 2398 MHz, 41, 11.81 W
1788703011.121442128,0 %, 2398 MHz, 41, 11.81 W
1788703011.222058132,0 %, 2398 MHz, 41, 11.81 W
1788703011.323049369,0 %, 2398 MHz, 40, 11.80 W
1788703011.423027565,0 %, 2398 MHz, 40, 11.80 W
1788703011.523572657,0 %, 2398 MHz, 40, 11.80 W
1788703011.624634086,0 %, 2398 MHz, 40, 11.80 W
1788703011.724750346,0 %, 2398 MHz, 40, 11.80 W
1788703011.825047869,0 %, 2398 MHz, 40, 11.76 W
1788703011.925484642,0 %, 2398 MHz, 40, 11.76 W
1788703012.025877365,0 %, 2398 MHz, 40, 11.76 W
1788703012.126811643,0 %, 2398 MHz, 40, 11.76 W
1788703012.227742528,0 %, 2398 MHz, 40, 11.76 W
1788703012.327884691,0 %, 2398 MHz, 41, 11.77 W
1788703012.428999081,0 %, 2398 MHz, 41, 11.77 W
1788703012.529040412,0 %, 2398 MHz, 41, 11.77 W
1788703012.629418976,0 %, 2398 MHz, 41, 11.77 W
1788703012.729954005,0 %, 2398 MHz, 41, 11.77 W
1788703012.830991690,0 %, 2398 MHz, 41, 11.81 W
1788703012.930981373,0 %, 2398 MHz, 41, 11.81 W
1788703013.031721378,0 %, 2398 MHz, 41, 11.81 W
1788703013.131353364,0 %, 2398 MHz, 41, 11.81 W
1788703013.233459068,0 %, 2398 MHz, 41, 11.81 W
1788703013.333018606,0 %, 2398 MHz, 40, 11.82 W
1788703013.432461392,0 %, 2398 MHz, 40, 11.82 W
1788703013.532215107,0 %, 2398 MHz, 40, 11.82 W
1788703013.634330219,0 %, 2398 MHz, 40, 11.82 W
1788703013.734585391,0 %, 2398 MHz, 40, 11.82 W
1788703013.835012291,0 %, 2398 MHz, 41, 11.82 W
1788703013.935730264,0 %, 2398 MHz, 41, 11.82 W
1788703014.036008668,0 %, 2398 MHz, 41, 11.82 W
1788703014.136800688,0 %, 2398 MHz, 41, 11.82 W
1788703014.236850180,0 %, 2398 MHz, 41, 11.82 W
1788703014.337496249,0 %, 2398 MHz, 41, 11.81 W
1788703014.438006509,0 %, 2398 MHz, 41, 11.81 W
1788703014.538850578,0 %, 2398 MHz, 41, 11.81 W
1788703014.638796581,0 %, 2398 MHz, 41, 11.81 W
1788703014.739631674,0 %, 2398 MHz, 41, 11.81 W
1788703014.840350479,0 %, 2398 MHz, 41, 11.79 W
1788703014.940789107,0 %, 2398 MHz, 41, 11.79 W
1788703015.041256536,0 %, 2398 MHz, 41, 11.79 W
1788703015.141908028,0 %, 2398 MHz, 41, 11.79 W
1788703015.242360033,0 %, 2398 MHz, 41, 11.79 W
1788703015.342626389,0 %, 2398 MHz, 41, 11.78 W
1788703015.442991273,0 %, 2398 MHz, 41, 11.78 W
1788703015.543747214,0 %, 2398 MHz, 41, 11.78 W
1788703015.644057890,0 %, 2398 MHz, 41, 11.78 W
1788703015.744599654,0 %, 2398 MHz, 41, 11.78 W
1788703015.844830090,0 %, 2398 MHz, 41, 11.75 W
1788703015.945659759,0 %, 2398 MHz, 41, 11.75 W
1788703016.045806851,0 %, 2398 MHz, 41, 11.75 W
1788703016.145984247,0 %, 2398 MHz, 41, 11.75 W
1788703016.246731324,0 %, 2398 MHz, 41, 11.75 W
1788703016.347250080,0 %, 2398 MHz, 41, 11.70 W
1788703016.447402612,0 %, 2398 MHz, 41, 11.70 W
1788703016.548035753,0 %, 2398 MHz, 41, 11.70 W
1788703016.648815182,0 %, 2398 MHz, 41, 11.70 W
1788703016.749069506,0 %, 2398 MHz, 41, 11.70 W
1788703016.849477302,0 %, 2398 MHz, 41, 11.68 W
1788703016.949861386,0 %, 2398 MHz, 41, 11.68 W
1788703017.050895920,0 %, 2398 MHz, 41, 11.68 W
1788703017.150999363,0 %, 2398 MHz, 41, 11.68 W
1788703017.251388168,0 %, 2398 MHz, 41, 11.68 W
1788703017.351769612,0 %, 2398 MHz, 41, 11.72 W
1788703017.452494385,0 %, 2398 MHz, 41, 11.72 W
1788703017.552923685,0 %, 2398 MHz, 41, 11.72 W
1788703017.653440730,0 %, 2398 MHz, 41, 11.72 W
1788703017.754014622,0 %, 2398 MHz, 41, 11.72 W
1788703017.854754292,0 %, 2398 MHz, 41, 11.77 W
1788703017.954788935,0 %, 2398 MHz, 41, 11.77 W
1788703018.055605628,0 %, 2398 MHz, 41, 11.77 W
1788703018.155985313,0 %, 2398 MHz, 41, 11.77 W
1788703018.256764230,0 %, 2398 MHz, 41, 11.77 W
1788703018.356814057,0 %, 2398 MHz, 41, 11.75 W
1788703018.457589086,0 %, 2398 MHz, 41, 11.75 W
1788703018.557924723,0 %, 2398 MHz, 41, 11.75 W
1788703018.658839576,0 %, 2398 MHz, 41, 11.75 W
1788703018.758994556,0 %, 2398 MHz, 41, 11.75 W
1788703018.859665457,0 %, 2398 MHz, 41, 11.75 W
1788703018.960310054,0 %, 2398 MHz, 41, 11.75 W
1788703019.060533274,0 %, 2398 MHz, 41, 11.75 W
1788703019.161569280,0 %, 2398 MHz, 41, 11.75 W
1788703019.261645059,0 %, 2398 MHz, 41, 11.75 W
1788703019.362099048,0 %, 2398 MHz, 41, 11.75 W
1788703019.463134270,0 %, 2398 MHz, 41, 11.75 W
1788703019.563313426,0 %, 2398 MHz, 41, 11.75 W
1788703019.663479269,0 %, 2398 MHz, 41, 11.75 W
1788703019.763823914,0 %, 2398 MHz, 41, 11.77 W
1788703019.864624863,0 %, 2398 MHz, 41, 11.77 W
1788703019.964787011,0 %, 2398 MHz, 41, 11.77 W
1788703020.065917977,0 %, 2398 MHz, 41, 11.77 W
1788703020.165711596,0 %, 2398 MHz, 41, 11.77 W
1788703020.266831874,0 %, 2398 MHz, 41, 11.79 W
1788703020.367007190,0 %, 2398 MHz, 41, 11.79 W
1788703020.468042492,0 %, 2398 MHz, 41, 11.79 W
1788703020.567811359,0 %, 2398 MHz, 41, 11.79 W
1788703020.668830517,0 %, 2398 MHz, 41, 11.79 W
1788703020.769395114,0 %, 2398 MHz, 40, 11.78 W
1788703020.870910496,0 %, 2398 MHz, 40, 11.78 W
1788703020.971095748,0 %, 2398 MHz, 40, 11.78 W
1788703021.072302299,0 %, 2398 MHz, 40, 11.78 W
1788703021.172382318,0 %, 2398 MHz, 40, 11.78 W
1788703021.273520996,0 %, 2398 MHz, 40, 11.78 W
1788703021.374028857,0 %, 2398 MHz, 40, 11.78 W
1788703021.474999839,0 %, 2398 MHz, 40, 11.78 W
1788703021.575550900,0 %, 2398 MHz, 40, 11.78 W
1788703021.676430905,0 %, 2398 MHz, 40, 11.78 W
1788703021.777620079,0 %, 2398 MHz, 41, 11.77 W
1788703021.877916532,0 %, 2398 MHz, 41, 11.77 W
1788703021.978847801,0 %, 2398 MHz, 41, 11.77 W
1788703022.079431950,0 %, 2398 MHz, 41, 11.77 W
1788703022.179923379,0 %, 2398 MHz, 41, 11.77 W
1788703022.280875929,0 %, 2398 MHz, 40, 11.79 W
1788703022.381465982,0 %, 2398 MHz, 40, 11.79 W
1788703022.482039955,0 %, 2398 MHz, 40, 11.79 W
1788703022.583137161,0 %, 2398 MHz, 40, 11.79 W
1788703022.683655982,0 %, 2398 MHz, 40, 11.79 W
1788703022.784218627,0 %, 2398 MHz, 41, 11.80 W
1788703022.885512425,0 %, 2398 MHz, 41, 11.80 W
1788703022.985006124,0 %, 2398 MHz, 41, 11.80 W
1788703023.086261810,0 %, 2398 MHz, 41, 11.80 W
1788703023.187142168,0 %, 2398 MHz, 41, 11.80 W
1788703023.287725517,0 %, 2398 MHz, 41, 11.78 W
1788703023.388580834,0 %, 2398 MHz, 41, 11.78 W
1788703023.489046823,0 %, 2398 MHz, 41, 11.78 W
1788703023.589938317,0 %, 2398 MHz, 41, 11.78 W
1788703023.690460801,0 %, 2398 MHz, 41, 11.78 W
1788703023.791394119,0 %, 2398 MHz, 40, 11.77 W
1788703023.891817132,0 %, 2398 MHz, 40, 11.77 W
1788703023.992654433,0 %, 2398 MHz, 40, 11.77 W
1788703024.093308327,0 %, 2398 MHz, 40, 11.77 W
1788703024.194081420,0 %, 2398 MHz, 40, 11.77 W
1788703024.295305635,0 %, 2398 MHz, 40, 11.78 W
1788703024.395617271,0 %, 2398 MHz, 40, 11.78 W
1788703024.496008476,0 %, 2398 MHz, 40, 11.78 W
1788703024.596862897,0 %, 2398 MHz, 40, 11.78 W
1788703024.698095768,0 %, 2398 MHz, 40, 11.78 W
1788703024.797894523,0 %, 2398 MHz, 41, 11.80 W
1788703024.899177570,0 %, 2398 MHz, 41, 11.80 W
1788703024.999794663,0 %, 2398 MHz, 41, 11.80 W
1788703025.100686236,0 %, 2398 MHz, 41, 11.80 W
1788703025.201283794,0 %, 2398 MHz, 41, 11.80 W
1788703025.302117319,0 %, 2398 MHz, 40, 11.80 W
1788703025.402670284,0 %, 2398 MHz, 40, 11.80 W
1788703025.503566274,0 %, 2398 MHz, 40, 11.80 W
1788703025.604018439,0 %, 2398 MHz, 40, 11.80 W
1788703025.704911469,0 %, 2398 MHz, 40, 11.80 W
1788703025.805017409,0 %, 2398 MHz, 40, 11.82 W
1788703025.906334775,0 %, 2398 MHz, 40, 11.82 W
1788703026.007283229,0 %, 2398 MHz, 40, 11.82 W
1788703026.107845170,0 %, 2398 MHz, 40, 11.82 W
1788703026.208767432,0 %, 2398 MHz, 40, 11.82 W
1788703026.309355501,0 %, 2398 MHz, 40, 11.84 W
1788703026.410038723,0 %, 2398 MHz, 40, 11.84 W
1788703026.510741528,0 %, 2398 MHz, 40, 11.84 W
1788703026.611606254,0 %, 2398 MHz, 40, 11.84 W
1788703026.712860372,0 %, 2398 MHz, 40, 11.84 W
1788703026.813144361,0 %, 2398 MHz, 40, 11.82 W
1788703026.914076207,0 %, 2398 MHz, 40, 11.82 W
1788703027.014601380,0 %, 2398 MHz, 40, 11.82 W
1788703027.115369338,0 %, 2398 MHz, 40, 11.82 W
1788703027.215983359,0 %, 2398 MHz, 40, 11.82 W
1788703027.316880325,0 %, 2398 MHz, 40, 11.83 W
1788703027.417436874,0 %, 2398 MHz, 40, 11.83 W
1788703027.518317776,0 %, 2398 MHz, 40, 11.83 W
1788703027.619529062,0 %, 2398 MHz, 40, 11.83 W
1788703027.719868859,0 %, 2398 MHz, 40, 11.83 W
1788703027.820266464,0 %, 2398 MHz, 40, 11.83 W
1788703027.920688101,0 %, 2398 MHz, 40, 11.83 W
1788703028.021991259,0 %, 2398 MHz, 40, 11.83 W
1788703028.122647377,0 %, 2398 MHz, 40, 11.83 W
1788703028.223567271,0 %, 2398 MHz, 40, 11.83 W
1788703028.323816251,0 %, 2398 MHz, 40, 11.80 W
1788703028.424728849,0 %, 2398 MHz, 40, 11.80 W
1788703028.525473127,0 %, 2398 MHz, 40, 11.80 W
1788703028.626405869,0 %, 2398 MHz, 40, 11.80 W
1788703028.726958514,0 %, 2398 MHz, 40, 11.80 W
1788703028.827458663,0 %, 2398 MHz, 40, 11.80 W
1788703028.928855006,0 %, 2398 MHz, 40, 11.80 W
1788703029.029426771,0 %, 2398 MHz, 40, 11.80 W
1788703029.130049161,0 %, 2398 MHz, 40, 11.80 W
1788703029.230770734,0 %, 2398 MHz, 40, 11.80 W
1788703029.331644708,0 %, 2398 MHz, 40, 11.81 W
1788703029.432252154,0 %, 2398 MHz, 40, 11.81 W
1788703029.533144399,0 %, 2398 MHz, 40, 11.81 W
1788703029.633988373,0 %, 2398 MHz, 40, 11.81 W
1788703029.734608891,0 %, 2398 MHz, 40, 11.81 W
1788703029.835087856,0 %, 2398 MHz, 40, 11.81 W
1788703029.936127878,0 %, 2398 MHz, 40, 11.81 W
1788703030.037020380,0 %, 2398 MHz, 40, 11.81 W
1788703030.137557953,0 %, 2398 MHz, 40, 11.81 W
1788703030.237906358,0 %, 2398 MHz, 40, 11.81 W
1788703030.338945292,0 %, 2398 MHz, 40, 11.82 W
1788703030.439981043,0 %, 2398 MHz, 40, 11.82 W
1788703030.540844345,0 %, 2398 MHz, 40, 11.82 W
1788703030.641413182,0 %, 2398 MHz, 40, 11.82 W
1788703030.741817779,0 %, 2398 MHz, 40, 11.82 W
1788703030.842284456,0 %, 2398 MHz, 40, 11.80 W
1788703030.943671311,0 %, 2398 MHz, 40, 11.80 W
1788703031.044287013,0 %, 2398 MHz, 40, 11.80 W
1788703031.143804568,0 %, 2398 MHz, 40, 11.80 W
1788703031.243779468,0 %, 2398 MHz, 40, 11.80 W
1788703031.343635920,0 %, 2398 MHz, 40, 11.77 W
1788703031.443916388,0 %, 2398 MHz, 40, 11.77 W
1788703031.544222585,0 %, 2398 MHz, 40, 11.77 W
1788703031.645958689,0 %, 2398 MHz, 40, 11.77 W
1788703031.746511430,0 %, 2398 MHz, 40, 11.77 W
1788703031.847421581,0 %, 2398 MHz, 40, 11.79 W
1788703031.947750833,0 %, 2398 MHz, 40, 11.79 W
1788703032.048864968,0 %, 2398 MHz, 40, 11.79 W
1788703032.150033183,0 %, 2398 MHz, 40, 11.79 W
1788703032.250379044,0 %, 2398 MHz, 40, 11.79 W
1788703032.350804089,0 %, 2398 MHz, 40, 11.78 W
1788703032.451791279,0 %, 2398 MHz, 40, 11.78 W
1788703032.552737781,0 %, 2398 MHz, 40, 11.78 W
1788703032.653281995,0 %, 2398 MHz, 40, 11.78 W
1788703032.753991552,0 %, 2398 MHz, 40, 11.78 W
1788703032.854601846,0 %, 2398 MHz, 40, 11.74 W
1788703032.955619468,0 %, 2398 MHz, 40, 11.74 W
1788703033.056514034,0 %, 2398 MHz, 40, 11.74 W
1788703033.157137496,0 %, 2398 MHz, 40, 11.74 W
1788703033.257986078,0 %, 2398 MHz, 40, 11.74 W
1788703033.357773298,0 %, 2398 MHz, 40, 11.76 W
1788703033.458771048,0 %, 2398 MHz, 40, 11.76 W
1788703033.559579278,0 %, 2398 MHz, 40, 11.76 W
1788703033.660136308,0 %, 2398 MHz, 40, 11.76 W
1788703033.759673383,0 %, 2398 MHz, 40, 11.74 W
1788703033.859387643,0 %, 2398 MHz, 40, 11.74 W
1788703033.960670034,0 %, 2398 MHz, 40, 11.74 W
1788703034.061408792,0 %, 2398 MHz, 40, 11.74 W
1788703034.162072477,0 %, 2398 MHz, 40, 11.74 W
1788703034.262782787,0 %, 2398 MHz, 40, 11.71 W
1788703034.363050248,0 %, 2398 MHz, 40, 11.71 W
1788703034.463574893,0 %, 2398 MHz, 40, 11.71 W
1788703034.563227409,0 %, 2398 MHz, 40, 11.71 W
1788703034.664143495,0 %, 2398 MHz, 40, 11.71 W
1788703034.763459690,0 %, 2398 MHz, 41, 11.71 W
1788703034.863771775,0 %, 2398 MHz, 41, 11.71 W
1788703034.965106950,0 %, 2398 MHz, 41, 11.71 W
1788703035.066422781,0 %, 2398 MHz, 41, 11.71 W
1788703035.165921009,0 %, 2398 MHz, 41, 11.71 W
1788703035.266607830,0 %, 2398 MHz, 40, 11.72 W
1788703035.367047564,0 %, 2398 MHz, 40, 11.72 W
1788703035.467673186,0 %, 2398 MHz, 40, 11.72 W
1788703035.567804166,0 %, 2398 MHz, 40, 11.72 W
1788703035.668590988,0 %, 2398 MHz, 40, 11.72 W
1788703035.768981409,0 %, 2398 MHz, 41, 11.73 W
1788703035.869732887,0 %, 2398 MHz, 41, 11.73 W
1788703035.970026556,0 %, 2398 MHz, 41, 11.73 W
1788703036.070354497,0 %, 2398 MHz, 41, 11.73 W
1788703036.170873079,0 %, 2398 MHz, 41, 11.73 W
1788703036.271712429,0 %, 2398 MHz, 41, 11.74 W
1788703036.372126242,0 %, 2398 MHz, 41, 11.74 W
1788703036.472839272,0 %, 2398 MHz, 41, 11.74 W
1788703036.572847677,0 %, 2398 MHz, 41, 11.74 W
1788703036.673652307,0 %, 2398 MHz, 41, 11.74 W
1788703036.774543977,0 %, 2398 MHz, 41, 11.76 W
1788703036.874831118,0 %, 2398 MHz, 41, 11.76 W
1788703036.974798387,0 %, 2398 MHz, 41, 11.76 W
1788703037.076027386,0 %, 2398 MHz, 41, 11.76 W
1788703037.176521471,0 %, 2398 MHz, 41, 11.76 W
1788703037.276920869,0 %, 2398 MHz, 40, 11.76 W
1788703037.377951579,0 %, 2398 MHz, 40, 11.76 W
1788703037.478105488,0 %, 2398 MHz, 40, 11.76 W
1788703037.578430981,0 %, 2398 MHz, 40, 11.76 W
1788703037.678836010,0 %, 2398 MHz, 40, 11.76 W
1788703037.780149698,0 %, 2398 MHz, 41, 11.74 W
1788703037.879967830,0 %, 2398 MHz, 41, 11.74 W
1788703037.980792524,0 %, 2398 MHz, 41, 11.74 W
1788703038.080986289,0 %, 2398 MHz, 41, 11.74 W
1788703038.181524807,0 %, 2398 MHz, 41, 11.74 W
1788703038.282250013,0 %, 2398 MHz, 41, 11.74 W
1788703038.382633458,0 %, 2398 MHz, 41, 11.74 W
1788703038.483057111,0 %, 2398 MHz, 41, 11.74 W
1788703038.584095998,0 %, 2398 MHz, 41, 11.74 W
1788703038.683830786,0 %, 2398 MHz, 41, 11.74 W
1788703038.784594168,0 %, 2398 MHz, 41, 11.78 W
1788703038.885341054,0 %, 2398 MHz, 41, 11.78 W
1788703038.984901234,0 %, 2398 MHz, 41, 11.78 W
1788703039.085974153,0 %, 2398 MHz, 41, 11.78 W
1788703039.186386542,0 %, 2398 MHz, 41, 11.78 W
1788703039.287216405,0 %, 2398 MHz, 40, 11.77 W
1788703039.387930459,0 %, 2398 MHz, 40, 11.77 W
1788703039.488004191,0 %, 2398 MHz, 40, 11.77 W
1788703039.588682213,0 %, 2398 MHz, 40, 11.77 W
1788703039.689014987,0 %, 2398 MHz, 40, 11.77 W
1788703039.789525280,0 %, 2398 MHz, 40, 11.73 W
1788703039.889909974,0 %, 2398 MHz, 40, 11.73 W
1788703039.990227739,0 %, 2398 MHz, 40, 11.73 W
1788703040.091009313,0 %, 2398 MHz, 40, 11.73 W
1788703040.191810791,0 %, 2398 MHz, 40, 11.73 W
1788703040.291811276,0 %, 2398 MHz, 40, 11.70 W
1788703040.392623170,0 %, 2398 MHz, 40, 11.70 W
1788703040.493356697,0 %, 2398 MHz, 40, 11.70 W
1788703040.593770702,0 %, 2398 MHz, 40, 11.70 W
1788703040.693818835,0 %, 2398 MHz, 40, 11.70 W
1788703040.794903658,0 %, 2398 MHz, 40, 11.72 W
1788703040.895166959,0 %, 2398 MHz, 40, 11.72 W
1788703040.995871061,0 %, 2398 MHz, 40, 11.72 W
1788703041.096590155,0 %, 2398 MHz, 40, 11.72 W
1788703041.196988993,0 %, 2398 MHz, 40, 11.72 W
1788703041.297407926,0 %, 2398 MHz, 40, 11.77 W
1788703041.397807196,0 %, 2398 MHz, 40, 11.77 W
1788703041.499507252,0 %, 2398 MHz, 40, 11.77 W
1788703041.598756663,0 %, 2398 MHz, 40, 11.77 W
1788703041.700001374,0 %, 2398 MHz, 40, 11.77 W
1788703041.800001011,0 %, 2398 MHz, 40, 11.75 W
1788703041.900755769,0 %, 2398 MHz, 40, 11.75 W
1788703042.001246703,0 %, 2398 MHz, 40, 11.75 W
1788703042.101240804,0 %, 2398 MHz, 40, 11.75 W
1788703042.202011274,0 %, 2398 MHz, 40, 11.75 W
1788703042.302761488,0 %, 2398 MHz, 40, 11.74 W
1788703042.403222694,0 %, 2398 MHz, 40, 11.74 W
1788703042.503567883,0 %, 2398 MHz, 40, 11.74 W
1788703042.604311474,0 %, 2398 MHz, 40, 11.74 W
1788703042.704801736,0 %, 2398 MHz, 40, 11.74 W
1788703042.805054253,0 %, 2398 MHz, 40, 11.73 W
1788703042.905892323,0 %, 2398 MHz, 40, 11.73 W
1788703043.006288793,0 %, 2398 MHz, 40, 11.73 W
1788703043.106718062,0 %, 2398 MHz, 40, 11.73 W
1788703043.207417301,0 %, 2398 MHz, 40, 11.73 W
1788703043.308001883,0 %, 2398 MHz, 40, 11.72 W
1788703043.409023394,0 %, 2398 MHz, 40, 11.72 W
1788703043.509019782,0 %, 2398 MHz, 40, 11.72 W
1788703043.609509532,0 %, 2398 MHz, 40, 11.72 W
1788703043.709954834,0 %, 2398 MHz, 40, 11.72 W
1788703043.810957529,0 %, 2398 MHz, 40, 11.74 W
1788703043.911050382,0 %, 2398 MHz, 40, 11.74 W
1788703044.011267459,0 %, 2398 MHz, 40, 11.74 W
1788703044.111810697,0 %, 2398 MHz, 40, 11.74 W
1788703044.212575695,0 %, 2398 MHz, 40, 11.74 W
1788703044.313032293,0 %, 2398 MHz, 40, 11.74 W
1788703044.413685691,0 %, 2398 MHz, 40, 11.74 W
1788703044.514040801,0 %, 2398 MHz, 40, 11.74 W
1788703044.614532007,0 %, 2398 MHz, 40, 11.74 W
1788703044.714884332,0 %, 2398 MHz, 40, 11.74 W
1788703044.815711011,0 %, 2398 MHz, 40, 11.72 W
1788703044.916034392,0 %, 2398 MHz, 40, 11.72 W
1788703045.016840063,0 %, 2398 MHz, 40, 11.72 W
1788703045.117267253,0 %, 2398 MHz, 40, 11.72 W
1788703045.217659578,0 %, 2398 MHz, 40, 11.72 W
1788703045.318373937,0 %, 2398 MHz, 40, 11.73 W
1788703045.418805399,0 %, 2398 MHz, 40, 11.73 W
1788703045.518814395,0 %, 2398 MHz, 40, 11.73 W
1788703045.620003843,0 %, 2398 MHz, 40, 11.73 W
1788703045.720510793,0 %, 2398 MHz, 40, 11.73 W
1788703045.820905438,0 %, 2398 MHz, 40, 11.74 W
1788703045.921929670,0 %, 2398 MHz, 40, 11.74 W
1788703046.022059963,0 %, 2398 MHz, 40, 11.74 W
1788703046.122440304,0 %, 2398 MHz, 40, 11.74 W
1788703046.223203127,0 %, 2398 MHz, 40, 11.74 W
1788703046.323537613,0 %, 2398 MHz, 40, 11.76 W
1788703046.423957714,0 %, 2398 MHz, 40, 11.76 W
1788703046.524592697,0 %, 2398 MHz, 40, 11.76 W
1788703046.624718670,0 %, 2398 MHz, 40, 11.76 W
1788703046.725507956,0 %, 2398 MHz, 40, 11.76 W
1788703046.825853930,0 %, 2398 MHz, 40, 11.78 W
1788703046.926236528,0 %, 2398 MHz, 40, 11.78 W
1788703047.026641830,0 %, 2398 MHz, 40, 11.78 W
1788703047.127828685,0 %, 2398 MHz, 40, 11.78 W
1788703047.228233075,0 %, 2398 MHz, 40, 11.78 W
1788703047.328670761,0 %, 2398 MHz, 40, 11.76 W
1788703047.429401439,0 %, 2398 MHz, 40, 11.76 W
1788703047.529772597,0 %, 2398 MHz, 40, 11.76 W
1788703047.630061722,0 %, 2398 MHz, 40, 11.76 W
1788703047.731126322,0 %, 2398 MHz, 40, 11.76 W
1788703047.831508375,0 %, 2398 MHz, 40, 11.73 W
1788703047.931889373,0 %, 2398 MHz, 40, 11.73 W
1788703048.032501428,0 %, 2398 MHz, 40, 11.73 W
1788703048.133079482,0 %, 2398 MHz, 40, 11.73 W
1788703048.234103393,0 %, 2398 MHz, 40, 11.73 W
1788703048.334231942,0 %, 2398 MHz, 40, 11.74 W
1788703048.434635036,0 %, 2398 MHz, 40, 11.74 W
1788703048.534972962,0 %, 2398 MHz, 40, 11.74 W
1788703048.635770472,0 %, 2398 MHz, 40, 11.74 W
1788703048.736198014,0 %, 2398 MHz, 40, 11.74 W
1788703048.837182485,0 %, 2398 MHz, 40, 11.74 W
1788703048.937287275,0 %, 2398 MHz, 40, 11.74 W
1788703049.037534288,0 %, 2398 MHz, 40, 11.74 W
1788703049.138070614,0 %, 2398 MHz, 40, 11.74 W
1788703049.238794173,0 %, 2398 MHz, 40, 11.74 W
1788703049.339208803,0 %, 2398 MHz, 40, 11.75 W
1788703049.439586201,0 %, 2398 MHz, 40, 11.75 W
1788703049.540376512,0 %, 2398 MHz, 40, 11.75 W
1788703049.640749013,0 %, 2398 MHz, 40, 11.75 W
1788703049.741028891,0 %, 2398 MHz, 40, 11.75 W
1788703049.841903650,0 %, 2398 MHz, 40, 11.76 W
1788703049.942303208,0 %, 2398 MHz, 40, 11.76 W
1788703050.042526381,0 %, 2398 MHz, 40, 11.76 W
1788703050.143418964,0 %, 2398 MHz, 40, 11.76 W
1788703050.243783530,0 %, 2398 MHz, 40, 11.76 W
1788703050.344249184,0 %, 2398 MHz, 40, 11.76 W
1788703050.445008519,0 %, 2398 MHz, 40, 11.76 W
1788703050.545413837,0 %, 2398 MHz, 40, 11.76 W
1788703050.645712211,0 %, 2398 MHz, 40, 11.76 W
1788703050.746008585,0 %, 2398 MHz, 40, 11.76 W
1788703050.846857039,0 %, 2398 MHz, 40, 11.76 W
1788703050.947242133,0 %, 2398 MHz, 40, 11.76 W
1788703051.047446923,0 %, 2398 MHz, 40, 11.76 W
1788703051.148370082,0 %, 2398 MHz, 40, 11.76 W
1788703051.248790120,0 %, 2398 MHz, 40, 11.76 W
1788703051.349065838,0 %, 2398 MHz, 40, 11.74 W
1788703051.449871109,0 %, 2398 MHz, 40, 11.74 W
1788703051.550325659,0 %, 2398 MHz, 40, 11.74 W
1788703051.650872161,0 %, 2398 MHz, 40, 11.74 W
1788703051.751607592,0 %, 2398 MHz, 40, 11.74 W
1788703051.851103260,0 %, 2398 MHz, 40, 11.73 W
1788703051.951207025,0 %, 2398 MHz, 40, 11.73 W
1788703052.051325671,0 %, 2398 MHz, 40, 11.73 W
1788703052.151682653,0 %, 2398 MHz, 40, 11.73 W
1788703052.252795876,0 %, 2398 MHz, 40, 11.73 W
1788703052.353129194,0 %, 2398 MHz, 40, 11.72 W
1788703052.453846433,0 %, 2398 MHz, 40, 11.72 W
1788703052.553809814,0 %, 2398 MHz, 40, 11.72 W
1788703052.654894637,0 %, 2398 MHz, 40, 11.72 W
1788703052.755524276,0 %, 2398 MHz, 40, 11.72 W
1788703052.855770442,0 %, 2398 MHz, 40, 11.71 W
1788703052.956050479,0 %, 2398 MHz, 40, 11.71 W
1788703053.056921159,0 %, 2398 MHz, 40, 11.71 W
1788703053.157335565,0 %, 2398 MHz, 40, 11.71 W
1788703053.257747379,0 %, 2398 MHz, 40, 11.71 W
1788703053.358423513,0 %, 2398 MHz, 40, 11.70 W
1788703053.459021344,0 %, 2398 MHz, 40, 11.70 W
1788703053.560020119,0 %, 2398 MHz, 40, 11.70 W
1788703053.660025885,0 %, 2398 MHz, 40, 11.70 W
1788703053.761431829,0 %, 2398 MHz, 40, 11.70 W
1788703053.860932649,0 %, 2398 MHz, 40, 11.70 W
1788703053.961989472,0 %, 2398 MHz, 40, 11.70 W
1788703054.060803827,0 %, 2398 MHz, 40, 11.70 W
1788703054.161216233,0 %, 2398 MHz, 40, 11.70 W
1788703054.260988494,0 %, 2398 MHz, 40, 11.71 W
1788703054.362624487,0 %, 2398 MHz, 40, 11.71 W
1788703054.463523486,0 %, 2398 MHz, 40, 11.71 W
1788703054.564093637,0 %, 2398 MHz, 40, 11.71 W
1788703054.664962716,0 %, 2398 MHz, 40, 11.71 W
1788703054.765537234,0 %, 2398 MHz, 40, 11.72 W
1788703054.866459434,0 %, 2398 MHz, 40, 11.72 W
1788703054.967021600,0 %, 2398 MHz, 40, 11.72 W
1788703055.067869863,0 %, 2398 MHz, 40, 11.72 W
1788703055.168373262,0 %, 2398 MHz, 40, 11.72 W
1788703055.269434277,0 %, 2398 MHz, 40, 11.75 W
1788703055.369907516,0 %, 2398 MHz, 40, 11.75 W
1788703055.470916371,0 %, 2398 MHz, 40, 11.75 W
1788703055.571825146,0 %, 2398 MHz, 40, 11.75 W
1788703055.673037554,0 %, 2398 MHz, 40, 11.75 W
1788703055.773043656,0 %, 2398 MHz, 40, 11.77 W
1788703055.873725710,0 %, 2398 MHz, 40, 11.77 W
1788703055.974553366,0 %, 2398 MHz, 40, 11.77 W
1788703056.075005772,0 %, 2398 MHz, 40, 11.77 W
1788703056.175470018,0 %, 2398 MHz, 40, 11.77 W
1788703056.276485482,0 %, 2398 MHz, 40, 11.73 W
1788703056.377381201,0 %, 2398 MHz, 40, 11.73 W
1788703056.477872408,0 %, 2398 MHz, 40, 11.73 W
1788703056.578888319,0 %, 2398 MHz, 40, 11.73 W
1788703056.679532470,0 %, 2398 MHz, 40, 11.73 W
1788703056.780122092,0 %, 2398 MHz, 40, 11.73 W
1788703056.881036532,0 %, 2398 MHz, 40, 11.73 W
1788703056.981451530,0 %, 2398 MHz, 40, 11.73 W
1788703057.082488146,0 %, 2398 MHz, 40, 11.73 W
1788703057.183105705,0 %, 2398 MHz, 40, 11.73 W
1788703057.283989504,0 %, 2398 MHz, 40, 11.76 W
1788703057.384563638,0 %, 2398 MHz, 40, 11.76 W
1788703057.485436158,0 %, 2398 MHz, 40, 11.76 W
1788703057.585932484,0 %, 2398 MHz, 40, 11.76 W
1788703057.686800572,0 %, 2398 MHz, 40, 11.76 W
1788703057.787503619,0 %, 2398 MHz, 40, 11.74 W
1788703057.888329498,0 %, 2398 MHz, 40, 11.74 W
1788703057.989063217,0 %, 2398 MHz, 40, 11.74 W
1788703058.089782280,0 %, 2398 MHz, 40, 11.74 W
1788703058.190210382,0 %, 2398 MHz, 40, 11.74 W
1788703058.291014741,0 %, 2398 MHz, 40, 11.73 W
1788703058.392009309,0 %, 2398 MHz, 40, 11.73 W
1788703058.492570516,0 %, 2398 MHz, 40, 11.73 W
1788703058.593452203,0 %, 2398 MHz, 40, 11.73 W
1788703058.694002418,0 %, 2398 MHz, 40, 11.73 W
1788703058.794858873,0 %, 2398 MHz, 40, 11.76 W
1788703058.896051361,0 %, 2398 MHz, 40, 11.76 W
1788703058.996385591,0 %, 2398 MHz, 40, 11.76 W
1788703059.096884302,0 %, 2398 MHz, 40, 11.76 W
1788703059.197404980,0 %, 2398 MHz, 40, 11.76 W
1788703059.298588412,0 %, 2398 MHz, 40, 11.78 W
1788703059.399003587,0 %, 2398 MHz, 40, 11.78 W
1788703059.499953274,0 %, 2398 MHz, 40, 11.78 W
1788703059.600566577,0 %, 2398 MHz, 40, 11.78 W
1788703059.701485417,0 %, 2398 MHz, 40, 11.78 W
1788703059.802093904,0 %, 2398 MHz, 40, 11.76 W
1788703059.903030631,0 %, 2398 MHz, 40, 11.76 W
1788703060.003860830,0 %, 2398 MHz, 40, 11.76 W
1788703060.104440709,0 %, 2398 MHz, 40, 11.76 W
1788703060.205174492,0 %, 2398 MHz, 40, 11.76 W
1788703060.305993220,0 %, 2398 MHz, 40, 11.74 W
1788703060.406875419,0 %, 2398 MHz, 40, 11.74 W
1788703060.507437298,0 %, 2398 MHz, 40, 11.74 W
1788703060.608309673,0 %, 2398 MHz, 40, 11.74 W
1788703060.708802768,0 %, 2398 MHz, 40, 11.74 W
1788703060.809817880,0 %, 2398 MHz, 40, 11.76 W
1788703060.910725055,0 %, 2398 MHz, 40, 11.76 W
1788703061.011299830,0 %, 2398 MHz, 40, 11.76 W
1788703061.112147309,0 %, 2398 MHz, 40, 11.76 W
1788703061.212258419,0 %, 2398 MHz, 40, 11.76 W
1788703061.313544012,0 %, 2398 MHz, 40, 11.73 W
1788703061.414788260,0 %, 2398 MHz, 40, 11.73 W
1788703061.515020698,0 %, 2398 MHz, 40, 11.73 W
1788703061.615994450,0 %, 2398 MHz, 40, 11.73 W
1788703061.715007573,0 %, 2398 MHz, 40, 11.73 W
1788703061.815367852,0 %, 2398 MHz, 40, 11.71 W
1788703061.915367969,0 %, 2398 MHz, 40, 11.71 W
1788703062.016232985,0 %, 2398 MHz, 40, 11.71 W
1788703062.116788752,0 %, 2398 MHz, 40, 11.71 W
1788703062.217568679,0 %, 2398 MHz, 40, 11.71 W
1788703062.318124094,0 %, 2398 MHz, 40, 11.74 W
1788703062.418989813,0 %, 2398 MHz, 40, 11.74 W
1788703062.519969341,0 %, 2398 MHz, 40, 11.74 W
1788703062.620475028,0 %, 2398 MHz, 40, 11.74 W
1788703062.721372075,0 %, 2398 MHz, 40, 11.74 W
1788703062.821951826,0 %, 2398 MHz, 40, 11.74 W
1788703062.922831722,0 %, 2398 MHz, 40, 11.74 W
1788703063.023801346,0 %, 2398 MHz, 40, 11.74 W
1788703063.124303368,0 %, 2398 MHz, 40, 11.74 W
1788703063.224852239,0 %, 2398 MHz, 40, 11.74 W
1788703063.325682839,0 %, 2398 MHz, 40, 11.73 W
1788703063.426711503,0 %, 2398 MHz, 40, 11.73 W
1788703063.527227782,0 %, 2398 MHz, 40, 11.73 W
1788703063.628151373,0 %, 2398 MHz, 40, 11.73 W
1788703063.728743700,0 %, 2398 MHz, 40, 11.73 W
1788703063.829853196,0 %, 2398 MHz, 40, 11.75 W
1788703063.930015026,0 %, 2398 MHz, 40, 11.75 W
1788703064.030936490,0 %, 2398 MHz, 40, 11.75 W
1788703064.131506321,0 %, 2398 MHz, 40, 11.75 W
1788703064.232712185,0 %, 2398 MHz, 40, 11.75 W
1788703064.333369185,0 %, 2398 MHz, 40, 11.78 W
1788703064.433939559,0 %, 2398 MHz, 40, 11.78 W
1788703064.534313182,0 %, 2398 MHz, 40, 11.78 W
1788703064.635557910,0 %, 2398 MHz, 40, 11.78 W
1788703064.736459358,0 %, 2398 MHz, 40, 11.78 W
1788703064.836727429,0 %, 2398 MHz, 40, 11.78 W
1788703064.937532940,0 %, 2398 MHz, 40, 11.78 W
1788703065.038129411,0 %, 2398 MHz, 40, 11.78 W
1788703065.139060251,0 %, 2398 MHz, 40, 11.78 W
1788703065.239648994,0 %, 2398 MHz, 40, 11.78 W
1788703065.340539050,0 %, 2398 MHz, 40, 11.77 W
1788703065.441803234,0 %, 2398 MHz, 40, 11.77 W
1788703065.541990872,0 %, 2398 MHz, 40, 11.77 W
1788703065.642932800,0 %, 2398 MHz, 40, 11.77 W
1788703065.743795848,0 %, 2398 MHz, 40, 11.77 W
1788703065.844314399,0 %, 2398 MHz, 40, 11.78 W
1788703065.944919510,0 %, 2398 MHz, 40, 11.78 W
1788703066.045764653,0 %, 2398 MHz, 40, 11.78 W
1788703066.146300916,0 %, 2398 MHz, 40, 11.78 W
1788703066.247177564,0 %, 2398 MHz, 40, 11.78 W
1788703066.348158292,0 %, 2398 MHz, 40, 11.80 W
1788703066.448578507,0 %, 2398 MHz, 40, 11.80 W
1788703066.549101554,0 %, 2398 MHz, 40, 11.80 W
1788703066.649947178,0 %, 2398 MHz, 40, 11.80 W
1788703066.750423680,0 %, 2398 MHz, 40, 11.80 W
1788703066.851255720,0 %, 2398 MHz, 40, 11.82 W
1788703066.951876623,0 %, 2398 MHz, 40, 11.82 W
1788703067.051987077,0 %, 2398 MHz, 40, 11.82 W
1788703067.152885645,0 %, 2398 MHz, 40, 11.82 W
1788703067.253295940,0 %, 2398 MHz, 40, 11.82 W
1788703067.354227036,0 %, 2398 MHz, 40, 11.80 W
1788703067.455203300,0 %, 2398 MHz, 40, 11.80 W
1788703067.555575643,0 %, 2398 MHz, 40, 11.80 W
1788703067.656149650,0 %, 2398 MHz, 40, 11.80 W
1788703067.757012729,0 %, 2398 MHz, 40, 11.80 W
1788703067.858002097,0 %, 2398 MHz, 40, 11.77 W
1788703067.958527160,0 %, 2398 MHz, 40, 11.77 W
1788703068.060310370,0 %, 2398 MHz, 40, 11.77 W
1788703068.160062088,0 %, 2398 MHz, 40, 11.77 W
1788703068.260944847,0 %, 2398 MHz, 40, 11.77 W
1788703068.361779255,0 %, 2398 MHz, 40, 11.78 W
1788703068.462248862,0 %, 2398 MHz, 40, 11.78 W
1788703068.562883077,0 %, 2398 MHz, 40, 11.78 W
1788703068.663757501,0 %, 2398 MHz, 40, 11.78 W
1788703068.764662933,0 %, 2398 MHz, 40, 11.77 W
1788703068.865220284,0 %, 2398 MHz, 40, 11.77 W
1788703068.966138564,0 %, 2398 MHz, 40, 11.77 W
1788703069.066752955,0 %, 2398 MHz, 40, 11.77 W
1788703069.167643667,0 %, 2398 MHz, 40, 11.77 W
1788703069.268186715,0 %, 2398 MHz, 40, 11.74 W
1788703069.369035762,0 %, 2398 MHz, 40, 11.74 W
1788703069.470021386,0 %, 2398 MHz, 40, 11.74 W
1788703069.570473281,0 %, 2398 MHz, 40, 11.74 W
1788703069.670935832,0 %, 2398 MHz, 40, 11.74 W
1788703069.771623504,0 %, 2398 MHz, 40, 11.72 W
1788703069.872047495,0 %, 2398 MHz, 40, 11.72 W
1788703069.972478654,0 %, 2398 MHz, 40, 11.72 W
1788703070.073315733,0 %, 2398 MHz, 40, 11.72 W
1788703070.174297774,0 %, 2398 MHz, 40, 11.72 W
1788703070.274880421,0 %, 2398 MHz, 40, 11.71 W
1788703070.375659037,0 %, 2398 MHz, 40, 11.71 W
1788703070.476225076,0 %, 2398 MHz, 40, 11.71 W
1788703070.577151372,0 %, 2398 MHz, 40, 11.71 W
1788703070.677680259,0 %, 2398 MHz, 40, 11.71 W
1788703070.778650123,0 %, 2398 MHz, 40, 11.73 W
1788703070.879205650,0 %, 2398 MHz, 40, 11.73 W
1788703070.979365113,0 %, 2398 MHz, 40, 11.73 W
1788703071.080243121,0 %, 2398 MHz, 40, 11.73 W
1788703071.181206441,0 %, 2398 MHz, 40, 11.73 W
1788703071.281768976,0 %, 2398 MHz, 40, 11.74 W
1788703071.382603496,0 %, 2398 MHz, 40, 11.74 W
1788703071.483153503,0 %, 2398 MHz, 40, 11.74 W
1788703071.584080823,0 %, 2398 MHz, 40, 11.74 W
1788703071.684500430,0 %, 2398 MHz, 40, 11.74 W
1788703071.785441975,0 %, 2398 MHz, 40, 11.74 W
1788703071.886051022,0 %, 2398 MHz, 40, 11.74 W
1788703071.986923222,0 %, 2398 MHz, 40, 11.74 W
1788703072.087781598,0 %, 2398 MHz, 40, 11.74 W
1788703072.188223653,0 %, 2398 MHz, 40, 11.74 W
1788703072.288853548,0 %, 2398 MHz, 40, 11.71 W
1788703072.389679380,0 %, 2398 MHz, 40, 11.71 W
1788703072.490711853,0 %, 2398 MHz, 40, 11.71 W
1788703072.591236116,0 %, 2398 MHz, 40, 11.71 W
1788703072.692285852,0 %, 2398 MHz, 40, 11.71 W
1788703072.792740803,0 %, 2398 MHz, 40, 11.74 W
1788703072.893597627,0 %, 2398 MHz, 40, 11.74 W
1788703072.994637972,0 %, 2398 MHz, 40, 11.74 W
1788703073.095127435,0 %, 2398 MHz, 40, 11.74 W
1788703073.196051923,0 %, 2398 MHz, 40, 11.74 W
1788703073.296598699,0 %, 2398 MHz, 40, 11.74 W
1788703073.397525923,0 %, 2398 MHz, 40, 11.74 W
1788703073.498109194,0 %, 2398 MHz, 40, 11.74 W
1788703073.598957906,0 %, 2398 MHz, 40, 11.74 W
1788703073.699960026,0 %, 2398 MHz, 40, 11.74 W
1788703073.800433234,0 %, 2398 MHz, 40, 11.70 W
1788703073.901774587,0 %, 2398 MHz, 40, 11.70 W
1788703074.001994913,0 %, 2398 MHz, 40, 11.70 W
1788703074.102894425,0 %, 2398 MHz, 40, 11.70 W
1788703074.203321233,0 %, 2398 MHz, 40, 11.70 W
1788703074.304226825,0 %, 2398 MHz, 40, 11.71 W
1788703074.403891262,0 %, 2398 MHz, 40, 11.71 W
1788703074.503874180,0 %, 2398 MHz, 40, 11.71 W
1788703074.605792959,0 %, 2398 MHz, 40, 11.71 W
1788703074.705995285,0 %, 2398 MHz, 40, 11.71 W
1788703074.806792717,0 %, 2398 MHz, 40, 11.72 W
1788703074.907324661,0 %, 2398 MHz, 40, 11.72 W
1788703075.007916524,0 %, 2398 MHz, 40, 11.72 W
1788703075.108821300,0 %, 2398 MHz, 40, 11.72 W
1788703075.209319244,0 %, 2398 MHz, 40, 11.72 W
1788703075.310158212,0 %, 2398 MHz, 40, 11.70 W
1788703075.411148796,0 %, 2398 MHz, 40, 11.70 W
1788703075.511663252,0 %, 2398 MHz, 40, 11.70 W
1788703075.612624204,0 %, 2398 MHz, 40, 11.70 W
1788703075.713673109,0 %, 2398 MHz, 40, 11.70 W
1788703075.814104956,0 %, 2398 MHz, 40, 11.69 W
1788703075.915060484,0 %, 2398 MHz, 40, 11.69 W
1788703076.015606587,0 %, 2398 MHz, 40, 11.69 W
1788703076.116528404,0 %, 2398 MHz, 40, 11.69 W
1788703076.217142555,0 %, 2398 MHz, 40, 11.69 W
1788703076.317972131,0 %, 2398 MHz, 40, 11.72 W
1788703076.418577995,0 %, 2398 MHz, 40, 11.72 W
1788703076.519785268,0 %, 2398 MHz, 40, 11.72 W
1788703076.620419340,0 %, 2398 MHz, 40, 11.72 W
1788703076.720946099,0 %, 2398 MHz, 40, 11.72 W
1788703076.821882795,0 %, 2398 MHz, 40, 11.68 W
1788703076.922803796,0 %, 2398 MHz, 40, 11.68 W
1788703077.023301003,0 %, 2398 MHz, 40, 11.68 W
1788703077.123890515,0 %, 2398 MHz, 40, 11.68 W
1788703077.224619419,0 %, 2398 MHz, 40, 11.68 W
1788703077.325169586,0 %, 2398 MHz, 40, 11.66 W
1788703077.426086219,0 %, 2398 MHz, 40, 11.66 W
1788703077.526709170,0 %, 2398 MHz, 40, 11.66 W
1788703077.627530794,0 %, 2398 MHz, 40, 11.66 W
1788703077.728818035,0 %, 2398 MHz, 40, 11.66 W
1788703077.829048986,0 %, 2398 MHz, 40, 11.69 W
1788703077.929960211,0 %, 2398 MHz, 40, 11.69 W
1788703078.030411002,0 %, 2398 MHz, 40, 11.69 W
1788703078.131320194,0 %, 2398 MHz, 40, 11.69 W
1788703078.231943258,0 %, 2398 MHz, 40, 11.69 W
1788703078.332657650,0 %, 2398 MHz, 40, 11.73 W
1788703078.433226442,0 %, 2398 MHz, 40, 11.73 W
1788703078.534132610,0 %, 2398 MHz, 40, 11.73 W
1788703078.634719514,0 %, 2398 MHz, 40, 11.73 W
1788703078.735557954,0 %, 2398 MHz, 40, 11.73 W
1788703078.837243756,0 %, 2398 MHz, 40, 11.72 W
1788703078.937110818,0 %, 2398 MHz, 40, 11.72 W
1788703079.037989866,0 %, 2398 MHz, 40, 11.72 W
1788703079.138572962,0 %, 2398 MHz, 40, 11.72 W
1788703079.239785739,0 %, 2398 MHz, 40, 11.72 W
1788703079.340017730,0 %, 2398 MHz, 40, 11.72 W
1788703079.440924458,0 %, 2398 MHz, 40, 11.72 W
1788703079.541877731,0 %, 2398 MHz, 40, 11.72 W
1788703079.642812987,0 %, 2398 MHz, 40, 11.72 W
1788703079.743334579,0 %, 2398 MHz, 40, 11.72 W
1788703079.843932267,0 %, 2398 MHz, 40, 11.70 W
1788703079.944681923,0 %, 2398 MHz, 40, 11.70 W
1788703080.045264218,0 %, 2398 MHz, 40, 11.70 W
1788703080.146132003,0 %, 2398 MHz, 40, 11.70 W
1788703080.246722763,0 %, 2398 MHz, 40, 11.70 W
1788703080.347541635,0 %, 2398 MHz, 40, 11.73 W
1788703080.448548539,0 %, 2398 MHz, 40, 11.73 W
1788703080.549146547,0 %, 2398 MHz, 40, 11.73 W
1788703080.649541739,0 %, 2398 MHz, 40, 11.73 W
1788703080.750791364,0 %, 2398 MHz, 40, 11.73 W
1788703080.851317019,0 %, 2398 MHz, 40, 11.77 W
1788703080.951889267,0 %, 2398 MHz, 40, 11.77 W
1788703081.052664795,0 %, 2398 MHz, 40, 11.77 W
1788703081.153251315,0 %, 2398 MHz, 40, 11.77 W
1788703081.254070875,0 %, 2398 MHz, 40, 11.77 W
1788703081.354790084,0 %, 2398 MHz, 40, 11.74 W
1788703081.455637068,0 %, 2398 MHz, 40, 11.74 W
1788703081.556622917,0 %, 2398 MHz, 40, 11.74 W
1788703081.657361773,0 %, 2398 MHz, 40, 11.74 W
1788703081.758052901,0 %, 2398 MHz, 40, 11.74 W
1788703081.858682205,0 %, 2398 MHz, 40, 11.71 W
1788703081.959573429,0 %, 2398 MHz, 40, 11.71 W
1788703082.060153709,0 %, 2398 MHz, 40, 11.71 W
1788703082.160965237,0 %, 2398 MHz, 40, 11.71 W
1788703082.261974110,0 %, 2398 MHz, 40, 11.71 W
1788703082.362458054,0 %, 2398 MHz, 40, 11.73 W
1788703082.463796703,0 %, 2398 MHz, 40, 11.73 W
1788703082.563959286,0 %, 2398 MHz, 40, 11.73 W
1788703082.664887455,0 %, 2398 MHz, 40, 11.73 W
1788703082.765493607,0 %, 2398 MHz, 40, 11.76 W
1788703082.866306143,0 %, 2398 MHz, 40, 11.76 W
1788703082.967264536,0 %, 2398 MHz, 40, 11.76 W
1788703083.067847199,0 %, 2398 MHz, 40, 11.76 W
1788703083.168755128,0 %, 2398 MHz, 40, 11.76 W
1788703083.269331632,0 %, 2398 MHz, 40, 11.76 W
1788703083.370237145,0 %, 2398 MHz, 40, 11.76 W
1788703083.471175313,0 %, 2398 MHz, 40, 11.76 W
1788703083.571740393,0 %, 2398 MHz, 40, 11.76 W
1788703083.672656642,0 %, 2398 MHz, 40, 11.76 W
1788703083.773176025,0 %, 2398 MHz, 40, 11.79 W
1788703083.874119282,0 %, 2398 MHz, 40, 11.79 W
1788703083.975007851,0 %, 2398 MHz, 40, 11.79 W
1788703084.075342626,0 %, 2398 MHz, 40, 11.79 W
1788703084.175915626,0 %, 2398 MHz, 40, 11.79 W
1788703084.276721282,0 %, 2398 MHz, 40, 11.80 W
1788703084.377265754,0 %, 2398 MHz, 40, 11.80 W
1788703084.478179427,0 %, 2398 MHz, 40, 11.80 W
1788703084.578742923,0 %, 2398 MHz, 40, 11.80 W
1788703084.679652339,0 %, 2398 MHz, 40, 11.80 W
1788703084.780268091,0 %, 2398 MHz, 40, 11.77 W
1788703084.881039796,0 %, 2398 MHz, 40, 11.77 W
1788703084.982099996,0 %, 2398 MHz, 40, 11.77 W
1788703085.082806293,0 %, 2398 MHz, 40, 11.77 W
1788703085.183779710,0 %, 2398 MHz, 40, 11.77 W
1788703085.283965877,0 %, 2398 MHz, 40, 11.76 W
1788703085.384921757,0 %, 2398 MHz, 40, 11.76 W
1788703085.485794662,0 %, 2398 MHz, 40, 11.76 W
1788703085.586382350,0 %, 2398 MHz, 40, 11.76 W
1788703085.687345575,0 %, 2398 MHz, 40, 11.76 W
1788703085.787912431,0 %, 2398 MHz, 40, 11.76 W
1788703085.888300854,0 %, 2398 MHz, 40, 11.76 W
1788703085.989165231,0 %, 2398 MHz, 40, 11.76 W
1788703086.090131416,0 %, 2398 MHz, 40, 11.76 W
1788703086.190620528,0 %, 2398 MHz, 40, 11.76 W
1788703086.291622489,0 %, 2398 MHz, 40, 11.78 W
1788703086.392175120,0 %, 2398 MHz, 40, 11.78 W
1788703086.492735768,0 %, 2398 MHz, 40, 11.78 W
1788703086.593304880,0 %, 2398 MHz, 40, 11.78 W
1788703086.694258761,0 %, 2398 MHz, 40, 11.78 W
1788703086.794809345,0 %, 2398 MHz, 40, 11.80 W
1788703086.895726250,0 %, 2398 MHz, 40, 11.80 W
1788703086.996313618,0 %, 2398 MHz, 40, 11.80 W
1788703087.097173931,0 %, 2398 MHz, 40, 11.80 W
1788703087.198191684,0 %, 2398 MHz, 40, 11.80 W
1788703087.298680043,0 %, 2398 MHz, 40, 11.81 W
1788703087.399635908,0 %, 2398 MHz, 40, 11.81 W
1788703087.500213228,0 %, 2398 MHz, 40, 11.81 W
1788703087.601058133,0 %, 2398 MHz, 40, 11.81 W
1788703087.701720189,0 %, 2398 MHz, 40, 11.81 W
1788703087.802800358,0 %, 2398 MHz, 40, 11.83 W
1788703087.903074462,0 %, 2398 MHz, 40, 11.83 W
1788703088.003910006,0 %, 2398 MHz, 40, 11.83 W
1788703088.104814735,0 %, 2398 MHz, 40, 11.83 W
1788703088.205234631,0 %, 2398 MHz, 40, 11.83 W
1788703088.305838191,0 %, 2398 MHz, 40, 11.82 W
1788703088.406670920,0 %, 2398 MHz, 40, 11.82 W
1788703088.507650145,0 %, 2398 MHz, 40, 11.82 W
1788703088.608194249,0 %, 2398 MHz, 40, 11.82 W
1788703088.709633235,0 %, 2398 MHz, 40, 11.82 W
1788703088.809038136,0 %, 2398 MHz, 40, 11.82 W
1788703088.909654337,0 %, 2398 MHz, 40, 11.82 W
1788703089.010913962,0 %, 2398 MHz, 40, 11.82 W
1788703089.110980609,0 %, 2398 MHz, 40, 11.82 W
1788703089.212317787,0 %, 2398 MHz, 40, 11.82 W
1788703089.312179505,0 %, 2398 MHz, 40, 11.81 W
1788703089.412505849,0 %, 2398 MHz, 40, 11.81 W
1788703089.512913665,0 %, 2398 MHz, 40, 11.81 W
1788703089.613754378,0 %, 2398 MHz, 40, 11.81 W
1788703089.714133201,0 %, 2398 MHz, 40, 11.81 W
1788703089.814526297,0 %, 2398 MHz, 40, 11.80 W
1788703089.915342130,0 %, 2398 MHz, 40, 11.80 W
1788703090.015661241,0 %, 2398 MHz, 40, 11.80 W
1788703090.116086273,0 %, 2398 MHz, 40, 11.80 W
1788703090.216874490,0 %, 2398 MHz, 40, 11.80 W
1788703090.317231154,0 %, 2398 MHz, 40, 11.78 W
1788703090.417223272,0 %, 2398 MHz, 40, 11.78 W
1788703090.517820769,0 %, 2398 MHz, 40, 11.78 W
1788703090.618908186,0 %, 2398 MHz, 40, 11.78 W
1788703090.718982449,0 %, 2398 MHz, 40, 11.78 W
1788703090.819388329,0 %, 2398 MHz, 40, 11.77 W
1788703090.920191362,0 %, 2398 MHz, 40, 11.77 W
1788703091.020803162,0 %, 2398 MHz, 40, 11.77 W
1788703091.120952577,0 %, 2398 MHz, 40, 11.77 W
1788703091.222119147,0 %, 2398 MHz, 40, 11.77 W
1788703091.322104354,0 %, 2398 MHz, 40, 11.79 W
1788703091.422508889,0 %, 2398 MHz, 40, 11.79 W
1788703091.523617603,0 %, 2398 MHz, 40, 11.79 W
1788703091.623654938,0 %, 2398 MHz, 40, 11.79 W
1788703091.724414819,0 %, 2398 MHz, 40, 11.79 W
1788703091.824838074,0 %, 2398 MHz, 40, 11.80 W
1788703091.925238962,0 %, 2398 MHz, 40, 11.80 W
1788703092.026353196,0 %, 2398 MHz, 40, 11.80 W
1788703092.125742337,0 %, 2398 MHz, 40, 11.80 W
1788703092.225620904,0 %, 2398 MHz, 40, 11.80 W
1788703092.325518271,0 %, 2398 MHz, 40, 11.78 W
1788703092.427865803,0 %, 2398 MHz, 40, 11.78 W
1788703092.527324529,0 %, 2398 MHz, 40, 11.78 W
1788703092.627773273,0 %, 2398 MHz, 40, 11.78 W
1788703092.728616850,0 %, 2398 MHz, 40, 11.78 W
1788703092.828936202,0 %, 2398 MHz, 40, 11.77 W
1788703092.929365170,0 %, 2398 MHz, 40, 11.77 W
1788703093.030163930,0 %, 2398 MHz, 40, 11.77 W
1788703093.130572914,0 %, 2398 MHz, 40, 11.77 W
1788703093.231026394,0 %, 2398 MHz, 40, 11.77 W
1788703093.331737955,0 %, 2398 MHz, 40, 11.79 W
1788703093.432080107,0 %, 2398 MHz, 40, 11.79 W
1788703093.532783891,0 %, 2398 MHz, 40, 11.79 W
1788703093.633291948,0 %, 2398 MHz, 40, 11.79 W
1788703093.733636259,0 %, 2398 MHz, 40, 11.79 W
1788703093.834046363,0 %, 2398 MHz, 40, 11.81 W
1788703093.934833988,0 %, 2398 MHz, 40, 11.81 W
1788703094.035180412,0 %, 2398 MHz, 40, 11.81 W
1788703094.135590820,0 %, 2398 MHz, 40, 11.81 W
1788703094.236786270,0 %, 2398 MHz, 40, 11.81 W
1788703094.337448758,0 %, 2398 MHz, 40, 11.79 W
1788703094.437227133,0 %, 2398 MHz, 40, 11.79 W
1788703094.537993414,0 %, 2398 MHz, 40, 11.79 W
1788703094.639011135,0 %, 2398 MHz, 40, 11.79 W
1788703094.738359829,0 %, 2398 MHz, 40, 11.79 W
1788703094.838877805,0 %, 2398 MHz, 40, 11.75 W
1788703094.938918340,0 %, 2398 MHz, 40, 11.75 W
1788703095.039401100,0 %, 2398 MHz, 40, 11.75 W
1788703095.138879458,0 %, 2398 MHz, 40, 11.75 W
1788703095.239384379,0 %, 2398 MHz, 40, 11.75 W
1788703095.339991219,0 %, 2398 MHz, 40, 11.77 W
1788703095.440674604,0 %, 2398 MHz, 40, 11.77 W
1788703095.541100276,0 %, 2398 MHz, 40, 11.77 W
1788703095.641471292,0 %, 2398 MHz, 40, 11.77 W
1788703095.742201700,0 %, 2398 MHz, 40, 11.77 W
1788703095.842580284,0 %, 2398 MHz, 40, 11.79 W
1788703095.943268421,0 %, 2398 MHz, 40, 11.79 W
1788703096.043788733,0 %, 2398 MHz, 40, 11.79 W
1788703096.144153477,0 %, 2398 MHz, 40, 11.79 W
1788703096.244559117,0 %, 2398 MHz, 40, 11.79 W
1788703096.345321894,0 %, 2398 MHz, 40, 11.82 W
1788703096.445672174,0 %, 2398 MHz, 40, 11.82 W
1788703096.546129846,0 %, 2398 MHz, 40, 11.82 W
1788703096.646879679,0 %, 2398 MHz, 40, 11.82 W
1788703096.747405912,0 %, 2398 MHz, 40, 11.82 W
1788703096.847672799,0 %, 2398 MHz, 40, 11.79 W
1788703096.948542633,0 %, 2398 MHz, 40, 11.79 W
1788703097.048954561,0 %, 2398 MHz, 40, 11.79 W
1788703097.149284553,0 %, 2398 MHz, 40, 11.79 W
1788703097.250356466,0 %, 2398 MHz, 40, 11.79 W
1788703097.351125531,0 %, 2398 MHz, 40, 11.75 W
1788703097.450849106,0 %, 2398 MHz, 40, 11.75 W
1788703097.551650363,0 %, 2398 MHz, 40, 11.75 W
1788703097.651987059,0 %, 2398 MHz, 40, 11.75 W
1788703097.752384123,0 %, 2398 MHz, 40, 11.75 W
1788703097.853151860,0 %, 2398 MHz, 40, 11.77 W
1788703097.953795068,0 %, 2398 MHz, 40, 11.77 W
1788703098.053959812,0 %, 2398 MHz, 40, 11.77 W
1788703098.154735965,0 %, 2398 MHz, 40, 11.77 W
1788703098.255087125,0 %, 2398 MHz, 40, 11.77 W
1788703098.355805774,0 %, 2398 MHz, 40, 11.80 W
1788703098.456275414,0 %, 2398 MHz, 40, 11.80 W
1788703098.556648478,0 %, 2398 MHz, 40, 11.80 W
1788703098.657644648,0 %, 2398 MHz, 40, 11.80 W
1788703098.757845296,0 %, 2398 MHz, 40, 11.80 W
1788703098.858193848,0 %, 2398 MHz, 40, 11.81 W
1788703098.958596704,0 %, 2398 MHz, 40, 11.81 W
1788703099.059372633,0 %, 2398 MHz, 40, 11.81 W
1788703099.160468994,0 %, 2398 MHz, 40, 11.81 W
1788703099.260017577,0 %, 2398 MHz, 40, 11.81 W
1788703099.360786578,0 %, 2398 MHz, 40, 11.82 W
1788703099.461214906,0 %, 2398 MHz, 40, 11.82 W
1788703099.561562274,0 %, 2398 MHz, 40, 11.82 W
1788703099.662002746,0 %, 2398 MHz, 40, 11.82 W
1788703099.762771235,0 %, 2398 MHz, 40, 11.82 W
1788703099.863145996,0 %, 2398 MHz, 40, 11.85 W
1788703099.963518436,0 %, 2398 MHz, 40, 11.85 W
1788703100.063727516,0 %, 2398 MHz, 40, 11.85 W
1788703100.164473525,0 %, 2398 MHz, 40, 11.85 W
1788703100.264896701,0 %, 2398 MHz, 40, 11.85 W
1788703100.365268773,0 %, 2398 MHz, 40, 11.85 W
1788703100.466039470,0 %, 2398 MHz, 40, 11.85 W
1788703100.566787383,0 %, 2398 MHz, 40, 11.85 W
1788703100.667252575,0 %, 2398 MHz, 40, 11.85 W
1788703100.767607448,0 %, 2398 MHz, 40, 11.80 W
1788703100.867986832,0 %, 2398 MHz, 40, 11.80 W
1788703100.968783865,0 %, 2398 MHz, 40, 11.80 W
1788703101.069171777,0 %, 2398 MHz, 40, 11.80 W
1788703101.169813674,0 %, 2398 MHz, 40, 11.80 W
1788703101.269952882,0 %, 2398 MHz, 40, 11.77 W
1788703101.370754587,0 %, 2398 MHz, 40, 11.77 W
1788703101.471088323,0 %, 2398 MHz, 40, 11.77 W
1788703101.571814284,0 %, 2398 MHz, 40, 11.77 W
1788703101.672256756,0 %, 2398 MHz, 40, 11.77 W
1788703101.772621789,0 %, 2398 MHz, 40, 11.81 W
1788703101.873092709,0 %, 2398 MHz, 40, 11.81 W
1788703101.973857790,0 %, 2398 MHz, 40, 11.81 W
1788703102.074191222,0 %, 2398 MHz, 40, 11.81 W
1788703102.174609631,0 %, 2398 MHz, 40, 11.81 W
1788703102.275813881,0 %, 2398 MHz, 40, 11.85 W
1788703102.375991377,0 %, 2398 MHz, 40, 11.85 W
1788703102.476307321,0 %, 2398 MHz, 40, 11.85 W
1788703102.577020642,0 %, 2398 MHz, 40, 11.85 W
1788703102.677809547,0 %, 2398 MHz, 40, 11.85 W
1788703102.778082707,0 %, 2398 MHz, 40, 11.84 W
1788703102.878624460,0 %, 2398 MHz, 40, 11.84 W
1788703102.978576611,0 %, 2398 MHz, 40, 11.84 W
1788703103.079224732,0 %, 2398 MHz, 40, 11.84 W
1788703103.179592372,0 %, 2398 MHz, 40, 11.84 W
1788703103.280782542,0 %, 2398 MHz, 40, 11.85 W
1788703103.381132087,0 %, 2398 MHz, 40, 11.85 W
1788703103.481674255,0 %, 2398 MHz, 40, 11.85 W
1788703103.582037416,0 %, 2398 MHz, 40, 11.85 W
1788703103.682454688,0 %, 2398 MHz, 40, 11.85 W
1788703103.783231145,0 %, 2398 MHz, 40, 11.90 W
1788703103.883611090,0 %, 2398 MHz, 40, 11.90 W
1788703103.984012458,0 %, 2398 MHz, 40, 11.90 W
1788703104.084860307,0 %, 2398 MHz, 40, 11.90 W
1788703104.185155852,0 %, 2398 MHz, 40, 11.90 W
1788703104.285869221,0 %, 2398 MHz, 40, 11.90 W
1788703104.386364093,0 %, 2398 MHz, 40, 11.90 W
1788703104.486715222,0 %, 2398 MHz, 40, 11.90 W
1788703104.587154126,0 %, 2398 MHz, 40, 11.90 W
1788703104.687899575,0 %, 2398 MHz, 40, 11.90 W
1788703104.788780753,0 %, 2398 MHz, 40, 11.87 W
1788703104.889044777,0 %, 2398 MHz, 40, 11.87 W
1788703104.989847778,0 %, 2398 MHz, 40, 11.87 W
1788703105.089963386,0 %, 2398 MHz, 40, 11.87 W
1788703105.190367667,0 %, 2398 MHz, 40, 11.87 W
1788703105.291747741,0 %, 2398 MHz, 40, 11.86 W
1788703105.392008181,0 %, 2398 MHz, 40, 11.86 W
1788703105.492128477,0 %, 2398 MHz, 40, 11.86 W
1788703105.592673110,0 %, 2398 MHz, 40, 11.86 W
1788703105.692991118,0 %, 2398 MHz, 40, 11.86 W
1788703105.793782631,0 %, 2398 MHz, 40, 11.85 W
1788703105.894204496,0 %, 2398 MHz, 40, 11.85 W
1788703105.994844841,0 %, 2398 MHz, 40, 11.85 W
1788703106.094954241,0 %, 2398 MHz, 40, 11.85 W
1788703106.195772106,0 %, 2398 MHz, 40, 11.85 W
1788703106.296186195,0 %, 2398 MHz, 40, 11.83 W
1788703106.396830092,0 %, 2398 MHz, 40, 11.83 W
1788703106.497309573,0 %, 2398 MHz, 40, 11.83 W
1788703106.597685053,0 %, 2398 MHz, 40, 11.83 W
1788703106.698668887,0 %, 2398 MHz, 40, 11.83 W
1788703106.799052959,0 %, 2398 MHz, 40, 11.81 W
1788703106.899437480,0 %, 2398 MHz, 40, 11.81 W
1788703107.000217105,0 %, 2398 MHz, 40, 11.81 W
1788703107.100654906,0 %, 2398 MHz, 40, 11.81 W
1788703107.201041458,0 %, 2398 MHz, 40, 11.81 W
1788703107.301785324,0 %, 2398 MHz, 40, 11.79 W
1788703107.402146436,0 %, 2398 MHz, 40, 11.79 W
1788703107.502832013,0 %, 2398 MHz, 40, 11.79 W
1788703107.603346406,0 %, 2398 MHz, 40, 11.79 W
1788703107.703710478,0 %, 2398 MHz, 40, 11.79 W
1788703107.804111591,0 %, 2398 MHz, 40, 11.77 W
1788703107.904486447,0 %, 2398 MHz, 40, 11.77 W
1788703108.005198137,0 %, 2398 MHz, 40, 11.77 W
1788703108.105619041,0 %, 2398 MHz, 40, 11.77 W
1788703108.206242938,0 %, 2398 MHz, 40, 11.77 W
1788703108.306755203,0 %, 2398 MHz, 40, 11.75 W
1788703108.407115964,0 %, 2398 MHz, 40, 11.75 W
1788703108.507819205,0 %, 2398 MHz, 40, 11.75 W
1788703108.608267502,0 %, 2398 MHz, 40, 11.75 W
1788703108.708640230,0 %, 2398 MHz, 40, 11.75 W
1788703108.809083775,0 %, 2398 MHz, 40, 11.73 W
1788703108.909841976,0 %, 2398 MHz, 40, 11.73 W
1788703109.010408721,0 %, 2398 MHz, 40, 11.73 W
1788703109.111178635,0 %, 2398 MHz, 40, 11.73 W
1788703109.211621652,0 %, 2398 MHz, 40, 11.73 W
1788703109.311974204,0 %, 2398 MHz, 40, 11.73 W
1788703109.412735189,0 %, 2398 MHz, 40, 11.73 W
1788703109.513106606,0 %, 2398 MHz, 40, 11.73 W
1788703109.613779223,0 %, 2398 MHz, 40, 11.73 W
1788703109.714286864,0 %, 2398 MHz, 40, 11.73 W
1788703109.814642489,0 %, 2398 MHz, 40, 11.75 W
1788703109.915051729,0 %, 2398 MHz, 40, 11.75 W
1788703110.015459210,0 %, 2398 MHz, 40, 11.75 W
1788703110.116217395,0 %, 2398 MHz, 40, 11.75 W
1788703110.216824781,0 %, 2398 MHz, 40, 11.75 W
1788703110.317185221,0 %, 2398 MHz, 40, 11.74 W
1788703110.417686366,0 %, 2398 MHz, 40, 11.74 W
1788703110.518063383,0 %, 2398 MHz, 40, 11.74 W
1788703110.618790336,0 %, 2398 MHz, 40, 11.74 W
1788703110.719269065,0 %, 2398 MHz, 40, 11.74 W
1788703110.819615170,0 %, 2398 MHz, 40, 11.73 W
1788703110.920022874,0 %, 2398 MHz, 40, 11.73 W
1788703111.020801812,0 %, 2398 MHz, 40, 11.73 W
1788703111.121161436,0 %, 2398 MHz, 40, 11.73 W
1788703111.221845590,0 %, 2398 MHz, 40, 11.73 W
1788703111.322349439,0 %, 2398 MHz, 40, 11.76 W
1788703111.422709271,0 %, 2398 MHz, 40, 11.76 W
1788703111.523102976,0 %, 2398 MHz, 40, 11.76 W
1788703111.623942362,0 %, 2398 MHz, 40, 11.76 W
1788703111.724303746,0 %, 2398 MHz, 40, 11.76 W
1788703111.824685563,0 %, 2398 MHz, 40, 11.76 W
1788703111.925513333,0 %, 2398 MHz, 40, 11.76 W
1788703112.025868941,0 %, 2398 MHz, 40, 11.76 W
1788703112.126216198,0 %, 2398 MHz, 40, 11.76 W
1788703112.227109600,0 %, 2398 MHz, 40, 11.76 W
1788703112.326372278,0 %, 2398 MHz, 40, 11.74 W
1788703112.426908879,0 %, 2398 MHz, 40, 11.74 W
1788703112.526998295,0 %, 2398 MHz, 40, 11.74 W
1788703112.627868753,0 %, 2398 MHz, 40, 11.74 W
1788703112.728759499,0 %, 2398 MHz, 40, 11.74 W
1788703112.828878739,0 %, 2398 MHz, 40, 11.76 W
1788703112.929242684,0 %, 2398 MHz, 40, 11.76 W
1788703113.029392468,0 %, 2398 MHz, 40, 11.76 W
1788703113.129740605,0 %, 2398 MHz, 40, 11.76 W
1788703113.230464406,0 %, 2398 MHz, 40, 11.76 W
1788703113.330841743,0 %, 2398 MHz, 40, 11.77 W
1788703113.430991495,0 %, 2398 MHz, 40, 11.77 W
1788703113.531285024,0 %, 2398 MHz, 40, 11.77 W
1788703113.631433864,0 %, 2398 MHz, 40, 11.77 W
1788703113.731839313,0 %, 2398 MHz, 40, 11.77 W
1788703113.832128106,0 %, 2398 MHz, 40, 11.74 W
1788703113.932356802,0 %, 2398 MHz, 40, 11.74 W
1788703114.033091595,0 %, 2398 MHz, 40, 11.74 W
1788703114.133413684,0 %, 2398 MHz, 40, 11.74 W
1788703114.233991229,0 %, 2398 MHz, 40, 11.74 W
1788703114.334142566,0 %, 2398 MHz, 40, 11.71 W
1788703114.434303454,0 %, 2398 MHz, 40, 11.71 W
1788703114.535008887,0 %, 2398 MHz, 40, 11.71 W
1788703114.635292272,0 %, 2398 MHz, 40, 11.71 W
1788703114.735511369,0 %, 2398 MHz, 40, 11.71 W
1788703114.835892849,0 %, 2398 MHz, 40, 11.69 W
1788703114.936551163,0 %, 2398 MHz, 40, 11.69 W
1788703115.036972868,0 %, 2398 MHz, 40, 11.69 W
1788703115.137419021,0 %, 2398 MHz, 40, 11.69 W
1788703115.237067508,0 %, 2398 MHz, 40, 11.69 W
1788703115.337287965,0 %, 2398 MHz, 40, 11.71 W
1788703115.437112324,0 %, 2398 MHz, 40, 11.71 W
1788703115.538232575,0 %, 2398 MHz, 40, 11.71 W
1788703115.638357943,0 %, 2398 MHz, 40, 11.71 W
1788703115.738756784,0 %, 2398 MHz, 40, 11.71 W
1788703115.839642362,0 %, 2398 MHz, 40, 11.74 W
1788703115.939668354,0 %, 2398 MHz, 40, 11.74 W
1788703116.040010731,0 %, 2398 MHz, 40, 11.74 W
1788703116.140320435,0 %, 2398 MHz, 40, 11.74 W
1788703116.240913517,0 %, 2398 MHz, 40, 11.74 W
1788703116.341417062,0 %, 2398 MHz, 40, 11.78 W
1788703116.441560766,0 %, 2398 MHz, 40, 11.78 W
1788703116.541918279,0 %, 2398 MHz, 40, 11.78 W
1788703116.642464432,0 %, 2398 MHz, 40, 11.78 W
1788703116.742650105,0 %, 2398 MHz, 40, 11.78 W
1788703116.842766961,0 %, 2398 MHz, 40, 11.81 W
1788703116.943479467,0 %, 2398 MHz, 40, 11.81 W
1788703117.043800900,0 %, 2398 MHz, 40, 11.81 W
1788703117.144155276,0 %, 2398 MHz, 40, 11.81 W
1788703117.244727926,0 %, 2398 MHz, 40, 11.81 W
1788703117.344777758,0 %, 2398 MHz, 40, 11.83 W
1788703117.445432920,0 %, 2398 MHz, 40, 11.83 W
1788703117.545757040,0 %, 2398 MHz, 40, 11.83 W
1788703117.646150217,0 %, 2398 MHz, 40, 11.83 W
1788703117.746667619,0 %, 2398 MHz, 40, 11.83 W
1788703117.847140188,0 %, 2398 MHz, 40, 11.82 W
1788703117.948233974,0 %, 2398 MHz, 40, 11.82 W
1788703118.047879486,0 %, 2398 MHz, 40, 11.82 W
1788703118.148113302,0 %, 2398 MHz, 40, 11.82 W
1788703118.248562015,0 %, 2398 MHz, 40, 11.82 W
1788703118.349080601,0 %, 2398 MHz, 40, 11.81 W
1788703118.449381089,0 %, 2398 MHz, 40, 11.81 W
1788703118.549714010,0 %, 2398 MHz, 40, 11.81 W
1788703118.650069411,0 %, 2398 MHz, 40, 11.81 W
1788703118.750547020,0 %, 2398 MHz, 40, 11.81 W
1788703118.851164022,0 %, 2398 MHz, 40, 11.81 W
1788703118.951437167,0 %, 2398 MHz, 40, 11.81 W
1788703119.051793752,0 %, 2398 MHz, 40, 11.81 W
1788703119.152103681,0 %, 2398 MHz, 40, 11.81 W
1788703119.252208809,0 %, 2398 MHz, 40, 11.81 W
1788703119.353174019,0 %, 2398 MHz, 40, 11.81 W
1788703119.453511260,0 %, 2398 MHz, 40, 11.81 W
1788703119.553876773,0 %, 2398 MHz, 40, 11.81 W
1788703119.654565295,0 %, 2398 MHz, 40, 11.81 W
1788703119.754919096,0 %, 2398 MHz, 40, 11.81 W
1788703119.855311217,0 %, 2398 MHz, 40, 11.78 W
1788703119.955607578,0 %, 2398 MHz, 40, 11.78 W
1788703120.055811922,0 %, 2398 MHz, 40, 11.78 W
1788703120.156481308,0 %, 2398 MHz, 40, 11.78 W
1788703120.256957237,0 %, 2398 MHz, 40, 11.78 W
1788703120.356287708,0 %, 2398 MHz, 40, 11.76 W
1788703120.457277591,0 %, 2398 MHz, 40, 11.76 W
1788703120.557441439,0 %, 2398 MHz, 40, 11.76 W
1788703120.657779432,0 %, 2398 MHz, 40, 11.76 W
1788703120.758528466,0 %, 2398 MHz, 40, 11.76 W
1788703120.858288906,0 %, 2398 MHz, 40, 11.79 W
1788703120.959023860,0 %, 2398 MHz, 40, 11.79 W
1788703121.059308908,0 %, 2398 MHz, 40, 11.79 W
1788703121.159491941,0 %, 2398 MHz, 40, 11.79 W
1788703121.260013439,0 %, 2398 MHz, 40, 11.79 W
1788703121.360169287,0 %, 2398 MHz, 40, 11.82 W
1788703121.460373856,0 %, 2398 MHz, 40, 11.82 W
1788703121.560663721,0 %, 2398 MHz, 40, 11.82 W
1788703121.661243794,0 %, 2398 MHz, 40, 11.82 W
1788703121.761795356,0 %, 2398 MHz, 40, 11.82 W
1788703121.861914436,0 %, 2398 MHz, 40, 11.81 W
1788703121.962510846,0 %, 2398 MHz, 40, 11.81 W
1788703122.062800615,0 %, 2398 MHz, 40, 11.81 W
1788703122.163342944,0 %, 2398 MHz, 40, 11.81 W
1788703122.263814346,0 %, 2398 MHz, 40, 11.81 W
1788703122.364168179,0 %, 2398 MHz, 40, 11.81 W
1788703122.463523194,0 %, 2398 MHz, 40, 11.81 W
1788703122.563642594,0 %, 2398 MHz, 40, 11.81 W
1788703122.663657355,0 %, 2398 MHz, 40, 11.81 W
1788703122.764863094,0 %, 2398 MHz, 40, 11.81 W
1788703122.865101614,0 %, 2398 MHz, 40, 11.83 W
1788703122.965819320,0 %, 2398 MHz, 40, 11.83 W
1788703123.066101185,0 %, 2398 MHz, 40, 11.83 W
1788703123.166477194,0 %, 2398 MHz, 40, 11.83 W
1788703123.267017732,0 %, 2398 MHz, 40, 11.83 W
1788703123.367712670,0 %, 2398 MHz, 40, 11.81 W
1788703123.468058839,0 %, 2398 MHz, 40, 11.81 W
1788703123.568219200,0 %, 2398 MHz, 40, 11.81 W
1788703123.668357192,0 %, 2398 MHz, 40, 11.81 W
1788703123.768925538,0 %, 2398 MHz, 40, 11.78 W
1788703123.869409291,0 %, 2398 MHz, 40, 11.78 W
1788703123.969609844,0 %, 2398 MHz, 40, 11.78 W
1788703124.069936685,0 %, 2398 MHz, 40, 11.78 W
1788703124.170305286,0 %, 2398 MHz, 40, 11.78 W
1788703124.270879824,0 %, 2398 MHz, 40, 11.76 W
1788703124.371511274,0 %, 2398 MHz, 40, 11.76 W
1788703124.471864931,0 %, 2398 MHz, 40, 11.76 W
1788703124.572281628,0 %, 2398 MHz, 40, 11.76 W
1788703124.672324869,0 %, 2398 MHz, 40, 11.76 W
1788703124.773074655,0 %, 2398 MHz, 40, 11.75 W
1788703124.873387528,0 %, 2398 MHz, 40, 11.75 W
1788703124.973674673,0 %, 2398 MHz, 40, 11.75 W
1788703125.074075898,0 %, 2398 MHz, 40, 11.75 W
1788703125.174369667,0 %, 2398 MHz, 40, 11.75 W
1788703125.275311886,0 %, 2398 MHz, 40, 11.76 W
1788703125.375424343,0 %, 2398 MHz, 40, 11.76 W
1788703125.475785600,0 %, 2398 MHz, 40, 11.76 W
1788703125.576097001,0 %, 2398 MHz, 40, 11.76 W
1788703125.677058948,0 %, 2398 MHz, 40, 11.76 W
1788703125.777654621,0 %, 2398 MHz, 40, 11.78 W
1788703125.877362133,0 %, 2398 MHz, 40, 11.78 W
1788703125.977749374,0 %, 2398 MHz, 40, 11.78 W
1788703126.078075048,0 %, 2398 MHz, 40, 11.78 W
1788703126.178441457,0 %, 2398 MHz, 40, 11.78 W
1788703126.279186715,0 %, 2398 MHz, 40, 11.79 W
1788703126.379483700,0 %, 2398 MHz, 40, 11.79 W
1788703126.479857325,0 %, 2398 MHz, 40, 11.79 W
1788703126.579968166,0 %, 2398 MHz, 40, 11.79 W
1788703126.680194991,0 %, 2398 MHz, 40, 11.79 W
1788703126.780946857,0 %, 2398 MHz, 40, 11.78 W
1788703126.881250226,0 %, 2398 MHz, 40, 11.78 W
1788703126.981008362,0 %, 2398 MHz, 40, 11.78 W
1788703127.081750324,0 %, 2398 MHz, 40, 11.78 W
1788703127.182069342,0 %, 2398 MHz, 40, 11.78 W
1788703127.283002440,0 %, 2398 MHz, 40, 11.76 W
1788703127.383086097,0 %, 2398 MHz, 40, 11.76 W
1788703127.483601387,0 %, 2398 MHz, 40, 11.76 W
1788703127.583804852,0 %, 2398 MHz, 40, 11.76 W
1788703127.684074109,0 %, 2398 MHz, 40, 11.76 W
1788703127.784452406,0 %, 2398 MHz, 40, 11.73 W
1788703127.885194560,0 %, 2398 MHz, 40, 11.73 W
1788703127.985449305,0 %, 2398 MHz, 40, 11.73 W
1788703128.085634002,0 %, 2398 MHz, 40, 11.73 W
1788703128.185972540,0 %, 2398 MHz, 40, 11.73 W
1788703128.286719430,0 %, 2398 MHz, 40, 11.74 W
1788703128.387027503,0 %, 2398 MHz, 40, 11.74 W
1788703128.487585161,0 %, 2398 MHz, 40, 11.74 W
1788703128.587715458,0 %, 2398 MHz, 40, 11.74 W
1788703128.688443180,0 %, 2398 MHz, 40, 11.74 W
1788703128.788766229,0 %, 2398 MHz, 40, 11.78 W
1788703128.889284431,0 %, 2398 MHz, 40, 11.78 W
1788703128.989401816,0 %, 2398 MHz, 40, 11.78 W
1788703129.089732785,0 %, 2398 MHz, 40, 11.78 W
1788703129.190488795,0 %, 2398 MHz, 40, 11.78 W
1788703129.290788261,0 %, 2398 MHz, 40, 11.81 W
1788703129.391128814,0 %, 2398 MHz, 40, 11.81 W
1788703129.491536967,0 %, 2398 MHz, 40, 11.81 W
1788703129.591647904,0 %, 2398 MHz, 40, 11.81 W
1788703129.692545851,0 %, 2398 MHz, 40, 11.81 W
1788703129.792882004,0 %, 2398 MHz, 40, 11.80 W
1788703129.893071469,0 %, 2398 MHz, 40, 11.80 W
1788703129.993351974,0 %, 2398 MHz, 40, 11.80 W
1788703130.094056753,0 %, 2398 MHz, 40, 11.80 W
1788703130.194414154,0 %, 2398 MHz, 40, 11.80 W
1788703130.295080564,0 %, 2398 MHz, 40, 11.78 W
1788703130.395080637,0 %, 2398 MHz, 40, 11.78 W
1788703130.496002471,0 %, 2398 MHz, 40, 11.78 W
1788703130.596141456,0 %, 2398 MHz, 40, 11.78 W
1788703130.696454826,0 %, 2398 MHz, 40, 11.78 W
1788703130.797084404,0 %, 2398 MHz, 40, 11.80 W
1788703130.897110268,0 %, 2398 MHz, 40, 11.80 W
1788703130.997286501,0 %, 2398 MHz, 40, 11.80 W
1788703131.098027264,0 %, 2398 MHz, 40, 11.80 W
1788703131.198357193,0 %, 2398 MHz, 40, 11.80 W
1788703131.298924563,0 %, 2398 MHz, 40, 11.82 W
1788703131.399038028,0 %, 2398 MHz, 40, 11.82 W
1788703131.499955511,0 %, 2398 MHz, 40, 11.82 W
1788703131.600051760,0 %, 2398 MHz, 40, 11.82 W
1788703131.700368665,0 %, 2398 MHz, 40, 11.82 W
1788703131.800760947,0 %, 2398 MHz, 40, 11.79 W
1788703131.901501021,0 %, 2398 MHz, 40, 11.79 W
1788703132.001712214,0 %, 2398 MHz, 40, 11.79 W
1788703132.102176656,0 %, 2398 MHz, 40, 11.79 W
1788703132.202472057,0 %, 2398 MHz, 40, 11.79 W
1788703132.303490372,0 %, 2398 MHz, 40, 11.78 W
1788703132.403510093,0 %, 2398 MHz, 40, 11.78 W
1788703132.504101783,0 %, 2398 MHz, 40, 11.78 W
1788703132.604379600,0 %, 2398 MHz, 40, 11.78 W
1788703132.704911658,0 %, 2398 MHz, 40, 11.78 W
1788703132.805246388,0 %, 2398 MHz, 40, 11.77 W
1788703132.905771997,0 %, 2398 MHz, 40, 11.77 W
1788703133.006193687,0 %, 2398 MHz, 40, 11.77 W
1788703133.106871905,0 %, 2398 MHz, 40, 11.77 W
1788703133.206992682,0 %, 2398 MHz, 40, 11.77 W
1788703133.307505668,0 %, 2398 MHz, 40, 11.76 W
1788703133.407665214,0 %, 2398 MHz, 40, 11.76 W
1788703133.508202711,0 %, 2398 MHz, 40, 11.76 W
1788703133.608736465,0 %, 2398 MHz, 40, 11.76 W
1788703133.709031051,0 %, 2398 MHz, 40, 11.76 W
1788703133.809380644,0 %, 2398 MHz, 40, 11.76 W
1788703133.909747998,0 %, 2398 MHz, 40, 11.76 W
1788703134.010585672,0 %, 2398 MHz, 40, 11.76 W
1788703134.110794722,0 %, 2398 MHz, 40, 11.76 W
1788703134.211131467,0 %, 2398 MHz, 40, 11.76 W
1788703134.311645525,0 %, 2398 MHz, 40, 11.74 W
1788703134.412157759,0 %, 2398 MHz, 40, 11.74 W
1788703134.512677801,0 %, 2398 MHz, 40, 11.74 W
1788703134.612863970,0 %, 2398 MHz, 40, 11.74 W
1788703134.713326428,0 %, 2398 MHz, 40, 11.74 W
1788703134.813893910,0 %, 2398 MHz, 40, 11.75 W
1788703134.914195920,0 %, 2398 MHz, 40, 11.75 W
1788703135.014500297,0 %, 2398 MHz, 40, 11.75 W
1788703135.114888291,0 %, 2398 MHz, 40, 11.75 W
1788703135.215814702,0 %, 2398 MHz, 40, 11.75 W
1788703135.315926199,0 %, 2398 MHz, 40, 11.78 W
1788703135.416237440,0 %, 2398 MHz, 40, 11.78 W
1788703135.516797899,0 %, 2398 MHz, 40, 11.78 W
1788703135.616116626,0 %, 2398 MHz, 40, 11.78 W
1788703135.716495372,0 %, 2398 MHz, 40, 11.78 W
1788703135.816577477,0 %, 2398 MHz, 40, 11.79 W
1788703135.917360319,0 %, 2398 MHz, 40, 11.79 W
1788703136.017659353,0 %, 2398 MHz, 40, 11.79 W
1788703136.118386691,0 %, 2398 MHz, 40, 11.79 W
1788703136.218724957,0 %, 2398 MHz, 40, 11.79 W
1788703136.319080119,0 %, 2398 MHz, 40, 11.79 W
1788703136.419283840,0 %, 2398 MHz, 40, 11.79 W
1788703136.520048650,0 %, 2398 MHz, 40, 11.79 W
1788703136.620357844,0 %, 2398 MHz, 40, 11.79 W
1788703136.721528079,0 %, 2398 MHz, 40, 11.79 W
1788703136.820853495,0 %, 2398 MHz, 40, 11.79 W
1788703136.921662305,0 %, 2398 MHz, 40, 11.79 W
1788703137.021366634,0 %, 2398 MHz, 40, 11.79 W
1788703137.121719107,0 %, 2398 MHz, 40, 11.79 W
1788703137.222617758,0 %, 2398 MHz, 40, 11.79 W
1788703137.322791544,0 %, 2398 MHz, 40, 11.77 W
1788703137.423170577,0 %, 2398 MHz, 40, 11.77 W
1788703137.523458235,0 %, 2398 MHz, 40, 11.77 W
1788703137.624180246,0 %, 2398 MHz, 40, 11.77 W
1788703137.724722944,0 %, 2398 MHz, 40, 11.77 W
1788703137.824905881,0 %, 2398 MHz, 40, 11.74 W
1788703137.925218611,0 %, 2398 MHz, 40, 11.74 W
1788703138.026096334,0 %, 2398 MHz, 40, 11.74 W
1788703138.126226391,0 %, 2398 MHz, 40, 11.74 W
1788703138.226577840,0 %, 2398 MHz, 40, 11.74 W
1788703138.327119131,0 %, 2398 MHz, 40, 11.75 W
1788703138.427611109,0 %, 2398 MHz, 40, 11.75 W
1788703138.527965822,0 %, 2398 MHz, 40, 11.75 W
1788703138.628248360,0 %, 2398 MHz, 40, 11.75 W
1788703138.728604754,0 %, 2398 MHz, 40, 11.75 W
1788703138.828881771,0 %, 2398 MHz, 40, 11.77 W
1788703138.929123221,0 %, 2398 MHz, 40, 11.77 W
1788703139.029922032,0 %, 2398 MHz, 40, 11.77 W
1788703139.130164505,0 %, 2398 MHz, 40, 11.77 W
1788703139.230525619,0 %, 2398 MHz, 40, 11.77 W
1788703139.331101389,0 %, 2398 MHz, 40, 11.76 W
1788703139.431578503,0 %, 2398 MHz, 40, 11.76 W
1788703139.531918545,0 %, 2398 MHz, 40, 11.76 W
1788703139.632243627,0 %, 2398 MHz, 40, 11.76 W
1788703139.732589877,0 %, 2398 MHz, 40, 11.76 W
1788703139.833500592,0 %, 2398 MHz, 40, 11.76 W
1788703139.933594425,0 %, 2398 MHz, 40, 11.76 W
1788703140.033880963,0 %, 2398 MHz, 40, 11.76 W
1788703140.134268428,0 %, 2398 MHz, 40, 11.76 W
1788703140.234414294,0 %, 2398 MHz, 40, 11.76 W
1788703140.334957312,0 %, 2398 MHz, 40, 11.77 W
1788703140.435466282,0 %, 2398 MHz, 40, 11.77 W
1788703140.535780596,0 %, 2398 MHz, 40, 11.77 W
1788703140.636333774,0 %, 2398 MHz, 40, 11.77 W
1788703140.736666568,0 %, 2398 MHz, 40, 11.77 W
1788703140.837196242,0 %, 2398 MHz, 40, 11.77 W
1788703140.937515996,0 %, 2398 MHz, 40, 11.77 W
1788703141.038078454,0 %, 2398 MHz, 40, 11.77 W
1788703141.138986961,0 %, 2398 MHz, 40, 11.77 W
1788703141.238972986,0 %, 2398 MHz, 40, 11.77 W
1788703141.339477525,0 %, 2398 MHz, 40, 11.76 W
1788703141.439445246,0 %, 2398 MHz, 40, 11.76 W
1788703141.539841608,0 %, 2398 MHz, 40, 11.76 W
1788703141.640121809,0 %, 2398 MHz, 40, 11.76 W
1788703141.740318587,0 %, 2398 MHz, 40, 11.76 W
1788703141.841214838,0 %, 2398 MHz, 40, 11.74 W
1788703141.941564592,0 %, 2398 MHz, 40, 11.74 W
1788703142.041750857,0 %, 2398 MHz, 40, 11.74 W
1788703142.141919811,0 %, 2398 MHz, 40, 11.74 W
1788703142.242238621,0 %, 2398 MHz, 40, 11.74 W
1788703142.343205368,0 %, 2398 MHz, 40, 11.73 W
1788703142.443306081,0 %, 2398 MHz, 40, 11.73 W
1788703142.543466811,0 %, 2398 MHz, 40, 11.73 W
1788703142.643810677,0 %, 2398 MHz, 40, 11.73 W
1788703142.744180863,0 %, 2398 MHz, 40, 11.73 W
1788703142.845075018,0 %, 2398 MHz, 40, 11.71 W
1788703142.945220851,0 %, 2398 MHz, 40, 11.71 W
1788703143.045507869,0 %, 2398 MHz, 40, 11.71 W
1788703143.145864983,0 %, 2398 MHz, 40, 11.71 W
1788703143.246214161,0 %, 2398 MHz, 40, 11.71 W
1788703143.347124780,0 %, 2398 MHz, 40, 11.71 W
1788703143.447220165,0 %, 2398 MHz, 40, 11.71 W
1788703143.547563823,0 %, 2398 MHz, 40, 11.71 W
1788703143.647927321,0 %, 2398 MHz, 40, 11.71 W
1788703143.748628100,0 %, 2398 MHz, 40, 11.71 W
1788703143.848975790,0 %, 2398 MHz, 40, 11.74 W
1788703143.949369576,0 %, 2398 MHz, 40, 11.74 W
1788703144.049620994,0 %, 2398 MHz, 40, 11.74 W
1788703144.151364127,0 %, 2398 MHz, 40, 11.74 W
1788703144.250903703,0 %, 2398 MHz, 40, 11.74 W
1788703144.351037393,0 %, 2398 MHz, 40, 11.74 W
1788703144.451365594,0 %, 2398 MHz, 40, 11.74 W
1788703144.552091749,0 %, 2398 MHz, 40, 11.74 W
1788703144.652415343,0 %, 2398 MHz, 40, 11.74 W
1788703144.752945082,0 %, 2398 MHz, 40, 11.74 W
1788703144.853110595,0 %, 2398 MHz, 40, 11.72 W
1788703144.953497725,0 %, 2398 MHz, 40, 11.72 W
1788703145.054094360,0 %, 2398 MHz, 40, 11.72 W
1788703145.154340098,0 %, 2398 MHz, 40, 11.72 W
1788703145.254686908,0 %, 2398 MHz, 40, 11.72 W
1788703145.354884501,0 %, 2398 MHz, 40, 11.75 W
1788703145.455220447,0 %, 2398 MHz, 40, 11.75 W
1788703145.555517257,0 %, 2398 MHz, 40, 11.75 W
1788703145.656451333,0 %, 2398 MHz, 40, 11.75 W
1788703145.756564190,0 %, 2398 MHz, 40, 11.75 W
1788703145.856952616,0 %, 2398 MHz, 40, 11.77 W
1788703145.957290722,0 %, 2398 MHz, 40, 11.77 W
1788703146.057517020,0 %, 2398 MHz, 40, 11.77 W
1788703146.158342711,0 %, 2398 MHz, 40, 11.77 W
1788703146.258675457,0 %, 2398 MHz, 40, 11.77 W
1788703146.359010059,0 %, 2398 MHz, 40, 11.75 W
1788703146.459442517,0 %, 2398 MHz, 40, 11.75 W
1788703146.559979408,0 %, 2398 MHz, 40, 11.75 W
1788703146.660320010,0 %, 2398 MHz, 40, 11.75 W
1788703146.760622660,0 %, 2398 MHz, 40, 11.75 W
1788703146.861188238,0 %, 2398 MHz, 40, 11.73 W
1788703146.961916761,0 %, 2398 MHz, 40, 11.73 W
1788703147.062043635,0 %, 2398 MHz, 40, 11.73 W
1788703147.162429421,0 %, 2398 MHz, 40, 11.73 W
1788703147.262966663,0 %, 2398 MHz, 40, 11.73 W
1788703147.363412642,0 %, 2398 MHz, 40, 11.73 W
1788703147.463584812,0 %, 2398 MHz, 40, 11.73 W
1788703147.563927158,0 %, 2398 MHz, 40, 11.73 W
1788703147.664301984,0 %, 2398 MHz, 40, 11.73 W
1788703147.764478442,0 %, 2398 MHz, 40, 11.73 W
1788703147.864796292,0 %, 2398 MHz, 40, 11.74 W
1788703147.965480494,0 %, 2398 MHz, 40, 11.74 W
1788703148.065831561,0 %, 2398 MHz, 40, 11.74 W
1788703148.166176691,0 %, 2398 MHz, 40, 11.74 W
1788703148.266443693,0 %, 2398 MHz, 40, 11.74 W
1788703148.366723159,0 %, 2398 MHz, 40, 11.78 W
1788703148.467461266,0 %, 2398 MHz, 40, 11.78 W
1788703148.568004844,0 %, 2398 MHz, 40, 11.78 W
1788703148.668094246,0 %, 2398 MHz, 40, 11.78 W
1788703148.768473824,0 %, 2398 MHz, 40, 11.78 W
1788703148.868794522,0 %, 2398 MHz, 40, 11.79 W
1788703148.969724821,0 %, 2398 MHz, 40, 11.79 W
1788703149.069871759,0 %, 2398 MHz, 40, 11.79 W
1788703149.170178521,0 %, 2398 MHz, 40, 11.79 W
1788703149.271348965,0 %, 2398 MHz, 40, 11.79 W
1788703149.371221102,0 %, 2398 MHz, 40, 11.78 W
1788703149.471556281,0 %, 2398 MHz, 40, 11.78 W
1788703149.571891827,0 %, 2398 MHz, 40, 11.78 W
1788703149.672681150,0 %, 2398 MHz, 40, 11.78 W
1788703149.772938440,0 %, 2398 MHz, 40, 11.81 W
1788703149.873253234,0 %, 2398 MHz, 40, 11.81 W
1788703149.973489372,0 %, 2398 MHz, 40, 11.81 W
1788703150.074048599,0 %, 2398 MHz, 40, 11.81 W
1788703150.174331265,0 %, 2398 MHz, 40, 11.81 W
1788703150.274719723,0 %, 2398 MHz, 40, 11.84 W
1788703150.375377286,0 %, 2398 MHz, 40, 11.84 W
1788703150.475775472,0 %, 2398 MHz, 40, 11.84 W
1788703150.575876650,0 %, 2398 MHz, 40, 11.84 W
1788703150.676767893,0 %, 2398 MHz, 40, 11.84 W
1788703150.776934431,0 %, 2398 MHz, 40, 11.81 W
1788703150.877237113,0 %, 2398 MHz, 40, 11.81 W
1788703150.977565043,0 %, 2398 MHz, 40, 11.81 W
1788703151.077807389,0 %, 2398 MHz, 40, 11.81 W
1788703151.178073591,0 %, 2398 MHz, 40, 11.81 W
1788703151.278995043,0 %, 2398 MHz, 40, 11.77 W
1788703151.379062781,0 %, 2398 MHz, 40, 11.77 W
1788703151.479410343,0 %, 2398 MHz, 40, 11.77 W
1788703151.579754177,0 %, 2398 MHz, 40, 11.77 W
1788703151.680415804,0 %, 2398 MHz, 40, 11.77 W
1788703151.780773334,0 %, 2398 MHz, 40, 11.77 W
1788703151.880952208,0 %, 2398 MHz, 40, 11.77 W
1788703151.981569675,0 %, 2398 MHz, 40, 11.77 W
1788703152.081748613,0 %, 2398 MHz, 40, 11.77 W
1788703152.182560400,0 %, 2398 MHz, 40, 11.77 W
1788703152.282967659,0 %, 2398 MHz, 40, 11.78 W
1788703152.383223493,0 %, 2398 MHz, 40, 11.78 W
1788703152.483439311,0 %, 2398 MHz, 40, 11.78 W
1788703152.584151994,0 %, 2398 MHz, 40, 11.78 W
1788703152.684667029,0 %, 2398 MHz, 40, 11.78 W
1788703152.785027151,0 %, 2398 MHz, 40, 11.79 W
1788703152.884641848,0 %, 2398 MHz, 40, 11.79 W
1788703152.984879282,0 %, 2398 MHz, 40, 11.79 W
1788703153.085036092,0 %, 2398 MHz, 40, 11.79 W
1788703153.185994823,0 %, 2398 MHz, 40, 11.79 W
1788703153.286675634,0 %, 2398 MHz, 40, 11.81 W
1788703153.386600364,0 %, 2398 MHz, 40, 11.81 W
1788703153.486969910,0 %, 2398 MHz, 40, 11.81 W
1788703153.587280992,0 %, 2398 MHz, 40, 11.81 W
1788703153.687426938,0 %, 2398 MHz, 40, 11.81 W
1788703153.787609668,0 %, 2398 MHz, 40, 11.81 W
1788703153.888145583,0 %, 2398 MHz, 40, 11.81 W
1788703153.988514585,0 %, 2398 MHz, 40, 11.81 W
1788703154.089205781,0 %, 2398 MHz, 40, 11.81 W
1788703154.189357983,0 %, 2398 MHz, 40, 11.81 W
1788703154.289951593,0 %, 2398 MHz, 40, 11.79 W
1788703154.390074675,0 %, 2398 MHz, 40, 11.79 W
1788703154.490182685,0 %, 2398 MHz, 40, 11.79 W
1788703154.590351207,0 %, 2398 MHz, 40, 11.79 W
1788703154.691115651,0 %, 2398 MHz, 40, 11.79 W
1788703154.791410445,0 %, 2398 MHz, 40, 11.79 W
1788703154.891998024,0 %, 2398 MHz, 40, 11.79 W
1788703154.992106002,0 %, 2398 MHz, 40, 11.79 W
1788703155.093035821,0 %, 2398 MHz, 40, 11.79 W
1788703155.193150983,0 %, 2398 MHz, 40, 11.79 W
1788703155.293501970,0 %, 2398 MHz, 40, 11.80 W
1788703155.393915548,0 %, 2398 MHz, 40, 11.80 W
1788703155.493703989,0 %, 2398 MHz, 40, 11.80 W
1788703155.593967280,0 %, 2398 MHz, 40, 11.80 W
1788703155.693943241,0 %, 2398 MHz, 40, 11.80 W
1788703155.794291380,0 %, 2398 MHz, 40, 11.84 W
1788703155.894394973,0 %, 2398 MHz, 40, 11.84 W
1788703155.994421831,0 %, 2398 MHz, 40, 11.84 W
1788703156.094767042,0 %, 2398 MHz, 40, 11.84 W
1788703156.195367469,0 %, 2398 MHz, 40, 11.84 W
1788703156.296292248,0 %, 2398 MHz, 40, 11.87 W
1788703156.396414370,0 %, 2398 MHz, 40, 11.87 W
1788703156.496734813,0 %, 2398 MHz, 40, 11.87 W
1788703156.597077559,0 %, 2398 MHz, 40, 11.87 W
1788703156.698070307,0 %, 2398 MHz, 40, 11.87 W
1788703156.798029133,0 %, 2398 MHz, 40, 11.88 W
1788703156.898508727,0 %, 2398 MHz, 40, 11.88 W
1788703156.998879554,0 %, 2398 MHz, 40, 11.88 W
1788703157.099027164,0 %, 2398 MHz, 40, 11.88 W
1788703157.199283894,0 %, 2398 MHz, 40, 11.88 W
1788703157.300188050,0 %, 2398 MHz, 40, 11.85 W
1788703157.400474620,0 %, 2398 MHz, 40, 11.85 W
1788703157.500870615,0 %, 2398 MHz, 40, 11.85 W
1788703157.601226593,0 %, 2398 MHz, 40, 11.85 W
1788703157.701444844,0 %, 2398 MHz, 40, 11.85 W
1788703157.801968263,0 %, 2398 MHz, 40, 11.83 W
1788703157.902474209,0 %, 2398 MHz, 40, 11.83 W
1788703158.002629339,0 %, 2398 MHz, 40, 11.83 W
1788703158.102878630,0 %, 2398 MHz, 40, 11.83 W
1788703158.203142192,0 %, 2398 MHz, 40, 11.83 W
1788703158.304058012,0 %, 2398 MHz, 40, 11.83 W
1788703158.404195766,0 %, 2398 MHz, 40, 11.83 W
1788703158.504426336,0 %, 2398 MHz, 40, 11.83 W
1788703158.604754699,0 %, 2398 MHz, 40, 11.83 W
1788703158.705321894,0 %, 2398 MHz, 40, 11.83 W
1788703158.805802097,0 %, 2398 MHz, 40, 11.81 W
1788703158.906680044,0 %, 2398 MHz, 40, 11.81 W
1788703159.006382885,0 %, 2398 MHz, 40, 11.81 W
1788703159.106818928,0 %, 2398 MHz, 40, 11.81 W
1788703159.207101483,0 %, 2398 MHz, 40, 11.81 W
1788703159.307290629,0 %, 2398 MHz, 40, 11.81 W
1788703159.408063328,0 %, 2398 MHz, 40, 11.81 W
1788703159.508335435,0 %, 2398 MHz, 40, 11.81 W
1788703159.607915044,0 %, 2398 MHz, 40, 11.81 W
1788703159.708896368,0 %, 2398 MHz, 40, 11.81 W
1788703159.809164682,0 %, 2398 MHz, 40, 11.85 W
1788703159.909345604,0 %, 2398 MHz, 40, 11.85 W
1788703160.010080656,0 %, 2398 MHz, 40, 11.85 W
1788703160.110395594,0 %, 2398 MHz, 40, 11.85 W
1788703160.210585444,0 %, 2398 MHz, 40, 11.85 W
1788703160.310999263,0 %, 2398 MHz, 40, 11.84 W
1788703160.411304314,0 %, 2398 MHz, 40, 11.84 W
1788703160.512016165,0 %, 2398 MHz, 40, 11.84 W
1788703160.612184287,0 %, 2398 MHz, 40, 11.84 W
1788703160.712492922,0 %, 2398 MHz, 40, 11.84 W
1788703160.812880837,0 %, 2398 MHz, 40, 11.78 W
1788703160.913405680,0 %, 2398 MHz, 40, 11.78 W
1788703161.013352265,0 %, 2398 MHz, 40, 11.78 W
1788703161.113761812,0 %, 2398 MHz, 40, 11.78 W
1788703161.214417407,0 %, 2398 MHz, 40, 11.78 W
1788703161.314736074,0 %, 2398 MHz, 40, 11.76 W
1788703161.415120565,0 %, 2398 MHz, 40, 11.76 W
1788703161.515418223,0 %, 2398 MHz, 40, 11.76 W
1788703161.616139003,0 %, 2398 MHz, 40, 11.76 W
1788703161.716440021,0 %, 2398 MHz, 40, 11.76 W
1788703161.817537458,0 %, 2398 MHz, 40, 11.77 W
1788703161.917168827,0 %, 2398 MHz, 40, 11.77 W
1788703162.017312229,0 %, 2398 MHz, 40, 11.77 W
1788703162.118073344,0 %, 2398 MHz, 40, 11.77 W
1788703162.218388123,0 %, 2398 MHz, 40, 11.77 W
1788703162.318567109,0 %, 2398 MHz, 40, 11.77 W
1788703162.418959360,0 %, 2398 MHz, 40, 11.77 W
1788703162.519291371,0 %, 2398 MHz, 40, 11.77 W
1788703162.619993062,0 %, 2398 MHz, 40, 11.77 W
1788703162.720294353,0 %, 2398 MHz, 40, 11.77 W
1788703162.820481275,0 %, 2398 MHz, 40, 11.76 W
1788703162.921103559,0 %, 2398 MHz, 40, 11.76 W
1788703163.021250017,0 %, 2398 MHz, 40, 11.76 W
1788703163.121905052,0 %, 2398 MHz, 40, 11.76 W
1788703163.222241895,0 %, 2398 MHz, 40, 11.76 W
1788703163.322446513,0 %, 2398 MHz, 40, 11.75 W
1788703163.422860700,0 %, 2398 MHz, 40, 11.75 W
1788703163.523164631,0 %, 2398 MHz, 40, 11.75 W
1788703163.623916882,0 %, 2398 MHz, 40, 11.75 W
1788703163.724704382,0 %, 2398 MHz, 40, 11.75 W
1788703163.825182713,0 %, 2398 MHz, 40, 11.73 W
1788703163.924727026,0 %, 2398 MHz, 40, 11.73 W
1788703164.025096157,0 %, 2398 MHz, 40, 11.73 W
1788703164.125269271,0 %, 2398 MHz, 40, 11.73 W
1788703164.226161827,0 %, 2398 MHz, 40, 11.73 W
1788703164.326258926,0 %, 2398 MHz, 40, 11.75 W
1788703164.426630200,0 %, 2398 MHz, 40, 11.75 W
1788703164.526959171,0 %, 2398 MHz, 40, 11.75 W
1788703164.627335678,0 %, 2398 MHz, 40, 11.75 W
1788703164.727301848,0 %, 2398 MHz, 40, 11.75 W
1788703164.827634643,0 %, 2398 MHz, 40, 11.79 W
1788703164.928533007,0 %, 2398 MHz, 40, 11.79 W
1788703165.028703129,0 %, 2398 MHz, 40, 11.79 W
1788703165.129044900,0 %, 2398 MHz, 40, 11.79 W
1788703165.229312798,0 %, 2398 MHz, 40, 11.79 W
1788703165.330027130,0 %, 2398 MHz, 40, 11.78 W
1788703165.430333301,0 %, 2398 MHz, 40, 11.78 W
1788703165.530670431,0 %, 2398 MHz, 40, 11.78 W
1788703165.630998202,0 %, 2398 MHz, 40, 11.78 W
1788703165.732043719,0 %, 2398 MHz, 40, 11.78 W
1788703165.831986865,0 %, 2398 MHz, 40, 11.78 W
1788703165.932500924,0 %, 2398 MHz, 40, 11.78 W
1788703166.032907447,0 %, 2398 MHz, 40, 11.78 W
1788703166.133190801,0 %, 2398 MHz, 40, 11.78 W
1788703166.233461372,0 %, 2398 MHz, 40, 11.78 W
1788703166.333972087,0 %, 2398 MHz, 40, 11.80 W
1788703166.434293042,0 %, 2398 MHz, 40, 11.80 W
1788703166.534867709,0 %, 2398 MHz, 40, 11.80 W
1788703166.635187688,0 %, 2398 MHz, 40, 11.80 W
1788703166.735603795,0 %, 2398 MHz, 40, 11.80 W
1788703166.835953662,0 %, 2398 MHz, 40, 11.81 W
1788703166.936310809,0 %, 2398 MHz, 40, 11.81 W
1788703167.036624692,0 %, 2398 MHz, 40, 11.81 W
1788703167.136962190,0 %, 2398 MHz, 40, 11.81 W
1788703167.237663706,0 %, 2398 MHz, 40, 11.81 W
1788703167.338038885,0 %, 2398 MHz, 40, 11.81 W
1788703167.438365152,0 %, 2398 MHz, 40, 11.81 W
1788703167.538924731,0 %, 2398 MHz, 40, 11.81 W
1788703167.639404758,0 %, 2398 MHz, 40, 11.81 W
1788703167.739720369,0 %, 2398 MHz, 40, 11.81 W
1788703167.840036956,0 %, 2398 MHz, 40, 11.79 W
1788703167.940555575,0 %, 2398 MHz, 40, 11.79 W
1788703168.041113171,0 %, 2398 MHz, 40, 11.79 W
1788703168.140529564,0 %, 2398 MHz, 40, 11.79 W
1788703168.241553912,0 %, 2398 MHz, 40, 11.79 W
1788703168.341895427,0 %, 2398 MHz, 40, 11.77 W
1788703168.442205134,0 %, 2398 MHz, 40, 11.77 W
1788703168.542453432,0 %, 2398 MHz, 40, 11.77 W
1788703168.642764147,0 %, 2398 MHz, 40, 11.77 W
1788703168.743447519,0 %, 2398 MHz, 40, 11.77 W
1788703168.843623945,0 %, 2398 MHz, 40, 11.75 W
1788703168.944165093,0 %, 2398 MHz, 40, 11.75 W
1788703169.044343119,0 %, 2398 MHz, 40, 11.75 W
1788703169.144721578,0 %, 2398 MHz, 40, 11.75 W
1788703169.245367798,0 %, 2398 MHz, 40, 11.75 W
1788703169.345910497,0 %, 2398 MHz, 40, 11.75 W
1788703169.446192796,0 %, 2398 MHz, 40, 11.75 W
1788703169.546397447,0 %, 2398 MHz, 40, 11.75 W
1788703169.647099859,0 %, 2398 MHz, 40, 11.75 W
1788703169.747614622,0 %, 2398 MHz, 40, 11.75 W
1788703169.847786585,0 %, 2398 MHz, 40, 11.75 W
1788703169.948334772,0 %, 2398 MHz, 40, 11.75 W
1788703170.048847679,0 %, 2398 MHz, 40, 11.75 W
1788703170.149145018,0 %, 2398 MHz, 40, 11.75 W
1788703170.249434981,0 %, 2398 MHz, 40, 11.75 W
1788703170.350028897,0 %, 2398 MHz, 40, 11.76 W
1788703170.450354059,0 %, 2398 MHz, 40, 11.76 W
1788703170.550329750,0 %, 2398 MHz, 40, 11.76 W
1788703170.651122706,0 %, 2398 MHz, 40, 11.76 W
1788703170.751778189,0 %, 2398 MHz, 40, 11.76 W
1788703170.851529111,0 %, 2398 MHz, 40, 11.78 W
1788703170.952121923,0 %, 2398 MHz, 40, 11.78 W
1788703171.052211357,0 %, 2398 MHz, 40, 11.78 W
1788703171.152963113,0 %, 2398 MHz, 40, 11.78 W
1788703171.253275556,0 %, 2398 MHz, 40, 11.78 W
1788703171.353612239,0 %, 2398 MHz, 40, 11.76 W
1788703171.453969130,0 %, 2398 MHz, 40, 11.76 W
1788703171.554242373,0 %, 2398 MHz, 40, 11.76 W
1788703171.654975665,0 %, 2398 MHz, 40, 11.76 W
1788703171.755297596,0 %, 2398 MHz, 40, 11.76 W
1788703171.855417510,0 %, 2398 MHz, 40, 11.76 W
1788703171.956004626,0 %, 2398 MHz, 40, 11.76 W
1788703172.056298013,0 %, 2398 MHz, 40, 11.76 W
1788703172.156307543,0 %, 2398 MHz, 40, 11.76 W
1788703172.256449042,0 %, 2398 MHz, 40, 11.76 W
1788703172.357180862,0 %, 2398 MHz, 40, 11.78 W
1788703172.457439384,0 %, 2398 MHz, 40, 11.78 W
1788703172.557114658,0 %, 2398 MHz, 40, 11.78 W
1788703172.657315389,0 %, 2398 MHz, 40, 11.78 W
1788703172.757439031,0 %, 2398 MHz, 40, 11.78 W
1788703172.857864211,0 %, 2398 MHz, 40, 11.77 W
1788703172.958902207,0 %, 2398 MHz, 40, 11.77 W
1788703173.059131658,0 %, 2398 MHz, 40, 11.77 W
1788703173.159680822,0 %, 2398 MHz, 40, 11.77 W
1788703173.260021441,0 %, 2398 MHz, 40, 11.77 W
1788703173.360389132,0 %, 2398 MHz, 40, 11.76 W
1788703173.460729783,0 %, 2398 MHz, 40, 11.76 W
1788703173.561426563,0 %, 2398 MHz, 40, 11.76 W
1788703173.661596510,0 %, 2398 MHz, 40, 11.76 W
1788703173.761931257,0 %, 2398 MHz, 40, 11.76 W
1788703173.862426276,0 %, 2398 MHz, 40, 11.78 W
1788703173.962645791,0 %, 2398 MHz, 40, 11.78 W
1788703174.063017498,0 %, 2398 MHz, 40, 11.78 W
1788703174.163494118,0 %, 2398 MHz, 40, 11.78 W
1788703174.263846433,0 %, 2398 MHz, 40, 11.78 W
1788703174.364435020,0 %, 2398 MHz, 40, 11.77 W
1788703174.464416583,0 %, 2398 MHz, 40, 11.77 W
1788703174.564777986,0 %, 2398 MHz, 40, 11.77 W
1788703174.665469022,0 %, 2398 MHz, 40, 11.77 W
1788703174.765811145,0 %, 2398 MHz, 40, 11.77 W
1788703174.866104964,0 %, 2398 MHz, 40, 11.75 W
1788703174.966438303,0 %, 2398 MHz, 40, 11.75 W
1788703175.066762586,0 %, 2398 MHz, 40, 11.75 W
1788703175.167482662,0 %, 2398 MHz, 40, 11.75 W
1788703175.267999090,0 %, 2398 MHz, 40, 11.75 W
1788703175.368332317,0 %, 2398 MHz, 40, 11.76 W
1788703175.468351847,0 %, 2398 MHz, 40, 11.76 W
1788703175.568754691,0 %, 2398 MHz, 40, 11.76 W
1788703175.669417199,0 %, 2398 MHz, 40, 11.76 W
1788703175.769936138,0 %, 2398 MHz, 40, 11.76 W
1788703175.870088741,0 %, 2398 MHz, 40, 11.76 W
1788703175.970308384,0 %, 2398 MHz, 40, 11.76 W
1788703176.070687963,0 %, 2398 MHz, 40, 11.76 W
1788703176.170242389,0 %, 2398 MHz, 40, 11.76 W
1788703176.270392079,0 %, 2398 MHz, 40, 11.76 W
1788703176.370401962,0 %, 2398 MHz, 40, 11.73 W
1788703176.470722501,0 %, 2398 MHz, 40, 11.73 W
1788703176.571610498,0 %, 2398 MHz, 40, 11.73 W
1788703176.671777052,0 %, 2398 MHz, 40, 11.73 W
1788703176.772446504,0 %, 2398 MHz, 40, 11.73 W
1788703176.872945284,0 %, 2398 MHz, 40, 11.73 W
1788703176.973124879,0 %, 2398 MHz, 40, 11.73 W
1788703177.073625402,0 %, 2398 MHz, 40, 11.73 W
1788703177.174177270,0 %, 2398 MHz, 40, 11.73 W
1788703177.274548305,0 %, 2398 MHz, 40, 11.74 W
1788703177.374832764,0 %, 2398 MHz, 40, 11.74 W
1788703177.475359464,0 %, 2398 MHz, 40, 11.74 W
1788703177.575859972,0 %, 2398 MHz, 40, 11.74 W
1788703177.676234191,0 %, 2398 MHz, 40, 11.74 W
1788703177.776465466,0 %, 2398 MHz, 40, 11.73 W
1788703177.877030406,0 %, 2398 MHz, 40, 11.73 W
1788703177.977349281,0 %, 2398 MHz, 40, 11.73 W
1788703178.077482860,0 %, 2398 MHz, 40, 11.73 W
1788703178.178242200,0 %, 2398 MHz, 40, 11.73 W
1788703178.278373683,0 %, 2398 MHz, 40, 11.74 W
1788703178.378736878,0 %, 2398 MHz, 40, 11.74 W
1788703178.478926825,0 %, 2398 MHz, 40, 11.74 W
1788703178.579232948,0 %, 2398 MHz, 40, 11.74 W
1788703178.680123729,0 %, 2398 MHz, 40, 11.74 W
1788703178.780387340,0 %, 2398 MHz, 40, 11.73 W
1788703178.880537847,0 %, 2398 MHz, 40, 11.73 W
1788703178.980214321,0 %, 2398 MHz, 40, 11.73 W
1788703179.080994013,0 %, 2398 MHz, 40, 11.73 W
1788703179.181317736,0 %, 2398 MHz, 40, 11.73 W
1788703179.281920196,0 %, 2398 MHz, 40, 11.73 W
1788703179.382388000,0 %, 2398 MHz, 40, 11.73 W
1788703179.482568091,0 %, 2398 MHz, 40, 11.73 W
1788703179.582884694,0 %, 2398 MHz, 40, 11.73 W
1788703179.684003651,0 %, 2398 MHz, 40, 11.73 W
1788703179.783603453,0 %, 2398 MHz, 40, 11.74 W
1788703179.884310409,0 %, 2398 MHz, 40, 11.74 W
1788703179.984629364,0 %, 2398 MHz, 40, 11.74 W
1788703180.085130704,0 %, 2398 MHz, 40, 11.74 W
1788703180.185290603,0 %, 2398 MHz, 40, 11.74 W
1788703180.286238967,0 %, 2398 MHz, 40, 11.75 W
1788703180.386350130,0 %, 2398 MHz, 40, 11.75 W
1788703180.486741054,0 %, 2398 MHz, 40, 11.75 W
1788703180.587207385,0 %, 2398 MHz, 40, 11.75 W
1788703180.687968198,0 %, 2398 MHz, 40, 11.75 W
1788703180.788093297,0 %, 2398 MHz, 40, 11.74 W
1788703180.888391644,0 %, 2398 MHz, 40, 11.74 W
1788703180.988767607,0 %, 2398 MHz, 40, 11.74 W
1788703181.089646516,0 %, 2398 MHz, 40, 11.74 W
1788703181.189823823,0 %, 2398 MHz, 40, 11.74 W
1788703181.290163802,0 %, 2398 MHz, 40, 11.73 W
1788703181.390266149,0 %, 2398 MHz, 40, 11.73 W
1788703181.490460768,0 %, 2398 MHz, 40, 11.73 W
1788703181.590871276,0 %, 2398 MHz, 40, 11.73 W
1788703181.691155719,0 %, 2398 MHz, 40, 11.73 W
1788703181.791337362,0 %, 2398 MHz, 40, 11.74 W
1788703181.892086334,0 %, 2398 MHz, 40, 11.74 W
1788703181.992551178,0 %, 2398 MHz, 40, 11.74 W
1788703182.092744357,0 %, 2398 MHz, 40, 11.74 W
1788703182.193067313,0 %, 2398 MHz, 40, 11.74 W
1788703182.293473052,0 %, 2398 MHz, 40, 11.70 W
1788703182.394012392,0 %, 2398 MHz, 40, 11.70 W
1788703182.494290611,0 %, 2398 MHz, 40, 11.70 W
1788703182.594482894,0 %, 2398 MHz, 40, 11.70 W
1788703182.694900794,0 %, 2398 MHz, 40, 11.70 W
1788703182.795389702,0 %, 2398 MHz, 40, 11.68 W
1788703182.895347632,0 %, 2398 MHz, 40, 11.68 W
1788703182.996128237,0 %, 2398 MHz, 40, 11.68 W
1788703183.095537510,0 %, 2398 MHz, 40, 11.68 W
1788703183.195917890,0 %, 2398 MHz, 40, 11.68 W
1788703183.296098909,0 %, 2398 MHz, 40, 11.73 W
1788703183.396084168,0 %, 2398 MHz, 40, 11.73 W
1788703183.496117714,0 %, 2398 MHz, 40, 11.73 W
1788703183.597324864,0 %, 2398 MHz, 40, 11.73 W
1788703183.697752523,0 %, 2398 MHz, 40, 11.73 W
1788703183.797991895,0 %, 2398 MHz, 40, 11.75 W
1788703183.898263298,0 %, 2398 MHz, 40, 11.75 W
1788703183.999015390,0 %, 2398 MHz, 40, 11.75 W
1788703184.099297050,0 %, 2398 MHz, 40, 11.75 W
1788703184.199634629,0 %, 2398 MHz, 40, 11.75 W
1788703184.300395234,0 %, 2398 MHz, 40, 11.71 W
1788703184.400253628,0 %, 2398 MHz, 40, 11.71 W
1788703184.500974745,0 %, 2398 MHz, 40, 11.71 W
1788703184.601267828,0 %, 2398 MHz, 40, 11.71 W
1788703184.701612815,0 %, 2398 MHz, 40, 11.71 W
1788703184.802171739,0 %, 2398 MHz, 40, 11.69 W
1788703184.902866360,0 %, 2398 MHz, 40, 11.69 W
1788703185.002944563,0 %, 2398 MHz, 40, 11.69 W
1788703185.103236862,0 %, 2398 MHz, 40, 11.69 W
1788703185.203401513,0 %, 2398 MHz, 40, 11.69 W
1788703185.304012645,0 %, 2398 MHz, 40, 11.70 W
1788703185.404111584,0 %, 2398 MHz, 40, 11.70 W
1788703185.504269308,0 %, 2398 MHz, 40, 11.70 W
1788703185.605029464,0 %, 2398 MHz, 40, 11.70 W
1788703185.705532164,0 %, 2398 MHz, 40, 11.70 W
1788703185.805632719,0 %, 2398 MHz, 40, 11.71 W
1788703185.906045915,0 %, 2398 MHz, 40, 11.71 W
1788703186.006726023,0 %, 2398 MHz, 40, 11.71 W
1788703186.107038546,0 %, 2398 MHz, 40, 11.71 W
1788703186.207597583,0 %, 2398 MHz, 40, 11.71 W
1788703186.307986458,0 %, 2398 MHz, 40, 11.71 W
1788703186.408592342,0 %, 2398 MHz, 40, 11.71 W
1788703186.508600161,0 %, 2398 MHz, 40, 11.71 W
1788703186.608949533,0 %, 2398 MHz, 40, 11.71 W
1788703186.709992250,0 %, 2398 MHz, 40, 11.71 W
1788703186.809625092,0 %, 2398 MHz, 40, 11.68 W
1788703186.909983936,0 %, 2398 MHz, 40, 11.68 W
1788703187.010634204,0 %, 2398 MHz, 40, 11.68 W
1788703187.111164328,0 %, 2398 MHz, 40, 11.68 W
1788703187.211498612,0 %, 2398 MHz, 40, 11.68 W
1788703187.311912639,0 %, 2398 MHz, 40, 11.68 W
1788703187.412561580,0 %, 2398 MHz, 40, 11.68 W
1788703187.512535382,0 %, 2398 MHz, 40, 11.68 W
1788703187.612926114,0 %, 2398 MHz, 40, 11.68 W
1788703187.713272366,0 %, 2398 MHz, 40, 11.68 W
1788703187.813640633,0 %, 2398 MHz, 40, 11.70 W
1788703187.913988405,0 %, 2398 MHz, 40, 11.70 W
1788703188.015437427,0 %, 2398 MHz, 40, 11.70 W
1788703188.115011501,0 %, 2398 MHz, 40, 11.70 W
1788703188.215177192,0 %, 2398 MHz, 40, 11.70 W
1788703188.315551124,0 %, 2398 MHz, 40, 11.69 W
1788703188.415625247,0 %, 2398 MHz, 40, 11.69 W
1788703188.516425196,0 %, 2398 MHz, 40, 11.69 W
1788703188.616599767,0 %, 2398 MHz, 40, 11.69 W
1788703188.716979587,0 %, 2398 MHz, 40, 11.69 W
1788703188.817259278,0 %, 2398 MHz, 40, 11.66 W
1788703188.917605066,0 %, 2398 MHz, 40, 11.66 W
1788703189.017832854,0 %, 2398 MHz, 40, 11.66 W
1788703189.118495938,0 %, 2398 MHz, 40, 11.66 W
1788703189.218992398,0 %, 2398 MHz, 40, 11.66 W
1788703189.319337066,0 %, 2398 MHz, 40, 11.67 W
1788703189.419436181,0 %, 2398 MHz, 40, 11.67 W
1788703189.519763792,0 %, 2398 MHz, 40, 11.67 W
1788703189.620453261,0 %, 2398 MHz, 40, 11.67 W
1788703189.720792201,0 %, 2398 MHz, 40, 11.67 W
1788703189.821247141,0 %, 2398 MHz, 40, 11.66 W
1788703189.921453264,0 %, 2398 MHz, 40, 11.66 W
1788703190.021603371,0 %, 2398 MHz, 40, 11.66 W
1788703190.121995847,0 %, 2398 MHz, 40, 11.66 W
1788703190.222574083,0 %, 2398 MHz, 40, 11.66 W
1788703190.323117472,0 %, 2398 MHz, 40, 11.63 W
1788703190.423256315,0 %, 2398 MHz, 40, 11.63 W
1788703190.523593239,0 %, 2398 MHz, 40, 11.63 W
1788703190.623865490,0 %, 2398 MHz, 40, 11.63 W
1788703190.724549471,0 %, 2398 MHz, 40, 11.63 W
1788703190.825066523,0 %, 2398 MHz, 40, 11.65 W
1788703190.925441975,0 %, 2398 MHz, 40, 11.65 W
1788703191.025392673,0 %, 2398 MHz, 40, 11.65 W
1788703191.125934270,0 %, 2398 MHz, 40, 11.65 W
1788703191.226604458,0 %, 2398 MHz, 40, 11.65 W
1788703191.326962966,0 %, 2398 MHz, 40, 11.72 W
1788703191.427285298,0 %, 2398 MHz, 40, 11.72 W
1788703191.527436061,0 %, 2398 MHz, 40, 11.72 W
1788703191.627806169,0 %, 2398 MHz, 40, 11.72 W
1788703191.728667878,0 %, 2398 MHz, 40, 11.72 W
1788703191.828839345,0 %, 2398 MHz, 40, 11.71 W
1788703191.928915308,0 %, 2398 MHz, 40, 11.71 W
1788703192.029327112,0 %, 2398 MHz, 40, 11.71 W
1788703192.129480708,0 %, 2398 MHz, 40, 11.71 W
1788703192.229858768,0 %, 2398 MHz, 40, 11.71 W
1788703192.330876701,0 %, 2398 MHz, 40, 11.67 W
1788703192.430880040,0 %, 2398 MHz, 40, 11.67 W
1788703192.531375508,0 %, 2398 MHz, 40, 11.67 W
1788703192.631401471,0 %, 2398 MHz, 40, 11.67 W
1788703192.731954267,0 %, 2398 MHz, 40, 11.67 W
1788703192.832657592,0 %, 2398 MHz, 40, 11.65 W
1788703192.932800291,0 %, 2398 MHz, 40, 11.65 W
1788703193.033100031,0 %, 2398 MHz, 40, 11.65 W
1788703193.133442827,0 %, 2398 MHz, 40, 11.65 W
1788703193.233827799,0 %, 2398 MHz, 40, 11.65 W
1788703193.334675988,0 %, 2398 MHz, 40, 11.65 W
1788703193.434856655,0 %, 2398 MHz, 40, 11.65 W
1788703193.535354988,0 %, 2398 MHz, 40, 11.65 W
1788703193.635370343,0 %, 2398 MHz, 40, 11.65 W
1788703193.736076867,0 %, 2398 MHz, 40, 11.65 W
1788703193.836577488,0 %, 2398 MHz, 40, 11.67 W
1788703193.936958395,0 %, 2398 MHz, 40, 11.67 W
1788703194.037120311,0 %, 2398 MHz, 40, 11.67 W
1788703194.137491347,0 %, 2398 MHz, 40, 11.67 W
1788703194.238190928,0 %, 2398 MHz, 40, 11.67 W
1788703194.338669996,0 %, 2398 MHz, 40, 11.67 W
1788703194.438906647,0 %, 2398 MHz, 40, 11.67 W
1788703194.539179763,0 %, 2398 MHz, 40, 11.67 W
1788703194.639859296,0 %, 2398 MHz, 40, 11.67 W
1788703194.740242236,0 %, 2398 MHz, 40, 11.67 W
1788703194.840516855,0 %, 2398 MHz, 40, 11.68 W
1788703194.941088468,0 %, 2398 MHz, 40, 11.68 W
1788703195.041578064,0 %, 2398 MHz, 40, 11.68 W
1788703195.141960620,0 %, 2398 MHz, 40, 11.68 W
1788703195.242288040,0 %, 2398 MHz, 40, 11.68 W
1788703195.342821268,0 %, 2398 MHz, 40, 11.68 W
1788703195.443099680,0 %, 2398 MHz, 40, 11.68 W
1788703195.543743197,0 %, 2398 MHz, 40, 11.68 W
1788703195.644118233,0 %, 2398 MHz, 40, 11.68 W
1788703195.744503797,0 %, 2398 MHz, 40, 11.68 W
1788703195.844791232,0 %, 2398 MHz, 40, 11.68 W
1788703195.945492173,0 %, 2398 MHz, 40, 11.68 W
1788703196.045578648,0 %, 2398 MHz, 40, 11.68 W
1788703196.145944708,0 %, 2398 MHz, 40, 11.68 W
1788703196.246250576,0 %, 2398 MHz, 40, 11.68 W
1788703196.346615068,0 %, 2398 MHz, 40, 11.71 W
1788703196.446978216,0 %, 2398 MHz, 40, 11.71 W
1788703196.547618325,0 %, 2398 MHz, 40, 11.71 W
1788703196.646939615,0 %, 2398 MHz, 40, 11.71 W
1788703196.747441563,0 %, 2398 MHz, 40, 11.71 W
1788703196.848188200,0 %, 2398 MHz, 40, 11.73 W
1788703196.948435812,0 %, 2398 MHz, 40, 11.73 W
1788703197.048532303,0 %, 2398 MHz, 40, 11.73 W
1788703197.148947787,0 %, 2398 MHz, 40, 11.73 W
1788703197.249259527,0 %, 2398 MHz, 40, 11.73 W
1788703197.350188916,0 %, 2398 MHz, 40, 11.69 W
1788703197.450316976,0 %, 2398 MHz, 40, 11.69 W
1788703197.550453963,0 %, 2398 MHz, 40, 11.69 W
1788703197.651067112,0 %, 2398 MHz, 40, 11.69 W
1788703197.751354916,0 %, 2398 MHz, 40, 11.69 W
1788703197.851332015,0 %, 2398 MHz, 40, 11.66 W
1788703197.952071372,0 %, 2398 MHz, 40, 11.66 W
1788703198.052561960,0 %, 2398 MHz, 40, 11.66 W
1788703198.152810100,0 %, 2398 MHz, 40, 11.66 W
1788703198.253113152,0 %, 2398 MHz, 40, 11.66 W
1788703198.352698522,0 %, 2398 MHz, 40, 11.66 W
1788703198.453200935,0 %, 2398 MHz, 40, 11.66 W
1788703198.553553971,0 %, 2398 MHz, 40, 11.66 W
1788703198.654247792,0 %, 2398 MHz, 40, 11.66 W
1788703198.754358155,0 %, 2398 MHz, 40, 11.66 W
1788703198.854435719,0 %, 2398 MHz, 40, 11.68 W
1788703198.955303076,0 %, 2398 MHz, 40, 11.68 W
1788703199.055571312,0 %, 2398 MHz, 40, 11.68 W
1788703199.156320893,0 %, 2398 MHz, 40, 11.68 W
1788703199.256643609,0 %, 2398 MHz, 40, 11.68 W
1788703199.357017333,0 %, 2398 MHz, 40, 11.70 W
1788703199.457298689,0 %, 2398 MHz, 40, 11.70 W
1788703199.558061806,0 %, 2398 MHz, 40, 11.70 W
1788703199.658558250,0 %, 2398 MHz, 40, 11.70 W
1788703199.759510007,0 %, 2398 MHz, 40, 11.70 W
1788703199.858865441,0 %, 2398 MHz, 40, 11.72 W
1788703199.959191997,0 %, 2398 MHz, 40, 11.72 W
1788703200.060120683,0 %, 2398 MHz, 40, 11.72 W
1788703200.160294055,0 %, 2398 MHz, 40, 11.72 W
1788703200.260480018,0 %, 2398 MHz, 40, 11.72 W
1788703200.360824238,0 %, 2398 MHz, 40, 11.72 W
1788703200.461163802,0 %, 2398 MHz, 40, 11.72 W
1788703200.561454358,0 %, 2398 MHz, 40, 11.72 W
1788703200.662335636,0 %, 2398 MHz, 40, 11.72 W
1788703200.762621888,0 %, 2398 MHz, 40, 11.72 W
1788703200.862856604,0 %, 2398 MHz, 40, 11.72 W
1788703200.963148056,0 %, 2398 MHz, 40, 11.72 W
1788703201.063317107,0 %, 2398 MHz, 40, 11.72 W
1788703201.164054752,0 %, 2398 MHz, 40, 11.72 W
1788703201.264424717,0 %, 2398 MHz, 40, 11.72 W
1788703201.364668504,0 %, 2398 MHz, 40, 11.75 W
1788703201.465038821,0 %, 2398 MHz, 40, 11.75 W
1788703201.565283041,0 %, 2398 MHz, 40, 11.75 W
1788703201.666002589,0 %, 2398 MHz, 40, 11.75 W
1788703201.766509642,0 %, 2398 MHz, 40, 11.75 W
1788703201.866493877,0 %, 2398 MHz, 40, 11.76 W
1788703201.966887042,0 %, 2398 MHz, 40, 11.76 W
1788703202.067183022,0 %, 2398 MHz, 40, 11.76 W
1788703202.167351817,0 %, 2398 MHz, 40, 11.76 W
1788703202.267720294,0 %, 2398 MHz, 40, 11.76 W
1788703202.368615667,0 %, 2398 MHz, 40, 11.76 W
1788703202.468597998,0 %, 2398 MHz, 40, 11.76 W
1788703202.568937675,0 %, 2398 MHz, 40, 11.76 W
1788703202.669465143,0 %, 2398 MHz, 40, 11.76 W
1788703202.769971812,0 %, 2398 MHz, 40, 11.76 W
1788703202.870329616,0 %, 2398 MHz, 40, 11.78 W
1788703202.970509692,0 %, 2398 MHz, 40, 11.78 W
1788703203.070864040,0 %, 2398 MHz, 40, 11.78 W
1788703203.171200868,0 %, 2398 MHz, 40, 11.78 W
1788703203.271373600,0 %, 2398 MHz, 40, 11.78 W
1788703203.371922077,0 %, 2398 MHz, 40, 11.81 W
1788703203.472461001,0 %, 2398 MHz, 40, 11.81 W
1788703203.572711221,0 %, 2398 MHz, 40, 11.81 W
1788703203.673112610,0 %, 2398 MHz, 40, 11.81 W
1788703203.773499310,0 %, 2398 MHz, 40, 11.81 W
1788703203.873711434,0 %, 2398 MHz, 40, 11.80 W
1788703203.974001814,0 %, 2398 MHz, 40, 11.80 W
1788703204.074686019,0 %, 2398 MHz, 40, 11.80 W
1788703204.175043967,0 %, 2398 MHz, 40, 11.80 W
1788703204.275321307,0 %, 2398 MHz, 40, 11.80 W
1788703204.376022856,0 %, 2398 MHz, 40, 11.81 W
1788703204.476367237,0 %, 2398 MHz, 40, 11.81 W
1788703204.576679313,0 %, 2398 MHz, 40, 11.81 W
1788703204.677028077,0 %, 2398 MHz, 40, 11.81 W
1788703204.777330377,0 %, 2398 MHz, 40, 11.83 W
1788703204.878216759,0 %, 2398 MHz, 40, 11.83 W
1788703204.978555523,0 %, 2398 MHz, 40, 11.83 W
1788703205.078928447,0 %, 2398 MHz, 40, 11.83 W
1788703205.179102315,0 %, 2398 MHz, 40, 11.83 W
1788703205.279956008,0 %, 2398 MHz, 40, 11.83 W
1788703205.380088244,0 %, 2398 MHz, 40, 11.83 W
1788703205.480481297,0 %, 2398 MHz, 40, 11.83 W
1788703205.581055885,0 %, 2398 MHz, 40, 11.83 W
1788703205.681769963,0 %, 2398 MHz, 40, 11.83 W
1788703205.781917126,0 %, 2398 MHz, 40, 11.79 W
1788703205.882401667,0 %, 2398 MHz, 40, 11.79 W
1788703205.982407775,0 %, 2398 MHz, 40, 11.79 W
1788703206.082925947,0 %, 2398 MHz, 40, 11.79 W
1788703206.183463080,0 %, 2398 MHz, 40, 11.79 W
1788703206.283783524,0 %, 2398 MHz, 40, 11.76 W
1788703206.384049264,0 %, 2398 MHz, 40, 11.76 W
1788703206.484462989,0 %, 2398 MHz, 40, 11.76 W
1788703206.584807689,0 %, 2398 MHz, 40, 11.76 W
1788703206.685838167,0 %, 2398 MHz, 40, 11.76 W
1788703206.785981555,0 %, 2398 MHz, 40, 11.78 W
1788703206.886164527,0 %, 2398 MHz, 40, 11.78 W
1788703206.985869562,0 %, 2398 MHz, 40, 11.78 W
1788703207.086666855,0 %, 2398 MHz, 40, 11.78 W
1788703207.187353300,0 %, 2398 MHz, 40, 11.78 W
1788703207.287511072,0 %, 2398 MHz, 40, 11.82 W
1788703207.387673724,0 %, 2398 MHz, 40, 11.82 W
1788703207.487499751,0 %, 2398 MHz, 40, 11.82 W
1788703207.588080212,0 %, 2398 MHz, 40, 11.82 W
1788703207.688241888,0 %, 2398 MHz, 40, 11.82 W
1788703207.788042043,0 %, 2398 MHz, 40, 11.84 W
1788703207.888224935,0 %, 2398 MHz, 40, 11.84 W
1788703207.988416275,0 %, 2398 MHz, 40, 11.84 W
1788703208.088561151,0 %, 2398 MHz, 40, 11.84 W
1788703208.188755899,0 %, 2398 MHz, 40, 11.84 W
1788703208.288930215,0 %, 2398 MHz, 40, 11.86 W
1788703208.389135491,0 %, 2398 MHz, 40, 11.86 W
1788703208.489295583,0 %, 2398 MHz, 40, 11.86 W
1788703208.589469803,0 %, 2398 MHz, 40, 11.86 W
1788703208.690155561,0 %, 2398 MHz, 40, 11.86 W
1788703208.790503813,0 %, 2398 MHz, 40, 11.84 W
1788703208.890907281,0 %, 2398 MHz, 40, 11.84 W
1788703208.991190046,0 %, 2398 MHz, 40, 11.84 W
1788703209.091886763,0 %, 2398 MHz, 40, 11.84 W
1788703209.192224503,0 %, 2398 MHz, 40, 11.84 W
1788703209.292426403,0 %, 2398 MHz, 40, 11.83 W
1788703209.392745152,0 %, 2398 MHz, 40, 11.83 W
1788703209.493097004,0 %, 2398 MHz, 40, 11.83 W
1788703209.593272056,0 %, 2398 MHz, 40, 11.83 W
1788703209.693988038,0 %, 2398 MHz, 40, 11.83 W
1788703209.793727825,0 %, 2398 MHz, 40, 11.84 W
1788703209.894140173,0 %, 2398 MHz, 40, 11.84 W
1788703209.994653866,0 %, 2398 MHz, 40, 11.84 W
1788703210.094825926,0 %, 2398 MHz, 40, 11.84 W
1788703210.194982258,0 %, 2398 MHz, 40, 11.84 W
1788703210.295558319,0 %, 2398 MHz, 40, 11.79 W
1788703210.395526587,0 %, 2398 MHz, 40, 11.79 W
1788703210.495923447,0 %, 2398 MHz, 40, 11.79 W
1788703210.596217748,0 %, 2398 MHz, 40, 11.79 W
1788703210.697120417,0 %, 2398 MHz, 40, 11.79 W
1788703210.797256877,0 %, 2398 MHz, 40, 11.76 W
1788703210.897425449,0 %, 2398 MHz, 40, 11.76 W
1788703210.997817414,0 %, 2398 MHz, 40, 11.76 W
1788703211.097329553,0 %, 2398 MHz, 40, 11.76 W
1788703211.198499807,0 %, 2398 MHz, 40, 11.76 W
1788703211.299232972,0 %, 2398 MHz, 40, 11.79 W
1788703211.399348920,0 %, 2398 MHz, 40, 11.79 W
1788703211.499676629,0 %, 2398 MHz, 40, 11.79 W
1788703211.600215442,0 %, 2398 MHz, 40, 11.79 W
1788703211.700252269,0 %, 2398 MHz, 40, 11.79 W
1788703211.801007867,0 %, 2398 MHz, 40, 11.81 W
1788703211.901750760,0 %, 2398 MHz, 40, 11.81 W
1788703212.001494195,0 %, 2398 MHz, 40, 11.81 W
1788703212.101818496,0 %, 2398 MHz, 40, 11.81 W
1788703212.202158860,0 %, 2398 MHz, 40, 11.81 W
1788703212.302530569,0 %, 2398 MHz, 40, 11.82 W
1788703212.403056214,0 %, 2398 MHz, 40, 11.82 W
1788703212.503372434,0 %, 2398 MHz, 40, 11.82 W
1788703212.603671103,0 %, 2398 MHz, 40, 11.82 W
1788703212.704867197,0 %, 2398 MHz, 40, 11.82 W
1788703212.804352104,0 %, 2398 MHz, 40, 11.83 W
1788703212.905097397,0 %, 2398 MHz, 40, 11.83 W
1788703213.005403698,0 %, 2398 MHz, 40, 11.83 W
1788703213.105775726,0 %, 2398 MHz, 40, 11.83 W
1788703213.206091563,0 %, 2398 MHz, 40, 11.83 W
1788703213.306517480,0 %, 2398 MHz, 40, 11.84 W
1788703213.407016741,0 %, 2398 MHz, 40, 11.84 W
1788703213.506573567,0 %, 2398 MHz, 40, 11.84 W
1788703213.607101468,0 %, 2398 MHz, 40, 11.84 W
1788703213.706950040,0 %, 2398 MHz, 40, 11.84 W
1788703213.807353124,0 %, 2398 MHz, 40, 11.83 W
1788703213.908167730,0 %, 2398 MHz, 40, 11.83 W
1788703214.008717055,0 %, 2398 MHz, 40, 11.83 W
1788703214.108516827,0 %, 2398 MHz, 40, 11.83 W
1788703214.208990199,0 %, 2398 MHz, 40, 11.83 W
1788703214.309220788,0 %, 2398 MHz, 40, 11.83 W
1788703214.409940257,0 %, 2398 MHz, 40, 11.83 W
1788703214.510252702,0 %, 2398 MHz, 40, 11.83 W
1788703214.610603418,0 %, 2398 MHz, 40, 11.83 W
1788703214.710939095,0 %, 2398 MHz, 40, 11.83 W
1788703214.811791397,0 %, 2398 MHz, 40, 11.81 W
1788703214.911971153,0 %, 2398 MHz, 40, 11.81 W
1788703215.012240413,0 %, 2398 MHz, 40, 11.81 W
1788703215.112585882,0 %, 2398 MHz, 40, 11.81 W
1788703215.212915527,0 %, 2398 MHz, 40, 11.81 W
1788703215.313803748,0 %, 2398 MHz, 40, 11.81 W
1788703215.413907585,0 %, 2398 MHz, 40, 11.81 W
1788703215.514256189,0 %, 2398 MHz, 40, 11.81 W
1788703215.614422681,0 %, 2398 MHz, 40, 11.81 W
1788703215.714799206,0 %, 2398 MHz, 40, 11.81 W
1788703215.815478867,0 %, 2398 MHz, 40, 11.84 W
1788703215.915836736,0 %, 2398 MHz, 40, 11.84 W
1788703216.015121738,0 %, 2398 MHz, 40, 11.84 W
1788703216.115601079,0 %, 2398 MHz, 40, 11.84 W
1788703216.215781220,0 %, 2398 MHz, 40, 11.84 W
1788703216.315973024,0 %, 2398 MHz, 40, 11.85 W
1788703216.417008734,0 %, 2398 MHz, 40, 11.85 W
1788703216.517425211,0 %, 2398 MHz, 40, 11.85 W
1788703216.618144089,0 %, 2398 MHz, 40, 11.85 W
1788703216.718436069,0 %, 2398 MHz, 40, 11.85 W
1788703216.818217553,0 %, 2398 MHz, 40, 11.84 W
1788703216.918374061,0 %, 2398 MHz, 40, 11.84 W
1788703217.018981610,0 %, 2398 MHz, 40, 11.84 W
1788703217.119006950,0 %, 2398 MHz, 40, 11.84 W
1788703217.220270277,0 %, 2398 MHz, 40, 11.84 W
1788703217.320534161,0 %, 2398 MHz, 40, 11.81 W
1788703217.420546669,0 %, 2398 MHz, 40, 11.81 W
1788703217.520875866,0 %, 2398 MHz, 40, 11.81 W
1788703217.621271303,0 %, 2398 MHz, 40, 11.81 W
1788703217.721419507,0 %, 2398 MHz, 40, 11.81 W
1788703217.821764592,0 %, 2398 MHz, 40, 11.80 W
1788703217.922512685,0 %, 2398 MHz, 40, 11.80 W
1788703218.022854970,0 %, 2398 MHz, 40, 11.80 W
1788703218.123142487,0 %, 2398 MHz, 40, 11.80 W
1788703218.223350659,0 %, 2398 MHz, 40, 11.80 W
1788703218.323912736,0 %, 2398 MHz, 40, 11.83 W
1788703218.424403853,0 %, 2398 MHz, 40, 11.83 W
1788703218.524735770,0 %, 2398 MHz, 40, 11.83 W
1788703218.625082359,0 %, 2398 MHz, 40, 11.83 W
1788703218.725396404,0 %, 2398 MHz, 40, 11.83 W
1788703218.826136225,0 %, 2398 MHz, 40, 11.85 W
1788703218.926445870,0 %, 2398 MHz, 40, 11.85 W
1788703219.026842315,0 %, 2398 MHz, 40, 11.85 W
1788703219.127105847,0 %, 2398 MHz, 40, 11.85 W
1788703219.227322900,0 %, 2398 MHz, 40, 11.85 W
1788703219.328058177,0 %, 2398 MHz, 40, 11.84 W
1788703219.428391774,0 %, 2398 MHz, 40, 11.84 W
1788703219.528659915,0 %, 2398 MHz, 40, 11.84 W
1788703219.629064920,0 %, 2398 MHz, 40, 11.84 W
1788703219.729321092,0 %, 2398 MHz, 40, 11.84 W
1788703219.830128162,0 %, 2398 MHz, 40, 11.84 W
1788703219.930279070,0 %, 2398 MHz, 40, 11.84 W
1788703220.030737339,0 %, 2398 MHz, 40, 11.84 W
1788703220.131107944,0 %, 2398 MHz, 40, 11.84 W
1788703220.231262325,0 %, 2398 MHz, 40, 11.84 W
1788703220.331973874,0 %, 2398 MHz, 40, 11.84 W
1788703220.432285919,0 %, 2398 MHz, 40, 11.84 W
1788703220.532491612,0 %, 2398 MHz, 40, 11.84 W
1788703220.632840840,0 %, 2398 MHz, 40, 11.84 W
1788703220.733371942,0 %, 2398 MHz, 40, 11.84 W
1788703220.833895347,0 %, 2398 MHz, 40, 11.80 W
1788703220.934220432,0 %, 2398 MHz, 40, 11.80 W
1788703221.034530828,0 %, 2398 MHz, 40, 11.80 W
1788703221.134885641,0 %, 2398 MHz, 40, 11.80 W
1788703221.235585095,0 %, 2398 MHz, 40, 11.80 W
1788703221.336139924,0 %, 2398 MHz, 40, 11.74 W
1788703221.436242384,0 %, 2398 MHz, 40, 11.74 W
1788703221.536595181,0 %, 2398 MHz, 40, 11.74 W
1788703221.636940122,0 %, 2398 MHz, 40, 11.74 W
1788703221.737783752,0 %, 2398 MHz, 40, 11.74 W
1788703221.837902996,0 %, 2398 MHz, 40, 11.75 W
1788703221.938251697,0 %, 2398 MHz, 40, 11.75 W
1788703222.038631998,0 %, 2398 MHz, 40, 11.75 W
1788703222.139279404,0 %, 2398 MHz, 40, 11.75 W
1788703222.239590296,0 %, 2398 MHz, 40, 11.75 W
1788703222.339826133,0 %, 2398 MHz, 40, 11.78 W
1788703222.440118178,0 %, 2398 MHz, 40, 11.78 W
1788703222.540483695,0 %, 2398 MHz, 40, 11.78 W
1788703222.640795692,0 %, 2398 MHz, 40, 11.78 W
1788703222.741515241,0 %, 2398 MHz, 40, 11.78 W
1788703222.841862726,0 %, 2398 MHz, 40, 11.78 W
1788703222.942669396,0 %, 2398 MHz, 40, 11.78 W
1788703223.042602448,0 %, 2398 MHz, 40, 11.78 W
1788703223.143303534,0 %, 2398 MHz, 40, 11.78 W
1788703223.243598827,0 %, 2398 MHz, 40, 11.78 W
1788703223.343941480,0 %, 2398 MHz, 40, 11.76 W
1788703223.444258612,0 %, 2398 MHz, 40, 11.76 W
1788703223.545017666,0 %, 2398 MHz, 40, 11.76 W
1788703223.645507967,0 %, 2398 MHz, 40, 11.76 W
1788703223.745472108,0 %, 2398 MHz, 40, 11.76 W
1788703223.845833336,0 %, 2398 MHz, 40, 11.74 W
1788703223.945685268,0 %, 2398 MHz, 40, 11.74 W
1788703224.046344482,0 %, 2398 MHz, 40, 11.74 W
1788703224.147069872,0 %, 2398 MHz, 40, 11.74 W
1788703224.247404333,0 %, 2398 MHz, 40, 11.74 W
1788703224.347511545,0 %, 2398 MHz, 40, 11.73 W
1788703224.447901046,0 %, 2398 MHz, 40, 11.73 W
1788703224.548262131,0 %, 2398 MHz, 40, 11.73 W
1788703224.648548448,0 %, 2398 MHz, 40, 11.73 W
1788703224.749627102,0 %, 2398 MHz, 40, 11.73 W
1788703224.849616491,0 %, 2398 MHz, 40, 11.73 W
1788703224.949969960,0 %, 2398 MHz, 40, 11.73 W
1788703225.050262500,0 %, 2398 MHz, 40, 11.73 W
1788703225.151072178,0 %, 2398 MHz, 40, 11.73 W
1788703225.251332239,0 %, 2398 MHz, 40, 11.73 W
1788703225.351908221,0 %, 2398 MHz, 40, 11.73 W
1788703225.452022809,0 %, 2398 MHz, 40, 11.73 W
1788703225.552754231,0 %, 2398 MHz, 40, 11.73 W
1788703225.653060852,0 %, 2398 MHz, 40, 11.73 W
1788703225.753435521,0 %, 2398 MHz, 40, 11.73 W
1788703225.853782158,0 %, 2398 MHz, 40, 11.73 W
1788703225.954474684,0 %, 2398 MHz, 40, 11.73 W
1788703226.054625528,0 %, 2398 MHz, 40, 11.73 W
1788703226.154988069,0 %, 2398 MHz, 40, 11.73 W
1788703226.255480611,0 %, 2398 MHz, 40, 11.73 W
1788703226.355653071,0 %, 2398 MHz, 40, 11.73 W
1788703226.456359453,0 %, 2398 MHz, 40, 11.73 W
1788703226.556566538,0 %, 2398 MHz, 40, 11.73 W
1788703226.656915127,0 %, 2398 MHz, 40, 11.73 W
1788703226.757409444,0 %, 2398 MHz, 40, 11.73 W
1788703226.857420113,0 %, 2398 MHz, 40, 11.74 W
1788703226.957834254,0 %, 2398 MHz, 40, 11.74 W
1788703227.058075578,0 %, 2398 MHz, 40, 11.74 W
1788703227.158795416,0 %, 2398 MHz, 40, 11.74 W
1788703227.259123653,0 %, 2398 MHz, 40, 11.74 W
1788703227.359458162,0 %, 2398 MHz, 40, 11.75 W
1788703227.459797263,0 %, 2398 MHz, 40, 11.75 W
1788703227.560513725,0 %, 2398 MHz, 40, 11.75 W
1788703227.660849066,0 %, 2398 MHz, 40, 11.75 W
1788703227.761197351,0 %, 2398 MHz, 40, 11.75 W
1788703227.861725381,0 %, 2398 MHz, 40, 11.75 W
1788703227.961761969,0 %, 2398 MHz, 40, 11.75 W
1788703228.062440111,0 %, 2398 MHz, 40, 11.75 W
1788703228.162742780,0 %, 2398 MHz, 40, 11.75 W
1788703228.263007129,0 %, 2398 MHz, 40, 11.75 W
1788703228.363395814,0 %, 2398 MHz, 40, 11.78 W
1788703228.464126628,0 %, 2398 MHz, 40, 11.78 W
1788703228.564476481,0 %, 2398 MHz, 40, 11.78 W
1788703228.664790382,0 %, 2398 MHz, 40, 11.78 W
1788703228.765662700,0 %, 2398 MHz, 40, 11.78 W
1788703228.865309640,0 %, 2398 MHz, 40, 11.77 W
1788703228.965640549,0 %, 2398 MHz, 40, 11.77 W
1788703229.066379235,0 %, 2398 MHz, 40, 11.77 W
1788703229.166532416,0 %, 2398 MHz, 40, 11.77 W
1788703229.266894029,0 %, 2398 MHz, 40, 11.77 W
1788703229.367389306,0 %, 2398 MHz, 40, 11.79 W
1788703229.467529591,0 %, 2398 MHz, 40, 11.79 W
1788703229.568272821,0 %, 2398 MHz, 40, 11.79 W
1788703229.668722178,0 %, 2398 MHz, 40, 11.79 W
1788703229.768847103,0 %, 2398 MHz, 40, 11.79 W
1788703229.869063084,0 %, 2398 MHz, 40, 11.81 W
1788703229.969391337,0 %, 2398 MHz, 40, 11.81 W
1788703230.069722774,0 %, 2398 MHz, 40, 11.81 W
1788703230.170416420,0 %, 2398 MHz, 40, 11.81 W
1788703230.270757121,0 %, 2398 MHz, 40, 11.81 W
1788703230.371065662,0 %, 2398 MHz, 40, 11.75 W
1788703230.471412075,0 %, 2398 MHz, 40, 11.75 W
1788703230.572140169,0 %, 2398 MHz, 40, 11.75 W
1788703230.672635831,0 %, 2398 MHz, 40, 11.75 W
1788703230.772884228,0 %, 2398 MHz, 40, 11.75 W
1788703230.873134593,0 %, 2398 MHz, 40, 11.71 W
1788703230.973366830,0 %, 2398 MHz, 40, 11.71 W
1788703231.074076940,0 %, 2398 MHz, 40, 11.71 W
1788703231.174365929,0 %, 2398 MHz, 40, 11.71 W
1788703231.274537509,0 %, 2398 MHz, 40, 11.71 W
1788703231.374891187,0 %, 2398 MHz, 40, 11.73 W
1788703231.475258512,0 %, 2398 MHz, 40, 11.73 W
1788703231.575980206,0 %, 2398 MHz, 40, 11.73 W
1788703231.676292139,0 %, 2398 MHz, 40, 11.73 W
1788703231.776625320,0 %, 2398 MHz, 40, 11.73 W
1788703231.876970085,0 %, 2398 MHz, 40, 11.76 W
1788703231.977288162,0 %, 2398 MHz, 40, 11.76 W
1788703232.077994768,0 %, 2398 MHz, 40, 11.76 W
1788703232.178307086,0 %, 2398 MHz, 40, 11.76 W
1788703232.278662939,0 %, 2398 MHz, 40, 11.76 W
1788703232.378990840,0 %, 2398 MHz, 40, 11.76 W
1788703232.479721142,0 %, 2398 MHz, 40, 11.76 W
1788703232.580055715,0 %, 2398 MHz, 40, 11.76 W
1788703232.680398704,0 %, 2398 MHz, 40, 11.76 W
1788703232.780792014,0 %, 2398 MHz, 40, 11.78 W
1788703232.881440940,0 %, 2398 MHz, 40, 11.78 W
1788703232.981797113,0 %, 2398 MHz, 40, 11.78 W
1788703233.080877827,0 %, 2398 MHz, 40, 11.78 W
1788703233.180964864,0 %, 2398 MHz, 40, 11.78 W
1788703233.281518510,0 %, 2398 MHz, 40, 11.83 W
1788703233.382388220,0 %, 2398 MHz, 40, 11.83 W
1788703233.482777162,0 %, 2398 MHz, 40, 11.83 W
1788703233.583107191,0 %, 2398 MHz, 40, 11.83 W
1788703233.683433284,0 %, 2398 MHz, 40, 11.83 W
1788703233.784218674,0 %, 2398 MHz, 40, 11.83 W
1788703233.884465359,0 %, 2398 MHz, 40, 11.83 W
1788703233.985073405,0 %, 2398 MHz, 40, 11.83 W
1788703234.085175322,0 %, 2398 MHz, 40, 11.83 W
1788703234.185947464,0 %, 2398 MHz, 40, 11.83 W
1788703234.286230021,0 %, 2398 MHz, 40, 11.77 W
1788703234.386438898,0 %, 2398 MHz, 40, 11.77 W
1788703234.486833072,0 %, 2398 MHz, 40, 11.77 W
1788703234.587152749,0 %, 2398 MHz, 40, 11.77 W
1788703234.687282234,0 %, 2398 MHz, 40, 11.77 W
1788703234.788061832,0 %, 2398 MHz, 40, 11.74 W
1788703234.888325717,0 %, 2398 MHz, 40, 11.74 W
1788703234.988143729,0 %, 2398 MHz, 40, 11.74 W
1788703235.088962016,0 %, 2398 MHz, 40, 11.74 W
1788703235.189236893,0 %, 2398 MHz, 40, 11.74 W
1788703235.289952379,0 %, 2398 MHz, 40, 11.73 W
1788703235.390251192,0 %, 2398 MHz, 40, 11.73 W
1788703235.490602741,0 %, 2398 MHz, 40, 11.73 W
1788703235.591050435,0 %, 2398 MHz, 40, 11.73 W
1788703235.691395200,0 %, 2398 MHz, 40, 11.73 W
1788703235.792202399,0 %, 2398 MHz, 40, 11.75 W
1788703235.892262667,0 %, 2398 MHz, 40, 11.75 W
1788703235.992769609,0 %, 2398 MHz, 40, 11.75 W
1788703236.092776054,0 %, 2398 MHz, 40, 11.75 W
1788703236.193140387,0 %, 2398 MHz, 40, 11.75 W
1788703236.293844497,0 %, 2398 MHz, 40, 11.74 W
1788703236.394166558,0 %, 2398 MHz, 40, 11.74 W
1788703236.494508684,0 %, 2398 MHz, 40, 11.74 W
1788703236.594878393,0 %, 2398 MHz, 40, 11.74 W
1788703236.696545385,0 %, 2398 MHz, 40, 11.74 W
1788703236.796371638,0 %, 2398 MHz, 40, 11.75 W
1788703236.896228706,0 %, 2398 MHz, 40, 11.75 W
1788703236.996564975,0 %, 2398 MHz, 40, 11.75 W
1788703237.096857357,0 %, 2398 MHz, 40, 11.75 W
1788703237.197737259,0 %, 2398 MHz, 40, 11.75 W
1788703237.296831446,0 %, 2398 MHz, 40, 11.78 W
1788703237.397488308,0 %, 2398 MHz, 40, 11.78 W
1788703237.497563761,0 %, 2398 MHz, 40, 11.78 W
1788703237.598411839,0 %, 2398 MHz, 40, 11.78 W
1788703237.698815005,0 %, 2398 MHz, 40, 11.78 W
1788703237.799915340,0 %, 2398 MHz, 40, 11.81 W
1788703237.899815080,0 %, 2398 MHz, 40, 11.81 W
1788703238.000345350,0 %, 2398 MHz, 40, 11.81 W
1788703238.100485555,0 %, 2398 MHz, 40, 11.81 W
1788703238.200879376,0 %, 2398 MHz, 40, 11.81 W
1788703238.301573103,0 %, 2398 MHz, 40, 11.81 W
1788703238.402070572,0 %, 2398 MHz, 40, 11.81 W
1788703238.502184889,0 %, 2398 MHz, 40, 11.81 W
1788703238.602732295,0 %, 2398 MHz, 40, 11.81 W
1788703238.702913348,0 %, 2398 MHz, 40, 11.81 W
1788703238.803749635,0 %, 2398 MHz, 40, 11.78 W
1788703238.903937664,0 %, 2398 MHz, 40, 11.78 W
1788703239.004245357,0 %, 2398 MHz, 40, 11.78 W
1788703239.104550794,0 %, 2398 MHz, 40, 11.78 W
1788703239.205292489,0 %, 2398 MHz, 40, 11.78 W
1788703239.305728150,0 %, 2398 MHz, 40, 11.77 W
1788703239.405833027,0 %, 2398 MHz, 40, 11.77 W
1788703239.506211441,0 %, 2398 MHz, 40, 11.77 W
1788703239.606354878,0 %, 2398 MHz, 40, 11.77 W
1788703239.706903116,0 %, 2398 MHz, 40, 11.77 W
1788703239.807428810,0 %, 2398 MHz, 40, 11.77 W
1788703239.907768743,0 %, 2398 MHz, 40, 11.77 W
1788703240.008119733,0 %, 2398 MHz, 40, 11.77 W
1788703240.108327234,0 %, 2398 MHz, 40, 11.77 W
1788703240.208820656,0 %, 2398 MHz, 40, 11.77 W
1788703240.309656702,0 %, 2398 MHz, 40, 11.76 W
1788703240.409563451,0 %, 2398 MHz, 40, 11.76 W
1788703240.509899256,0 %, 2398 MHz, 40, 11.76 W
1788703240.610209030,0 %, 2398 MHz, 40, 11.76 W
1788703240.710544403,0 %, 2398 MHz, 40, 11.76 W
1788703240.811292593,0 %, 2398 MHz, 40, 11.77 W
1788703240.911516287,0 %, 2398 MHz, 40, 11.77 W
1788703241.012021644,0 %, 2398 MHz, 40, 11.77 W
1788703241.112233514,0 %, 2398 MHz, 40, 11.77 W
1788703241.212336279,0 %, 2398 MHz, 40, 11.77 W
1788703241.312679204,0 %, 2398 MHz, 40, 11.78 W
1788703241.413420067,0 %, 2398 MHz, 40, 11.78 W
1788703241.513741392,0 %, 2398 MHz, 40, 11.78 W
1788703241.614313294,0 %, 2398 MHz, 40, 11.78 W
1788703241.714316331,0 %, 2398 MHz, 40, 11.78 W
1788703241.814630280,0 %, 2398 MHz, 40, 11.77 W
1788703241.915609943,0 %, 2398 MHz, 40, 11.77 W
1788703242.015890309,0 %, 2398 MHz, 40, 11.77 W
1788703242.116045618,0 %, 2398 MHz, 40, 11.77 W
1788703242.216397247,0 %, 2398 MHz, 40, 11.77 W
1788703242.317305294,0 %, 2398 MHz, 40, 11.76 W
1788703242.417406171,0 %, 2398 MHz, 40, 11.76 W
1788703242.517799353,0 %, 2398 MHz, 40, 11.76 W
1788703242.618299655,0 %, 2398 MHz, 40, 11.76 W
1788703242.718494212,0 %, 2398 MHz, 40, 11.76 W
1788703242.819016082,0 %, 2398 MHz, 40, 11.76 W
1788703242.918939726,0 %, 2398 MHz, 40, 11.76 W
1788703243.019432236,0 %, 2398 MHz, 40, 11.76 W
1788703243.119775834,0 %, 2398 MHz, 40, 11.76 W
1788703243.220284920,0 %, 2398 MHz, 40, 11.76 W
1788703243.320552965,0 %, 2398 MHz, 40, 11.75 W
1788703243.420893555,0 %, 2398 MHz, 40, 11.75 W
1788703243.521385057,0 %, 2398 MHz, 40, 11.75 W
1788703243.621555390,0 %, 2398 MHz, 40, 11.75 W
1788703243.721902556,0 %, 2398 MHz, 40, 11.75 W
1788703243.822428954,0 %, 2398 MHz, 40, 11.69 W
1788703243.922599015,0 %, 2398 MHz, 40, 11.69 W
1788703244.022188083,0 %, 2398 MHz, 40, 11.69 W
1788703244.122144144,0 %, 2398 MHz, 40, 11.69 W
1788703244.222458493,0 %, 2398 MHz, 40, 11.69 W
1788703244.323348316,0 %, 2398 MHz, 40, 11.68 W
1788703244.423446121,0 %, 2398 MHz, 40, 11.68 W
1788703244.523768359,0 %, 2398 MHz, 40, 11.68 W
1788703244.624668533,0 %, 2398 MHz, 40, 11.68 W
1788703244.724822867,0 %, 2398 MHz, 40, 11.68 W
1788703244.825353985,0 %, 2398 MHz, 40, 11.70 W
1788703244.925555822,0 %, 2398 MHz, 40, 11.70 W
1788703245.025666411,0 %, 2398 MHz, 40, 11.70 W
1788703245.126562138,0 %, 2398 MHz, 40, 11.70 W
1788703245.226773287,0 %, 2398 MHz, 40, 11.70 W
1788703245.327050165,0 %, 2398 MHz, 40, 11.71 W
1788703245.427024194,0 %, 2398 MHz, 40, 11.71 W
1788703245.527546224,0 %, 2398 MHz, 40, 11.71 W
1788703245.627633565,0 %, 2398 MHz, 40, 11.71 W
1788703245.727822202,0 %, 2398 MHz, 40, 11.71 W
1788703245.828386936,0 %, 2398 MHz, 40, 11.73 W
1788703245.928477189,0 %, 2398 MHz, 40, 11.73 W
1788703246.029097796,0 %, 2398 MHz, 40, 11.73 W
1788703246.129567266,0 %, 2398 MHz, 40, 11.73 W
1788703246.229797135,0 %, 2398 MHz, 40, 11.73 W
1788703246.330350301,0 %, 2398 MHz, 40, 11.71 W
1788703246.430292634,0 %, 2398 MHz, 40, 11.71 W
1788703246.531213065,0 %, 2398 MHz, 40, 11.71 W
1788703246.631536982,0 %, 2398 MHz, 40, 11.71 W
1788703246.731660484,0 %, 2398 MHz, 40, 11.71 W
1788703246.832249282,0 %, 2398 MHz, 40, 11.73 W
1788703246.932238943,0 %, 2398 MHz, 40, 11.73 W
1788703247.032978237,0 %, 2398 MHz, 40, 11.73 W
1788703247.133498235,0 %, 2398 MHz, 40, 11.73 W
1788703247.233867721,0 %, 2398 MHz, 40, 11.73 W
1788703247.333979702,0 %, 2398 MHz, 40, 11.76 W
1788703247.434846965,0 %, 2398 MHz, 40, 11.76 W
1788703247.534945523,0 %, 2398 MHz, 40, 11.76 W
1788703247.635328496,0 %, 2398 MHz, 40, 11.76 W
1788703247.735606398,0 %, 2398 MHz, 40, 11.76 W
1788703247.835787547,0 %, 2398 MHz, 40, 11.75 W
1788703247.936297193,0 %, 2398 MHz, 40, 11.75 W
1788703248.036289622,0 %, 2398 MHz, 40, 11.75 W
1788703248.137035605,0 %, 2398 MHz, 40, 11.75 W
1788703248.237546515,0 %, 2398 MHz, 40, 11.75 W
1788703248.337736625,0 %, 2398 MHz, 40, 11.76 W
1788703248.438081774,0 %, 2398 MHz, 40, 11.76 W
1788703248.538206203,0 %, 2398 MHz, 40, 11.76 W
1788703248.639118203,0 %, 2398 MHz, 40, 11.76 W
1788703248.739231992,0 %, 2398 MHz, 40, 11.76 W
1788703248.839454085,0 %, 2398 MHz, 40, 11.76 W
1788703248.939832771,0 %, 2398 MHz, 40, 11.76 W
1788703249.040126833,0 %, 2398 MHz, 40, 11.76 W
1788703249.140293742,0 %, 2398 MHz, 40, 11.76 W
1788703249.241238317,0 %, 2398 MHz, 40, 11.76 W
1788703249.341390635,0 %, 2398 MHz, 40, 11.76 W
1788703249.441549256,0 %, 2398 MHz, 40, 11.76 W
1788703249.541897238,0 %, 2398 MHz, 40, 11.76 W
1788703249.642442980,0 %, 2398 MHz, 40, 11.76 W
1788703249.742956642,0 %, 2398 MHz, 40, 11.76 W
1788703249.843507424,0 %, 2398 MHz, 40, 11.72 W
1788703249.943668254,0 %, 2398 MHz, 40, 11.72 W
1788703250.043856795,0 %, 2398 MHz, 40, 11.72 W
1788703250.144168617,0 %, 2398 MHz, 40, 11.72 W
1788703250.244893176,0 %, 2398 MHz, 40, 11.72 W
1788703250.345409990,0 %, 2398 MHz, 40, 11.68 W
1788703250.445455507,0 %, 2398 MHz, 40, 11.68 W
1788703250.545845233,0 %, 2398 MHz, 40, 11.68 W
1788703250.646339679,0 %, 2398 MHz, 40, 11.68 W
1788703250.746306780,0 %, 2398 MHz, 40, 11.68 W
1788703250.847254795,0 %, 2398 MHz, 40, 11.70 W
1788703250.947577065,0 %, 2398 MHz, 40, 11.70 W
1788703251.047553526,0 %, 2398 MHz, 40, 11.70 W
1788703251.148111188,0 %, 2398 MHz, 40, 11.70 W
1788703251.248229986,0 %, 2398 MHz, 40, 11.70 W
1788703251.349190401,0 %, 2398 MHz, 40, 11.73 W
1788703251.449291214,0 %, 2398 MHz, 40, 11.73 W
1788703251.549614028,0 %, 2398 MHz, 40, 11.73 W
1788703251.650177274,0 %, 2398 MHz, 40, 11.73 W
1788703251.750274072,0 %, 2398 MHz, 40, 11.73 W
1788703251.851179399,0 %, 2398 MHz, 40, 11.71 W
1788703251.951477028,0 %, 2398 MHz, 40, 11.71 W
1788703252.051649026,0 %, 2398 MHz, 40, 11.71 W
1788703252.152195616,0 %, 2398 MHz, 40, 11.71 W
1788703252.252673854,0 %, 2398 MHz, 40, 11.71 W
1788703252.353209533,0 %, 2398 MHz, 40, 11.72 W
1788703252.453370106,0 %, 2398 MHz, 40, 11.72 W
1788703252.553855448,0 %, 2398 MHz, 40, 11.72 W
1788703252.654434375,0 %, 2398 MHz, 40, 11.72 W
1788703252.754577252,0 %, 2398 MHz, 40, 11.72 W
1788703252.854931058,0 %, 2398 MHz, 40, 11.75 W
1788703252.955470640,0 %, 2398 MHz, 40, 11.75 W
1788703253.055431277,0 %, 2398 MHz, 40, 11.75 W
1788703253.156035676,0 %, 2398 MHz, 40, 11.75 W
1788703253.256105593,0 %, 2398 MHz, 40, 11.75 W
1788703253.357032376,0 %, 2398 MHz, 40, 11.75 W
1788703253.457171158,0 %, 2398 MHz, 40, 11.75 W
1788703253.557390644,0 %, 2398 MHz, 40, 11.75 W
1788703253.657844642,0 %, 2398 MHz, 40, 11.75 W
1788703253.758644241,0 %, 2398 MHz, 40, 11.75 W
1788703253.858789102,0 %, 2398 MHz, 40, 11.76 W
1788703253.959244588,0 %, 2398 MHz, 40, 11.76 W
1788703254.059430842,0 %, 2398 MHz, 40, 11.76 W
1788703254.160024328,0 %, 2398 MHz, 40, 11.76 W
1788703254.260460679,0 %, 2398 MHz, 40, 11.76 W
1788703254.360597940,0 %, 2398 MHz, 40, 11.78 W
1788703254.460955570,0 %, 2398 MHz, 40, 11.78 W
1788703254.562040658,0 %, 2398 MHz, 40, 11.78 W
1788703254.661455773,0 %, 2398 MHz, 40, 11.78 W
1788703254.761888636,0 %, 2398 MHz, 40, 11.78 W
1788703254.862150057,0 %, 2398 MHz, 40, 11.78 W
1788703254.963052729,0 %, 2398 MHz, 40, 11.78 W
1788703255.063163670,0 %, 2398 MHz, 40, 11.78 W
1788703255.163710708,0 %, 2398 MHz, 40, 11.78 W
1788703255.263890226,0 %, 2398 MHz, 40, 11.78 W
1788703255.364727281,0 %, 2398 MHz, 40, 11.77 W
1788703255.464921039,0 %, 2398 MHz, 40, 11.77 W
1788703255.565243517,0 %, 2398 MHz, 40, 11.77 W
1788703255.665440826,0 %, 2398 MHz, 40, 11.77 W
1788703255.766055385,0 %, 2398 MHz, 40, 11.77 W
1788703255.866675192,0 %, 2398 MHz, 40, 11.77 W
1788703255.966991093,0 %, 2398 MHz, 40, 11.77 W
1788703256.067158291,0 %, 2398 MHz, 40, 11.77 W
1788703256.167382129,0 %, 2398 MHz, 40, 11.77 W
1788703256.267986271,0 %, 2398 MHz, 40, 11.77 W
1788703256.368576286,0 %, 2398 MHz, 40, 11.78 W
1788703256.468750540,0 %, 2398 MHz, 40, 11.78 W
1788703256.569094122,0 %, 2398 MHz, 40, 11.78 W
1788703256.669410024,0 %, 2398 MHz, 40, 11.78 W
1788703256.769666469,0 %, 2398 MHz, 40, 11.78 W
1788703256.870667525,0 %, 2398 MHz, 40, 11.79 W
1788703256.971025667,0 %, 2398 MHz, 40, 11.79 W
1788703257.071919042,0 %, 2398 MHz, 40, 11.79 W
1788703257.171328574,0 %, 2398 MHz, 40, 11.79 W
1788703257.272250413,0 %, 2398 MHz, 40, 11.79 W
1788703257.372558027,0 %, 2398 MHz, 40, 11.80 W
1788703257.472879193,0 %, 2398 MHz, 40, 11.80 W
1788703257.573076903,0 %, 2398 MHz, 40, 11.80 W
1788703257.672704116,0 %, 2398 MHz, 40, 11.80 W
1788703257.773118674,0 %, 2398 MHz, 40, 11.80 W
1788703257.873006719,0 %, 2398 MHz, 40, 11.81 W
1788703257.973972222,0 %, 2398 MHz, 40, 11.81 W
1788703258.074813757,0 %, 2398 MHz, 40, 11.81 W
1788703258.174932683,0 %, 2398 MHz, 40, 11.81 W
1788703258.275270425,0 %, 2398 MHz, 40, 11.81 W
1788703258.375466135,0 %, 2398 MHz, 40, 11.81 W
1788703258.475803941,0 %, 2398 MHz, 40, 11.81 W
1788703258.576508548,0 %, 2398 MHz, 40, 11.81 W
1788703258.676838706,0 %, 2398 MHz, 40, 11.81 W
1788703258.776863183,0 %, 2398 MHz, 40, 11.81 W
1788703258.877528270,0 %, 2398 MHz, 40, 11.74 W
1788703258.977456219,0 %, 2398 MHz, 40, 11.74 W
1788703259.077877433,0 %, 2398 MHz, 40, 11.74 W
1788703259.177955527,0 %, 2398 MHz, 40, 11.74 W
1788703259.278282677,0 %, 2398 MHz, 40, 11.74 W
1788703259.379041908,0 %, 2398 MHz, 40, 11.72 W
1788703259.479340338,0 %, 2398 MHz, 40, 11.72 W
1788703259.579494176,0 %, 2398 MHz, 40, 11.72 W
1788703259.679906302,0 %, 2398 MHz, 40, 11.72 W
1788703259.780194044,0 %, 2398 MHz, 40, 11.72 W
1788703259.880384602,0 %, 2398 MHz, 40, 11.75 W
1788703259.981102057,0 %, 2398 MHz, 40, 11.75 W
1788703260.081438119,0 %, 2398 MHz, 40, 11.75 W
1788703260.181790981,0 %, 2398 MHz, 40, 11.75 W
1788703260.282166435,0 %, 2398 MHz, 40, 11.75 W
1788703260.382320001,0 %, 2398 MHz, 40, 11.76 W
1788703260.482686495,0 %, 2398 MHz, 40, 11.76 W
1788703260.583360942,0 %, 2398 MHz, 40, 11.76 W
1788703260.683915420,0 %, 2398 MHz, 40, 11.76 W
1788703260.784084266,0 %, 2398 MHz, 40, 11.75 W
1788703260.884294840,0 %, 2398 MHz, 40, 11.75 W
1788703260.985047287,0 %, 2398 MHz, 40, 11.75 W
1788703261.084803556,0 %, 2398 MHz, 40, 11.75 W
1788703261.185472755,0 %, 2398 MHz, 40, 11.75 W
1788703261.285826241,0 %, 2398 MHz, 40, 11.77 W
1788703261.386155151,0 %, 2398 MHz, 40, 11.77 W
1788703261.486369949,0 %, 2398 MHz, 40, 11.77 W
1788703261.586726635,0 %, 2398 MHz, 40, 11.77 W
1788703261.687400954,0 %, 2398 MHz, 40, 11.77 W
1788703261.788556938,0 %, 2398 MHz, 40, 11.77 W
1788703261.888098294,0 %, 2398 MHz, 40, 11.77 W
1788703261.988420581,0 %, 2398 MHz, 40, 11.77 W
1788703262.088436466,0 %, 2398 MHz, 40, 11.77 W
1788703262.189029057,0 %, 2398 MHz, 40, 11.77 W
1788703262.289707184,0 %, 2398 MHz, 40, 11.78 W
1788703262.389990654,0 %, 2398 MHz, 40, 11.78 W
1788703262.490159420,0 %, 2398 MHz, 40, 11.78 W
1788703262.590469546,0 %, 2398 MHz, 40, 11.78 W
1788703262.691256393,0 %, 2398 MHz, 40, 11.78 W
1788703262.791505367,0 %, 2398 MHz, 40, 11.78 W
1788703262.891880997,0 %, 2398 MHz, 40, 11.78 W
1788703262.992237571,0 %, 2398 MHz, 40, 11.78 W
1788703263.093092259,0 %, 2398 MHz, 40, 11.78 W
1788703263.193530177,0 %, 2398 MHz, 40, 11.78 W
1788703263.293687775,0 %, 2398 MHz, 40, 11.76 W
1788703263.394048893,0 %, 2398 MHz, 40, 11.76 W
1788703263.494758588,0 %, 2398 MHz, 40, 11.76 W
1788703263.595064939,0 %, 2398 MHz, 40, 11.76 W
1788703263.695592361,0 %, 2398 MHz, 40, 11.76 W
1788703263.796100936,0 %, 2398 MHz, 40, 11.76 W
1788703263.896463846,0 %, 2398 MHz, 40, 11.76 W
1788703263.996931349,0 %, 2398 MHz, 40, 11.76 W
1788703264.097076258,0 %, 2398 MHz, 40, 11.76 W
1788703264.197418529,0 %, 2398 MHz, 40, 11.76 W
1788703264.297775519,0 %, 2398 MHz, 40, 11.75 W
1788703264.398483038,0 %, 2398 MHz, 40, 11.75 W
1788703264.498847852,0 %, 2398 MHz, 40, 11.75 W
1788703264.599193291,0 %, 2398 MHz, 40, 11.75 W
1788703264.699672057,0 %, 2398 MHz, 40, 11.75 W
1788703264.800384360,0 %, 2398 MHz, 40, 11.75 W
1788703264.900511494,0 %, 2398 MHz, 40, 11.75 W
1788703265.000862740,0 %, 2398 MHz, 40, 11.75 W
1788703265.101166355,0 %, 2398 MHz, 40, 11.75 W
1788703265.201330064,0 %, 2398 MHz, 40, 11.75 W
1788703265.302040704,0 %, 2398 MHz, 40, 11.78 W
1788703265.402520686,0 %, 2398 MHz, 40, 11.78 W
1788703265.502573756,0 %, 2398 MHz, 40, 11.78 W
1788703265.603054138,0 %, 2398 MHz, 40, 11.78 W
1788703265.703314729,0 %, 2398 MHz, 40, 11.78 W
1788703265.803428870,0 %, 2398 MHz, 40, 11.77 W
1788703265.903825717,0 %, 2398 MHz, 40, 11.77 W
1788703266.004489796,0 %, 2398 MHz, 40, 11.77 W
1788703266.105000306,0 %, 2398 MHz, 40, 11.77 W
1788703266.205343649,0 %, 2398 MHz, 40, 11.77 W
1788703266.305554943,0 %, 2398 MHz, 40, 11.74 W
1788703266.405896653,0 %, 2398 MHz, 40, 11.74 W
1788703266.506584652,0 %, 2398 MHz, 40, 11.74 W
1788703266.606566106,0 %, 2398 MHz, 40, 11.74 W
1788703266.706935816,0 %, 2398 MHz, 40, 11.74 W
1788703266.807538711,0 %, 2398 MHz, 40, 11.79 W
1788703266.907445796,0 %, 2398 MHz, 40, 11.79 W
1788703267.007676403,0 %, 2398 MHz, 40, 11.79 W
1788703267.108474114,0 %, 2398 MHz, 40, 11.79 W
1788703267.208860304,0 %, 2398 MHz, 40, 11.79 W
1788703267.309214415,0 %, 2398 MHz, 40, 11.84 W
1788703267.409391357,0 %, 2398 MHz, 40, 11.84 W
1788703267.509790603,0 %, 2398 MHz, 40, 11.84 W
1788703267.610438618,0 %, 2398 MHz, 40, 11.84 W
1788703267.710957689,0 %, 2398 MHz, 40, 11.84 W
1788703267.811038535,0 %, 2398 MHz, 40, 11.85 W
1788703267.911369701,0 %, 2398 MHz, 40, 11.85 W
1788703268.012000740,0 %, 2398 MHz, 40, 11.85 W
1788703268.112446419,0 %, 2398 MHz, 40, 11.85 W
1788703268.212747825,0 %, 2398 MHz, 40, 11.85 W
1788703268.313448464,0 %, 2398 MHz, 40, 11.84 W
1788703268.413468990,0 %, 2398 MHz, 40, 11.84 W
1788703268.514147693,0 %, 2398 MHz, 40, 11.84 W
1788703268.614472635,0 %, 2398 MHz, 40, 11.84 W
1788703268.715084250,0 %, 2398 MHz, 40, 11.84 W
1788703268.815168888,0 %, 2398 MHz, 40, 11.82 W
1788703268.915865655,0 %, 2398 MHz, 40, 11.82 W
1788703269.016413606,0 %, 2398 MHz, 40, 11.82 W
1788703269.116528084,0 %, 2398 MHz, 40, 11.82 W
1788703269.216883827,0 %, 2398 MHz, 40, 11.82 W
1788703269.317820706,0 %, 2398 MHz, 40, 11.82 W
1788703269.417956864,0 %, 2398 MHz, 40, 11.82 W
1788703269.518258575,0 %, 2398 MHz, 40, 11.82 W
1788703269.618580573,0 %, 2398 MHz, 40, 11.82 W
1788703269.719082492,0 %, 2398 MHz, 40, 11.82 W
1788703269.819635627,0 %, 2398 MHz, 40, 11.81 W
1788703269.919948601,0 %, 2398 MHz, 40, 11.81 W
1788703270.020516936,0 %, 2398 MHz, 40, 11.81 W
1788703270.120904342,0 %, 2398 MHz, 40, 11.81 W
1788703270.221387685,0 %, 2398 MHz, 40, 11.81 W
1788703270.321764132,0 %, 2398 MHz, 40, 11.81 W
1788703270.421874018,0 %, 2398 MHz, 40, 11.81 W
1788703270.522241056,0 %, 2398 MHz, 40, 11.81 W
1788703270.622446910,0 %, 2398 MHz, 40, 11.81 W
1788703270.722714669,0 %, 2398 MHz, 40, 11.81 W
1788703270.823068523,0 %, 2398 MHz, 40, 11.80 W
1788703270.923810490,0 %, 2398 MHz, 40, 11.80 W
1788703271.023952328,0 %, 2398 MHz, 40, 11.80 W
1788703271.124468327,0 %, 2398 MHz, 40, 11.80 W
1788703271.224406373,0 %, 2398 MHz, 40, 11.80 W
1788703271.325041124,0 %, 2398 MHz, 40, 11.79 W
1788703271.425314450,0 %, 2398 MHz, 40, 11.79 W
1788703271.525304832,0 %, 2398 MHz, 40, 11.79 W
1788703271.625487902,0 %, 2398 MHz, 40, 11.79 W
1788703271.726182925,0 %, 2398 MHz, 40, 11.79 W
1788703271.826502860,0 %, 2398 MHz, 40, 11.80 W
1788703271.926825626,0 %, 2398 MHz, 40, 11.80 W
1788703272.027015432,0 %, 2398 MHz, 40, 11.80 W
1788703272.127307767,0 %, 2398 MHz, 40, 11.80 W
1788703272.227476005,0 %, 2398 MHz, 40, 11.80 W
1788703272.328605877,0 %, 2398 MHz, 40, 11.78 W
1788703272.428498003,0 %, 2398 MHz, 40, 11.78 W
1788703272.528893185,0 %, 2398 MHz, 40, 11.78 W
1788703272.629229072,0 %, 2398 MHz, 40, 11.78 W
1788703272.729419374,0 %, 2398 MHz, 40, 11.78 W
1788703272.829171691,0 %, 2398 MHz, 40, 11.78 W
1788703272.929755530,0 %, 2398 MHz, 40, 11.78 W
1788703273.030108233,0 %, 2398 MHz, 40, 11.78 W
1788703273.130279367,0 %, 2398 MHz, 40, 11.78 W
1788703273.231008503,0 %, 2398 MHz, 40, 11.78 W
1788703273.331517861,0 %, 2398 MHz, 40, 11.81 W
1788703273.431649139,0 %, 2398 MHz, 40, 11.81 W
1788703273.531875314,0 %, 2398 MHz, 40, 11.81 W
1788703273.632965682,0 %, 2398 MHz, 40, 11.81 W
1788703273.732524079,0 %, 2398 MHz, 40, 11.81 W
1788703273.833247550,0 %, 2398 MHz, 40, 11.85 W
1788703273.933408748,0 %, 2398 MHz, 40, 11.85 W
1788703274.033956715,0 %, 2398 MHz, 40, 11.85 W
1788703274.134097929,0 %, 2398 MHz, 40, 11.85 W
1788703274.234305512,0 %, 2398 MHz, 40, 11.85 W
1788703274.335218664,0 %, 2398 MHz, 40, 11.79 W
1788703274.434746180,0 %, 2398 MHz, 40, 11.79 W
1788703274.534539730,0 %, 2398 MHz, 40, 11.79 W
1788703274.634899648,0 %, 2398 MHz, 40, 11.79 W
1788703274.736005873,0 %, 2398 MHz, 40, 11.79 W
1788703274.836448127,0 %, 2398 MHz, 40, 11.75 W
1788703274.936470125,0 %, 2398 MHz, 40, 11.75 W
1788703275.036836716,0 %, 2398 MHz, 40, 11.75 W
1788703275.137512619,0 %, 2398 MHz, 40, 11.75 W
1788703275.237912218,0 %, 2398 MHz, 40, 11.75 W
1788703275.338436089,0 %, 2398 MHz, 40, 11.74 W
1788703275.438725687,0 %, 2398 MHz, 40, 11.74 W
1788703275.539286167,0 %, 2398 MHz, 40, 11.74 W
1788703275.639576645,0 %, 2398 MHz, 40, 11.74 W
1788703275.739837684,0 %, 2398 MHz, 40, 11.74 W
1788703275.840265618,0 %, 2398 MHz, 40, 11.73 W
1788703275.941179378,0 %, 2398 MHz, 40, 11.73 W
1788703276.041314304,0 %, 2398 MHz, 40, 11.73 W
1788703276.141629039,0 %, 2398 MHz, 40, 11.73 W
1788703276.241997278,0 %, 2398 MHz, 40, 11.73 W
1788703276.342944862,0 %, 2398 MHz, 40, 11.72 W
1788703276.443225212,0 %, 2398 MHz, 40, 11.72 W
1788703276.542573337,0 %, 2398 MHz, 40, 11.72 W
1788703276.642674791,0 %, 2398 MHz, 40, 11.72 W
1788703276.742869909,0 %, 2398 MHz, 40, 11.72 W
1788703276.842975875,0 %, 2398 MHz, 40, 11.73 W
1788703276.942993009,0 %, 2398 MHz, 40, 11.73 W
1788703277.044146929,0 %, 2398 MHz, 40, 11.73 W
1788703277.144470288,0 %, 2398 MHz, 40, 11.73 W
1788703277.244822703,0 %, 2398 MHz, 40, 11.73 W
1788703277.345374334,0 %, 2398 MHz, 40, 11.79 W
1788703277.445318860,0 %, 2398 MHz, 40, 11.79 W
1788703277.546237420,0 %, 2398 MHz, 40, 11.79 W
1788703277.646352586,0 %, 2398 MHz, 40, 11.79 W
1788703277.746763033,0 %, 2398 MHz, 40, 11.79 W
1788703277.846450390,0 %, 2398 MHz, 40, 11.76 W
1788703277.946714436,0 %, 2398 MHz, 40, 11.76 W
1788703278.046718402,0 %, 2398 MHz, 40, 11.76 W
1788703278.147192209,0 %, 2398 MHz, 40, 11.76 W
1788703278.247907665,0 %, 2398 MHz, 40, 11.76 W
1788703278.348793505,0 %, 2398 MHz, 40, 11.70 W
1788703278.449071247,0 %, 2398 MHz, 40, 11.70 W
1788703278.549440606,0 %, 2398 MHz, 40, 11.70 W
1788703278.649542364,0 %, 2398 MHz, 40, 11.70 W
1788703278.750210492,0 %, 2398 MHz, 40, 11.70 W
1788703278.850744987,0 %, 2398 MHz, 40, 11.71 W
1788703278.951046425,0 %, 2398 MHz, 40, 11.71 W
1788703279.051391496,0 %, 2398 MHz, 40, 11.71 W
1788703279.151761063,0 %, 2398 MHz, 40, 11.71 W
1788703279.252222614,0 %, 2398 MHz, 40, 11.71 W
1788703279.352556357,0 %, 2398 MHz, 40, 11.71 W
1788703279.453022420,0 %, 2398 MHz, 40, 11.71 W
1788703279.553404626,0 %, 2398 MHz, 40, 11.71 W
1788703279.653339616,0 %, 2398 MHz, 40, 11.71 W
1788703279.753744911,0 %, 2398 MHz, 40, 11.71 W
1788703279.854390639,0 %, 2398 MHz, 40, 11.70 W
1788703279.954961742,0 %, 2398 MHz, 40, 11.70 W
1788703280.055304237,0 %, 2398 MHz, 40, 11.70 W
1788703280.155398859,0 %, 2398 MHz, 40, 11.70 W
1788703280.256134074,0 %, 2398 MHz, 40, 11.70 W
1788703280.356652457,0 %, 2398 MHz, 40, 11.69 W
1788703280.457038808,0 %, 2398 MHz, 40, 11.69 W
1788703280.557367415,0 %, 2398 MHz, 40, 11.69 W
1788703280.657524869,0 %, 2398 MHz, 40, 11.69 W
1788703280.758001957,0 %, 2398 MHz, 40, 11.69 W
1788703280.858561092,0 %, 2398 MHz, 40, 11.69 W
1788703280.958985315,0 %, 2398 MHz, 40, 11.69 W
1788703281.059279041,0 %, 2398 MHz, 40, 11.69 W
1788703281.159297695,0 %, 2398 MHz, 40, 11.69 W
1788703281.260097231,0 %, 2398 MHz, 40, 11.69 W
1788703281.360657487,0 %, 2398 MHz, 40, 11.69 W
1788703281.461027725,0 %, 2398 MHz, 40, 11.69 W
1788703281.561683037,0 %, 2398 MHz, 40, 11.69 W
1788703281.662034588,0 %, 2398 MHz, 40, 11.69 W
1788703281.762931276,0 %, 2398 MHz, 40, 11.69 W
1788703281.862760345,0 %, 2398 MHz, 40, 11.67 W
1788703281.962980632,0 %, 2398 MHz, 40, 11.67 W
1788703282.063780808,0 %, 2398 MHz, 40, 11.67 W
1788703282.163858166,0 %, 2398 MHz, 40, 11.67 W
1788703282.264223317,0 %, 2398 MHz, 40, 11.67 W
1788703282.364752148,0 %, 2398 MHz, 40, 11.68 W
1788703282.465427460,0 %, 2398 MHz, 40, 11.68 W
1788703282.565761602,0 %, 2398 MHz, 40, 11.68 W
1788703282.665494080,0 %, 2398 MHz, 40, 11.68 W
1788703282.766124495,0 %, 2398 MHz, 40, 11.68 W
1788703282.866520670,0 %, 2398 MHz, 40, 11.70 W
1788703282.966904301,0 %, 2398 MHz, 40, 11.70 W
1788703283.067591597,0 %, 2398 MHz, 40, 11.70 W
1788703283.167573419,0 %, 2398 MHz, 40, 11.70 W
1788703283.267867674,0 %, 2398 MHz, 40, 11.70 W
1788703283.368459913,0 %, 2398 MHz, 40, 11.75 W
1788703283.468803480,0 %, 2398 MHz, 40, 11.75 W
1788703283.569508088,0 %, 2398 MHz, 40, 11.75 W
1788703283.669821206,0 %, 2398 MHz, 40, 11.75 W
1788703283.769983013,0 %, 2398 MHz, 40, 11.75 W
1788703283.870476564,0 %, 2398 MHz, 40, 11.75 W
1788703283.971198292,0 %, 2398 MHz, 40, 11.75 W
1788703284.071502691,0 %, 2398 MHz, 40, 11.75 W
1788703284.171874817,0 %, 2398 MHz, 40, 11.75 W
1788703284.271970384,0 %, 2398 MHz, 40, 11.75 W
1788703284.372486847,0 %, 2398 MHz, 40, 11.73 W
1788703284.473192191,0 %, 2398 MHz, 40, 11.73 W
1788703284.573497854,0 %, 2398 MHz, 40, 11.73 W
1788703284.673623644,0 %, 2398 MHz, 40, 11.73 W
1788703284.773946619,0 %, 2398 MHz, 40, 11.73 W
1788703284.874362186,0 %, 2398 MHz, 40, 11.76 W
1788703284.975115770,0 %, 2398 MHz, 40, 11.76 W
1788703285.075427033,0 %, 2398 MHz, 40, 11.76 W
1788703285.175773927,0 %, 2398 MHz, 40, 11.76 W
1788703285.275957718,0 %, 2398 MHz, 40, 11.76 W
1788703285.376822694,0 %, 2398 MHz, 40, 11.79 W
1788703285.477149061,0 %, 2398 MHz, 40, 11.79 W
1788703285.577455092,0 %, 2398 MHz, 40, 11.79 W
1788703285.677637250,0 %, 2398 MHz, 40, 11.79 W
1788703285.778466098,0 %, 2398 MHz, 40, 11.79 W
1788703285.878740721,0 %, 2398 MHz, 40, 11.78 W
1788703285.978765503,0 %, 2398 MHz, 40, 11.78 W
1788703286.079299631,0 %, 2398 MHz, 40, 11.78 W
1788703286.179605422,0 %, 2398 MHz, 40, 11.78 W
1788703286.279788892,0 %, 2398 MHz, 40, 11.78 W
1788703286.380740108,0 %, 2398 MHz, 40, 11.72 W
1788703286.480958875,0 %, 2398 MHz, 40, 11.72 W
1788703286.581192058,0 %, 2398 MHz, 40, 11.72 W
1788703286.681337192,0 %, 2398 MHz, 40, 11.72 W
1788703286.781650695,0 %, 2398 MHz, 40, 11.72 W
1788703286.882215031,0 %, 2398 MHz, 40, 11.72 W
1788703286.982039332,0 %, 2398 MHz, 40, 11.72 W
1788703287.083110341,0 %, 2398 MHz, 40, 11.72 W
1788703287.183429652,0 %, 2398 MHz, 40, 11.72 W
1788703287.283560306,0 %, 2398 MHz, 40, 11.72 W
1788703287.384128034,0 %, 2398 MHz, 40, 11.75 W
1788703287.484852242,0 %, 2398 MHz, 40, 11.75 W
1788703287.584984272,0 %, 2398 MHz, 40, 11.75 W
1788703287.685104015,0 %, 2398 MHz, 40, 11.75 W
1788703287.785384177,0 %, 2398 MHz, 40, 11.75 W
1788703287.885770154,0 %, 2398 MHz, 40, 11.76 W
1788703287.986268339,0 %, 2398 MHz, 40, 11.76 W
1788703288.086818508,0 %, 2398 MHz, 40, 11.76 W
1788703288.187306196,0 %, 2398 MHz, 40, 11.76 W
1788703288.287403915,0 %, 2398 MHz, 40, 11.74 W
1788703288.387985780,0 %, 2398 MHz, 40, 11.74 W
1788703288.488646878,0 %, 2398 MHz, 40, 11.74 W
1788703288.588983717,0 %, 2398 MHz, 40, 11.74 W
1788703288.689432670,0 %, 2398 MHz, 40, 11.74 W
1788703288.789670421,0 %, 2398 MHz, 40, 11.73 W
1788703288.889801324,0 %, 2398 MHz, 40, 11.73 W
1788703288.990669862,0 %, 2398 MHz, 40, 11.73 W
1788703289.090814605,0 %, 2398 MHz, 40, 11.73 W
1788703289.191400806,0 %, 2398 MHz, 40, 11.73 W
1788703289.291685165,0 %, 2398 MHz, 40, 11.74 W
1788703289.392220485,0 %, 2398 MHz, 40, 11.74 W
1788703289.492497453,0 %, 2398 MHz, 40, 11.74 W
1788703289.593046357,0 %, 2398 MHz, 40, 11.74 W
1788703289.693424541,0 %, 2398 MHz, 40, 11.74 W
1788703289.793537283,0 %, 2398 MHz, 40, 11.71 W
1788703289.893650282,0 %, 2398 MHz, 40, 11.71 W
1788703289.994560532,0 %, 2398 MHz, 40, 11.71 W
1788703290.094681194,0 %, 2398 MHz, 40, 11.71 W
1788703290.195276130,0 %, 2398 MHz, 40, 11.71 W
1788703290.295565353,0 %, 2398 MHz, 40, 11.69 W
1788703290.396308386,0 %, 2398 MHz, 40, 11.69 W
1788703290.496418936,0 %, 2398 MHz, 40, 11.69 W
1788703290.596997712,0 %, 2398 MHz, 40, 11.69 W
1788703290.697348711,0 %, 2398 MHz, 40, 11.69 W
1788703290.797557486,0 %, 2398 MHz, 40, 11.73 W
1788703290.898260390,0 %, 2398 MHz, 40, 11.73 W
1788703290.998343436,0 %, 2398 MHz, 40, 11.73 W
1788703291.098957812,0 %, 2398 MHz, 40, 11.73 W
1788703291.199281003,0 %, 2398 MHz, 40, 11.73 W
1788703291.299952531,0 %, 2398 MHz, 40, 11.74 W
1788703291.400069977,0 %, 2398 MHz, 40, 11.74 W
1788703291.500412399,0 %, 2398 MHz, 40, 11.74 W
1788703291.600771510,0 %, 2398 MHz, 40, 11.74 W
1788703291.701451054,0 %, 2398 MHz, 40, 11.74 W
1788703291.801811221,0 %, 2398 MHz, 40, 11.74 W
1788703291.902329741,0 %, 2398 MHz, 40, 11.74 W
1788703292.002605971,0 %, 2398 MHz, 40, 11.74 W
1788703292.102945337,0 %, 2398 MHz, 40, 11.74 W
1788703292.203620593,0 %, 2398 MHz, 40, 11.74 W
1788703292.303957671,0 %, 2398 MHz, 40, 11.76 W
1788703292.404091869,0 %, 2398 MHz, 40, 11.76 W
1788703292.504543443,0 %, 2398 MHz, 40, 11.76 W
1788703292.604970698,0 %, 2398 MHz, 40, 11.76 W
1788703292.705774098,0 %, 2398 MHz, 40, 11.76 W
1788703292.805810215,0 %, 2398 MHz, 40, 11.75 W
1788703292.906110397,0 %, 2398 MHz, 40, 11.75 W
1788703293.006472820,0 %, 2398 MHz, 40, 11.75 W
1788703293.106818154,0 %, 2398 MHz, 40, 11.75 W
1788703293.207863539,0 %, 2398 MHz, 40, 11.75 W
1788703293.306840642,0 %, 2398 MHz, 40, 11.72 W
1788703293.407095496,0 %, 2398 MHz, 40, 11.72 W
1788703293.507356957,0 %, 2398 MHz, 40, 11.72 W
1788703293.607528546,0 %, 2398 MHz, 40, 11.72 W
1788703293.708420939,0 %, 2398 MHz, 40, 11.72 W
1788703293.808926065,0 %, 2398 MHz, 40, 11.75 W
1788703293.909255863,0 %, 2398 MHz, 40, 11.75 W
1788703294.009309420,0 %, 2398 MHz, 40, 11.75 W
1788703294.110193284,0 %, 2398 MHz, 40, 11.75 W
1788703294.210324952,0 %, 2398 MHz, 40, 11.75 W
1788703294.310521901,0 %, 2398 MHz, 40, 11.77 W
1788703294.410858466,0 %, 2398 MHz, 40, 11.77 W
1788703294.511191464,0 %, 2398 MHz, 40, 11.77 W
1788703294.611941791,0 %, 2398 MHz, 40, 11.77 W
1788703294.713142601,0 %, 2398 MHz, 40, 11.77 W
1788703294.812456441,0 %, 2398 MHz, 40, 11.73 W
1788703294.912827119,0 %, 2398 MHz, 40, 11.73 W
1788703295.013157412,0 %, 2398 MHz, 40, 11.73 W
1788703295.113546554,0 %, 2398 MHz, 40, 11.73 W
1788703295.214040623,0 %, 2398 MHz, 40, 11.73 W
1788703295.314570597,0 %, 2398 MHz, 40, 11.74 W
1788703295.414854106,0 %, 2398 MHz, 40, 11.74 W
1788703295.515270640,0 %, 2398 MHz, 40, 11.74 W
1788703295.615358068,0 %, 2398 MHz, 40, 11.74 W
1788703295.716320028,0 %, 2398 MHz, 40, 11.74 W
1788703295.816612240,0 %, 2398 MHz, 40, 11.75 W
1788703295.916718564,0 %, 2398 MHz, 40, 11.75 W
1788703296.017359227,0 %, 2398 MHz, 40, 11.75 W
1788703296.117322750,0 %, 2398 MHz, 40, 11.75 W
1788703296.218070484,0 %, 2398 MHz, 40, 11.75 W
1788703296.318356873,0 %, 2398 MHz, 40, 11.75 W
1788703296.418914174,0 %, 2398 MHz, 40, 11.75 W
1788703296.519061298,0 %, 2398 MHz, 40, 11.75 W
1788703296.619764840,0 %, 2398 MHz, 40, 11.75 W
1788703296.720080221,0 %, 2398 MHz, 40, 11.75 W
1788703296.820484114,0 %, 2398 MHz, 40, 11.75 W
1788703296.920793702,0 %, 2398 MHz, 40, 11.75 W
1788703297.021507277,0 %, 2398 MHz, 40, 11.75 W
1788703297.121839041,0 %, 2398 MHz, 40, 11.75 W
1788703297.222166405,0 %, 2398 MHz, 40, 11.75 W
1788703297.322622250,0 %, 2398 MHz, 40, 11.75 W
1788703297.422934254,0 %, 2398 MHz, 40, 11.75 W
1788703297.523425011,0 %, 2398 MHz, 40, 11.75 W
1788703297.623616375,0 %, 2398 MHz, 40, 11.75 W
1788703297.724132524,0 %, 2398 MHz, 40, 11.75 W
1788703297.824461520,0 %, 2398 MHz, 40, 11.79 W
1788703297.924631363,0 %, 2398 MHz, 40, 11.79 W
1788703298.025547754,0 %, 2398 MHz, 40, 11.79 W
1788703298.125788638,0 %, 2398 MHz, 40, 11.79 W
1788703298.225939745,0 %, 2398 MHz, 40, 11.79 W
1788703298.325191071,0 %, 2398 MHz, 40, 11.83 W
1788703298.425515155,0 %, 2398 MHz, 40, 11.83 W
1788703298.526436170,0 %, 2398 MHz, 40, 11.83 W
1788703298.626825582,0 %, 2398 MHz, 40, 11.83 W
1788703298.727328163,0 %, 2398 MHz, 40, 11.83 W
1788703298.827768807,0 %, 2398 MHz, 40, 11.80 W
1788703298.928020202,0 %, 2398 MHz, 40, 11.80 W
1788703299.028352014,0 %, 2398 MHz, 40, 11.80 W
1788703299.128650081,0 %, 2398 MHz, 40, 11.80 W
1788703299.229052277,0 %, 2398 MHz, 40, 11.80 W
1788703299.329964347,0 %, 2398 MHz, 40, 11.75 W
1788703299.429087257,0 %, 2398 MHz, 40, 11.75 W
1788703299.530231648,0 %, 2398 MHz, 40, 11.75 W
1788703299.630493939,0 %, 2398 MHz, 40, 11.75 W
1788703299.730835623,0 %, 2398 MHz, 40, 11.75 W
1788703299.831364939,0 %, 2398 MHz, 40, 11.74 W
1788703299.932079088,0 %, 2398 MHz, 40, 11.74 W
1788703300.032185587,0 %, 2398 MHz, 40, 11.74 W
1788703300.132439541,0 %, 2398 MHz, 40, 11.74 W
1788703300.232863225,0 %, 2398 MHz, 40, 11.74 W
1788703300.333493565,0 %, 2398 MHz, 40, 11.74 W
1788703300.433311262,0 %, 2398 MHz, 40, 11.74 W
1788703300.534248676,0 %, 2398 MHz, 40, 11.74 W
1788703300.634401334,0 %, 2398 MHz, 40, 11.74 W
1788703300.734527544,0 %, 2398 MHz, 40, 11.74 W
1788703300.835110268,0 %, 2398 MHz, 40, 11.74 W
1788703300.935980130,0 %, 2398 MHz, 40, 11.74 W
1788703301.035757138,0 %, 2398 MHz, 40, 11.74 W
1788703301.136264326,0 %, 2398 MHz, 40, 11.74 W
1788703301.236557096,0 %, 2398 MHz, 40, 11.74 W
1788703301.337131420,0 %, 2398 MHz, 40, 11.73 W
1788703301.437251741,0 %, 2398 MHz, 40, 11.73 W
1788703301.537994210,0 %, 2398 MHz, 40, 11.73 W
1788703301.638304212,0 %, 2398 MHz, 40, 11.73 W
1788703301.738667159,0 %, 2398 MHz, 40, 11.73 W
1788703301.839020698,0 %, 2398 MHz, 40, 11.71 W
1788703301.939669854,0 %, 2398 MHz, 40, 11.71 W
1788703302.040024385,0 %, 2398 MHz, 40, 11.71 W
1788703302.140360035,0 %, 2398 MHz, 40, 11.71 W
1788703302.240745477,0 %, 2398 MHz, 40, 11.71 W
1788703302.341740587,0 %, 2398 MHz, 40, 11.75 W
1788703302.441727531,0 %, 2398 MHz, 40, 11.75 W
1788703302.542217662,0 %, 2398 MHz, 40, 11.75 W
1788703302.642326655,0 %, 2398 MHz, 40, 11.75 W
1788703302.742940499,0 %, 2398 MHz, 40, 11.75 W
1788703302.843432310,0 %, 2398 MHz, 40, 11.80 W
1788703302.943565735,0 %, 2398 MHz, 40, 11.80 W
1788703303.043918858,0 %, 2398 MHz, 40, 11.80 W
1788703303.144272219,0 %, 2398 MHz, 40, 11.80 W
1788703303.244436205,0 %, 2398 MHz, 40, 11.80 W
1788703303.345021535,0 %, 2398 MHz, 40, 11.81 W
1788703303.445471714,0 %, 2398 MHz, 40, 11.81 W
1788703303.545861124,0 %, 2398 MHz, 40, 11.81 W
1788703303.646344631,0 %, 2398 MHz, 40, 11.81 W
1788703303.746801721,0 %, 2398 MHz, 40, 11.81 W
1788703303.847355180,0 %, 2398 MHz, 40, 11.79 W
1788703303.947643118,0 %, 2398 MHz, 40, 11.79 W
1788703304.047784206,0 %, 2398 MHz, 40, 11.79 W
1788703304.148306609,0 %, 2398 MHz, 40, 11.79 W
1788703304.248448961,0 %, 2398 MHz, 40, 11.79 W
1788703304.349379174,0 %, 2398 MHz, 40, 11.79 W
1788703304.449520198,0 %, 2398 MHz, 40, 11.79 W
1788703304.550158697,0 %, 2398 MHz, 40, 11.79 W
1788703304.649484086,0 %, 2398 MHz, 40, 11.79 W
1788703304.749555270,0 %, 2398 MHz, 40, 11.79 W
1788703304.849826951,0 %, 2398 MHz, 40, 11.79 W
1788703304.950022584,0 %, 2398 MHz, 40, 11.79 W
1788703305.050916764,0 %, 2398 MHz, 40, 11.79 W
1788703305.151204365,0 %, 2398 MHz, 40, 11.79 W
1788703305.251962544,0 %, 2398 MHz, 40, 11.79 W
1788703305.352466002,0 %, 2398 MHz, 40, 11.81 W
1788703305.452630850,0 %, 2398 MHz, 40, 11.81 W
1788703305.552964371,0 %, 2398 MHz, 40, 11.81 W
1788703305.653611829,0 %, 2398 MHz, 40, 11.81 W
1788703305.753966775,0 %, 2398 MHz, 40, 11.81 W
1788703305.854505945,0 %, 2398 MHz, 40, 11.81 W
1788703305.954737209,0 %, 2398 MHz, 40, 11.81 W
1788703306.055369836,0 %, 2398 MHz, 40, 11.81 W
1788703306.155571020,0 %, 2398 MHz, 40, 11.81 W
1788703306.255903052,0 %, 2398 MHz, 40, 11.81 W
1788703306.356381374,0 %, 2398 MHz, 40, 11.79 W
1788703306.456414925,0 %, 2398 MHz, 40, 11.79 W
1788703306.556982895,0 %, 2398 MHz, 40, 11.79 W
1788703306.657669361,0 %, 2398 MHz, 40, 11.79 W
1788703306.757813473,0 %, 2398 MHz, 40, 11.79 W
1788703306.858117137,0 %, 2398 MHz, 40, 11.76 W
1788703306.958391762,0 %, 2398 MHz, 40, 11.76 W
1788703307.058774338,0 %, 2398 MHz, 40, 11.76 W
1788703307.159460468,0 %, 2398 MHz, 40, 11.76 W
1788703307.259966613,0 %, 2398 MHz, 40, 11.76 W
1788703307.360268102,0 %, 2398 MHz, 40, 11.70 W
1788703307.460440373,0 %, 2398 MHz, 40, 11.70 W
1788703307.561005335,0 %, 2398 MHz, 40, 11.70 W
1788703307.661494183,0 %, 2398 MHz, 40, 11.70 W
1788703307.761844968,0 %, 2398 MHz, 40, 11.70 W
1788703307.862176744,0 %, 2398 MHz, 40, 11.73 W
1788703307.962338184,0 %, 2398 MHz, 40, 11.73 W
1788703308.062717800,0 %, 2398 MHz, 40, 11.73 W
1788703308.163399561,0 %, 2398 MHz, 40, 11.73 W
1788703308.263616585,0 %, 2398 MHz, 40, 11.73 W
1788703308.364112713,0 %, 2398 MHz, 40, 11.75 W
1788703308.464276728,0 %, 2398 MHz, 40, 11.75 W
1788703308.564557672,0 %, 2398 MHz, 40, 11.75 W
1788703308.665453579,0 %, 2398 MHz, 40, 11.75 W
1788703308.765725802,0 %, 2398 MHz, 40, 11.75 W
1788703308.865863257,0 %, 2398 MHz, 40, 11.74 W
1788703308.966293898,0 %, 2398 MHz, 40, 11.74 W
1788703309.066430840,0 %, 2398 MHz, 40, 11.74 W
1788703309.166825160,0 %, 2398 MHz, 40, 11.74 W
1788703309.267509369,0 %, 2398 MHz, 40, 11.74 W
1788703309.367856329,0 %, 2398 MHz, 40, 11.75 W
1788703309.468195560,0 %, 2398 MHz, 40, 11.75 W
1788703309.568355895,0 %, 2398 MHz, 40, 11.75 W
1788703309.668773719,0 %, 2398 MHz, 40, 11.75 W
1788703309.769421608,0 %, 2398 MHz, 40, 11.75 W
1788703309.869145765,0 %, 2398 MHz, 40, 11.76 W
1788703309.969969366,0 %, 2398 MHz, 40, 11.76 W
1788703310.070311494,0 %, 2398 MHz, 40, 11.76 W
1788703310.170594149,0 %, 2398 MHz, 40, 11.76 W
1788703310.271334310,0 %, 2398 MHz, 40, 11.76 W
1788703310.371554052,0 %, 2398 MHz, 40, 11.78 W
1788703310.471956372,0 %, 2398 MHz, 40, 11.78 W
1788703310.572229122,0 %, 2398 MHz, 40, 11.78 W
1788703310.672423793,0 %, 2398 MHz, 40, 11.78 W
1788703310.773007425,0 %, 2398 MHz, 40, 11.78 W
1788703310.873672418,0 %, 2398 MHz, 40, 11.77 W
1788703310.973667663,0 %, 2398 MHz, 40, 11.77 W
1788703311.073993854,0 %, 2398 MHz, 40, 11.77 W
1788703311.174338557,0 %, 2398 MHz, 40, 11.77 W
1788703311.274720188,0 %, 2398 MHz, 40, 11.77 W
1788703311.375586637,0 %, 2398 MHz, 40, 11.76 W
1788703311.475801947,0 %, 2398 MHz, 40, 11.76 W
1788703311.575971049,0 %, 2398 MHz, 40, 11.76 W
1788703311.677021851,0 %, 2398 MHz, 40, 11.76 W
1788703311.776636439,0 %, 2398 MHz, 40, 11.76 W
1788703311.877527704,0 %, 2398 MHz, 40, 11.76 W
1788703311.977615462,0 %, 2398 MHz, 40, 11.76 W
1788703312.077987556,0 %, 2398 MHz, 40, 11.76 W
1788703312.178304259,0 %, 2398 MHz, 40, 11.76 W
1788703312.278685809,0 %, 2398 MHz, 40, 11.76 W
1788703312.379544162,0 %, 2398 MHz, 40, 11.74 W
1788703312.479723151,0 %, 2398 MHz, 40, 11.74 W
1788703312.579885869,0 %, 2398 MHz, 40, 11.74 W
1788703312.680213291,0 %, 2398 MHz, 40, 11.74 W
1788703312.780749579,0 %, 2398 MHz, 40, 11.74 W
1788703312.881219434,0 %, 2398 MHz, 40, 11.74 W
1788703312.981511192,0 %, 2398 MHz, 40, 11.74 W
1788703313.081851830,0 %, 2398 MHz, 40, 11.74 W
1788703313.182195444,0 %, 2398 MHz, 40, 11.74 W
1788703313.282333057,0 %, 2398 MHz, 40, 11.74 W
1788703313.382915136,0 %, 2398 MHz, 40, 11.77 W
1788703313.483391375,0 %, 2398 MHz, 40, 11.77 W
1788703313.583913565,0 %, 2398 MHz, 40, 11.77 W
1788703313.684251835,0 %, 2398 MHz, 40, 11.77 W
1788703313.784421257,0 %, 2398 MHz, 40, 11.77 W
1788703313.884670006,0 %, 2398 MHz, 40, 11.77 W
1788703313.985403718,0 %, 2398 MHz, 40, 11.77 W
1788703314.085659715,0 %, 2398 MHz, 40, 11.77 W
1788703314.186083153,0 %, 2398 MHz, 40, 11.77 W
1788703314.286314990,0 %, 2398 MHz, 40, 11.77 W
1788703314.387223007,0 %, 2398 MHz, 40, 11.80 W
1788703314.487344475,0 %, 2398 MHz, 40, 11.80 W
1788703314.587856457,0 %, 2398 MHz, 40, 11.80 W
1788703314.687991254,0 %, 2398 MHz, 40, 11.80 W
1788703314.788299572,0 %, 2398 MHz, 40, 11.80 W
1788703314.889010307,0 %, 2398 MHz, 40, 11.81 W
1788703314.988667021,0 %, 2398 MHz, 40, 11.81 W
1788703315.089474797,0 %, 2398 MHz, 40, 11.81 W
1788703315.189868858,0 %, 2398 MHz, 40, 11.81 W
1788703315.290183863,0 %, 2398 MHz, 40, 11.79 W
1788703315.390549973,0 %, 2398 MHz, 40, 11.79 W
1788703315.491075763,0 %, 2398 MHz, 40, 11.79 W
1788703315.591553089,0 %, 2398 MHz, 40, 11.79 W
1788703315.691677725,0 %, 2398 MHz, 40, 11.79 W
1788703315.792087994,0 %, 2398 MHz, 40, 11.77 W
1788703315.892375895,0 %, 2398 MHz, 40, 11.77 W
1788703315.993110902,0 %, 2398 MHz, 40, 11.77 W
1788703316.093396035,0 %, 2398 MHz, 40, 11.77 W
1788703316.193835824,0 %, 2398 MHz, 40, 11.77 W
1788703316.294136669,0 %, 2398 MHz, 40, 11.78 W
1788703316.394510042,0 %, 2398 MHz, 40, 11.78 W
1788703316.495014631,0 %, 2398 MHz, 40, 11.78 W
1788703316.595510197,0 %, 2398 MHz, 40, 11.78 W
1788703316.695492912,0 %, 2398 MHz, 40, 11.78 W
1788703316.795936670,0 %, 2398 MHz, 40, 11.81 W
1788703316.896376283,0 %, 2398 MHz, 40, 11.81 W
1788703316.996917897,0 %, 2398 MHz, 40, 11.81 W
1788703317.097230053,0 %, 2398 MHz, 40, 11.81 W
1788703317.197455681,0 %, 2398 MHz, 40, 11.81 W
1788703317.297867694,0 %, 2398 MHz, 40, 11.81 W
1788703317.398351211,0 %, 2398 MHz, 40, 11.81 W
1788703317.499039721,0 %, 2398 MHz, 40, 11.81 W
1788703317.599125908,0 %, 2398 MHz, 40, 11.81 W
1788703317.699445168,0 %, 2398 MHz, 40, 11.81 W
1788703317.799828941,0 %, 2398 MHz, 40, 11.82 W
1788703317.900141353,0 %, 2398 MHz, 40, 11.82 W
1788703318.000825543,0 %, 2398 MHz, 40, 11.82 W
1788703318.101201860,0 %, 2398 MHz, 40, 11.82 W
1788703318.201409375,0 %, 2398 MHz, 40, 11.82 W
1788703318.301813467,0 %, 2398 MHz, 40, 11.80 W
1788703318.402299992,0 %, 2398 MHz, 40, 11.80 W
1788703318.501866513,0 %, 2398 MHz, 40, 11.80 W
1788703318.602214285,0 %, 2398 MHz, 40, 11.80 W
1788703318.702624729,0 %, 2398 MHz, 40, 11.80 W
1788703318.802419219,0 %, 2398 MHz, 40, 11.81 W
1788703318.903563123,0 %, 2398 MHz, 40, 11.81 W
1788703319.003865230,0 %, 2398 MHz, 40, 11.81 W
1788703319.104414971,0 %, 2398 MHz, 40, 11.81 W
1788703319.204439685,0 %, 2398 MHz, 40, 11.81 W
1788703319.304987746,0 %, 2398 MHz, 40, 11.82 W
1788703319.405484926,0 %, 2398 MHz, 40, 11.82 W
1788703319.505832810,0 %, 2398 MHz, 40, 11.82 W
1788703319.606163382,0 %, 2398 MHz, 40, 11.82 W
1788703319.706526994,0 %, 2398 MHz, 40, 11.82 W
1788703319.807502736,0 %, 2398 MHz, 40, 11.80 W
1788703319.907653723,0 %, 2398 MHz, 40, 11.80 W
1788703320.008092599,0 %, 2398 MHz, 40, 11.80 W
1788703320.108417730,0 %, 2398 MHz, 40, 11.80 W
1788703320.208988399,0 %, 2398 MHz, 40, 11.80 W
1788703320.309472091,0 %, 2398 MHz, 40, 11.82 W
1788703320.409661173,0 %, 2398 MHz, 40, 11.82 W
1788703320.509855872,0 %, 2398 MHz, 40, 11.82 W
1788703320.610168635,0 %, 2398 MHz, 40, 11.82 W
1788703320.711053257,0 %, 2398 MHz, 40, 11.82 W
1788703320.811342948,0 %, 2398 MHz, 40, 11.84 W
1788703320.911530334,0 %, 2398 MHz, 40, 11.84 W
1788703321.011898074,0 %, 2398 MHz, 40, 11.84 W
1788703321.112196405,0 %, 2398 MHz, 40, 11.84 W
1788703321.212942513,0 %, 2398 MHz, 40, 11.84 W
1788703321.313177500,0 %, 2398 MHz, 40, 11.83 W
1788703321.413388038,0 %, 2398 MHz, 40, 11.83 W
1788703321.513964418,0 %, 2398 MHz, 40, 11.83 W
1788703321.614108268,0 %, 2398 MHz, 40, 11.83 W
1788703321.714475367,0 %, 2398 MHz, 40, 11.83 W
1788703321.815203876,0 %, 2398 MHz, 40, 11.80 W
1788703321.915370110,0 %, 2398 MHz, 40, 11.80 W
1788703322.015825401,0 %, 2398 MHz, 40, 11.80 W
1788703322.115993507,0 %, 2398 MHz, 40, 11.80 W
1788703322.216245485,0 %, 2398 MHz, 40, 11.80 W
1788703322.316973402,0 %, 2398 MHz, 40, 11.78 W
1788703322.417263348,0 %, 2398 MHz, 40, 11.78 W
1788703322.517793711,0 %, 2398 MHz, 40, 11.78 W
1788703322.617976313,0 %, 2398 MHz, 40, 11.78 W
1788703322.718836982,0 %, 2398 MHz, 40, 11.78 W
1788703322.819128160,0 %, 2398 MHz, 40, 11.78 W
1788703322.919226826,0 %, 2398 MHz, 40, 11.78 W
1788703323.019612485,0 %, 2398 MHz, 40, 11.78 W
1788703323.119938031,0 %, 2398 MHz, 40, 11.78 W
1788703323.220820875,0 %, 2398 MHz, 40, 11.78 W
1788703323.320905780,0 %, 2398 MHz, 40, 11.78 W
1788703323.421308783,0 %, 2398 MHz, 40, 11.78 W
1788703323.521714649,0 %, 2398 MHz, 40, 11.78 W
1788703323.622375125,0 %, 2398 MHz, 40, 11.78 W
1788703323.722755855,0 %, 2398 MHz, 40, 11.78 W
1788703323.823075913,0 %, 2398 MHz, 40, 11.75 W
1788703323.923018194,0 %, 2398 MHz, 40, 11.75 W
1788703324.023387756,0 %, 2398 MHz, 40, 11.75 W
1788703324.123791414,0 %, 2398 MHz, 40, 11.75 W
1788703324.224446833,0 %, 2398 MHz, 40, 11.75 W
1788703324.324603994,0 %, 2398 MHz, 40, 11.73 W
1788703324.424962996,0 %, 2398 MHz, 40, 11.73 W
1788703324.525237917,0 %, 2398 MHz, 40, 11.73 W
1788703324.625629735,0 %, 2398 MHz, 40, 11.73 W
1788703324.725985121,0 %, 2398 MHz, 40, 11.73 W
1788703324.826642605,0 %, 2398 MHz, 40, 11.72 W
1788703324.926887990,0 %, 2398 MHz, 40, 11.72 W
1788703325.027184415,0 %, 2398 MHz, 40, 11.72 W
1788703325.127391320,0 %, 2398 MHz, 40, 11.72 W
1788703325.227791506,0 %, 2398 MHz, 40, 11.72 W
1788703325.328089755,0 %, 2398 MHz, 40, 11.74 W
1788703325.428957383,0 %, 2398 MHz, 40, 11.74 W
1788703325.529074127,0 %, 2398 MHz, 40, 11.74 W
1788703325.629462153,0 %, 2398 MHz, 40, 11.74 W
1788703325.729861139,0 %, 2398 MHz, 40, 11.74 W
1788703325.830471357,0 %, 2398 MHz, 40, 11.76 W
1788703325.930836903,0 %, 2398 MHz, 40, 11.76 W
1788703326.031203408,0 %, 2398 MHz, 40, 11.76 W
1788703326.131673434,0 %, 2398 MHz, 40, 11.76 W
1788703326.232172067,0 %, 2398 MHz, 40, 11.76 W
1788703326.332734525,0 %, 2398 MHz, 40, 11.79 W
1788703326.432905846,0 %, 2398 MHz, 40, 11.79 W
1788703326.533220335,0 %, 2398 MHz, 40, 11.79 W
1788703326.633965306,0 %, 2398 MHz, 40, 11.79 W
1788703326.734434483,0 %, 2398 MHz, 40, 11.79 W
1788703326.834667660,0 %, 2398 MHz, 40, 11.81 W
1788703326.934844916,0 %, 2398 MHz, 40, 11.81 W
1788703327.035157885,0 %, 2398 MHz, 40, 11.81 W
1788703327.135879431,0 %, 2398 MHz, 40, 11.81 W
1788703327.236216496,0 %, 2398 MHz, 40, 11.81 W
1788703327.336727113,0 %, 2398 MHz, 40, 11.78 W
1788703327.436911921,0 %, 2398 MHz, 40, 11.78 W
1788703327.537219722,0 %, 2398 MHz, 40, 11.78 W
1788703327.637948484,0 %, 2398 MHz, 40, 11.78 W
1788703327.738431645,0 %, 2398 MHz, 40, 11.78 W
1788703327.838557701,0 %, 2398 MHz, 40, 11.76 W
1788703327.938771949,0 %, 2398 MHz, 40, 11.76 W
1788703328.039300615,0 %, 2398 MHz, 40, 11.76 W
1788703328.139286573,0 %, 2398 MHz, 40, 11.76 W
1788703328.240020295,0 %, 2398 MHz, 40, 11.76 W
1788703328.340116606,0 %, 2398 MHz, 40, 11.77 W
1788703328.440713832,0 %, 2398 MHz, 40, 11.77 W
1788703328.541204625,0 %, 2398 MHz, 40, 11.77 W
1788703328.641253624,0 %, 2398 MHz, 40, 11.77 W
1788703328.741993826,0 %, 2398 MHz, 40, 11.77 W
1788703328.842439595,0 %, 2398 MHz, 40, 11.79 W
1788703328.942510498,0 %, 2398 MHz, 40, 11.79 W
1788703329.042906714,0 %, 2398 MHz, 40, 11.79 W
1788703329.143216658,0 %, 2398 MHz, 40, 11.79 W
1788703329.244093948,0 %, 2398 MHz, 40, 11.79 W
1788703329.344444404,0 %, 2398 MHz, 40, 11.77 W
1788703329.444455547,0 %, 2398 MHz, 40, 11.77 W
1788703329.545465030,0 %, 2398 MHz, 40, 11.77 W
1788703329.645613229,0 %, 2398 MHz, 40, 11.77 W
1788703329.745975749,0 %, 2398 MHz, 40, 11.77 W
1788703329.846278348,0 %, 2398 MHz, 40, 11.74 W
1788703329.946453299,0 %, 2398 MHz, 40, 11.74 W
1788703330.046880540,0 %, 2398 MHz, 40, 11.74 W
1788703330.147167187,0 %, 2398 MHz, 40, 11.74 W
1788703330.247999165,0 %, 2398 MHz, 40, 11.74 W
1788703330.348360900,0 %, 2398 MHz, 40, 11.76 W
1788703330.448430474,0 %, 2398 MHz, 40, 11.76 W
1788703330.549012307,0 %, 2398 MHz, 40, 11.76 W
1788703330.649493499,0 %, 2398 MHz, 40, 11.76 W
1788703330.750068580,0 %, 2398 MHz, 40, 11.76 W
1788703330.850128602,0 %, 2398 MHz, 40, 11.75 W
1788703330.950473522,0 %, 2398 MHz, 40, 11.75 W
1788703331.050859257,0 %, 2398 MHz, 40, 11.75 W
1788703331.151501970,0 %, 2398 MHz, 40, 11.75 W
1788703331.251845801,0 %, 2398 MHz, 40, 11.75 W
1788703331.352369505,0 %, 2398 MHz, 40, 11.71 W
1788703331.452551303,0 %, 2398 MHz, 40, 11.71 W
1788703331.553251824,0 %, 2398 MHz, 40, 11.71 W
1788703331.653548055,0 %, 2398 MHz, 40, 11.71 W
1788703331.754248336,0 %, 2398 MHz, 40, 11.71 W
1788703331.854253014,0 %, 2398 MHz, 40, 11.69 W
1788703331.954982655,0 %, 2398 MHz, 40, 11.69 W
1788703332.055270149,0 %, 2398 MHz, 40, 11.69 W
1788703332.155650252,0 %, 2398 MHz, 40, 11.69 W
1788703332.255923395,0 %, 2398 MHz, 40, 11.69 W
1788703332.356374618,0 %, 2398 MHz, 40, 11.67 W
1788703332.456881858,0 %, 2398 MHz, 40, 11.67 W
1788703332.557148792,0 %, 2398 MHz, 40, 11.67 W
1788703332.657443487,0 %, 2398 MHz, 40, 11.67 W
1788703332.757472580,0 %, 2398 MHz, 40, 11.67 W
1788703332.858202476,0 %, 2398 MHz, 40, 11.68 W
1788703332.958320690,0 %, 2398 MHz, 40, 11.68 W
1788703333.059044282,0 %, 2398 MHz, 40, 11.68 W
1788703333.159346081,0 %, 2398 MHz, 40, 11.68 W
1788703333.259535206,0 %, 2398 MHz, 40, 11.68 W
1788703333.359951293,0 %, 2398 MHz, 40, 11.71 W
1788703333.460237123,0 %, 2398 MHz, 40, 11.71 W
1788703333.560951563,0 %, 2398 MHz, 40, 11.71 W
1788703333.661445155,0 %, 2398 MHz, 40, 11.71 W
1788703333.761830857,0 %, 2398 MHz, 40, 11.71 W
1788703333.861954847,0 %, 2398 MHz, 40, 11.73 W
1788703333.962708471,0 %, 2398 MHz, 40, 11.73 W
1788703334.063039581,0 %, 2398 MHz, 40, 11.73 W
1788703334.163339459,0 %, 2398 MHz, 40, 11.73 W
1788703334.263724265,0 %, 2398 MHz, 40, 11.73 W
1788703334.364608690,0 %, 2398 MHz, 40, 11.73 W
1788703334.464625670,0 %, 2398 MHz, 40, 11.73 W
1788703334.564962828,0 %, 2398 MHz, 40, 11.73 W
1788703334.665264466,0 %, 2398 MHz, 40, 11.73 W
1788703334.765790425,0 %, 2398 MHz, 40, 11.73 W
1788703334.865954878,0 %, 2398 MHz, 40, 11.69 W
1788703334.966627350,0 %, 2398 MHz, 40, 11.69 W
1788703335.067009644,0 %, 2398 MHz, 40, 11.69 W
1788703335.166796831,0 %, 2398 MHz, 40, 11.69 W
1788703335.266370929,0 %, 2398 MHz, 40, 11.69 W
1788703335.366635670,0 %, 2398 MHz, 40, 11.70 W
1788703335.467754144,0 %, 2398 MHz, 40, 11.70 W
1788703335.568099877,0 %, 2398 MHz, 40, 11.70 W
1788703335.668483179,0 %, 2398 MHz, 40, 11.70 W
1788703335.768657872,0 %, 2398 MHz, 40, 11.70 W
1788703335.869625353,0 %, 2398 MHz, 40, 11.73 W
1788703335.969610477,0 %, 2398 MHz, 40, 11.73 W
1788703336.070179347,0 %, 2398 MHz, 40, 11.73 W
1788703336.170296279,0 %, 2398 MHz, 40, 11.73 W
1788703336.271223391,0 %, 2398 MHz, 40, 11.73 W
1788703336.371524068,0 %, 2398 MHz, 40, 11.72 W
1788703336.471654953,0 %, 2398 MHz, 40, 11.72 W
1788703336.571970638,0 %, 2398 MHz, 40, 11.72 W
1788703336.673053799,0 %, 2398 MHz, 40, 11.72 W
1788703336.772989818,0 %, 2398 MHz, 40, 11.72 W
1788703336.873488528,0 %, 2398 MHz, 40, 11.72 W
1788703336.973843254,0 %, 2398 MHz, 40, 11.72 W
1788703337.073449863,0 %, 2398 MHz, 40, 11.72 W
1788703337.173924205,0 %, 2398 MHz, 40, 11.72 W
1788703337.274200129,0 %, 2398 MHz, 40, 11.72 W
1788703337.374195493,0 %, 2398 MHz, 40, 11.75 W
1788703337.475277421,0 %, 2398 MHz, 40, 11.75 W
1788703337.575558642,0 %, 2398 MHz, 40, 11.75 W
1788703337.676098120,0 %, 2398 MHz, 40, 11.75 W
1788703337.776236028,0 %, 2398 MHz, 40, 11.75 W
1788703337.876577857,0 %, 2398 MHz, 40, 11.77 W
1788703337.976836565,0 %, 2398 MHz, 40, 11.77 W
1788703338.077451995,0 %, 2398 MHz, 40, 11.77 W
1788703338.177756399,0 %, 2398 MHz, 40, 11.77 W
1788703338.278180628,0 %, 2398 MHz, 40, 11.77 W
1788703338.378508201,0 %, 2398 MHz, 40, 11.72 W
1788703338.478731549,0 %, 2398 MHz, 40, 11.72 W
1788703338.579383139,0 %, 2398 MHz, 40, 11.72 W
1788703338.679732520,0 %, 2398 MHz, 40, 11.72 W
1788703338.780131564,0 %, 2398 MHz, 40, 11.72 W
1788703338.880609282,0 %, 2398 MHz, 40, 11.69 W
1788703338.980440004,0 %, 2398 MHz, 40, 11.69 W
1788703339.080477607,0 %, 2398 MHz, 40, 11.69 W
1788703339.180431161,0 %, 2398 MHz, 40, 11.69 W
1788703339.281656385,0 %, 2398 MHz, 40, 11.69 W
1788703339.382190422,0 %, 2398 MHz, 40, 11.75 W
1788703339.482477242,0 %, 2398 MHz, 40, 11.75 W
1788703339.582869231,0 %, 2398 MHz, 40, 11.75 W
1788703339.682992018,0 %, 2398 MHz, 40, 11.75 W
1788703339.783969673,0 %, 2398 MHz, 40, 11.75 W
1788703339.883959356,0 %, 2398 MHz, 40, 11.78 W
1788703339.984452417,0 %, 2398 MHz, 40, 11.78 W
1788703340.084608772,0 %, 2398 MHz, 40, 11.78 W
1788703340.185095496,0 %, 2398 MHz, 40, 11.78 W
1788703340.285506412,0 %, 2398 MHz, 40, 11.78 W
1788703340.385925248,0 %, 2398 MHz, 40, 11.77 W
1788703340.485950979,0 %, 2398 MHz, 40, 11.77 W
1788703340.585726196,0 %, 2398 MHz, 40, 11.77 W
1788703340.685887879,0 %, 2398 MHz, 40, 11.77 W
1788703340.786534732,0 %, 2398 MHz, 40, 11.77 W
1788703340.886830544,0 %, 2398 MHz, 40, 11.74 W
1788703340.987070947,0 %, 2398 MHz, 40, 11.74 W
1788703341.087033925,0 %, 2398 MHz, 40, 11.74 W
1788703341.187419705,0 %, 2398 MHz, 40, 11.74 W
1788703341.287403547,0 %, 2398 MHz, 40, 11.74 W
1788703341.387830415,0 %, 2398 MHz, 40, 11.72 W
1788703341.487974001,0 %, 2398 MHz, 40, 11.72 W
1788703341.588097508,0 %, 2398 MHz, 40, 11.72 W
1788703341.688468583,0 %, 2398 MHz, 40, 11.72 W
1788703341.789401213,0 %, 2398 MHz, 40, 11.72 W
1788703341.889738833,0 %, 2398 MHz, 40, 11.73 W
1788703341.989713715,0 %, 2398 MHz, 40, 11.73 W
1788703342.090033494,0 %, 2398 MHz, 40, 11.73 W
1788703342.190205592,0 %, 2398 MHz, 40, 11.73 W
1788703342.290442571,0 %, 2398 MHz, 40, 11.73 W
1788703342.390849390,0 %, 2398 MHz, 40, 11.74 W
1788703342.491019776,0 %, 2398 MHz, 40, 11.74 W
1788703342.591003762,0 %, 2398 MHz, 40, 11.74 W
1788703342.691378725,0 %, 2398 MHz, 40, 11.74 W
1788703342.791902361,0 %, 2398 MHz, 40, 11.73 W
1788703342.892601998,0 %, 2398 MHz, 40, 11.73 W
1788703342.992581855,0 %, 2398 MHz, 40, 11.73 W
1788703343.092933266,0 %, 2398 MHz, 40, 11.73 W
1788703343.193148004,0 %, 2398 MHz, 40, 11.73 W
1788703343.293586391,0 %, 2398 MHz, 40, 11.73 W
1788703343.394513709,0 %, 2398 MHz, 40, 11.73 W
1788703343.494583310,0 %, 2398 MHz, 40, 11.73 W
1788703343.594905425,0 %, 2398 MHz, 40, 11.73 W
1788703343.695460789,0 %, 2398 MHz, 40, 11.73 W
1788703343.795560166,0 %, 2398 MHz, 40, 11.76 W
1788703343.896317435,0 %, 2398 MHz, 40, 11.76 W
1788703343.996550925,0 %, 2398 MHz, 40, 11.76 W
1788703344.096911344,0 %, 2398 MHz, 40, 11.76 W
1788703344.197207202,0 %, 2398 MHz, 40, 11.76 W
1788703344.297433668,0 %, 2398 MHz, 40, 11.75 W
1788703344.397504997,0 %, 2398 MHz, 40, 11.75 W
1788703344.497859383,0 %, 2398 MHz, 40, 11.75 W
1788703344.598771004,0 %, 2398 MHz, 40, 11.75 W
1788703344.698922910,0 %, 2398 MHz, 40, 11.75 W
1788703344.799251376,0 %, 2398 MHz, 40, 11.75 W
1788703344.899585970,0 %, 2398 MHz, 40, 11.75 W
1788703345.000359895,0 %, 2398 MHz, 40, 11.75 W
1788703345.100661481,0 %, 2398 MHz, 40, 11.75 W
1788703345.200984523,0 %, 2398 MHz, 40, 11.75 W
1788703345.301335277,0 %, 2398 MHz, 40, 11.77 W
1788703345.401678095,0 %, 2398 MHz, 40, 11.77 W
1788703345.502408258,0 %, 2398 MHz, 40, 11.77 W
1788703345.602722308,0 %, 2398 MHz, 40, 11.77 W
1788703345.703019814,0 %, 2398 MHz, 40, 11.77 W
1788703345.803469017,0 %, 2398 MHz, 40, 11.76 W
1788703345.904231805,0 %, 2398 MHz, 40, 11.76 W
1788703346.004566254,0 %, 2398 MHz, 40, 11.76 W
1788703346.104685519,0 %, 2398 MHz, 40, 11.76 W
1788703346.205040721,0 %, 2398 MHz, 40, 11.76 W
1788703346.305371058,0 %, 2398 MHz, 40, 11.75 W
1788703346.406092710,0 %, 2398 MHz, 40, 11.75 W
1788703346.506443351,0 %, 2398 MHz, 40, 11.75 W
1788703346.606529752,0 %, 2398 MHz, 40, 11.75 W
1788703346.706908090,0 %, 2398 MHz, 40, 11.75 W
1788703346.807428012,0 %, 2398 MHz, 40, 11.76 W
1788703346.907978783,0 %, 2398 MHz, 40, 11.76 W
1788703347.008277904,0 %, 2398 MHz, 40, 11.76 W
1788703347.108607489,0 %, 2398 MHz, 40, 11.76 W
1788703347.208976307,0 %, 2398 MHz, 40, 11.76 W
1788703347.309662950,0 %, 2398 MHz, 40, 11.76 W
1788703347.410199048,0 %, 2398 MHz, 40, 11.76 W
1788703347.510531241,0 %, 2398 MHz, 40, 11.76 W
1788703347.610736586,0 %, 2398 MHz, 40, 11.76 W
1788703347.711018187,0 %, 2398 MHz, 40, 11.76 W
1788703347.811236860,0 %, 2398 MHz, 40, 11.79 W
1788703347.911973295,0 %, 2398 MHz, 40, 11.79 W
1788703348.012292544,0 %, 2398 MHz, 40, 11.79 W
1788703348.112476176,0 %, 2398 MHz, 40, 11.79 W
1788703348.212835777,0 %, 2398 MHz, 40, 11.79 W
1788703348.313129922,0 %, 2398 MHz, 40, 11.81 W
1788703348.413516771,0 %, 2398 MHz, 40, 11.81 W
1788703348.514051557,0 %, 2398 MHz, 40, 11.81 W
1788703348.614558070,0 %, 2398 MHz, 40, 11.81 W
1788703348.714803047,0 %, 2398 MHz, 40, 11.81 W
1788703348.815047255,0 %, 2398 MHz, 40, 11.82 W
1788703348.915265560,0 %, 2398 MHz, 40, 11.82 W
1788703349.015984938,0 %, 2398 MHz, 40, 11.82 W
1788703349.116298715,0 %, 2398 MHz, 40, 11.82 W
1788703349.216888620,0 %, 2398 MHz, 40, 11.82 W
1788703349.316995532,0 %, 2398 MHz, 40, 11.82 W
1788703349.417837071,0 %, 2398 MHz, 40, 11.82 W
1788703349.517944302,0 %, 2398 MHz, 40, 11.82 W
1788703349.618250239,0 %, 2398 MHz, 40, 11.82 W
1788703349.718634415,0 %, 2398 MHz, 40, 11.82 W
1788703349.818955712,0 %, 2398 MHz, 40, 11.80 W
1788703349.919638226,0 %, 2398 MHz, 40, 11.80 W
1788703350.019999603,0 %, 2398 MHz, 40, 11.80 W
1788703350.120337715,0 %, 2398 MHz, 40, 11.80 W
1788703350.220719619,0 %, 2398 MHz, 40, 11.80 W
1788703350.321393717,0 %, 2398 MHz, 40, 11.78 W
1788703350.421943014,0 %, 2398 MHz, 40, 11.78 W
1788703350.522064485,0 %, 2398 MHz, 40, 11.78 W
1788703350.622393861,0 %, 2398 MHz, 40, 11.78 W
1788703350.723326536,0 %, 2398 MHz, 40, 11.78 W
1788703350.823456535,0 %, 2398 MHz, 40, 11.77 W
1788703350.923847752,0 %, 2398 MHz, 40, 11.77 W
1788703351.024154856,0 %, 2398 MHz, 40, 11.77 W
1788703351.124876089,0 %, 2398 MHz, 40, 11.77 W
1788703351.225190809,0 %, 2398 MHz, 40, 11.77 W
1788703351.325433449,0 %, 2398 MHz, 40, 11.76 W
1788703351.425828761,0 %, 2398 MHz, 40, 11.76 W
1788703351.526123016,0 %, 2398 MHz, 40, 11.76 W
1788703351.626887882,0 %, 2398 MHz, 40, 11.76 W
1788703351.727395163,0 %, 2398 MHz, 40, 11.76 W
1788703351.827540026,0 %, 2398 MHz, 40, 11.77 W
1788703351.927736297,0 %, 2398 MHz, 40, 11.77 W
1788703352.028234521,0 %, 2398 MHz, 40, 11.77 W
1788703352.128277847,0 %, 2398 MHz, 40, 11.77 W
1788703352.229001993,0 %, 2398 MHz, 40, 11.77 W
1788703352.329302760,0 %, 2398 MHz, 40, 11.77 W
1788703352.429613975,0 %, 2398 MHz, 40, 11.77 W
1788703352.530458601,0 %, 2398 MHz, 40, 11.77 W
1788703352.630803672,0 %, 2398 MHz, 40, 11.77 W
1788703352.731115912,0 %, 2398 MHz, 40, 11.77 W
1788703352.831419527,0 %, 2398 MHz, 40, 11.77 W
1788703352.931723654,0 %, 2398 MHz, 40, 11.77 W
1788703353.032489816,0 %, 2398 MHz, 40, 11.77 W
1788703353.132614534,0 %, 2398 MHz, 40, 11.77 W
1788703353.232969509,0 %, 2398 MHz, 40, 11.77 W
1788703353.333299044,0 %, 2398 MHz, 40, 11.76 W
1788703353.433615715,0 %, 2398 MHz, 40, 11.76 W
1788703353.534332324,0 %, 2398 MHz, 40, 11.76 W
1788703353.634539603,0 %, 2398 MHz, 40, 11.76 W
1788703353.735211875,0 %, 2398 MHz, 40, 11.76 W
1788703353.834750127,0 %, 2398 MHz, 40, 11.75 W
1788703353.934836493,0 %, 2398 MHz, 40, 11.75 W
1788703354.035717054,0 %, 2398 MHz, 40, 11.75 W
1788703354.135893116,0 %, 2398 MHz, 40, 11.75 W
1788703354.236174699,0 %, 2398 MHz, 40, 11.75 W
1788703354.336855339,0 %, 2398 MHz, 40, 11.79 W
1788703354.437197418,0 %, 2398 MHz, 40, 11.79 W
1788703354.537542825,0 %, 2398 MHz, 40, 11.79 W
1788703354.637898023,0 %, 2398 MHz, 40, 11.79 W
1788703354.738631624,0 %, 2398 MHz, 40, 11.79 W
1788703354.838908966,0 %, 2398 MHz, 40, 11.80 W
1788703354.939437734,0 %, 2398 MHz, 40, 11.80 W
1788703355.039591780,0 %, 2398 MHz, 40, 11.80 W
1788703355.139923218,0 %, 2398 MHz, 40, 11.80 W
1788703355.240648482,0 %, 2398 MHz, 40, 11.80 W
1788703355.341328018,0 %, 2398 MHz, 40, 11.79 W
1788703355.442063362,0 %, 2398 MHz, 40, 11.79 W
1788703355.542195616,0 %, 2398 MHz, 40, 11.79 W
1788703355.642454430,0 %, 2398 MHz, 40, 11.79 W
1788703355.742926205,0 %, 2398 MHz, 40, 11.79 W
1788703355.843131755,0 %, 2398 MHz, 40, 11.80 W
1788703355.944047356,0 %, 2398 MHz, 40, 11.80 W
1788703356.044340314,0 %, 2398 MHz, 40, 11.80 W
1788703356.144683672,0 %, 2398 MHz, 40, 11.80 W
1788703356.245118662,0 %, 2398 MHz, 40, 11.80 W
1788703356.345297412,0 %, 2398 MHz, 40, 11.77 W
1788703356.445939123,0 %, 2398 MHz, 40, 11.77 W
1788703356.546409714,0 %, 2398 MHz, 40, 11.77 W
1788703356.646544559,0 %, 2398 MHz, 40, 11.77 W
1788703356.746928637,0 %, 2398 MHz, 40, 11.77 W
1788703356.847834350,0 %, 2398 MHz, 40, 11.71 W
1788703356.947425736,0 %, 2398 MHz, 40, 11.71 W
1788703357.048252312,0 %, 2398 MHz, 40, 11.71 W
1788703357.148433157,0 %, 2398 MHz, 40, 11.71 W
1788703357.248751267,0 %, 2398 MHz, 40, 11.71 W
1788703357.349703555,0 %, 2398 MHz, 40, 11.67 W
1788703357.449667087,0 %, 2398 MHz, 40, 11.67 W
1788703357.549977501,0 %, 2398 MHz, 40, 11.67 W
1788703357.650297899,0 %, 2398 MHz, 40, 11.67 W
1788703357.750666392,0 %, 2398 MHz, 40, 11.67 W
1788703357.851028150,0 %, 2398 MHz, 40, 11.68 W
1788703357.951767270,0 %, 2398 MHz, 40, 11.68 W
1788703358.052027299,0 %, 2398 MHz, 40, 11.68 W
1788703358.152382288,0 %, 2398 MHz, 40, 11.68 W
1788703358.252728366,0 %, 2398 MHz, 40, 11.68 W
1788703358.353423229,0 %, 2398 MHz, 40, 11.72 W
1788703358.453981483,0 %, 2398 MHz, 40, 11.72 W
1788703358.554138023,0 %, 2398 MHz, 40, 11.72 W
1788703358.654633013,0 %, 2398 MHz, 40, 11.72 W
1788703358.755156468,0 %, 2398 MHz, 40, 11.72 W
1788703358.855526641,0 %, 2398 MHz, 40, 11.76 W
1788703358.955934703,0 %, 2398 MHz, 40, 11.76 W
1788703359.056207692,0 %, 2398 MHz, 40, 11.76 W
1788703359.155909398,0 %, 2398 MHz, 40, 11.76 W
1788703359.256543988,0 %, 2398 MHz, 40, 11.76 W
1788703359.356260366,0 %, 2398 MHz, 40, 11.75 W
1788703359.456560923,0 %, 2398 MHz, 40, 11.75 W
1788703359.557321018,0 %, 2398 MHz, 40, 11.75 W
1788703359.657492806,0 %, 2398 MHz, 40, 11.75 W
1788703359.758037588,0 %, 2398 MHz, 40, 11.75 W
1788703359.858519778,0 %, 2398 MHz, 40, 11.73 W
1788703359.958532781,0 %, 2398 MHz, 40, 11.73 W
1788703360.058871946,0 %, 2398 MHz, 40, 11.73 W
1788703360.159228215,0 %, 2398 MHz, 40, 11.73 W
1788703360.259959349,0 %, 2398 MHz, 40, 11.73 W
1788703360.360458835,0 %, 2398 MHz, 40, 11.71 W
1788703360.460628143,0 %, 2398 MHz, 40, 11.71 W
1788703360.560815418,0 %, 2398 MHz, 40, 11.71 W
1788703360.661163575,0 %, 2398 MHz, 40, 11.71 W
1788703360.761852933,0 %, 2398 MHz, 40, 11.71 W
1788703360.862375171,0 %, 2398 MHz, 40, 11.70 W
1788703360.962511103,0 %, 2398 MHz, 40, 11.70 W
1788703361.063067244,0 %, 2398 MHz, 40, 11.70 W
1788703361.163195991,0 %, 2398 MHz, 40, 11.70 W
1788703361.263928517,0 %, 2398 MHz, 40, 11.70 W
1788703361.364420338,0 %, 2398 MHz, 40, 11.72 W
1788703361.464408237,0 %, 2398 MHz, 40, 11.72 W
1788703361.564769705,0 %, 2398 MHz, 40, 11.72 W
1788703361.665843865,0 %, 2398 MHz, 40, 11.72 W
1788703361.765845588,0 %, 2398 MHz, 40, 11.72 W
1788703361.866311297,0 %, 2398 MHz, 40, 11.71 W
1788703361.966497324,0 %, 2398 MHz, 40, 11.71 W
1788703362.067018201,0 %, 2398 MHz, 40, 11.71 W
1788703362.167762663,0 %, 2398 MHz, 40, 11.71 W
1788703362.268058499,0 %, 2398 MHz, 40, 11.71 W
1788703362.368436383,0 %, 2398 MHz, 40, 11.74 W
1788703362.468527385,0 %, 2398 MHz, 40, 11.74 W
1788703362.569282919,0 %, 2398 MHz, 40, 11.74 W
1788703362.669564179,0 %, 2398 MHz, 40, 11.74 W
1788703362.769890047,0 %, 2398 MHz, 40, 11.74 W
1788703362.870737709,0 %, 2398 MHz, 40, 11.79 W
1788703362.970554295,0 %, 2398 MHz, 40, 11.79 W
1788703363.071194356,0 %, 2398 MHz, 40, 11.79 W
1788703363.171502687,0 %, 2398 MHz, 40, 11.79 W
1788703363.271806987,0 %, 2398 MHz, 40, 11.79 W
1788703363.372395127,0 %, 2398 MHz, 40, 11.75 W
1788703363.472536690,0 %, 2398 MHz, 40, 11.75 W
1788703363.572706429,0 %, 2398 MHz, 40, 11.75 W
1788703363.673404954,0 %, 2398 MHz, 40, 11.75 W
1788703363.773736005,0 %, 2398 MHz, 40, 11.75 W
1788703363.874079617,0 %, 2398 MHz, 40, 11.71 W
1788703363.974718846,0 %, 2398 MHz, 40, 11.71 W
1788703364.075188554,0 %, 2398 MHz, 40, 11.71 W
1788703364.175473205,0 %, 2398 MHz, 40, 11.71 W
1788703364.275847200,0 %, 2398 MHz, 40, 11.71 W
1788703364.376357484,0 %, 2398 MHz, 40, 11.71 W
1788703364.476353846,0 %, 2398 MHz, 40, 11.71 W
1788703364.577251988,0 %, 2398 MHz, 40, 11.71 W
1788703364.677601439,0 %, 2398 MHz, 40, 11.71 W
1788703364.777928570,0 %, 2398 MHz, 40, 11.71 W
1788703364.878309525,0 %, 2398 MHz, 40, 11.72 W
1788703364.979084675,0 %, 2398 MHz, 40, 11.72 W
1788703365.079243677,0 %, 2398 MHz, 40, 11.72 W
1788703365.179344983,0 %, 2398 MHz, 40, 11.72 W
1788703365.279666642,0 %, 2398 MHz, 40, 11.72 W
1788703365.379303657,0 %, 2398 MHz, 40, 11.72 W
1788703365.480389607,0 %, 2398 MHz, 40, 11.72 W
1788703365.580230784,0 %, 2398 MHz, 40, 11.72 W
1788703365.680279258,0 %, 2398 MHz, 40, 11.72 W
1788703365.780356260,0 %, 2398 MHz, 40, 11.72 W
1788703365.881106512,0 %, 2398 MHz, 40, 11.76 W
1788703365.981779853,0 %, 2398 MHz, 40, 11.76 W
1788703366.082096359,0 %, 2398 MHz, 40, 11.76 W
1788703366.182598034,0 %, 2398 MHz, 40, 11.76 W
1788703366.282714284,0 %, 2398 MHz, 40, 11.76 W
1788703366.383649129,0 %, 2398 MHz, 40, 11.79 W
1788703366.483765059,0 %, 2398 MHz, 40, 11.79 W
1788703366.584108845,0 %, 2398 MHz, 40, 11.79 W
1788703366.684361351,0 %, 2398 MHz, 40, 11.79 W
1788703366.784898131,0 %, 2398 MHz, 40, 11.79 W
1788703366.885440126,0 %, 2398 MHz, 40, 11.79 W
1788703366.985038453,0 %, 2398 MHz, 40, 11.79 W
1788703367.086048611,0 %, 2398 MHz, 40, 11.79 W
1788703367.186194668,0 %, 2398 MHz, 40, 11.79 W
1788703367.286376485,0 %, 2398 MHz, 40, 11.79 W
1788703367.386972769,0 %, 2398 MHz, 40, 11.77 W
1788703367.487085242,0 %, 2398 MHz, 40, 11.77 W
1788703367.587591301,0 %, 2398 MHz, 40, 11.77 W
1788703367.688161280,0 %, 2398 MHz, 40, 11.77 W
1788703367.788578490,0 %, 2398 MHz, 40, 11.77 W
1788703367.888618995,0 %, 2398 MHz, 40, 11.73 W
1788703367.988955150,0 %, 2398 MHz, 40, 11.73 W
1788703368.089662585,0 %, 2398 MHz, 40, 11.73 W
1788703368.190023795,0 %, 2398 MHz, 40, 11.73 W
1788703368.290355261,0 %, 2398 MHz, 40, 11.73 W
1788703368.390931544,0 %, 2398 MHz, 40, 11.71 W
1788703368.491413698,0 %, 2398 MHz, 40, 11.71 W
1788703368.591615819,0 %, 2398 MHz, 40, 11.71 W
1788703368.691933813,0 %, 2398 MHz, 40, 11.71 W
1788703368.792509776,0 %, 2398 MHz, 40, 11.71 W
1788703368.892623657,0 %, 2398 MHz, 40, 11.72 W
1788703368.993336308,0 %, 2398 MHz, 40, 11.72 W
1788703369.093637022,0 %, 2398 MHz, 40, 11.72 W
1788703369.193842663,0 %, 2398 MHz, 40, 11.72 W
1788703369.294182992,0 %, 2398 MHz, 40, 11.74 W
1788703369.394612346,0 %, 2398 MHz, 40, 11.74 W
1788703369.494718483,0 %, 2398 MHz, 40, 11.74 W
1788703369.595430174,0 %, 2398 MHz, 40, 11.74 W
1788703369.695619735,0 %, 2398 MHz, 40, 11.74 W
1788703369.796131601,0 %, 2398 MHz, 40, 11.73 W
1788703369.896254329,0 %, 2398 MHz, 40, 11.73 W
1788703369.996610787,0 %, 2398 MHz, 40, 11.73 W
1788703370.096954588,0 %, 2398 MHz, 40, 11.73 W
1788703370.197652343,0 %, 2398 MHz, 40, 11.73 W
1788703370.297969360,0 %, 2398 MHz, 40, 11.72 W
1788703370.398537882,0 %, 2398 MHz, 40, 11.72 W
1788703370.498659362,0 %, 2398 MHz, 40, 11.72 W
1788703370.599362205,0 %, 2398 MHz, 40, 11.72 W
1788703370.699897959,0 %, 2398 MHz, 40, 11.72 W
1788703370.800094495,0 %, 2398 MHz, 40, 11.72 W
1788703370.900572857,0 %, 2398 MHz, 40, 11.72 W
1788703371.001087491,0 %, 2398 MHz, 40, 11.72 W
1788703371.101462188,0 %, 2398 MHz, 40, 11.72 W
1788703371.201787013,0 %, 2398 MHz, 40, 11.72 W
1788703371.302109166,0 %, 2398 MHz, 40, 11.75 W
1788703371.403032745,0 %, 2398 MHz, 40, 11.75 W
1788703371.503151137,0 %, 2398 MHz, 40, 11.75 W
1788703371.603482010,0 %, 2398 MHz, 40, 11.75 W
1788703371.703829890,0 %, 2398 MHz, 40, 11.75 W
1788703371.804129019,0 %, 2398 MHz, 40, 11.77 W
1788703371.905061302,0 %, 2398 MHz, 40, 11.77 W
1788703372.005164270,0 %, 2398 MHz, 40, 11.77 W
1788703372.105556759,0 %, 2398 MHz, 40, 11.77 W
1788703372.206109104,0 %, 2398 MHz, 40, 11.77 W
1788703372.306579129,0 %, 2398 MHz, 40, 11.76 W
1788703372.407117651,0 %, 2398 MHz, 40, 11.76 W
1788703372.507248970,0 %, 2398 MHz, 40, 11.76 W
1788703372.607593219,0 %, 2398 MHz, 40, 11.76 W
1788703372.708352861,0 %, 2398 MHz, 40, 11.76 W
1788703372.808520613,0 %, 2398 MHz, 40, 11.77 W
1788703372.908850429,0 %, 2398 MHz, 40, 11.77 W
1788703373.009192198,0 %, 2398 MHz, 40, 11.77 W
1788703373.109400605,0 %, 2398 MHz, 40, 11.77 W
1788703373.209751349,0 %, 2398 MHz, 40, 11.77 W
1788703373.310441823,0 %, 2398 MHz, 40, 11.77 W
1788703373.410969368,0 %, 2398 MHz, 40, 11.77 W
1788703373.511114751,0 %, 2398 MHz, 40, 11.77 W
1788703373.611638584,0 %, 2398 MHz, 40, 11.77 W
1788703373.712153345,0 %, 2398 MHz, 40, 11.77 W
1788703373.812687722,0 %, 2398 MHz, 40, 11.76 W
1788703373.913048866,0 %, 2398 MHz, 40, 11.76 W
1788703374.013141049,0 %, 2398 MHz, 40, 11.76 W
1788703374.113492353,0 %, 2398 MHz, 40, 11.76 W
1788703374.214210394,0 %, 2398 MHz, 40, 11.76 W
1788703374.314525186,0 %, 2398 MHz, 40, 11.77 W
1788703374.415065211,0 %, 2398 MHz, 40, 11.77 W
1788703374.515220434,0 %, 2398 MHz, 40, 11.77 W
1788703374.616111436,0 %, 2398 MHz, 40, 11.77 W
1788703374.716405891,0 %, 2398 MHz, 40, 11.77 W
1788703374.816574010,0 %, 2398 MHz, 40, 11.76 W
1788703374.916906546,0 %, 2398 MHz, 40, 11.76 W
1788703375.017606492,0 %, 2398 MHz, 40, 11.76 W
1788703375.117942787,0 %, 2398 MHz, 40, 11.76 W
1788703375.218288250,0 %, 2398 MHz, 40, 11.76 W
1788703375.318624850,0 %, 2398 MHz, 40, 11.73 W
1788703375.419582412,0 %, 2398 MHz, 40, 11.73 W
1788703375.519662290,0 %, 2398 MHz, 40, 11.73 W
1788703375.620198651,0 %, 2398 MHz, 40, 11.73 W
1788703375.720355329,0 %, 2398 MHz, 40, 11.73 W
1788703375.820650920,0 %, 2398 MHz, 40, 11.75 W
1788703375.920851519,0 %, 2398 MHz, 40, 11.75 W
1788703376.021557336,0 %, 2398 MHz, 40, 11.75 W
1788703376.121892751,0 %, 2398 MHz, 40, 11.75 W
1788703376.222222870,0 %, 2398 MHz, 40, 11.75 W
1788703376.322388221,0 %, 2398 MHz, 40, 11.80 W
1788703376.422975749,0 %, 2398 MHz, 40, 11.80 W
1788703376.523454269,0 %, 2398 MHz, 40, 11.80 W
1788703376.623968196,0 %, 2398 MHz, 40, 11.80 W
1788703376.724852238,0 %, 2398 MHz, 40, 11.80 W
1788703376.824628611,0 %, 2398 MHz, 40, 11.80 W
1788703376.925184586,0 %, 2398 MHz, 40, 11.80 W
1788703377.025483585,0 %, 2398 MHz, 40, 11.80 W
1788703377.125816616,0 %, 2398 MHz, 40, 11.80 W
1788703377.226166831,0 %, 2398 MHz, 40, 11.80 W
1788703377.326483126,0 %, 2398 MHz, 40, 11.78 W
1788703377.427398335,0 %, 2398 MHz, 40, 11.78 W
1788703377.527529557,0 %, 2398 MHz, 40, 11.78 W
1788703377.627907516,0 %, 2398 MHz, 40, 11.78 W
1788703377.727981441,0 %, 2398 MHz, 40, 11.78 W
1788703377.828901914,0 %, 2398 MHz, 40, 11.81 W
1788703377.929045296,0 %, 2398 MHz, 40, 11.81 W
1788703378.029374055,0 %, 2398 MHz, 40, 11.81 W
1788703378.129520492,0 %, 2398 MHz, 40, 11.81 W
1788703378.229859411,0 %, 2398 MHz, 40, 11.81 W
1788703378.330228425,0 %, 2398 MHz, 40, 11.81 W
1788703378.430585152,0 %, 2398 MHz, 40, 11.81 W
1788703378.530761334,0 %, 2398 MHz, 40, 11.81 W
1788703378.631652350,0 %, 2398 MHz, 40, 11.81 W
1788703378.732023429,0 %, 2398 MHz, 40, 11.81 W
1788703378.832306027,0 %, 2398 MHz, 40, 11.76 W
1788703378.932361312,0 %, 2398 MHz, 40, 11.76 W
1788703379.032734599,0 %, 2398 MHz, 40, 11.76 W
1788703379.133407838,0 %, 2398 MHz, 40, 11.76 W
1788703379.233532019,0 %, 2398 MHz, 40, 11.76 W
1788703379.333858745,0 %, 2398 MHz, 40, 11.72 W
1788703379.434188927,0 %, 2398 MHz, 40, 11.72 W
1788703379.534727302,0 %, 2398 MHz, 40, 11.72 W
1788703379.634506522,0 %, 2398 MHz, 40, 11.72 W
1788703379.734676335,0 %, 2398 MHz, 40, 11.72 W
1788703379.834786948,0 %, 2398 MHz, 40, 11.71 W
1788703379.936038110,0 %, 2398 MHz, 40, 11.71 W
1788703380.036140963,0 %, 2398 MHz, 40, 11.71 W
1788703380.136726186,0 %, 2398 MHz, 40, 11.71 W
1788703380.237060928,0 %, 2398 MHz, 40, 11.71 W
1788703380.337594647,0 %, 2398 MHz, 40, 11.71 W
1788703380.438095645,0 %, 2398 MHz, 40, 11.71 W
1788703380.538211426,0 %, 2398 MHz, 40, 11.71 W
1788703380.638568343,0 %, 2398 MHz, 40, 11.71 W
1788703380.738838685,0 %, 2398 MHz, 40, 11.71 W
1788703380.839652501,0 %, 2398 MHz, 40, 11.68 W
1788703380.939855946,0 %, 2398 MHz, 40, 11.68 W
1788703381.040908819,0 %, 2398 MHz, 40, 11.68 W
1788703381.140391060,0 %, 2398 MHz, 40, 11.68 W
1788703381.240988859,0 %, 2398 MHz, 40, 11.68 W
1788703381.341474337,0 %, 2398 MHz, 40, 11.68 W
1788703381.441850902,0 %, 2398 MHz, 40, 11.68 W
1788703381.541971147,0 %, 2398 MHz, 40, 11.68 W
1788703381.642287616,0 %, 2398 MHz, 40, 11.68 W
1788703381.742677638,0 %, 2398 MHz, 40, 11.68 W
1788703381.842995851,0 %, 2398 MHz, 40, 11.72 W
1788703381.943580817,0 %, 2398 MHz, 40, 11.72 W
1788703382.043948535,0 %, 2398 MHz, 40, 11.72 W
1788703382.144278956,0 %, 2398 MHz, 40, 11.72 W
1788703382.244589377,0 %, 2398 MHz, 40, 11.72 W
1788703382.344913142,0 %, 2398 MHz, 40, 11.73 W
1788703382.445563324,0 %, 2398 MHz, 40, 11.73 W
1788703382.545902049,0 %, 2398 MHz, 40, 11.73 W
1788703382.646264662,0 %, 2398 MHz, 40, 11.73 W
1788703382.746766220,0 %, 2398 MHz, 40, 11.73 W
1788703382.846892672,0 %, 2398 MHz, 40, 11.75 W
1788703382.947605239,0 %, 2398 MHz, 40, 11.75 W
1788703383.047979324,0 %, 2398 MHz, 40, 11.75 W
1788703383.148300353,0 %, 2398 MHz, 40, 11.75 W
1788703383.249031095,0 %, 2398 MHz, 40, 11.75 W
1788703383.349347900,0 %, 2398 MHz, 40, 11.76 W
1788703383.449502176,0 %, 2398 MHz, 40, 11.76 W
1788703383.549824004,0 %, 2398 MHz, 40, 11.76 W
1788703383.650213305,0 %, 2398 MHz, 40, 11.76 W
1788703383.750510462,0 %, 2398 MHz, 40, 11.76 W
1788703383.851235988,0 %, 2398 MHz, 40, 11.72 W
1788703383.951562713,0 %, 2398 MHz, 40, 11.72 W
1788703384.051812173,0 %, 2398 MHz, 40, 11.72 W
1788703384.152268930,0 %, 2398 MHz, 40, 11.72 W
1788703384.252945608,0 %, 2398 MHz, 40, 11.72 W
1788703384.353478653,0 %, 2398 MHz, 40, 11.72 W
1788703384.453677632,0 %, 2398 MHz, 40, 11.72 W
1788703384.553977445,0 %, 2398 MHz, 40, 11.72 W
1788703384.654679643,0 %, 2398 MHz, 40, 11.72 W
1788703384.755016239,0 %, 2398 MHz, 40, 11.72 W
1788703384.855367411,0 %, 2398 MHz, 40, 11.73 W
1788703384.955722184,0 %, 2398 MHz, 40, 11.73 W
1788703385.056598814,0 %, 2398 MHz, 40, 11.73 W
1788703385.156748674,0 %, 2398 MHz, 40, 11.73 W
1788703385.257063702,0 %, 2398 MHz, 40, 11.73 W
1788703385.357606539,0 %, 2398 MHz, 40, 11.75 W
1788703385.458344480,0 %, 2398 MHz, 40, 11.75 W
1788703385.558462803,0 %, 2398 MHz, 40, 11.75 W
1788703385.658785463,0 %, 2398 MHz, 40, 11.75 W
1788703385.759170796,0 %, 2398 MHz, 40, 11.75 W
1788703385.859474304,0 %, 2398 MHz, 40, 11.77 W
1788703385.960350038,0 %, 2398 MHz, 40, 11.77 W
1788703386.060830826,0 %, 2398 MHz, 40, 11.77 W
1788703386.160813389,0 %, 2398 MHz, 40, 11.77 W
1788703386.261140320,0 %, 2398 MHz, 40, 11.77 W
1788703386.362112007,0 %, 2398 MHz, 40, 11.77 W
1788703386.462368922,0 %, 2398 MHz, 40, 11.77 W
1788703386.562754782,0 %, 2398 MHz, 40, 11.77 W
1788703386.662868785,0 %, 2398 MHz, 40, 11.77 W
1788703386.763197892,0 %, 2398 MHz, 40, 11.77 W
1788703386.864178139,0 %, 2398 MHz, 40, 11.76 W
1788703386.964093885,0 %, 2398 MHz, 40, 11.76 W
1788703387.064414464,0 %, 2398 MHz, 40, 11.76 W
1788703387.164769796,0 %, 2398 MHz, 40, 11.76 W
1788703387.265098503,0 %, 2398 MHz, 40, 11.76 W
1788703387.366026365,0 %, 2398 MHz, 40, 11.76 W
1788703387.466326384,0 %, 2398 MHz, 40, 11.76 W
1788703387.566403634,0 %, 2398 MHz, 40, 11.76 W
1788703387.666770214,0 %, 2398 MHz, 40, 11.76 W
1788703387.767103241,0 %, 2398 MHz, 40, 11.76 W
1788703387.867961599,0 %, 2398 MHz, 40, 11.75 W
1788703387.968279874,0 %, 2398 MHz, 40, 11.75 W
1788703388.068489813,0 %, 2398 MHz, 40, 11.75 W
1788703388.168794439,0 %, 2398 MHz, 40, 11.75 W
1788703388.269491212,0 %, 2398 MHz, 40, 11.75 W
1788703388.370072240,0 %, 2398 MHz, 40, 11.75 W
1788703388.470209794,0 %, 2398 MHz, 40, 11.75 W
1788703388.570371045,0 %, 2398 MHz, 40, 11.75 W
1788703388.670801464,0 %, 2398 MHz, 40, 11.75 W
1788703388.771452492,0 %, 2398 MHz, 40, 11.75 W
1788703388.871591566,0 %, 2398 MHz, 40, 11.74 W
1788703388.971952818,0 %, 2398 MHz, 40, 11.74 W
1788703389.072539286,0 %, 2398 MHz, 40, 11.74 W
1788703389.172652327,0 %, 2398 MHz, 40, 11.74 W
1788703389.272868569,0 %, 2398 MHz, 40, 11.74 W
1788703389.373747102,0 %, 2398 MHz, 40, 11.72 W
1788703389.473813040,0 %, 2398 MHz, 40, 11.72 W
1788703389.574018146,0 %, 2398 MHz, 40, 11.72 W
1788703389.674487013,0 %, 2398 MHz, 40, 11.72 W
1788703389.774873000,0 %, 2398 MHz, 40, 11.72 W
1788703389.875045834,0 %, 2398 MHz, 40, 11.72 W
1788703389.975672430,0 %, 2398 MHz, 40, 11.72 W
1788703390.075999377,0 %, 2398 MHz, 40, 11.72 W
1788703390.176317875,0 %, 2398 MHz, 40, 11.72 W
1788703390.276635029,0 %, 2398 MHz, 40, 11.72 W
1788703390.377568458,0 %, 2398 MHz, 40, 11.75 W
1788703390.477897564,0 %, 2398 MHz, 40, 11.75 W
1788703390.578045918,0 %, 2398 MHz, 40, 11.75 W
1788703390.678404736,0 %, 2398 MHz, 40, 11.75 W
1788703390.778993428,0 %, 2398 MHz, 40, 11.75 W
1788703390.879416759,0 %, 2398 MHz, 40, 11.80 W
1788703390.979065414,0 %, 2398 MHz, 40, 11.80 W
1788703391.079891722,0 %, 2398 MHz, 40, 11.80 W
1788703391.180413661,0 %, 2398 MHz, 40, 11.80 W
1788703391.280446622,0 %, 2398 MHz, 40, 11.80 W
1788703391.381015297,0 %, 2398 MHz, 40, 11.84 W
1788703391.481524660,0 %, 2398 MHz, 40, 11.84 W
1788703391.581625237,0 %, 2398 MHz, 40, 11.84 W
1788703391.681971527,0 %, 2398 MHz, 40, 11.84 W
1788703391.782418361,0 %, 2398 MHz, 40, 11.84 W
1788703391.882773675,0 %, 2398 MHz, 40, 11.84 W
1788703391.983649104,0 %, 2398 MHz, 40, 11.84 W
1788703392.083753905,0 %, 2398 MHz, 40, 11.84 W
1788703392.184285139,0 %, 2398 MHz, 40, 11.84 W
1788703392.284444020,0 %, 2398 MHz, 40, 11.84 W
1788703392.385336520,0 %, 2398 MHz, 40, 11.81 W
1788703392.485467097,0 %, 2398 MHz, 40, 11.81 W
1788703392.585812651,0 %, 2398 MHz, 40, 11.81 W
1788703392.686160636,0 %, 2398 MHz, 40, 11.81 W
1788703392.786682159,0 %, 2398 MHz, 40, 11.81 W
1788703392.887225361,0 %, 2398 MHz, 40, 11.76 W
1788703392.987484691,0 %, 2398 MHz, 40, 11.76 W
1788703393.087732772,0 %, 2398 MHz, 40, 11.76 W
1788703393.188204070,0 %, 2398 MHz, 40, 11.76 W
1788703393.288364998,0 %, 2398 MHz, 40, 11.76 W
1788703393.389282106,0 %, 2398 MHz, 40, 11.77 W
1788703393.489601484,0 %, 2398 MHz, 40, 11.77 W
1788703393.589806108,0 %, 2398 MHz, 40, 11.77 W
1788703393.690112926,0 %, 2398 MHz, 40, 11.77 W
1788703393.790502623,0 %, 2398 MHz, 40, 11.77 W
1788703393.891038513,0 %, 2398 MHz, 40, 11.80 W
1788703393.991192002,0 %, 2398 MHz, 40, 11.80 W
1788703394.091500179,0 %, 2398 MHz, 40, 11.80 W
1788703394.191861108,0 %, 2398 MHz, 40, 11.80 W
1788703394.292405382,0 %, 2398 MHz, 40, 11.80 W
1788703394.392561254,0 %, 2398 MHz, 40, 11.80 W
1788703394.492748903,0 %, 2398 MHz, 40, 11.80 W
1788703394.593401113,0 %, 2398 MHz, 40, 11.80 W
1788703394.693751450,0 %, 2398 MHz, 40, 11.80 W
1788703394.794096043,0 %, 2398 MHz, 40, 11.80 W
1788703394.894334460,0 %, 2398 MHz, 40, 11.77 W
1788703394.995051695,0 %, 2398 MHz, 40, 11.77 W
1788703395.095384575,0 %, 2398 MHz, 40, 11.77 W
1788703395.195669040,0 %, 2398 MHz, 40, 11.77 W
1788703395.296270658,0 %, 2398 MHz, 40, 11.77 W
1788703395.396520818,0 %, 2398 MHz, 40, 11.77 W
1788703395.497213220,0 %, 2398 MHz, 40, 11.77 W
1788703395.597537637,0 %, 2398 MHz, 40, 11.77 W
1788703395.697753077,0 %, 2398 MHz, 40, 11.77 W
1788703395.798231350,0 %, 2398 MHz, 40, 11.81 W
1788703395.897609731,0 %, 2398 MHz, 40, 11.81 W
1788703395.998166325,0 %, 2398 MHz, 40, 11.81 W
1788703396.098199284,0 %, 2398 MHz, 40, 11.81 W
1788703396.198973606,0 %, 2398 MHz, 40, 11.81 W
1788703396.299623928,0 %, 2398 MHz, 40, 11.81 W
1788703396.400159657,0 %, 2398 MHz, 40, 11.81 W
1788703396.500303992,0 %, 2398 MHz, 40, 11.81 W
1788703396.601194923,0 %, 2398 MHz, 40, 11.81 W
1788703396.701076458,0 %, 2398 MHz, 40, 11.81 W
1788703396.801642139,0 %, 2398 MHz, 40, 11.78 W
1788703396.901984779,0 %, 2398 MHz, 40, 11.78 W
1788703397.002322076,0 %, 2398 MHz, 40, 11.78 W
1788703397.103232158,0 %, 2398 MHz, 40, 11.78 W
1788703397.203378718,0 %, 2398 MHz, 40, 11.78 W
1788703397.303730270,0 %, 2398 MHz, 40, 11.77 W
1788703397.404326127,0 %, 2398 MHz, 40, 11.77 W
1788703397.504306765,0 %, 2398 MHz, 40, 11.77 W
1788703397.604134107,0 %, 2398 MHz, 40, 11.77 W
1788703397.704726188,0 %, 2398 MHz, 40, 11.77 W
1788703397.804628763,0 %, 2398 MHz, 40, 11.82 W
1788703397.904704809,0 %, 2398 MHz, 40, 11.82 W
1788703398.005732461,0 %, 2398 MHz, 40, 11.82 W
1788703398.106236477,0 %, 2398 MHz, 40, 11.82 W
1788703398.206403788,0 %, 2398 MHz, 40, 11.82 W
1788703398.306709388,0 %, 2398 MHz, 40, 11.86 W
1788703398.407650574,0 %, 2398 MHz, 40, 11.86 W
1788703398.507755533,0 %, 2398 MHz, 40, 11.86 W
1788703398.608128284,0 %, 2398 MHz, 40, 11.86 W
1788703398.708344492,0 %, 2398 MHz, 40, 11.86 W
1788703398.808728860,0 %, 2398 MHz, 40, 11.83 W
1788703398.909616574,0 %, 2398 MHz, 40, 11.83 W
1788703399.009122042,0 %, 2398 MHz, 40, 11.83 W
1788703399.109921259,0 %, 2398 MHz, 40, 11.83 W
1788703399.210280011,0 %, 2398 MHz, 40, 11.83 W
1788703399.310458793,0 %, 2398 MHz, 40, 11.77 W
1788703399.411041498,0 %, 2398 MHz, 40, 11.77 W
1788703399.511752139,0 %, 2398 MHz, 40, 11.77 W
1788703399.611902249,0 %, 2398 MHz, 40, 11.77 W
1788703399.712380073,0 %, 2398 MHz, 40, 11.77 W
1788703399.812531256,0 %, 2398 MHz, 40, 11.74 W
1788703399.912111604,0 %, 2398 MHz, 40, 11.74 W
1788703400.012354483,0 %, 2398 MHz, 40, 11.74 W
1788703400.112396241,0 %, 2398 MHz, 40, 11.74 W
1788703400.213342339,0 %, 2398 MHz, 40, 11.74 W
1788703400.314233236,0 %, 2398 MHz, 40, 11.74 W
1788703400.414536371,0 %, 2398 MHz, 40, 11.74 W
1788703400.514572033,0 %, 2398 MHz, 40, 11.74 W
1788703400.615085857,0 %, 2398 MHz, 40, 11.74 W
1788703400.716011810,0 %, 2398 MHz, 40, 11.74 W
1788703400.815966816,0 %, 2398 MHz, 40, 11.75 W
1788703400.916274735,0 %, 2398 MHz, 40, 11.75 W
1788703401.016613550,0 %, 2398 MHz, 40, 11.75 W
1788703401.117130733,0 %, 2398 MHz, 40, 11.75 W
1788703401.217237163,0 %, 2398 MHz, 40, 11.75 W
1788703401.317969419,0 %, 2398 MHz, 40, 11.76 W
1788703401.418519531,0 %, 2398 MHz, 40, 11.76 W
1788703401.518625065,0 %, 2398 MHz, 40, 11.76 W
1788703401.619061176,0 %, 2398 MHz, 40, 11.76 W
1788703401.719342806,0 %, 2398 MHz, 40, 11.76 W
1788703401.819568469,0 %, 2398 MHz, 40, 11.77 W
1788703401.920245125,0 %, 2398 MHz, 40, 11.77 W
1788703402.020561108,0 %, 2398 MHz, 40, 11.77 W
1788703402.120918338,0 %, 2398 MHz, 40, 11.77 W
1788703402.221060480,0 %, 2398 MHz, 40, 11.77 W
1788703402.321274781,0 %, 2398 MHz, 40, 11.75 W
1788703402.422194510,0 %, 2398 MHz, 40, 11.75 W
1788703402.522503437,0 %, 2398 MHz, 40, 11.75 W
1788703402.622879355,0 %, 2398 MHz, 40, 11.75 W
1788703402.722992841,0 %, 2398 MHz, 40, 11.75 W
1788703402.823216983,0 %, 2398 MHz, 40, 11.77 W
1788703402.923968103,0 %, 2398 MHz, 40, 11.77 W
1788703403.024244037,0 %, 2398 MHz, 40, 11.77 W
1788703403.124594259,0 %, 2398 MHz, 40, 11.77 W
1788703403.224962529,0 %, 2398 MHz, 40, 11.77 W
1788703403.325640113,0 %, 2398 MHz, 40, 11.76 W
1788703403.426185984,0 %, 2398 MHz, 40, 11.76 W
1788703403.526537438,0 %, 2398 MHz, 40, 11.76 W
1788703403.626668187,0 %, 2398 MHz, 40, 11.76 W
1788703403.728057934,0 %, 2398 MHz, 40, 11.76 W
1788703403.827730937,0 %, 2398 MHz, 40, 11.73 W
1788703403.928050039,0 %, 2398 MHz, 40, 11.73 W
1788703404.028415525,0 %, 2398 MHz, 40, 11.73 W
1788703404.128585778,0 %, 2398 MHz, 40, 11.73 W
1788703404.228772672,0 %, 2398 MHz, 40, 11.73 W
1788703404.329726560,0 %, 2398 MHz, 40, 11.70 W
1788703404.430008877,0 %, 2398 MHz, 40, 11.70 W
1788703404.530135578,0 %, 2398 MHz, 40, 11.70 W
1788703404.630412312,0 %, 2398 MHz, 40, 11.70 W
1788703404.730776390,0 %, 2398 MHz, 40, 11.70 W
1788703404.831422917,0 %, 2398 MHz, 40, 11.70 W
1788703404.931981332,0 %, 2398 MHz, 40, 11.70 W
1788703405.032285857,0 %, 2398 MHz, 40, 11.70 W
1788703405.132472334,0 %, 2398 MHz, 40, 11.70 W
1788703405.232769579,0 %, 2398 MHz, 40, 11.70 W
1788703405.333503882,0 %, 2398 MHz, 40, 11.74 W
1788703405.434049289,0 %, 2398 MHz, 40, 11.74 W
1788703405.534267606,0 %, 2398 MHz, 40, 11.74 W
1788703405.634410930,0 %, 2398 MHz, 40, 11.74 W
1788703405.735231506,0 %, 2398 MHz, 40, 11.74 W
1788703405.835623951,0 %, 2398 MHz, 40, 11.74 W
1788703405.935645852,0 %, 2398 MHz, 40, 11.74 W
1788703406.035957193,0 %, 2398 MHz, 40, 11.74 W
1788703406.136302598,0 %, 2398 MHz, 40, 11.74 W
1788703406.236596419,0 %, 2398 MHz, 40, 11.74 W
1788703406.337360114,0 %, 2398 MHz, 40, 11.74 W
1788703406.437874912,0 %, 2398 MHz, 40, 11.74 W
1788703406.538077276,0 %, 2398 MHz, 40, 11.74 W
1788703406.638216361,0 %, 2398 MHz, 40, 11.74 W
1788703406.739302201,0 %, 2398 MHz, 40, 11.74 W
1788703406.839401701,0 %, 2398 MHz, 40, 11.74 W
1788703406.939797154,0 %, 2398 MHz, 40, 11.74 W
1788703407.040138848,0 %, 2398 MHz, 40, 11.74 W
1788703407.140321724,0 %, 2398 MHz, 40, 11.74 W
1788703407.241026282,0 %, 2398 MHz, 40, 11.74 W
1788703407.341351719,0 %, 2398 MHz, 40, 11.73 W
1788703407.441900388,0 %, 2398 MHz, 40, 11.73 W
1788703407.542185153,0 %, 2398 MHz, 40, 11.73 W
1788703407.642313917,0 %, 2398 MHz, 40, 11.73 W
1788703407.742997051,0 %, 2398 MHz, 40, 11.73 W
1788703407.843277976,0 %, 2398 MHz, 40, 11.74 W
1788703407.943485940,0 %, 2398 MHz, 40, 11.74 W
1788703408.043664960,0 %, 2398 MHz, 40, 11.74 W
1788703408.144060461,0 %, 2398 MHz, 40, 11.74 W
1788703408.244476874,0 %, 2398 MHz, 40, 11.74 W
1788703408.345133527,0 %, 2398 MHz, 40, 11.75 W
1788703408.445601301,0 %, 2398 MHz, 40, 11.75 W
1788703408.545573935,0 %, 2398 MHz, 40, 11.75 W
1788703408.645962588,0 %, 2398 MHz, 40, 11.75 W
1788703408.746560650,0 %, 2398 MHz, 40, 11.75 W
1788703408.846372580,0 %, 2398 MHz, 40, 11.76 W
1788703408.946743473,0 %, 2398 MHz, 40, 11.76 W
1788703409.047371774,0 %, 2398 MHz, 40, 11.76 W
1788703409.147546122,0 %, 2398 MHz, 40, 11.76 W
1788703409.247737205,0 %, 2398 MHz, 40, 11.76 W
1788703409.347908033,0 %, 2398 MHz, 40, 11.77 W
1788703409.448311229,0 %, 2398 MHz, 40, 11.77 W
1788703409.548476681,0 %, 2398 MHz, 40, 11.77 W
1788703409.648627860,0 %, 2398 MHz, 40, 11.77 W
1788703409.748948336,0 %, 2398 MHz, 40, 11.77 W
1788703409.849287756,0 %, 2398 MHz, 40, 11.81 W
1788703409.949477304,0 %, 2398 MHz, 40, 11.81 W
1788703410.049811396,0 %, 2398 MHz, 40, 11.81 W
1788703410.150507457,0 %, 2398 MHz, 40, 11.81 W
1788703410.250840909,0 %, 2398 MHz, 40, 11.81 W
1788703410.351190185,0 %, 2398 MHz, 40, 11.83 W
1788703410.451508021,0 %, 2398 MHz, 40, 11.83 W
1788703410.552417283,0 %, 2398 MHz, 40, 11.83 W
1788703410.652558062,0 %, 2398 MHz, 40, 11.83 W
1788703410.752939690,0 %, 2398 MHz, 40, 11.83 W
1788703410.853253894,0 %, 2398 MHz, 40, 11.81 W
1788703410.953958723,0 %, 2398 MHz, 40, 11.81 W
1788703411.054258175,0 %, 2398 MHz, 40, 11.81 W
1788703411.154499082,0 %, 2398 MHz, 40, 11.81 W
1788703411.254836437,0 %, 2398 MHz, 40, 11.81 W
1788703411.355149985,0 %, 2398 MHz, 40, 11.80 W
1788703411.455346972,0 %, 2398 MHz, 40, 11.80 W
1788703411.555658039,0 %, 2398 MHz, 40, 11.80 W
1788703411.656364468,0 %, 2398 MHz, 40, 11.80 W
1788703411.756709760,0 %, 2398 MHz, 40, 11.80 W
1788703411.857065883,0 %, 2398 MHz, 40, 11.79 W
1788703411.957380743,0 %, 2398 MHz, 40, 11.79 W
1788703412.058101860,0 %, 2398 MHz, 40, 11.79 W
1788703412.158222894,0 %, 2398 MHz, 40, 11.79 W
1788703412.258578089,0 %, 2398 MHz, 40, 11.79 W
1788703412.358984117,0 %, 2398 MHz, 40, 11.80 W
1788703412.459287136,0 %, 2398 MHz, 40, 11.80 W
1788703412.560205758,0 %, 2398 MHz, 40, 11.80 W
1788703412.660327736,0 %, 2398 MHz, 40, 11.80 W
1788703412.760683923,0 %, 2398 MHz, 40, 11.80 W
1788703412.861005102,0 %, 2398 MHz, 40, 11.79 W
1788703412.961710587,0 %, 2398 MHz, 40, 11.79 W
1788703413.062048230,0 %, 2398 MHz, 40, 11.79 W
1788703413.162381569,0 %, 2398 MHz, 40, 11.79 W
1788703413.262739788,0 %, 2398 MHz, 40, 11.79 W
1788703413.363707898,0 %, 2398 MHz, 40, 11.76 W
1788703413.463239489,0 %, 2398 MHz, 40, 11.76 W
1788703413.563948798,0 %, 2398 MHz, 40, 11.76 W
1788703413.664485337,0 %, 2398 MHz, 40, 11.76 W
1788703413.764619347,0 %, 2398 MHz, 40, 11.76 W
1788703413.864953022,0 %, 2398 MHz, 40, 11.77 W
1788703413.965649611,0 %, 2398 MHz, 40, 11.77 W
1788703414.066068870,0 %, 2398 MHz, 40, 11.77 W
1788703414.165125755,0 %, 2398 MHz, 40, 11.77 W
1788703414.265330229,0 %, 2398 MHz, 40, 11.77 W
1788703414.365499759,0 %, 2398 MHz, 40, 11.79 W
1788703414.466836253,0 %, 2398 MHz, 40, 11.79 W
1788703414.566967479,0 %, 2398 MHz, 40, 11.79 W
1788703414.667330370,0 %, 2398 MHz, 40, 11.79 W
1788703414.768232687,0 %, 2398 MHz, 40, 11.79 W
1788703414.868369385,0 %, 2398 MHz, 40, 11.82 W
1788703414.968547010,0 %, 2398 MHz, 40, 11.82 W
1788703415.068862205,0 %, 2398 MHz, 40, 11.82 W
1788703415.169212903,0 %, 2398 MHz, 40, 11.82 W
1788703415.269428945,0 %, 2398 MHz, 40, 11.82 W
1788703415.369991372,0 %, 2398 MHz, 40, 11.85 W
1788703415.470448647,0 %, 2398 MHz, 40, 11.85 W
1788703415.570674945,0 %, 2398 MHz, 40, 11.85 W
1788703415.671000155,0 %, 2398 MHz, 40, 11.85 W
1788703415.771428293,0 %, 2398 MHz, 40, 11.85 W
1788703415.871703423,0 %, 2398 MHz, 40, 11.85 W
1788703415.972652236,0 %, 2398 MHz, 40, 11.85 W
1788703416.072949782,0 %, 2398 MHz, 40, 11.85 W
1788703416.173113455,0 %, 2398 MHz, 40, 11.85 W
1788703416.273655530,0 %, 2398 MHz, 40, 11.85 W
1788703416.374386118,0 %, 2398 MHz, 40, 11.85 W
1788703416.474464239,0 %, 2398 MHz, 40, 11.85 W
1788703416.574848073,0 %, 2398 MHz, 40, 11.85 W
1788703416.675009106,0 %, 2398 MHz, 40, 11.85 W
1788703416.775513245,0 %, 2398 MHz, 40, 11.85 W
1788703416.876229736,0 %, 2398 MHz, 40, 11.85 W
1788703416.976392913,0 %, 2398 MHz, 40, 11.85 W
1788703417.076536346,0 %, 2398 MHz, 40, 11.85 W
1788703417.176888276,0 %, 2398 MHz, 40, 11.85 W
1788703417.277241998,0 %, 2398 MHz, 40, 11.85 W
1788703417.377623543,0 %, 2398 MHz, 40, 11.82 W
1788703417.477744352,0 %, 2398 MHz, 40, 11.82 W
1788703417.578453995,0 %, 2398 MHz, 40, 11.82 W
1788703417.678780869,0 %, 2398 MHz, 40, 11.82 W
1788703417.779326639,0 %, 2398 MHz, 40, 11.82 W
1788703417.879458648,0 %, 2398 MHz, 40, 11.81 W
1788703417.980189955,0 %, 2398 MHz, 40, 11.81 W
1788703418.080502285,0 %, 2398 MHz, 40, 11.81 W
1788703418.180865526,0 %, 2398 MHz, 40, 11.81 W
1788703418.281387024,0 %, 2398 MHz, 40, 11.81 W
1788703418.382109563,0 %, 2398 MHz, 40, 11.83 W
1788703418.482253780,0 %, 2398 MHz, 40, 11.83 W
1788703418.582636781,0 %, 2398 MHz, 40, 11.83 W
1788703418.682925846,0 %, 2398 MHz, 40, 11.83 W
1788703418.783244080,0 %, 2398 MHz, 40, 11.83 W
1788703418.883363944,0 %, 2398 MHz, 40, 11.81 W
1788703418.983457440,0 %, 2398 MHz, 40, 11.81 W
1788703419.084314891,0 %, 2398 MHz, 40, 11.81 W
1788703419.184709893,0 %, 2398 MHz, 40, 11.81 W
1788703419.284859645,0 %, 2398 MHz, 40, 11.81 W
1788703419.385405223,0 %, 2398 MHz, 40, 11.77 W
1788703419.486118465,0 %, 2398 MHz, 40, 11.77 W
1788703419.586219977,0 %, 2398 MHz, 40, 11.77 W
1788703419.686759955,0 %, 2398 MHz, 40, 11.77 W
1788703419.786920123,0 %, 2398 MHz, 40, 11.77 W
1788703419.887224244,0 %, 2398 MHz, 40, 11.73 W
1788703419.988166496,0 %, 2398 MHz, 40, 11.73 W
1788703420.088272056,0 %, 2398 MHz, 40, 11.73 W
1788703420.188621040,0 %, 2398 MHz, 40, 11.73 W
1788703420.287766132,0 %, 2398 MHz, 40, 11.73 W
1788703420.387901884,0 %, 2398 MHz, 40, 11.73 W
1788703420.488153348,0 %, 2398 MHz, 40, 11.73 W
1788703420.589239456,0 %, 2398 MHz, 40, 11.73 W
1788703420.689587241,0 %, 2398 MHz, 40, 11.73 W
1788703420.789787249,0 %, 2398 MHz, 40, 11.73 W
1788703420.890092537,0 %, 2398 MHz, 40, 11.75 W
1788703420.991047045,0 %, 2398 MHz, 40, 11.75 W
1788703421.091312573,0 %, 2398 MHz, 40, 11.75 W
1788703421.191659733,0 %, 2398 MHz, 40, 11.75 W
1788703421.291853629,0 %, 2398 MHz, 40, 11.75 W
1788703421.392759400,0 %, 2398 MHz, 40, 11.73 W
1788703421.493063968,0 %, 2398 MHz, 40, 11.73 W
1788703421.593436281,0 %, 2398 MHz, 40, 11.73 W
1788703421.693537360,0 %, 2398 MHz, 40, 11.73 W
1788703421.794267130,0 %, 2398 MHz, 40, 11.73 W
1788703421.894571970,0 %, 2398 MHz, 40, 11.74 W
1788703421.995149004,0 %, 2398 MHz, 40, 11.74 W
1788703422.095475796,0 %, 2398 MHz, 40, 11.74 W
1788703422.196199565,0 %, 2398 MHz, 40, 11.74 W
1788703422.296317236,0 %, 2398 MHz, 40, 11.74 W
1788703422.396921118,0 %, 2398 MHz, 40, 11.76 W
1788703422.497185685,0 %, 2398 MHz, 40, 11.76 W
1788703422.597914511,0 %, 2398 MHz, 40, 11.76 W
1788703422.698213143,0 %, 2398 MHz, 40, 11.76 W
1788703422.798343838,0 %, 2398 MHz, 40, 11.76 W
1788703422.898974615,0 %, 2398 MHz, 40, 11.76 W
1788703422.999021518,0 %, 2398 MHz, 40, 11.76 W
1788703423.099435750,0 %, 2398 MHz, 40, 11.76 W
1788703423.200167872,0 %, 2398 MHz, 40, 11.76 W
1788703423.300256631,0 %, 2398 MHz, 40, 11.80 W
1788703423.400640670,0 %, 2398 MHz, 40, 11.80 W
1788703423.501009734,0 %, 2398 MHz, 40, 11.80 W
1788703423.601336190,0 %, 2398 MHz, 40, 11.80 W
1788703423.701508677,0 %, 2398 MHz, 40, 11.80 W
1788703423.802224926,0 %, 2398 MHz, 40, 11.81 W
1788703423.902168052,0 %, 2398 MHz, 40, 11.81 W
1788703424.002703485,0 %, 2398 MHz, 40, 11.81 W
1788703424.102825204,0 %, 2398 MHz, 40, 11.81 W
1788703424.203367900,0 %, 2398 MHz, 40, 11.81 W
1788703424.303343986,0 %, 2398 MHz, 40, 11.78 W
1788703424.403660425,0 %, 2398 MHz, 40, 11.78 W
1788703424.504604979,0 %, 2398 MHz, 40, 11.78 W
1788703424.604897466,0 %, 2398 MHz, 40, 11.78 W
1788703424.705378194,0 %, 2398 MHz, 40, 11.78 W
1788703424.805540889,0 %, 2398 MHz, 40, 11.74 W
1788703424.906079089,0 %, 2398 MHz, 40, 11.74 W
1788703425.006606730,0 %, 2398 MHz, 40, 11.74 W
1788703425.106790016,0 %, 2398 MHz, 40, 11.74 W
1788703425.207074151,0 %, 2398 MHz, 40, 11.74 W
1788703425.307279678,0 %, 2398 MHz, 40, 11.74 W
1788703425.407994166,0 %, 2398 MHz, 40, 11.74 W
1788703425.508491774,0 %, 2398 MHz, 40, 11.74 W
1788703425.608827557,0 %, 2398 MHz, 40, 11.74 W
1788703425.709008796,0 %, 2398 MHz, 40, 11.74 W
1788703425.809269986,0 %, 2398 MHz, 40, 11.75 W
1788703425.909989627,0 %, 2398 MHz, 40, 11.75 W
1788703426.010503875,0 %, 2398 MHz, 40, 11.75 W
1788703426.110670425,0 %, 2398 MHz, 40, 11.75 W
1788703426.211052960,0 %, 2398 MHz, 40, 11.75 W
1788703426.310577348,0 %, 2398 MHz, 40, 11.75 W
1788703426.410869002,0 %, 2398 MHz, 40, 11.75 W
1788703426.510991472,0 %, 2398 MHz, 40, 11.75 W
1788703426.611960106,0 %, 2398 MHz, 40, 11.75 W
1788703426.712840595,0 %, 2398 MHz, 40, 11.75 W
1788703426.812930632,0 %, 2398 MHz, 40, 11.77 W
1788703426.913079550,0 %, 2398 MHz, 40, 11.77 W
1788703427.013358581,0 %, 2398 MHz, 40, 11.77 W
1788703427.113952477,0 %, 2398 MHz, 40, 11.77 W
1788703427.214399588,0 %, 2398 MHz, 40, 11.77 W
1788703427.314842203,0 %, 2398 MHz, 40, 11.75 W
1788703427.414928192,0 %, 2398 MHz, 40, 11.75 W
1788703427.515464103,0 %, 2398 MHz, 40, 11.75 W
1788703427.615643149,0 %, 2398 MHz, 40, 11.75 W
1788703427.716030196,0 %, 2398 MHz, 40, 11.75 W
1788703427.816779852,0 %, 2398 MHz, 40, 11.71 W
1788703427.916869266,0 %, 2398 MHz, 40, 11.71 W
1788703428.017169672,0 %, 2398 MHz, 40, 11.71 W
1788703428.117521310,0 %, 2398 MHz, 40, 11.71 W
1788703428.217833716,0 %, 2398 MHz, 40, 11.71 W
1788703428.318786749,0 %, 2398 MHz, 40, 11.69 W
1788703428.418883490,0 %, 2398 MHz, 40, 11.69 W
1788703428.519286937,0 %, 2398 MHz, 40, 11.69 W
1788703428.619820864,0 %, 2398 MHz, 40, 11.69 W
1788703428.720686776,0 %, 2398 MHz, 40, 11.69 W
1788703428.820829134,0 %, 2398 MHz, 40, 11.69 W
1788703428.920977123,0 %, 2398 MHz, 40, 11.69 W
1788703429.021299001,0 %, 2398 MHz, 40, 11.69 W
1788703429.122077393,0 %, 2398 MHz, 40, 11.69 W
1788703429.222546743,0 %, 2398 MHz, 40, 11.69 W
1788703429.322971165,0 %, 2398 MHz, 40, 11.70 W
1788703429.423056994,0 %, 2398 MHz, 40, 11.70 W
1788703429.523795930,0 %, 2398 MHz, 40, 11.70 W
1788703429.624140768,0 %, 2398 MHz, 40, 11.70 W
1788703429.724435925,0 %, 2398 MHz, 40, 11.70 W
1788703429.824498778,0 %, 2398 MHz, 40, 11.72 W
1788703429.924860048,0 %, 2398 MHz, 40, 11.72 W
1788703430.025151910,0 %, 2398 MHz, 40, 11.72 W
1788703430.125862349,0 %, 2398 MHz, 40, 11.72 W
1788703430.226382947,0 %, 2398 MHz, 40, 11.72 W
1788703430.326611464,0 %, 2398 MHz, 40, 11.69 W
1788703430.426786061,0 %, 2398 MHz, 40, 11.69 W
1788703430.527142627,0 %, 2398 MHz, 40, 11.69 W
1788703430.627485337,0 %, 2398 MHz, 40, 11.69 W
1788703430.728232112,0 %, 2398 MHz, 40, 11.69 W
1788703430.828322212,0 %, 2398 MHz, 40, 11.66 W
1788703430.927866999,0 %, 2398 MHz, 40, 11.66 W
1788703431.028806783,0 %, 2398 MHz, 40, 11.66 W
1788703431.129608486,0 %, 2398 MHz, 40, 11.66 W
1788703431.229781739,0 %, 2398 MHz, 40, 11.66 W
1788703431.329625854,0 %, 2398 MHz, 40, 11.70 W
1788703431.430365525,0 %, 2398 MHz, 40, 11.70 W
1788703431.530564138,0 %, 2398 MHz, 40, 11.70 W
1788703431.630867455,0 %, 2398 MHz, 40, 11.70 W
1788703431.731834839,0 %, 2398 MHz, 40, 11.70 W
1788703431.831390185,0 %, 2398 MHz, 40, 11.71 W
1788703431.931396860,0 %, 2398 MHz, 40, 11.71 W
1788703432.031924642,0 %, 2398 MHz, 40, 11.71 W
1788703432.132775322,0 %, 2398 MHz, 40, 11.71 W
1788703432.233111279,0 %, 2398 MHz, 40, 11.71 W
1788703432.333405811,0 %, 2398 MHz, 40, 11.68 W
1788703432.433820617,0 %, 2398 MHz, 40, 11.68 W
1788703432.533721372,0 %, 2398 MHz, 40, 11.68 W
1788703432.634102449,0 %, 2398 MHz, 40, 11.68 W
1788703432.735051464,0 %, 2398 MHz, 40, 11.68 W
1788703432.835312029,0 %, 2398 MHz, 40, 11.71 W
1788703432.935479857,0 %, 2398 MHz, 40, 11.71 W
1788703433.035807238,0 %, 2398 MHz, 40, 11.71 W
1788703433.137139375,0 %, 2398 MHz, 40, 11.71 W
1788703433.236873761,0 %, 2398 MHz, 40, 11.71 W
1788703433.336675155,0 %, 2398 MHz, 40, 11.73 W
1788703433.437250713,0 %, 2398 MHz, 40, 11.73 W
1788703433.537361805,0 %, 2398 MHz, 40, 11.73 W
1788703433.637507601,0 %, 2398 MHz, 40, 11.73 W
1788703433.737871846,0 %, 2398 MHz, 40, 11.73 W
1788703433.838594236,0 %, 2398 MHz, 40, 11.71 W
1788703433.938376990,0 %, 2398 MHz, 40, 11.71 W
1788703434.038771411,0 %, 2398 MHz, 40, 11.71 W
1788703434.139457113,0 %, 2398 MHz, 40, 11.71 W
1788703434.239796733,0 %, 2398 MHz, 40, 11.71 W
1788703434.340349810,0 %, 2398 MHz, 40, 11.75 W
1788703434.440558198,0 %, 2398 MHz, 40, 11.75 W
1788703434.540904043,0 %, 2398 MHz, 40, 11.75 W
1788703434.641405648,0 %, 2398 MHz, 40, 11.75 W
1788703434.741915701,0 %, 2398 MHz, 40, 11.75 W
1788703434.842037224,0 %, 2398 MHz, 40, 11.75 W
1788703434.942334428,0 %, 2398 MHz, 40, 11.75 W
1788703435.042675041,0 %, 2398 MHz, 40, 11.75 W
1788703435.143364838,0 %, 2398 MHz, 40, 11.75 W
1788703435.243527369,0 %, 2398 MHz, 40, 11.75 W
1788703435.344080478,0 %, 2398 MHz, 40, 11.73 W
1788703435.444434851,0 %, 2398 MHz, 40, 11.73 W
1788703435.544554342,0 %, 2398 MHz, 40, 11.73 W
1788703435.644965082,0 %, 2398 MHz, 40, 11.73 W
1788703435.745748128,0 %, 2398 MHz, 40, 11.73 W
1788703435.845757251,0 %, 2398 MHz, 40, 11.75 W
1788703435.946130775,0 %, 2398 MHz, 40, 11.75 W
1788703436.046386458,0 %, 2398 MHz, 40, 11.75 W
1788703436.146709870,0 %, 2398 MHz, 40, 11.75 W
1788703436.247396195,0 %, 2398 MHz, 40, 11.75 W
1788703436.347783751,0 %, 2398 MHz, 40, 11.77 W
1788703436.447899082,0 %, 2398 MHz, 40, 11.77 W
1788703436.548465167,0 %, 2398 MHz, 40, 11.77 W
1788703436.648780322,0 %, 2398 MHz, 40, 11.77 W
1788703436.749293111,0 %, 2398 MHz, 40, 11.77 W
1788703436.849532986,0 %, 2398 MHz, 40, 11.78 W
1788703436.950078159,0 %, 2398 MHz, 40, 11.78 W
1788703437.050984693,0 %, 2398 MHz, 40, 11.78 W
1788703437.150374564,0 %, 2398 MHz, 40, 11.78 W
1788703437.250735720,0 %, 2398 MHz, 40, 11.78 W
1788703437.351614366,0 %, 2398 MHz, 40, 11.78 W
1788703437.451601232,0 %, 2398 MHz, 40, 11.78 W
1788703437.552127284,0 %, 2398 MHz, 40, 11.78 W
1788703437.651498435,0 %, 2398 MHz, 40, 11.78 W
1788703437.752382873,0 %, 2398 MHz, 40, 11.78 W
1788703437.852812717,0 %, 2398 MHz, 40, 11.77 W
1788703437.953286785,0 %, 2398 MHz, 40, 11.77 W
1788703438.053263251,0 %, 2398 MHz, 40, 11.77 W
1788703438.153989847,0 %, 2398 MHz, 40, 11.77 W
1788703438.254474795,0 %, 2398 MHz, 40, 11.77 W
1788703438.354457805,0 %, 2398 MHz, 40, 11.75 W
1788703438.454856464,0 %, 2398 MHz, 40, 11.75 W
1788703438.555183299,0 %, 2398 MHz, 40, 11.75 W
1788703438.655924232,0 %, 2398 MHz, 40, 11.75 W
1788703438.756264299,0 %, 2398 MHz, 40, 11.75 W
1788703438.856781215,0 %, 2398 MHz, 40, 11.74 W
1788703438.957100114,0 %, 2398 MHz, 40, 11.74 W
1788703439.057782471,0 %, 2398 MHz, 40, 11.74 W
1788703439.157951017,0 %, 2398 MHz, 40, 11.74 W
1788703439.258360044,0 %, 2398 MHz, 40, 11.74 W
1788703439.358713839,0 %, 2398 MHz, 40, 11.77 W
1788703439.459551748,0 %, 2398 MHz, 40, 11.77 W
1788703439.559540933,0 %, 2398 MHz, 40, 11.77 W
1788703439.660084105,0 %, 2398 MHz, 40, 11.77 W
1788703439.760440172,0 %, 2398 MHz, 40, 11.77 W
1788703439.860784271,0 %, 2398 MHz, 40, 11.79 W
1788703439.960788912,0 %, 2398 MHz, 40, 11.79 W
1788703440.061466628,0 %, 2398 MHz, 40, 11.79 W
1788703440.161792071,0 %, 2398 MHz, 40, 11.79 W
1788703440.262103049,0 %, 2398 MHz, 40, 11.79 W
1788703440.362400187,0 %, 2398 MHz, 40, 11.78 W
1788703440.462942271,0 %, 2398 MHz, 40, 11.78 W
1788703440.563602387,0 %, 2398 MHz, 40, 11.78 W
1788703440.662817153,0 %, 2398 MHz, 40, 11.78 W
1788703440.763355444,0 %, 2398 MHz, 40, 11.78 W
1788703440.864373129,0 %, 2398 MHz, 40, 11.79 W
1788703440.964570267,0 %, 2398 MHz, 40, 11.79 W
1788703441.064709437,0 %, 2398 MHz, 40, 11.79 W
1788703441.164951455,0 %, 2398 MHz, 40, 11.79 W
1788703441.265224321,0 %, 2398 MHz, 40, 11.79 W
1788703441.366119045,0 %, 2398 MHz, 40, 11.81 W
1788703441.466488647,0 %, 2398 MHz, 40, 11.81 W
1788703441.566449160,0 %, 2398 MHz, 40, 11.81 W
1788703441.667033275,0 %, 2398 MHz, 40, 11.81 W
1788703441.767342221,0 %, 2398 MHz, 40, 11.81 W
1788703441.868034785,0 %, 2398 MHz, 40, 11.81 W
1788703441.968218419,0 %, 2398 MHz, 40, 11.81 W
1788703442.068517573,0 %, 2398 MHz, 40, 11.81 W
1788703442.168891767,0 %, 2398 MHz, 40, 11.81 W
1788703442.269583626,0 %, 2398 MHz, 40, 11.81 W
1788703442.370123629,0 %, 2398 MHz, 40, 11.81 W
1788703442.470409887,0 %, 2398 MHz, 40, 11.81 W
1788703442.570597968,0 %, 2398 MHz, 40, 11.81 W
1788703442.671103779,0 %, 2398 MHz, 40, 11.81 W
1788703442.771802038,0 %, 2398 MHz, 40, 11.81 W
1788703442.871973239,0 %, 2398 MHz, 40, 11.78 W
1788703442.972518746,0 %, 2398 MHz, 40, 11.78 W
1788703443.072896588,0 %, 2398 MHz, 40, 11.78 W
1788703443.173358782,0 %, 2398 MHz, 40, 11.78 W
1788703443.273527359,0 %, 2398 MHz, 40, 11.78 W
1788703443.374073634,0 %, 2398 MHz, 40, 11.73 W
1788703443.474426419,0 %, 2398 MHz, 40, 11.73 W
1788703443.574541460,0 %, 2398 MHz, 40, 11.73 W
1788703443.675306248,0 %, 2398 MHz, 40, 11.73 W
1788703443.775592041,0 %, 2398 MHz, 40, 11.73 W
1788703443.875941323,0 %, 2398 MHz, 40, 11.75 W
1788703443.976277324,0 %, 2398 MHz, 40, 11.75 W
1788703444.077212656,0 %, 2398 MHz, 40, 11.75 W
1788703444.177513681,0 %, 2398 MHz, 40, 11.75 W
1788703444.277633250,0 %, 2398 MHz, 40, 11.75 W
1788703444.378148868,0 %, 2398 MHz, 40, 11.78 W
1788703444.478265204,0 %, 2398 MHz, 40, 11.78 W
1788703444.578971351,0 %, 2398 MHz, 40, 11.78 W
1788703444.679327721,0 %, 2398 MHz, 40, 11.78 W
1788703444.779707658,0 %, 2398 MHz, 40, 11.78 W
1788703444.880066956,0 %, 2398 MHz, 40, 11.78 W
1788703444.980397373,0 %, 2398 MHz, 40, 11.78 W
1788703445.080368668,0 %, 2398 MHz, 40, 11.78 W
1788703445.181106319,0 %, 2398 MHz, 40, 11.78 W
1788703445.281413632,0 %, 2398 MHz, 40, 11.78 W
1788703445.382007330,0 %, 2398 MHz, 40, 11.82 W
1788703445.482301987,0 %, 2398 MHz, 40, 11.82 W
1788703445.582814757,0 %, 2398 MHz, 40, 11.82 W
1788703445.683146934,0 %, 2398 MHz, 40, 11.82 W
1788703445.783633847,0 %, 2398 MHz, 40, 11.82 W
1788703445.883859976,0 %, 2398 MHz, 40, 11.85 W
1788703445.984779355,0 %, 2398 MHz, 40, 11.85 W
1788703446.084900059,0 %, 2398 MHz, 40, 11.85 W
1788703446.185238476,0 %, 2398 MHz, 40, 11.85 W
1788703446.285396780,0 %, 2398 MHz, 40, 11.85 W
1788703446.386023806,0 %, 2398 MHz, 40, 11.85 W
1788703446.486109630,0 %, 2398 MHz, 40, 11.85 W
1788703446.586473519,0 %, 2398 MHz, 40, 11.85 W
1788703446.687240065,0 %, 2398 MHz, 40, 11.85 W
1788703446.787495378,0 %, 2398 MHz, 40, 11.85 W
1788703446.887499169,0 %, 2398 MHz, 40, 11.83 W
1788703446.987310367,0 %, 2398 MHz, 40, 11.83 W
1788703447.088007969,0 %, 2398 MHz, 40, 11.83 W
1788703447.188579907,0 %, 2398 MHz, 40, 11.83 W
1788703447.289241285,0 %, 2398 MHz, 40, 11.83 W
1788703447.389577941,0 %, 2398 MHz, 40, 11.80 W
1788703447.490011718,0 %, 2398 MHz, 40, 11.80 W
1788703447.590292742,0 %, 2398 MHz, 40, 11.80 W
1788703447.690802375,0 %, 2398 MHz, 40, 11.80 W
1788703447.791375241,0 %, 2398 MHz, 40, 11.80 W
1788703447.891471544,0 %, 2398 MHz, 40, 11.79 W
1788703447.991865305,0 %, 2398 MHz, 40, 11.79 W
1788703448.093192093,0 %, 2398 MHz, 40, 11.79 W
1788703448.193035611,0 %, 2398 MHz, 40, 11.79 W
1788703448.293336203,0 %, 2398 MHz, 40, 11.79 W
1788703448.393619755,0 %, 2398 MHz, 40, 11.80 W
1788703448.493778299,0 %, 2398 MHz, 40, 11.80 W
1788703448.594471020,0 %, 2398 MHz, 40, 11.80 W
1788703448.694792652,0 %, 2398 MHz, 40, 11.80 W
1788703448.795367165,0 %, 2398 MHz, 40, 11.80 W
1788703448.895455612,0 %, 2398 MHz, 40, 11.81 W
1788703448.995763340,0 %, 2398 MHz, 40, 11.81 W
1788703449.096475486,0 %, 2398 MHz, 40, 11.81 W
1788703449.197020463,0 %, 2398 MHz, 40, 11.81 W
1788703449.297348590,0 %, 2398 MHz, 40, 11.81 W
1788703449.397538846,0 %, 2398 MHz, 40, 11.81 W
1788703449.497659389,0 %, 2398 MHz, 40, 11.81 W
1788703449.598366478,0 %, 2398 MHz, 40, 11.81 W
1788703449.698934767,0 %, 2398 MHz, 40, 11.81 W
1788703449.799241711,0 %, 2398 MHz, 40, 11.81 W
1788703449.899533310,0 %, 2398 MHz, 40, 11.82 W
1788703450.000097983,0 %, 2398 MHz, 40, 11.82 W
1788703450.100400798,0 %, 2398 MHz, 40, 11.82 W
1788703450.200597405,0 %, 2398 MHz, 40, 11.82 W
1788703450.300878157,0 %, 2398 MHz, 40, 11.82 W
1788703450.401470733,0 %, 2398 MHz, 40, 11.83 W
1788703450.502200559,0 %, 2398 MHz, 40, 11.83 W
1788703450.602320189,0 %, 2398 MHz, 40, 11.83 W
1788703450.702870334,0 %, 2398 MHz, 40, 11.83 W
1788703450.803207949,0 %, 2398 MHz, 40, 11.84 W
1788703450.903508989,0 %, 2398 MHz, 40, 11.84 W
1788703451.004050077,0 %, 2398 MHz, 40, 11.84 W
1788703451.104576285,0 %, 2398 MHz, 40, 11.84 W
1788703451.204724748,0 %, 2398 MHz, 40, 11.84 W
1788703451.305073019,0 %, 2398 MHz, 40, 11.82 W
1788703451.405480442,0 %, 2398 MHz, 40, 11.82 W
1788703451.506005706,0 %, 2398 MHz, 40, 11.82 W
1788703451.606316202,0 %, 2398 MHz, 40, 11.82 W
1788703451.706672585,0 %, 2398 MHz, 40, 11.82 W
1788703451.807007272,0 %, 2398 MHz, 40, 11.80 W
1788703451.907404952,0 %, 2398 MHz, 40, 11.80 W
1788703452.007903240,0 %, 2398 MHz, 40, 11.80 W
1788703452.108971418,0 %, 2398 MHz, 40, 11.80 W
1788703452.208438741,0 %, 2398 MHz, 40, 11.80 W
1788703452.308852532,0 %, 2398 MHz, 40, 11.79 W
1788703452.409371860,0 %, 2398 MHz, 40, 11.79 W
1788703452.509826771,0 %, 2398 MHz, 40, 11.79 W
1788703452.610160594,0 %, 2398 MHz, 40, 11.79 W
1788703452.710739714,0 %, 2398 MHz, 40, 11.79 W
1788703452.811065537,0 %, 2398 MHz, 40, 11.75 W
1788703452.911793970,0 %, 2398 MHz, 40, 11.75 W
1788703453.011461502,0 %, 2398 MHz, 40, 11.75 W
1788703453.112255070,0 %, 2398 MHz, 40, 11.75 W
1788703453.212564413,0 %, 2398 MHz, 40, 11.75 W
1788703453.313490478,0 %, 2398 MHz, 40, 11.76 W
1788703453.413727724,0 %, 2398 MHz, 40, 11.76 W
1788703453.513867850,0 %, 2398 MHz, 40, 11.76 W
1788703453.614165209,0 %, 2398 MHz, 40, 11.76 W
1788703453.714522424,0 %, 2398 MHz, 40, 11.76 W
1788703453.815199192,0 %, 2398 MHz, 40, 11.78 W
1788703453.915557334,0 %, 2398 MHz, 40, 11.78 W
1788703454.015924245,0 %, 2398 MHz, 40, 11.78 W
1788703454.116234435,0 %, 2398 MHz, 40, 11.78 W
1788703454.217153876,0 %, 2398 MHz, 40, 11.78 W
1788703454.317485011,0 %, 2398 MHz, 40, 11.78 W
1788703454.417568896,0 %, 2398 MHz, 40, 11.78 W
1788703454.518149839,0 %, 2398 MHz, 40, 11.78 W
1788703454.618258573,0 %, 2398 MHz, 40, 11.78 W
1788703454.719268062,0 %, 2398 MHz, 40, 11.78 W
1788703454.819537772,0 %, 2398 MHz, 40, 11.77 W
1788703454.919671001,0 %, 2398 MHz, 40, 11.77 W
1788703455.020009016,0 %, 2398 MHz, 40, 11.77 W
1788703455.120216053,0 %, 2398 MHz, 40, 11.77 W
1788703455.221158390,0 %, 2398 MHz, 40, 11.77 W
1788703455.321311123,0 %, 2398 MHz, 40, 11.77 W
1788703455.421843394,0 %, 2398 MHz, 40, 11.77 W
1788703455.521946735,0 %, 2398 MHz, 40, 11.77 W
1788703455.622650927,0 %, 2398 MHz, 40, 11.77 W
1788703455.722995757,0 %, 2398 MHz, 40, 11.77 W
1788703455.823736765,0 %, 2398 MHz, 40, 11.77 W
1788703455.923566313,0 %, 2398 MHz, 40, 11.77 W
1788703456.024087143,0 %, 2398 MHz, 40, 11.77 W
1788703456.124669430,0 %, 2398 MHz, 40, 11.77 W
1788703456.225228373,0 %, 2398 MHz, 40, 11.77 W
1788703456.325549587,0 %, 2398 MHz, 40, 11.74 W
1788703456.425895073,0 %, 2398 MHz, 40, 11.74 W
1788703456.526553600,0 %, 2398 MHz, 40, 11.74 W
1788703456.625855337,0 %, 2398 MHz, 40, 11.74 W
1788703456.726060662,0 %, 2398 MHz, 40, 11.74 W
1788703456.826564917,0 %, 2398 MHz, 40, 11.74 W
1788703456.927323684,0 %, 2398 MHz, 40, 11.74 W
1788703457.027882499,0 %, 2398 MHz, 40, 11.74 W
1788703457.128023104,0 %, 2398 MHz, 40, 11.74 W
1788703457.228726207,0 %, 2398 MHz, 40, 11.74 W
1788703457.329240509,0 %, 2398 MHz, 40, 11.79 W
1788703457.429563499,0 %, 2398 MHz, 40, 11.79 W
1788703457.529745383,0 %, 2398 MHz, 40, 11.79 W
1788703457.630626951,0 %, 2398 MHz, 40, 11.79 W
1788703457.730590963,0 %, 2398 MHz, 40, 11.79 W
1788703457.831165137,0 %, 2398 MHz, 40, 11.81 W
1788703457.931315086,0 %, 2398 MHz, 40, 11.81 W
1788703458.031710076,0 %, 2398 MHz, 40, 11.81 W
1788703458.131016517,0 %, 2398 MHz, 40, 11.81 W
1788703458.231418578,0 %, 2398 MHz, 40, 11.81 W
1788703458.331320222,0 %, 2398 MHz, 40, 11.79 W
1788703458.431458906,0 %, 2398 MHz, 40, 11.79 W
1788703458.532101273,0 %, 2398 MHz, 40, 11.79 W
1788703458.632143541,0 %, 2398 MHz, 40, 11.79 W
1788703458.732544402,0 %, 2398 MHz, 40, 11.79 W
1788703458.833378401,0 %, 2398 MHz, 40, 11.78 W
1788703458.933885967,0 %, 2398 MHz, 40, 11.78 W
1788703459.034131500,0 %, 2398 MHz, 40, 11.78 W
1788703459.134414937,0 %, 2398 MHz, 40, 11.78 W
1788703459.234707381,0 %, 2398 MHz, 40, 11.78 W
1788703459.335246003,0 %, 2398 MHz, 40, 11.76 W
1788703459.435499584,0 %, 2398 MHz, 40, 11.76 W
1788703459.535976141,0 %, 2398 MHz, 40, 11.76 W
1788703459.636490043,0 %, 2398 MHz, 40, 11.76 W
1788703459.736913656,0 %, 2398 MHz, 40, 11.76 W
1788703459.836996260,0 %, 2398 MHz, 40, 11.76 W
1788703459.937119104,0 %, 2398 MHz, 40, 11.76 W
1788703460.037513581,0 %, 2398 MHz, 40, 11.76 W
1788703460.137660905,0 %, 2398 MHz, 40, 11.76 W
1788703460.238485112,0 %, 2398 MHz, 40, 11.76 W
1788703460.338813892,0 %, 2398 MHz, 40, 11.79 W
1788703460.439154305,0 %, 2398 MHz, 40, 11.79 W
1788703460.539290269,0 %, 2398 MHz, 40, 11.79 W
1788703460.639433112,0 %, 2398 MHz, 40, 11.79 W
1788703460.739919990,0 %, 2398 MHz, 40, 11.79 W
1788703460.839654912,0 %, 2398 MHz, 40, 11.75 W
1788703460.940167677,0 %, 2398 MHz, 40, 11.75 W
1788703461.040589674,0 %, 2398 MHz, 40, 11.75 W
1788703461.140361188,0 %, 2398 MHz, 40, 11.75 W
1788703461.241687156,0 %, 2398 MHz, 40, 11.75 W
1788703461.342005233,0 %, 2398 MHz, 40, 11.73 W
1788703461.442715951,0 %, 2398 MHz, 40, 11.73 W
1788703461.542838042,0 %, 2398 MHz, 40, 11.73 W
1788703461.643152182,0 %, 2398 MHz, 40, 11.73 W
1788703461.743660675,0 %, 2398 MHz, 40, 11.73 W
1788703461.843891631,0 %, 2398 MHz, 40, 11.71 W
1788703461.944184459,0 %, 2398 MHz, 40, 11.71 W
1788703462.044794537,0 %, 2398 MHz, 40, 11.71 W
1788703462.145099989,0 %, 2398 MHz, 40, 11.71 W
1788703462.245453473,0 %, 2398 MHz, 40, 11.71 W
1788703462.345583692,0 %, 2398 MHz, 40, 11.69 W
1788703462.445967848,0 %, 2398 MHz, 40, 11.69 W
1788703462.546110579,0 %, 2398 MHz, 40, 11.69 W
1788703462.646486288,0 %, 2398 MHz, 40, 11.69 W
1788703462.747238765,0 %, 2398 MHz, 40, 11.69 W
1788703462.847526105,0 %, 2398 MHz, 40, 11.73 W
1788703462.947893973,0 %, 2398 MHz, 40, 11.73 W
1788703463.048014849,0 %, 2398 MHz, 40, 11.73 W
1788703463.148759870,0 %, 2398 MHz, 40, 11.73 W
1788703463.249067210,0 %, 2398 MHz, 40, 11.73 W
1788703463.349390133,0 %, 2398 MHz, 40, 11.74 W
1788703463.449964978,0 %, 2398 MHz, 40, 11.74 W
1788703463.550460846,0 %, 2398 MHz, 40, 11.74 W
1788703463.650647466,0 %, 2398 MHz, 40, 11.74 W
1788703463.750951717,0 %, 2398 MHz, 40, 11.74 W
1788703463.851277009,0 %, 2398 MHz, 40, 11.73 W
1788703463.951603469,0 %, 2398 MHz, 40, 11.73 W
1788703464.051983944,0 %, 2398 MHz, 40, 11.73 W
1788703464.152658645,0 %, 2398 MHz, 40, 11.73 W
1788703464.252990433,0 %, 2398 MHz, 40, 11.73 W
1788703464.353248972,0 %, 2398 MHz, 40, 11.73 W
1788703464.453668536,0 %, 2398 MHz, 40, 11.73 W
1788703464.553853491,0 %, 2398 MHz, 40, 11.73 W
1788703464.654566880,0 %, 2398 MHz, 40, 11.73 W
1788703464.755191180,0 %, 2398 MHz, 40, 11.73 W
1788703464.855196134,0 %, 2398 MHz, 40, 11.72 W
1788703464.955554018,0 %, 2398 MHz, 40, 11.72 W
1788703465.055856861,0 %, 2398 MHz, 40, 11.72 W
1788703465.156531850,0 %, 2398 MHz, 40, 11.72 W
1788703465.256880581,0 %, 2398 MHz, 40, 11.72 W
1788703465.357379425,0 %, 2398 MHz, 40, 11.74 W
1788703465.457623260,0 %, 2398 MHz, 40, 11.74 W
1788703465.557946903,0 %, 2398 MHz, 40, 11.74 W
1788703465.658588627,0 %, 2398 MHz, 40, 11.74 W
1788703465.758619581,0 %, 2398 MHz, 40, 11.74 W
1788703465.858972440,0 %, 2398 MHz, 40, 11.77 W
1788703465.959294467,0 %, 2398 MHz, 40, 11.77 W
1788703466.059740095,0 %, 2398 MHz, 40, 11.77 W
1788703466.160390363,0 %, 2398 MHz, 40, 11.77 W
1788703466.260683414,0 %, 2398 MHz, 40, 11.77 W
1788703466.361042257,0 %, 2398 MHz, 40, 11.78 W
1788703466.461328075,0 %, 2398 MHz, 40, 11.78 W
1788703466.561722743,0 %, 2398 MHz, 40, 11.78 W
1788703466.663364519,0 %, 2398 MHz, 40, 11.78 W
1788703466.762776382,0 %, 2398 MHz, 40, 11.78 W
1788703466.863071289,0 %, 2398 MHz, 40, 11.78 W
1788703466.963267747,0 %, 2398 MHz, 40, 11.78 W
1788703467.063591150,0 %, 2398 MHz, 40, 11.78 W
1788703467.164026361,0 %, 2398 MHz, 40, 11.78 W
1788703467.264654004,0 %, 2398 MHz, 40, 11.78 W
1788703467.365027743,0 %, 2398 MHz, 40, 11.80 W
1788703467.465209849,0 %, 2398 MHz, 40, 11.80 W
1788703467.565539188,0 %, 2398 MHz, 40, 11.80 W
1788703467.665964879,0 %, 2398 MHz, 40, 11.80 W
1788703467.766764683,0 %, 2398 MHz, 40, 11.80 W
1788703467.866925221,0 %, 2398 MHz, 40, 11.81 W
1788703467.967290240,0 %, 2398 MHz, 40, 11.81 W
1788703468.067617210,0 %, 2398 MHz, 40, 11.81 W
1788703468.168340374,0 %, 2398 MHz, 40, 11.81 W
1788703468.268606144,0 %, 2398 MHz, 40, 11.81 W
1788703468.369172187,0 %, 2398 MHz, 40, 11.81 W
1788703468.469842855,0 %, 2398 MHz, 40, 11.81 W
1788703468.570182962,0 %, 2398 MHz, 40, 11.81 W
1788703468.670512028,0 %, 2398 MHz, 40, 11.81 W
1788703468.770741350,0 %, 2398 MHz, 40, 11.81 W
1788703468.871051760,0 %, 2398 MHz, 40, 11.77 W
1788703468.971909756,0 %, 2398 MHz, 40, 11.77 W
1788703469.072253399,0 %, 2398 MHz, 40, 11.77 W
1788703469.172597137,0 %, 2398 MHz, 40, 11.77 W
1788703469.273001435,0 %, 2398 MHz, 40, 11.77 W
1788703469.373752231,0 %, 2398 MHz, 40, 11.76 W
1788703469.473901184,0 %, 2398 MHz, 40, 11.76 W
1788703469.574314826,0 %, 2398 MHz, 40, 11.76 W
1788703469.674400067,0 %, 2398 MHz, 40, 11.76 W
1788703469.775105183,0 %, 2398 MHz, 40, 11.76 W
1788703469.875466217,0 %, 2398 MHz, 40, 11.80 W
1788703469.975755027,0 %, 2398 MHz, 40, 11.80 W
1788703470.076110637,0 %, 2398 MHz, 40, 11.80 W
1788703470.176342774,0 %, 2398 MHz, 40, 11.80 W
1788703470.277070241,0 %, 2398 MHz, 40, 11.80 W
1788703470.377505196,0 %, 2398 MHz, 40, 11.81 W
1788703470.477819877,0 %, 2398 MHz, 40, 11.81 W
1788703470.577978222,0 %, 2398 MHz, 40, 11.81 W
1788703470.678295096,0 %, 2398 MHz, 40, 11.81 W
1788703470.778659746,0 %, 2398 MHz, 40, 11.81 W
1788703470.879336957,0 %, 2398 MHz, 40, 11.77 W
1788703470.979011380,0 %, 2398 MHz, 40, 11.77 W
1788703471.079667791,0 %, 2398 MHz, 40, 11.77 W
1788703471.179977208,0 %, 2398 MHz, 40, 11.77 W
1788703471.280360898,0 %, 2398 MHz, 40, 11.77 W
1788703471.380927740,0 %, 2398 MHz, 40, 11.75 W
1788703471.481564871,0 %, 2398 MHz, 40, 11.75 W
1788703471.581572479,0 %, 2398 MHz, 40, 11.75 W
1788703471.681929065,0 %, 2398 MHz, 40, 11.75 W
1788703471.782549843,0 %, 2398 MHz, 40, 11.75 W
1788703471.882464571,0 %, 2398 MHz, 40, 11.76 W
1788703471.982810245,0 %, 2398 MHz, 40, 11.76 W
1788703472.083500159,0 %, 2398 MHz, 40, 11.76 W
1788703472.183670248,0 %, 2398 MHz, 40, 11.76 W
1788703472.283988289,0 %, 2398 MHz, 40, 11.76 W
1788703472.384560491,0 %, 2398 MHz, 40, 11.79 W
1788703472.484928708,0 %, 2398 MHz, 40, 11.79 W
1788703472.585431230,0 %, 2398 MHz, 40, 11.79 W
1788703472.685753879,0 %, 2398 MHz, 40, 11.79 W
1788703472.786015984,0 %, 2398 MHz, 40, 11.79 W
1788703472.886387370,0 %, 2398 MHz, 40, 11.80 W
1788703472.986789299,0 %, 2398 MHz, 40, 11.80 W
1788703473.087454781,0 %, 2398 MHz, 40, 11.80 W
1788703473.187797334,0 %, 2398 MHz, 40, 11.80 W
1788703473.288129743,0 %, 2398 MHz, 40, 11.80 W
1788703473.388535224,0 %, 2398 MHz, 40, 11.81 W
1788703473.488738593,0 %, 2398 MHz, 40, 11.81 W
1788703473.589563468,0 %, 2398 MHz, 40, 11.81 W
1788703473.689807220,0 %, 2398 MHz, 40, 11.81 W
1788703473.789962476,0 %, 2398 MHz, 40, 11.81 W
1788703473.890319349,0 %, 2398 MHz, 40, 11.85 W
1788703473.990645598,0 %, 2398 MHz, 40, 11.85 W
1788703474.091326696,0 %, 2398 MHz, 40, 11.85 W
1788703474.191647713,0 %, 2398 MHz, 40, 11.85 W
1788703474.292015146,0 %, 2398 MHz, 40, 11.85 W
1788703474.391680623,0 %, 2398 MHz, 40, 11.85 W
1788703474.491881672,0 %, 2398 MHz, 40, 11.85 W
1788703474.591808286,0 %, 2398 MHz, 40, 11.85 W
1788703474.692217223,0 %, 2398 MHz, 40, 11.85 W
1788703474.792219135,0 %, 2398 MHz, 40, 11.85 W
1788703474.893370235,0 %, 2398 MHz, 40, 11.85 W
1788703474.993369602,0 %, 2398 MHz, 40, 11.85 W
1788703475.094263757,0 %, 2398 MHz, 40, 11.85 W
1788703475.194541317,0 %, 2398 MHz, 40, 11.85 W
1788703475.294551516,0 %, 2398 MHz, 40, 11.85 W
1788703475.395093237,0 %, 2398 MHz, 40, 11.85 W
1788703475.495214028,0 %, 2398 MHz, 40, 11.85 W
1788703475.595577445,0 %, 2398 MHz, 40, 11.85 W
1788703475.695837869,0 %, 2398 MHz, 40, 11.85 W
1788703475.797471482,0 %, 2398 MHz, 40, 11.85 W
1788703475.896852271,0 %, 2398 MHz, 40, 11.85 W
1788703475.997137047,0 %, 2398 MHz, 40, 11.85 W
1788703476.097331502,0 %, 2398 MHz, 40, 11.85 W
1788703476.197885143,0 %, 2398 MHz, 40, 11.85 W
1788703476.298390144,0 %, 2398 MHz, 40, 11.85 W
1788703476.398794024,0 %, 2398 MHz, 40, 11.82 W
1788703476.499087216,0 %, 2398 MHz, 40, 11.82 W
1788703476.599264312,0 %, 2398 MHz, 40, 11.82 W
1788703476.699437903,0 %, 2398 MHz, 40, 11.82 W
1788703476.799763927,0 %, 2398 MHz, 40, 11.82 W
1788703476.900477585,0 %, 2398 MHz, 40, 11.78 W
1788703477.000854169,0 %, 2398 MHz, 40, 11.78 W
1788703477.101188433,0 %, 2398 MHz, 40, 11.78 W
1788703477.201358888,0 %, 2398 MHz, 40, 11.78 W
1788703477.301763184,0 %, 2398 MHz, 40, 11.78 W
1788703477.402617002,0 %, 2398 MHz, 40, 11.77 W
1788703477.502965394,0 %, 2398 MHz, 40, 11.77 W
1788703477.603017256,0 %, 2398 MHz, 40, 11.77 W
1788703477.703504481,0 %, 2398 MHz, 40, 11.77 W
1788703477.803851017,0 %, 2398 MHz, 40, 11.77 W
1788703477.904441889,0 %, 2398 MHz, 40, 11.81 W
1788703478.004719801,0 %, 2398 MHz, 40, 11.81 W
1788703478.105087648,0 %, 2398 MHz, 40, 11.81 W
1788703478.205509320,0 %, 2398 MHz, 40, 11.81 W
1788703478.305641391,0 %, 2398 MHz, 40, 11.85 W
1788703478.406563609,0 %, 2398 MHz, 40, 11.85 W
1788703478.506895152,0 %, 2398 MHz, 40, 11.85 W
1788703478.607041239,0 %, 2398 MHz, 40, 11.85 W
1788703478.707560719,0 %, 2398 MHz, 40, 11.85 W
1788703478.808066648,0 %, 2398 MHz, 40, 11.85 W
1788703478.908416879,0 %, 2398 MHz, 40, 11.85 W
1788703479.008771191,0 %, 2398 MHz, 40, 11.85 W
1788703479.109110494,0 %, 2398 MHz, 40, 11.85 W
1788703479.209795655,0 %, 2398 MHz, 40, 11.85 W
1788703479.310103550,0 %, 2398 MHz, 40, 11.82 W
1788703479.410631446,0 %, 2398 MHz, 40, 11.82 W
1788703479.510851644,0 %, 2398 MHz, 40, 11.82 W
1788703479.611550789,0 %, 2398 MHz, 40, 11.82 W
1788703479.711510523,0 %, 2398 MHz, 40, 11.82 W
1788703479.811983602,0 %, 2398 MHz, 40, 11.82 W
1788703479.912300506,0 %, 2398 MHz, 40, 11.82 W
1788703480.012576769,0 %, 2398 MHz, 40, 11.82 W
1788703480.112951528,0 %, 2398 MHz, 40, 11.82 W
1788703480.213212606,0 %, 2398 MHz, 40, 11.82 W
1788703480.313368469,0 %, 2398 MHz, 40, 11.82 W
1788703480.413761836,0 %, 2398 MHz, 40, 11.82 W
1788703480.513953522,0 %, 2398 MHz, 40, 11.82 W
1788703480.613945800,0 %, 2398 MHz, 40, 11.82 W
1788703480.714209070,0 %, 2398 MHz, 40, 11.82 W
1788703480.814419781,0 %, 2398 MHz, 40, 11.81 W
1788703480.914574859,0 %, 2398 MHz, 40, 11.81 W
1788703481.015074610,0 %, 2398 MHz, 40, 11.81 W
1788703481.114957623,0 %, 2398 MHz, 40, 11.81 W
1788703481.215328366,0 %, 2398 MHz, 40, 11.81 W
1788703481.314821105,0 %, 2398 MHz, 40, 11.77 W
1788703481.415397241,0 %, 2398 MHz, 40, 11.77 W
1788703481.515139597,0 %, 2398 MHz, 40, 11.77 W
1788703481.616538696,0 %, 2398 MHz, 40, 11.77 W
1788703481.716506909,0 %, 2398 MHz, 40, 11.77 W
1788703481.817046885,0 %, 2398 MHz, 40, 11.75 W
1788703481.917394843,0 %, 2398 MHz, 40, 11.75 W
1788703482.017762786,0 %, 2398 MHz, 40, 11.75 W
1788703482.117970472,0 %, 2398 MHz, 40, 11.75 W
1788703482.218467215,0 %, 2398 MHz, 40, 11.75 W
1788703482.318630101,0 %, 2398 MHz, 40, 11.74 W
1788703482.419168236,0 %, 2398 MHz, 40, 11.74 W
1788703482.519146513,0 %, 2398 MHz, 40, 11.74 W
1788703482.619321527,0 %, 2398 MHz, 40, 11.74 W
1788703482.719491820,0 %, 2398 MHz, 40, 11.74 W
1788703482.819853539,0 %, 2398 MHz, 40, 11.76 W
1788703482.920023273,0 %, 2398 MHz, 40, 11.76 W
1788703483.019938125,0 %, 2398 MHz, 40, 11.76 W
1788703483.120519460,0 %, 2398 MHz, 40, 11.76 W
1788703483.220478425,0 %, 2398 MHz, 40, 11.76 W
1788703483.320872767,0 %, 2398 MHz, 40, 11.78 W
1788703483.421433894,0 %, 2398 MHz, 40, 11.78 W
1788703483.521937725,0 %, 2398 MHz, 40, 11.78 W
1788703483.622249395,0 %, 2398 MHz, 40, 11.78 W
1788703483.722616537,0 %, 2398 MHz, 40, 11.78 W
1788703483.822926575,0 %, 2398 MHz, 40, 11.78 W
1788703483.923065877,0 %, 2398 MHz, 40, 11.78 W
1788703484.023366027,0 %, 2398 MHz, 40, 11.78 W
1788703484.124109410,0 %, 2398 MHz, 40, 11.78 W
1788703484.224407048,0 %, 2398 MHz, 40, 11.78 W
1788703484.324810014,0 %, 2398 MHz, 40, 11.76 W
1788703484.425305748,0 %, 2398 MHz, 40, 11.76 W
1788703484.525279065,0 %, 2398 MHz, 40, 11.76 W
1788703484.625422174,0 %, 2398 MHz, 40, 11.76 W
1788703484.726138341,0 %, 2398 MHz, 40, 11.76 W
1788703484.826655100,0 %, 2398 MHz, 40, 11.74 W
1788703484.927049634,0 %, 2398 MHz, 40, 11.74 W
1788703485.027190471,0 %, 2398 MHz, 40, 11.74 W
1788703485.127578332,0 %, 2398 MHz, 40, 11.74 W
1788703485.228281635,0 %, 2398 MHz, 40, 11.74 W
1788703485.328419960,0 %, 2398 MHz, 40, 11.74 W
1788703485.428962703,0 %, 2398 MHz, 40, 11.74 W
1788703485.529114435,0 %, 2398 MHz, 40, 11.74 W
1788703485.629996683,0 %, 2398 MHz, 40, 11.74 W
1788703485.730160944,0 %, 2398 MHz, 40, 11.74 W
1788703485.830401749,0 %, 2398 MHz, 40, 11.75 W
1788703485.930945436,0 %, 2398 MHz, 40, 11.75 W
1788703486.031127792,0 %, 2398 MHz, 40, 11.75 W
1788703486.131288965,0 %, 2398 MHz, 40, 11.75 W
1788703486.232023628,0 %, 2398 MHz, 40, 11.75 W
1788703486.332313009,0 %, 2398 MHz, 40, 11.73 W
1788703486.432914167,0 %, 2398 MHz, 40, 11.73 W
1788703486.532983676,0 %, 2398 MHz, 40, 11.73 W
1788703486.633237264,0 %, 2398 MHz, 40, 11.73 W
1788703486.734311929,0 %, 2398 MHz, 40, 11.73 W
1788703486.834458477,0 %, 2398 MHz, 40, 11.74 W
1788703486.934456241,0 %, 2398 MHz, 40, 11.74 W
1788703487.033817762,0 %, 2398 MHz, 40, 11.74 W
1788703487.134025575,0 %, 2398 MHz, 40, 11.74 W
1788703487.234055003,0 %, 2398 MHz, 40, 11.74 W
1788703487.335453172,0 %, 2398 MHz, 40, 11.78 W
1788703487.435577096,0 %, 2398 MHz, 40, 11.78 W
1788703487.536005294,0 %, 2398 MHz, 40, 11.78 W
1788703487.636313570,0 %, 2398 MHz, 40, 11.78 W
1788703487.737051481,0 %, 2398 MHz, 40, 11.78 W
1788703487.837312398,0 %, 2398 MHz, 40, 11.76 W
1788703487.937666131,0 %, 2398 MHz, 40, 11.76 W
1788703488.037834391,0 %, 2398 MHz, 40, 11.76 W
1788703488.138722974,0 %, 2398 MHz, 40, 11.76 W
1788703488.239052499,0 %, 2398 MHz, 40, 11.76 W
1788703488.339388343,0 %, 2398 MHz, 40, 11.72 W
1788703488.439760044,0 %, 2398 MHz, 40, 11.72 W
1788703488.540399202,0 %, 2398 MHz, 40, 11.72 W
1788703488.640685703,0 %, 2398 MHz, 40, 11.72 W
1788703488.741062796,0 %, 2398 MHz, 40, 11.72 W
1788703488.841543665,0 %, 2398 MHz, 40, 11.74 W
1788703488.941387348,0 %, 2398 MHz, 40, 11.74 W
1788703489.041733800,0 %, 2398 MHz, 40, 11.74 W
1788703489.142621599,0 %, 2398 MHz, 40, 11.74 W
1788703489.242819363,0 %, 2398 MHz, 40, 11.74 W
1788703489.343118039,0 %, 2398 MHz, 40, 11.75 W
1788703489.443285371,0 %, 2398 MHz, 40, 11.75 W
1788703489.543870656,0 %, 2398 MHz, 40, 11.75 W
1788703489.644499718,0 %, 2398 MHz, 40, 11.75 W
1788703489.744827531,0 %, 2398 MHz, 40, 11.75 W
1788703489.845197567,0 %, 2398 MHz, 40, 11.77 W
1788703489.945327779,0 %, 2398 MHz, 40, 11.77 W
1788703490.046254729,0 %, 2398 MHz, 40, 11.77 W
1788703490.146555518,0 %, 2398 MHz, 40, 11.77 W
1788703490.246905506,0 %, 2398 MHz, 40, 11.77 W
1788703490.347227126,0 %, 2398 MHz, 40, 11.77 W
1788703490.447390617,0 %, 2398 MHz, 40, 11.77 W
1788703490.548276288,0 %, 2398 MHz, 40, 11.77 W
1788703490.648583876,0 %, 2398 MHz, 40, 11.77 W
1788703490.748981512,0 %, 2398 MHz, 40, 11.77 W
1788703490.849330268,0 %, 2398 MHz, 40, 11.76 W
1788703490.949836177,0 %, 2398 MHz, 40, 11.76 W
1788703491.050166277,0 %, 2398 MHz, 40, 11.76 W
1788703491.150782218,0 %, 2398 MHz, 40, 11.76 W
1788703491.251024078,0 %, 2398 MHz, 40, 11.76 W
1788703491.351749411,0 %, 2398 MHz, 40, 11.77 W
1788703491.451898487,0 %, 2398 MHz, 40, 11.77 W
1788703491.552391787,0 %, 2398 MHz, 40, 11.77 W
1788703491.652784239,0 %, 2398 MHz, 40, 11.77 W
1788703491.753459236,0 %, 2398 MHz, 40, 11.77 W
1788703491.853618312,0 %, 2398 MHz, 40, 11.74 W
1788703491.954196973,0 %, 2398 MHz, 40, 11.74 W
1788703492.054359744,0 %, 2398 MHz, 40, 11.74 W
1788703492.155231509,0 %, 2398 MHz, 40, 11.74 W
1788703492.255566441,0 %, 2398 MHz, 40, 11.74 W
1788703492.355879677,0 %, 2398 MHz, 40, 11.72 W
1788703492.456038656,0 %, 2398 MHz, 40, 11.72 W
1788703492.556973078,0 %, 2398 MHz, 40, 11.72 W
1788703492.657264857,0 %, 2398 MHz, 40, 11.72 W
1788703492.757760237,0 %, 2398 MHz, 40, 11.72 W
1788703492.858099393,0 %, 2398 MHz, 40, 11.74 W
1788703492.958892646,0 %, 2398 MHz, 40, 11.74 W
1788703493.059029273,0 %, 2398 MHz, 40, 11.74 W
1788703493.159322988,0 %, 2398 MHz, 40, 11.74 W
1788703493.259666480,0 %, 2398 MHz, 40, 11.74 W
1788703493.360034675,0 %, 2398 MHz, 40, 11.76 W
1788703493.460508007,0 %, 2398 MHz, 40, 11.76 W
1788703493.561044875,0 %, 2398 MHz, 40, 11.76 W
1788703493.661557311,0 %, 2398 MHz, 40, 11.76 W
1788703493.761583794,0 %, 2398 MHz, 40, 11.76 W
1788703493.861457811,0 %, 2398 MHz, 40, 11.77 W
1788703493.962433241,0 %, 2398 MHz, 40, 11.77 W
1788703494.062771964,0 %, 2398 MHz, 40, 11.77 W
1788703494.163291168,0 %, 2398 MHz, 40, 11.77 W
1788703494.263526355,0 %, 2398 MHz, 40, 11.77 W
1788703494.363923510,0 %, 2398 MHz, 40, 11.77 W
1788703494.464418906,0 %, 2398 MHz, 40, 11.77 W
1788703494.564789133,0 %, 2398 MHz, 40, 11.77 W
1788703494.665069568,0 %, 2398 MHz, 40, 11.77 W
1788703494.765440531,0 %, 2398 MHz, 40, 11.77 W
1788703494.865621894,0 %, 2398 MHz, 40, 11.76 W
1788703494.965824776,0 %, 2398 MHz, 40, 11.76 W
1788703495.066044395,0 %, 2398 MHz, 40, 11.76 W
1788703495.167013184,0 %, 2398 MHz, 40, 11.76 W
1788703495.267513379,0 %, 2398 MHz, 40, 11.76 W
1788703495.367734886,0 %, 2398 MHz, 40, 11.73 W
1788703495.468225609,0 %, 2398 MHz, 40, 11.73 W
1788703495.568727533,0 %, 2398 MHz, 40, 11.73 W
1788703495.669055535,0 %, 2398 MHz, 40, 11.73 W
1788703495.769446435,0 %, 2398 MHz, 40, 11.73 W
1788703495.869596661,0 %, 2398 MHz, 40, 11.71 W
1788703495.969753207,0 %, 2398 MHz, 40, 11.71 W
1788703496.070499323,0 %, 2398 MHz, 40, 11.71 W
1788703496.170796301,0 %, 2398 MHz, 40, 11.71 W
1788703496.271303249,0 %, 2398 MHz, 40, 11.71 W
1788703496.371641043,0 %, 2398 MHz, 40, 11.74 W
1788703496.472140438,0 %, 2398 MHz, 40, 11.74 W
1788703496.572494905,0 %, 2398 MHz, 40, 11.74 W
1788703496.673063644,0 %, 2398 MHz, 40, 11.74 W
1788703496.773710080,0 %, 2398 MHz, 40, 11.74 W
1788703496.873561297,0 %, 2398 MHz, 40, 11.78 W
1788703496.974084644,0 %, 2398 MHz, 40, 11.78 W
1788703497.074443815,0 %, 2398 MHz, 40, 11.78 W
1788703497.174789689,0 %, 2398 MHz, 40, 11.78 W
1788703497.275424652,0 %, 2398 MHz, 40, 11.78 W
1788703497.376004672,0 %, 2398 MHz, 40, 11.79 W
1788703497.476131361,0 %, 2398 MHz, 40, 11.79 W
1788703497.576465939,0 %, 2398 MHz, 40, 11.79 W
1788703497.676867222,0 %, 2398 MHz, 40, 11.79 W
1788703497.777744042,0 %, 2398 MHz, 40, 11.79 W
1788703497.877866652,0 %, 2398 MHz, 40, 11.76 W
1788703497.978163694,0 %, 2398 MHz, 40, 11.76 W
1788703498.078343983,0 %, 2398 MHz, 40, 11.76 W
1788703498.178911666,0 %, 2398 MHz, 40, 11.76 W
1788703498.279093332,0 %, 2398 MHz, 40, 11.76 W
1788703498.379775559,0 %, 2398 MHz, 40, 11.76 W
1788703498.480084441,0 %, 2398 MHz, 40, 11.76 W
1788703498.580637772,0 %, 2398 MHz, 40, 11.76 W
1788703498.680792925,0 %, 2398 MHz, 40, 11.76 W
1788703498.781670449,0 %, 2398 MHz, 40, 11.76 W
1788703498.882024260,0 %, 2398 MHz, 40, 11.76 W
1788703498.981624563,0 %, 2398 MHz, 40, 11.76 W
1788703499.082369814,0 %, 2398 MHz, 40, 11.76 W
1788703499.182709608,0 %, 2398 MHz, 40, 11.76 W
1788703499.283575308,0 %, 2398 MHz, 40, 11.76 W
1788703499.383759149,0 %, 2398 MHz, 40, 11.77 W
1788703499.483920590,0 %, 2398 MHz, 40, 11.77 W
1788703499.584234687,0 %, 2398 MHz, 40, 11.77 W
1788703499.684573041,0 %, 2398 MHz, 40, 11.77 W
1788703499.784917779,0 %, 2398 MHz, 40, 11.77 W
1788703499.885445861,0 %, 2398 MHz, 40, 11.78 W
1788703499.985295029,0 %, 2398 MHz, 40, 11.78 W
1788703500.086185401,0 %, 2398 MHz, 40, 11.78 W
1788703500.186508842,0 %, 2398 MHz, 40, 11.78 W
1788703500.286647067,0 %, 2398 MHz, 40, 11.78 W
1788703500.386184185,0 %, 2398 MHz, 40, 11.78 W
1788703500.487072733,0 %, 2398 MHz, 40, 11.78 W
1788703500.587320590,0 %, 2398 MHz, 40, 11.78 W
1788703500.688223026,0 %, 2398 MHz, 40, 11.78 W
1788703500.788570531,0 %, 2398 MHz, 40, 11.78 W
1788703500.888903653,0 %, 2398 MHz, 40, 11.81 W
1788703500.989081542,0 %, 2398 MHz, 40, 11.81 W
1788703501.089353127,0 %, 2398 MHz, 40, 11.81 W
1788703501.190086218,0 %, 2398 MHz, 40, 11.81 W
1788703501.290600540,0 %, 2398 MHz, 40, 11.81 W
1788703501.391009293,0 %, 2398 MHz, 40, 11.82 W
1788703501.491117069,0 %, 2398 MHz, 40, 11.82 W
1788703501.592015457,0 %, 2398 MHz, 40, 11.82 W
1788703501.691117501,0 %, 2398 MHz, 40, 11.82 W
1788703501.791585439,0 %, 2398 MHz, 40, 11.82 W
1788703501.892470402,0 %, 2398 MHz, 40, 11.81 W
1788703501.991783535,0 %, 2398 MHz, 40, 11.81 W
1788703502.092965092,0 %, 2398 MHz, 40, 11.81 W
1788703502.193475685,0 %, 2398 MHz, 40, 11.81 W
1788703502.294165752,0 %, 2398 MHz, 40, 11.81 W
1788703502.394525305,0 %, 2398 MHz, 40, 11.82 W
1788703502.494643097,0 %, 2398 MHz, 40, 11.82 W
1788703502.595045018,0 %, 2398 MHz, 40, 11.82 W
1788703502.695311627,0 %, 2398 MHz, 40, 11.82 W
1788703502.796211774,0 %, 2398 MHz, 40, 11.82 W
1788703502.896681519,0 %, 2398 MHz, 40, 11.83 W
1788703502.996717151,0 %, 2398 MHz, 40, 11.83 W
1788703503.097259409,0 %, 2398 MHz, 40, 11.83 W
1788703503.197957171,0 %, 2398 MHz, 40, 11.83 W
1788703503.298061698,0 %, 2398 MHz, 40, 11.83 W
1788703503.398649652,0 %, 2398 MHz, 40, 11.82 W
1788703503.498804980,0 %, 2398 MHz, 40, 11.82 W
1788703503.599660151,0 %, 2398 MHz, 40, 11.82 W
1788703503.699923447,0 %, 2398 MHz, 40, 11.82 W
1788703503.800122631,0 %, 2398 MHz, 40, 11.82 W
1788703503.900399688,0 %, 2398 MHz, 40, 11.79 W
1788703504.000913113,0 %, 2398 MHz, 40, 11.79 W
1788703504.101460202,0 %, 2398 MHz, 40, 11.79 W
1788703504.201628490,0 %, 2398 MHz, 40, 11.79 W
1788703504.302106427,0 %, 2398 MHz, 40, 11.79 W
1788703504.402488876,0 %, 2398 MHz, 40, 11.78 W
1788703504.502813804,0 %, 2398 MHz, 40, 11.78 W
1788703504.603360829,0 %, 2398 MHz, 40, 11.78 W
1788703504.703725054,0 %, 2398 MHz, 40, 11.78 W
1788703504.804024510,0 %, 2398 MHz, 40, 11.78 W
1788703504.904328206,0 %, 2398 MHz, 40, 11.77 W
1788703505.004685343,0 %, 2398 MHz, 40, 11.77 W
1788703505.105674274,0 %, 2398 MHz, 40, 11.77 W
1788703505.205737713,0 %, 2398 MHz, 40, 11.77 W
1788703505.305902080,0 %, 2398 MHz, 40, 11.77 W
1788703505.406436977,0 %, 2398 MHz, 40, 11.79 W
1788703505.506577120,0 %, 2398 MHz, 40, 11.79 W
1788703505.607459539,0 %, 2398 MHz, 40, 11.79 W
1788703505.707676482,0 %, 2398 MHz, 40, 11.79 W
1788703505.807871778,0 %, 2398 MHz, 40, 11.79 W
1788703505.908357155,0 %, 2398 MHz, 40, 11.83 W
1788703506.008685971,0 %, 2398 MHz, 40, 11.83 W
1788703506.109247764,0 %, 2398 MHz, 40, 11.83 W
1788703506.209553619,0 %, 2398 MHz, 40, 11.83 W
1788703506.309946931,0 %, 2398 MHz, 40, 11.83 W
1788703506.410465108,0 %, 2398 MHz, 40, 11.83 W
1788703506.511129541,0 %, 2398 MHz, 40, 11.83 W
1788703506.611435301,0 %, 2398 MHz, 40, 11.83 W
1788703506.711593092,0 %, 2398 MHz, 40, 11.83 W
1788703506.812135717,0 %, 2398 MHz, 40, 11.83 W
1788703506.912882774,0 %, 2398 MHz, 40, 11.83 W
1788703507.013016053,0 %, 2398 MHz, 40, 11.83 W
1788703507.113503654,0 %, 2398 MHz, 40, 11.83 W
1788703507.213875669,0 %, 2398 MHz, 40, 11.83 W
1788703507.313988788,0 %, 2398 MHz, 40, 11.86 W
1788703507.414929942,0 %, 2398 MHz, 40, 11.86 W
1788703507.515036277,0 %, 2398 MHz, 40, 11.86 W
1788703507.615354276,0 %, 2398 MHz, 40, 11.86 W
1788703507.715708868,0 %, 2398 MHz, 40, 11.86 W
1788703507.816687414,0 %, 2398 MHz, 40, 11.85 W
1788703507.916790293,0 %, 2398 MHz, 40, 11.85 W
1788703508.017427718,0 %, 2398 MHz, 40, 11.85 W
1788703508.117339059,0 %, 2398 MHz, 40, 11.85 W
1788703508.217613394,0 %, 2398 MHz, 40, 11.85 W
1788703508.318517108,0 %, 2398 MHz, 40, 11.85 W
1788703508.418885795,0 %, 2398 MHz, 40, 11.85 W
1788703508.519182003,0 %, 2398 MHz, 40, 11.85 W
1788703508.619524162,0 %, 2398 MHz, 40, 11.85 W
1788703508.720235587,0 %, 2398 MHz, 40, 11.85 W
1788703508.820510786,0 %, 2398 MHz, 40, 11.84 W
1788703508.920837521,0 %, 2398 MHz, 40, 11.84 W
1788703509.021017520,0 %, 2398 MHz, 40, 11.84 W
1788703509.121304239,0 %, 2398 MHz, 40, 11.84 W
1788703509.222037568,0 %, 2398 MHz, 40, 11.84 W
1788703509.322321966,0 %, 2398 MHz, 40, 11.79 W
1788703509.422726334,0 %, 2398 MHz, 40, 11.79 W
1788703509.522862140,0 %, 2398 MHz, 40, 11.79 W
1788703509.623387548,0 %, 2398 MHz, 40, 11.79 W
1788703509.723514762,0 %, 2398 MHz, 40, 11.79 W
1788703509.824532732,0 %, 2398 MHz, 40, 11.79 W
1788703509.924529226,0 %, 2398 MHz, 40, 11.79 W
1788703510.024778200,0 %, 2398 MHz, 40, 11.79 W
1788703510.124905670,0 %, 2398 MHz, 40, 11.79 W
1788703510.225477270,0 %, 2398 MHz, 40, 11.79 W
1788703510.325618660,0 %, 2398 MHz, 40, 11.84 W
1788703510.426012259,0 %, 2398 MHz, 40, 11.84 W
1788703510.526684227,0 %, 2398 MHz, 40, 11.84 W
1788703510.626641089,0 %, 2398 MHz, 40, 11.84 W
1788703510.727176400,0 %, 2398 MHz, 40, 11.84 W
1788703510.827534591,0 %, 2398 MHz, 40, 11.84 W
1788703510.927877470,0 %, 2398 MHz, 40, 11.84 W
1788703511.028376157,0 %, 2398 MHz, 40, 11.84 W
1788703511.128709612,0 %, 2398 MHz, 40, 11.84 W
1788703511.229036891,0 %, 2398 MHz, 40, 11.84 W
1788703511.329369897,0 %, 2398 MHz, 40, 11.81 W
1788703511.429942569,0 %, 2398 MHz, 40, 11.81 W
1788703511.530404008,0 %, 2398 MHz, 40, 11.81 W
1788703511.630727558,0 %, 2398 MHz, 40, 11.81 W
1788703511.731077525,0 %, 2398 MHz, 40, 11.81 W
1788703511.831508676,0 %, 2398 MHz, 40, 11.82 W
1788703511.931476033,0 %, 2398 MHz, 40, 11.82 W
1788703512.031843455,0 %, 2398 MHz, 40, 11.82 W
1788703512.132544463,0 %, 2398 MHz, 40, 11.82 W
1788703512.233061518,0 %, 2398 MHz, 40, 11.82 W
1788703512.333413405,0 %, 2398 MHz, 40, 11.83 W
1788703512.433811819,0 %, 2398 MHz, 40, 11.83 W
1788703512.534434987,0 %, 2398 MHz, 40, 11.83 W
1788703512.634592248,0 %, 2398 MHz, 40, 11.83 W
1788703512.735148615,0 %, 2398 MHz, 40, 11.83 W
1788703512.835480278,0 %, 2398 MHz, 40, 11.80 W
1788703512.936176517,0 %, 2398 MHz, 40, 11.80 W
1788703513.036326099,0 %, 2398 MHz, 40, 11.80 W
1788703513.136501184,0 %, 2398 MHz, 40, 11.80 W
1788703513.237024415,0 %, 2398 MHz, 40, 11.80 W
1788703513.337187692,0 %, 2398 MHz, 40, 11.80 W
1788703513.437554970,0 %, 2398 MHz, 40, 11.80 W
1788703513.538111913,0 %, 2398 MHz, 40, 11.80 W
1788703513.638760969,0 %, 2398 MHz, 40, 11.80 W
1788703513.738746789,0 %, 2398 MHz, 40, 11.80 W
1788703513.839446981,0 %, 2398 MHz, 40, 11.80 W
1788703513.939504418,0 %, 2398 MHz, 40, 11.80 W
1788703514.040070065,0 %, 2398 MHz, 40, 11.80 W
1788703514.140347022,0 %, 2398 MHz, 40, 11.80 W
1788703514.240719404,0 %, 2398 MHz, 40, 11.80 W
1788703514.340908713,0 %, 2398 MHz, 40, 11.78 W
1788703514.441461512,0 %, 2398 MHz, 40, 11.78 W
1788703514.541413460,0 %, 2398 MHz, 40, 11.78 W
1788703514.641728002,0 %, 2398 MHz, 40, 11.78 W
1788703514.742758834,0 %, 2398 MHz, 40, 11.78 W
1788703514.843023168,0 %, 2398 MHz, 40, 11.79 W
1788703514.943161693,0 %, 2398 MHz, 40, 11.79 W
1788703515.043668571,0 %, 2398 MHz, 40, 11.79 W
1788703515.144162825,0 %, 2398 MHz, 40, 11.79 W
1788703515.244491191,0 %, 2398 MHz, 40, 11.79 W
1788703515.344863604,0 %, 2398 MHz, 40, 11.79 W
1788703515.445379971,0 %, 2398 MHz, 40, 11.79 W
1788703515.545556736,0 %, 2398 MHz, 40, 11.79 W
1788703515.646078942,0 %, 2398 MHz, 40, 11.79 W
1788703515.746823661,0 %, 2398 MHz, 40, 11.79 W
1788703515.846781705,0 %, 2398 MHz, 40, 11.78 W
1788703515.946953062,0 %, 2398 MHz, 40, 11.78 W
1788703516.047481844,0 %, 2398 MHz, 40, 11.78 W
1788703516.147972194,0 %, 2398 MHz, 40, 11.78 W
1788703516.248477760,0 %, 2398 MHz, 40, 11.78 W
1788703516.348852253,0 %, 2398 MHz, 40, 11.82 W
1788703516.449207226,0 %, 2398 MHz, 40, 11.82 W
1788703516.549313863,0 %, 2398 MHz, 40, 11.82 W
1788703516.650042086,0 %, 2398 MHz, 40, 11.82 W
1788703516.750348083,0 %, 2398 MHz, 40, 11.82 W
1788703516.850779472,0 %, 2398 MHz, 40, 11.84 W
1788703516.951375135,0 %, 2398 MHz, 40, 11.84 W
1788703517.051345882,0 %, 2398 MHz, 40, 11.84 W
1788703517.151993753,0 %, 2398 MHz, 40, 11.84 W
1788703517.252445654,0 %, 2398 MHz, 40, 11.84 W
1788703517.352881043,0 %, 2398 MHz, 40, 11.82 W
1788703517.452370893,0 %, 2398 MHz, 40, 11.82 W
1788703517.552365241,0 %, 2398 MHz, 40, 11.82 W
1788703517.652626213,0 %, 2398 MHz, 40, 11.82 W
1788703517.753400196,0 %, 2398 MHz, 40, 11.82 W
1788703517.853976306,0 %, 2398 MHz, 40, 11.87 W
1788703517.954462352,0 %, 2398 MHz, 40, 11.87 W
1788703518.054760540,0 %, 2398 MHz, 40, 11.87 W
1788703518.155092425,0 %, 2398 MHz, 40, 11.87 W
1788703518.255612903,0 %, 2398 MHz, 40, 11.87 W
1788703518.356136084,0 %, 2398 MHz, 40, 11.91 W
1788703518.456482161,0 %, 2398 MHz, 40, 11.91 W
1788703518.556811453,0 %, 2398 MHz, 40, 11.91 W
1788703518.656667768,0 %, 2398 MHz, 40, 11.91 W
1788703518.756634276,0 %, 2398 MHz, 40, 11.91 W
1788703518.857115233,0 %, 2398 MHz, 40, 11.87 W
1788703518.957346525,0 %, 2398 MHz, 40, 11.87 W
1788703519.058097020,0 %, 2398 MHz, 40, 11.87 W
1788703519.158588041,0 %, 2398 MHz, 40, 11.87 W
1788703519.258974053,0 %, 2398 MHz, 40, 11.87 W
1788703519.359235409,0 %, 2398 MHz, 40, 11.85 W
1788703519.459629502,0 %, 2398 MHz, 40, 11.85 W
1788703519.560051915,0 %, 2398 MHz, 40, 11.85 W
1788703519.660474552,0 %, 2398 MHz, 40, 11.85 W
1788703519.760288738,0 %, 2398 MHz, 40, 11.85 W
1788703519.861060624,0 %, 2398 MHz, 40, 11.84 W
1788703519.961530109,0 %, 2398 MHz, 40, 11.84 W
1788703520.061911290,0 %, 2398 MHz, 40, 11.84 W
1788703520.162027605,0 %, 2398 MHz, 40, 11.84 W
1788703520.262233489,0 %, 2398 MHz, 40, 11.84 W
1788703520.362957375,0 %, 2398 MHz, 40, 11.80 W
1788703520.463260347,0 %, 2398 MHz, 40, 11.80 W
1788703520.563453798,0 %, 2398 MHz, 40, 11.80 W
1788703520.663818067,0 %, 2398 MHz, 40, 11.80 W
1788703520.764373664,0 %, 2398 MHz, 40, 11.80 W
1788703520.864347083,0 %, 2398 MHz, 40, 11.79 W
1788703520.965098841,0 %, 2398 MHz, 40, 11.79 W
1788703521.065392308,0 %, 2398 MHz, 40, 11.79 W
1788703521.165764641,0 %, 2398 MHz, 40, 11.79 W
1788703521.266057116,0 %, 2398 MHz, 40, 11.79 W
1788703521.366256552,0 %, 2398 MHz, 40, 11.81 W
1788703521.467212198,0 %, 2398 MHz, 40, 11.81 W
1788703521.567308241,0 %, 2398 MHz, 40, 11.81 W
1788703521.667466412,0 %, 2398 MHz, 40, 11.81 W
1788703521.767869833,0 %, 2398 MHz, 40, 11.81 W
1788703521.867618434,0 %, 2398 MHz, 40, 11.79 W
1788703521.967817550,0 %, 2398 MHz, 40, 11.79 W
1788703522.067972153,0 %, 2398 MHz, 40, 11.79 W
1788703522.168338517,0 %, 2398 MHz, 40, 11.79 W
1788703522.268978065,0 %, 2398 MHz, 40, 11.79 W
1788703522.369631567,0 %, 2398 MHz, 40, 11.78 W
1788703522.469987610,0 %, 2398 MHz, 40, 11.78 W
1788703522.570550743,0 %, 2398 MHz, 40, 11.78 W
1788703522.670672466,0 %, 2398 MHz, 40, 11.78 W
1788703522.771344335,0 %, 2398 MHz, 40, 11.78 W
1788703522.871717179,0 %, 2398 MHz, 40, 11.79 W
1788703522.972033190,0 %, 2398 MHz, 40, 11.79 W
1788703523.072377218,0 %, 2398 MHz, 40, 11.79 W
1788703523.172680301,0 %, 2398 MHz, 40, 11.79 W
1788703523.273418010,0 %, 2398 MHz, 40, 11.79 W
1788703523.373627909,0 %, 2398 MHz, 40, 11.81 W
1788703523.473905152,0 %, 2398 MHz, 40, 11.81 W
1788703523.574278716,0 %, 2398 MHz, 40, 11.81 W
1788703523.674581271,0 %, 2398 MHz, 40, 11.81 W
1788703523.775329236,0 %, 2398 MHz, 40, 11.81 W
1788703523.875631776,0 %, 2398 MHz, 40, 11.82 W
1788703523.975995979,0 %, 2398 MHz, 40, 11.82 W
1788703524.076311174,0 %, 2398 MHz, 40, 11.82 W
1788703524.177069331,0 %, 2398 MHz, 40, 11.82 W
1788703524.277595695,0 %, 2398 MHz, 40, 11.82 W
1788703524.377717337,0 %, 2398 MHz, 40, 11.80 W
1788703524.478089909,0 %, 2398 MHz, 40, 11.80 W
1788703524.578781761,0 %, 2398 MHz, 40, 11.80 W
1788703524.679092140,0 %, 2398 MHz, 40, 11.80 W
1788703524.779388008,0 %, 2398 MHz, 40, 11.80 W
1788703524.879760627,0 %, 2398 MHz, 40, 11.79 W
1788703524.980074046,0 %, 2398 MHz, 40, 11.79 W
1788703525.080245992,0 %, 2398 MHz, 40, 11.79 W
1788703525.180968197,0 %, 2398 MHz, 40, 11.79 W
1788703525.281293632,0 %, 2398 MHz, 40, 11.79 W
1788703525.381492522,0 %, 2398 MHz, 40, 11.80 W
1788703525.481846517,0 %, 2398 MHz, 40, 11.80 W
1788703525.582185232,0 %, 2398 MHz, 40, 11.80 W
1788703525.682906796,0 %, 2398 MHz, 40, 11.80 W
1788703525.783645945,0 %, 2398 MHz, 40, 11.80 W
1788703525.883420994,0 %, 2398 MHz, 40, 11.80 W
1788703525.983763453,0 %, 2398 MHz, 40, 11.80 W
1788703526.084127799,0 %, 2398 MHz, 40, 11.80 W
1788703526.184298786,0 %, 2398 MHz, 40, 11.80 W
1788703526.285037918,0 %, 2398 MHz, 40, 11.80 W
1788703526.385336520,0 %, 2398 MHz, 40, 11.78 W
1788703526.485521394,0 %, 2398 MHz, 40, 11.78 W
1788703526.585900701,0 %, 2398 MHz, 40, 11.78 W
1788703526.686869642,0 %, 2398 MHz, 40, 11.78 W
1788703526.786938260,0 %, 2398 MHz, 40, 11.78 W
1788703526.887427583,0 %, 2398 MHz, 40, 11.75 W
1788703526.987031799,0 %, 2398 MHz, 40, 11.75 W
1788703527.087806819,0 %, 2398 MHz, 40, 11.75 W
1788703527.188317102,0 %, 2398 MHz, 40, 11.75 W
1788703527.288846714,0 %, 2398 MHz, 40, 11.75 W
1788703527.389191316,0 %, 2398 MHz, 40, 11.73 W
1788703527.489426590,0 %, 2398 MHz, 40, 11.73 W
1788703527.589770313,0 %, 2398 MHz, 40, 11.73 W
1788703527.690116035,0 %, 2398 MHz, 40, 11.73 W
1788703527.790831519,0 %, 2398 MHz, 40, 11.73 W
1788703527.891142553,0 %, 2398 MHz, 40, 11.70 W
1788703527.991745157,0 %, 2398 MHz, 40, 11.70 W
1788703528.091874526,0 %, 2398 MHz, 40, 11.70 W
1788703528.192562586,0 %, 2398 MHz, 40, 11.70 W
1788703528.292929092,0 %, 2398 MHz, 40, 11.70 W
1788703528.393250430,0 %, 2398 MHz, 40, 11.72 W
1788703528.493563320,0 %, 2398 MHz, 40, 11.72 W
1788703528.594316388,0 %, 2398 MHz, 40, 11.72 W
1788703528.694750495,0 %, 2398 MHz, 40, 11.72 W
1788703528.794882728,0 %, 2398 MHz, 40, 11.72 W
1788703528.895421107,0 %, 2398 MHz, 40, 11.75 W
1788703528.996193231,0 %, 2398 MHz, 40, 11.75 W
1788703529.096454504,0 %, 2398 MHz, 40, 11.75 W
1788703529.196589042,0 %, 2398 MHz, 40, 11.75 W
1788703529.296967692,0 %, 2398 MHz, 40, 11.75 W
1788703529.397549447,0 %, 2398 MHz, 40, 11.77 W
1788703529.497985937,0 %, 2398 MHz, 40, 11.77 W
1788703529.598322523,0 %, 2398 MHz, 40, 11.77 W
1788703529.698660821,0 %, 2398 MHz, 40, 11.77 W
1788703529.798944606,0 %, 2398 MHz, 40, 11.77 W
1788703529.899280424,0 %, 2398 MHz, 40, 11.82 W
1788703530.000001588,0 %, 2398 MHz, 40, 11.82 W
1788703530.100295309,0 %, 2398 MHz, 40, 11.82 W
1788703530.200495382,0 %, 2398 MHz, 40, 11.82 W
1788703530.300860880,0 %, 2398 MHz, 40, 11.82 W
1788703530.401421531,0 %, 2398 MHz, 40, 11.84 W
1788703530.501381731,0 %, 2398 MHz, 40, 11.84 W
1788703530.602050958,0 %, 2398 MHz, 40, 11.84 W
1788703530.702582200,0 %, 2398 MHz, 40, 11.84 W
1788703530.802574161,0 %, 2398 MHz, 40, 11.84 W
1788703530.902916650,0 %, 2398 MHz, 40, 11.85 W
1788703531.003227332,0 %, 2398 MHz, 40, 11.85 W
1788703531.103579405,0 %, 2398 MHz, 40, 11.85 W
1788703531.204305176,0 %, 2398 MHz, 40, 11.85 W
1788703531.304595458,0 %, 2398 MHz, 40, 11.85 W
1788703531.405221932,0 %, 2398 MHz, 40, 11.85 W
1788703531.505306645,0 %, 2398 MHz, 40, 11.85 W
1788703531.605994767,0 %, 2398 MHz, 40, 11.85 W
1788703531.706303017,0 %, 2398 MHz, 40, 11.85 W
1788703531.806759779,0 %, 2398 MHz, 40, 11.85 W
1788703531.907023324,0 %, 2398 MHz, 40, 11.81 W
1788703532.007725751,0 %, 2398 MHz, 40, 11.81 W
1788703532.108074704,0 %, 2398 MHz, 40, 11.81 W
1788703532.208379513,0 %, 2398 MHz, 40, 11.81 W
1788703532.308723650,0 %, 2398 MHz, 40, 11.81 W
1788703532.409655581,0 %, 2398 MHz, 40, 11.79 W
1788703532.509220100,0 %, 2398 MHz, 40, 11.79 W
1788703532.609953470,0 %, 2398 MHz, 40, 11.79 W
1788703532.710425496,0 %, 2398 MHz, 40, 11.79 W
1788703532.810632241,0 %, 2398 MHz, 40, 11.79 W
1788703532.910941466,0 %, 2398 MHz, 40, 11.81 W
1788703533.011668100,0 %, 2398 MHz, 40, 11.81 W
1788703533.111966637,0 %, 2398 MHz, 40, 11.81 W
1788703533.212377590,0 %, 2398 MHz, 40, 11.81 W
1788703533.312670607,0 %, 2398 MHz, 40, 11.84 W
1788703533.413381210,0 %, 2398 MHz, 40, 11.84 W
1788703533.513888851,0 %, 2398 MHz, 40, 11.84 W
1788703533.613996587,0 %, 2398 MHz, 40, 11.84 W
1788703533.714420388,0 %, 2398 MHz, 40, 11.84 W
1788703533.815148687,0 %, 2398 MHz, 40, 11.87 W
1788703533.915418615,0 %, 2398 MHz, 40, 11.87 W
1788703534.015785137,0 %, 2398 MHz, 40, 11.87 W
1788703534.116120745,0 %, 2398 MHz, 40, 11.87 W
1788703534.216323297,0 %, 2398 MHz, 40, 11.87 W
1788703534.317054523,0 %, 2398 MHz, 40, 11.85 W
1788703534.417547861,0 %, 2398 MHz, 40, 11.85 W
1788703534.517534524,0 %, 2398 MHz, 40, 11.85 W
1788703534.617841221,0 %, 2398 MHz, 40, 11.85 W
1788703534.718403358,0 %, 2398 MHz, 40, 11.85 W
1788703534.818505158,0 %, 2398 MHz, 40, 11.81 W
1788703534.918406973,0 %, 2398 MHz, 40, 11.81 W
1788703535.018708357,0 %, 2398 MHz, 40, 11.81 W
1788703535.118962141,0 %, 2398 MHz, 40, 11.81 W
1788703535.219831848,0 %, 2398 MHz, 40, 11.81 W
1788703535.320128464,0 %, 2398 MHz, 40, 11.83 W
1788703535.420599753,0 %, 2398 MHz, 40, 11.83 W
1788703535.520937746,0 %, 2398 MHz, 40, 11.83 W
1788703535.621641851,0 %, 2398 MHz, 40, 11.83 W
1788703535.721604754,0 %, 2398 MHz, 40, 11.83 W
1788703535.822139484,0 %, 2398 MHz, 40, 11.84 W
1788703535.922135923,0 %, 2398 MHz, 40, 11.84 W
1788703536.022611772,0 %, 2398 MHz, 40, 11.84 W
1788703536.122838851,0 %, 2398 MHz, 40, 11.84 W
1788703536.223315484,0 %, 2398 MHz, 40, 11.84 W
1788703536.323310419,0 %, 2398 MHz, 40, 11.81 W
1788703536.424238589,0 %, 2398 MHz, 40, 11.81 W
1788703536.524511749,0 %, 2398 MHz, 40, 11.81 W
1788703536.624666237,0 %, 2398 MHz, 40, 11.81 W
1788703536.724924020,0 %, 2398 MHz, 40, 11.81 W
1788703536.825386813,0 %, 2398 MHz, 40, 11.79 W
1788703536.925974694,0 %, 2398 MHz, 40, 11.79 W
1788703537.026290750,0 %, 2398 MHz, 40, 11.79 W
1788703537.126577878,0 %, 2398 MHz, 40, 11.79 W
1788703537.226913486,0 %, 2398 MHz, 40, 11.79 W
1788703537.327649447,0 %, 2398 MHz, 40, 11.81 W
1788703537.428182160,0 %, 2398 MHz, 40, 11.81 W
1788703537.528631416,0 %, 2398 MHz, 40, 11.81 W
1788703537.628852608,0 %, 2398 MHz, 40, 11.81 W
1788703537.728951431,0 %, 2398 MHz, 40, 11.81 W
1788703537.829583696,0 %, 2398 MHz, 40, 11.85 W
1788703537.929979864,0 %, 2398 MHz, 40, 11.85 W
1788703538.030404016,0 %, 2398 MHz, 40, 11.85 W
1788703538.130798568,0 %, 2398 MHz, 40, 11.85 W
1788703538.231101744,0 %, 2398 MHz, 40, 11.85 W
1788703538.332550332,0 %, 2398 MHz, 40, 11.90 W
1788703538.432089680,0 %, 2398 MHz, 40, 11.90 W
1788703538.532408600,0 %, 2398 MHz, 40, 11.90 W
1788703538.632619551,0 %, 2398 MHz, 40, 11.90 W
1788703538.732775398,0 %, 2398 MHz, 40, 11.90 W
1788703538.833454351,0 %, 2398 MHz, 40, 11.88 W
1788703538.933647030,0 %, 2398 MHz, 40, 11.88 W
1788703539.033979310,0 %, 2398 MHz, 40, 11.88 W
1788703539.134271077,0 %, 2398 MHz, 40, 11.88 W
1788703539.234659405,0 %, 2398 MHz, 40, 11.88 W
1788703539.334998980,0 %, 2398 MHz, 40, 11.86 W
1788703539.435900062,0 %, 2398 MHz, 40, 11.86 W
1788703539.536170309,0 %, 2398 MHz, 40, 11.86 W
1788703539.636540908,0 %, 2398 MHz, 40, 11.86 W
1788703539.736802435,0 %, 2398 MHz, 40, 11.86 W
1788703539.837384540,0 %, 2398 MHz, 40, 11.87 W
1788703539.937818644,0 %, 2398 MHz, 40, 11.87 W
1788703540.037947162,0 %, 2398 MHz, 40, 11.87 W
1788703540.138493554,0 %, 2398 MHz, 40, 11.87 W
1788703540.238877321,0 %, 2398 MHz, 40, 11.87 W
1788703540.339327521,0 %, 2398 MHz, 40, 11.86 W
1788703540.439882073,0 %, 2398 MHz, 40, 11.86 W
1788703540.540002335,0 %, 2398 MHz, 40, 11.86 W
1788703540.640323254,0 %, 2398 MHz, 40, 11.86 W
1788703540.741072015,0 %, 2398 MHz, 40, 11.86 W
1788703540.841771544,0 %, 2398 MHz, 40, 11.85 W
1788703540.941769982,0 %, 2398 MHz, 40, 11.85 W
1788703541.042289349,0 %, 2398 MHz, 40, 11.85 W
1788703541.142785693,0 %, 2398 MHz, 40, 11.85 W
1788703541.243283317,0 %, 2398 MHz, 40, 11.85 W
1788703541.343435867,0 %, 2398 MHz, 40, 11.86 W
1788703541.444029219,0 %, 2398 MHz, 40, 11.86 W
1788703541.544717851,0 %, 2398 MHz, 40, 11.86 W
1788703541.644891537,0 %, 2398 MHz, 40, 11.86 W
1788703541.745533945,0 %, 2398 MHz, 40, 11.86 W
1788703541.845543855,0 %, 2398 MHz, 40, 11.83 W
1788703541.945875686,0 %, 2398 MHz, 40, 11.83 W
1788703542.046772159,0 %, 2398 MHz, 40, 11.83 W
1788703542.146918693,0 %, 2398 MHz, 40, 11.83 W
1788703542.247252876,0 %, 2398 MHz, 40, 11.83 W
1788703542.346901423,0 %, 2398 MHz, 40, 11.82 W
1788703542.447047285,0 %, 2398 MHz, 40, 11.82 W
1788703542.547427740,0 %, 2398 MHz, 40, 11.82 W
1788703542.648367589,0 %, 2398 MHz, 40, 11.82 W
1788703542.749205854,0 %, 2398 MHz, 40, 11.82 W
1788703542.849166835,0 %, 2398 MHz, 40, 11.85 W
1788703542.949742027,0 %, 2398 MHz, 40, 11.85 W
1788703543.050076161,0 %, 2398 MHz, 40, 11.85 W
1788703543.150749529,0 %, 2398 MHz, 40, 11.85 W
1788703543.251074927,0 %, 2398 MHz, 40, 11.85 W
1788703543.351402678,0 %, 2398 MHz, 40, 11.86 W
1788703543.451638412,0 %, 2398 MHz, 40, 11.86 W
1788703543.551974994,0 %, 2398 MHz, 40, 11.86 W
1788703543.652813355,0 %, 2398 MHz, 40, 11.86 W
1788703543.752958112,0 %, 2398 MHz, 40, 11.86 W
1788703543.853849273,0 %, 2398 MHz, 40, 11.84 W
1788703543.953569613,0 %, 2398 MHz, 40, 11.84 W
1788703544.053942179,0 %, 2398 MHz, 40, 11.84 W
1788703544.154602779,0 %, 2398 MHz, 40, 11.84 W
1788703544.254956001,0 %, 2398 MHz, 40, 11.84 W
1788703544.355058566,0 %, 2398 MHz, 40, 11.82 W
1788703544.455638653,0 %, 2398 MHz, 40, 11.82 W
1788703544.555983460,0 %, 2398 MHz, 40, 11.82 W
1788703544.656713611,0 %, 2398 MHz, 40, 11.82 W
1788703544.756975041,0 %, 2398 MHz, 40, 11.82 W
1788703544.857144135,0 %, 2398 MHz, 40, 11.79 W
1788703544.958105423,0 %, 2398 MHz, 40, 11.79 W
1788703545.058411365,0 %, 2398 MHz, 40, 11.79 W
1788703545.158736283,0 %, 2398 MHz, 40, 11.79 W
1788703545.259079009,0 %, 2398 MHz, 40, 11.79 W
1788703545.359405399,0 %, 2398 MHz, 40, 11.77 W
1788703545.460154895,0 %, 2398 MHz, 40, 11.77 W
1788703545.560443316,0 %, 2398 MHz, 40, 11.77 W
1788703545.660826187,0 %, 2398 MHz, 40, 11.77 W
1788703545.761148272,0 %, 2398 MHz, 40, 11.77 W
1788703545.861983080,0 %, 2398 MHz, 40, 11.78 W
1788703545.962102317,0 %, 2398 MHz, 40, 11.78 W
1788703546.062438067,0 %, 2398 MHz, 40, 11.78 W
1788703546.162629528,0 %, 2398 MHz, 40, 11.78 W
1788703546.263027966,0 %, 2398 MHz, 40, 11.78 W
1788703546.363160995,0 %, 2398 MHz, 40, 11.79 W
1788703546.464060539,0 %, 2398 MHz, 40, 11.79 W
1788703546.564366513,0 %, 2398 MHz, 40, 11.79 W
1788703546.664709286,0 %, 2398 MHz, 40, 11.79 W
1788703546.765072348,0 %, 2398 MHz, 40, 11.79 W
1788703546.866226165,0 %, 2398 MHz, 40, 11.78 W
1788703546.966079401,0 %, 2398 MHz, 40, 11.78 W
1788703547.066438542,0 %, 2398 MHz, 40, 11.78 W
1788703547.166780196,0 %, 2398 MHz, 40, 11.78 W
1788703547.267502331,0 %, 2398 MHz, 40, 11.78 W
1788703547.367531327,0 %, 2398 MHz, 40, 11.79 W
1788703547.468081989,0 %, 2398 MHz, 40, 11.79 W
1788703547.568404507,0 %, 2398 MHz, 40, 11.79 W
1788703547.667995533,0 %, 2398 MHz, 40, 11.79 W
1788703547.768192802,0 %, 2398 MHz, 40, 11.79 W
1788703547.868598888,0 %, 2398 MHz, 40, 11.84 W
1788703547.968415707,0 %, 2398 MHz, 40, 11.84 W
1788703548.069309123,0 %, 2398 MHz, 40, 11.84 W
1788703548.170027001,0 %, 2398 MHz, 40, 11.84 W
1788703548.270502735,0 %, 2398 MHz, 40, 11.84 W
1788703548.370652980,0 %, 2398 MHz, 40, 11.90 W
1788703548.471062713,0 %, 2398 MHz, 40, 11.90 W
1788703548.571717151,0 %, 2398 MHz, 40, 11.90 W
1788703548.672221701,0 %, 2398 MHz, 40, 11.90 W
1788703548.772826604,0 %, 2398 MHz, 40, 11.90 W
1788703548.872775439,0 %, 2398 MHz, 40, 11.90 W
1788703548.973084020,0 %, 2398 MHz, 40, 11.90 W
1788703549.073942715,0 %, 2398 MHz, 40, 11.90 W
1788703549.174036751,0 %, 2398 MHz, 40, 11.90 W
1788703549.274464165,0 %, 2398 MHz, 40, 11.90 W
1788703549.374819594,0 %, 2398 MHz, 40, 11.86 W
1788703549.475469520,0 %, 2398 MHz, 40, 11.86 W
1788703549.575860997,0 %, 2398 MHz, 40, 11.86 W
1788703549.676478075,0 %, 2398 MHz, 40, 11.86 W
1788703549.776670000,0 %, 2398 MHz, 40, 11.86 W
1788703549.877192421,0 %, 2398 MHz, 40, 11.84 W
1788703549.977744987,0 %, 2398 MHz, 40, 11.84 W
1788703550.077915135,0 %, 2398 MHz, 40, 11.84 W
1788703550.178397172,0 %, 2398 MHz, 40, 11.84 W
1788703550.279115755,0 %, 2398 MHz, 40, 11.84 W
1788703550.379256703,0 %, 2398 MHz, 40, 11.84 W
1788703550.479777332,0 %, 2398 MHz, 40, 11.84 W
1788703550.579958488,0 %, 2398 MHz, 40, 11.84 W
1788703550.680230669,0 %, 2398 MHz, 40, 11.84 W
1788703550.781137604,0 %, 2398 MHz, 40, 11.84 W
1788703550.881878826,0 %, 2398 MHz, 40, 11.84 W
1788703550.981092186,0 %, 2398 MHz, 40, 11.84 W
1788703551.081777760,0 %, 2398 MHz, 40, 11.84 W
1788703551.182353013,0 %, 2398 MHz, 40, 11.84 W
1788703551.282496329,0 %, 2398 MHz, 40, 11.84 W
1788703551.383037294,0 %, 2398 MHz, 40, 11.83 W
1788703551.483543924,0 %, 2398 MHz, 40, 11.83 W
1788703551.583906968,0 %, 2398 MHz, 40, 11.83 W
1788703551.684053804,0 %, 2398 MHz, 40, 11.83 W
1788703551.784991587,0 %, 2398 MHz, 40, 11.83 W
1788703551.885089494,0 %, 2398 MHz, 40, 11.83 W
1788703551.985397675,0 %, 2398 MHz, 40, 11.83 W
1788703552.085818223,0 %, 2398 MHz, 40, 11.83 W
1788703552.186669573,0 %, 2398 MHz, 40, 11.83 W
1788703552.286673208,0 %, 2398 MHz, 40, 11.83 W
1788703552.387155245,0 %, 2398 MHz, 40, 11.86 W
1788703552.487486353,0 %, 2398 MHz, 40, 11.86 W
1788703552.587896694,0 %, 2398 MHz, 40, 11.86 W
1788703552.688022969,0 %, 2398 MHz, 40, 11.86 W
1788703552.788768751,0 %, 2398 MHz, 40, 11.86 W
1788703552.888961539,0 %, 2398 MHz, 40, 11.86 W
1788703552.989270359,0 %, 2398 MHz, 40, 11.86 W
1788703553.089439162,0 %, 2398 MHz, 40, 11.86 W
1788703553.189829982,0 %, 2398 MHz, 40, 11.86 W
1788703553.290448052,0 %, 2398 MHz, 40, 11.86 W
1788703553.391033832,0 %, 2398 MHz, 40, 11.84 W
1788703553.491156092,0 %, 2398 MHz, 40, 11.84 W
1788703553.591396767,0 %, 2398 MHz, 40, 11.84 W
1788703553.691406898,0 %, 2398 MHz, 40, 11.84 W
1788703553.792713098,0 %, 2398 MHz, 40, 11.84 W
1788703553.892949565,0 %, 2398 MHz, 40, 11.86 W
1788703553.993130705,0 %, 2398 MHz, 40, 11.86 W
1788703554.093463780,0 %, 2398 MHz, 40, 11.86 W
1788703554.193827688,0 %, 2398 MHz, 40, 11.86 W
1788703554.294670958,0 %, 2398 MHz, 40, 11.86 W
1788703554.394853633,0 %, 2398 MHz, 40, 11.89 W
1788703554.495388886,0 %, 2398 MHz, 40, 11.89 W
1788703554.595741353,0 %, 2398 MHz, 40, 11.89 W
1788703554.696440047,0 %, 2398 MHz, 40, 11.89 W
1788703554.796555393,0 %, 2398 MHz, 40, 11.89 W
1788703554.896975206,0 %, 2398 MHz, 40, 11.90 W
1788703554.997242281,0 %, 2398 MHz, 40, 11.90 W
1788703555.097987790,0 %, 2398 MHz, 40, 11.90 W
1788703555.198292610,0 %, 2398 MHz, 40, 11.90 W
1788703555.298631877,0 %, 2398 MHz, 40, 11.90 W
1788703555.399125097,0 %, 2398 MHz, 40, 11.90 W
1788703555.499428748,0 %, 2398 MHz, 40, 11.90 W
1788703555.600171042,0 %, 2398 MHz, 40, 11.90 W
1788703555.700441989,0 %, 2398 MHz, 40, 11.90 W
1788703555.800647272,0 %, 2398 MHz, 40, 11.90 W
1788703555.901018251,0 %, 2398 MHz, 40, 11.90 W
1788703556.001392399,0 %, 2398 MHz, 40, 11.90 W
1788703556.101870275,0 %, 2398 MHz, 40, 11.90 W
1788703556.202345671,0 %, 2398 MHz, 40, 11.90 W
1788703556.302683994,0 %, 2398 MHz, 40, 11.90 W
1788703556.402895965,0 %, 2398 MHz, 40, 11.89 W
1788703556.503754114,0 %, 2398 MHz, 40, 11.89 W
1788703556.603940789,0 %, 2398 MHz, 40, 11.89 W
1788703556.705075307,0 %, 2398 MHz, 40, 11.89 W
1788703556.804412475,0 %, 2398 MHz, 40, 11.89 W
1788703556.904994975,0 %, 2398 MHz, 40, 11.87 W
1788703557.005095777,0 %, 2398 MHz, 40, 11.87 W
1788703557.105811270,0 %, 2398 MHz, 40, 11.87 W
1788703557.206311817,0 %, 2398 MHz, 40, 11.87 W
1788703557.306623996,0 %, 2398 MHz, 40, 11.87 W
1788703557.407032479,0 %, 2398 MHz, 40, 11.85 W
1788703557.507656276,0 %, 2398 MHz, 40, 11.85 W
1788703557.607876118,0 %, 2398 MHz, 40, 11.85 W
1788703557.708380986,0 %, 2398 MHz, 40, 11.85 W
1788703557.808595388,0 %, 2398 MHz, 40, 11.85 W
1788703557.908905423,0 %, 2398 MHz, 40, 11.83 W
1788703558.009711988,0 %, 2398 MHz, 40, 11.83 W
1788703558.109792150,0 %, 2398 MHz, 40, 11.83 W
1788703558.210323193,0 %, 2398 MHz, 40, 11.83 W
1788703558.310576748,0 %, 2398 MHz, 40, 11.83 W
1788703558.410950959,0 %, 2398 MHz, 40, 11.83 W
1788703558.511585827,0 %, 2398 MHz, 40, 11.83 W
1788703558.611768389,0 %, 2398 MHz, 40, 11.83 W
1788703558.711950727,0 %, 2398 MHz, 40, 11.83 W
1788703558.812501083,0 %, 2398 MHz, 40, 11.83 W
1788703558.912836734,0 %, 2398 MHz, 40, 11.82 W
1788703559.013325009,0 %, 2398 MHz, 40, 11.82 W
1788703559.113546851,0 %, 2398 MHz, 40, 11.82 W
1788703559.213902742,0 %, 2398 MHz, 40, 11.82 W
1788703559.314392889,0 %, 2398 MHz, 40, 11.80 W
1788703559.414618507,0 %, 2398 MHz, 40, 11.80 W
1788703559.514998126,0 %, 2398 MHz, 40, 11.80 W
1788703559.615477393,0 %, 2398 MHz, 40, 11.80 W
1788703559.715837091,0 %, 2398 MHz, 40, 11.80 W
1788703559.816178326,0 %, 2398 MHz, 40, 11.78 W
1788703559.916729321,0 %, 2398 MHz, 40, 11.78 W
1788703560.017180604,0 %, 2398 MHz, 40, 11.78 W
1788703560.117523631,0 %, 2398 MHz, 40, 11.78 W
1788703560.217882097,0 %, 2398 MHz, 40, 11.78 W
1788703560.318230851,0 %, 2398 MHz, 40, 11.81 W
1788703560.419132200,0 %, 2398 MHz, 40, 11.81 W
1788703560.519295305,0 %, 2398 MHz, 40, 11.81 W
1788703560.619798140,0 %, 2398 MHz, 40, 11.81 W
1788703560.720134655,0 %, 2398 MHz, 40, 11.81 W
1788703560.820488753,0 %, 2398 MHz, 40, 11.81 W
1788703560.921180581,0 %, 2398 MHz, 40, 11.81 W
1788703561.021254806,0 %, 2398 MHz, 40, 11.81 W
1788703561.121797433,0 %, 2398 MHz, 40, 11.81 W
1788703561.221979258,0 %, 2398 MHz, 40, 11.81 W
1788703561.322590509,0 %, 2398 MHz, 40, 11.77 W
1788703561.423117312,0 %, 2398 MHz, 40, 11.77 W
1788703561.523238209,0 %, 2398 MHz, 40, 11.77 W
1788703561.623406067,0 %, 2398 MHz, 40, 11.77 W
1788703561.724146374,0 %, 2398 MHz, 40, 11.77 W
1788703561.824133415,0 %, 2398 MHz, 40, 11.79 W
1788703561.924829931,0 %, 2398 MHz, 40, 11.79 W
1788703562.025332541,0 %, 2398 MHz, 40, 11.79 W
1788703562.125587775,0 %, 2398 MHz, 40, 11.79 W
1788703562.225792240,0 %, 2398 MHz, 40, 11.79 W
1788703562.326080802,0 %, 2398 MHz, 40, 11.82 W
1788703562.426981686,0 %, 2398 MHz, 40, 11.82 W
1788703562.527056439,0 %, 2398 MHz, 40, 11.82 W
1788703562.627413577,0 %, 2398 MHz, 40, 11.82 W
1788703562.727273465,0 %, 2398 MHz, 40, 11.82 W
1788703562.826941336,0 %, 2398 MHz, 40, 11.79 W
1788703562.928171261,0 %, 2398 MHz, 40, 11.79 W
1788703563.028288046,0 %, 2398 MHz, 40, 11.79 W
1788703563.129212114,0 %, 2398 MHz, 40, 11.79 W
1788703563.229539443,0 %, 2398 MHz, 40, 11.79 W
1788703563.329520420,0 %, 2398 MHz, 40, 11.74 W
1788703563.430102486,0 %, 2398 MHz, 40, 11.74 W
1788703563.530195367,0 %, 2398 MHz, 40, 11.74 W
1788703563.630933834,0 %, 2398 MHz, 40, 11.74 W
1788703563.731264316,0 %, 2398 MHz, 40, 11.74 W
1788703563.831738366,0 %, 2398 MHz, 40, 11.73 W
1788703563.932126703,0 %, 2398 MHz, 40, 11.73 W
1788703564.033046339,0 %, 2398 MHz, 40, 11.73 W
1788703564.133002547,0 %, 2398 MHz, 40, 11.73 W
1788703564.233482005,0 %, 2398 MHz, 40, 11.73 W
1788703564.333659462,0 %, 2398 MHz, 40, 11.78 W
1788703564.434194120,0 %, 2398 MHz, 40, 11.78 W
1788703564.534211832,0 %, 2398 MHz, 40, 11.78 W
1788703564.634967147,0 %, 2398 MHz, 40, 11.78 W
1788703564.735285724,0 %, 2398 MHz, 40, 11.78 W
1788703564.835390813,0 %, 2398 MHz, 40, 11.80 W
1788703564.935840591,0 %, 2398 MHz, 40, 11.80 W
1788703565.036130480,0 %, 2398 MHz, 40, 11.80 W
1788703565.136287632,0 %, 2398 MHz, 40, 11.80 W
1788703565.237019475,0 %, 2398 MHz, 40, 11.80 W
1788703565.337316612,0 %, 2398 MHz, 40, 11.80 W
1788703565.437951110,0 %, 2398 MHz, 40, 11.80 W
1788703565.538055878,0 %, 2398 MHz, 40, 11.80 W
1788703565.638951961,0 %, 2398 MHz, 40, 11.80 W
1788703565.739218026,0 %, 2398 MHz, 40, 11.80 W
1788703565.839587852,0 %, 2398 MHz, 40, 11.79 W
1788703565.939843068,0 %, 2398 MHz, 40, 11.79 W
1788703566.041477634,0 %, 2398 MHz, 40, 11.79 W
1788703566.140844976,0 %, 2398 MHz, 40, 11.79 W
1788703566.241187376,0 %, 2398 MHz, 40, 11.79 W
1788703566.341378881,0 %, 2398 MHz, 40, 11.81 W
1788703566.441978611,0 %, 2398 MHz, 40, 11.81 W
1788703566.542403524,0 %, 2398 MHz, 40, 11.81 W
1788703566.642734261,0 %, 2398 MHz, 40, 11.81 W
1788703566.743094854,0 %, 2398 MHz, 40, 11.81 W
1788703566.843320278,0 %, 2398 MHz, 40, 11.82 W
1788703566.943707607,0 %, 2398 MHz, 40, 11.82 W
1788703567.044401753,0 %, 2398 MHz, 40, 11.82 W
1788703567.144556777,0 %, 2398 MHz, 40, 11.82 W
1788703567.244931290,0 %, 2398 MHz, 40, 11.82 W
1788703567.345264235,0 %, 2398 MHz, 40, 11.78 W
1788703567.445606139,0 %, 2398 MHz, 40, 11.78 W
1788703567.545823868,0 %, 2398 MHz, 40, 11.78 W
1788703567.646668526,0 %, 2398 MHz, 40, 11.78 W
1788703567.746848062,0 %, 2398 MHz, 40, 11.78 W
1788703567.847162415,0 %, 2398 MHz, 40, 11.75 W
1788703567.947383823,0 %, 2398 MHz, 40, 11.75 W
1788703568.047745136,0 %, 2398 MHz, 40, 11.75 W
1788703568.148432514,0 %, 2398 MHz, 40, 11.75 W
1788703568.248746562,0 %, 2398 MHz, 40, 11.75 W
1788703568.349104562,0 %, 2398 MHz, 40, 11.74 W
1788703568.449611251,0 %, 2398 MHz, 40, 11.74 W
1788703568.550129620,0 %, 2398 MHz, 40, 11.74 W
1788703568.650435349,0 %, 2398 MHz, 40, 11.74 W
1788703568.750839557,0 %, 2398 MHz, 40, 11.74 W
1788703568.851158934,0 %, 2398 MHz, 40, 11.73 W
1788703568.951455686,0 %, 2398 MHz, 40, 11.73 W
1788703569.052120280,0 %, 2398 MHz, 40, 11.73 W
1788703569.152470872,0 %, 2398 MHz, 40, 11.73 W
1788703569.252880472,0 %, 2398 MHz, 40, 11.73 W
1788703569.353197160,0 %, 2398 MHz, 40, 11.71 W
1788703569.454099371,0 %, 2398 MHz, 40, 11.71 W
1788703569.554211882,0 %, 2398 MHz, 40, 11.71 W
1788703569.654561402,0 %, 2398 MHz, 40, 11.71 W
1788703569.754919227,0 %, 2398 MHz, 40, 11.71 W
1788703569.855811325,0 %, 2398 MHz, 40, 11.72 W
1788703569.955921180,0 %, 2398 MHz, 40, 11.72 W
1788703570.056268620,0 %, 2398 MHz, 40, 11.72 W
1788703570.156574508,0 %, 2398 MHz, 40, 11.72 W
1788703570.256958316,0 %, 2398 MHz, 40, 11.72 W
1788703570.357803262,0 %, 2398 MHz, 40, 11.74 W
1788703570.458153566,0 %, 2398 MHz, 40, 11.74 W
1788703570.558294941,0 %, 2398 MHz, 40, 11.74 W
1788703570.658708430,0 %, 2398 MHz, 40, 11.74 W
1788703570.759458735,0 %, 2398 MHz, 40, 11.74 W
1788703570.859726527,0 %, 2398 MHz, 40, 11.73 W
1788703570.960222255,0 %, 2398 MHz, 40, 11.73 W
1788703571.059867293,0 %, 2398 MHz, 40, 11.73 W
1788703571.160384781,0 %, 2398 MHz, 40, 11.73 W
1788703571.260733565,0 %, 2398 MHz, 40, 11.73 W
1788703571.361407326,0 %, 2398 MHz, 40, 11.75 W
1788703571.461815918,0 %, 2398 MHz, 40, 11.75 W
1788703571.561928797,0 %, 2398 MHz, 40, 11.75 W
1788703571.662268220,0 %, 2398 MHz, 40, 11.75 W
1788703571.762612236,0 %, 2398 MHz, 40, 11.75 W
1788703571.862916332,0 %, 2398 MHz, 40, 11.77 W
1788703571.963731949,0 %, 2398 MHz, 40, 11.77 W
1788703572.063312138,0 %, 2398 MHz, 40, 11.77 W
1788703572.163711594,0 %, 2398 MHz, 40, 11.77 W
1788703572.263715416,0 %, 2398 MHz, 40, 11.77 W
1788703572.363881463,0 %, 2398 MHz, 40, 11.76 W
1788703572.464254054,0 %, 2398 MHz, 40, 11.76 W
1788703572.564235300,0 %, 2398 MHz, 40, 11.76 W
1788703572.664456163,0 %, 2398 MHz, 40, 11.76 W
1788703572.764590530,0 %, 2398 MHz, 40, 11.76 W
1788703572.864829313,0 %, 2398 MHz, 40, 11.77 W
1788703572.964934048,0 %, 2398 MHz, 40, 11.77 W
1788703573.065136879,0 %, 2398 MHz, 40, 11.77 W
1788703573.165509374,0 %, 2398 MHz, 40, 11.77 W
1788703573.265472572,0 %, 2398 MHz, 40, 11.77 W
1788703573.365662299,0 %, 2398 MHz, 40, 11.77 W
1788703573.466032698,0 %, 2398 MHz, 40, 11.77 W
1788703573.566050024,0 %, 2398 MHz, 40, 11.77 W
1788703573.666791737,0 %, 2398 MHz, 40, 11.77 W
1788703573.767090904,0 %, 2398 MHz, 40, 11.77 W
1788703573.867542968,0 %, 2398 MHz, 40, 11.76 W
1788703573.967735478,0 %, 2398 MHz, 40, 11.76 W
1788703574.067898677,0 %, 2398 MHz, 40, 11.76 W
1788703574.168214292,0 %, 2398 MHz, 40, 11.76 W
1788703574.268923620,0 %, 2398 MHz, 40, 11.76 W
1788703574.369202163,0 %, 2398 MHz, 40, 11.78 W
1788703574.469849363,0 %, 2398 MHz, 40, 11.78 W
1788703574.569612880,0 %, 2398 MHz, 40, 11.78 W
1788703574.670302704,0 %, 2398 MHz, 40, 11.78 W
1788703574.770684575,0 %, 2398 MHz, 40, 11.78 W
1788703574.870994174,0 %, 2398 MHz, 40, 11.80 W
1788703574.971486222,0 %, 2398 MHz, 40, 11.80 W
1788703575.071649820,0 %, 2398 MHz, 40, 11.80 W
1788703575.171849866,0 %, 2398 MHz, 40, 11.80 W
1788703575.272154201,0 %, 2398 MHz, 40, 11.80 W
1788703575.372354039,0 %, 2398 MHz, 40, 11.82 W
1788703575.473280600,0 %, 2398 MHz, 40, 11.82 W
1788703575.572826116,0 %, 2398 MHz, 40, 11.82 W
1788703575.673702245,0 %, 2398 MHz, 40, 11.82 W
1788703575.773687634,0 %, 2398 MHz, 40, 11.82 W
1788703575.874043041,0 %, 2398 MHz, 40, 11.83 W
1788703575.974237855,0 %, 2398 MHz, 40, 11.83 W
1788703576.074435693,0 %, 2398 MHz, 40, 11.83 W
1788703576.174789436,0 %, 2398 MHz, 40, 11.83 W
1788703576.275177659,0 %, 2398 MHz, 40, 11.83 W
1788703576.375278936,0 %, 2398 MHz, 40, 11.81 W
1788703576.475975160,0 %, 2398 MHz, 40, 11.81 W
1788703576.576316951,0 %, 2398 MHz, 40, 11.81 W
1788703576.676633493,0 %, 2398 MHz, 40, 11.81 W
1788703576.776930020,0 %, 2398 MHz, 40, 11.81 W
1788703576.877913813,0 %, 2398 MHz, 40, 11.77 W
1788703576.978039171,0 %, 2398 MHz, 40, 11.77 W
1788703577.078529314,0 %, 2398 MHz, 40, 11.77 W
1788703577.178716847,0 %, 2398 MHz, 40, 11.77 W
1788703577.279027262,0 %, 2398 MHz, 40, 11.77 W
1788703577.379727229,0 %, 2398 MHz, 40, 11.74 W
1788703577.480259084,0 %, 2398 MHz, 40, 11.74 W
1788703577.580600363,0 %, 2398 MHz, 40, 11.74 W
1788703577.680757016,0 %, 2398 MHz, 40, 11.74 W
1788703577.781479576,0 %, 2398 MHz, 40, 11.74 W
1788703577.881802422,0 %, 2398 MHz, 40, 11.72 W
1788703577.982212149,0 %, 2398 MHz, 40, 11.72 W
1788703578.082112610,0 %, 2398 MHz, 40, 11.72 W
1788703578.181939406,0 %, 2398 MHz, 40, 11.72 W
1788703578.282478108,0 %, 2398 MHz, 40, 11.72 W
1788703578.382486969,0 %, 2398 MHz, 40, 11.76 W
1788703578.483626394,0 %, 2398 MHz, 40, 11.76 W
1788703578.584149897,0 %, 2398 MHz, 40, 11.76 W
1788703578.684596776,0 %, 2398 MHz, 40, 11.76 W
1788703578.784960358,0 %, 2398 MHz, 40, 11.76 W
1788703578.885055779,0 %, 2398 MHz, 40, 11.78 W
1788703578.984665119,0 %, 2398 MHz, 40, 11.78 W
1788703579.085262941,0 %, 2398 MHz, 40, 11.78 W
1788703579.186001325,0 %, 2398 MHz, 40, 11.78 W
1788703579.285806425,0 %, 2398 MHz, 40, 11.78 W
1788703579.386012502,0 %, 2398 MHz, 40, 11.77 W
1788703579.486439220,0 %, 2398 MHz, 40, 11.77 W
1788703579.587474421,0 %, 2398 MHz, 40, 11.77 W
1788703579.687345793,0 %, 2398 MHz, 40, 11.77 W
1788703579.787726447,0 %, 2398 MHz, 40, 11.77 W
1788703579.888443662,0 %, 2398 MHz, 40, 11.76 W
1788703579.988755692,0 %, 2398 MHz, 40, 11.76 W
1788703580.089130986,0 %, 2398 MHz, 40, 11.76 W
1788703580.189422039,0 %, 2398 MHz, 40, 11.76 W
1788703580.290170614,0 %, 2398 MHz, 40, 11.76 W
1788703580.390458228,0 %, 2398 MHz, 40, 11.76 W
1788703580.490992210,0 %, 2398 MHz, 40, 11.76 W
1788703580.591124079,0 %, 2398 MHz, 40, 11.76 W
1788703580.692054607,0 %, 2398 MHz, 40, 11.76 W
1788703580.792378173,0 %, 2398 MHz, 40, 11.76 W
1788703580.892625242,0 %, 2398 MHz, 40, 11.73 W
1788703580.993043400,0 %, 2398 MHz, 40, 11.73 W
1788703581.093150916,0 %, 2398 MHz, 40, 11.73 W
1788703581.193312193,0 %, 2398 MHz, 40, 11.73 W
1788703581.294025520,0 %, 2398 MHz, 40, 11.73 W
1788703581.394542110,0 %, 2398 MHz, 40, 11.71 W
1788703581.494532314,0 %, 2398 MHz, 40, 11.71 W
1788703581.594900072,0 %, 2398 MHz, 40, 11.71 W
1788703581.695236357,0 %, 2398 MHz, 40, 11.71 W
1788703581.795984436,0 %, 2398 MHz, 40, 11.71 W
1788703581.896461170,0 %, 2398 MHz, 40, 11.68 W
1788703581.996654431,0 %, 2398 MHz, 40, 11.68 W
1788703582.096855452,0 %, 2398 MHz, 40, 11.68 W
1788703582.197174025,0 %, 2398 MHz, 40, 11.68 W
1788703582.297392613,0 %, 2398 MHz, 40, 11.68 W
1788703582.397685538,0 %, 2398 MHz, 40, 11.66 W
1788703582.498392193,0 %, 2398 MHz, 40, 11.66 W
1788703582.598547469,0 %, 2398 MHz, 40, 11.66 W
1788703582.698101768,0 %, 2398 MHz, 40, 11.66 W
1788703582.799076775,0 %, 2398 MHz, 40, 11.66 W
1788703582.898813394,0 %, 2398 MHz, 40, 11.69 W
1788703582.999175983,0 %, 2398 MHz, 40, 11.69 W
1788703583.099009370,0 %, 2398 MHz, 40, 11.69 W
1788703583.199418920,0 %, 2398 MHz, 40, 11.69 W
1788703583.300409015,0 %, 2398 MHz, 40, 11.69 W
1788703583.400485603,0 %, 2398 MHz, 40, 11.72 W
1788703583.501413554,0 %, 2398 MHz, 40, 11.72 W
1788703583.601684927,0 %, 2398 MHz, 40, 11.72 W
1788703583.702065804,0 %, 2398 MHz, 40, 11.72 W
1788703583.802191400,0 %, 2398 MHz, 40, 11.72 W
1788703583.902949415,0 %, 2398 MHz, 40, 11.71 W
1788703584.003236531,0 %, 2398 MHz, 40, 11.71 W
1788703584.103444096,0 %, 2398 MHz, 40, 11.71 W
1788703584.203997901,0 %, 2398 MHz, 40, 11.71 W
1788703584.304111609,0 %, 2398 MHz, 40, 11.71 W
1788703584.405029304,0 %, 2398 MHz, 40, 11.71 W
1788703584.505207268,0 %, 2398 MHz, 40, 11.71 W
1788703584.605401888,0 %, 2398 MHz, 40, 11.71 W
1788703584.705753021,0 %, 2398 MHz, 40, 11.71 W
1788703584.806100586,0 %, 2398 MHz, 40, 11.71 W
1788703584.906805640,0 %, 2398 MHz, 40, 11.74 W
1788703585.007121829,0 %, 2398 MHz, 40, 11.74 W
1788703585.107479825,0 %, 2398 MHz, 40, 11.74 W
1788703585.207801422,0 %, 2398 MHz, 40, 11.74 W
1788703585.308531580,0 %, 2398 MHz, 40, 11.74 W
1788703585.408870824,0 %, 2398 MHz, 40, 11.77 W
1788703585.509181237,0 %, 2398 MHz, 40, 11.77 W
1788703585.609377729,0 %, 2398 MHz, 40, 11.77 W
1788703585.709928894,0 %, 2398 MHz, 40, 11.77 W
1788703585.810595100,0 %, 2398 MHz, 40, 11.77 W
1788703585.910814056,0 %, 2398 MHz, 40, 11.77 W
1788703586.010984835,0 %, 2398 MHz, 40, 11.77 W
1788703586.111277616,0 %, 2398 MHz, 40, 11.77 W
1788703586.211449611,0 %, 2398 MHz, 40, 11.77 W
1788703586.311830456,0 %, 2398 MHz, 40, 11.77 W
1788703586.412732662,0 %, 2398 MHz, 40, 11.78 W
1788703586.513064322,0 %, 2398 MHz, 40, 11.78 W
1788703586.613371214,0 %, 2398 MHz, 40, 11.78 W
1788703586.713399306,0 %, 2398 MHz, 40, 11.78 W
1788703586.813953639,0 %, 2398 MHz, 40, 11.78 W
1788703586.914116866,0 %, 2398 MHz, 40, 11.77 W
1788703587.014289662,0 %, 2398 MHz, 40, 11.77 W
1788703587.115005387,0 %, 2398 MHz, 40, 11.77 W
1788703587.215352263,0 %, 2398 MHz, 40, 11.77 W
1788703587.315489219,0 %, 2398 MHz, 40, 11.77 W
1788703587.416088848,0 %, 2398 MHz, 40, 11.77 W
1788703587.516238555,0 %, 2398 MHz, 40, 11.77 W
1788703587.616957881,0 %, 2398 MHz, 40, 11.77 W
1788703587.718017303,0 %, 2398 MHz, 40, 11.77 W
1788703587.817512208,0 %, 2398 MHz, 40, 11.75 W
1788703587.917757772,0 %, 2398 MHz, 40, 11.75 W
1788703588.018167320,0 %, 2398 MHz, 40, 11.75 W
1788703588.118497796,0 %, 2398 MHz, 40, 11.75 W
1788703588.219028705,0 %, 2398 MHz, 40, 11.75 W
1788703588.319365372,0 %, 2398 MHz, 40, 11.74 W
1788703588.419933609,0 %, 2398 MHz, 40, 11.74 W
1788703588.520297541,0 %, 2398 MHz, 40, 11.74 W
1788703588.620274303,0 %, 2398 MHz, 40, 11.74 W
1788703588.721000381,0 %, 2398 MHz, 40, 11.74 W
1788703588.821307032,0 %, 2398 MHz, 40, 11.75 W
1788703588.921906757,0 %, 2398 MHz, 40, 11.75 W
1788703589.022059088,0 %, 2398 MHz, 40, 11.75 W
1788703589.122270411,0 %, 2398 MHz, 40, 11.75 W
1788703589.222990344,0 %, 2398 MHz, 40, 11.75 W
1788703589.323297124,0 %, 2398 MHz, 40, 11.74 W
1788703589.423685584,0 %, 2398 MHz, 40, 11.74 W
1788703589.523855979,0 %, 2398 MHz, 40, 11.74 W
1788703589.624195574,0 %, 2398 MHz, 40, 11.74 W
1788703589.725041956,0 %, 2398 MHz, 40, 11.74 W
1788703589.825431584,0 %, 2398 MHz, 40, 11.71 W
1788703589.925604730,0 %, 2398 MHz, 40, 11.71 W
1788703590.025845510,0 %, 2398 MHz, 40, 11.71 W
1788703590.126139137,0 %, 2398 MHz, 40, 11.71 W
1788703590.226843854,0 %, 2398 MHz, 40, 11.71 W
1788703590.327153609,0 %, 2398 MHz, 40, 11.72 W
1788703590.427675301,0 %, 2398 MHz, 40, 11.72 W
1788703590.527926176,0 %, 2398 MHz, 40, 11.72 W
1788703590.628555245,0 %, 2398 MHz, 40, 11.72 W
1788703590.729075465,0 %, 2398 MHz, 40, 11.72 W
1788703590.829271619,0 %, 2398 MHz, 40, 11.73 W
1788703590.929458126,0 %, 2398 MHz, 40, 11.73 W
1788703591.029794906,0 %, 2398 MHz, 40, 11.73 W
1788703591.130460518,0 %, 2398 MHz, 40, 11.73 W
1788703591.230617072,0 %, 2398 MHz, 40, 11.73 W
1788703591.330963627,0 %, 2398 MHz, 40, 11.76 W
1788703591.431714344,0 %, 2398 MHz, 40, 11.76 W
1788703591.531642098,0 %, 2398 MHz, 40, 11.76 W
1788703591.632008941,0 %, 2398 MHz, 40, 11.76 W
1788703591.732554249,0 %, 2398 MHz, 40, 11.76 W
1788703591.832905012,0 %, 2398 MHz, 40, 11.81 W
1788703591.933250863,0 %, 2398 MHz, 40, 11.81 W
1788703592.033425562,0 %, 2398 MHz, 40, 11.81 W
1788703592.133806981,0 %, 2398 MHz, 40, 11.81 W
1788703592.234149680,0 %, 2398 MHz, 40, 11.81 W
1788703592.334804076,0 %, 2398 MHz, 40, 11.84 W
1788703592.435353656,0 %, 2398 MHz, 40, 11.84 W
1788703592.535430642,0 %, 2398 MHz, 40, 11.84 W
1788703592.635812429,0 %, 2398 MHz, 40, 11.84 W
1788703592.736439049,0 %, 2398 MHz, 40, 11.84 W
1788703592.836621731,0 %, 2398 MHz, 40, 11.82 W
1788703592.937144511,0 %, 2398 MHz, 40, 11.82 W
1788703593.037181496,0 %, 2398 MHz, 40, 11.82 W
1788703593.137489651,0 %, 2398 MHz, 40, 11.82 W
1788703593.237911038,0 %, 2398 MHz, 40, 11.82 W
1788703593.338181416,0 %, 2398 MHz, 40, 11.78 W
1788703593.439103189,0 %, 2398 MHz, 40, 11.78 W
1788703593.539210431,0 %, 2398 MHz, 40, 11.78 W
1788703593.639567930,0 %, 2398 MHz, 40, 11.78 W
1788703593.739903013,0 %, 2398 MHz, 40, 11.78 W
1788703593.840581249,0 %, 2398 MHz, 40, 11.78 W
1788703593.940934043,0 %, 2398 MHz, 40, 11.78 W
1788703594.041102725,0 %, 2398 MHz, 40, 11.78 W
1788703594.141596000,0 %, 2398 MHz, 40, 11.78 W
1788703594.242312908,0 %, 2398 MHz, 40, 11.78 W
1788703594.342739511,0 %, 2398 MHz, 40, 11.78 W
1788703594.443067442,0 %, 2398 MHz, 40, 11.78 W
1788703594.543412908,0 %, 2398 MHz, 40, 11.78 W
1788703594.643559190,0 %, 2398 MHz, 40, 11.78 W
1788703594.744651667,0 %, 2398 MHz, 40, 11.78 W
1788703594.844602524,0 %, 2398 MHz, 40, 11.76 W
1788703594.944939431,0 %, 2398 MHz, 40, 11.76 W
1788703595.045256929,0 %, 2398 MHz, 40, 11.76 W
1788703595.145182938,0 %, 2398 MHz, 40, 11.76 W
1788703595.245703365,0 %, 2398 MHz, 40, 11.76 W
1788703595.346050495,0 %, 2398 MHz, 40, 11.75 W
1788703595.445907543,0 %, 2398 MHz, 40, 11.75 W
1788703595.546973684,0 %, 2398 MHz, 40, 11.75 W
1788703595.647305102,0 %, 2398 MHz, 40, 11.75 W
1788703595.747642937,0 %, 2398 MHz, 40, 11.75 W
1788703595.848323748,0 %, 2398 MHz, 40, 11.77 W
1788703595.948539438,0 %, 2398 MHz, 40, 11.77 W
1788703596.048864040,0 %, 2398 MHz, 40, 11.77 W
1788703596.149226546,0 %, 2398 MHz, 40, 11.77 W
1788703596.249534268,0 %, 2398 MHz, 40, 11.77 W
1788703596.350303144,0 %, 2398 MHz, 40, 11.79 W
1788703596.450806914,0 %, 2398 MHz, 40, 11.79 W
1788703596.551001948,0 %, 2398 MHz, 40, 11.79 W
1788703596.651448662,0 %, 2398 MHz, 40, 11.79 W
1788703596.752035889,0 %, 2398 MHz, 40, 11.79 W
1788703596.852470300,0 %, 2398 MHz, 40, 11.79 W
1788703596.952659877,0 %, 2398 MHz, 40, 11.79 W
1788703597.053015391,0 %, 2398 MHz, 40, 11.79 W
1788703597.153708522,0 %, 2398 MHz, 40, 11.79 W
1788703597.254040532,0 %, 2398 MHz, 40, 11.79 W
1788703597.354370238,0 %, 2398 MHz, 40, 11.78 W
1788703597.454939209,0 %, 2398 MHz, 40, 11.78 W
1788703597.555051922,0 %, 2398 MHz, 40, 11.78 W
1788703597.655248635,0 %, 2398 MHz, 40, 11.78 W
1788703597.756364600,0 %, 2398 MHz, 40, 11.78 W
1788703597.856243136,0 %, 2398 MHz, 40, 11.77 W
1788703597.956428937,0 %, 2398 MHz, 40, 11.77 W
1788703598.057012547,0 %, 2398 MHz, 40, 11.77 W
1788703598.157336797,0 %, 2398 MHz, 40, 11.77 W
1788703598.257314597,0 %, 2398 MHz, 40, 11.77 W
1788703598.358236817,0 %, 2398 MHz, 40, 11.78 W
1788703598.458545178,0 %, 2398 MHz, 40, 11.78 W
1788703598.558741892,0 %, 2398 MHz, 40, 11.78 W
1788703598.659313086,0 %, 2398 MHz, 40, 11.78 W
1788703598.759265718,0 %, 2398 MHz, 40, 11.78 W
1788703598.860011777,0 %, 2398 MHz, 40, 11.78 W
1788703598.960277835,0 %, 2398 MHz, 40, 11.78 W
1788703599.060875653,0 %, 2398 MHz, 40, 11.78 W
1788703599.160959213,0 %, 2398 MHz, 40, 11.78 W
1788703599.261712088,0 %, 2398 MHz, 40, 11.78 W
1788703599.362233730,0 %, 2398 MHz, 40, 11.80 W
1788703599.462820301,0 %, 2398 MHz, 40, 11.80 W
1788703599.563501959,0 %, 2398 MHz, 40, 11.80 W
1788703599.663637328,0 %, 2398 MHz, 40, 11.80 W
1788703599.763866409,0 %, 2398 MHz, 40, 11.80 W
1788703599.864303395,0 %, 2398 MHz, 40, 11.81 W
1788703599.965004397,0 %, 2398 MHz, 40, 11.81 W
1788703600.065343063,0 %, 2398 MHz, 40, 11.81 W
1788703600.165655504,0 %, 2398 MHz, 40, 11.81 W
1788703600.265975161,0 %, 2398 MHz, 40, 11.81 W
1788703600.366283698,0 %, 2398 MHz, 40, 11.78 W
1788703600.467199613,0 %, 2398 MHz, 40, 11.78 W
1788703600.567320389,0 %, 2398 MHz, 40, 11.78 W
1788703600.667486014,0 %, 2398 MHz, 40, 11.78 W
1788703600.767863415,0 %, 2398 MHz, 40, 11.78 W
1788703600.868221472,0 %, 2398 MHz, 40, 11.78 W
1788703600.968317913,0 %, 2398 MHz, 40, 11.78 W
1788703601.069286548,0 %, 2398 MHz, 40, 11.78 W
1788703601.169403100,0 %, 2398 MHz, 40, 11.78 W
1788703601.269808453,0 %, 2398 MHz, 40, 11.78 W
1788703601.370132862,0 %, 2398 MHz, 40, 11.79 W
1788703601.470515607,0 %, 2398 MHz, 40, 11.79 W
1788703601.571035761,0 %, 2398 MHz, 40, 11.79 W
1788703601.672050828,0 %, 2398 MHz, 40, 11.79 W
1788703601.771657555,0 %, 2398 MHz, 40, 11.79 W
1788703601.872036684,0 %, 2398 MHz, 40, 11.76 W
1788703601.972312484,0 %, 2398 MHz, 40, 11.76 W
1788703602.073071855,0 %, 2398 MHz, 40, 11.76 W
1788703602.173346119,0 %, 2398 MHz, 40, 11.76 W
1788703602.273703744,0 %, 2398 MHz, 40, 11.76 W
1788703602.374073929,0 %, 2398 MHz, 40, 11.77 W
1788703602.474995652,0 %, 2398 MHz, 40, 11.77 W
1788703602.575099355,0 %, 2398 MHz, 40, 11.77 W
1788703602.675437172,0 %, 2398 MHz, 40, 11.77 W
1788703602.775754301,0 %, 2398 MHz, 40, 11.77 W
1788703602.876457111,0 %, 2398 MHz, 40, 11.79 W
1788703602.976989312,0 %, 2398 MHz, 40, 11.79 W
1788703603.077371737,0 %, 2398 MHz, 40, 11.79 W
1788703603.177570657,0 %, 2398 MHz, 40, 11.79 W
1788703603.277458488,0 %, 2398 MHz, 40, 11.79 W
1788703603.377795152,0 %, 2398 MHz, 40, 11.80 W
1788703603.477789895,0 %, 2398 MHz, 40, 11.80 W
1788703603.577740286,0 %, 2398 MHz, 40, 11.80 W
1788703603.679173819,0 %, 2398 MHz, 40, 11.80 W
1788703603.779545092,0 %, 2398 MHz, 40, 11.80 W
1788703603.879656875,0 %, 2398 MHz, 40, 11.80 W
1788703603.979883075,0 %, 2398 MHz, 40, 11.80 W
1788703604.080375852,0 %, 2398 MHz, 40, 11.80 W
1788703604.180927653,0 %, 2398 MHz, 40, 11.80 W
1788703604.281222637,0 %, 2398 MHz, 40, 11.80 W
1788703604.381446549,0 %, 2398 MHz, 40, 11.79 W
1788703604.481809278,0 %, 2398 MHz, 40, 11.79 W
1788703604.582160854,0 %, 2398 MHz, 40, 11.79 W
1788703604.682344238,0 %, 2398 MHz, 40, 11.79 W
1788703604.783039511,0 %, 2398 MHz, 40, 11.79 W
1788703604.883558816,0 %, 2398 MHz, 40, 11.77 W
1788703604.983788888,0 %, 2398 MHz, 40, 11.77 W
1788703605.084070384,0 %, 2398 MHz, 40, 11.77 W
1788703605.184267239,0 %, 2398 MHz, 40, 11.77 W
1788703605.285018561,0 %, 2398 MHz, 40, 11.77 W
1788703605.385297049,0 %, 2398 MHz, 40, 11.77 W
1788703605.485666609,0 %, 2398 MHz, 40, 11.77 W
1788703605.585866953,0 %, 2398 MHz, 40, 11.77 W
1788703605.686351857,0 %, 2398 MHz, 40, 11.77 W
1788703605.787087499,0 %, 2398 MHz, 40, 11.77 W
1788703605.887231202,0 %, 2398 MHz, 40, 11.77 W
1788703605.987440954,0 %, 2398 MHz, 40, 11.77 W
1788703606.087841650,0 %, 2398 MHz, 40, 11.77 W
1788703606.188132377,0 %, 2398 MHz, 40, 11.77 W
1788703606.288818834,0 %, 2398 MHz, 40, 11.77 W
1788703606.389145626,0 %, 2398 MHz, 40, 11.75 W
1788703606.489585730,0 %, 2398 MHz, 40, 11.75 W
1788703606.589782730,0 %, 2398 MHz, 40, 11.75 W
1788703606.690551539,0 %, 2398 MHz, 40, 11.75 W
1788703606.790288873,0 %, 2398 MHz, 40, 11.75 W
1788703606.891021698,0 %, 2398 MHz, 40, 11.74 W
1788703606.991165033,0 %, 2398 MHz, 40, 11.74 W
1788703607.091494945,0 %, 2398 MHz, 40, 11.74 W
1788703607.191889321,0 %, 2398 MHz, 40, 11.74 W
1788703607.292145744,0 %, 2398 MHz, 40, 11.74 W
1788703607.392890281,0 %, 2398 MHz, 40, 11.77 W
1788703607.493412673,0 %, 2398 MHz, 40, 11.77 W
1788703607.593530152,0 %, 2398 MHz, 40, 11.77 W
1788703607.693900448,0 %, 2398 MHz, 40, 11.77 W
1788703607.794205815,0 %, 2398 MHz, 40, 11.77 W
1788703607.894953520,0 %, 2398 MHz, 40, 11.78 W
1788703607.995254216,0 %, 2398 MHz, 40, 11.78 W
1788703608.095564895,0 %, 2398 MHz, 40, 11.78 W
1788703608.195904455,0 %, 2398 MHz, 40, 11.78 W
1788703608.296548511,0 %, 2398 MHz, 40, 11.78 W
1788703608.396902679,0 %, 2398 MHz, 40, 11.75 W
1788703608.497404783,0 %, 2398 MHz, 40, 11.75 W
1788703608.597184660,0 %, 2398 MHz, 40, 11.75 W
1788703608.697323387,0 %, 2398 MHz, 40, 11.75 W
1788703608.797177040,0 %, 2398 MHz, 40, 11.75 W
1788703608.898200490,0 %, 2398 MHz, 40, 11.77 W
1788703608.998487153,0 %, 2398 MHz, 40, 11.77 W
1788703609.099412715,0 %, 2398 MHz, 40, 11.77 W
1788703609.199481569,0 %, 2398 MHz, 40, 11.77 W
1788703609.299872552,0 %, 2398 MHz, 40, 11.77 W
1788703609.400203455,0 %, 2398 MHz, 40, 11.76 W
1788703609.501126921,0 %, 2398 MHz, 40, 11.76 W
1788703609.601062302,0 %, 2398 MHz, 40, 11.76 W
1788703609.701382326,0 %, 2398 MHz, 40, 11.76 W
1788703609.801743549,0 %, 2398 MHz, 40, 11.76 W
1788703609.901945380,0 %, 2398 MHz, 40, 11.71 W
1788703610.002246043,0 %, 2398 MHz, 40, 11.71 W
1788703610.103161988,0 %, 2398 MHz, 40, 11.71 W
1788703610.203304010,0 %, 2398 MHz, 40, 11.71 W
1788703610.303488288,0 %, 2398 MHz, 40, 11.71 W
1788703610.403843831,0 %, 2398 MHz, 40, 11.69 W
1788703610.504180094,0 %, 2398 MHz, 40, 11.69 W
1788703610.604493061,0 %, 2398 MHz, 40, 11.69 W
1788703610.705401454,0 %, 2398 MHz, 40, 11.69 W
1788703610.805530116,0 %, 2398 MHz, 40, 11.69 W
1788703610.906080620,0 %, 2398 MHz, 40, 11.69 W
1788703611.006122242,0 %, 2398 MHz, 40, 11.69 W
1788703611.106946571,0 %, 2398 MHz, 40, 11.69 W
1788703611.207234161,0 %, 2398 MHz, 40, 11.69 W
1788703611.307575256,0 %, 2398 MHz, 40, 11.69 W
1788703611.407966591,0 %, 2398 MHz, 40, 11.70 W
1788703611.508654391,0 %, 2398 MHz, 40, 11.70 W
1788703611.608995086,0 %, 2398 MHz, 40, 11.70 W
1788703611.709329188,0 %, 2398 MHz, 40, 11.70 W
1788703611.809892540,0 %, 2398 MHz, 40, 11.70 W
1788703611.910567396,0 %, 2398 MHz, 40, 11.68 W
1788703612.010581834,0 %, 2398 MHz, 40, 11.68 W
1788703612.110952608,0 %, 2398 MHz, 40, 11.68 W
1788703612.211243670,0 %, 2398 MHz, 40, 11.68 W
1788703612.311422588,0 %, 2398 MHz, 40, 11.68 W
1788703612.411795475,0 %, 2398 MHz, 40, 11.66 W
1788703612.512480715,0 %, 2398 MHz, 40, 11.66 W
1788703612.612648753,0 %, 2398 MHz, 40, 11.66 W
1788703612.713133080,0 %, 2398 MHz, 40, 11.66 W
1788703612.813303054,0 %, 2398 MHz, 40, 11.66 W
1788703612.913762261,0 %, 2398 MHz, 40, 11.65 W
1788703613.014038955,0 %, 2398 MHz, 40, 11.65 W
1788703613.114589922,0 %, 2398 MHz, 40, 11.65 W
1788703613.214928473,0 %, 2398 MHz, 40, 11.65 W
1788703613.315224063,0 %, 2398 MHz, 40, 11.65 W
1788703613.415411860,0 %, 2398 MHz, 40, 11.68 W
1788703613.515824555,0 %, 2398 MHz, 40, 11.68 W
1788703613.616138433,0 %, 2398 MHz, 40, 11.68 W
1788703613.716995817,0 %, 2398 MHz, 40, 11.68 W
1788703613.817325440,0 %, 2398 MHz, 40, 11.68 W
1788703613.917598502,0 %, 2398 MHz, 40, 11.70 W
1788703614.017816716,0 %, 2398 MHz, 40, 11.70 W
1788703614.118473587,0 %, 2398 MHz, 40, 11.70 W
1788703614.218257687,0 %, 2398 MHz, 40, 11.70 W
1788703614.318985263,0 %, 2398 MHz, 40, 11.70 W
1788703614.419311349,0 %, 2398 MHz, 40, 11.72 W
1788703614.519707755,0 %, 2398 MHz, 40, 11.72 W
1788703614.620008561,0 %, 2398 MHz, 40, 11.72 W
1788703614.720738600,0 %, 2398 MHz, 40, 11.72 W
1788703614.821190975,0 %, 2398 MHz, 40, 11.74 W
1788703614.921372132,0 %, 2398 MHz, 40, 11.74 W
1788703615.021771995,0 %, 2398 MHz, 40, 11.74 W
1788703615.122434370,0 %, 2398 MHz, 40, 11.74 W
1788703615.222592679,0 %, 2398 MHz, 40, 11.74 W
1788703615.322941261,0 %, 2398 MHz, 40, 11.73 W
1788703615.423312675,0 %, 2398 MHz, 40, 11.73 W
1788703615.523603929,0 %, 2398 MHz, 40, 11.73 W
1788703615.624369952,0 %, 2398 MHz, 40, 11.73 W
1788703615.724893735,0 %, 2398 MHz, 40, 11.73 W
1788703615.824899835,0 %, 2398 MHz, 40, 11.70 W
1788703615.925080961,0 %, 2398 MHz, 40, 11.70 W
1788703616.025428327,0 %, 2398 MHz, 40, 11.70 W
1788703616.125790364,0 %, 2398 MHz, 40, 11.70 W
1788703616.226440931,0 %, 2398 MHz, 40, 11.70 W
1788703616.326786329,0 %, 2398 MHz, 40, 11.72 W
1788703616.427293727,0 %, 2398 MHz, 40, 11.72 W
1788703616.527637141,0 %, 2398 MHz, 40, 11.72 W
1788703616.627833114,0 %, 2398 MHz, 40, 11.72 W
1788703616.729497589,0 %, 2398 MHz, 40, 11.72 W
1788703616.828835591,0 %, 2398 MHz, 40, 11.75 W
1788703616.929168156,0 %, 2398 MHz, 40, 11.75 W
1788703617.029353137,0 %, 2398 MHz, 40, 11.75 W
1788703617.129732679,0 %, 2398 MHz, 40, 11.75 W
1788703617.230412974,0 %, 2398 MHz, 40, 11.75 W
1788703617.330718019,0 %, 2398 MHz, 40, 11.77 W
1788703617.431190761,0 %, 2398 MHz, 40, 11.77 W
1788703617.531582815,0 %, 2398 MHz, 40, 11.77 W
1788703617.632125781,0 %, 2398 MHz, 40, 11.77 W
1788703617.732608747,0 %, 2398 MHz, 40, 11.77 W
1788703617.832865136,0 %, 2398 MHz, 40, 11.79 W
1788703617.933136565,0 %, 2398 MHz, 40, 11.79 W
1788703618.033319290,0 %, 2398 MHz, 40, 11.79 W
1788703618.134047185,0 %, 2398 MHz, 40, 11.79 W
1788703618.234354086,0 %, 2398 MHz, 40, 11.79 W
1788703618.334504490,0 %, 2398 MHz, 40, 11.77 W
1788703618.435034288,0 %, 2398 MHz, 40, 11.77 W
1788703618.535221221,0 %, 2398 MHz, 40, 11.77 W
1788703618.635408554,0 %, 2398 MHz, 40, 11.77 W
1788703618.735928080,0 %, 2398 MHz, 40, 11.77 W
1788703618.836459382,0 %, 2398 MHz, 40, 11.75 W
1788703618.936779467,0 %, 2398 MHz, 40, 11.75 W
1788703619.037105744,0 %, 2398 MHz, 40, 11.75 W
1788703619.137334949,0 %, 2398 MHz, 40, 11.75 W
1788703619.237726010,0 %, 2398 MHz, 40, 11.75 W
1788703619.338383744,0 %, 2398 MHz, 40, 11.76 W
1788703619.438915318,0 %, 2398 MHz, 40, 11.76 W
1788703619.539065386,0 %, 2398 MHz, 40, 11.76 W
1788703619.639362239,0 %, 2398 MHz, 40, 11.76 W
1788703619.740107462,0 %, 2398 MHz, 40, 11.76 W
1788703619.840399434,0 %, 2398 MHz, 40, 11.76 W
1788703619.940867920,0 %, 2398 MHz, 40, 11.76 W
1788703620.041151141,0 %, 2398 MHz, 40, 11.76 W
1788703620.141831115,0 %, 2398 MHz, 40, 11.76 W
1788703620.242107183,0 %, 2398 MHz, 40, 11.76 W
1788703620.342493380,0 %, 2398 MHz, 40, 11.77 W
1788703620.442861673,0 %, 2398 MHz, 40, 11.77 W
1788703620.543567887,0 %, 2398 MHz, 40, 11.77 W
1788703620.643894404,0 %, 2398 MHz, 40, 11.77 W
1788703620.744391162,0 %, 2398 MHz, 40, 11.77 W
1788703620.844401709,0 %, 2398 MHz, 40, 11.76 W
1788703620.944807490,0 %, 2398 MHz, 40, 11.76 W
1788703621.045625033,0 %, 2398 MHz, 40, 11.76 W
1788703621.145794205,0 %, 2398 MHz, 40, 11.76 W
1788703621.246052033,0 %, 2398 MHz, 40, 11.76 W
1788703621.346393286,0 %, 2398 MHz, 40, 11.71 W
1788703621.446787259,0 %, 2398 MHz, 40, 11.71 W
1788703621.547455424,0 %, 2398 MHz, 40, 11.71 W
1788703621.647804277,0 %, 2398 MHz, 40, 11.71 W
1788703621.748053657,0 %, 2398 MHz, 40, 11.71 W
1788703621.848402846,0 %, 2398 MHz, 40, 11.69 W
1788703621.949154740,0 %, 2398 MHz, 40, 11.69 W
1788703622.049470137,0 %, 2398 MHz, 40, 11.69 W
1788703622.149825485,0 %, 2398 MHz, 40, 11.69 W
1788703622.250160385,0 %, 2398 MHz, 40, 11.69 W
1788703622.350369813,0 %, 2398 MHz, 40, 11.72 W
1788703622.450748218,0 %, 2398 MHz, 40, 11.72 W
1788703622.551380239,0 %, 2398 MHz, 40, 11.72 W
1788703622.651710916,0 %, 2398 MHz, 40, 11.72 W
1788703622.752228185,0 %, 2398 MHz, 40, 11.72 W
1788703622.852555501,0 %, 2398 MHz, 40, 11.78 W
1788703622.953121922,0 %, 2398 MHz, 40, 11.78 W
1788703623.053446295,0 %, 2398 MHz, 40, 11.78 W
1788703623.153843275,0 %, 2398 MHz, 40, 11.78 W
1788703623.254169695,0 %, 2398 MHz, 40, 11.78 W
1788703623.354294771,0 %, 2398 MHz, 40, 11.77 W
1788703623.455027816,0 %, 2398 MHz, 40, 11.77 W
1788703623.555368396,0 %, 2398 MHz, 40, 11.77 W
1788703623.655674193,0 %, 2398 MHz, 40, 11.77 W
1788703623.755572595,0 %, 2398 MHz, 40, 11.77 W
1788703623.855746087,0 %, 2398 MHz, 40, 11.73 W
1788703623.955718201,0 %, 2398 MHz, 40, 11.73 W
1788703624.056652304,0 %, 2398 MHz, 40, 11.73 W
1788703624.157347429,0 %, 2398 MHz, 40, 11.73 W
1788703624.257546841,0 %, 2398 MHz, 40, 11.73 W
1788703624.358131517,0 %, 2398 MHz, 40, 11.72 W
1788703624.458455857,0 %, 2398 MHz, 40, 11.72 W
1788703624.558616085,0 %, 2398 MHz, 40, 11.72 W
1788703624.659490987,0 %, 2398 MHz, 40, 11.72 W
1788703624.759645022,0 %, 2398 MHz, 40, 11.72 W
1788703624.860013730,0 %, 2398 MHz, 40, 11.71 W
1788703624.960295430,0 %, 2398 MHz, 40, 11.71 W
1788703625.061015835,0 %, 2398 MHz, 40, 11.71 W
1788703625.161340463,0 %, 2398 MHz, 40, 11.71 W
1788703625.261644034,0 %, 2398 MHz, 40, 11.71 W
1788703625.362212407,0 %, 2398 MHz, 40, 11.70 W
1788703625.462491259,0 %, 2398 MHz, 40, 11.70 W
1788703625.563008127,0 %, 2398 MHz, 40, 11.70 W
1788703625.663637268,0 %, 2398 MHz, 40, 11.70 W
1788703625.763510582,0 %, 2398 MHz, 40, 11.70 W
1788703625.863897162,0 %, 2398 MHz, 40, 11.72 W
1788703625.964224222,0 %, 2398 MHz, 40, 11.72 W
1788703626.064895842,0 %, 2398 MHz, 40, 11.72 W
1788703626.165236454,0 %, 2398 MHz, 40, 11.72 W
1788703626.265562105,0 %, 2398 MHz, 40, 11.72 W
1788703626.365934653,0 %, 2398 MHz, 40, 11.79 W
1788703626.466964387,0 %, 2398 MHz, 40, 11.79 W
1788703626.566974278,0 %, 2398 MHz, 40, 11.79 W
1788703626.667403866,0 %, 2398 MHz, 40, 11.79 W
1788703626.767407948,0 %, 2398 MHz, 40, 11.79 W
1788703626.867836240,0 %, 2398 MHz, 40, 11.81 W
1788703626.968103763,0 %, 2398 MHz, 40, 11.81 W
1788703627.068832232,0 %, 2398 MHz, 40, 11.81 W
1788703627.169147435,0 %, 2398 MHz, 40, 11.81 W
1788703627.269361422,0 %, 2398 MHz, 40, 11.81 W
1788703627.369791090,0 %, 2398 MHz, 40, 11.80 W
1788703627.470275686,0 %, 2398 MHz, 40, 11.80 W
1788703627.570440552,0 %, 2398 MHz, 40, 11.80 W
1788703627.671014621,0 %, 2398 MHz, 40, 11.80 W
1788703627.771482112,0 %, 2398 MHz, 40, 11.80 W
1788703627.871474786,0 %, 2398 MHz, 40, 11.77 W
1788703627.971811894,0 %, 2398 MHz, 40, 11.77 W
1788703628.072171177,0 %, 2398 MHz, 40, 11.77 W
1788703628.172881854,0 %, 2398 MHz, 40, 11.77 W
1788703628.273176465,0 %, 2398 MHz, 40, 11.77 W
1788703628.373514196,0 %, 2398 MHz, 40, 11.72 W
1788703628.474087736,0 %, 2398 MHz, 40, 11.72 W
1788703628.574598076,0 %, 2398 MHz, 40, 11.72 W
1788703628.674946095,0 %, 2398 MHz, 40, 11.72 W
1788703628.775432050,0 %, 2398 MHz, 40, 11.72 W
1788703628.875591013,0 %, 2398 MHz, 40, 11.71 W
1788703628.976303177,0 %, 2398 MHz, 40, 11.71 W
1788703629.076622796,0 %, 2398 MHz, 40, 11.71 W
1788703629.176952863,0 %, 2398 MHz, 40, 11.71 W
1788703629.277325474,0 %, 2398 MHz, 40, 11.71 W
1788703629.377671621,0 %, 2398 MHz, 40, 11.74 W
1788703629.478543066,0 %, 2398 MHz, 40, 11.74 W
1788703629.578544188,0 %, 2398 MHz, 40, 11.74 W
1788703629.678758494,0 %, 2398 MHz, 40, 11.74 W
1788703629.779046209,0 %, 2398 MHz, 40, 11.74 W
1788703629.879373700,0 %, 2398 MHz, 40, 11.76 W
1788703629.979870327,0 %, 2398 MHz, 40, 11.76 W
1788703630.080481723,0 %, 2398 MHz, 40, 11.76 W
1788703630.180845902,0 %, 2398 MHz, 40, 11.76 W
1788703630.281338673,0 %, 2398 MHz, 40, 11.76 W
1788703630.381587524,0 %, 2398 MHz, 40, 11.76 W
1788703630.481918598,0 %, 2398 MHz, 40, 11.76 W
1788703630.582598410,0 %, 2398 MHz, 40, 11.76 W
1788703630.682736956,0 %, 2398 MHz, 40, 11.76 W
1788703630.783272800,0 %, 2398 MHz, 40, 11.76 W
1788703630.883425058,0 %, 2398 MHz, 40, 11.78 W
1788703630.983417107,0 %, 2398 MHz, 40, 11.78 W
1788703631.084323400,0 %, 2398 MHz, 40, 11.78 W
1788703631.184646970,0 %, 2398 MHz, 40, 11.78 W
1788703631.285012413,0 %, 2398 MHz, 40, 11.78 W
1788703631.385323247,0 %, 2398 MHz, 40, 11.79 W
1788703631.486275700,0 %, 2398 MHz, 40, 11.79 W
1788703631.586379414,0 %, 2398 MHz, 40, 11.79 W
1788703631.686675560,0 %, 2398 MHz, 40, 11.79 W
1788703631.787054907,0 %, 2398 MHz, 40, 11.79 W
1788703631.887348893,0 %, 2398 MHz, 40, 11.78 W
1788703631.988297554,0 %, 2398 MHz, 40, 11.78 W
1788703632.088591732,0 %, 2398 MHz, 40, 11.78 W
1788703632.189025271,0 %, 2398 MHz, 40, 11.78 W
1788703632.289134776,0 %, 2398 MHz, 40, 11.78 W
1788703632.389268330,0 %, 2398 MHz, 40, 11.77 W
1788703632.490198382,0 %, 2398 MHz, 40, 11.77 W
1788703632.590376544,0 %, 2398 MHz, 40, 11.77 W
1788703632.690516850,0 %, 2398 MHz, 40, 11.77 W
1788703632.790920036,0 %, 2398 MHz, 40, 11.77 W
1788703632.891223142,0 %, 2398 MHz, 40, 11.78 W
1788703632.991932042,0 %, 2398 MHz, 40, 11.78 W
1788703633.092248844,0 %, 2398 MHz, 40, 11.78 W
1788703633.192599726,0 %, 2398 MHz, 40, 11.78 W
1788703633.292858848,0 %, 2398 MHz, 40, 11.78 W
1788703633.393111442,0 %, 2398 MHz, 40, 11.80 W
1788703633.493497412,0 %, 2398 MHz, 40, 11.80 W
1788703633.593495013,0 %, 2398 MHz, 40, 11.80 W
1788703633.693651782,0 %, 2398 MHz, 40, 11.80 W
1788703633.794410138,0 %, 2398 MHz, 40, 11.80 W
1788703633.894027401,0 %, 2398 MHz, 40, 11.79 W
1788703633.994202363,0 %, 2398 MHz, 40, 11.79 W
1788703634.094996479,0 %, 2398 MHz, 40, 11.79 W
1788703634.194721006,0 %, 2398 MHz, 40, 11.79 W
1788703634.295387969,0 %, 2398 MHz, 40, 11.79 W
1788703634.395568163,0 %, 2398 MHz, 40, 11.73 W
1788703634.496116869,0 %, 2398 MHz, 40, 11.73 W
1788703634.596316039,0 %, 2398 MHz, 40, 11.73 W
1788703634.696595496,0 %, 2398 MHz, 40, 11.73 W
1788703634.797536332,0 %, 2398 MHz, 40, 11.73 W
1788703634.897845406,0 %, 2398 MHz, 40, 11.71 W
1788703634.998017792,0 %, 2398 MHz, 40, 11.71 W
1788703635.098280433,0 %, 2398 MHz, 40, 11.71 W
1788703635.199002900,0 %, 2398 MHz, 40, 11.71 W
1788703635.299188197,0 %, 2398 MHz, 40, 11.71 W
1788703635.399510599,0 %, 2398 MHz, 40, 11.74 W
1788703635.499901913,0 %, 2398 MHz, 40, 11.74 W
1788703635.599888553,0 %, 2398 MHz, 40, 11.74 W
1788703635.700058874,0 %, 2398 MHz, 40, 11.74 W
1788703635.800372860,0 %, 2398 MHz, 40, 11.74 W
1788703635.900755742,0 %, 2398 MHz, 40, 11.77 W
1788703636.001050431,0 %, 2398 MHz, 40, 11.77 W
1788703636.101453313,0 %, 2398 MHz, 40, 11.77 W
1788703636.201956803,0 %, 2398 MHz, 40, 11.77 W
1788703636.302278980,0 %, 2398 MHz, 40, 11.77 W
1788703636.402475749,0 %, 2398 MHz, 40, 11.76 W
1788703636.503030008,0 %, 2398 MHz, 40, 11.76 W
1788703636.603169704,0 %, 2398 MHz, 40, 11.76 W
1788703636.703872427,0 %, 2398 MHz, 40, 11.76 W
1788703636.804719471,0 %, 2398 MHz, 40, 11.76 W
1788703636.904410030,0 %, 2398 MHz, 40, 11.75 W
1788703637.005019440,0 %, 2398 MHz, 40, 11.75 W
1788703637.105107873,0 %, 2398 MHz, 40, 11.75 W
1788703637.205276721,0 %, 2398 MHz, 40, 11.75 W
1788703637.306006516,0 %, 2398 MHz, 40, 11.75 W
1788703637.406331333,0 %, 2398 MHz, 40, 11.76 W
1788703637.506924887,0 %, 2398 MHz, 40, 11.76 W
1788703637.607069544,0 %, 2398 MHz, 40, 11.76 W
1788703637.708036059,0 %, 2398 MHz, 40, 11.76 W
1788703637.807970331,0 %, 2398 MHz, 40, 11.76 W
1788703637.908278300,0 %, 2398 MHz, 40, 11.75 W
1788703638.008857503,0 %, 2398 MHz, 40, 11.75 W
1788703638.108941119,0 %, 2398 MHz, 40, 11.75 W
1788703638.209674001,0 %, 2398 MHz, 40, 11.75 W
1788703638.310007074,0 %, 2398 MHz, 40, 11.75 W
1788703638.410350083,0 %, 2398 MHz, 40, 11.73 W
1788703638.510916613,0 %, 2398 MHz, 40, 11.73 W
1788703638.611399847,0 %, 2398 MHz, 40, 11.73 W
1788703638.711570551,0 %, 2398 MHz, 40, 11.73 W
1788703638.811176614,0 %, 2398 MHz, 40, 11.73 W
1788703638.911684327,0 %, 2398 MHz, 40, 11.72 W
1788703639.011577047,0 %, 2398 MHz, 40, 11.72 W
1788703639.111961240,0 %, 2398 MHz, 40, 11.72 W
1788703639.212839163,0 %, 2398 MHz, 40, 11.72 W
1788703639.313180508,0 %, 2398 MHz, 40, 11.72 W
1788703639.413307564,0 %, 2398 MHz, 40, 11.73 W
1788703639.514204335,0 %, 2398 MHz, 40, 11.73 W
1788703639.613763709,0 %, 2398 MHz, 40, 11.73 W
1788703639.713743980,0 %, 2398 MHz, 40, 11.73 W
1788703639.813783884,0 %, 2398 MHz, 40, 11.73 W
1788703639.914166717,0 %, 2398 MHz, 40, 11.73 W
1788703640.014308941,0 %, 2398 MHz, 40, 11.73 W
1788703640.115363312,0 %, 2398 MHz, 40, 11.73 W
1788703640.215881218,0 %, 2398 MHz, 40, 11.73 W
1788703640.316202818,0 %, 2398 MHz, 40, 11.73 W
1788703640.416525011,0 %, 2398 MHz, 40, 11.76 W
1788703640.517234725,0 %, 2398 MHz, 40, 11.76 W
1788703640.617359717,0 %, 2398 MHz, 40, 11.76 W
1788703640.717773174,0 %, 2398 MHz, 40, 11.76 W
1788703640.818027110,0 %, 2398 MHz, 40, 11.76 W
1788703640.918232278,0 %, 2398 MHz, 40, 11.76 W
1788703641.019144713,0 %, 2398 MHz, 40, 11.76 W
1788703641.119745035,0 %, 2398 MHz, 40, 11.76 W
1788703641.219477865,0 %, 2398 MHz, 40, 11.76 W
1788703641.319873529,0 %, 2398 MHz, 40, 11.76 W
1788703641.420387627,0 %, 2398 MHz, 40, 11.74 W
1788703641.520542858,0 %, 2398 MHz, 40, 11.74 W
1788703641.621081644,0 %, 2398 MHz, 40, 11.74 W
1788703641.721392732,0 %, 2398 MHz, 40, 11.74 W
1788703641.821776700,0 %, 2398 MHz, 40, 11.74 W
1788703641.922083821,0 %, 2398 MHz, 40, 11.73 W
1788703642.022275645,0 %, 2398 MHz, 40, 11.73 W
1788703642.123025183,0 %, 2398 MHz, 40, 11.73 W
1788703642.223334415,0 %, 2398 MHz, 40, 11.73 W
1788703642.323671183,0 %, 2398 MHz, 40, 11.71 W
1788703642.423854079,0 %, 2398 MHz, 40, 11.71 W
1788703642.524226911,0 %, 2398 MHz, 40, 11.71 W
1788703642.624898033,0 %, 2398 MHz, 40, 11.71 W
1788703642.725235889,0 %, 2398 MHz, 40, 11.71 W
1788703642.825446401,0 %, 2398 MHz, 40, 11.74 W
1788703642.925876929,0 %, 2398 MHz, 40, 11.74 W
1788703643.026126785,0 %, 2398 MHz, 40, 11.74 W
1788703643.126848914,0 %, 2398 MHz, 40, 11.74 W
1788703643.227129970,0 %, 2398 MHz, 40, 11.74 W
1788703643.327498466,0 %, 2398 MHz, 40, 11.74 W
1788703643.427881203,0 %, 2398 MHz, 40, 11.74 W
1788703643.528784661,0 %, 2398 MHz, 40, 11.74 W
1788703643.628917988,0 %, 2398 MHz, 40, 11.74 W
1788703643.729206004,0 %, 2398 MHz, 40, 11.74 W
1788703643.829782501,0 %, 2398 MHz, 40, 11.72 W
1788703643.929229394,0 %, 2398 MHz, 40, 11.72 W
1788703644.029558482,0 %, 2398 MHz, 40, 11.72 W
1788703644.129889890,0 %, 2398 MHz, 40, 11.72 W
1788703644.230046993,0 %, 2398 MHz, 40, 11.72 W
1788703644.331122883,0 %, 2398 MHz, 40, 11.73 W
1788703644.431571076,0 %, 2398 MHz, 40, 11.73 W
1788703644.531886227,0 %, 2398 MHz, 40, 11.73 W
1788703644.632067715,0 %, 2398 MHz, 40, 11.73 W
1788703644.732585267,0 %, 2398 MHz, 40, 11.73 W
1788703644.833287428,0 %, 2398 MHz, 40, 11.74 W
1788703644.933414819,0 %, 2398 MHz, 40, 11.74 W
1788703645.033778227,0 %, 2398 MHz, 40, 11.74 W
1788703645.134117587,0 %, 2398 MHz, 40, 11.74 W
1788703645.234821028,0 %, 2398 MHz, 40, 11.74 W
1788703645.335137619,0 %, 2398 MHz, 40, 11.74 W
1788703645.435941429,0 %, 2398 MHz, 40, 11.74 W
1788703645.535815411,0 %, 2398 MHz, 40, 11.74 W
1788703645.636569108,0 %, 2398 MHz, 40, 11.74 W
1788703645.737095764,0 %, 2398 MHz, 40, 11.74 W
1788703645.837379716,0 %, 2398 MHz, 40, 11.73 W
1788703645.937528371,0 %, 2398 MHz, 40, 11.73 W
1788703646.038463716,0 %, 2398 MHz, 40, 11.73 W
1788703646.138729204,0 %, 2398 MHz, 40, 11.73 W
1788703646.238872690,0 %, 2398 MHz, 40, 11.73 W
1788703646.339180402,0 %, 2398 MHz, 40, 11.75 W
1788703646.439751586,0 %, 2398 MHz, 40, 11.75 W
1788703646.540451331,0 %, 2398 MHz, 40, 11.75 W
1788703646.640495601,0 %, 2398 MHz, 40, 11.75 W
1788703646.740871313,0 %, 2398 MHz, 40, 11.75 W
1788703646.841358497,0 %, 2398 MHz, 40, 11.78 W
1788703646.941343823,0 %, 2398 MHz, 40, 11.78 W
1788703647.041664526,0 %, 2398 MHz, 40, 11.78 W
1788703647.142397759,0 %, 2398 MHz, 40, 11.78 W
1788703647.242577806,0 %, 2398 MHz, 40, 11.78 W
1788703647.342896269,0 %, 2398 MHz, 40, 11.79 W
1788703647.443472237,0 %, 2398 MHz, 40, 11.79 W
1788703647.543449115,0 %, 2398 MHz, 40, 11.79 W
1788703647.643735466,0 %, 2398 MHz, 40, 11.79 W
1788703647.744521451,0 %, 2398 MHz, 40, 11.79 W
1788703647.844666601,0 %, 2398 MHz, 40, 11.75 W
1788703647.945025977,0 %, 2398 MHz, 40, 11.75 W
1788703648.045321256,0 %, 2398 MHz, 40, 11.75 W
1788703648.145677127,0 %, 2398 MHz, 40, 11.75 W
1788703648.246384935,0 %, 2398 MHz, 40, 11.75 W
1788703648.346565990,0 %, 2398 MHz, 40, 11.75 W
1788703648.447123622,0 %, 2398 MHz, 40, 11.75 W
1788703648.547241796,0 %, 2398 MHz, 40, 11.75 W
1788703648.647570611,0 %, 2398 MHz, 40, 11.75 W
1788703648.748602276,0 %, 2398 MHz, 40, 11.75 W
1788703648.848618978,0 %, 2398 MHz, 40, 11.79 W
1788703648.949034129,0 %, 2398 MHz, 40, 11.79 W
1788703649.049187616,0 %, 2398 MHz, 40, 11.79 W
1788703649.149447422,0 %, 2398 MHz, 40, 11.79 W
1788703649.249765885,0 %, 2398 MHz, 40, 11.79 W
1788703649.350507758,0 %, 2398 MHz, 40, 11.77 W
1788703649.451015069,0 %, 2398 MHz, 40, 11.77 W
1788703649.551187339,0 %, 2398 MHz, 40, 11.77 W
1788703649.651495594,0 %, 2398 MHz, 40, 11.77 W
1788703649.751798297,0 %, 2398 MHz, 40, 11.77 W
1788703649.852521929,0 %, 2398 MHz, 40, 11.77 W
1788703649.953060633,0 %, 2398 MHz, 40, 11.77 W
1788703650.053243607,0 %, 2398 MHz, 40, 11.77 W
1788703650.153536565,0 %, 2398 MHz, 40, 11.77 W
1788703650.254242357,0 %, 2398 MHz, 40, 11.77 W
1788703650.354496947,0 %, 2398 MHz, 40, 11.77 W
1788703650.455057491,0 %, 2398 MHz, 40, 11.77 W
1788703650.555220657,0 %, 2398 MHz, 40, 11.77 W
1788703650.655486383,0 %, 2398 MHz, 40, 11.77 W
1788703650.756349072,0 %, 2398 MHz, 40, 11.77 W
1788703650.856604958,0 %, 2398 MHz, 40, 11.78 W
1788703650.956750396,0 %, 2398 MHz, 40, 11.78 W
1788703651.057147291,0 %, 2398 MHz, 40, 11.78 W
1788703651.157426745,0 %, 2398 MHz, 40, 11.78 W
1788703651.258146825,0 %, 2398 MHz, 40, 11.78 W
1788703651.358453415,0 %, 2398 MHz, 40, 11.78 W
1788703651.459036487,0 %, 2398 MHz, 40, 11.78 W
1788703651.559187796,0 %, 2398 MHz, 40, 11.78 W
1788703651.659357714,0 %, 2398 MHz, 40, 11.78 W
1788703651.760016514,0 %, 2398 MHz, 40, 11.78 W
1788703651.860382560,0 %, 2398 MHz, 40, 11.72 W
1788703651.960729359,0 %, 2398 MHz, 40, 11.72 W
1788703652.061091965,0 %, 2398 MHz, 40, 11.72 W
1788703652.161794941,0 %, 2398 MHz, 40, 11.72 W
1788703652.262110539,0 %, 2398 MHz, 40, 11.72 W
1788703652.362472985,0 %, 2398 MHz, 40, 11.69 W
1788703652.463026456,0 %, 2398 MHz, 40, 11.69 W
1788703652.563727800,0 %, 2398 MHz, 40, 11.69 W
1788703652.663887862,0 %, 2398 MHz, 40, 11.69 W
1788703652.764242404,0 %, 2398 MHz, 40, 11.69 W
1788703652.864414850,0 %, 2398 MHz, 40, 11.70 W
1788703652.964772944,0 %, 2398 MHz, 40, 11.70 W
1788703653.065462959,0 %, 2398 MHz, 40, 11.70 W
1788703653.165769581,0 %, 2398 MHz, 40, 11.70 W
1788703653.266104107,0 %, 2398 MHz, 40, 11.70 W
1788703653.366390745,0 %, 2398 MHz, 40, 11.72 W
1788703653.466969208,0 %, 2398 MHz, 40, 11.72 W
1788703653.567624839,0 %, 2398 MHz, 40, 11.72 W
1788703653.667785333,0 %, 2398 MHz, 40, 11.72 W
1788703653.768114243,0 %, 2398 MHz, 40, 11.72 W
1788703653.868455505,0 %, 2398 MHz, 40, 11.76 W
1788703653.969146656,0 %, 2398 MHz, 40, 11.76 W
1788703654.069476078,0 %, 2398 MHz, 40, 11.76 W
1788703654.169829820,0 %, 2398 MHz, 40, 11.76 W
1788703654.270343690,0 %, 2398 MHz, 40, 11.76 W
1788703654.371091738,0 %, 2398 MHz, 40, 11.78 W
1788703654.471380279,0 %, 2398 MHz, 40, 11.78 W
1788703654.571675557,0 %, 2398 MHz, 40, 11.78 W
1788703654.671884018,0 %, 2398 MHz, 40, 11.78 W
1788703654.772186480,0 %, 2398 MHz, 40, 11.78 W
1788703654.872895199,0 %, 2398 MHz, 40, 11.74 W
1788703654.973310861,0 %, 2398 MHz, 40, 11.74 W
1788703655.073554891,0 %, 2398 MHz, 40, 11.74 W
1788703655.173879816,0 %, 2398 MHz, 40, 11.74 W
1788703655.274643784,0 %, 2398 MHz, 40, 11.74 W
1788703655.374891925,0 %, 2398 MHz, 40, 11.74 W
1788703655.475573300,0 %, 2398 MHz, 40, 11.74 W
1788703655.575880241,0 %, 2398 MHz, 40, 11.74 W
1788703655.675183355,0 %, 2398 MHz, 40, 11.74 W
1788703655.775583849,0 %, 2398 MHz, 40, 11.74 W
1788703655.875871687,0 %, 2398 MHz, 40, 11.78 W
1788703655.976349509,0 %, 2398 MHz, 40, 11.78 W
1788703656.077245284,0 %, 2398 MHz, 40, 11.78 W
1788703656.177381201,0 %, 2398 MHz, 40, 11.78 W
1788703656.277550910,0 %, 2398 MHz, 40, 11.78 W
1788703656.378064604,0 %, 2398 MHz, 40, 11.80 W
1788703656.478455706,0 %, 2398 MHz, 40, 11.80 W
1788703656.578534022,0 %, 2398 MHz, 40, 11.80 W
1788703656.680170664,0 %, 2398 MHz, 40, 11.80 W
1788703656.779681299,0 %, 2398 MHz, 40, 11.80 W
1788703656.880017952,0 %, 2398 MHz, 40, 11.77 W
1788703656.980181661,0 %, 2398 MHz, 40, 11.77 W
1788703657.080355210,0 %, 2398 MHz, 40, 11.77 W
1788703657.180667703,0 %, 2398 MHz, 40, 11.77 W
1788703657.281410982,0 %, 2398 MHz, 40, 11.77 W
1788703657.381941364,0 %, 2398 MHz, 40, 11.75 W
1788703657.482281473,0 %, 2398 MHz, 40, 11.75 W
1788703657.582435310,0 %, 2398 MHz, 40, 11.75 W
1788703657.683175148,0 %, 2398 MHz, 40, 11.75 W
1788703657.783645178,0 %, 2398 MHz, 40, 11.75 W
1788703657.883422741,0 %, 2398 MHz, 40, 11.76 W
1788703657.984398981,0 %, 2398 MHz, 40, 11.76 W
1788703658.084311968,0 %, 2398 MHz, 40, 11.76 W
1788703658.185049823,0 %, 2398 MHz, 40, 11.76 W
1788703658.285379852,0 %, 2398 MHz, 40, 11.76 W
1788703658.385525016,0 %, 2398 MHz, 40, 11.78 W
1788703658.486094166,0 %, 2398 MHz, 40, 11.78 W
1788703658.586415011,0 %, 2398 MHz, 40, 11.78 W
1788703658.687000977,0 %, 2398 MHz, 40, 11.78 W
1788703658.787494287,0 %, 2398 MHz, 40, 11.78 W
1788703658.887631547,0 %, 2398 MHz, 40, 11.79 W
1788703658.987231269,0 %, 2398 MHz, 40, 11.79 W
1788703659.088039380,0 %, 2398 MHz, 40, 11.79 W
1788703659.188330657,0 %, 2398 MHz, 40, 11.79 W
1788703659.288665950,0 %, 2398 MHz, 40, 11.79 W
1788703659.389382300,0 %, 2398 MHz, 40, 11.78 W
1788703659.489736425,0 %, 2398 MHz, 40, 11.78 W
1788703659.589893429,0 %, 2398 MHz, 40, 11.78 W
1788703659.690038769,0 %, 2398 MHz, 40, 11.78 W
1788703659.790446638,0 %, 2398 MHz, 40, 11.78 W
1788703659.890792123,0 %, 2398 MHz, 40, 11.80 W
1788703659.991631018,0 %, 2398 MHz, 40, 11.80 W
1788703660.091933446,0 %, 2398 MHz, 40, 11.80 W
1788703660.192358291,0 %, 2398 MHz, 40, 11.80 W
1788703660.292446383,0 %, 2398 MHz, 40, 11.80 W
1788703660.393166077,0 %, 2398 MHz, 40, 11.79 W
1788703660.493666218,0 %, 2398 MHz, 40, 11.79 W
1788703660.594047495,0 %, 2398 MHz, 40, 11.79 W
1788703660.694171619,0 %, 2398 MHz, 40, 11.79 W
1788703660.794365215,0 %, 2398 MHz, 40, 11.79 W
1788703660.895086781,0 %, 2398 MHz, 40, 11.73 W
1788703660.995404954,0 %, 2398 MHz, 40, 11.73 W
1788703661.095849863,0 %, 2398 MHz, 40, 11.73 W
1788703661.196162739,0 %, 2398 MHz, 40, 11.73 W
1788703661.296871777,0 %, 2398 MHz, 40, 11.73 W
1788703661.397206493,0 %, 2398 MHz, 40, 11.71 W
1788703661.497648714,0 %, 2398 MHz, 40, 11.71 W
1788703661.597807382,0 %, 2398 MHz, 40, 11.71 W
1788703661.698096018,0 %, 2398 MHz, 40, 11.71 W
1788703661.798849696,0 %, 2398 MHz, 40, 11.71 W
1788703661.899189885,0 %, 2398 MHz, 40, 11.68 W
1788703661.999403785,0 %, 2398 MHz, 40, 11.68 W
1788703662.099754085,0 %, 2398 MHz, 40, 11.68 W
1788703662.200093793,0 %, 2398 MHz, 40, 11.68 W
1788703662.300808079,0 %, 2398 MHz, 40, 11.68 W
1788703662.401148283,0 %, 2398 MHz, 40, 11.69 W
1788703662.501604408,0 %, 2398 MHz, 40, 11.69 W
1788703662.601863780,0 %, 2398 MHz, 40, 11.69 W
1788703662.702516866,0 %, 2398 MHz, 40, 11.69 W
1788703662.802878894,0 %, 2398 MHz, 40, 11.69 W
1788703662.903205114,0 %, 2398 MHz, 40, 11.70 W
1788703663.004142889,0 %, 2398 MHz, 40, 11.70 W
1788703663.103738722,0 %, 2398 MHz, 40, 11.70 W
1788703663.204396015,0 %, 2398 MHz, 40, 11.70 W
1788703663.304594987,0 %, 2398 MHz, 40, 11.70 W
1788703663.404944919,0 %, 2398 MHz, 40, 11.67 W
1788703663.505459700,0 %, 2398 MHz, 40, 11.67 W
1788703663.605440238,0 %, 2398 MHz, 40, 11.67 W
1788703663.705835067,0 %, 2398 MHz, 40, 11.67 W
1788703663.806671625,0 %, 2398 MHz, 40, 11.67 W
1788703663.906290914,0 %, 2398 MHz, 40, 11.64 W
1788703664.007194432,0 %, 2398 MHz, 40, 11.64 W
1788703664.107340155,0 %, 2398 MHz, 40, 11.64 W
1788703664.207746711,0 %, 2398 MHz, 40, 11.64 W
1788703664.308234948,0 %, 2398 MHz, 40, 11.64 W
1788703664.407629260,0 %, 2398 MHz, 40, 11.66 W
1788703664.508109321,0 %, 2398 MHz, 40, 11.66 W
1788703664.608302628,0 %, 2398 MHz, 40, 11.66 W
1788703664.709490707,0 %, 2398 MHz, 40, 11.66 W
1788703664.809839023,0 %, 2398 MHz, 40, 11.66 W
1788703664.910187467,0 %, 2398 MHz, 40, 11.70 W
1788703665.010497383,0 %, 2398 MHz, 40, 11.70 W
1788703665.111190132,0 %, 2398 MHz, 40, 11.70 W
1788703665.211339503,0 %, 2398 MHz, 40, 11.70 W
1788703665.311888635,0 %, 2398 MHz, 40, 11.70 W
1788703665.412017526,0 %, 2398 MHz, 40, 11.71 W
1788703665.512253153,0 %, 2398 MHz, 40, 11.71 W
1788703665.612977775,0 %, 2398 MHz, 40, 11.71 W
1788703665.713684796,0 %, 2398 MHz, 40, 11.71 W
1788703665.813715414,0 %, 2398 MHz, 40, 11.71 W
1788703665.914208578,0 %, 2398 MHz, 40, 11.70 W
1788703666.014893887,0 %, 2398 MHz, 40, 11.70 W
1788703666.115062826,0 %, 2398 MHz, 40, 11.70 W
1788703666.215371270,0 %, 2398 MHz, 40, 11.70 W
1788703666.315763233,0 %, 2398 MHz, 40, 11.70 W
1788703666.416468206,0 %, 2398 MHz, 40, 11.68 W
1788703666.516806746,0 %, 2398 MHz, 40, 11.68 W
1788703666.616961573,0 %, 2398 MHz, 40, 11.68 W
1788703666.718075779,0 %, 2398 MHz, 40, 11.68 W
1788703666.817625227,0 %, 2398 MHz, 40, 11.68 W
1788703666.917984359,0 %, 2398 MHz, 40, 11.66 W
1788703667.018785748,0 %, 2398 MHz, 40, 11.66 W
1788703667.119092623,0 %, 2398 MHz, 40, 11.66 W
1788703667.219259706,0 %, 2398 MHz, 40, 11.66 W
1788703667.319577173,0 %, 2398 MHz, 40, 11.66 W
1788703667.420317666,0 %, 2398 MHz, 40, 11.67 W
1788703667.520760174,0 %, 2398 MHz, 40, 11.67 W
1788703667.620893592,0 %, 2398 MHz, 40, 11.67 W
1788703667.721417556,0 %, 2398 MHz, 40, 11.67 W
1788703667.821563791,0 %, 2398 MHz, 40, 11.67 W
1788703667.921788042,0 %, 2398 MHz, 40, 11.68 W
1788703668.022645591,0 %, 2398 MHz, 40, 11.68 W
1788703668.122765585,0 %, 2398 MHz, 40, 11.68 W
1788703668.223294941,0 %, 2398 MHz, 40, 11.68 W
1788703668.323372999,0 %, 2398 MHz, 40, 11.68 W
1788703668.423762786,0 %, 2398 MHz, 40, 11.70 W
1788703668.524594351,0 %, 2398 MHz, 40, 11.70 W
1788703668.624762714,0 %, 2398 MHz, 40, 11.70 W
1788703668.725121941,0 %, 2398 MHz, 40, 11.70 W
1788703668.825488704,0 %, 2398 MHz, 40, 11.70 W
1788703668.925463802,0 %, 2398 MHz, 40, 11.76 W
1788703669.026013014,0 %, 2398 MHz, 40, 11.76 W
1788703669.126757714,0 %, 2398 MHz, 40, 11.76 W
1788703669.226250394,0 %, 2398 MHz, 40, 11.76 W
1788703669.326085667,0 %, 2398 MHz, 40, 11.79 W
1788703669.426599071,0 %, 2398 MHz, 40, 11.79 W
1788703669.526890010,0 %, 2398 MHz, 40, 11.79 W
1788703669.626477154,0 %, 2398 MHz, 40, 11.79 W
1788703669.726904221,0 %, 2398 MHz, 40, 11.79 W
1788703669.828026283,0 %, 2398 MHz, 40, 11.79 W
1788703669.928405990,0 %, 2398 MHz, 40, 11.79 W
1788703670.028488352,0 %, 2398 MHz, 40, 11.79 W
1788703670.128825659,0 %, 2398 MHz, 40, 11.79 W
1788703670.229405206,0 %, 2398 MHz, 40, 11.79 W
1788703670.329885137,0 %, 2398 MHz, 40, 11.77 W
1788703670.430237692,0 %, 2398 MHz, 40, 11.77 W
1788703670.530387270,0 %, 2398 MHz, 40, 11.77 W
1788703670.630942146,0 %, 2398 MHz, 40, 11.77 W
1788703670.731478301,0 %, 2398 MHz, 40, 11.77 W
1788703670.831814728,0 %, 2398 MHz, 40, 11.77 W
1788703670.932267875,0 %, 2398 MHz, 40, 11.77 W
1788703671.032414509,0 %, 2398 MHz, 40, 11.77 W
1788703671.132846024,0 %, 2398 MHz, 40, 11.77 W
1788703671.233669764,0 %, 2398 MHz, 40, 11.77 W
1788703671.333835150,0 %, 2398 MHz, 40, 11.76 W
1788703671.434334841,0 %, 2398 MHz, 40, 11.76 W
1788703671.534506083,0 %, 2398 MHz, 40, 11.76 W
1788703671.634904574,0 %, 2398 MHz, 40, 11.76 W
1788703671.735758906,0 %, 2398 MHz, 40, 11.76 W
1788703671.835605971,0 %, 2398 MHz, 40, 11.70 W
1788703671.935913293,0 %, 2398 MHz, 40, 11.70 W
1788703672.036269000,0 %, 2398 MHz, 40, 11.70 W
1788703672.136610066,0 %, 2398 MHz, 40, 11.70 W
1788703672.237336094,0 %, 2398 MHz, 40, 11.70 W
1788703672.337634584,0 %, 2398 MHz, 40, 11.69 W
1788703672.438180899,0 %, 2398 MHz, 40, 11.69 W
1788703672.538540862,0 %, 2398 MHz, 40, 11.69 W
1788703672.639288522,0 %, 2398 MHz, 40, 11.69 W
1788703672.739639204,0 %, 2398 MHz, 40, 11.69 W
1788703672.840026543,0 %, 2398 MHz, 40, 11.72 W
1788703672.940502681,0 %, 2398 MHz, 40, 11.72 W
1788703673.040546819,0 %, 2398 MHz, 40, 11.72 W
1788703673.141228622,0 %, 2398 MHz, 40, 11.72 W
1788703673.241377527,0 %, 2398 MHz, 40, 11.72 W
1788703673.341676017,0 %, 2398 MHz, 40, 11.72 W
1788703673.442273292,0 %, 2398 MHz, 40, 11.72 W
1788703673.542287430,0 %, 2398 MHz, 40, 11.72 W
1788703673.643206018,0 %, 2398 MHz, 40, 11.72 W
1788703673.743332795,0 %, 2398 MHz, 40, 11.72 W
1788703673.843682261,0 %, 2398 MHz, 40, 11.75 W
1788703673.944237424,0 %, 2398 MHz, 40, 11.75 W
1788703674.044288809,0 %, 2398 MHz, 40, 11.75 W
1788703674.145180581,0 %, 2398 MHz, 40, 11.75 W
1788703674.245464287,0 %, 2398 MHz, 40, 11.75 W
1788703674.345499656,0 %, 2398 MHz, 40, 11.77 W
1788703674.445331728,0 %, 2398 MHz, 40, 11.77 W
1788703674.546274764,0 %, 2398 MHz, 40, 11.77 W
1788703674.646555478,0 %, 2398 MHz, 40, 11.77 W
1788703674.747079681,0 %, 2398 MHz, 40, 11.77 W
1788703674.847650347,0 %, 2398 MHz, 40, 11.73 W
1788703674.947959909,0 %, 2398 MHz, 40, 11.73 W
1788703675.048152399,0 %, 2398 MHz, 40, 11.73 W
1788703675.148541721,0 %, 2398 MHz, 40, 11.73 W
1788703675.248373696,0 %, 2398 MHz, 40, 11.73 W
1788703675.349363309,0 %, 2398 MHz, 40, 11.69 W
1788703675.449725046,0 %, 2398 MHz, 40, 11.69 W
1788703675.549859519,0 %, 2398 MHz, 40, 11.69 W
1788703675.650418218,0 %, 2398 MHz, 40, 11.69 W
1788703675.750400083,0 %, 2398 MHz, 40, 11.69 W
1788703675.851278254,0 %, 2398 MHz, 40, 11.69 W
1788703675.951397783,0 %, 2398 MHz, 40, 11.69 W
1788703676.051728161,0 %, 2398 MHz, 40, 11.69 W
1788703676.152095979,0 %, 2398 MHz, 40, 11.69 W
1788703676.252461524,0 %, 2398 MHz, 40, 11.69 W
1788703676.353167007,0 %, 2398 MHz, 40, 11.69 W
1788703676.453648457,0 %, 2398 MHz, 40, 11.69 W
1788703676.553808274,0 %, 2398 MHz, 40, 11.69 W
1788703676.654356861,0 %, 2398 MHz, 40, 11.69 W
1788703676.754853543,0 %, 2398 MHz, 40, 11.69 W
1788703676.855537378,0 %, 2398 MHz, 40, 11.69 W
1788703676.955550138,0 %, 2398 MHz, 40, 11.69 W
1788703677.055885427,0 %, 2398 MHz, 40, 11.69 W
1788703677.156603230,0 %, 2398 MHz, 40, 11.69 W
1788703677.256905223,0 %, 2398 MHz, 40, 11.69 W
1788703677.357284769,0 %, 2398 MHz, 40, 11.73 W
1788703677.457634186,0 %, 2398 MHz, 40, 11.73 W
1788703677.557989764,0 %, 2398 MHz, 40, 11.73 W
1788703677.658637390,0 %, 2398 MHz, 40, 11.73 W
1788703677.758813911,0 %, 2398 MHz, 40, 11.73 W
1788703677.859315089,0 %, 2398 MHz, 40, 11.76 W
1788703677.959582634,0 %, 2398 MHz, 40, 11.76 W
1788703678.059946132,0 %, 2398 MHz, 40, 11.76 W
1788703678.160448141,0 %, 2398 MHz, 40, 11.76 W
1788703678.260614710,0 %, 2398 MHz, 40, 11.76 W
1788703678.360962207,0 %, 2398 MHz, 40, 11.78 W
1788703678.461479785,0 %, 2398 MHz, 40, 11.78 W
1788703678.561814690,0 %, 2398 MHz, 40, 11.78 W
1788703678.662555245,0 %, 2398 MHz, 40, 11.78 W
1788703678.762801478,0 %, 2398 MHz, 40, 11.78 W
1788703678.862977310,0 %, 2398 MHz, 40, 11.79 W
1788703678.963318872,0 %, 2398 MHz, 40, 11.79 W
1788703679.063632257,0 %, 2398 MHz, 40, 11.79 W
1788703679.163793705,0 %, 2398 MHz, 40, 11.79 W
1788703679.264674756,0 %, 2398 MHz, 40, 11.79 W
1788703679.364860588,0 %, 2398 MHz, 40, 11.79 W
1788703679.465353174,0 %, 2398 MHz, 40, 11.79 W
1788703679.565718111,0 %, 2398 MHz, 40, 11.79 W
1788703679.666393113,0 %, 2398 MHz, 40, 11.79 W
1788703679.766750482,0 %, 2398 MHz, 40, 11.79 W
1788703679.867176844,0 %, 2398 MHz, 40, 11.77 W
1788703679.967465477,0 %, 2398 MHz, 40, 11.77 W
1788703680.067597629,0 %, 2398 MHz, 40, 11.77 W
1788703680.168297191,0 %, 2398 MHz, 40, 11.77 W
1788703680.268682928,0 %, 2398 MHz, 40, 11.77 W
1788703680.368855048,0 %, 2398 MHz, 40, 11.75 W
1788703680.469227105,0 %, 2398 MHz, 40, 11.75 W
1788703680.570099004,0 %, 2398 MHz, 40, 11.75 W
1788703680.670565973,0 %, 2398 MHz, 40, 11.75 W
1788703680.770754525,0 %, 2398 MHz, 40, 11.75 W
1788703680.871137366,0 %, 2398 MHz, 40, 11.76 W
1788703680.971449231,0 %, 2398 MHz, 40, 11.76 W
1788703681.072363146,0 %, 2398 MHz, 40, 11.76 W
1788703681.172330801,0 %, 2398 MHz, 40, 11.76 W
1788703681.272838874,0 %, 2398 MHz, 40, 11.76 W
1788703681.373008130,0 %, 2398 MHz, 40, 11.76 W
1788703681.473862861,0 %, 2398 MHz, 40, 11.76 W
1788703681.573947141,0 %, 2398 MHz, 40, 11.76 W
1788703681.674647743,0 %, 2398 MHz, 40, 11.76 W
1788703681.774599046,0 %, 2398 MHz, 40, 11.76 W
1788703681.874856398,0 %, 2398 MHz, 40, 11.77 W
1788703681.975338839,0 %, 2398 MHz, 40, 11.77 W
1788703682.075880689,0 %, 2398 MHz, 40, 11.77 W
1788703682.176166889,0 %, 2398 MHz, 40, 11.77 W
1788703682.276587938,0 %, 2398 MHz, 40, 11.77 W
1788703682.376840106,0 %, 2398 MHz, 40, 11.78 W
1788703682.477309395,0 %, 2398 MHz, 40, 11.78 W
1788703682.577297242,0 %, 2398 MHz, 40, 11.78 W
1788703682.678171636,0 %, 2398 MHz, 40, 11.78 W
1788703682.779092511,0 %, 2398 MHz, 40, 11.78 W
1788703682.878645076,0 %, 2398 MHz, 40, 11.75 W
1788703682.978656540,0 %, 2398 MHz, 40, 11.75 W
1788703683.079154597,0 %, 2398 MHz, 40, 11.75 W
1788703683.179327692,0 %, 2398 MHz, 40, 11.75 W
1788703683.280041798,0 %, 2398 MHz, 40, 11.75 W
1788703683.380385726,0 %, 2398 MHz, 40, 11.74 W
1788703683.480719062,0 %, 2398 MHz, 40, 11.74 W
1788703683.580893886,0 %, 2398 MHz, 40, 11.74 W
1788703683.681580600,0 %, 2398 MHz, 40, 11.74 W
1788703683.781493534,0 %, 2398 MHz, 40, 11.74 W
1788703683.881802886,0 %, 2398 MHz, 40, 11.75 W
1788703683.982607360,0 %, 2398 MHz, 40, 11.75 W
1788703684.082821384,0 %, 2398 MHz, 40, 11.75 W
1788703684.183345473,0 %, 2398 MHz, 40, 11.75 W
1788703684.283482936,0 %, 2398 MHz, 40, 11.75 W
1788703684.384190577,0 %, 2398 MHz, 40, 11.74 W
1788703684.484687450,0 %, 2398 MHz, 40, 11.74 W
1788703684.584180719,0 %, 2398 MHz, 40, 11.74 W
1788703684.684492999,0 %, 2398 MHz, 40, 11.74 W
1788703684.785064032,0 %, 2398 MHz, 40, 11.74 W
1788703684.884981895,0 %, 2398 MHz, 40, 11.74 W
1788703684.985840241,0 %, 2398 MHz, 40, 11.74 W
1788703685.086470762,0 %, 2398 MHz, 40, 11.74 W
1788703685.186933250,0 %, 2398 MHz, 40, 11.74 W
1788703685.287139641,0 %, 2398 MHz, 40, 11.74 W
1788703685.387451393,0 %, 2398 MHz, 40, 11.77 W
1788703685.488387035,0 %, 2398 MHz, 40, 11.77 W
1788703685.588653939,0 %, 2398 MHz, 40, 11.77 W
1788703685.689017707,0 %, 2398 MHz, 40, 11.77 W
1788703685.789548355,0 %, 2398 MHz, 40, 11.77 W
1788703685.889358185,0 %, 2398 MHz, 40, 11.81 W
1788703685.989725137,0 %, 2398 MHz, 40, 11.81 W
1788703686.090416362,0 %, 2398 MHz, 40, 11.81 W
1788703686.190880322,0 %, 2398 MHz, 40, 11.81 W
1788703686.291076218,0 %, 2398 MHz, 40, 11.81 W
1788703686.391477793,0 %, 2398 MHz, 40, 11.79 W
1788703686.491349959,0 %, 2398 MHz, 40, 11.79 W
1788703686.592399746,0 %, 2398 MHz, 40, 11.79 W
1788703686.692531545,0 %, 2398 MHz, 40, 11.79 W
1788703686.793075041,0 %, 2398 MHz, 40, 11.79 W
1788703686.893394585,0 %, 2398 MHz, 40, 11.75 W
1788703686.993148638,0 %, 2398 MHz, 40, 11.75 W
1788703687.093788295,0 %, 2398 MHz, 40, 11.75 W
1788703687.194449008,0 %, 2398 MHz, 40, 11.75 W
1788703687.294816215,0 %, 2398 MHz, 40, 11.75 W
1788703687.395291631,0 %, 2398 MHz, 40, 11.77 W
1788703687.495359686,0 %, 2398 MHz, 40, 11.77 W
1788703687.595878894,0 %, 2398 MHz, 40, 11.77 W
1788703687.696386454,0 %, 2398 MHz, 40, 11.77 W
1788703687.796589357,0 %, 2398 MHz, 40, 11.77 W
1788703687.897088821,0 %, 2398 MHz, 40, 11.75 W
1788703687.997417469,0 %, 2398 MHz, 40, 11.75 W
1788703688.097561987,0 %, 2398 MHz, 40, 11.75 W
1788703688.197999163,0 %, 2398 MHz, 40, 11.75 W
1788703688.298459363,0 %, 2398 MHz, 40, 11.75 W
1788703688.398974667,0 %, 2398 MHz, 40, 11.72 W
1788703688.499664547,0 %, 2398 MHz, 40, 11.72 W
1788703688.599515465,0 %, 2398 MHz, 40, 11.72 W
1788703688.699926529,0 %, 2398 MHz, 40, 11.72 W
1788703688.800389528,0 %, 2398 MHz, 40, 11.72 W
1788703688.900588527,0 %, 2398 MHz, 40, 11.70 W
1788703689.001089767,0 %, 2398 MHz, 40, 11.70 W
1788703689.101463710,0 %, 2398 MHz, 40, 11.70 W
1788703689.201619365,0 %, 2398 MHz, 40, 11.70 W
1788703689.302010972,0 %, 2398 MHz, 40, 11.70 W
1788703689.402473412,0 %, 2398 MHz, 40, 11.70 W
1788703689.502855195,0 %, 2398 MHz, 40, 11.70 W
1788703689.603324611,0 %, 2398 MHz, 40, 11.70 W
1788703689.703619898,0 %, 2398 MHz, 40, 11.70 W
1788703689.803948625,0 %, 2398 MHz, 40, 11.70 W
1788703689.904527385,0 %, 2398 MHz, 40, 11.74 W
1788703690.004970080,0 %, 2398 MHz, 40, 11.74 W
1788703690.105352407,0 %, 2398 MHz, 40, 11.74 W
1788703690.205470094,0 %, 2398 MHz, 40, 11.74 W
1788703690.306187414,0 %, 2398 MHz, 40, 11.74 W
1788703690.406506701,0 %, 2398 MHz, 40, 11.77 W
1788703690.506836980,0 %, 2398 MHz, 40, 11.77 W
1788703690.607344539,0 %, 2398 MHz, 40, 11.77 W
1788703690.707476066,0 %, 2398 MHz, 40, 11.77 W
1788703690.808528875,0 %, 2398 MHz, 40, 11.77 W
1788703690.908718577,0 %, 2398 MHz, 40, 11.77 W
1788703691.008901080,0 %, 2398 MHz, 40, 11.77 W
1788703691.109214830,0 %, 2398 MHz, 40, 11.77 W
1788703691.209968391,0 %, 2398 MHz, 40, 11.77 W
1788703691.310419534,0 %, 2398 MHz, 40, 11.77 W
1788703691.410589972,0 %, 2398 MHz, 40, 11.73 W
1788703691.510966587,0 %, 2398 MHz, 40, 11.73 W
1788703691.611833748,0 %, 2398 MHz, 40, 11.73 W
1788703691.711980522,0 %, 2398 MHz, 40, 11.73 W
1788703691.812663586,0 %, 2398 MHz, 40, 11.73 W
1788703691.912886424,0 %, 2398 MHz, 40, 11.70 W
1788703692.013582272,0 %, 2398 MHz, 40, 11.70 W
1788703692.113867910,0 %, 2398 MHz, 40, 11.70 W
1788703692.214015100,0 %, 2398 MHz, 40, 11.70 W
1788703692.314548916,0 %, 2398 MHz, 40, 11.70 W
1788703692.414719386,0 %, 2398 MHz, 40, 11.70 W
1788703692.515440210,0 %, 2398 MHz, 40, 11.70 W
1788703692.615945977,0 %, 2398 MHz, 40, 11.70 W
1788703692.716087583,0 %, 2398 MHz, 40, 11.70 W
1788703692.816601398,0 %, 2398 MHz, 40, 11.70 W
1788703692.917155005,0 %, 2398 MHz, 40, 11.72 W
1788703693.017614676,0 %, 2398 MHz, 40, 11.72 W
1788703693.117816106,0 %, 2398 MHz, 40, 11.72 W
1788703693.218312177,0 %, 2398 MHz, 40, 11.72 W
1788703693.319018713,0 %, 2398 MHz, 40, 11.72 W
1788703693.419161775,0 %, 2398 MHz, 40, 11.71 W
1788703693.519672454,0 %, 2398 MHz, 40, 11.71 W
1788703693.619841915,0 %, 2398 MHz, 40, 11.71 W
1788703693.720575811,0 %, 2398 MHz, 40, 11.71 W
1788703693.821059386,0 %, 2398 MHz, 40, 11.71 W
1788703693.921369872,0 %, 2398 MHz, 40, 11.68 W
1788703694.021573190,0 %, 2398 MHz, 40, 11.68 W
1788703694.121943901,0 %, 2398 MHz, 40, 11.68 W
1788703694.222083330,0 %, 2398 MHz, 40, 11.68 W
1788703694.322972298,0 %, 2398 MHz, 40, 11.68 W
1788703694.423104048,0 %, 2398 MHz, 40, 11.66 W
1788703694.523451222,0 %, 2398 MHz, 40, 11.66 W
1788703694.623785820,0 %, 2398 MHz, 40, 11.66 W
1788703694.724820309,0 %, 2398 MHz, 40, 11.66 W
1788703694.825062347,0 %, 2398 MHz, 40, 11.66 W
1788703694.925408497,0 %, 2398 MHz, 40, 11.66 W
1788703695.025520327,0 %, 2398 MHz, 40, 11.66 W
1788703695.126440335,0 %, 2398 MHz, 40, 11.66 W
1788703695.226730181,0 %, 2398 MHz, 40, 11.66 W
1788703695.327142843,0 %, 2398 MHz, 40, 11.66 W
1788703695.427451873,0 %, 2398 MHz, 40, 11.66 W
1788703695.527971079,0 %, 2398 MHz, 40, 11.66 W
1788703695.628447390,0 %, 2398 MHz, 40, 11.66 W
1788703695.728795444,0 %, 2398 MHz, 40, 11.66 W
1788703695.829183770,0 %, 2398 MHz, 40, 11.66 W
1788703695.929467856,0 %, 2398 MHz, 40, 11.66 W
1788703696.030015319,0 %, 2398 MHz, 40, 11.66 W
1788703696.130516173,0 %, 2398 MHz, 40, 11.66 W
1788703696.230854515,0 %, 2398 MHz, 40, 11.66 W
1788703696.331213017,0 %, 2398 MHz, 40, 11.68 W
1788703696.431850272,0 %, 2398 MHz, 40, 11.68 W
1788703696.531953669,0 %, 2398 MHz, 40, 11.68 W
1788703696.632418251,0 %, 2398 MHz, 40, 11.68 W
1788703696.732274543,0 %, 2398 MHz, 40, 11.68 W
1788703696.833546713,0 %, 2398 MHz, 40, 11.70 W
1788703696.933904367,0 %, 2398 MHz, 40, 11.70 W
1788703697.034024644,0 %, 2398 MHz, 40, 11.70 W
1788703697.134378745,0 %, 2398 MHz, 40, 11.70 W
1788703697.234710959,0 %, 2398 MHz, 40, 11.70 W
1788703697.335446294,0 %, 2398 MHz, 40, 11.69 W
1788703697.435939244,0 %, 2398 MHz, 40, 11.69 W
1788703697.536111281,0 %, 2398 MHz, 40, 11.69 W
1788703697.637181978,0 %, 2398 MHz, 40, 11.69 W
1788703697.737161678,0 %, 2398 MHz, 40, 11.69 W
1788703697.837458804,0 %, 2398 MHz, 40, 11.69 W
1788703697.938010058,0 %, 2398 MHz, 40, 11.69 W
1788703698.038155023,0 %, 2398 MHz, 40, 11.69 W
1788703698.138320516,0 %, 2398 MHz, 40, 11.69 W
1788703698.239211147,0 %, 2398 MHz, 40, 11.69 W
1788703698.339349664,0 %, 2398 MHz, 40, 11.72 W
1788703698.439720566,0 %, 2398 MHz, 40, 11.72 W
1788703698.539889882,0 %, 2398 MHz, 40, 11.72 W
1788703698.640435937,0 %, 2398 MHz, 40, 11.72 W
1788703698.741190488,0 %, 2398 MHz, 40, 11.72 W
1788703698.841477293,0 %, 2398 MHz, 40, 11.73 W
1788703698.941649154,0 %, 2398 MHz, 40, 11.73 W
1788703699.041869079,0 %, 2398 MHz, 40, 11.73 W
1788703699.142394333,0 %, 2398 MHz, 40, 11.73 W
1788703699.243079443,0 %, 2398 MHz, 40, 11.73 W
1788703699.343398297,0 %, 2398 MHz, 40, 11.71 W
1788703699.443677582,0 %, 2398 MHz, 40, 11.71 W
1788703699.544077603,0 %, 2398 MHz, 40, 11.71 W
1788703699.644423305,0 %, 2398 MHz, 40, 11.71 W
1788703699.743956203,0 %, 2398 MHz, 40, 11.71 W
1788703699.844231312,0 %, 2398 MHz, 40, 11.70 W
1788703699.944606966,0 %, 2398 MHz, 40, 11.70 W
1788703700.045569421,0 %, 2398 MHz, 40, 11.70 W
1788703700.146063987,0 %, 2398 MHz, 40, 11.70 W
1788703700.245253156,0 %, 2398 MHz, 40, 11.70 W
1788703700.345991466,0 %, 2398 MHz, 40, 11.71 W
1788703700.446161935,0 %, 2398 MHz, 40, 11.71 W
1788703700.546325251,0 %, 2398 MHz, 40, 11.71 W
1788703700.646246471,0 %, 2398 MHz, 40, 11.71 W
1788703700.747454623,0 %, 2398 MHz, 40, 11.71 W
1788703700.847403763,0 %, 2398 MHz, 40, 11.74 W
1788703700.948123081,0 %, 2398 MHz, 40, 11.74 W
1788703701.048433246,0 %, 2398 MHz, 40, 11.74 W
1788703701.148940820,0 %, 2398 MHz, 40, 11.74 W
1788703701.249129032,0 %, 2398 MHz, 40, 11.74 W
1788703701.349417149,0 %, 2398 MHz, 40, 11.73 W
1788703701.450153236,0 %, 2398 MHz, 40, 11.73 W
1788703701.550577721,0 %, 2398 MHz, 40, 11.73 W
1788703701.651035534,0 %, 2398 MHz, 40, 11.73 W
1788703701.751430019,0 %, 2398 MHz, 40, 11.73 W
1788703701.852066953,0 %, 2398 MHz, 40, 11.72 W
1788703701.952409694,0 %, 2398 MHz, 40, 11.72 W
1788703702.052563394,0 %, 2398 MHz, 40, 11.72 W
1788703702.153131096,0 %, 2398 MHz, 40, 11.72 W
1788703702.253614941,0 %, 2398 MHz, 40, 11.72 W
1788703702.354096563,0 %, 2398 MHz, 40, 11.72 W
1788703702.455303386,0 %, 2398 MHz, 40, 11.72 W
1788703702.555243566,0 %, 2398 MHz, 40, 11.72 W
1788703702.655672051,0 %, 2398 MHz, 40, 11.72 W
1788703702.756101688,0 %, 2398 MHz, 40, 11.72 W
1788703702.856552157,0 %, 2398 MHz, 40, 11.74 W
1788703702.956973762,0 %, 2398 MHz, 40, 11.74 W
1788703703.057452247,0 %, 2398 MHz, 40, 11.74 W
1788703703.157815532,0 %, 2398 MHz, 40, 11.74 W
1788703703.257943040,0 %, 2398 MHz, 40, 11.74 W
1788703703.358773414,0 %, 2398 MHz, 40, 11.73 W
1788703703.459130907,0 %, 2398 MHz, 40, 11.73 W
1788703703.559287151,0 %, 2398 MHz, 40, 11.73 W
1788703703.659778932,0 %, 2398 MHz, 40, 11.73 W
1788703703.759835991,0 %, 2398 MHz, 40, 11.73 W
1788703703.860209356,0 %, 2398 MHz, 40, 11.72 W
1788703703.960842130,0 %, 2398 MHz, 40, 11.72 W
1788703704.061328583,0 %, 2398 MHz, 40, 11.72 W
1788703704.161671915,0 %, 2398 MHz, 40, 11.72 W
1788703704.261872335,0 %, 2398 MHz, 40, 11.72 W
1788703704.362709605,0 %, 2398 MHz, 40, 11.71 W
1788703704.463087130,0 %, 2398 MHz, 40, 11.71 W
1788703704.563414142,0 %, 2398 MHz, 40, 11.71 W
1788703704.663571138,0 %, 2398 MHz, 40, 11.71 W
1788703704.763928983,0 %, 2398 MHz, 40, 11.71 W
1788703704.864606284,0 %, 2398 MHz, 40, 11.69 W
1788703704.964769856,0 %, 2398 MHz, 40, 11.69 W
1788703705.064596402,0 %, 2398 MHz, 40, 11.69 W
1788703705.164724550,0 %, 2398 MHz, 40, 11.69 W
1788703705.264920346,0 %, 2398 MHz, 40, 11.69 W
1788703705.365541951,0 %, 2398 MHz, 40, 11.69 W
1788703705.466134148,0 %, 2398 MHz, 40, 11.69 W
1788703705.566239527,0 %, 2398 MHz, 40, 11.69 W
1788703705.667129950,0 %, 2398 MHz, 40, 11.69 W
1788703705.767322481,0 %, 2398 MHz, 40, 11.69 W
1788703705.867659302,0 %, 2398 MHz, 40, 11.69 W
1788703705.967851337,0 %, 2398 MHz, 40, 11.69 W
1788703706.068189597,0 %, 2398 MHz, 40, 11.69 W
1788703706.168896083,0 %, 2398 MHz, 40, 11.69 W
1788703706.269215431,0 %, 2398 MHz, 40, 11.69 W
1788703706.369582187,0 %, 2398 MHz, 40, 11.69 W
1788703706.470023567,0 %, 2398 MHz, 40, 11.69 W
1788703706.570307683,0 %, 2398 MHz, 40, 11.69 W
1788703706.671080329,0 %, 2398 MHz, 40, 11.69 W
1788703706.771282572,0 %, 2398 MHz, 40, 11.69 W
1788703706.871593680,0 %, 2398 MHz, 40, 11.67 W
1788703706.971726979,0 %, 2398 MHz, 40, 11.67 W
1788703707.071975783,0 %, 2398 MHz, 40, 11.67 W
1788703707.172279979,0 %, 2398 MHz, 40, 11.67 W
1788703707.273163329,0 %, 2398 MHz, 40, 11.67 W
1788703707.373337988,0 %, 2398 MHz, 40, 11.65 W
1788703707.473861192,0 %, 2398 MHz, 40, 11.65 W
1788703707.574013084,0 %, 2398 MHz, 40, 11.65 W
1788703707.674884577,0 %, 2398 MHz, 40, 11.65 W
1788703707.775169493,0 %, 2398 MHz, 40, 11.65 W
1788703707.875734378,0 %, 2398 MHz, 40, 11.66 W
1788703707.975768925,0 %, 2398 MHz, 40, 11.66 W
1788703708.076047344,0 %, 2398 MHz, 40, 11.66 W
1788703708.176757989,0 %, 2398 MHz, 40, 11.66 W
1788703708.277253673,0 %, 2398 MHz, 40, 11.66 W
1788703708.377568909,0 %, 2398 MHz, 40, 11.66 W
1788703708.477922849,0 %, 2398 MHz, 40, 11.66 W
1788703708.578579717,0 %, 2398 MHz, 40, 11.66 W
1788703708.678912473,0 %, 2398 MHz, 40, 11.66 W
1788703708.779240205,0 %, 2398 MHz, 40, 11.66 W
1788703708.879532432,0 %, 2398 MHz, 40, 11.69 W
1788703708.979912132,0 %, 2398 MHz, 40, 11.69 W
1788703709.080409304,0 %, 2398 MHz, 40, 11.69 W
1788703709.180774748,0 %, 2398 MHz, 40, 11.69 W
1788703709.281098991,0 %, 2398 MHz, 40, 11.69 W
1788703709.381416131,0 %, 2398 MHz, 40, 11.69 W
1788703709.481600886,0 %, 2398 MHz, 40, 11.69 W
1788703709.581991145,0 %, 2398 MHz, 40, 11.69 W
1788703709.682796463,0 %, 2398 MHz, 40, 11.69 W
1788703709.783014562,0 %, 2398 MHz, 40, 11.69 W
1788703709.883148101,0 %, 2398 MHz, 40, 11.65 W
1788703709.983491016,0 %, 2398 MHz, 40, 11.65 W
1788703710.083733131,0 %, 2398 MHz, 40, 11.65 W
1788703710.184605120,0 %, 2398 MHz, 40, 11.65 W
1788703710.284891619,0 %, 2398 MHz, 40, 11.65 W
1788703710.385170375,0 %, 2398 MHz, 40, 11.60 W
1788703710.485535626,0 %, 2398 MHz, 40, 11.60 W
1788703710.585913901,0 %, 2398 MHz, 40, 11.60 W
1788703710.686760995,0 %, 2398 MHz, 40, 11.60 W
1788703710.786797733,0 %, 2398 MHz, 40, 11.60 W
1788703710.887097880,0 %, 2398 MHz, 40, 11.60 W
1788703710.986686425,0 %, 2398 MHz, 40, 11.60 W
1788703711.087485342,0 %, 2398 MHz, 40, 11.60 W
1788703711.188023345,0 %, 2398 MHz, 40, 11.60 W
1788703711.288724422,0 %, 2398 MHz, 40, 11.60 W
1788703711.389012073,0 %, 2398 MHz, 40, 11.69 W
1788703711.489392028,0 %, 2398 MHz, 40, 11.69 W
1788703711.589718207,0 %, 2398 MHz, 40, 11.69 W
1788703711.690377876,0 %, 2398 MHz, 40, 11.69 W
1788703711.790756119,0 %, 2398 MHz, 40, 11.69 W
1788703711.891069082,0 %, 2398 MHz, 40, 11.73 W
1788703711.991241532,0 %, 2398 MHz, 40, 11.73 W
1788703712.092003169,0 %, 2398 MHz, 40, 11.73 W
1788703712.192457924,0 %, 2398 MHz, 40, 11.73 W
1788703712.292665575,0 %, 2398 MHz, 40, 11.73 W
1788703712.393034474,0 %, 2398 MHz, 40, 11.69 W
1788703712.493377917,0 %, 2398 MHz, 40, 11.69 W
1788703712.594044545,0 %, 2398 MHz, 40, 11.69 W
1788703712.694450628,0 %, 2398 MHz, 40, 11.69 W
1788703712.794776839,0 %, 2398 MHz, 40, 11.69 W
1788703712.894938842,0 %, 2398 MHz, 40, 11.69 W
1788703712.995421421,0 %, 2398 MHz, 40, 11.69 W
1788703713.095933025,0 %, 2398 MHz, 40, 11.69 W
1788703713.196411668,0 %, 2398 MHz, 40, 11.69 W
1788703713.296830903,0 %, 2398 MHz, 40, 11.69 W
1788703713.397103977,0 %, 2398 MHz, 40, 11.72 W
1788703713.497850366,0 %, 2398 MHz, 40, 11.72 W
1788703713.598125584,0 %, 2398 MHz, 40, 11.72 W
1788703713.698515763,0 %, 2398 MHz, 40, 11.72 W
1788703713.798844022,0 %, 2398 MHz, 40, 11.72 W
1788703713.899652443,0 %, 2398 MHz, 40, 11.72 W
1788703713.999769037,0 %, 2398 MHz, 40, 11.72 W
1788703714.099906926,0 %, 2398 MHz, 40, 11.72 W
1788703714.200242065,0 %, 2398 MHz, 40, 11.72 W
1788703714.300615988,0 %, 2398 MHz, 40, 11.72 W
1788703714.400987847,0 %, 2398 MHz, 40, 11.73 W
1788703714.501827387,0 %, 2398 MHz, 40, 11.73 W
1788703714.601892253,0 %, 2398 MHz, 40, 11.73 W
1788703714.702067279,0 %, 2398 MHz, 40, 11.73 W
1788703714.802431025,0 %, 2398 MHz, 40, 11.73 W
1788703714.902712548,0 %, 2398 MHz, 40, 11.72 W
1788703715.002904214,0 %, 2398 MHz, 40, 11.72 W
1788703715.103360985,0 %, 2398 MHz, 40, 11.72 W
1788703715.203902988,0 %, 2398 MHz, 40, 11.72 W
1788703715.304383135,0 %, 2398 MHz, 40, 11.72 W
1788703715.404747473,0 %, 2398 MHz, 40, 11.65 W
1788703715.505127348,0 %, 2398 MHz, 40, 11.65 W
1788703715.605772472,0 %, 2398 MHz, 40, 11.65 W
1788703715.705938553,0 %, 2398 MHz, 40, 11.65 W
1788703715.806476333,0 %, 2398 MHz, 40, 11.65 W
1788703715.906060796,0 %, 2398 MHz, 40, 11.64 W
1788703716.006169678,0 %, 2398 MHz, 40, 11.64 W
1788703716.106181679,0 %, 2398 MHz, 40, 11.64 W
1788703716.206729682,0 %, 2398 MHz, 40, 11.64 W
1788703716.307203205,0 %, 2398 MHz, 40, 11.64 W
1788703716.408314762,0 %, 2398 MHz, 40, 11.72 W
1788703716.508663836,0 %, 2398 MHz, 40, 11.72 W
1788703716.609013199,0 %, 2398 MHz, 40, 11.72 W
1788703716.709463665,0 %, 2398 MHz, 40, 11.72 W
1788703716.809546819,0 %, 2398 MHz, 40, 11.72 W
1788703716.910238902,0 %, 2398 MHz, 40, 11.72 W
1788703717.010394568,0 %, 2398 MHz, 40, 11.72 W
1788703717.110737738,0 %, 2398 MHz, 40, 11.72 W
1788703717.210954347,0 %, 2398 MHz, 40, 11.72 W
1788703717.311443438,0 %, 2398 MHz, 40, 11.72 W
1788703717.412146465,0 %, 2398 MHz, 40, 11.71 W
1788703717.512425827,0 %, 2398 MHz, 40, 11.71 W
1788703717.612601285,0 %, 2398 MHz, 40, 11.71 W
1788703717.712594646,0 %, 2398 MHz, 40, 11.71 W
1788703717.812993528,0 %, 2398 MHz, 40, 11.71 W
1788703717.913214618,0 %, 2398 MHz, 40, 11.71 W
1788703718.013314091,0 %, 2398 MHz, 40, 11.71 W
1788703718.113646029,0 %, 2398 MHz, 40, 11.71 W
1788703718.213654894,0 %, 2398 MHz, 40, 11.71 W
1788703718.314022288,0 %, 2398 MHz, 40, 11.71 W
1788703718.414216817,0 %, 2398 MHz, 40, 11.69 W
1788703718.514379266,0 %, 2398 MHz, 40, 11.69 W
1788703718.614556324,0 %, 2398 MHz, 40, 11.69 W
1788703718.714572165,0 %, 2398 MHz, 40, 11.69 W
1788703718.814954855,0 %, 2398 MHz, 40, 11.69 W
1788703718.915123544,0 %, 2398 MHz, 40, 11.71 W
1788703719.015122425,0 %, 2398 MHz, 40, 11.71 W
1788703719.115490379,0 %, 2398 MHz, 40, 11.71 W
1788703719.215464811,0 %, 2398 MHz, 40, 11.71 W
1788703719.315831181,0 %, 2398 MHz, 40, 11.71 W
1788703719.416028526,0 %, 2398 MHz, 40, 11.73 W
1788703719.516447024,0 %, 2398 MHz, 40, 11.73 W
1788703719.617323636,0 %, 2398 MHz, 40, 11.73 W
1788703719.717456421,0 %, 2398 MHz, 40, 11.73 W
1788703719.818001639,0 %, 2398 MHz, 40, 11.73 W
1788703719.918367433,0 %, 2398 MHz, 40, 11.74 W
1788703720.019042556,0 %, 2398 MHz, 40, 11.74 W
1788703720.119201565,0 %, 2398 MHz, 40, 11.74 W
1788703720.219784879,0 %, 2398 MHz, 40, 11.74 W
1788703720.320057425,0 %, 2398 MHz, 40, 11.74 W
1788703720.420796964,0 %, 2398 MHz, 40, 11.75 W
1788703720.521086021,0 %, 2398 MHz, 40, 11.75 W
1788703720.621493463,0 %, 2398 MHz, 40, 11.75 W
1788703720.721629992,0 %, 2398 MHz, 40, 11.75 W
1788703720.822525931,0 %, 2398 MHz, 40, 11.75 W
1788703720.922648316,0 %, 2398 MHz, 40, 11.71 W
1788703721.023235567,0 %, 2398 MHz, 40, 11.71 W
1788703721.123360111,0 %, 2398 MHz, 40, 11.71 W
1788703721.224277267,0 %, 2398 MHz, 40, 11.71 W
1788703721.324551492,0 %, 2398 MHz, 40, 11.71 W
1788703721.424722933,0 %, 2398 MHz, 40, 11.72 W
1788703721.525272055,0 %, 2398 MHz, 40, 11.72 W
1788703721.625500392,0 %, 2398 MHz, 40, 11.72 W
1788703721.726674588,0 %, 2398 MHz, 40, 11.72 W
1788703721.826328267,0 %, 2398 MHz, 40, 11.72 W
1788703721.926529468,0 %, 2398 MHz, 40, 11.74 W
1788703722.027050910,0 %, 2398 MHz, 40, 11.74 W
1788703722.127395327,0 %, 2398 MHz, 40, 11.74 W
1788703722.227548768,0 %, 2398 MHz, 40, 11.74 W
1788703722.328118258,0 %, 2398 MHz, 40, 11.74 W
1788703722.428579684,0 %, 2398 MHz, 40, 11.73 W
1788703722.528938805,0 %, 2398 MHz, 40, 11.73 W
1788703722.629319206,0 %, 2398 MHz, 40, 11.73 W
1788703722.729598519,0 %, 2398 MHz, 40, 11.73 W
1788703722.830191305,0 %, 2398 MHz, 40, 11.73 W
1788703722.930480938,0 %, 2398 MHz, 40, 11.73 W
1788703723.030838812,0 %, 2398 MHz, 40, 11.73 W
1788703723.131189725,0 %, 2398 MHz, 40, 11.73 W
1788703723.232088656,0 %, 2398 MHz, 40, 11.73 W
1788703723.332223392,0 %, 2398 MHz, 40, 11.76 W
1788703723.432573121,0 %, 2398 MHz, 40, 11.76 W
1788703723.533077795,0 %, 2398 MHz, 40, 11.76 W
1788703723.633754421,0 %, 2398 MHz, 40, 11.76 W
1788703723.734098886,0 %, 2398 MHz, 40, 11.76 W
1788703723.834210918,0 %, 2398 MHz, 40, 11.79 W
1788703723.934421751,0 %, 2398 MHz, 40, 11.79 W
1788703724.034760184,0 %, 2398 MHz, 40, 11.79 W
1788703724.135084761,0 %, 2398 MHz, 40, 11.79 W
1788703724.235460298,0 %, 2398 MHz, 40, 11.79 W
1788703724.336004011,0 %, 2398 MHz, 40, 11.81 W
1788703724.436468909,0 %, 2398 MHz, 40, 11.81 W
1788703724.536877278,0 %, 2398 MHz, 40, 11.81 W
1788703724.636925806,0 %, 2398 MHz, 40, 11.81 W
1788703724.737685984,0 %, 2398 MHz, 40, 11.81 W
1788703724.837928289,0 %, 2398 MHz, 40, 11.79 W
1788703724.938375378,0 %, 2398 MHz, 40, 11.79 W
1788703725.038583842,0 %, 2398 MHz, 40, 11.79 W
1788703725.139597493,0 %, 2398 MHz, 40, 11.79 W
1788703725.238663058,0 %, 2398 MHz, 40, 11.79 W
1788703725.340060422,0 %, 2398 MHz, 40, 11.80 W
1788703725.439534868,0 %, 2398 MHz, 40, 11.80 W
1788703725.539780580,0 %, 2398 MHz, 40, 11.80 W
1788703725.640669687,0 %, 2398 MHz, 40, 11.80 W
1788703725.741080808,0 %, 2398 MHz, 40, 11.80 W
1788703725.840738918,0 %, 2398 MHz, 40, 11.78 W
1788703725.941472216,0 %, 2398 MHz, 40, 11.78 W
1788703726.042333771,0 %, 2398 MHz, 40, 11.78 W
1788703726.142612971,0 %, 2398 MHz, 40, 11.78 W
1788703726.242960987,0 %, 2398 MHz, 40, 11.78 W
1788703726.343320396,0 %, 2398 MHz, 40, 11.76 W
1788703726.444019470,0 %, 2398 MHz, 40, 11.76 W
1788703726.544196270,0 %, 2398 MHz, 40, 11.76 W
1788703726.644460286,0 %, 2398 MHz, 40, 11.76 W
1788703726.744613070,0 %, 2398 MHz, 40, 11.76 W
1788703726.845012431,0 %, 2398 MHz, 40, 11.78 W
1788703726.945497696,0 %, 2398 MHz, 40, 11.78 W
1788703727.046170657,0 %, 2398 MHz, 40, 11.78 W
1788703727.146493234,0 %, 2398 MHz, 40, 11.78 W
1788703727.246505777,0 %, 2398 MHz, 40, 11.78 W
1788703727.347077858,0 %, 2398 MHz, 40, 11.79 W
1788703727.447273554,0 %, 2398 MHz, 40, 11.79 W
1788703727.547934227,0 %, 2398 MHz, 40, 11.79 W
1788703727.648392452,0 %, 2398 MHz, 40, 11.79 W
1788703727.748742245,0 %, 2398 MHz, 40, 11.79 W
1788703727.848840660,0 %, 2398 MHz, 40, 11.77 W
1788703727.949334613,0 %, 2398 MHz, 40, 11.77 W
1788703728.049868294,0 %, 2398 MHz, 40, 11.77 W
1788703728.150365255,0 %, 2398 MHz, 40, 11.77 W
1788703728.250652343,0 %, 2398 MHz, 40, 11.77 W
1788703728.351012743,0 %, 2398 MHz, 40, 11.77 W
1788703728.451327767,0 %, 2398 MHz, 40, 11.77 W
1788703728.551884584,0 %, 2398 MHz, 40, 11.77 W
1788703728.652362281,0 %, 2398 MHz, 40, 11.77 W
1788703728.752612265,0 %, 2398 MHz, 40, 11.77 W
1788703728.852718312,0 %, 2398 MHz, 40, 11.77 W
1788703728.952922520,0 %, 2398 MHz, 40, 11.77 W
1788703729.053222520,0 %, 2398 MHz, 40, 11.77 W
1788703729.154132778,0 %, 2398 MHz, 40, 11.77 W
1788703729.254261113,0 %, 2398 MHz, 40, 11.77 W
1788703729.354124903,0 %, 2398 MHz, 40, 11.77 W
1788703729.454569224,0 %, 2398 MHz, 40, 11.77 W
1788703729.554891416,0 %, 2398 MHz, 40, 11.77 W
1788703729.655421016,0 %, 2398 MHz, 40, 11.77 W
1788703729.755672152,0 %, 2398 MHz, 40, 11.77 W
1788703729.855953768,0 %, 2398 MHz, 40, 11.77 W
1788703729.956621321,0 %, 2398 MHz, 40, 11.77 W
1788703730.056085606,0 %, 2398 MHz, 40, 11.77 W
1788703730.156044133,0 %, 2398 MHz, 40, 11.77 W
1788703730.256236868,0 %, 2398 MHz, 40, 11.77 W
1788703730.356620100,0 %, 2398 MHz, 40, 11.83 W
1788703730.457666406,0 %, 2398 MHz, 40, 11.83 W
1788703730.557222035,0 %, 2398 MHz, 40, 11.83 W
1788703730.658207157,0 %, 2398 MHz, 40, 11.83 W
1788703730.758466581,0 %, 2398 MHz, 40, 11.83 W
1788703730.859306327,0 %, 2398 MHz, 40, 11.84 W
1788703730.959571318,0 %, 2398 MHz, 40, 11.84 W
1788703731.059797046,0 %, 2398 MHz, 40, 11.84 W
1788703731.160142485,0 %, 2398 MHz, 40, 11.84 W
1788703731.260504981,0 %, 2398 MHz, 40, 11.84 W
1788703731.361217094,0 %, 2398 MHz, 40, 11.80 W
1788703731.461537430,0 %, 2398 MHz, 40, 11.80 W
1788703731.561854277,0 %, 2398 MHz, 40, 11.80 W
1788703731.662218469,0 %, 2398 MHz, 40, 11.80 W
1788703731.762475060,0 %, 2398 MHz, 40, 11.80 W
1788703731.863040005,0 %, 2398 MHz, 40, 11.76 W
1788703731.963349700,0 %, 2398 MHz, 40, 11.76 W
1788703732.063849221,0 %, 2398 MHz, 40, 11.76 W
1788703732.164009555,0 %, 2398 MHz, 40, 11.76 W
1788703732.264941317,0 %, 2398 MHz, 40, 11.76 W
1788703732.365063588,0 %, 2398 MHz, 40, 11.72 W
1788703732.465440627,0 %, 2398 MHz, 40, 11.72 W
1788703732.565760003,0 %, 2398 MHz, 40, 11.72 W
1788703732.666117954,0 %, 2398 MHz, 40, 11.72 W
1788703732.766450210,0 %, 2398 MHz, 40, 11.72 W
1788703732.867158067,0 %, 2398 MHz, 40, 11.73 W
1788703732.967258961,0 %, 2398 MHz, 40, 11.73 W
1788703733.067799490,0 %, 2398 MHz, 40, 11.73 W
1788703733.167982272,0 %, 2398 MHz, 40, 11.73 W
1788703733.268190015,0 %, 2398 MHz, 40, 11.73 W
1788703733.368922912,0 %, 2398 MHz, 40, 11.74 W
1788703733.469418160,0 %, 2398 MHz, 40, 11.74 W
1788703733.569829343,0 %, 2398 MHz, 40, 11.74 W
1788703733.670643760,0 %, 2398 MHz, 40, 11.74 W
1788703733.770870015,0 %, 2398 MHz, 40, 11.74 W
1788703733.871156862,0 %, 2398 MHz, 40, 11.73 W
1788703733.971511790,0 %, 2398 MHz, 40, 11.73 W
1788703734.071678140,0 %, 2398 MHz, 40, 11.73 W
1788703734.172418285,0 %, 2398 MHz, 40, 11.73 W
1788703734.272889805,0 %, 2398 MHz, 40, 11.73 W
1788703734.373091499,0 %, 2398 MHz, 40, 11.76 W
1788703734.473521243,0 %, 2398 MHz, 40, 11.76 W
1788703734.574230747,0 %, 2398 MHz, 40, 11.76 W
1788703734.674552474,0 %, 2398 MHz, 40, 11.76 W
1788703734.774875353,0 %, 2398 MHz, 40, 11.76 W
1788703734.875058808,0 %, 2398 MHz, 40, 11.78 W
1788703734.975292759,0 %, 2398 MHz, 40, 11.78 W
1788703735.076041783,0 %, 2398 MHz, 40, 11.78 W
1788703735.176374518,0 %, 2398 MHz, 40, 11.78 W
1788703735.276711909,0 %, 2398 MHz, 40, 11.78 W
1788703735.376897028,0 %, 2398 MHz, 40, 11.80 W
1788703735.477422484,0 %, 2398 MHz, 40, 11.80 W
1788703735.577573330,0 %, 2398 MHz, 40, 11.80 W
1788703735.678298418,0 %, 2398 MHz, 40, 11.80 W
1788703735.778616257,0 %, 2398 MHz, 40, 11.80 W
1788703735.878764975,0 %, 2398 MHz, 40, 11.81 W
1788703735.979298927,0 %, 2398 MHz, 40, 11.81 W
1788703736.079431341,0 %, 2398 MHz, 40, 11.81 W
1788703736.180158669,0 %, 2398 MHz, 40, 11.81 W
1788703736.280676525,0 %, 2398 MHz, 40, 11.81 W
1788703736.381021004,0 %, 2398 MHz, 40, 11.76 W
1788703736.481371147,0 %, 2398 MHz, 40, 11.76 W
1788703736.582097163,0 %, 2398 MHz, 40, 11.76 W
1788703736.682570602,0 %, 2398 MHz, 40, 11.76 W
1788703736.782617896,0 %, 2398 MHz, 40, 11.76 W
1788703736.882821654,0 %, 2398 MHz, 40, 11.73 W
1788703736.983291942,0 %, 2398 MHz, 40, 11.73 W
1788703737.083840629,0 %, 2398 MHz, 40, 11.73 W
1788703737.184350788,0 %, 2398 MHz, 40, 11.73 W
1788703737.284672643,0 %, 2398 MHz, 40, 11.73 W
1788703737.385057010,0 %, 2398 MHz, 40, 11.78 W
1788703737.485756802,0 %, 2398 MHz, 40, 11.78 W
1788703737.586058832,0 %, 2398 MHz, 40, 11.78 W
1788703737.686394031,0 %, 2398 MHz, 40, 11.78 W
1788703737.786399500,0 %, 2398 MHz, 40, 11.78 W
1788703737.886841851,0 %, 2398 MHz, 40, 11.79 W
1788703737.987683772,0 %, 2398 MHz, 40, 11.79 W
1788703738.087270664,0 %, 2398 MHz, 40, 11.79 W
1788703738.188151624,0 %, 2398 MHz, 40, 11.79 W
1788703738.288278342,0 %, 2398 MHz, 40, 11.79 W
1788703738.388453012,0 %, 2398 MHz, 40, 11.76 W
1788703738.489065299,0 %, 2398 MHz, 40, 11.76 W
1788703738.589355633,0 %, 2398 MHz, 40, 11.76 W
1788703738.690098465,0 %, 2398 MHz, 40, 11.76 W
1788703738.790336464,0 %, 2398 MHz, 40, 11.76 W
1788703738.890598206,0 %, 2398 MHz, 40, 11.74 W
1788703738.990251578,0 %, 2398 MHz, 40, 11.74 W
1788703739.090953001,0 %, 2398 MHz, 40, 11.74 W
1788703739.191443000,0 %, 2398 MHz, 40, 11.74 W
1788703739.292162504,0 %, 2398 MHz, 40, 11.74 W
1788703739.392279893,0 %, 2398 MHz, 40, 11.76 W
1788703739.492869061,0 %, 2398 MHz, 40, 11.76 W
1788703739.593014178,0 %, 2398 MHz, 40, 11.76 W
1788703739.693954739,0 %, 2398 MHz, 40, 11.76 W
1788703739.793950112,0 %, 2398 MHz, 40, 11.76 W
1788703739.894248638,0 %, 2398 MHz, 40, 11.79 W
1788703739.994622077,0 %, 2398 MHz, 40, 11.79 W
1788703740.094850746,0 %, 2398 MHz, 40, 11.79 W
1788703740.195330761,0 %, 2398 MHz, 40, 11.79 W
1788703740.295837816,0 %, 2398 MHz, 40, 11.79 W
1788703740.396332998,0 %, 2398 MHz, 40, 11.80 W
1788703740.496722501,0 %, 2398 MHz, 40, 11.80 W
1788703740.596886962,0 %, 2398 MHz, 40, 11.80 W
1788703740.697740962,0 %, 2398 MHz, 40, 11.80 W
1788703740.797910704,0 %, 2398 MHz, 40, 11.80 W
1788703740.898400975,0 %, 2398 MHz, 40, 11.77 W
1788703740.998569868,0 %, 2398 MHz, 40, 11.77 W
1788703741.098735673,0 %, 2398 MHz, 40, 11.77 W
1788703741.199747786,0 %, 2398 MHz, 40, 11.77 W
1788703741.300063496,0 %, 2398 MHz, 40, 11.77 W
1788703741.400223573,0 %, 2398 MHz, 40, 11.75 W
1788703741.500755508,0 %, 2398 MHz, 40, 11.75 W
1788703741.601455987,0 %, 2398 MHz, 40, 11.75 W
1788703741.701547760,0 %, 2398 MHz, 40, 11.75 W
1788703741.802142463,0 %, 2398 MHz, 40, 11.75 W
1788703741.902234972,0 %, 2398 MHz, 40, 11.76 W
1788703742.003003196,0 %, 2398 MHz, 40, 11.76 W
1788703742.103322777,0 %, 2398 MHz, 40, 11.76 W
1788703742.203489367,0 %, 2398 MHz, 40, 11.76 W
1788703742.303865156,0 %, 2398 MHz, 40, 11.76 W
1788703742.404198722,0 %, 2398 MHz, 40, 11.77 W
1788703742.505184994,0 %, 2398 MHz, 40, 11.77 W
1788703742.605660385,0 %, 2398 MHz, 40, 11.77 W
1788703742.705809502,0 %, 2398 MHz, 40, 11.77 W
1788703742.805908011,0 %, 2398 MHz, 40, 11.77 W
1788703742.906388937,0 %, 2398 MHz, 40, 11.78 W
1788703743.006901784,0 %, 2398 MHz, 40, 11.78 W
1788703743.107434662,0 %, 2398 MHz, 40, 11.78 W
1788703743.207421714,0 %, 2398 MHz, 40, 11.78 W
1788703743.307859568,0 %, 2398 MHz, 40, 11.78 W
1788703743.408160862,0 %, 2398 MHz, 40, 11.80 W
1788703743.509030989,0 %, 2398 MHz, 40, 11.80 W
1788703743.609340955,0 %, 2398 MHz, 40, 11.80 W
1788703743.709671289,0 %, 2398 MHz, 40, 11.80 W
1788703743.809856054,0 %, 2398 MHz, 40, 11.80 W
1788703743.910548917,0 %, 2398 MHz, 40, 11.83 W
1788703744.011070659,0 %, 2398 MHz, 40, 11.83 W
1788703744.111207824,0 %, 2398 MHz, 40, 11.83 W
1788703744.211371596,0 %, 2398 MHz, 40, 11.83 W
1788703744.311788010,0 %, 2398 MHz, 40, 11.83 W
1788703744.412127416,0 %, 2398 MHz, 40, 11.83 W
1788703744.513008103,0 %, 2398 MHz, 40, 11.83 W
1788703744.613423525,0 %, 2398 MHz, 40, 11.83 W
1788703744.713568434,0 %, 2398 MHz, 40, 11.83 W
1788703744.813930735,0 %, 2398 MHz, 40, 11.83 W
1788703744.914435229,0 %, 2398 MHz, 40, 11.85 W
1788703745.014834779,0 %, 2398 MHz, 40, 11.85 W
1788703745.114978040,0 %, 2398 MHz, 40, 11.85 W
1788703745.215276389,0 %, 2398 MHz, 40, 11.85 W
1788703745.315805187,0 %, 2398 MHz, 40, 11.85 W
1788703745.415967087,0 %, 2398 MHz, 40, 11.82 W
1788703745.516781950,0 %, 2398 MHz, 40, 11.82 W
1788703745.617021947,0 %, 2398 MHz, 40, 11.82 W
1788703745.716388949,0 %, 2398 MHz, 40, 11.82 W
1788703745.816962244,0 %, 2398 MHz, 40, 11.82 W
1788703745.917119680,0 %, 2398 MHz, 40, 11.76 W
1788703746.018162592,0 %, 2398 MHz, 40, 11.76 W
1788703746.118883551,0 %, 2398 MHz, 40, 11.76 W
1788703746.219016747,0 %, 2398 MHz, 40, 11.76 W
1788703746.319528313,0 %, 2398 MHz, 40, 11.76 W
1788703746.419955238,0 %, 2398 MHz, 40, 11.75 W
1788703746.520678581,0 %, 2398 MHz, 40, 11.75 W
1788703746.621024034,0 %, 2398 MHz, 40, 11.75 W
1788703746.721381695,0 %, 2398 MHz, 40, 11.75 W
1788703746.821771020,0 %, 2398 MHz, 40, 11.75 W
1788703746.922451851,0 %, 2398 MHz, 40, 11.74 W
1788703747.022654887,0 %, 2398 MHz, 40, 11.74 W
1788703747.122815652,0 %, 2398 MHz, 40, 11.74 W
1788703747.223379858,0 %, 2398 MHz, 40, 11.74 W
1788703747.324095024,0 %, 2398 MHz, 40, 11.74 W
1788703747.424264524,0 %, 2398 MHz, 40, 11.78 W
1788703747.524797754,0 %, 2398 MHz, 40, 11.78 W
1788703747.625166071,0 %, 2398 MHz, 40, 11.78 W
1788703747.725759781,0 %, 2398 MHz, 40, 11.78 W
1788703747.826236930,0 %, 2398 MHz, 40, 11.78 W
1788703747.926379951,0 %, 2398 MHz, 40, 11.81 W
1788703748.026750524,0 %, 2398 MHz, 40, 11.81 W
1788703748.126900648,0 %, 2398 MHz, 40, 11.81 W
1788703748.227825079,0 %, 2398 MHz, 40, 11.81 W
1788703748.328114867,0 %, 2398 MHz, 40, 11.81 W
1788703748.428224655,0 %, 2398 MHz, 40, 11.80 W
1788703748.528588956,0 %, 2398 MHz, 40, 11.80 W
1788703748.628784073,0 %, 2398 MHz, 40, 11.80 W
1788703748.728947653,0 %, 2398 MHz, 40, 11.80 W
1788703748.829922996,0 %, 2398 MHz, 40, 11.80 W
1788703748.930402449,0 %, 2398 MHz, 40, 11.79 W
1788703749.030526637,0 %, 2398 MHz, 40, 11.79 W
1788703749.130930026,0 %, 2398 MHz, 40, 11.79 W
1788703749.231076262,0 %, 2398 MHz, 40, 11.79 W
1788703749.331449059,0 %, 2398 MHz, 40, 11.79 W
1788703749.432155809,0 %, 2398 MHz, 40, 11.77 W
1788703749.532461757,0 %, 2398 MHz, 40, 11.77 W
1788703749.632848058,0 %, 2398 MHz, 40, 11.77 W
1788703749.733136439,0 %, 2398 MHz, 40, 11.77 W
1788703749.833197954,0 %, 2398 MHz, 40, 11.77 W
1788703749.933124574,0 %, 2398 MHz, 40, 11.78 W
1788703750.034270733,0 %, 2398 MHz, 40, 11.78 W
1788703750.134732314,0 %, 2398 MHz, 40, 11.78 W
1788703750.234938374,0 %, 2398 MHz, 40, 11.78 W
1788703750.335093602,0 %, 2398 MHz, 40, 11.83 W
1788703750.435307166,0 %, 2398 MHz, 40, 11.83 W
1788703750.536198492,0 %, 2398 MHz, 40, 11.83 W
1788703750.636431913,0 %, 2398 MHz, 40, 11.83 W
1788703750.736519076,0 %, 2398 MHz, 40, 11.83 W
1788703750.837055393,0 %, 2398 MHz, 40, 11.84 W
1788703750.937354510,0 %, 2398 MHz, 40, 11.84 W
1788703751.037373721,0 %, 2398 MHz, 40, 11.84 W
1788703751.138257271,0 %, 2398 MHz, 40, 11.84 W
1788703751.238564419,0 %, 2398 MHz, 40, 11.84 W
1788703751.338767903,0 %, 2398 MHz, 40, 11.84 W
1788703751.439115420,0 %, 2398 MHz, 40, 11.84 W
1788703751.539679673,0 %, 2398 MHz, 40, 11.84 W
1788703751.640159318,0 %, 2398 MHz, 40, 11.84 W
1788703751.740445490,0 %, 2398 MHz, 40, 11.84 W
1788703751.840654830,0 %, 2398 MHz, 40, 11.84 W
1788703751.941167003,0 %, 2398 MHz, 40, 11.84 W
1788703752.041459671,0 %, 2398 MHz, 40, 11.84 W
1788703752.141989780,0 %, 2398 MHz, 40, 11.84 W
1788703752.242445648,0 %, 2398 MHz, 40, 11.84 W
1788703752.342808940,0 %, 2398 MHz, 40, 11.81 W
1788703752.443176137,0 %, 2398 MHz, 40, 11.81 W
1788703752.543238420,0 %, 2398 MHz, 40, 11.81 W
1788703752.644114818,0 %, 2398 MHz, 40, 11.81 W
1788703752.744593902,0 %, 2398 MHz, 40, 11.81 W
1788703752.844844410,0 %, 2398 MHz, 40, 11.81 W
1788703752.945157254,0 %, 2398 MHz, 40, 11.81 W
1788703753.045687491,0 %, 2398 MHz, 40, 11.81 W
1788703753.146012463,0 %, 2398 MHz, 40, 11.81 W
1788703753.246502876,0 %, 2398 MHz, 40, 11.81 W
1788703753.346890792,0 %, 2398 MHz, 40, 11.83 W
1788703753.447576373,0 %, 2398 MHz, 40, 11.83 W
1788703753.547607904,0 %, 2398 MHz, 40, 11.83 W
1788703753.648071980,0 %, 2398 MHz, 40, 11.83 W
1788703753.748244216,0 %, 2398 MHz, 40, 11.83 W
1788703753.848403395,0 %, 2398 MHz, 40, 11.82 W
1788703753.948799519,0 %, 2398 MHz, 40, 11.82 W
1788703754.049733613,0 %, 2398 MHz, 40, 11.82 W
1788703754.150042185,0 %, 2398 MHz, 40, 11.82 W
1788703754.250340485,0 %, 2398 MHz, 40, 11.82 W
1788703754.350679953,0 %, 2398 MHz, 40, 11.80 W
1788703754.451432446,0 %, 2398 MHz, 40, 11.80 W
1788703754.551539593,0 %, 2398 MHz, 40, 11.80 W
1788703754.651883269,0 %, 2398 MHz, 40, 11.80 W
1788703754.752246497,0 %, 2398 MHz, 40, 11.80 W
1788703754.852597149,0 %, 2398 MHz, 40, 11.78 W
1788703754.952935177,0 %, 2398 MHz, 40, 11.78 W
1788703755.053453173,0 %, 2398 MHz, 40, 11.78 W
1788703755.153926481,0 %, 2398 MHz, 40, 11.78 W
1788703755.254278797,0 %, 2398 MHz, 40, 11.78 W
1788703755.354386984,0 %, 2398 MHz, 40, 11.77 W
1788703755.454905156,0 %, 2398 MHz, 40, 11.77 W
1788703755.555423040,0 %, 2398 MHz, 40, 11.77 W
1788703755.655758540,0 %, 2398 MHz, 40, 11.77 W
1788703755.755965335,0 %, 2398 MHz, 40, 11.77 W
1788703755.856269619,0 %, 2398 MHz, 40, 11.78 W
1788703755.956678415,0 %, 2398 MHz, 40, 11.78 W
1788703756.056798474,0 %, 2398 MHz, 40, 11.78 W
1788703756.157653287,0 %, 2398 MHz, 40, 11.78 W
1788703756.258014482,0 %, 2398 MHz, 40, 11.78 W
1788703756.358330542,0 %, 2398 MHz, 40, 11.79 W
1788703756.458669001,0 %, 2398 MHz, 40, 11.79 W
1788703756.558822260,0 %, 2398 MHz, 40, 11.79 W
1788703756.659656017,0 %, 2398 MHz, 40, 11.79 W
1788703756.759402411,0 %, 2398 MHz, 40, 11.79 W
1788703756.860583721,0 %, 2398 MHz, 40, 11.79 W
1788703756.960765252,0 %, 2398 MHz, 40, 11.79 W
1788703757.061421697,0 %, 2398 MHz, 40, 11.79 W
1788703757.161627308,0 %, 2398 MHz, 40, 11.79 W
1788703757.261821591,0 %, 2398 MHz, 40, 11.79 W
1788703757.362342227,0 %, 2398 MHz, 40, 11.80 W
1788703757.462651102,0 %, 2398 MHz, 40, 11.80 W
1788703757.563237066,0 %, 2398 MHz, 40, 11.80 W
1788703757.663661574,0 %, 2398 MHz, 40, 11.80 W
1788703757.763932529,0 %, 2398 MHz, 40, 11.80 W
1788703757.864396301,0 %, 2398 MHz, 40, 11.81 W
1788703757.965110249,0 %, 2398 MHz, 40, 11.81 W
1788703758.065399396,0 %, 2398 MHz, 40, 11.81 W
1788703758.165741615,0 %, 2398 MHz, 40, 11.81 W
1788703758.266473948,0 %, 2398 MHz, 40, 11.81 W
1788703758.366984856,0 %, 2398 MHz, 40, 11.79 W
1788703758.467319603,0 %, 2398 MHz, 40, 11.79 W
1788703758.567621678,0 %, 2398 MHz, 40, 11.79 W
1788703758.668370587,0 %, 2398 MHz, 40, 11.79 W
1788703758.768500645,0 %, 2398 MHz, 40, 11.79 W
1788703758.868993889,0 %, 2398 MHz, 40, 11.78 W
1788703758.969144251,0 %, 2398 MHz, 40, 11.78 W
1788703759.069652935,0 %, 2398 MHz, 40, 11.78 W
1788703759.170408900,0 %, 2398 MHz, 40, 11.78 W
1788703759.270547246,0 %, 2398 MHz, 40, 11.78 W
1788703759.370887417,0 %, 2398 MHz, 40, 11.80 W
1788703759.471235780,0 %, 2398 MHz, 40, 11.80 W
1788703759.571478895,0 %, 2398 MHz, 40, 11.80 W
1788703759.671878730,0 %, 2398 MHz, 40, 11.80 W
1788703759.772665158,0 %, 2398 MHz, 40, 11.80 W
1788703759.872985906,0 %, 2398 MHz, 40, 11.80 W
1788703759.973110028,0 %, 2398 MHz, 40, 11.80 W
1788703760.073491639,0 %, 2398 MHz, 40, 11.80 W
1788703760.174136579,0 %, 2398 MHz, 40, 11.80 W
1788703760.274539182,0 %, 2398 MHz, 40, 11.80 W
1788703760.374884745,0 %, 2398 MHz, 40, 11.77 W
1788703760.474636241,0 %, 2398 MHz, 40, 11.77 W
1788703760.575139261,0 %, 2398 MHz, 40, 11.77 W
1788703760.675360087,0 %, 2398 MHz, 40, 11.77 W
1788703760.775090224,0 %, 2398 MHz, 40, 11.77 W
1788703760.875220058,0 %, 2398 MHz, 40, 11.76 W
1788703760.975550629,0 %, 2398 MHz, 40, 11.76 W
1788703761.076894851,0 %, 2398 MHz, 40, 11.76 W
1788703761.177181550,0 %, 2398 MHz, 40, 11.76 W
1788703761.277529721,0 %, 2398 MHz, 40, 11.76 W
1788703761.377884067,0 %, 2398 MHz, 40, 11.81 W
1788703761.478236318,0 %, 2398 MHz, 40, 11.81 W
1788703761.578256600,0 %, 2398 MHz, 40, 11.81 W
1788703761.679160020,0 %, 2398 MHz, 40, 11.81 W
1788703761.779462063,0 %, 2398 MHz, 40, 11.81 W
1788703761.879644905,0 %, 2398 MHz, 40, 11.80 W
1788703761.980203637,0 %, 2398 MHz, 40, 11.80 W
1788703762.080676528,0 %, 2398 MHz, 40, 11.80 W
1788703762.181174443,0 %, 2398 MHz, 40, 11.80 W
1788703762.281548341,0 %, 2398 MHz, 40, 11.80 W
1788703762.381748976,0 %, 2398 MHz, 40, 11.77 W
1788703762.482657004,0 %, 2398 MHz, 40, 11.77 W
1788703762.582573141,0 %, 2398 MHz, 40, 11.77 W
1788703762.683088752,0 %, 2398 MHz, 40, 11.77 W
1788703762.783491995,0 %, 2398 MHz, 40, 11.77 W
1788703762.883447172,0 %, 2398 MHz, 40, 11.78 W
1788703762.983444286,0 %, 2398 MHz, 40, 11.78 W
1788703763.083990089,0 %, 2398 MHz, 40, 11.78 W
1788703763.184827461,0 %, 2398 MHz, 40, 11.78 W
1788703763.285128527,0 %, 2398 MHz, 40, 11.78 W
1788703763.385271177,0 %, 2398 MHz, 40, 11.75 W
1788703763.485821012,0 %, 2398 MHz, 40, 11.75 W
1788703763.586008142,0 %, 2398 MHz, 40, 11.75 W
1788703763.686848090,0 %, 2398 MHz, 40, 11.75 W
1788703763.787015204,0 %, 2398 MHz, 40, 11.75 W
1788703763.887523695,0 %, 2398 MHz, 40, 11.75 W
1788703763.988434763,0 %, 2398 MHz, 40, 11.75 W
1788703764.088721237,0 %, 2398 MHz, 40, 11.75 W
1788703764.188326637,0 %, 2398 MHz, 40, 11.75 W
1788703764.289009656,0 %, 2398 MHz, 40, 11.75 W
1788703764.389391539,0 %, 2398 MHz, 40, 11.74 W
1788703764.490346351,0 %, 2398 MHz, 40, 11.74 W
1788703764.590444232,0 %, 2398 MHz, 40, 11.74 W
1788703764.690993827,0 %, 2398 MHz, 40, 11.74 W
1788703764.791334910,0 %, 2398 MHz, 40, 11.74 W
1788703764.891445543,0 %, 2398 MHz, 40, 11.74 W
1788703764.992316963,0 %, 2398 MHz, 40, 11.74 W
1788703765.092450092,0 %, 2398 MHz, 40, 11.74 W
1788703765.193042391,0 %, 2398 MHz, 40, 11.74 W
1788703765.293168113,0 %, 2398 MHz, 40, 11.74 W
1788703765.393326730,0 %, 2398 MHz, 40, 11.76 W
1788703765.494247542,0 %, 2398 MHz, 40, 11.76 W
1788703765.594381312,0 %, 2398 MHz, 40, 11.76 W
1788703765.694968251,0 %, 2398 MHz, 40, 11.76 W
1788703765.795344261,0 %, 2398 MHz, 40, 11.76 W
1788703765.895532270,0 %, 2398 MHz, 40, 11.75 W
1788703765.995388855,0 %, 2398 MHz, 40, 11.75 W
1788703766.095657808,0 %, 2398 MHz, 40, 11.75 W
1788703766.195425752,0 %, 2398 MHz, 40, 11.75 W
1788703766.296858758,0 %, 2398 MHz, 40, 11.75 W
1788703766.396964303,0 %, 2398 MHz, 40, 11.79 W
1788703766.497547562,0 %, 2398 MHz, 40, 11.79 W
1788703766.597604963,0 %, 2398 MHz, 40, 11.79 W
1788703766.698655951,0 %, 2398 MHz, 40, 11.79 W
1788703766.798719640,0 %, 2398 MHz, 40, 11.79 W
1788703766.898835009,0 %, 2398 MHz, 40, 11.78 W
1788703766.999085387,0 %, 2398 MHz, 40, 11.78 W
1788703767.099353444,0 %, 2398 MHz, 40, 11.78 W
1788703767.199948527,0 %, 2398 MHz, 40, 11.78 W
1788703767.300626554,0 %, 2398 MHz, 40, 11.78 W
1788703767.400982372,0 %, 2398 MHz, 40, 11.73 W
1788703767.501294989,0 %, 2398 MHz, 40, 11.73 W
1788703767.601435910,0 %, 2398 MHz, 40, 11.73 W
1788703767.702368514,0 %, 2398 MHz, 40, 11.73 W
1788703767.802462747,0 %, 2398 MHz, 40, 11.73 W
1788703767.903087142,0 %, 2398 MHz, 40, 11.75 W
1788703768.003328623,0 %, 2398 MHz, 40, 11.75 W
1788703768.103379656,0 %, 2398 MHz, 40, 11.75 W
1788703768.204085267,0 %, 2398 MHz, 40, 11.75 W
1788703768.304593421,0 %, 2398 MHz, 40, 11.75 W
1788703768.404960887,0 %, 2398 MHz, 40, 11.77 W
1788703768.505321984,0 %, 2398 MHz, 40, 11.77 W
1788703768.605812090,0 %, 2398 MHz, 40, 11.77 W
1788703768.706498197,0 %, 2398 MHz, 40, 11.77 W
1788703768.806401117,0 %, 2398 MHz, 40, 11.77 W
1788703768.906978808,0 %, 2398 MHz, 40, 11.75 W
1788703769.007108912,0 %, 2398 MHz, 40, 11.75 W
1788703769.107848907,0 %, 2398 MHz, 40, 11.75 W
1788703769.208146949,0 %, 2398 MHz, 40, 11.75 W
1788703769.308340638,0 %, 2398 MHz, 40, 11.75 W
1788703769.408955272,0 %, 2398 MHz, 40, 11.74 W
1788703769.509634722,0 %, 2398 MHz, 40, 11.74 W
1788703769.610025644,0 %, 2398 MHz, 40, 11.74 W
1788703769.710433446,0 %, 2398 MHz, 40, 11.74 W
1788703769.810649359,0 %, 2398 MHz, 40, 11.74 W
1788703769.911028216,0 %, 2398 MHz, 40, 11.75 W
1788703770.011525106,0 %, 2398 MHz, 40, 11.75 W
1788703770.112090268,0 %, 2398 MHz, 40, 11.75 W
1788703770.212358917,0 %, 2398 MHz, 40, 11.75 W
1788703770.312522382,0 %, 2398 MHz, 40, 11.75 W
1788703770.412909128,0 %, 2398 MHz, 40, 11.78 W
1788703770.513628914,0 %, 2398 MHz, 40, 11.78 W
1788703770.613851579,0 %, 2398 MHz, 40, 11.78 W
1788703770.714192532,0 %, 2398 MHz, 40, 11.78 W
1788703770.814543246,0 %, 2398 MHz, 40, 11.78 W
1788703770.914893655,0 %, 2398 MHz, 40, 11.81 W
1788703771.015416689,0 %, 2398 MHz, 40, 11.81 W
1788703771.115802314,0 %, 2398 MHz, 40, 11.81 W
1788703771.216128323,0 %, 2398 MHz, 40, 11.81 W
1788703771.316246715,0 %, 2398 MHz, 40, 11.81 W
1788703771.416813589,0 %, 2398 MHz, 40, 11.84 W
1788703771.517521360,0 %, 2398 MHz, 40, 11.84 W
1788703771.617716072,0 %, 2398 MHz, 40, 11.84 W
1788703771.717862513,0 %, 2398 MHz, 40, 11.84 W
1788703771.818416363,0 %, 2398 MHz, 40, 11.84 W
1788703771.918456419,0 %, 2398 MHz, 40, 11.85 W
1788703772.018771084,0 %, 2398 MHz, 40, 11.85 W
1788703772.119716039,0 %, 2398 MHz, 40, 11.85 W
1788703772.220026816,0 %, 2398 MHz, 40, 11.85 W
1788703772.320395913,0 %, 2398 MHz, 40, 11.85 W
1788703772.420560049,0 %, 2398 MHz, 40, 11.81 W
1788703772.520915418,0 %, 2398 MHz, 40, 11.81 W
1788703772.621580820,0 %, 2398 MHz, 40, 11.81 W
1788703772.721568268,0 %, 2398 MHz, 40, 11.81 W
1788703772.822111910,0 %, 2398 MHz, 40, 11.81 W
1788703772.922455295,0 %, 2398 MHz, 40, 11.80 W
1788703773.022824312,0 %, 2398 MHz, 40, 11.80 W
1788703773.123472945,0 %, 2398 MHz, 40, 11.80 W
1788703773.223739850,0 %, 2398 MHz, 40, 11.80 W
1788703773.324053795,0 %, 2398 MHz, 40, 11.80 W
1788703773.424438860,0 %, 2398 MHz, 40, 11.82 W
1788703773.524546228,0 %, 2398 MHz, 40, 11.82 W
1788703773.625440414,0 %, 2398 MHz, 40, 11.82 W
1788703773.725906264,0 %, 2398 MHz, 40, 11.82 W
1788703773.826137280,0 %, 2398 MHz, 40, 11.82 W
1788703773.926504761,0 %, 2398 MHz, 40, 11.85 W
1788703774.027198707,0 %, 2398 MHz, 40, 11.85 W
1788703774.127490635,0 %, 2398 MHz, 40, 11.85 W
1788703774.227616883,0 %, 2398 MHz, 40, 11.85 W
1788703774.328154285,0 %, 2398 MHz, 40, 11.85 W
1788703774.428958823,0 %, 2398 MHz, 40, 11.85 W
1788703774.529218783,0 %, 2398 MHz, 40, 11.85 W
1788703774.629482744,0 %, 2398 MHz, 40, 11.85 W
1788703774.729632528,0 %, 2398 MHz, 40, 11.85 W
1788703774.830023913,0 %, 2398 MHz, 40, 11.85 W
1788703774.930069216,0 %, 2398 MHz, 40, 11.83 W
1788703775.030542345,0 %, 2398 MHz, 40, 11.83 W
1788703775.131224179,0 %, 2398 MHz, 40, 11.83 W
1788703775.231566219,0 %, 2398 MHz, 40, 11.83 W
1788703775.331910980,0 %, 2398 MHz, 40, 11.83 W
1788703775.432243660,0 %, 2398 MHz, 40, 11.81 W
1788703775.532989334,0 %, 2398 MHz, 40, 11.81 W
1788703775.633296767,0 %, 2398 MHz, 40, 11.81 W
1788703775.733575559,0 %, 2398 MHz, 40, 11.81 W
1788703775.833976720,0 %, 2398 MHz, 40, 11.81 W
1788703775.934114391,0 %, 2398 MHz, 40, 11.82 W
1788703776.035022002,0 %, 2398 MHz, 40, 11.82 W
1788703776.135145977,0 %, 2398 MHz, 40, 11.82 W
1788703776.235644658,0 %, 2398 MHz, 40, 11.82 W
1788703776.335375480,0 %, 2398 MHz, 40, 11.82 W
1788703776.435563984,0 %, 2398 MHz, 40, 11.83 W
1788703776.535896937,0 %, 2398 MHz, 40, 11.83 W
1788703776.636110064,0 %, 2398 MHz, 40, 11.83 W
1788703776.737267612,0 %, 2398 MHz, 40, 11.83 W
1788703776.837410835,0 %, 2398 MHz, 40, 11.84 W
1788703776.937971148,0 %, 2398 MHz, 40, 11.84 W
1788703777.038276932,0 %, 2398 MHz, 40, 11.84 W
1788703777.138467276,0 %, 2398 MHz, 40, 11.84 W
1788703777.239238870,0 %, 2398 MHz, 40, 11.84 W
1788703777.339484542,0 %, 2398 MHz, 40, 11.83 W
1788703777.439500197,0 %, 2398 MHz, 40, 11.83 W
1788703777.540039822,0 %, 2398 MHz, 40, 11.83 W
1788703777.640390038,0 %, 2398 MHz, 40, 11.83 W
1788703777.740558797,0 %, 2398 MHz, 40, 11.83 W
1788703777.841272695,0 %, 2398 MHz, 40, 11.81 W
1788703777.941569855,0 %, 2398 MHz, 40, 11.81 W
1788703778.041775607,0 %, 2398 MHz, 40, 11.81 W
1788703778.142656928,0 %, 2398 MHz, 40, 11.81 W
1788703778.242503991,0 %, 2398 MHz, 40, 11.81 W
1788703778.343215536,0 %, 2398 MHz, 40, 11.79 W
1788703778.443535640,0 %, 2398 MHz, 40, 11.79 W
1788703778.543853120,0 %, 2398 MHz, 40, 11.79 W
1788703778.644225912,0 %, 2398 MHz, 40, 11.79 W
1788703778.744535936,0 %, 2398 MHz, 40, 11.79 W
1788703778.845075673,0 %, 2398 MHz, 40, 11.77 W
1788703778.945582785,0 %, 2398 MHz, 40, 11.77 W
1788703779.045686280,0 %, 2398 MHz, 40, 11.77 W
1788703779.146756259,0 %, 2398 MHz, 40, 11.77 W
1788703779.246881034,0 %, 2398 MHz, 40, 11.77 W
1788703779.347266194,0 %, 2398 MHz, 40, 11.78 W
1788703779.447817211,0 %, 2398 MHz, 40, 11.78 W
1788703779.548031442,0 %, 2398 MHz, 40, 11.78 W
1788703779.648821675,0 %, 2398 MHz, 40, 11.78 W
1788703779.748957139,0 %, 2398 MHz, 40, 11.78 W
1788703779.849494715,0 %, 2398 MHz, 40, 11.79 W
1788703779.949635298,0 %, 2398 MHz, 40, 11.79 W
1788703780.050556668,0 %, 2398 MHz, 40, 11.79 W
1788703780.150544355,0 %, 2398 MHz, 40, 11.79 W
1788703780.250918858,0 %, 2398 MHz, 40, 11.79 W
1788703780.351213858,0 %, 2398 MHz, 40, 11.79 W
1788703780.451603882,0 %, 2398 MHz, 40, 11.79 W
1788703780.551742545,0 %, 2398 MHz, 40, 11.79 W
1788703780.652627834,0 %, 2398 MHz, 40, 11.79 W
1788703780.752629969,0 %, 2398 MHz, 40, 11.79 W
1788703780.853151385,0 %, 2398 MHz, 40, 11.81 W
1788703780.953687394,0 %, 2398 MHz, 40, 11.81 W
1788703781.053675992,0 %, 2398 MHz, 40, 11.81 W
1788703781.154566642,0 %, 2398 MHz, 40, 11.81 W
1788703781.254581112,0 %, 2398 MHz, 40, 11.81 W
1788703781.354905344,0 %, 2398 MHz, 40, 11.82 W
1788703781.455432168,0 %, 2398 MHz, 40, 11.82 W
1788703781.555846304,0 %, 2398 MHz, 40, 11.82 W
1788703781.656483096,0 %, 2398 MHz, 40, 11.82 W
1788703781.756748623,0 %, 2398 MHz, 40, 11.82 W
1788703781.857056679,0 %, 2398 MHz, 40, 11.81 W
1788703781.957374702,0 %, 2398 MHz, 40, 11.81 W
1788703782.057549941,0 %, 2398 MHz, 40, 11.81 W
1788703782.158489311,0 %, 2398 MHz, 40, 11.81 W
1788703782.258530949,0 %, 2398 MHz, 40, 11.81 W
1788703782.359047533,0 %, 2398 MHz, 40, 11.77 W
1788703782.459405733,0 %, 2398 MHz, 40, 11.77 W
1788703782.559382059,0 %, 2398 MHz, 40, 11.77 W
1788703782.659936739,0 %, 2398 MHz, 40, 11.77 W
1788703782.760451675,0 %, 2398 MHz, 40, 11.77 W
1788703782.860830866,0 %, 2398 MHz, 40, 11.74 W
1788703782.960936825,0 %, 2398 MHz, 40, 11.74 W
1788703783.061283392,0 %, 2398 MHz, 40, 11.74 W
1788703783.161848680,0 %, 2398 MHz, 40, 11.74 W
1788703783.262350912,0 %, 2398 MHz, 40, 11.74 W
1788703783.362766488,0 %, 2398 MHz, 40, 11.72 W
1788703783.463053727,0 %, 2398 MHz, 40, 11.72 W
1788703783.563222645,0 %, 2398 MHz, 40, 11.72 W
1788703783.663759469,0 %, 2398 MHz, 40, 11.72 W
1788703783.765161176,0 %, 2398 MHz, 40, 11.72 W
1788703783.864924685,0 %, 2398 MHz, 40, 11.65 W
1788703783.964868675,0 %, 2398 MHz, 40, 11.65 W
1788703784.065410731,0 %, 2398 MHz, 40, 11.65 W
1788703784.165408129,0 %, 2398 MHz, 40, 11.65 W
1788703784.266139642,0 %, 2398 MHz, 40, 11.65 W
1788703784.366652081,0 %, 2398 MHz, 40, 11.65 W
1788703784.466779464,0 %, 2398 MHz, 40, 11.65 W
1788703784.567120031,0 %, 2398 MHz, 40, 11.65 W
1788703784.667640598,0 %, 2398 MHz, 40, 11.65 W
1788703784.767897229,0 %, 2398 MHz, 40, 11.65 W
1788703784.868707622,0 %, 2398 MHz, 40, 11.67 W
1788703784.969024157,0 %, 2398 MHz, 40, 11.67 W
1788703785.069366532,0 %, 2398 MHz, 40, 11.67 W
1788703785.169854523,0 %, 2398 MHz, 40, 11.67 W
1788703785.270706884,0 %, 2398 MHz, 40, 11.67 W
1788703785.370655322,0 %, 2398 MHz, 40, 11.68 W
1788703785.470826896,0 %, 2398 MHz, 40, 11.68 W
1788703785.571346984,0 %, 2398 MHz, 40, 11.68 W
1788703785.671522798,0 %, 2398 MHz, 40, 11.68 W
1788703785.772041766,0 %, 2398 MHz, 40, 11.68 W
1788703785.872566525,0 %, 2398 MHz, 40, 11.71 W
1788703785.972934804,0 %, 2398 MHz, 40, 11.71 W
1788703786.073266619,0 %, 2398 MHz, 40, 11.71 W
1788703786.173758658,0 %, 2398 MHz, 40, 11.71 W
1788703786.274181241,0 %, 2398 MHz, 40, 11.71 W
1788703786.373520045,0 %, 2398 MHz, 40, 11.71 W
1788703786.473509378,0 %, 2398 MHz, 40, 11.71 W
1788703786.573895241,0 %, 2398 MHz, 40, 11.71 W
1788703786.674915618,0 %, 2398 MHz, 40, 11.71 W
1788703786.775021432,0 %, 2398 MHz, 40, 11.71 W
1788703786.875356367,0 %, 2398 MHz, 40, 11.73 W
1788703786.975795654,0 %, 2398 MHz, 40, 11.73 W
1788703787.076105565,0 %, 2398 MHz, 40, 11.73 W
1788703787.176570676,0 %, 2398 MHz, 40, 11.73 W
1788703787.276949099,0 %, 2398 MHz, 40, 11.73 W
1788703787.377222145,0 %, 2398 MHz, 40, 11.71 W
1788703787.477555464,0 %, 2398 MHz, 40, 11.71 W
1788703787.577901742,0 %, 2398 MHz, 40, 11.71 W
1788703787.678954087,0 %, 2398 MHz, 40, 11.71 W
1788703787.779139149,0 %, 2398 MHz, 40, 11.71 W
1788703787.879458004,0 %, 2398 MHz, 40, 11.70 W
1788703787.979805115,0 %, 2398 MHz, 40, 11.70 W
1788703788.080466914,0 %, 2398 MHz, 40, 11.70 W
1788703788.180730137,0 %, 2398 MHz, 40, 11.70 W
1788703788.281052431,0 %, 2398 MHz, 40, 11.70 W
1788703788.381212549,0 %, 2398 MHz, 40, 11.74 W
1788703788.482161773,0 %, 2398 MHz, 40, 11.74 W
1788703788.582572596,0 %, 2398 MHz, 40, 11.74 W
1788703788.682978091,0 %, 2398 MHz, 40, 11.74 W
1788703788.783268161,0 %, 2398 MHz, 40, 11.74 W
1788703788.883800920,0 %, 2398 MHz, 40, 11.77 W
1788703788.984258351,0 %, 2398 MHz, 40, 11.77 W
1788703789.084575733,0 %, 2398 MHz, 40, 11.77 W
1788703789.185012700,0 %, 2398 MHz, 40, 11.77 W
1788703789.285130386,0 %, 2398 MHz, 40, 11.77 W
1788703789.385279975,0 %, 2398 MHz, 40, 11.78 W
1788703789.486193296,0 %, 2398 MHz, 40, 11.78 W
1788703789.586331477,0 %, 2398 MHz, 40, 11.78 W
1788703789.686634235,0 %, 2398 MHz, 40, 11.78 W
1788703789.786959058,0 %, 2398 MHz, 40, 11.78 W
1788703789.887383000,0 %, 2398 MHz, 40, 11.76 W
1788703789.988086544,0 %, 2398 MHz, 40, 11.76 W
1788703790.088403478,0 %, 2398 MHz, 40, 11.76 W
1788703790.188790364,0 %, 2398 MHz, 40, 11.76 W
1788703790.289000610,0 %, 2398 MHz, 40, 11.76 W
1788703790.389633625,0 %, 2398 MHz, 40, 11.77 W
1788703790.490169872,0 %, 2398 MHz, 40, 11.77 W
1788703790.590367462,0 %, 2398 MHz, 40, 11.77 W
1788703790.690881741,0 %, 2398 MHz, 40, 11.77 W
1788703790.791544148,0 %, 2398 MHz, 40, 11.77 W
1788703790.891590745,0 %, 2398 MHz, 40, 11.78 W
1788703790.992111584,0 %, 2398 MHz, 40, 11.78 W
1788703791.091321202,0 %, 2398 MHz, 40, 11.78 W
1788703791.191815753,0 %, 2398 MHz, 40, 11.78 W
1788703791.291475996,0 %, 2398 MHz, 40, 11.78 W
1788703791.392596581,0 %, 2398 MHz, 40, 11.80 W
1788703791.493095324,0 %, 2398 MHz, 40, 11.80 W
1788703791.593450882,0 %, 2398 MHz, 40, 11.80 W
1788703791.693782936,0 %, 2398 MHz, 40, 11.80 W
1788703791.794476095,0 %, 2398 MHz, 40, 11.80 W
1788703791.894768869,0 %, 2398 MHz, 40, 11.80 W
1788703791.995185003,0 %, 2398 MHz, 40, 11.80 W
1788703792.095471153,0 %, 2398 MHz, 40, 11.80 W
1788703792.196207176,0 %, 2398 MHz, 40, 11.80 W
1788703792.296339069,0 %, 2398 MHz, 40, 11.80 W
1788703792.396672195,0 %, 2398 MHz, 40, 11.76 W
1788703792.497234394,0 %, 2398 MHz, 40, 11.76 W
1788703792.597251198,0 %, 2398 MHz, 40, 11.76 W
1788703792.698178230,0 %, 2398 MHz, 40, 11.76 W
1788703792.798303467,0 %, 2398 MHz, 40, 11.76 W
1788703792.898644305,0 %, 2398 MHz, 40, 11.77 W
1788703792.999206344,0 %, 2398 MHz, 40, 11.77 W
1788703793.099707806,0 %, 2398 MHz, 40, 11.77 W
1788703793.200227636,0 %, 2398 MHz, 40, 11.77 W
1788703793.300600026,0 %, 2398 MHz, 40, 11.77 W
1788703793.400742575,0 %, 2398 MHz, 40, 11.78 W
1788703793.501633031,0 %, 2398 MHz, 40, 11.78 W
1788703793.601619467,0 %, 2398 MHz, 40, 11.78 W
1788703793.702107442,0 %, 2398 MHz, 40, 11.78 W
1788703793.802681704,0 %, 2398 MHz, 40, 11.78 W
1788703793.902622653,0 %, 2398 MHz, 40, 11.79 W
1788703794.002834418,0 %, 2398 MHz, 40, 11.79 W
1788703794.103123959,0 %, 2398 MHz, 40, 11.79 W
1788703794.203950958,0 %, 2398 MHz, 40, 11.79 W
1788703794.304202788,0 %, 2398 MHz, 40, 11.79 W
1788703794.404547545,0 %, 2398 MHz, 40, 11.80 W
1788703794.504928975,0 %, 2398 MHz, 40, 11.80 W
1788703794.605025252,0 %, 2398 MHz, 40, 11.80 W
1788703794.705898859,0 %, 2398 MHz, 40, 11.80 W
1788703794.805968400,0 %, 2398 MHz, 40, 11.80 W
1788703794.906455494,0 %, 2398 MHz, 40, 11.80 W
1788703795.006609595,0 %, 2398 MHz, 40, 11.80 W
1788703795.106949120,0 %, 2398 MHz, 40, 11.80 W
1788703795.207780087,0 %, 2398 MHz, 40, 11.80 W
1788703795.308084445,0 %, 2398 MHz, 40, 11.80 W
1788703795.408450594,0 %, 2398 MHz, 40, 11.81 W
1788703795.508819976,0 %, 2398 MHz, 40, 11.81 W
1788703795.608923756,0 %, 2398 MHz, 40, 11.81 W
1788703795.709616387,0 %, 2398 MHz, 40, 11.81 W
1788703795.809996728,0 %, 2398 MHz, 40, 11.81 W
1788703795.910496238,0 %, 2398 MHz, 40, 11.82 W
1788703796.010632035,0 %, 2398 MHz, 40, 11.82 W
1788703796.111342954,0 %, 2398 MHz, 40, 11.82 W
1788703796.211862352,0 %, 2398 MHz, 40, 11.82 W
1788703796.312050868,0 %, 2398 MHz, 40, 11.82 W
1788703796.412560218,0 %, 2398 MHz, 40, 11.83 W
1788703796.513303185,0 %, 2398 MHz, 40, 11.83 W
1788703796.613612998,0 %, 2398 MHz, 40, 11.83 W
1788703796.713741947,0 %, 2398 MHz, 40, 11.83 W
1788703796.814492577,0 %, 2398 MHz, 40, 11.83 W
1788703796.915051879,0 %, 2398 MHz, 40, 11.84 W
1788703797.015115579,0 %, 2398 MHz, 40, 11.84 W
1788703797.115638609,0 %, 2398 MHz, 40, 11.84 W
1788703797.215895990,0 %, 2398 MHz, 40, 11.84 W
1788703797.316132091,0 %, 2398 MHz, 40, 11.84 W
1788703797.417105138,0 %, 2398 MHz, 40, 11.82 W
1788703797.517397495,0 %, 2398 MHz, 40, 11.82 W
1788703797.617588060,0 %, 2398 MHz, 40, 11.82 W
1788703797.717812336,0 %, 2398 MHz, 40, 11.82 W
1788703797.818455767,0 %, 2398 MHz, 40, 11.82 W
1788703797.918496155,0 %, 2398 MHz, 40, 11.80 W
1788703798.019140161,0 %, 2398 MHz, 40, 11.80 W
1788703798.119518310,0 %, 2398 MHz, 40, 11.80 W
1788703798.219652250,0 %, 2398 MHz, 40, 11.80 W
1788703798.320012127,0 %, 2398 MHz, 40, 11.80 W
1788703798.420790198,0 %, 2398 MHz, 40, 11.78 W
1788703798.521179467,0 %, 2398 MHz, 40, 11.78 W
1788703798.621457295,0 %, 2398 MHz, 40, 11.78 W
1788703798.721429715,0 %, 2398 MHz, 40, 11.78 W
1788703798.822040793,0 %, 2398 MHz, 40, 11.78 W
1788703798.922145229,0 %, 2398 MHz, 40, 11.81 W
1788703799.022502850,0 %, 2398 MHz, 40, 11.81 W
1788703799.123050856,0 %, 2398 MHz, 40, 11.81 W
1788703799.223373805,0 %, 2398 MHz, 40, 11.81 W
1788703799.323930786,0 %, 2398 MHz, 40, 11.81 W
1788703799.424237767,0 %, 2398 MHz, 40, 11.85 W
1788703799.524471595,0 %, 2398 MHz, 40, 11.85 W
1788703799.625224866,0 %, 2398 MHz, 40, 11.85 W
1788703799.725120949,0 %, 2398 MHz, 40, 11.85 W
1788703799.825584538,0 %, 2398 MHz, 40, 11.85 W
1788703799.925559022,0 %, 2398 MHz, 40, 11.85 W
1788703800.025992899,0 %, 2398 MHz, 40, 11.85 W
1788703800.126332343,0 %, 2398 MHz, 40, 11.85 W
1788703800.227033021,0 %, 2398 MHz, 40, 11.85 W
1788703800.327498066,0 %, 2398 MHz, 40, 11.85 W
1788703800.427674327,0 %, 2398 MHz, 40, 11.88 W
1788703800.528050683,0 %, 2398 MHz, 40, 11.88 W
1788703800.628383920,0 %, 2398 MHz, 40, 11.88 W
1788703800.728406084,0 %, 2398 MHz, 40, 11.88 W
1788703800.828962473,0 %, 2398 MHz, 40, 11.88 W
1788703800.928680044,0 %, 2398 MHz, 40, 11.89 W
1788703801.029767715,0 %, 2398 MHz, 40, 11.89 W
1788703801.129959431,0 %, 2398 MHz, 40, 11.89 W
1788703801.230523660,0 %, 2398 MHz, 40, 11.89 W
1788703801.330631120,0 %, 2398 MHz, 40, 11.89 W
1788703801.430845540,0 %, 2398 MHz, 40, 11.88 W
1788703801.531754122,0 %, 2398 MHz, 40, 11.88 W
1788703801.632030511,0 %, 2398 MHz, 40, 11.88 W
1788703801.733052389,0 %, 2398 MHz, 40, 11.88 W
1788703801.832847656,0 %, 2398 MHz, 40, 11.88 W
1788703801.933487374,0 %, 2398 MHz, 40, 11.88 W
1788703802.033703330,0 %, 2398 MHz, 40, 11.88 W
1788703802.133879670,0 %, 2398 MHz, 40, 11.88 W
1788703802.234234698,0 %, 2398 MHz, 40, 11.88 W
1788703802.334738431,0 %, 2398 MHz, 40, 11.88 W
1788703802.435291140,0 %, 2398 MHz, 40, 11.89 W
1788703802.535727401,0 %, 2398 MHz, 40, 11.89 W
1788703802.636381182,0 %, 2398 MHz, 40, 11.89 W
1788703802.736285057,0 %, 2398 MHz, 40, 11.89 W
1788703802.837028215,0 %, 2398 MHz, 40, 11.89 W
1788703802.937464395,0 %, 2398 MHz, 40, 11.88 W
1788703803.037646767,0 %, 2398 MHz, 40, 11.88 W
1788703803.138060292,0 %, 2398 MHz, 40, 11.88 W
1788703803.238201783,0 %, 2398 MHz, 40, 11.88 W
1788703803.338882861,0 %, 2398 MHz, 40, 11.88 W
1788703803.439245905,0 %, 2398 MHz, 40, 11.85 W
1788703803.539722230,0 %, 2398 MHz, 40, 11.85 W
1788703803.640094298,0 %, 2398 MHz, 40, 11.85 W
1788703803.740973024,0 %, 2398 MHz, 40, 11.85 W
1788703803.840964307,0 %, 2398 MHz, 40, 11.83 W
1788703803.941424808,0 %, 2398 MHz, 40, 11.83 W
1788703804.041640283,0 %, 2398 MHz, 40, 11.83 W
1788703804.142011104,0 %, 2398 MHz, 40, 11.83 W
1788703804.242355940,0 %, 2398 MHz, 40, 11.83 W
1788703804.342309927,0 %, 2398 MHz, 40, 11.82 W
1788703804.443026636,0 %, 2398 MHz, 40, 11.82 W
1788703804.543527024,0 %, 2398 MHz, 40, 11.82 W
1788703804.643733860,0 %, 2398 MHz, 40, 11.82 W
1788703804.744102168,0 %, 2398 MHz, 40, 11.82 W
1788703804.844426300,0 %, 2398 MHz, 40, 11.83 W
1788703804.944981345,0 %, 2398 MHz, 40, 11.83 W
1788703805.045271573,0 %, 2398 MHz, 40, 11.83 W
1788703805.145444584,0 %, 2398 MHz, 40, 11.83 W
1788703805.246037373,0 %, 2398 MHz, 40, 11.83 W
1788703805.346526497,0 %, 2398 MHz, 40, 11.84 W
1788703805.446514164,0 %, 2398 MHz, 40, 11.84 W
1788703805.547232714,0 %, 2398 MHz, 40, 11.84 W
1788703805.647611405,0 %, 2398 MHz, 40, 11.84 W
1788703805.747959265,0 %, 2398 MHz, 40, 11.84 W
1788703805.848097381,0 %, 2398 MHz, 40, 11.85 W
1788703805.948977978,0 %, 2398 MHz, 40, 11.85 W
1788703806.049113982,0 %, 2398 MHz, 40, 11.85 W
1788703806.149464193,0 %, 2398 MHz, 40, 11.85 W
1788703806.250045654,0 %, 2398 MHz, 40, 11.85 W
1788703806.350517274,0 %, 2398 MHz, 40, 11.86 W
1788703806.451023167,0 %, 2398 MHz, 40, 11.86 W
1788703806.551143730,0 %, 2398 MHz, 40, 11.86 W
1788703806.651606310,0 %, 2398 MHz, 40, 11.86 W
1788703806.750830278,0 %, 2398 MHz, 40, 11.86 W
1788703806.851435115,0 %, 2398 MHz, 40, 11.87 W
1788703806.951532606,0 %, 2398 MHz, 40, 11.87 W
1788703807.052473523,0 %, 2398 MHz, 40, 11.87 W
1788703807.153013256,0 %, 2398 MHz, 40, 11.87 W
1788703807.253486908,0 %, 2398 MHz, 40, 11.87 W
1788703807.353498142,0 %, 2398 MHz, 40, 11.87 W
1788703807.454011186,0 %, 2398 MHz, 40, 11.87 W
1788703807.554383078,0 %, 2398 MHz, 40, 11.87 W
1788703807.654546409,0 %, 2398 MHz, 40, 11.87 W
1788703807.754745980,0 %, 2398 MHz, 40, 11.87 W
1788703807.856425781,0 %, 2398 MHz, 40, 11.85 W
1788703807.955684340,0 %, 2398 MHz, 40, 11.85 W
1788703808.056429401,0 %, 2398 MHz, 40, 11.85 W
1788703808.156522124,0 %, 2398 MHz, 40, 11.85 W
1788703808.257200353,0 %, 2398 MHz, 40, 11.85 W
1788703808.357368132,0 %, 2398 MHz, 40, 11.78 W
1788703808.457537639,0 %, 2398 MHz, 40, 11.78 W
1788703808.558071483,0 %, 2398 MHz, 40, 11.78 W
1788703808.658401070,0 %, 2398 MHz, 40, 11.78 W
1788703808.758540753,0 %, 2398 MHz, 40, 11.78 W
1788703808.859425686,0 %, 2398 MHz, 40, 11.77 W
1788703808.959655497,0 %, 2398 MHz, 40, 11.77 W
1788703809.060017821,0 %, 2398 MHz, 40, 11.77 W
1788703809.160385024,0 %, 2398 MHz, 40, 11.77 W
1788703809.260709060,0 %, 2398 MHz, 40, 11.77 W
1788703809.361178071,0 %, 2398 MHz, 40, 11.79 W
1788703809.461490635,0 %, 2398 MHz, 40, 11.79 W
1788703809.562028239,0 %, 2398 MHz, 40, 11.79 W
1788703809.662352322,0 %, 2398 MHz, 40, 11.79 W
1788703809.763060615,0 %, 2398 MHz, 40, 11.79 W
1788703809.863340410,0 %, 2398 MHz, 40, 11.80 W
1788703809.963600189,0 %, 2398 MHz, 40, 11.80 W
1788703810.064048256,0 %, 2398 MHz, 40, 11.80 W
1788703810.164344563,0 %, 2398 MHz, 40, 11.80 W
1788703810.264293221,0 %, 2398 MHz, 40, 11.80 W
1788703810.365250939,0 %, 2398 MHz, 40, 11.80 W
1788703810.465364397,0 %, 2398 MHz, 40, 11.80 W
1788703810.565908913,0 %, 2398 MHz, 40, 11.80 W
1788703810.666227812,0 %, 2398 MHz, 40, 11.80 W
1788703810.766497591,0 %, 2398 MHz, 40, 11.80 W
1788703810.867184683,0 %, 2398 MHz, 40, 11.81 W
1788703810.967472142,0 %, 2398 MHz, 40, 11.81 W
1788703811.067110399,0 %, 2398 MHz, 40, 11.81 W
1788703811.168062484,0 %, 2398 MHz, 40, 11.81 W
1788703811.268964745,0 %, 2398 MHz, 40, 11.81 W
1788703811.369091915,0 %, 2398 MHz, 40, 11.81 W
1788703811.469235038,0 %, 2398 MHz, 40, 11.81 W
1788703811.569658545,0 %, 2398 MHz, 40, 11.81 W
1788703811.670103605,0 %, 2398 MHz, 40, 11.81 W
1788703811.770900153,0 %, 2398 MHz, 40, 11.81 W
1788703811.871128492,0 %, 2398 MHz, 40, 11.82 W
1788703811.971246894,0 %, 2398 MHz, 40, 11.82 W
1788703812.071408768,0 %, 2398 MHz, 40, 11.82 W
1788703812.171997684,0 %, 2398 MHz, 40, 11.82 W
1788703812.272117814,0 %, 2398 MHz, 40, 11.82 W
1788703812.372491433,0 %, 2398 MHz, 40, 11.83 W
1788703812.473018845,0 %, 2398 MHz, 40, 11.83 W
1788703812.573494192,0 %, 2398 MHz, 40, 11.83 W
1788703812.673923027,0 %, 2398 MHz, 40, 11.83 W
1788703812.774024726,0 %, 2398 MHz, 40, 11.83 W
1788703812.874601609,0 %, 2398 MHz, 40, 11.79 W
1788703812.974997676,0 %, 2398 MHz, 40, 11.79 W
1788703813.075473344,0 %, 2398 MHz, 40, 11.79 W
1788703813.175628274,0 %, 2398 MHz, 40, 11.79 W
1788703813.275896500,0 %, 2398 MHz, 40, 11.79 W
1788703813.376323943,0 %, 2398 MHz, 40, 11.78 W
1788703813.476864683,0 %, 2398 MHz, 40, 11.78 W
1788703813.577379646,0 %, 2398 MHz, 40, 11.78 W
1788703813.677786929,0 %, 2398 MHz, 40, 11.78 W
1788703813.777862835,0 %, 2398 MHz, 40, 11.78 W
1788703813.878118341,0 %, 2398 MHz, 40, 11.78 W
1788703813.978866330,0 %, 2398 MHz, 40, 11.78 W
1788703814.079319789,0 %, 2398 MHz, 40, 11.78 W
1788703814.179755248,0 %, 2398 MHz, 40, 11.78 W
1788703814.279795665,0 %, 2398 MHz, 40, 11.78 W
1788703814.380302452,0 %, 2398 MHz, 40, 11.79 W
1788703814.480469846,0 %, 2398 MHz, 40, 11.79 W
1788703814.580197527,0 %, 2398 MHz, 40, 11.79 W
1788703814.679986840,0 %, 2398 MHz, 40, 11.79 W
1788703814.780261914,0 %, 2398 MHz, 40, 11.79 W
1788703814.881505536,0 %, 2398 MHz, 40, 11.81 W
1788703814.981156096,0 %, 2398 MHz, 40, 11.81 W
1788703815.082215525,0 %, 2398 MHz, 40, 11.81 W
1788703815.182335303,0 %, 2398 MHz, 40, 11.81 W
1788703815.283475308,0 %, 2398 MHz, 40, 11.81 W
1788703815.383407885,0 %, 2398 MHz, 40, 11.80 W
1788703815.483597343,0 %, 2398 MHz, 40, 11.80 W
1788703815.583345519,0 %, 2398 MHz, 40, 11.80 W
1788703815.684243732,0 %, 2398 MHz, 40, 11.80 W
1788703815.784788551,0 %, 2398 MHz, 40, 11.80 W
1788703815.884793624,0 %, 2398 MHz, 40, 11.79 W
1788703815.985303595,0 %, 2398 MHz, 40, 11.79 W
1788703816.085471725,0 %, 2398 MHz, 40, 11.79 W
1788703816.186010736,0 %, 2398 MHz, 40, 11.79 W
1788703816.286493715,0 %, 2398 MHz, 40, 11.79 W
1788703816.386468676,0 %, 2398 MHz, 40, 11.79 W
1788703816.486918759,0 %, 2398 MHz, 40, 11.79 W
1788703816.587186793,0 %, 2398 MHz, 40, 11.79 W
1788703816.688063085,0 %, 2398 MHz, 40, 11.79 W
1788703816.788481135,0 %, 2398 MHz, 40, 11.79 W
1788703816.888576769,0 %, 2398 MHz, 40, 11.77 W
1788703816.988892835,0 %, 2398 MHz, 40, 11.77 W
1788703817.089608199,0 %, 2398 MHz, 40, 11.77 W
1788703817.189921081,0 %, 2398 MHz, 40, 11.77 W
1788703817.290437851,0 %, 2398 MHz, 40, 11.77 W
1788703817.390401756,0 %, 2398 MHz, 40, 11.77 W
1788703817.491136592,0 %, 2398 MHz, 40, 11.77 W
1788703817.591087009,0 %, 2398 MHz, 40, 11.77 W
1788703817.691478483,0 %, 2398 MHz, 40, 11.77 W
1788703817.792201623,0 %, 2398 MHz, 40, 11.77 W
1788703817.892491689,0 %, 2398 MHz, 40, 11.75 W
1788703817.992102600,0 %, 2398 MHz, 40, 11.75 W
1788703818.091885752,0 %, 2398 MHz, 40, 11.75 W
1788703818.192141498,0 %, 2398 MHz, 40, 11.75 W
1788703818.293260111,0 %, 2398 MHz, 40, 11.75 W
1788703818.393405552,0 %, 2398 MHz, 40, 11.76 W
1788703818.493982307,0 %, 2398 MHz, 40, 11.76 W
1788703818.594471798,0 %, 2398 MHz, 40, 11.76 W
1788703818.695028424,0 %, 2398 MHz, 40, 11.76 W
1788703818.795351850,0 %, 2398 MHz, 40, 11.76 W
1788703818.895668572,0 %, 2398 MHz, 40, 11.79 W
1788703818.996203711,0 %, 2398 MHz, 40, 11.79 W
1788703819.096748194,0 %, 2398 MHz, 40, 11.79 W
1788703819.197069475,0 %, 2398 MHz, 40, 11.79 W
1788703819.297419141,0 %, 2398 MHz, 40, 11.79 W
1788703819.397975656,0 %, 2398 MHz, 40, 11.80 W
1788703819.498457402,0 %, 2398 MHz, 40, 11.80 W
1788703819.598469563,0 %, 2398 MHz, 40, 11.80 W
1788703819.699037726,0 %, 2398 MHz, 40, 11.80 W
1788703819.799503312,0 %, 2398 MHz, 40, 11.80 W
1788703819.899486577,0 %, 2398 MHz, 40, 11.76 W
1788703820.000054387,0 %, 2398 MHz, 40, 11.76 W
1788703820.100555990,0 %, 2398 MHz, 40, 11.76 W
1788703820.200933304,0 %, 2398 MHz, 40, 11.76 W
1788703820.301092281,0 %, 2398 MHz, 40, 11.76 W
1788703820.401285946,0 %, 2398 MHz, 40, 11.76 W
1788703820.502207326,0 %, 2398 MHz, 40, 11.76 W
1788703820.602514175,0 %, 2398 MHz, 40, 11.76 W
1788703820.702897665,0 %, 2398 MHz, 40, 11.76 W
1788703820.803133539,0 %, 2398 MHz, 40, 11.76 W
1788703820.903480292,0 %, 2398 MHz, 40, 11.79 W
1788703821.003112452,0 %, 2398 MHz, 40, 11.79 W
1788703821.103098100,0 %, 2398 MHz, 40, 11.79 W
1788703821.203911815,0 %, 2398 MHz, 40, 11.79 W
1788703821.303759239,0 %, 2398 MHz, 40, 11.79 W
1788703821.403795944,0 %, 2398 MHz, 40, 11.81 W
1788703821.504411786,0 %, 2398 MHz, 40, 11.81 W
1788703821.604352155,0 %, 2398 MHz, 40, 11.81 W
1788703821.704416027,0 %, 2398 MHz, 40, 11.81 W
1788703821.805724768,0 %, 2398 MHz, 40, 11.81 W
1788703821.905884625,0 %, 2398 MHz, 40, 11.85 W
1788703822.006050594,0 %, 2398 MHz, 40, 11.85 W
1788703822.106373476,0 %, 2398 MHz, 40, 11.85 W
1788703822.206944566,0 %, 2398 MHz, 40, 11.85 W
1788703822.307586216,0 %, 2398 MHz, 40, 11.85 W
1788703822.407939114,0 %, 2398 MHz, 40, 11.85 W
1788703822.508308107,0 %, 2398 MHz, 40, 11.85 W
1788703822.608555885,0 %, 2398 MHz, 40, 11.85 W
1788703822.709484016,0 %, 2398 MHz, 40, 11.85 W
1788703822.809449760,0 %, 2398 MHz, 40, 11.85 W
1788703822.909960610,0 %, 2398 MHz, 40, 11.82 W
1788703823.010119603,0 %, 2398 MHz, 40, 11.82 W
1788703823.110360532,0 %, 2398 MHz, 40, 11.82 W
1788703823.211288983,0 %, 2398 MHz, 40, 11.82 W
1788703823.311370648,0 %, 2398 MHz, 40, 11.82 W
1788703823.411849994,0 %, 2398 MHz, 40, 11.80 W
1788703823.512261931,0 %, 2398 MHz, 40, 11.80 W
1788703823.612496476,0 %, 2398 MHz, 40, 11.80 W
1788703823.713123390,0 %, 2398 MHz, 40, 11.80 W
1788703823.813498368,0 %, 2398 MHz, 40, 11.80 W
1788703823.913952146,0 %, 2398 MHz, 40, 11.80 W
1788703824.014206515,0 %, 2398 MHz, 40, 11.80 W
1788703824.114515236,0 %, 2398 MHz, 40, 11.80 W
1788703824.215003061,0 %, 2398 MHz, 40, 11.80 W
1788703824.315296422,0 %, 2398 MHz, 40, 11.80 W
1788703824.415844648,0 %, 2398 MHz, 40, 11.77 W
1788703824.516196889,0 %, 2398 MHz, 40, 11.77 W
1788703824.616928700,0 %, 2398 MHz, 40, 11.77 W
1788703824.717054684,0 %, 2398 MHz, 40, 11.77 W
1788703824.816645563,0 %, 2398 MHz, 40, 11.77 W
1788703824.916903756,0 %, 2398 MHz, 40, 11.74 W
1788703825.017218797,0 %, 2398 MHz, 40, 11.74 W
1788703825.117453662,0 %, 2398 MHz, 40, 11.74 W
1788703825.218280272,0 %, 2398 MHz, 40, 11.74 W
1788703825.318926706,0 %, 2398 MHz, 40, 11.74 W
1788703825.419285940,0 %, 2398 MHz, 40, 11.96 W
1788703825.520538969,0 %, 2398 MHz, 40, 11.96 W
1788703825.621399162,0 %, 2398 MHz, 40, 11.96 W
1788703825.722305711,0 %, 2398 MHz, 40, 11.96 W
1788703825.822987423,0 %, 2398 MHz, 40, 11.96 W
1788703825.923889716,0 %, 2398 MHz, 40, 12.00 W
1788703826.024634821,0 %, 2398 MHz, 40, 12.00 W
1788703826.125685048,0 %, 2398 MHz, 40, 12.00 W
1788703826.226421646,0 %, 2398 MHz, 40, 12.00 W
1788703826.327206862,0 %, 2398 MHz, 40, 12.00 W
1788703826.427867006,0 %, 2398 MHz, 40, 11.89 W
1788703826.528779748,0 %, 2398 MHz, 40, 11.89 W
1788703826.629655765,0 %, 2398 MHz, 40, 11.89 W
1788703826.730362536,0 %, 2398 MHz, 40, 11.89 W
1788703826.831173337,0 %, 2398 MHz, 40, 11.89 W
1788703826.930576839,0 %, 2398 MHz, 40, 11.80 W
1788703827.031628122,0 %, 2398 MHz, 40, 11.80 W
1788703827.130929463,0 %, 2398 MHz, 40, 11.80 W
1788703827.231373592,0 %, 2398 MHz, 40, 11.80 W
1788703827.333096239,0 %, 2398 MHz, 40, 11.80 W
1788703827.433765567,0 %, 1930 MHz, 39, 10.26 W
1788703827.534496466,0 %, 1930 MHz, 39, 10.26 W
1788703827.635585240,0 %, 1930 MHz, 39, 10.26 W
1788703827.736247976,0 %, 1930 MHz, 39, 10.26 W
1788703827.837027337,0 %, 1930 MHz, 39, 10.26 W
1788703827.938120607,0 %, 208 MHz, 39, 7.05 W
1788703828.038367806,0 %, 208 MHz, 39, 7.05 W
1788703828.139328897,0 %, 208 MHz, 39, 7.05 W
1788703828.240186385,0 %, 208 MHz, 39, 7.05 W
1788703828.340942820,0 %, 208 MHz, 39, 7.05 W
1788703828.442050710,0 %, 208 MHz, 39, 5.34 W
1788703828.542422776,0 %, 208 MHz, 39, 5.34 W
1788703828.643240942,0 %, 208 MHz, 39, 5.34 W
1788703828.744159983,0 %, 208 MHz, 39, 5.34 W
1788703828.844892207,0 %, 208 MHz, 39, 5.35 W
1788703828.945993314,0 %, 208 MHz, 39, 5.35 W
1788703829.046346386,0 %, 208 MHz, 39, 5.35 W
1788703829.147219974,0 %, 208 MHz, 39, 5.35 W
1788703829.247898230,0 %, 208 MHz, 39, 5.35 W
1788703829.348838904,0 %, 208 MHz, 39, 5.37 W
1788703829.449713759,0 %, 208 MHz, 39, 5.37 W
1788703829.550613360,0 %, 208 MHz, 39, 5.37 W
1788703829.651413616,0 %, 208 MHz, 39, 5.37 W
1788703829.751547951,0 %, 208 MHz, 39, 5.37 W
1788703829.852060275,0 %, 208 MHz, 39, 5.37 W
1788703829.953075364,0 %, 208 MHz, 39, 5.37 W
1788703830.054064405,0 %, 208 MHz, 39, 5.37 W
1788703830.154814635,0 %, 208 MHz, 39, 5.37 W
1788703830.254821257,0 %, 208 MHz, 39, 5.37 W
1788703830.355620314,0 %, 208 MHz, 39, 5.37 W
1788703830.456617595,0 %, 208 MHz, 39, 5.37 W
1788703830.557010704,0 %, 208 MHz, 39, 5.37 W
1788703830.658242546,0 %, 208 MHz, 39, 5.37 W
1788703830.759390275,0 %, 208 MHz, 39, 5.37 W
1788703830.859780098,0 %, 208 MHz, 39, 5.02 W
1788703830.960790582,0 %, 208 MHz, 39, 5.02 W
1788703831.061275462,0 %, 208 MHz, 39, 5.02 W
1788703831.162283386,0 %, 208 MHz, 39, 5.02 W
1788703831.263312267,0 %, 208 MHz, 39, 5.02 W
1788703831.363512090,0 %, 208 MHz, 39, 5.02 W
1788703831.464545021,0 %, 208 MHz, 39, 5.02 W
1788703831.565411582,0 %, 208 MHz, 39, 5.02 W
1788703831.666023409,0 %, 208 MHz, 39, 5.02 W
1788703831.767261203,0 %, 208 MHz, 39, 5.02 W
1788703831.867470101,0 %, 208 MHz, 39, 5.00 W
1788703831.968492006,0 %, 208 MHz, 39, 5.00 W
1788703832.069176054,0 %, 208 MHz, 39, 5.00 W
1788703832.170201192,0 %, 208 MHz, 39, 5.00 W
1788703832.271230603,0 %, 208 MHz, 39, 5.00 W
1788703832.371685980,0 %, 208 MHz, 39, 5.00 W
1788703832.472752078,0 %, 208 MHz, 39, 5.00 W
1788703832.573137677,0 %, 208 MHz, 39, 5.00 W
1788703832.674182577,0 %, 208 MHz, 39, 5.00 W
1788703832.774949489,0 %, 208 MHz, 39, 5.00 W
1788703832.875718852,0 %, 208 MHz, 39, 5.00 W
1788703832.976609222,0 %, 208 MHz, 39, 5.00 W
1788703833.078283466,0 %, 208 MHz, 39, 5.00 W
1788703833.178415257,0 %, 208 MHz, 39, 5.00 W
1788703833.279169307,0 %, 208 MHz, 39, 5.00 W
1788703833.379883739,0 %, 208 MHz, 39, 5.05 W
1788703833.480682317,0 %, 208 MHz, 39, 5.05 W
1788703833.581467998,0 %, 208 MHz, 39, 5.05 W
1788703833.682378562,0 %, 208 MHz, 39, 5.05 W
1788703833.783139362,0 %, 208 MHz, 39, 5.05 W
1788703833.884225332,0 %, 208 MHz, 39, 5.18 W
1788703833.984586276,0 %, 208 MHz, 39, 5.18 W
1788703834.085633225,0 %, 208 MHz, 39, 5.18 W
1788703834.186120281,0 %, 208 MHz, 39, 5.18 W
1788703834.286934585,0 %, 208 MHz, 39, 5.18 W
1788703834.388168955,0 %, 208 MHz, 39, 5.18 W
1788703834.488845995,0 %, 208 MHz, 39, 5.18 W
1788703834.589444923,0 %, 208 MHz, 39, 5.18 W
1788703834.690331935,0 %, 208 MHz, 39, 5.18 W
1788703834.790922526,0 %, 208 MHz, 39, 5.18 W
1788703834.892163201,0 %, 208 MHz, 39, 5.18 W
1788703834.992600659,0 %, 208 MHz, 39, 5.18 W
1788703835.093456515,0 %, 208 MHz, 39, 5.18 W
1788703835.194280324,0 %, 208 MHz, 39, 5.18 W
1788703835.294320466,0 %, 208 MHz, 39, 5.18 W
1788703835.395277316,0 %, 208 MHz, 39, 5.18 W
1788703835.496329178,0 %, 208 MHz, 39, 5.18 W
1788703835.596801578,0 %, 208 MHz, 39, 5.18 W
1788703835.697527354,0 %, 208 MHz, 39, 5.18 W
1788703835.798226954,0 %, 208 MHz, 39, 5.18 W
1788703835.899219035,0 %, 208 MHz, 38, 5.04 W
1788703836.000249580,0 %, 208 MHz, 38, 5.04 W
1788703836.100728892,0 %, 208 MHz, 38, 5.04 W
1788703836.201712285,0 %, 208 MHz, 38, 5.04 W
1788703836.302767860,0 %, 208 MHz, 38, 5.04 W
1788703836.403156851,0 %, 208 MHz, 38, 5.04 W
1788703836.504157220,0 %, 208 MHz, 38, 5.04 W
1788703836.604641284,0 %, 208 MHz, 38, 5.04 W
1788703836.705607557,0 %, 208 MHz, 38, 5.04 W
1788703836.806297909,0 %, 208 MHz, 38, 5.04 W
1788703836.907075381,0 %, 208 MHz, 38, 5.07 W
1788703837.007930646,0 %, 208 MHz, 38, 5.07 W
1788703837.108587526,0 %, 208 MHz, 38, 5.07 W
1788703837.209564343,0 %, 208 MHz, 38, 5.07 W
1788703837.310659592,0 %, 208 MHz, 38, 5.07 W
1788703837.411030185,0 %, 208 MHz, 38, 5.07 W
1788703837.512073226,0 %, 208 MHz, 38, 5.07 W
1788703837.612905035,0 %, 208 MHz, 38, 5.07 W
1788703837.713505692,0 %, 208 MHz, 38, 5.07 W
1788703837.813795387,0 %, 208 MHz, 38, 5.07 W
1788703837.914857884,0 %, 208 MHz, 38, 5.09 W
1788703838.015286347,0 %, 208 MHz, 38, 5.09 W
1788703838.116165948,0 %, 208 MHz, 38, 5.09 W
1788703838.217384593,0 %, 208 MHz, 38, 5.09 W
1788703838.318099025,0 %, 208 MHz, 38, 5.09 W
1788703838.418777153,0 %, 208 MHz, 38, 5.09 W
1788703838.519489585,0 %, 208 MHz, 38, 5.09 W
1788703838.620169425,0 %, 208 MHz, 38, 5.09 W
1788703838.721075442,0 %, 208 MHz, 38, 5.09 W
1788703838.821832162,0 %, 208 MHz, 38, 5.09 W
1788703838.922797955,0 %, 208 MHz, 38, 5.11 W
1788703839.023286019,0 %, 208 MHz, 38, 5.11 W
1788703839.124255828,0 %, 208 MHz, 38, 5.11 W
1788703839.225369717,0 %, 208 MHz, 38, 5.11 W
1788703839.326521815,0 %, 208 MHz, 38, 5.11 W
1788703839.426740342,0 %, 208 MHz, 38, 5.11 W
1788703839.527847320,0 %, 208 MHz, 38, 5.11 W
1788703839.628180631,0 %, 208 MHz, 38, 5.11 W
1788703839.729179304,0 %, 208 MHz, 38, 5.11 W
1788703839.828500420,0 %, 208 MHz, 38, 5.11 W
1788703839.928732786,0 %, 208 MHz, 38, 5.10 W
1788703840.029588211,0 %, 208 MHz, 38, 5.10 W
1788703840.130449300,0 %, 208 MHz, 38, 5.10 W
1788703840.231208260,0 %, 208 MHz, 38, 5.10 W
1788703840.331368706,0 %, 208 MHz, 38, 5.10 W
1788703840.432354020,0 %, 208 MHz, 38, 5.13 W
1788703840.533312949,0 %, 208 MHz, 38, 5.13 W
1788703840.634006517,0 %, 208 MHz, 38, 5.13 W
1788703840.735051158,0 %, 208 MHz, 38, 5.13 W
1788703840.835468901,0 %, 208 MHz, 38, 5.13 W
1788703840.936292230,0 %, 208 MHz, 38, 5.19 W
1788703841.037172725,0 %, 208 MHz, 38, 5.19 W
1788703841.137974710,0 %, 208 MHz, 38, 5.19 W
1788703841.238966871,0 %, 208 MHz, 38, 5.19 W
1788703841.339659959,0 %, 208 MHz, 38, 5.19 W
1788703841.440438727,0 %, 208 MHz, 38, 5.21 W
1788703841.541564025,0 %, 208 MHz, 38, 5.21 W
1788703841.642103176,0 %, 208 MHz, 38, 5.21 W
1788703841.742965881,0 %, 208 MHz, 38, 5.21 W
1788703841.843628425,0 %, 208 MHz, 38, 5.21 W
1788703841.944282681,0 %, 208 MHz, 38, 5.21 W
1788703842.045461594,0 %, 208 MHz, 38, 5.21 W
1788703842.145672696,0 %, 208 MHz, 38, 5.21 W
1788703842.246884666,0 %, 208 MHz, 38, 5.21 W
1788703842.346367846,0 %, 208 MHz, 38, 5.21 W
1788703842.447763832,0 %, 208 MHz, 38, 5.21 W
1788703842.548550680,0 %, 208 MHz, 38, 5.21 W
1788703842.649662042,0 %, 208 MHz, 38, 5.21 W
1788703842.750084056,0 %, 208 MHz, 38, 5.21 W
1788703842.851040857,0 %, 208 MHz, 38, 5.11 W
1788703842.951741785,0 %, 208 MHz, 38, 5.11 W
1788703843.052527129,0 %, 208 MHz, 38, 5.11 W
1788703843.153007432,0 %, 208 MHz, 38, 5.11 W
1788703843.253795335,0 %, 208 MHz, 38, 5.11 W
1788703843.353519124,0 %, 208 MHz, 38, 5.11 W
1788703843.454518917,0 %, 208 MHz, 38, 5.11 W
1788703843.555842935,0 %, 208 MHz, 38, 5.11 W
1788703843.656647414,0 %, 208 MHz, 38, 5.11 W
1788703843.757097253,0 %, 208 MHz, 38, 5.11 W
1788703843.858251415,0 %, 208 MHz, 38, 5.14 W
1788703843.959117240,0 %, 208 MHz, 38, 5.14 W
1788703844.059856440,0 %, 208 MHz, 38, 5.14 W
1788703844.160396531,0 %, 208 MHz, 38, 5.14 W
1788703844.261062435,0 %, 208 MHz, 38, 5.14 W
1788703844.362052628,0 %, 208 MHz, 38, 5.14 W
1788703844.463108165,0 %, 208 MHz, 38, 5.14 W
1788703844.563753141,0 %, 208 MHz, 38, 5.14 W
1788703844.664628326,0 %, 208 MHz, 38, 5.14 W
1788703844.764783060,0 %, 208 MHz, 38, 5.14 W
1788703844.865565428,0 %, 208 MHz, 38, 5.10 W
1788703844.966282369,0 %, 208 MHz, 38, 5.10 W
1788703845.067277298,0 %, 208 MHz, 38, 5.10 W
1788703845.167758065,0 %, 208 MHz, 38, 5.10 W
1788703845.268756819,0 %, 208 MHz, 38, 5.10 W
1788703845.369754980,0 %, 208 MHz, 38, 5.10 W
1788703845.470445556,0 %, 208 MHz, 38, 5.10 W
1788703845.571250641,0 %, 208 MHz, 38, 5.10 W
1788703845.672331746,0 %, 208 MHz, 38, 5.10 W
1788703845.772661377,0 %, 208 MHz, 38, 5.10 W
1788703845.873520081,0 %, 208 MHz, 38, 5.09 W
1788703845.974402594,0 %, 208 MHz, 38, 5.09 W
1788703846.075182479,0 %, 208 MHz, 38, 5.09 W
1788703846.176261488,0 %, 208 MHz, 38, 5.09 W
1788703846.276639359,0 %, 208 MHz, 38, 5.09 W
1788703846.377579648,0 %, 208 MHz, 38, 5.09 W
1788703846.477950799,0 %, 208 MHz, 38, 5.09 W
1788703846.578781663,0 %, 208 MHz, 38, 5.09 W
1788703846.679726379,0 %, 208 MHz, 38, 5.09 W
1788703846.780472635,0 %, 208 MHz, 38, 5.09 W
1788703846.881167179,0 %, 208 MHz, 38, 5.07 W
1788703846.980730375,0 %, 208 MHz, 38, 5.07 W
1788703847.081879721,0 %, 208 MHz, 38, 5.07 W
1788703847.183138491,0 %, 208 MHz, 38, 5.07 W
1788703847.282017892,0 %, 208 MHz, 38, 5.07 W
1788703847.382450867,0 %, 208 MHz, 38, 5.08 W
1788703847.482817713,0 %, 208 MHz, 38, 5.08 W
1788703847.582941838,0 %, 208 MHz, 38, 5.08 W
1788703847.684379520,0 %, 208 MHz, 38, 5.08 W
1788703847.785464351,0 %, 208 MHz, 38, 5.08 W
1788703847.886031503,0 %, 208 MHz, 38, 5.15 W
1788703847.986783294,0 %, 208 MHz, 38, 5.15 W
1788703848.087643899,0 %, 208 MHz, 38, 5.15 W
1788703848.188274955,0 %, 208 MHz, 38, 5.15 W
1788703848.289069227,0 %, 208 MHz, 38, 5.15 W
1788703848.389972876,0 %, 208 MHz, 38, 5.18 W
1788703848.490182935,0 %, 208 MHz, 38, 5.18 W
1788703848.591784906,0 %, 208 MHz, 38, 5.18 W
1788703848.692472762,0 %, 208 MHz, 38, 5.18 W
1788703848.793335274,0 %, 208 MHz, 38, 5.18 W
1788703848.893710308,0 %, 208 MHz, 38, 5.18 W
1788703848.994766358,0 %, 208 MHz, 38, 5.18 W
1788703849.096408089,0 %, 208 MHz, 38, 5.18 W
1788703849.196430934,0 %, 208 MHz, 38, 5.18 W
1788703849.297183557,0 %, 208 MHz, 38, 5.18 W
1788703849.398267238,0 %, 208 MHz, 38, 5.18 W
1788703849.498728117,0 %, 208 MHz, 38, 5.18 W
1788703849.599671744,0 %, 208 MHz, 38, 5.18 W
1788703849.700367889,0 %, 208 MHz, 38, 5.18 W
1788703849.801133665,0 %, 208 MHz, 38, 5.18 W
1788703849.901287679,0 %, 208 MHz, 38, 5.13 W
1788703850.001887947,0 %, 208 MHz, 38, 5.13 W
1788703850.102600827,0 %, 208 MHz, 38, 5.13 W
1788703850.203819386,0 %, 208 MHz, 38, 5.13 W
1788703850.304307609,0 %, 208 MHz, 38, 5.13 W
1788703850.405146794,0 %, 208 MHz, 38, 5.13 W
1788703850.506413334,0 %, 208 MHz, 38, 5.13 W
1788703850.607055830,0 %, 208 MHz, 38, 5.13 W
1788703850.707803495,0 %, 208 MHz, 38, 5.13 W
1788703850.808276694,0 %, 208 MHz, 38, 5.13 W
1788703850.909424304,0 %, 208 MHz, 38, 5.12 W
1788703851.009415742,0 %, 208 MHz, 38, 5.12 W
1788703851.110577888,0 %, 208 MHz, 38, 5.12 W
1788703851.211642241,0 %, 208 MHz, 38, 5.12 W
1788703851.312176193,0 %, 208 MHz, 38, 5.12 W
1788703851.412982111,0 %, 208 MHz, 38, 5.12 W
1788703851.513844989,0 %, 208 MHz, 38, 5.12 W
1788703851.614622781,0 %, 208 MHz, 38, 5.12 W
1788703851.714422773,0 %, 208 MHz, 38, 5.12 W
1788703851.815019013,0 %, 208 MHz, 38, 5.12 W
1788703851.915027043,0 %, 208 MHz, 37, 5.12 W
1788703852.014908624,0 %, 208 MHz, 37, 5.12 W
1788703852.115141405,0 %, 208 MHz, 37, 5.12 W
1788703852.216570891,0 %, 208 MHz, 37, 5.12 W
1788703852.317272379,0 %, 208 MHz, 37, 5.12 W
1788703852.418425369,0 %, 208 MHz, 37, 5.12 W
1788703852.519260842,0 %, 208 MHz, 37, 5.12 W
1788703852.619708313,0 %, 208 MHz, 37, 5.12 W
1788703852.720483314,0 %, 208 MHz, 37, 5.12 W
1788703852.821529380,0 %, 208 MHz, 37, 5.12 W
1788703852.922396516,0 %, 208 MHz, 37, 5.11 W
1788703853.023101652,0 %, 208 MHz, 37, 5.11 W
1788703853.123839234,0 %, 208 MHz, 37, 5.11 W
1788703853.224415633,0 %, 208 MHz, 37, 5.11 W
1788703853.325419421,0 %, 208 MHz, 37, 5.11 W
1788703853.426343454,0 %, 208 MHz, 37, 5.11 W
1788703853.527116894,0 %, 208 MHz, 37, 5.11 W
1788703853.627356760,0 %, 208 MHz, 37, 5.11 W
1788703853.728209001,0 %, 208 MHz, 37, 5.11 W
1788703853.828912840,0 %, 208 MHz, 37, 5.11 W
1788703853.928275586,0 %, 208 MHz, 37, 5.11 W
1788703854.029813155,0 %, 208 MHz, 37, 5.11 W
1788703854.130723810,0 %, 208 MHz, 37, 5.11 W
1788703854.231323936,0 %, 208 MHz, 37, 5.11 W
1788703854.332543583,0 %, 208 MHz, 37, 5.11 W
1788703854.433244923,0 %, 208 MHz, 37, 5.12 W
1788703854.534022011,0 %, 208 MHz, 37, 5.12 W
1788703854.634651210,0 %, 208 MHz, 37, 5.12 W
1788703854.735274057,0 %, 208 MHz, 37, 5.12 W
1788703854.837026873,0 %, 208 MHz, 37, 5.12 W
1788703854.937217669,0 %, 208 MHz, 37, 5.15 W
1788703855.037727445,0 %, 208 MHz, 37, 5.15 W
1788703855.139033665,0 %, 208 MHz, 37, 5.15 W
1788703855.239258703,0 %, 208 MHz, 37, 5.15 W
1788703855.340454865,0 %, 208 MHz, 37, 5.15 W
1788703855.440962152,0 %, 208 MHz, 37, 5.16 W
1788703855.541949225,0 %, 208 MHz, 37, 5.16 W
1788703855.643049338,0 %, 208 MHz, 37, 5.16 W
1788703855.743456042,0 %, 208 MHz, 37, 5.16 W
1788703855.844253895,0 %, 208 MHz, 37, 5.16 W
1788703855.945503912,0 %, 208 MHz, 37, 5.16 W
1788703856.045896005,0 %, 208 MHz, 37, 5.16 W
1788703856.146954674,0 %, 208 MHz, 37, 5.16 W
1788703856.247454769,0 %, 208 MHz, 37, 5.16 W
1788703856.347865422,0 %, 208 MHz, 37, 5.16 W
1788703856.449495057,0 %, 208 MHz, 37, 5.16 W
1788703856.549881306,0 %, 208 MHz, 37, 5.16 W
1788703856.650896043,0 %, 208 MHz, 37, 5.16 W
1788703856.751591351,0 %, 208 MHz, 37, 5.16 W
1788703856.852179846,0 %, 208 MHz, 37, 5.09 W
1788703856.953442935,0 %, 208 MHz, 37, 5.09 W
1788703857.053247474,0 %, 208 MHz, 37, 5.09 W
1788703857.153794041,0 %, 208 MHz, 37, 5.09 W
1788703857.254592521,0 %, 208 MHz, 37, 5.09 W
1788703857.354473879,0 %, 208 MHz, 37, 5.09 W
1788703857.454348931,0 %, 208 MHz, 37, 5.09 W
1788703857.554846112,0 %, 208 MHz, 37, 5.09 W
1788703857.655823151,0 %, 208 MHz, 37, 5.09 W
1788703857.755746938,0 %, 208 MHz, 37, 5.09 W
1788703857.855792662,0 %, 208 MHz, 37, 5.07 W
1788703857.956682613,0 %, 208 MHz, 37, 5.07 W
1788703858.056865793,0 %, 208 MHz, 37, 5.07 W
1788703858.157851199,0 %, 208 MHz, 37, 5.07 W
1788703858.257172904,0 %, 208 MHz, 37, 5.07 W
1788703858.357301924,0 %, 208 MHz, 37, 5.07 W
1788703858.457458896,0 %, 208 MHz, 37, 5.07 W
1788703858.557734172,0 %, 208 MHz, 37, 5.07 W
1788703858.657761256,0 %, 208 MHz, 37, 5.07 W
1788703858.757966260,0 %, 208 MHz, 37, 5.07 W
1788703858.859276339,0 %, 208 MHz, 37, 5.08 W
1788703858.960030578,0 %, 208 MHz, 37, 5.08 W
1788703859.061399473,0 %, 208 MHz, 37, 5.08 W
1788703859.161566652,0 %, 208 MHz, 37, 5.08 W
1788703859.261972632,0 %, 208 MHz, 37, 5.08 W
1788703859.362862024,0 %, 208 MHz, 37, 5.08 W
1788703859.463647013,0 %, 208 MHz, 37, 5.08 W
1788703859.564442338,0 %, 208 MHz, 37, 5.08 W
1788703859.665534242,0 %, 208 MHz, 37, 5.08 W
1788703859.766212144,0 %, 208 MHz, 37, 5.08 W
1788703859.866797370,0 %, 208 MHz, 37, 5.11 W
1788703859.967438202,0 %, 208 MHz, 37, 5.11 W
1788703860.068295226,0 %, 208 MHz, 37, 5.11 W
1788703860.169286787,0 %, 208 MHz, 37, 5.11 W
1788703860.270194516,0 %, 208 MHz, 37, 5.11 W
1788703860.370765682,0 %, 208 MHz, 37, 5.14 W
1788703860.472040511,0 %, 208 MHz, 37, 5.14 W
1788703860.572091741,0 %, 208 MHz, 37, 5.14 W
1788703860.673447595,0 %, 208 MHz, 37, 5.14 W
1788703860.774186713,0 %, 208 MHz, 37, 5.14 W
1788703860.874789046,0 %, 208 MHz, 37, 5.19 W
1788703860.975805477,0 %, 208 MHz, 37, 5.19 W
1788703861.076431891,0 %, 208 MHz, 37, 5.19 W
1788703861.177538045,0 %, 208 MHz, 37, 5.19 W
1788703861.277768956,0 %, 208 MHz, 37, 5.19 W
1788703861.378561687,0 %, 208 MHz, 37, 5.21 W
1788703861.479472072,0 %, 208 MHz, 37, 5.21 W
1788703861.580067637,0 %, 208 MHz, 37, 5.21 W
1788703861.681103923,0 %, 208 MHz, 37, 5.21 W
1788703861.782004352,0 %, 208 MHz, 37, 5.21 W
1788703861.883000032,0 %, 208 MHz, 37, 5.15 W
1788703861.983381596,0 %, 208 MHz, 37, 5.15 W
1788703862.083929571,0 %, 208 MHz, 37, 5.15 W
1788703862.184593123,0 %, 208 MHz, 37, 5.15 W
1788703862.285420627,0 %, 208 MHz, 37, 5.15 W
1788703862.386648770,0 %, 208 MHz, 37, 5.14 W
1788703862.487350751,0 %, 208 MHz, 37, 5.14 W
1788703862.587949182,0 %, 208 MHz, 37, 5.14 W
1788703862.689866730,0 %, 208 MHz, 37, 5.14 W
1788703862.789160710,0 %, 208 MHz, 37, 5.14 W
1788703862.890547572,0 %, 208 MHz, 37, 5.14 W
1788703862.990163695,0 %, 208 MHz, 37, 5.14 W
1788703863.092011008,0 %, 208 MHz, 37, 5.14 W
1788703863.191426822,0 %, 208 MHz, 37, 5.14 W
1788703863.292253110,0 %, 208 MHz, 37, 5.14 W
1788703863.392385121,0 %, 208 MHz, 37, 5.14 W
1788703863.492805165,0 %, 208 MHz, 37, 5.14 W
1788703863.593314058,0 %, 208 MHz, 37, 5.14 W
1788703863.694321288,0 %, 208 MHz, 37, 5.14 W
1788703863.795343444,0 %, 208 MHz, 37, 5.14 W
1788703863.894827135,0 %, 208 MHz, 37, 5.11 W
1788703863.996027228,0 %, 208 MHz, 37, 5.11 W
1788703864.096283353,0 %, 208 MHz, 37, 5.11 W
1788703864.197126646,0 %, 208 MHz, 37, 5.11 W
1788703864.297568322,0 %, 208 MHz, 37, 5.11 W
1788703864.397619757,0 %, 208 MHz, 37, 5.11 W
1788703864.497980345,0 %, 208 MHz, 37, 5.11 W
1788703864.598662838,0 %, 208 MHz, 37, 5.11 W
1788703864.699272242,0 %, 208 MHz, 37, 5.11 W
1788703864.799606638,0 %, 208 MHz, 37, 5.11 W
1788703864.899782537,0 %, 208 MHz, 37, 5.13 W
1788703865.000680599,0 %, 208 MHz, 37, 5.13 W
1788703865.101036866,0 %, 208 MHz, 37, 5.13 W
1788703865.201433854,0 %, 208 MHz, 37, 5.13 W
1788703865.301917466,0 %, 208 MHz, 37, 5.13 W
1788703865.402289494,0 %, 208 MHz, 37, 5.13 W
1788703865.502345952,0 %, 208 MHz, 37, 5.13 W
1788703865.602648748,0 %, 208 MHz, 37, 5.13 W
1788703865.703260120,0 %, 208 MHz, 37, 5.13 W
1788703865.803570900,0 %, 208 MHz, 37, 5.13 W
1788703865.904329921,0 %, 208 MHz, 37, 5.17 W
1788703866.004740252,0 %, 208 MHz, 37, 5.17 W
1788703866.105072392,0 %, 208 MHz, 37, 5.17 W
1788703866.205654036,0 %, 208 MHz, 37, 5.17 W
1788703866.305912959,0 %, 208 MHz, 37, 5.17 W
1788703866.406394795,0 %, 208 MHz, 37, 5.17 W
1788703866.506804999,0 %, 208 MHz, 37, 5.17 W
1788703866.606927154,0 %, 208 MHz, 37, 5.17 W
1788703866.707638718,0 %, 208 MHz, 37, 5.17 W
1788703866.808209594,0 %, 208 MHz, 37, 5.17 W
1788703866.908853111,0 %, 208 MHz, 37, 5.19 W
1788703867.008720081,0 %, 208 MHz, 37, 5.19 W
1788703867.109662654,0 %, 208 MHz, 37, 5.19 W
1788703867.209854489,0 %, 208 MHz, 37, 5.19 W
1788703867.310527125,0 %, 208 MHz, 37, 5.19 W
1788703867.410352479,0 %, 208 MHz, 37, 5.19 W
1788703867.510881915,0 %, 208 MHz, 37, 5.19 W
1788703867.611134534,0 %, 208 MHz, 37, 5.19 W
1788703867.711931875,0 %, 208 MHz, 37, 5.19 W
1788703867.811734140,0 %, 208 MHz, 37, 5.19 W
1788703867.912034551,0 %, 208 MHz, 37, 5.22 W
1788703868.012445203,0 %, 208 MHz, 37, 5.22 W
1788703868.112996527,0 %, 208 MHz, 37, 5.22 W
1788703868.213424058,0 %, 208 MHz, 37, 5.22 W
1788703868.313962886,0 %, 208 MHz, 37, 5.22 W
1788703868.414258353,0 %, 208 MHz, 37, 5.22 W
1788703868.514952813,0 %, 208 MHz, 37, 5.22 W
1788703868.615385833,0 %, 208 MHz, 37, 5.22 W
1788703868.715960501,0 %, 208 MHz, 37, 5.22 W
1788703868.816635441,0 %, 208 MHz, 37, 5.22 W
1788703868.916664523,0 %, 208 MHz, 38, 5.16 W
1788703869.017396344,0 %, 208 MHz, 38, 5.16 W
1788703869.118238245,0 %, 208 MHz, 38, 5.16 W
1788703869.217547836,0 %, 208 MHz, 38, 5.16 W
1788703869.317731031,0 %, 208 MHz, 38, 5.16 W
1788703869.418775908,0 %, 208 MHz, 38, 5.19 W
1788703869.518222748,0 %, 208 MHz, 38, 5.19 W
1788703869.618094358,0 %, 208 MHz, 38, 5.19 W
1788703869.718142928,0 %, 208 MHz, 38, 5.19 W
1788703869.818321082,0 %, 208 MHz, 38, 5.19 W
1788703869.918393300,0 %, 208 MHz, 38, 5.25 W
1788703870.018548399,0 %, 208 MHz, 38, 5.25 W
1788703870.118992762,0 %, 208 MHz, 38, 5.25 W
1788703870.221428092,0 %, 208 MHz, 38, 5.25 W
1788703870.321489541,0 %, 208 MHz, 38, 5.25 W
1788703870.422008241,0 %, 208 MHz, 38, 5.25 W
1788703870.523015086,0 %, 208 MHz, 38, 5.25 W
1788703870.623065607,0 %, 208 MHz, 38, 5.25 W
1788703870.723831667,0 %, 208 MHz, 38, 5.25 W
1788703870.824562049,0 %, 208 MHz, 38, 5.25 W
1788703870.924981293,0 %, 208 MHz, 38, 5.16 W
1788703871.026015514,0 %, 208 MHz, 38, 5.16 W
1788703871.127000116,0 %, 208 MHz, 38, 5.16 W
1788703871.227498467,0 %, 208 MHz, 38, 5.16 W
1788703871.328358109,0 %, 208 MHz, 38, 5.16 W
1788703871.428900601,0 %, 208 MHz, 38, 5.16 W
1788703871.529860133,0 %, 208 MHz, 38, 5.16 W
1788703871.630889109,0 %, 208 MHz, 38, 5.16 W
1788703871.731567872,0 %, 208 MHz, 38, 5.16 W
1788703871.832376796,0 %, 208 MHz, 38, 5.16 W
1788703871.933130375,0 %, 208 MHz, 38, 5.16 W
1788703872.034098565,0 %, 208 MHz, 38, 5.16 W
1788703872.134947727,0 %, 208 MHz, 38, 5.16 W
1788703872.236080799,0 %, 208 MHz, 38, 5.16 W
1788703872.336453320,0 %, 208 MHz, 38, 5.16 W
1788703872.437246645,0 %, 208 MHz, 38, 5.16 W
1788703872.537669616,0 %, 208 MHz, 38, 5.16 W
1788703872.638830861,0 %, 208 MHz, 38, 5.16 W
1788703872.739530827,0 %, 208 MHz, 38, 5.16 W
1788703872.840340547,0 %, 208 MHz, 38, 5.16 W
1788703872.941148642,0 %, 208 MHz, 37, 5.15 W
1788703873.041882317,0 %, 208 MHz, 37, 5.15 W
1788703873.142745786,0 %, 208 MHz, 37, 5.15 W
1788703873.243281378,0 %, 208 MHz, 37, 5.15 W
1788703873.344317811,0 %, 208 MHz, 37, 5.15 W
1788703873.445110462,0 %, 208 MHz, 37, 5.15 W
1788703873.545551784,0 %, 208 MHz, 37, 5.15 W
1788703873.644720720,0 %, 208 MHz, 37, 5.15 W
1788703873.744872042,0 %, 208 MHz, 37, 5.15 W
1788703873.845635733,0 %, 208 MHz, 37, 5.15 W
1788703873.945278862,0 %, 208 MHz, 37, 5.15 W
1788703874.044941622,0 %, 208 MHz, 37, 5.15 W
1788703874.145391697,0 %, 208 MHz, 37, 5.15 W
1788703874.247074433,0 %, 208 MHz, 37, 5.15 W
1788703874.348096652,0 %, 208 MHz, 37, 5.15 W
1788703874.448530035,0 %, 208 MHz, 37, 5.15 W
1788703874.549521732,0 %, 208 MHz, 37, 5.15 W
1788703874.650639712,0 %, 208 MHz, 37, 5.15 W
1788703874.751002091,0 %, 208 MHz, 37, 5.15 W
1788703874.851802932,0 %, 208 MHz, 37, 5.15 W
1788703874.952498019,0 %, 208 MHz, 37, 5.12 W
1788703875.054075551,0 %, 208 MHz, 37, 5.12 W
1788703875.154673467,0 %, 208 MHz, 37, 5.12 W
1788703875.255705944,0 %, 208 MHz, 37, 5.12 W
1788703875.356005172,0 %, 208 MHz, 37, 5.12 W
1788703875.456456522,0 %, 208 MHz, 37, 5.12 W
1788703875.557575963,0 %, 208 MHz, 37, 5.12 W
1788703875.658597717,0 %, 208 MHz, 37, 5.12 W
1788703875.759657268,0 %, 208 MHz, 37, 5.12 W
1788703875.860038826,0 %, 208 MHz, 37, 5.11 W
1788703875.960400056,0 %, 208 MHz, 37, 5.11 W
1788703876.060532804,0 %, 208 MHz, 37, 5.11 W
1788703876.162473631,0 %, 208 MHz, 37, 5.11 W
1788703876.262737402,0 %, 208 MHz, 37, 5.11 W
1788703876.363570840,0 %, 208 MHz, 37, 5.14 W
1788703876.464276657,0 %, 208 MHz, 37, 5.14 W
1788703876.565401115,0 %, 208 MHz, 37, 5.14 W
1788703876.666313802,0 %, 208 MHz, 37, 5.14 W
1788703876.766586742,0 %, 208 MHz, 37, 5.14 W
1788703876.867034958,0 %, 208 MHz, 37, 5.22 W
1788703876.966807496,0 %, 208 MHz, 37, 5.22 W
1788703877.067872389,0 %, 208 MHz, 37, 5.22 W
1788703877.168542987,0 %, 208 MHz, 37, 5.22 W
1788703877.269663116,0 %, 208 MHz, 37, 5.22 W
1788703877.370751880,0 %, 208 MHz, 37, 5.22 W
1788703877.470060687,0 %, 208 MHz, 37, 5.22 W
1788703877.571272430,0 %, 208 MHz, 37, 5.22 W
1788703877.672275832,0 %, 208 MHz, 37, 5.22 W
1788703877.772766736,0 %, 208 MHz, 37, 5.22 W
1788703877.874028047,0 %, 208 MHz, 37, 5.22 W
1788703877.974155194,0 %, 208 MHz, 37, 5.22 W
1788703878.074977667,0 %, 208 MHz, 37, 5.22 W
1788703878.175833888,0 %, 208 MHz, 37, 5.22 W
1788703878.275883785,0 %, 208 MHz, 37, 5.22 W
1788703878.376999685,0 %, 208 MHz, 37, 5.22 W
1788703878.477480881,0 %, 208 MHz, 37, 5.22 W
1788703878.578184491,0 %, 208 MHz, 37, 5.22 W
1788703878.677840930,0 %, 208 MHz, 37, 5.22 W
1788703878.778598574,0 %, 208 MHz, 37, 5.22 W
1788703878.879152536,0 %, 208 MHz, 37, 5.12 W
1788703878.978827968,0 %, 208 MHz, 37, 5.12 W
1788703879.080153980,0 %, 208 MHz, 37, 5.12 W
1788703879.181092681,0 %, 208 MHz, 37, 5.12 W
1788703879.281361826,0 %, 208 MHz, 37, 5.12 W
1788703879.381348442,0 %, 208 MHz, 37, 5.12 W
1788703879.481889957,0 %, 208 MHz, 37, 5.12 W
1788703879.582474863,0 %, 208 MHz, 37, 5.12 W
1788703879.683223563,0 %, 208 MHz, 37, 5.12 W
1788703879.783324468,0 %, 208 MHz, 37, 5.12 W
1788703879.883624045,0 %, 208 MHz, 37, 5.10 W
1788703879.983983415,0 %, 208 MHz, 37, 5.10 W
1788703880.084670802,0 %, 208 MHz, 37, 5.10 W
1788703880.185239452,0 %, 208 MHz, 37, 5.10 W
1788703880.285604198,0 %, 208 MHz, 37, 5.10 W
1788703880.386460081,0 %, 208 MHz, 37, 5.10 W
1788703880.486473658,0 %, 208 MHz, 37, 5.10 W
1788703880.587053780,0 %, 208 MHz, 37, 5.10 W
1788703880.687493422,0 %, 208 MHz, 37, 5.10 W
1788703880.787444663,0 %, 208 MHz, 37, 5.10 W
1788703880.887888048,0 %, 208 MHz, 37, 5.14 W
1788703880.988343099,0 %, 208 MHz, 37, 5.14 W
1788703881.088633940,0 %, 208 MHz, 37, 5.14 W
1788703881.189402015,0 %, 208 MHz, 37, 5.14 W
1788703881.289889401,0 %, 208 MHz, 37, 5.14 W
1788703881.390471011,0 %, 208 MHz, 37, 5.14 W
1788703881.490879501,0 %, 208 MHz, 37, 5.14 W
1788703881.591260118,0 %, 208 MHz, 37, 5.14 W
1788703881.690638909,0 %, 208 MHz, 37, 5.14 W
1788703881.791543416,0 %, 208 MHz, 37, 5.14 W
1788703881.891406832,0 %, 208 MHz, 37, 5.16 W
1788703881.991722089,0 %, 208 MHz, 37, 5.16 W
1788703882.091720290,0 %, 208 MHz, 37, 5.16 W
1788703882.192846494,0 %, 208 MHz, 37, 5.16 W
1788703882.292554965,0 %, 208 MHz, 37, 5.16 W
1788703882.392427101,0 %, 208 MHz, 37, 5.16 W
1788703882.493005927,0 %, 208 MHz, 37, 5.16 W
1788703882.594061331,0 %, 208 MHz, 37, 5.16 W
1788703882.693906171,0 %, 208 MHz, 37, 5.16 W
1788703882.794415412,0 %, 208 MHz, 37, 5.16 W
1788703882.895247071,0 %, 208 MHz, 37, 5.21 W
1788703882.995342024,0 %, 208 MHz, 37, 5.21 W
1788703883.095974786,0 %, 208 MHz, 37, 5.21 W
1788703883.196418844,0 %, 208 MHz, 37, 5.21 W
1788703883.296752981,0 %, 208 MHz, 37, 5.21 W
1788703883.397282479,0 %, 208 MHz, 37, 5.22 W
1788703883.497384839,0 %, 208 MHz, 37, 5.22 W
1788703883.597940017,0 %, 208 MHz, 37, 5.22 W
1788703883.698612508,0 %, 208 MHz, 37, 5.22 W
1788703883.798613716,0 %, 208 MHz, 37, 5.22 W
1788703883.899160638,0 %, 208 MHz, 38, 5.23 W
1788703883.999506855,0 %, 208 MHz, 38, 5.23 W
1788703884.099907024,0 %, 208 MHz, 38, 5.23 W
1788703884.200515530,0 %, 208 MHz, 38, 5.23 W
1788703884.300549155,0 %, 208 MHz, 38, 5.23 W
1788703884.400896540,0 %, 208 MHz, 38, 5.24 W
1788703884.501209205,0 %, 208 MHz, 38, 5.24 W
1788703884.601608014,0 %, 208 MHz, 38, 5.24 W
1788703884.701772743,0 %, 208 MHz, 38, 5.24 W
1788703884.801914127,0 %, 208 MHz, 38, 5.24 W
1788703884.902815194,0 %, 208 MHz, 38, 5.24 W
1788703885.002936722,0 %, 208 MHz, 38, 5.24 W
1788703885.103474012,0 %, 208 MHz, 38, 5.24 W
1788703885.203815157,0 %, 208 MHz, 38, 5.24 W
1788703885.304573423,0 %, 208 MHz, 38, 5.24 W
1788703885.404656728,0 %, 208 MHz, 38, 5.24 W
1788703885.504982177,0 %, 208 MHz, 38, 5.24 W
1788703885.605550362,0 %, 208 MHz, 38, 5.24 W
1788703885.705863763,0 %, 208 MHz, 38, 5.24 W
1788703885.806536125,0 %, 208 MHz, 38, 5.24 W
1788703885.906916390,0 %, 208 MHz, 38, 5.15 W
1788703886.007094415,0 %, 208 MHz, 38, 5.15 W
1788703886.107596504,0 %, 208 MHz, 38, 5.15 W
1788703886.208118946,0 %, 208 MHz, 38, 5.15 W
1788703886.308610859,0 %, 208 MHz, 38, 5.15 W
1788703886.408803395,0 %, 208 MHz, 38, 5.15 W
1788703886.509163116,0 %, 208 MHz, 38, 5.15 W
1788703886.609836326,0 %, 208 MHz, 38, 5.15 W
1788703886.710146783,0 %, 208 MHz, 38, 5.15 W
1788703886.810728233,0 %, 208 MHz, 38, 5.15 W
1788703886.911117090,0 %, 208 MHz, 38, 5.15 W
1788703887.011551675,0 %, 208 MHz, 38, 5.15 W
1788703887.112104164,0 %, 208 MHz, 38, 5.15 W
1788703887.212425181,0 %, 208 MHz, 38, 5.15 W
1788703887.312605077,0 %, 208 MHz, 38, 5.15 W
1788703887.413009694,0 %, 208 MHz, 38, 5.15 W
1788703887.513633704,0 %, 208 MHz, 38, 5.15 W
1788703887.614053665,0 %, 208 MHz, 38, 5.15 W
1788703887.714580986,0 %, 208 MHz, 38, 5.15 W
1788703887.814756643,0 %, 208 MHz, 38, 5.15 W
1788703887.915402604,0 %, 208 MHz, 38, 5.19 W
1788703888.015497044,0 %, 208 MHz, 38, 5.19 W
1788703888.114971818,0 %, 208 MHz, 38, 5.19 W
1788703888.215205602,0 %, 208 MHz, 38, 5.19 W
1788703888.315588091,0 %, 208 MHz, 38, 5.19 W
1788703888.416579798,0 %, 208 MHz, 38, 5.19 W
1788703888.517021423,0 %, 208 MHz, 38, 5.19 W
1788703888.617110743,0 %, 208 MHz, 38, 5.19 W
1788703888.717455103,0 %, 208 MHz, 38, 5.19 W
1788703888.818015033,0 %, 208 MHz, 38, 5.19 W
1788703888.918472018,0 %, 208 MHz, 38, 5.22 W
1788703889.018653738,0 %, 208 MHz, 38, 5.22 W
1788703889.118922498,0 %, 208 MHz, 38, 5.22 W
1788703889.219390763,0 %, 208 MHz, 38, 5.22 W
1788703889.320094341,0 %, 208 MHz, 38, 5.22 W
1788703889.420227564,0 %, 208 MHz, 38, 5.22 W
1788703889.520625493,0 %, 208 MHz, 38, 5.22 W
1788703889.620780253,0 %, 208 MHz, 38, 5.22 W
1788703889.721347014,0 %, 208 MHz, 38, 5.22 W
1788703889.822057072,0 %, 208 MHz, 38, 5.22 W
1788703889.922672601,0 %, 208 MHz, 38, 5.20 W
1788703890.022561504,0 %, 208 MHz, 38, 5.20 W
1788703890.122760952,0 %, 208 MHz, 38, 5.20 W
1788703890.223255089,0 %, 208 MHz, 38, 5.20 W
1788703890.323269464,0 %, 208 MHz, 38, 5.20 W
1788703890.423998978,0 %, 208 MHz, 38, 5.20 W
1788703890.524519387,0 %, 208 MHz, 38, 5.20 W
1788703890.624669427,0 %, 208 MHz, 38, 5.20 W
1788703890.725010651,0 %, 208 MHz, 38, 5.20 W
1788703890.825188371,0 %, 208 MHz, 38, 5.20 W
1788703890.925941485,0 %, 208 MHz, 38, 5.22 W
1788703891.026224405,0 %, 208 MHz, 38, 5.22 W
1788703891.126561277,0 %, 208 MHz, 38, 5.22 W
1788703891.227115510,0 %, 208 MHz, 38, 5.22 W
1788703891.327833471,0 %, 208 MHz, 38, 5.22 W
1788703891.427972823,0 %, 208 MHz, 38, 5.24 W
1788703891.528524336,0 %, 208 MHz, 38, 5.24 W
1788703891.628830440,0 %, 208 MHz, 38, 5.24 W
1788703891.729335297,0 %, 208 MHz, 38, 5.24 W
1788703891.829665977,0 %, 208 MHz, 38, 5.24 W
1788703891.929157695,0 %, 208 MHz, 38, 5.24 W
1788703892.030122969,0 %, 208 MHz, 38, 5.24 W
1788703892.130479201,0 %, 208 MHz, 38, 5.24 W
1788703892.231011770,0 %, 208 MHz, 38, 5.24 W
1788703892.331548594,0 %, 208 MHz, 38, 5.24 W
1788703892.432060395,0 %, 208 MHz, 38, 5.24 W
1788703892.532426291,0 %, 208 MHz, 38, 5.24 W
1788703892.632734139,0 %, 208 MHz, 38, 5.24 W
1788703892.733255460,0 %, 208 MHz, 38, 5.24 W
1788703892.833526540,0 %, 208 MHz, 38, 5.24 W
1788703892.934051957,0 %, 208 MHz, 38, 5.24 W
1788703893.034199228,0 %, 208 MHz, 38, 5.24 W
1788703893.134507348,0 %, 208 MHz, 38, 5.24 W
1788703893.235233469,0 %, 208 MHz, 38, 5.24 W
1788703893.335569861,0 %, 208 MHz, 38, 5.24 W
1788703893.436082782,0 %, 208 MHz, 38, 5.24 W
1788703893.536496486,0 %, 208 MHz, 38, 5.24 W
1788703893.636770782,0 %, 208 MHz, 38, 5.24 W
1788703893.737422935,0 %, 208 MHz, 38, 5.24 W
1788703893.837567262,0 %, 208 MHz, 38, 5.24 W
1788703893.937929894,0 %, 208 MHz, 38, 5.23 W
1788703894.038242126,0 %, 208 MHz, 38, 5.23 W
1788703894.139128040,0 %, 208 MHz, 38, 5.23 W
1788703894.239267471,0 %, 208 MHz, 38, 5.23 W
1788703894.339441590,0 %, 208 MHz, 38, 5.23 W
1788703894.439977839,0 %, 208 MHz, 38, 5.23 W
1788703894.540377783,0 %, 208 MHz, 38, 5.23 W
1788703894.640548286,0 %, 208 MHz, 38, 5.23 W
1788703894.741064359,0 %, 208 MHz, 38, 5.23 W
1788703894.841558287,0 %, 208 MHz, 38, 5.23 W
1788703894.941934551,0 %, 208 MHz, 38, 5.24 W
1788703895.042067806,0 %, 208 MHz, 38, 5.24 W
1788703895.142483846,0 %, 208 MHz, 38, 5.24 W
1788703895.243002015,0 %, 208 MHz, 38, 5.24 W
1788703895.343322982,0 %, 208 MHz, 38, 5.24 W
1788703895.443499357,0 %, 208 MHz, 38, 5.24 W
1788703895.544070870,0 %, 208 MHz, 38, 5.24 W
1788703895.644593502,0 %, 208 MHz, 38, 5.24 W
1788703895.744349972,0 %, 208 MHz, 38, 5.24 W
1788703895.845248174,0 %, 208 MHz, 38, 5.24 W
1788703895.945546757,0 %, 208 MHz, 38, 5.25 W
1788703896.045916301,0 %, 208 MHz, 38, 5.25 W
1788703896.146062692,0 %, 208 MHz, 38, 5.25 W
1788703896.246376092,0 %, 208 MHz, 38, 5.25 W
1788703896.347256149,0 %, 208 MHz, 38, 5.25 W
1788703896.447434828,0 %, 208 MHz, 38, 5.25 W
1788703896.547770692,0 %, 208 MHz, 38, 5.25 W
1788703896.648305740,0 %, 208 MHz, 38, 5.25 W
1788703896.748834276,0 %, 208 MHz, 38, 5.25 W
1788703896.849485709,0 %, 208 MHz, 38, 5.25 W
1788703896.949494643,0 %, 208 MHz, 38, 5.26 W
1788703897.050017340,0 %, 208 MHz, 38, 5.26 W
1788703897.150530532,0 %, 208 MHz, 38, 5.26 W
1788703897.250880683,0 %, 208 MHz, 38, 5.26 W
1788703897.351404243,0 %, 208 MHz, 38, 5.26 W
1788703897.451729371,0 %, 208 MHz, 38, 5.23 W
1788703897.552474628,0 %, 208 MHz, 38, 5.23 W
1788703897.652745035,0 %, 208 MHz, 38, 5.23 W
1788703897.753108226,0 %, 208 MHz, 38, 5.23 W
1788703897.853471626,0 %, 208 MHz, 38, 5.23 W
1788703897.953595169,0 %, 208 MHz, 38, 5.21 W
1788703898.054476650,0 %, 208 MHz, 38, 5.21 W
1788703898.154801473,0 %, 208 MHz, 38, 5.21 W
1788703898.254829304,0 %, 208 MHz, 38, 5.21 W
1788703898.355340592,0 %, 208 MHz, 38, 5.21 W
1788703898.455559063,0 %, 208 MHz, 38, 5.26 W
1788703898.555678221,0 %, 208 MHz, 38, 5.26 W
1788703898.656073381,0 %, 208 MHz, 38, 5.26 W
1788703898.756770413,0 %, 208 MHz, 38, 5.26 W
1788703898.857083205,0 %, 208 MHz, 38, 5.26 W
1788703898.957462428,0 %, 208 MHz, 38, 5.26 W
1788703899.057764643,0 %, 208 MHz, 38, 5.26 W
1788703899.158293979,0 %, 208 MHz, 38, 5.26 W
1788703899.258626002,0 %, 208 MHz, 38, 5.26 W
1788703899.359147066,0 %, 208 MHz, 38, 5.26 W
1788703899.459501730,0 %, 208 MHz, 38, 5.26 W
1788703899.560185914,0 %, 208 MHz, 38, 5.26 W
1788703899.660335953,0 %, 208 MHz, 38, 5.26 W
1788703899.760835480,0 %, 208 MHz, 38, 5.26 W
1788703899.861042911,0 %, 208 MHz, 38, 5.26 W
1788703899.961219126,0 %, 208 MHz, 38, 5.23 W
1788703900.062312064,0 %, 208 MHz, 38, 5.23 W
1788703900.163213641,0 %, 208 MHz, 38, 5.23 W
1788703900.262501324,0 %, 208 MHz, 38, 5.23 W
1788703900.362819955,0 %, 208 MHz, 38, 5.23 W
1788703900.463331163,0 %, 208 MHz, 38, 5.23 W
1788703900.563556002,0 %, 208 MHz, 38, 5.23 W
1788703900.663672712,0 %, 208 MHz, 38, 5.23 W
1788703900.764613009,0 %, 208 MHz, 38, 5.23 W
1788703900.864876248,0 %, 208 MHz, 38, 5.21 W
1788703900.965081039,0 %, 208 MHz, 38, 5.22 W
1788703901.065535686,0 %, 208 MHz, 38, 5.22 W
1788703901.166023806,0 %, 208 MHz, 38, 5.22 W
1788703901.266564933,0 %, 208 MHz, 38, 5.22 W
1788703901.366540379,0 %, 208 MHz, 38, 5.22 W
1788703901.466845810,0 %, 208 MHz, 38, 5.22 W
1788703901.567442938,0 %, 208 MHz, 38, 5.22 W
1788703901.667516096,0 %, 208 MHz, 38, 5.22 W
1788703901.768592378,0 %, 208 MHz, 38, 5.22 W
1788703901.868743456,0 %, 208 MHz, 38, 5.21 W
1788703901.968928022,0 %, 208 MHz, 38, 5.21 W
1788703902.069448206,0 %, 208 MHz, 38, 5.21 W
1788703902.169975877,0 %, 208 MHz, 38, 5.21 W
1788703902.270458669,0 %, 208 MHz, 38, 5.21 W
1788703902.370841700,0 %, 208 MHz, 38, 5.21 W
1788703902.470989594,0 %, 208 MHz, 38, 5.21 W
1788703902.571904691,0 %, 208 MHz, 38, 5.21 W
1788703902.672017657,0 %, 208 MHz, 38, 5.21 W
1788703902.772768449,0 %, 208 MHz, 38, 5.21 W
1788703902.872725543,0 %, 208 MHz, 38, 5.19 W
1788703902.973582367,0 %, 208 MHz, 38, 5.19 W
1788703903.073594389,0 %, 208 MHz, 38, 5.19 W
1788703903.173931660,0 %, 208 MHz, 38, 5.19 W
1788703903.274467715,0 %, 208 MHz, 38, 5.19 W
1788703903.374438009,0 %, 208 MHz, 38, 5.19 W
1788703903.475022672,0 %, 208 MHz, 38, 5.19 W
1788703903.575725240,0 %, 208 MHz, 38, 5.19 W
1788703903.675519517,0 %, 208 MHz, 38, 5.19 W
1788703903.776243925,0 %, 208 MHz, 38, 5.19 W
1788703903.876557724,0 %, 208 MHz, 38, 5.19 W
1788703903.976908243,0 %, 208 MHz, 38, 5.19 W
1788703904.077020809,0 %, 208 MHz, 38, 5.19 W
1788703904.177252799,0 %, 208 MHz, 38, 5.19 W
1788703904.278169768,0 %, 208 MHz, 38, 5.19 W
1788703904.378288958,0 %, 208 MHz, 38, 5.19 W
1788703904.478868581,0 %, 208 MHz, 38, 5.19 W
1788703904.578976907,0 %, 208 MHz, 38, 5.19 W
1788703904.679904131,0 %, 208 MHz, 38, 5.19 W
1788703904.780004521,0 %, 208 MHz, 38, 5.19 W
1788703904.880364624,0 %, 208 MHz, 38, 5.21 W
1788703904.980933671,0 %, 208 MHz, 38, 5.21 W
1788703905.081406174,0 %, 208 MHz, 38, 5.21 W
1788703905.181716389,0 %, 208 MHz, 38, 5.21 W
1788703905.282066059,0 %, 208 MHz, 38, 5.21 W
1788703905.382361826,0 %, 208 MHz, 38, 5.22 W
1788703905.482925081,0 %, 208 MHz, 38, 5.22 W
1788703905.583585584,0 %, 208 MHz, 38, 5.22 W
1788703905.683293989,0 %, 208 MHz, 38, 5.22 W
1788703905.783932204,0 %, 208 MHz, 38, 5.22 W
1788703905.884424323,0 %, 208 MHz, 38, 5.23 W
1788703905.984804586,0 %, 208 MHz, 38, 5.23 W
1788703906.085494642,0 %, 208 MHz, 38, 5.23 W
1788703906.185756968,0 %, 208 MHz, 38, 5.23 W
1788703906.286017678,0 %, 208 MHz, 38, 5.23 W
1788703906.386227460,0 %, 208 MHz, 38, 5.23 W
1788703906.486571562,0 %, 208 MHz, 38, 5.23 W
1788703906.586763408,0 %, 208 MHz, 38, 5.23 W
1788703906.687786201,0 %, 208 MHz, 38, 5.23 W
1788703906.787796430,0 %, 208 MHz, 38, 5.23 W
1788703906.887953844,0 %, 208 MHz, 38, 5.17 W
1788703906.987852297,0 %, 208 MHz, 38, 5.17 W
1788703907.088649953,0 %, 208 MHz, 38, 5.17 W
1788703907.189046807,0 %, 208 MHz, 38, 5.17 W
1788703907.289705807,0 %, 208 MHz, 38, 5.17 W
1788703907.389838692,0 %, 208 MHz, 38, 5.17 W
1788703907.490350491,0 %, 208 MHz, 38, 5.17 W
1788703907.590741329,0 %, 208 MHz, 38, 5.17 W
1788703907.691582009,0 %, 208 MHz, 38, 5.17 W
1788703907.791736559,0 %, 208 MHz, 38, 5.17 W
1788703907.892102965,0 %, 208 MHz, 38, 5.15 W
1788703907.992447708,0 %, 208 MHz, 38, 5.15 W
1788703908.092551041,0 %, 208 MHz, 38, 5.15 W
1788703908.193486073,0 %, 208 MHz, 38, 5.15 W
1788703908.293603951,0 %, 208 MHz, 38, 5.15 W
1788703908.394143413,0 %, 208 MHz, 38, 5.15 W
1788703908.493842058,0 %, 208 MHz, 38, 5.15 W
1788703908.594026319,0 %, 208 MHz, 38, 5.15 W
1788703908.694205269,0 %, 208 MHz, 38, 5.15 W
1788703908.795409806,0 %, 208 MHz, 38, 5.15 W
1788703908.895927637,0 %, 208 MHz, 38, 5.14 W
1788703908.996042954,0 %, 208 MHz, 38, 5.14 W
1788703909.096529952,0 %, 208 MHz, 38, 5.14 W
1788703909.197055559,0 %, 208 MHz, 38, 5.14 W
1788703909.297564846,0 %, 208 MHz, 38, 5.14 W
1788703909.397887844,0 %, 208 MHz, 38, 5.14 W
1788703909.498037033,0 %, 208 MHz, 38, 5.14 W
1788703909.598361551,0 %, 208 MHz, 38, 5.14 W
1788703909.699283959,0 %, 208 MHz, 38, 5.14 W
1788703909.799569933,0 %, 208 MHz, 38, 5.14 W
1788703909.899975187,0 %, 208 MHz, 38, 5.15 W
1788703910.000087544,0 %, 208 MHz, 38, 5.15 W
1788703910.101015856,0 %, 208 MHz, 38, 5.15 W
1788703910.201123109,0 %, 208 MHz, 38, 5.15 W
1788703910.301673036,0 %, 208 MHz, 38, 5.15 W
1788703910.402050290,0 %, 208 MHz, 38, 5.15 W
1788703910.502522888,0 %, 208 MHz, 38, 5.15 W
1788703910.603056159,0 %, 208 MHz, 38, 5.15 W
1788703910.703371589,0 %, 208 MHz, 38, 5.15 W
1788703910.803383978,0 %, 208 MHz, 38, 5.15 W
1788703910.903990304,0 %, 208 MHz, 38, 5.19 W
1788703911.004442279,0 %, 208 MHz, 38, 5.19 W
1788703911.104973869,0 %, 208 MHz, 38, 5.19 W
1788703911.205103410,0 %, 208 MHz, 38, 5.19 W
1788703911.305333160,0 %, 208 MHz, 38, 5.19 W
1788703911.405717390,0 %, 208 MHz, 38, 5.19 W
1788703911.506419093,0 %, 208 MHz, 38, 5.19 W
1788703911.606831595,0 %, 208 MHz, 38, 5.19 W
1788703911.706933776,0 %, 208 MHz, 38, 5.19 W
1788703911.807487430,0 %, 208 MHz, 38, 5.19 W
1788703911.907671755,0 %, 208 MHz, 38, 5.16 W
1788703912.008592435,0 %, 208 MHz, 38, 5.16 W
1788703912.108932105,0 %, 208 MHz, 38, 5.16 W
1788703912.208846109,0 %, 208 MHz, 38, 5.16 W
1788703912.309353955,0 %, 208 MHz, 38, 5.16 W
1788703912.409685513,0 %, 208 MHz, 38, 5.18 W
1788703912.509307004,0 %, 208 MHz, 38, 5.18 W
1788703912.609350065,0 %, 208 MHz, 38, 5.18 W
1788703912.709462006,0 %, 208 MHz, 38, 5.18 W
1788703912.809912508,0 %, 208 MHz, 38, 5.18 W
1788703912.910533955,0 %, 208 MHz, 38, 5.21 W
1788703913.011241337,0 %, 208 MHz, 38, 5.21 W
1788703913.111545167,0 %, 208 MHz, 38, 5.21 W
1788703913.211939189,0 %, 208 MHz, 38, 5.21 W
1788703913.312483355,0 %, 208 MHz, 38, 5.21 W
1788703913.413177394,0 %, 208 MHz, 38, 5.21 W
1788703913.513469815,0 %, 208 MHz, 38, 5.21 W
1788703913.613945021,0 %, 208 MHz, 38, 5.21 W
1788703913.714198098,0 %, 208 MHz, 38, 5.21 W
1788703913.814871849,0 %, 208 MHz, 38, 5.21 W
1788703913.915036478,0 %, 208 MHz, 38, 5.11 W
1788703914.015515956,0 %, 208 MHz, 38, 5.11 W
1788703914.115915049,0 %, 208 MHz, 38, 5.11 W
1788703914.216010174,0 %, 208 MHz, 38, 5.11 W
1788703914.316947285,0 %, 208 MHz, 38, 5.11 W
1788703914.417094250,0 %, 208 MHz, 38, 5.11 W
1788703914.517207151,0 %, 208 MHz, 38, 5.11 W
1788703914.617571764,0 %, 208 MHz, 38, 5.11 W
1788703914.717928858,0 %, 208 MHz, 38, 5.11 W
1788703914.818855633,0 %, 208 MHz, 38, 5.11 W
1788703914.918959590,0 %, 208 MHz, 38, 5.12 W
1788703915.019477244,0 %, 208 MHz, 38, 5.12 W
1788703915.119608721,0 %, 208 MHz, 38, 5.12 W
1788703915.220346231,0 %, 208 MHz, 38, 5.12 W
1788703915.320524940,0 %, 208 MHz, 38, 5.12 W
1788703915.420892370,0 %, 208 MHz, 38, 5.12 W
1788703915.521457400,0 %, 208 MHz, 38, 5.12 W
1788703915.621395660,0 %, 208 MHz, 38, 5.12 W
1788703915.722018066,0 %, 208 MHz, 38, 5.12 W
1788703915.823153386,0 %, 208 MHz, 38, 5.12 W
1788703915.922447180,0 %, 208 MHz, 38, 5.14 W
1788703916.023183554,0 %, 208 MHz, 38, 5.14 W
1788703916.123477479,0 %, 208 MHz, 38, 5.14 W
1788703916.223648828,0 %, 208 MHz, 38, 5.14 W
1788703916.323820049,0 %, 208 MHz, 38, 5.14 W
1788703916.424153046,0 %, 208 MHz, 38, 5.14 W
1788703916.525108621,0 %, 208 MHz, 38, 5.14 W
1788703916.625224705,0 %, 208 MHz, 38, 5.14 W
1788703916.726164937,0 %, 208 MHz, 38, 5.14 W
1788703916.825795643,0 %, 208 MHz, 38, 5.14 W
1788703916.926073168,0 %, 208 MHz, 38, 5.11 W
1788703917.026478742,0 %, 208 MHz, 38, 5.11 W
1788703917.126988859,0 %, 208 MHz, 38, 5.11 W
1788703917.227756674,0 %, 208 MHz, 38, 5.11 W
1788703917.327813734,0 %, 208 MHz, 38, 5.11 W
1788703917.428729901,0 %, 208 MHz, 38, 5.11 W
1788703917.529122018,0 %, 208 MHz, 38, 5.11 W
1788703917.629455783,0 %, 208 MHz, 38, 5.11 W
1788703917.729849901,0 %, 208 MHz, 38, 5.11 W
1788703917.831329237,0 %, 208 MHz, 38, 5.11 W
1788703917.930684503,0 %, 208 MHz, 38, 5.09 W
1788703918.030882236,0 %, 208 MHz, 38, 5.09 W
1788703918.131397969,0 %, 208 MHz, 38, 5.09 W
1788703918.231743718,0 %, 208 MHz, 38, 5.09 W
1788703918.332171804,0 %, 208 MHz, 38, 5.09 W
1788703918.432666657,0 %, 208 MHz, 38, 5.09 W
1788703918.533045222,0 %, 208 MHz, 38, 5.09 W
1788703918.633397355,0 %, 208 MHz, 38, 5.09 W
1788703918.734133697,0 %, 208 MHz, 38, 5.09 W
1788703918.835200697,0 %, 208 MHz, 38, 5.09 W
1788703918.933946793,0 %, 208 MHz, 38, 5.14 W
1788703919.034724751,0 %, 208 MHz, 38, 5.14 W
1788703919.135281140,0 %, 208 MHz, 38, 5.14 W
1788703919.235584649,0 %, 208 MHz, 38, 5.14 W
1788703919.336092815,0 %, 208 MHz, 38, 5.14 W
1788703919.436988933,0 %, 208 MHz, 38, 5.16 W
1788703919.537053113,0 %, 208 MHz, 38, 5.16 W
1788703919.637258110,0 %, 208 MHz, 38, 5.16 W
1788703919.737543074,0 %, 208 MHz, 38, 5.16 W
1788703919.838016024,0 %, 208 MHz, 38, 5.16 W
1788703919.938562957,0 %, 208 MHz, 38, 5.22 W
1788703920.038784497,0 %, 208 MHz, 38, 5.22 W
1788703920.138916725,0 %, 208 MHz, 38, 5.22 W
1788703920.239452923,0 %, 208 MHz, 38, 5.22 W
1788703920.339400494,0 %, 208 MHz, 38, 5.22 W
1788703920.440320181,0 %, 208 MHz, 38, 5.22 W
1788703920.540664106,0 %, 208 MHz, 38, 5.22 W
1788703920.640993518,0 %, 208 MHz, 38, 5.22 W
1788703920.741368467,0 %, 208 MHz, 38, 5.22 W
1788703920.841500647,0 %, 208 MHz, 38, 5.22 W
1788703920.942495854,0 %, 208 MHz, 38, 5.16 W
1788703921.042667378,0 %, 208 MHz, 38, 5.16 W
1788703921.142900342,0 %, 208 MHz, 38, 5.16 W
1788703921.243410300,0 %, 208 MHz, 38, 5.16 W
1788703921.343967121,0 %, 208 MHz, 38, 5.16 W
1788703921.444424310,0 %, 208 MHz, 38, 5.15 W
1788703921.544647370,0 %, 208 MHz, 38, 5.15 W
1788703921.645047407,0 %, 208 MHz, 38, 5.15 W
1788703921.745951989,0 %, 208 MHz, 38, 5.15 W
1788703921.845327095,0 %, 208 MHz, 38, 5.15 W
1788703921.946234141,0 %, 208 MHz, 38, 5.15 W
1788703922.046551922,0 %, 208 MHz, 38, 5.15 W
1788703922.146922358,0 %, 208 MHz, 38, 5.15 W
1788703922.247270395,0 %, 208 MHz, 38, 5.15 W
1788703922.347287246,0 %, 208 MHz, 38, 5.15 W
1788703922.448210101,0 %, 208 MHz, 38, 5.15 W
1788703922.548500633,0 %, 208 MHz, 38, 5.15 W
1788703922.648664749,0 %, 208 MHz, 38, 5.15 W
1788703922.749206034,0 %, 208 MHz, 38, 5.15 W
1788703922.849998264,0 %, 208 MHz, 38, 5.15 W
1788703922.950156764,0 %, 208 MHz, 38, 5.16 W
1788703923.050268320,0 %, 208 MHz, 38, 5.16 W
1788703923.150881861,0 %, 208 MHz, 38, 5.16 W
1788703923.251129353,0 %, 208 MHz, 38, 5.16 W
1788703923.351594990,0 %, 208 MHz, 38, 5.16 W
1788703923.452121539,0 %, 208 MHz, 38, 5.16 W
1788703923.552528903,0 %, 208 MHz, 38, 5.16 W
1788703923.652839372,0 %, 208 MHz, 38, 5.16 W
1788703923.753580305,0 %, 208 MHz, 38, 5.16 W
1788703923.853631365,0 %, 208 MHz, 38, 5.16 W
1788703923.954082410,0 %, 208 MHz, 38, 5.16 W
1788703924.054485806,0 %, 208 MHz, 38, 5.16 W
1788703924.154809650,0 %, 208 MHz, 38, 5.16 W
1788703924.255490632,0 %, 208 MHz, 38, 5.16 W
1788703924.355825324,0 %, 208 MHz, 38, 5.16 W
1788703924.456143568,0 %, 208 MHz, 38, 5.16 W
1788703924.556282820,0 %, 208 MHz, 38, 5.16 W
1788703924.657264042,0 %, 208 MHz, 38, 5.16 W
1788703924.757334909,0 %, 208 MHz, 38, 5.16 W
1788703924.857504145,0 %, 208 MHz, 38, 5.16 W
1788703924.958071926,0 %, 208 MHz, 38, 5.14 W
1788703925.058397498,0 %, 208 MHz, 38, 5.14 W
1788703925.158607614,0 %, 208 MHz, 38, 5.14 W
1788703925.258974466,0 %, 208 MHz, 38, 5.14 W
1788703925.359405991,0 %, 208 MHz, 38, 5.14 W
1788703925.459606202,0 %, 208 MHz, 38, 5.14 W
1788703925.560167343,0 %, 208 MHz, 38, 5.14 W
1788703925.660687828,0 %, 208 MHz, 38, 5.14 W
1788703925.760902488,0 %, 208 MHz, 38, 5.14 W
1788703925.862371359,0 %, 208 MHz, 38, 5.14 W
1788703925.961542608,0 %, 208 MHz, 38, 5.15 W
1788703926.062068196,0 %, 208 MHz, 38, 5.15 W
1788703926.162242632,0 %, 208 MHz, 38, 5.15 W
1788703926.262573948,0 %, 208 MHz, 38, 5.15 W
1788703926.363272113,0 %, 208 MHz, 38, 5.15 W
1788703926.463533157,0 %, 208 MHz, 38, 5.18 W
1788703926.564080362,0 %, 208 MHz, 38, 5.18 W
1788703926.664401406,0 %, 208 MHz, 38, 5.18 W
1788703926.764735122,0 %, 208 MHz, 38, 5.18 W
1788703926.865194966,0 %, 208 MHz, 38, 5.18 W
1788703926.965551402,0 %, 208 MHz, 38, 5.24 W
1788703927.066136591,0 %, 208 MHz, 38, 5.24 W
1788703927.166282850,0 %, 208 MHz, 38, 5.24 W
1788703927.266997879,0 %, 208 MHz, 38, 5.24 W
1788703927.367317755,0 %, 208 MHz, 38, 5.24 W
1788703927.467483486,0 %, 208 MHz, 38, 5.27 W
1788703927.568069491,0 %, 208 MHz, 38, 5.27 W
1788703927.668378791,0 %, 208 MHz, 38, 5.27 W
1788703927.768867979,0 %, 208 MHz, 38, 5.27 W
1788703927.869072703,0 %, 208 MHz, 38, 5.27 W
1788703927.969579203,0 %, 208 MHz, 38, 5.27 W
1788703928.069805159,0 %, 208 MHz, 38, 5.27 W
1788703928.170117882,0 %, 208 MHz, 38, 5.27 W
1788703928.270481982,0 %, 208 MHz, 38, 5.27 W
1788703928.371174115,0 %, 208 MHz, 38, 5.27 W
1788703928.471513767,0 %, 208 MHz, 38, 5.27 W
1788703928.571711050,0 %, 208 MHz, 38, 5.27 W
1788703928.671087435,0 %, 208 MHz, 38, 5.27 W
1788703928.771352142,0 %, 208 MHz, 38, 5.27 W
1788703928.871576594,0 %, 208 MHz, 38, 5.27 W
1788703928.971686357,0 %, 208 MHz, 38, 5.19 W
1788703929.072664043,0 %, 208 MHz, 38, 5.19 W
1788703929.172843470,0 %, 208 MHz, 38, 5.19 W
1788703929.273364946,0 %, 208 MHz, 38, 5.19 W
1788703929.374060455,0 %, 208 MHz, 38, 5.19 W
1788703929.474386795,0 %, 208 MHz, 38, 5.19 W
1788703929.574794686,0 %, 208 MHz, 38, 5.19 W
1788703929.675070770,0 %, 208 MHz, 38, 5.19 W
1788703929.775982024,0 %, 208 MHz, 38, 5.19 W
1788703929.876135083,0 %, 208 MHz, 38, 5.18 W
1788703929.976472766,0 %, 208 MHz, 38, 5.18 W
1788703930.076852850,0 %, 208 MHz, 38, 5.18 W
1788703930.176939125,0 %, 208 MHz, 38, 5.18 W
1788703930.277816730,0 %, 208 MHz, 38, 5.18 W
1788703930.378163358,0 %, 208 MHz, 38, 5.18 W
1788703930.478516273,0 %, 208 MHz, 38, 5.18 W
1788703930.578908805,0 %, 208 MHz, 38, 5.18 W
1788703930.679680570,0 %, 208 MHz, 38, 5.18 W
1788703930.779870301,0 %, 208 MHz, 38, 5.18 W
1788703930.880206400,0 %, 208 MHz, 38, 5.16 W
1788703930.979886114,0 %, 208 MHz, 38, 5.16 W
1788703931.080392246,0 %, 208 MHz, 38, 5.16 W
1788703931.180758745,0 %, 208 MHz, 38, 5.16 W
1788703931.281645535,0 %, 208 MHz, 38, 5.16 W
1788703931.381761793,0 %, 208 MHz, 38, 5.16 W
1788703931.482274629,0 %, 208 MHz, 38, 5.16 W
1788703931.582579737,0 %, 208 MHz, 38, 5.16 W
1788703931.682947708,0 %, 208 MHz, 38, 5.16 W
1788703931.783598385,0 %, 208 MHz, 38, 5.16 W
1788703931.883739555,0 %, 208 MHz, 38, 5.20 W
1788703931.984272648,0 %, 208 MHz, 38, 5.20 W
1788703932.084631675,0 %, 208 MHz, 38, 5.20 W
1788703932.185122463,0 %, 208 MHz, 38, 5.20 W
1788703932.285472114,0 %, 208 MHz, 38, 5.20 W
1788703932.385790805,0 %, 208 MHz, 38, 5.20 W
1788703932.486289321,0 %, 208 MHz, 38, 5.20 W
1788703932.587061678,0 %, 208 MHz, 38, 5.20 W
1788703932.687298321,0 %, 208 MHz, 38, 5.20 W
1788703932.787669940,0 %, 208 MHz, 38, 5.20 W
1788703932.888022072,0 %, 208 MHz, 38, 5.22 W
1788703932.988329291,0 %, 208 MHz, 38, 5.22 W
1788703933.088344765,0 %, 208 MHz, 38, 5.22 W
1788703933.189213778,0 %, 208 MHz, 38, 5.22 W
1788703933.289351349,0 %, 208 MHz, 38, 5.22 W
1788703933.389735656,0 %, 208 MHz, 38, 5.21 W
1788703933.490241164,0 %, 208 MHz, 38, 5.21 W
1788703933.590485295,0 %, 208 MHz, 38, 5.21 W
1788703933.690673473,0 %, 208 MHz, 38, 5.21 W
1788703933.791520038,0 %, 208 MHz, 38, 5.21 W
1788703933.891710137,0 %, 208 MHz, 38, 5.23 W
1788703933.991863324,0 %, 208 MHz, 38, 5.23 W
1788703934.092397391,0 %, 208 MHz, 38, 5.23 W
1788703934.193072212,0 %, 208 MHz, 38, 5.23 W
1788703934.293411879,0 %, 208 MHz, 38, 5.23 W
1788703934.393616041,0 %, 208 MHz, 38, 5.29 W
1788703934.494077533,0 %, 208 MHz, 38, 5.29 W
1788703934.594396896,0 %, 208 MHz, 38, 5.29 W
1788703934.694663123,0 %, 208 MHz, 38, 5.29 W
1788703934.795050070,0 %, 208 MHz, 38, 5.29 W
1788703934.895521289,0 %, 208 MHz, 38, 5.29 W
1788703934.995732524,0 %, 208 MHz, 38, 5.29 W
1788703935.096021071,0 %, 208 MHz, 38, 5.29 W
1788703935.196917428,0 %, 208 MHz, 38, 5.29 W
1788703935.297075190,0 %, 208 MHz, 38, 5.29 W
1788703935.397579050,0 %, 208 MHz, 38, 5.29 W
1788703935.497783180,0 %, 208 MHz, 38, 5.29 W
1788703935.598665153,0 %, 208 MHz, 38, 5.29 W
1788703935.698257201,0 %, 208 MHz, 38, 5.29 W
1788703935.799378375,0 %, 208 MHz, 38, 5.29 W
1788703935.899772426,0 %, 208 MHz, 38, 5.21 W
1788703935.999839740,0 %, 208 MHz, 38, 5.21 W
1788703936.100755969,0 %, 208 MHz, 38, 5.21 W
1788703936.200853651,0 %, 208 MHz, 38, 5.21 W
1788703936.301414790,0 %, 208 MHz, 38, 5.21 W
1788703936.401721305,0 %, 208 MHz, 38, 5.21 W
1788703936.502423853,0 %, 208 MHz, 38, 5.21 W
1788703936.602719936,0 %, 208 MHz, 38, 5.21 W
1788703936.703812293,0 %, 208 MHz, 38, 5.21 W
1788703936.803200917,0 %, 208 MHz, 38, 5.21 W
1788703936.903573688,0 %, 208 MHz, 38, 5.19 W
1788703937.003921931,0 %, 208 MHz, 38, 5.19 W
1788703937.104558063,0 %, 208 MHz, 38, 5.19 W
1788703937.204923650,0 %, 208 MHz, 38, 5.19 W
1788703937.305259028,0 %, 208 MHz, 38, 5.19 W
1788703937.405595783,0 %, 208 MHz, 38, 5.19 W
1788703937.506103050,0 %, 208 MHz, 38, 5.19 W
1788703937.606594190,0 %, 208 MHz, 38, 5.19 W
1788703937.707076881,0 %, 208 MHz, 38, 5.19 W
1788703937.807311667,0 %, 208 MHz, 38, 5.19 W
1788703937.907508470,0 %, 208 MHz, 38, 5.17 W
1788703938.008023897,0 %, 208 MHz, 38, 5.17 W
1788703938.108505212,0 %, 208 MHz, 38, 5.17 W
1788703938.208909599,0 %, 208 MHz, 38, 5.17 W
1788703938.309212897,0 %, 208 MHz, 38, 5.17 W
1788703938.409918165,0 %, 208 MHz, 38, 5.17 W
1788703938.510065991,0 %, 208 MHz, 38, 5.17 W
1788703938.610530746,0 %, 208 MHz, 38, 5.17 W
1788703938.710769340,0 %, 208 MHz, 38, 5.17 W
1788703938.811078431,0 %, 208 MHz, 38, 5.17 W
1788703938.911473042,0 %, 208 MHz, 38, 5.19 W
1788703939.011966453,0 %, 208 MHz, 38, 5.19 W
1788703939.112452040,0 %, 208 MHz, 38, 5.19 W
1788703939.212858939,0 %, 208 MHz, 38, 5.19 W
1788703939.313189181,0 %, 208 MHz, 38, 5.19 W
1788703939.413796801,0 %, 208 MHz, 38, 5.19 W
1788703939.513955203,0 %, 208 MHz, 38, 5.19 W
1788703939.614410213,0 %, 208 MHz, 38, 5.19 W
1788703939.714632312,0 %, 208 MHz, 38, 5.19 W
1788703939.815168811,0 %, 208 MHz, 38, 5.19 W
1788703939.915370093,0 %, 208 MHz, 38, 5.19 W
1788703940.015869200,0 %, 208 MHz, 38, 5.19 W
1788703940.116318371,0 %, 208 MHz, 38, 5.19 W
1788703940.216682357,0 %, 208 MHz, 38, 5.19 W
1788703940.317031480,0 %, 208 MHz, 38, 5.19 W
1788703940.417766283,0 %, 208 MHz, 38, 5.18 W
1788703940.517871293,0 %, 208 MHz, 38, 5.18 W
1788703940.618396304,0 %, 208 MHz, 38, 5.18 W
1788703940.718770242,0 %, 208 MHz, 38, 5.18 W
1788703940.819290645,0 %, 208 MHz, 38, 5.18 W
1788703940.919747864,0 %, 208 MHz, 38, 5.20 W
1788703941.020231675,0 %, 208 MHz, 38, 5.20 W
1788703941.120394765,0 %, 208 MHz, 38, 5.20 W
1788703941.220744687,0 %, 208 MHz, 38, 5.20 W
1788703941.321417411,0 %, 208 MHz, 38, 5.20 W
1788703941.421740917,0 %, 208 MHz, 38, 5.22 W
1788703941.522093751,0 %, 208 MHz, 38, 5.22 W
1788703941.622356777,0 %, 208 MHz, 38, 5.22 W
1788703941.722344890,0 %, 208 MHz, 38, 5.22 W
1788703941.822720653,0 %, 208 MHz, 38, 5.22 W
1788703941.923581137,0 %, 208 MHz, 38, 5.22 W
1788703942.023758962,0 %, 208 MHz, 38, 5.22 W
1788703942.124091173,0 %, 208 MHz, 38, 5.22 W
1788703942.223415156,0 %, 208 MHz, 38, 5.22 W
1788703942.324288408,0 %, 208 MHz, 38, 5.22 W
1788703942.424496057,0 %, 208 MHz, 38, 5.22 W
1788703942.524282682,0 %, 208 MHz, 38, 5.22 W
1788703942.624473243,0 %, 208 MHz, 38, 5.22 W
1788703942.725592688,0 %, 208 MHz, 38, 5.22 W
1788703942.826203859,0 %, 208 MHz, 38, 5.22 W
1788703942.926508245,0 %, 208 MHz, 38, 5.18 W
1788703943.026121557,0 %, 208 MHz, 38, 5.18 W
1788703943.125953813,0 %, 208 MHz, 38, 5.18 W
1788703943.226343272,0 %, 208 MHz, 38, 5.18 W
1788703943.327377980,0 %, 208 MHz, 38, 5.18 W
1788703943.427591054,0 %, 208 MHz, 38, 5.18 W
1788703943.527792367,0 %, 208 MHz, 38, 5.18 W
1788703943.628099697,0 %, 208 MHz, 38, 5.18 W
1788703943.728952869,0 %, 208 MHz, 38, 5.18 W
1788703943.829294663,0 %, 208 MHz, 38, 5.18 W
1788703943.929445257,0 %, 208 MHz, 38, 5.17 W
1788703944.029485274,0 %, 208 MHz, 38, 5.17 W
1788703944.130023692,0 %, 208 MHz, 38, 5.17 W
1788703944.230238254,0 %, 208 MHz, 38, 5.17 W
1788703944.331150802,0 %, 208 MHz, 38, 5.17 W
1788703944.431460579,0 %, 208 MHz, 38, 5.17 W
1788703944.531604165,0 %, 208 MHz, 38, 5.17 W
1788703944.631867975,0 %, 208 MHz, 38, 5.17 W
1788703944.732341081,0 %, 208 MHz, 38, 5.17 W
1788703944.832527754,0 %, 208 MHz, 38, 5.17 W
1788703944.933246462,0 %, 208 MHz, 38, 5.17 W
1788703945.033376623,0 %, 208 MHz, 38, 5.17 W
1788703945.133903249,0 %, 208 MHz, 38, 5.17 W
1788703945.234094771,0 %, 208 MHz, 38, 5.17 W
1788703945.334915462,0 %, 208 MHz, 38, 5.17 W
1788703945.435148616,0 %, 208 MHz, 38, 5.17 W
1788703945.535476905,0 %, 208 MHz, 38, 5.17 W
1788703945.635496042,0 %, 208 MHz, 38, 5.17 W
1788703945.736073421,0 %, 208 MHz, 38, 5.17 W
1788703945.836350158,0 %, 208 MHz, 38, 5.17 W
1788703945.937078994,0 %, 208 MHz, 38, 5.18 W
1788703946.037528628,0 %, 208 MHz, 38, 5.18 W
1788703946.137738549,0 %, 208 MHz, 38, 5.18 W
1788703946.238108343,0 %, 208 MHz, 38, 5.18 W
1788703946.338825434,0 %, 208 MHz, 38, 5.18 W
1788703946.439131291,0 %, 208 MHz, 38, 5.18 W
1788703946.539227660,0 %, 208 MHz, 38, 5.18 W
1788703946.639598382,0 %, 208 MHz, 38, 5.18 W
1788703946.739965168,0 %, 208 MHz, 38, 5.18 W
1788703946.840817027,0 %, 208 MHz, 38, 5.18 W
1788703946.940974581,0 %, 208 MHz, 38, 5.18 W
1788703947.041329622,0 %, 208 MHz, 38, 5.18 W
1788703947.141888697,0 %, 208 MHz, 38, 5.18 W
1788703947.242554891,0 %, 208 MHz, 38, 5.18 W
1788703947.342747821,0 %, 208 MHz, 38, 5.18 W
1788703947.442880397,0 %, 208 MHz, 38, 5.18 W
1788703947.543454048,0 %, 208 MHz, 38, 5.18 W
1788703947.643400256,0 %, 208 MHz, 38, 5.18 W
1788703947.743761714,0 %, 208 MHz, 38, 5.18 W
1788703947.844755750,0 %, 208 MHz, 38, 5.18 W
1788703947.944789286,0 %, 208 MHz, 38, 5.21 W
1788703948.044970567,0 %, 208 MHz, 38, 5.21 W
1788703948.145494329,0 %, 208 MHz, 38, 5.21 W
1788703948.246402013,0 %, 208 MHz, 38, 5.21 W
1788703948.346555678,0 %, 208 MHz, 38, 5.21 W
1788703948.446666702,0 %, 208 MHz, 38, 5.23 W
1788703948.547195105,0 %, 208 MHz, 38, 5.23 W
1788703948.647375346,0 %, 208 MHz, 38, 5.23 W
1788703948.747907076,0 %, 208 MHz, 38, 5.23 W
1788703948.848742551,0 %, 208 MHz, 38, 5.23 W
1788703948.948921800,0 %, 208 MHz, 38, 5.26 W
1788703949.049070313,0 %, 208 MHz, 38, 5.26 W
1788703949.148972121,0 %, 208 MHz, 38, 5.26 W
1788703949.249099961,0 %, 208 MHz, 38, 5.26 W
1788703949.348964681,0 %, 208 MHz, 38, 5.26 W
1788703949.450112205,0 %, 208 MHz, 38, 5.26 W
1788703949.550570767,0 %, 208 MHz, 38, 5.26 W
1788703949.651125585,0 %, 208 MHz, 38, 5.26 W
1788703949.751638259,0 %, 208 MHz, 38, 5.26 W
1788703949.851587411,0 %, 208 MHz, 38, 5.26 W
1788703949.952023285,0 %, 208 MHz, 38, 5.20 W
1788703950.052126710,0 %, 208 MHz, 38, 5.20 W
1788703950.152290598,0 %, 208 MHz, 38, 5.20 W
1788703950.253179785,0 %, 208 MHz, 38, 5.20 W
1788703950.353326058,0 %, 208 MHz, 38, 5.20 W
1788703950.453853292,0 %, 208 MHz, 38, 5.20 W
1788703950.554011469,0 %, 208 MHz, 38, 5.20 W
1788703950.654455390,0 %, 208 MHz, 38, 5.20 W
1788703950.755168529,0 %, 208 MHz, 38, 5.20 W
1788703950.855480754,0 %, 208 MHz, 38, 5.20 W
1788703950.955652179,0 %, 208 MHz, 38, 5.21 W
1788703951.055840723,0 %, 208 MHz, 38, 5.21 W
1788703951.156176357,0 %, 208 MHz, 38, 5.21 W
1788703951.257036935,0 %, 208 MHz, 38, 5.21 W
1788703951.357381225,0 %, 208 MHz, 38, 5.21 W
1788703951.457608377,0 %, 208 MHz, 38, 5.21 W
1788703951.557795354,0 %, 208 MHz, 38, 5.21 W
1788703951.658495692,0 %, 208 MHz, 38, 5.21 W
1788703951.758294140,0 %, 208 MHz, 38, 5.21 W
1788703951.859211519,0 %, 208 MHz, 38, 5.21 W
1788703951.959491168,0 %, 208 MHz, 38, 5.21 W
1788703952.059890017,0 %, 208 MHz, 38, 5.21 W
1788703952.160036018,0 %, 208 MHz, 38, 5.21 W
1788703952.260927237,0 %, 208 MHz, 38, 5.21 W
1788703952.361234709,0 %, 208 MHz, 38, 5.21 W
1788703952.461588919,0 %, 208 MHz, 38, 5.21 W
1788703952.561968168,0 %, 208 MHz, 38, 5.21 W
1788703952.662642938,0 %, 208 MHz, 38, 5.21 W
1788703952.762965515,0 %, 208 MHz, 38, 5.21 W
1788703952.863296172,0 %, 208 MHz, 38, 5.21 W
1788703952.963623757,0 %, 208 MHz, 38, 5.19 W
1788703953.064014078,0 %, 208 MHz, 38, 5.19 W
1788703953.164668080,0 %, 208 MHz, 38, 5.19 W
1788703953.264836161,0 %, 208 MHz, 38, 5.19 W
1788703953.365181458,0 %, 208 MHz, 38, 5.19 W
1788703953.465547667,0 %, 208 MHz, 38, 5.19 W
1788703953.565898948,0 %, 208 MHz, 38, 5.19 W
1788703953.666113428,0 %, 208 MHz, 38, 5.19 W
1788703953.766765270,0 %, 208 MHz, 38, 5.19 W
1788703953.867122807,0 %, 208 MHz, 38, 5.19 W
1788703953.967483496,0 %, 208 MHz, 38, 5.21 W
1788703954.067682185,0 %, 208 MHz, 38, 5.21 W
1788703954.167819401,0 %, 208 MHz, 38, 5.21 W
1788703954.268674299,0 %, 208 MHz, 38, 5.21 W
1788703954.369030348,0 %, 208 MHz, 38, 5.21 W
1788703954.469328269,0 %, 208 MHz, 38, 5.21 W
1788703954.569717278,0 %, 208 MHz, 38, 5.21 W
1788703954.670595440,0 %, 208 MHz, 38, 5.21 W
1788703954.770879313,0 %, 208 MHz, 38, 5.21 W
1788703954.870881185,0 %, 208 MHz, 38, 5.21 W
1788703954.971429986,0 %, 208 MHz, 38, 5.25 W
1788703955.071774211,0 %, 208 MHz, 38, 5.25 W
1788703955.172292052,0 %, 208 MHz, 38, 5.25 W
1788703955.272720150,0 %, 208 MHz, 38, 5.25 W
1788703955.373039254,0 %, 208 MHz, 38, 5.25 W
1788703955.473402967,0 %, 208 MHz, 38, 5.25 W
1788703955.574089961,0 %, 208 MHz, 38, 5.25 W
1788703955.674436938,0 %, 208 MHz, 38, 5.25 W
1788703955.774726602,0 %, 208 MHz, 38, 5.25 W
1788703955.875043259,0 %, 208 MHz, 38, 5.25 W
1788703955.975363612,0 %, 208 MHz, 38, 5.28 W
1788703956.075536332,0 %, 208 MHz, 38, 5.28 W
1788703956.176083437,0 %, 208 MHz, 38, 5.28 W
1788703956.276581662,0 %, 208 MHz, 38, 5.28 W
1788703956.376923215,0 %, 208 MHz, 38, 5.28 W
1788703956.477292335,0 %, 208 MHz, 38, 5.28 W
1788703956.577996529,0 %, 208 MHz, 38, 5.28 W
1788703956.678312290,0 %, 208 MHz, 38, 5.28 W
1788703956.778846195,0 %, 208 MHz, 38, 5.28 W
1788703956.879224740,0 %, 208 MHz, 38, 5.28 W
1788703956.979307412,0 %, 208 MHz, 38, 5.22 W
1788703957.079481028,0 %, 208 MHz, 38, 5.22 W
1788703957.180022565,0 %, 208 MHz, 38, 5.22 W
1788703957.280513110,0 %, 208 MHz, 38, 5.22 W
1788703957.380881558,0 %, 208 MHz, 38, 5.22 W
1788703957.481229591,0 %, 208 MHz, 38, 5.22 W
1788703957.581462231,0 %, 208 MHz, 38, 5.22 W
1788703957.682187177,0 %, 208 MHz, 38, 5.22 W
1788703957.782491225,0 %, 208 MHz, 38, 5.22 W
1788703957.882867386,0 %, 208 MHz, 38, 5.22 W
1788703957.983176810,0 %, 208 MHz, 38, 5.22 W
1788703958.083880732,0 %, 208 MHz, 38, 5.22 W
1788703958.184012236,0 %, 208 MHz, 38, 5.22 W
1788703958.284581709,0 %, 208 MHz, 38, 5.22 W
1788703958.384923805,0 %, 208 MHz, 38, 5.22 W
1788703958.485635231,0 %, 208 MHz, 38, 5.22 W
1788703958.585567598,0 %, 208 MHz, 38, 5.22 W
1788703958.686139039,0 %, 208 MHz, 38, 5.22 W
1788703958.786452671,0 %, 208 MHz, 38, 5.22 W
1788703958.886649103,0 %, 208 MHz, 38, 5.19 W
1788703958.986324222,0 %, 208 MHz, 38, 5.19 W
1788703959.087138320,0 %, 208 MHz, 38, 5.19 W
1788703959.187679488,0 %, 208 MHz, 38, 5.19 W
1788703959.288215185,0 %, 208 MHz, 38, 5.19 W
1788703959.388492017,0 %, 208 MHz, 38, 5.19 W
1788703959.488961906,0 %, 208 MHz, 38, 5.19 W
1788703959.589645172,0 %, 208 MHz, 38, 5.19 W
1788703959.690321525,0 %, 208 MHz, 38, 5.19 W
1788703959.790235700,0 %, 208 MHz, 38, 5.19 W
1788703959.890424276,0 %, 208 MHz, 38, 5.20 W
1788703959.990616548,0 %, 208 MHz, 38, 5.20 W
1788703960.091041044,0 %, 208 MHz, 38, 5.20 W
1788703960.191348132,0 %, 208 MHz, 38, 5.20 W
1788703960.291530276,0 %, 208 MHz, 38, 5.20 W
1788703960.392235557,0 %, 208 MHz, 38, 5.20 W
1788703960.492552901,0 %, 208 MHz, 38, 5.20 W
1788703960.592928454,0 %, 208 MHz, 38, 5.20 W
1788703960.693288214,0 %, 208 MHz, 38, 5.20 W
1788703960.793644086,0 %, 208 MHz, 38, 5.20 W
1788703960.894148167,0 %, 208 MHz, 38, 5.23 W
1788703960.994541415,0 %, 208 MHz, 38, 5.23 W
1788703961.094842711,0 %, 208 MHz, 38, 5.23 W
1788703961.195142327,0 %, 208 MHz, 38, 5.23 W
1788703961.295843384,0 %, 208 MHz, 38, 5.23 W
1788703961.396107272,0 %, 208 MHz, 38, 5.23 W
1788703961.496438568,0 %, 208 MHz, 38, 5.23 W
1788703961.596653496,0 %, 208 MHz, 38, 5.23 W
1788703961.697086280,0 %, 208 MHz, 38, 5.23 W
1788703961.797320360,0 %, 208 MHz, 38, 5.23 W
1788703961.897523848,0 %, 208 MHz, 38, 5.21 W
1788703961.998054360,0 %, 208 MHz, 38, 5.21 W
1788703962.098520969,0 %, 208 MHz, 38, 5.21 W
1788703962.198931273,0 %, 208 MHz, 38, 5.21 W
1788703962.299305849,0 %, 208 MHz, 38, 5.21 W
1788703962.399482216,0 %, 208 MHz, 38, 5.24 W
1788703962.500202090,0 %, 208 MHz, 38, 5.24 W
1788703962.600480393,0 %, 208 MHz, 38, 5.24 W
1788703962.700842729,0 %, 208 MHz, 38, 5.24 W
1788703962.801240762,0 %, 208 MHz, 38, 5.24 W
1788703962.901853210,0 %, 208 MHz, 38, 5.31 W
1788703963.002105210,0 %, 208 MHz, 38, 5.31 W
1788703963.102435802,0 %, 208 MHz, 38, 5.31 W
1788703963.202432105,0 %, 208 MHz, 38, 5.31 W
1788703963.303027977,0 %, 208 MHz, 38, 5.31 W
1788703963.403386441,0 %, 208 MHz, 38, 5.31 W
1788703963.503475320,0 %, 208 MHz, 38, 5.31 W
1788703963.604224618,0 %, 208 MHz, 38, 5.31 W
1788703963.704654426,0 %, 208 MHz, 38, 5.31 W
1788703963.804918729,0 %, 208 MHz, 38, 5.31 W
1788703963.905260249,0 %, 208 MHz, 38, 5.31 W
1788703964.005771610,0 %, 208 MHz, 38, 5.31 W
1788703964.106281722,0 %, 208 MHz, 38, 5.31 W
1788703964.206411449,0 %, 208 MHz, 38, 5.31 W
1788703964.306988554,0 %, 208 MHz, 38, 5.31 W
1788703964.407656042,0 %, 208 MHz, 38, 5.31 W
1788703964.507854778,0 %, 208 MHz, 38, 5.31 W
1788703964.608178793,0 %, 208 MHz, 38, 5.31 W
1788703964.708730570,0 %, 208 MHz, 38, 5.31 W
1788703964.808912985,0 %, 208 MHz, 38, 5.31 W
1788703964.909574826,0 %, 208 MHz, 38, 5.20 W
1788703965.009834329,0 %, 208 MHz, 38, 5.20 W
1788703965.109966152,0 %, 208 MHz, 38, 5.20 W
1788703965.210260264,0 %, 208 MHz, 38, 5.20 W
1788703965.310610488,0 %, 208 MHz, 38, 5.20 W
1788703965.411016855,0 %, 208 MHz, 38, 5.20 W
1788703965.511686184,0 %, 208 MHz, 38, 5.20 W
1788703965.611917143,0 %, 208 MHz, 38, 5.20 W
1788703965.712030310,0 %, 208 MHz, 38, 5.20 W
1788703965.812518902,0 %, 208 MHz, 38, 5.20 W
1788703965.912678133,0 %, 208 MHz, 38, 5.22 W
1788703966.013243558,0 %, 208 MHz, 38, 5.22 W
1788703966.113254052,0 %, 208 MHz, 38, 5.22 W
1788703966.213981701,0 %, 208 MHz, 38, 5.22 W
1788703966.314624854,0 %, 208 MHz, 38, 5.22 W
1788703966.414608276,0 %, 208 MHz, 38, 5.22 W
1788703966.514856371,0 %, 208 MHz, 38, 5.22 W
1788703966.615386083,0 %, 208 MHz, 38, 5.22 W
1788703966.715332754,0 %, 208 MHz, 38, 5.22 W
1788703966.816269459,0 %, 208 MHz, 38, 5.22 W
1788703966.916368130,0 %, 208 MHz, 38, 5.21 W
1788703967.016709617,0 %, 208 MHz, 38, 5.21 W
1788703967.117309570,0 %, 208 MHz, 38, 5.21 W
1788703967.217462209,0 %, 208 MHz, 38, 5.21 W
1788703967.318195441,0 %, 208 MHz, 38, 5.21 W
1788703967.418307744,0 %, 208 MHz, 38, 5.21 W
1788703967.518669551,0 %, 208 MHz, 38, 5.21 W
1788703967.619199167,0 %, 208 MHz, 38, 5.21 W
1788703967.719648175,0 %, 208 MHz, 38, 5.21 W
1788703967.820154927,0 %, 208 MHz, 38, 5.21 W
1788703967.920262590,0 %, 208 MHz, 38, 5.19 W
1788703968.020601309,0 %, 208 MHz, 38, 5.19 W
1788703968.120865164,0 %, 208 MHz, 38, 5.19 W
1788703968.221358092,0 %, 208 MHz, 38, 5.19 W
1788703968.322100941,0 %, 208 MHz, 38, 5.19 W
1788703968.422452332,0 %, 208 MHz, 38, 5.19 W
1788703968.522633403,0 %, 208 MHz, 38, 5.19 W
1788703968.622819866,0 %, 208 MHz, 38, 5.19 W
1788703968.723109897,0 %, 208 MHz, 38, 5.19 W
1788703968.823475496,0 %, 208 MHz, 38, 5.19 W
1788703968.924186921,0 %, 208 MHz, 38, 5.20 W
1788703969.024511976,0 %, 208 MHz, 38, 5.20 W
1788703969.124492998,0 %, 208 MHz, 38, 5.20 W
1788703969.224878838,0 %, 208 MHz, 38, 5.20 W
1788703969.325420997,0 %, 208 MHz, 38, 5.20 W
1788703969.425583108,0 %, 208 MHz, 38, 5.27 W
1788703969.525276801,0 %, 208 MHz, 38, 5.27 W
1788703969.625153471,0 %, 208 MHz, 38, 5.27 W
1788703969.725814847,0 %, 208 MHz, 38, 5.27 W
1788703969.826842897,0 %, 208 MHz, 38, 5.27 W
1788703969.926985743,0 %, 208 MHz, 38, 5.34 W
1788703970.027502463,0 %, 208 MHz, 38, 5.34 W
1788703970.127611933,0 %, 208 MHz, 38, 5.34 W
1788703970.228334846,0 %, 208 MHz, 38, 5.34 W
1788703970.328794333,0 %, 208 MHz, 38, 5.34 W
1788703970.429105612,0 %, 208 MHz, 38, 5.37 W
1788703970.529250235,0 %, 208 MHz, 38, 5.37 W
1788703970.629569594,0 %, 208 MHz, 38, 5.37 W
1788703970.730290970,0 %, 208 MHz, 38, 5.37 W
1788703970.830902282,0 %, 208 MHz, 38, 5.37 W
1788703970.931115737,0 %, 208 MHz, 38, 5.37 W
1788703971.031989130,0 %, 208 MHz, 38, 5.37 W
1788703971.131397862,0 %, 208 MHz, 38, 5.37 W
1788703971.232350663,0 %, 208 MHz, 38, 5.37 W
1788703971.332860406,0 %, 208 MHz, 38, 5.37 W
1788703971.433069413,0 %, 208 MHz, 38, 5.37 W
1788703971.533307267,0 %, 208 MHz, 38, 5.37 W
1788703971.634018788,0 %, 208 MHz, 38, 5.37 W
1788703971.734497907,0 %, 208 MHz, 38, 5.37 W
1788703971.834652817,0 %, 208 MHz, 38, 5.37 W
1788703971.935214689,0 %, 208 MHz, 38, 5.21 W
1788703972.035742561,0 %, 208 MHz, 38, 5.21 W
1788703972.136240864,0 %, 208 MHz, 38, 5.21 W
1788703972.236379518,0 %, 208 MHz, 38, 5.21 W
1788703972.336949614,0 %, 208 MHz, 38, 5.21 W
1788703972.437615214,0 %, 208 MHz, 38, 5.21 W
1788703972.537787804,0 %, 208 MHz, 38, 5.21 W
1788703972.638058683,0 %, 208 MHz, 38, 5.21 W
1788703972.738413386,0 %, 208 MHz, 38, 5.21 W
1788703972.838980826,0 %, 208 MHz, 38, 5.21 W
1788703972.939680138,0 %, 208 MHz, 38, 5.21 W
1788703973.039855224,0 %, 208 MHz, 38, 5.21 W
1788703973.140359351,0 %, 208 MHz, 38, 5.21 W
1788703973.240525333,0 %, 208 MHz, 38, 5.21 W
1788703973.340302226,0 %, 208 MHz, 38, 5.21 W
1788703973.440764082,0 %, 208 MHz, 38, 5.21 W
1788703973.540727871,0 %, 208 MHz, 38, 5.21 W
1788703973.641196478,0 %, 208 MHz, 38, 5.21 W
1788703973.742077807,0 %, 208 MHz, 38, 5.21 W
1788703973.842603806,0 %, 208 MHz, 38, 5.21 W
1788703973.942765117,0 %, 208 MHz, 38, 5.21 W
1788703974.043080923,0 %, 208 MHz, 38, 5.21 W
1788703974.143465610,0 %, 208 MHz, 38, 5.21 W
1788703974.243974889,0 %, 208 MHz, 38, 5.21 W
1788703974.344304120,0 %, 208 MHz, 38, 5.21 W
1788703974.444646647,0 %, 208 MHz, 38, 5.21 W
1788703974.545173046,0 %, 208 MHz, 38, 5.21 W
1788703974.645672117,0 %, 208 MHz, 38, 5.21 W
1788703974.746015780,0 %, 208 MHz, 38, 5.21 W
1788703974.846371379,0 %, 208 MHz, 38, 5.21 W
1788703974.946962930,0 %, 208 MHz, 38, 5.20 W
1788703975.047390705,0 %, 208 MHz, 38, 5.20 W
1788703975.147948768,0 %, 208 MHz, 38, 5.20 W
1788703975.248002270,0 %, 208 MHz, 38, 5.20 W
1788703975.348437101,0 %, 208 MHz, 38, 5.20 W
1788703975.449148605,0 %, 208 MHz, 38, 5.20 W
1788703975.549667244,0 %, 208 MHz, 38, 5.20 W
1788703975.649845882,0 %, 208 MHz, 38, 5.20 W
1788703975.750598074,0 %, 208 MHz, 38, 5.20 W
1788703975.850565175,0 %, 208 MHz, 38, 5.20 W
1788703975.951058086,0 %, 208 MHz, 38, 5.18 W
1788703976.051341204,0 %, 208 MHz, 38, 5.18 W
1788703976.151741667,0 %, 208 MHz, 38, 5.18 W
1788703976.252469411,0 %, 208 MHz, 38, 5.18 W
1788703976.352419296,0 %, 208 MHz, 38, 5.18 W
1788703976.452633198,0 %, 208 MHz, 38, 5.17 W
1788703976.552969469,0 %, 208 MHz, 38, 5.17 W
1788703976.653636108,0 %, 208 MHz, 38, 5.17 W
1788703976.753796090,0 %, 208 MHz, 38, 5.17 W
1788703976.854147560,0 %, 208 MHz, 38, 5.17 W
1788703976.954470935,0 %, 208 MHz, 38, 5.19 W
1788703977.055415655,0 %, 208 MHz, 38, 5.19 W
1788703977.155715030,0 %, 208 MHz, 38, 5.19 W
1788703977.255847699,0 %, 208 MHz, 38, 5.19 W
1788703977.356144225,0 %, 208 MHz, 38, 5.19 W
1788703977.456944785,0 %, 208 MHz, 38, 5.22 W
1788703977.557443808,0 %, 208 MHz, 38, 5.22 W
1788703977.657636574,0 %, 208 MHz, 38, 5.22 W
1788703977.757796252,0 %, 208 MHz, 38, 5.22 W
1788703977.858495083,0 %, 208 MHz, 38, 5.22 W
1788703977.959036874,0 %, 208 MHz, 38, 5.22 W
1788703978.059365625,0 %, 208 MHz, 38, 5.22 W
1788703978.159766215,0 %, 208 MHz, 38, 5.22 W
1788703978.260068965,0 %, 208 MHz, 38, 5.22 W
1788703978.360793941,0 %, 208 MHz, 38, 5.22 W
1788703978.461025939,0 %, 208 MHz, 38, 5.22 W
1788703978.561100160,0 %, 208 MHz, 38, 5.22 W
1788703978.661659455,0 %, 208 MHz, 38, 5.22 W
1788703978.761781453,0 %, 208 MHz, 38, 5.22 W
1788703978.862670989,0 %, 208 MHz, 38, 5.22 W
1788703978.962256008,0 %, 208 MHz, 38, 5.14 W
1788703979.063181913,0 %, 208 MHz, 38, 5.14 W
1788703979.163497111,0 %, 208 MHz, 38, 5.14 W
1788703979.263730404,0 %, 208 MHz, 38, 5.14 W
1788703979.364057523,0 %, 208 MHz, 38, 5.14 W
1788703979.464703746,0 %, 208 MHz, 38, 5.14 W
1788703979.565092800,0 %, 208 MHz, 38, 5.14 W
1788703979.665209821,0 %, 208 MHz, 38, 5.14 W
1788703979.765800716,0 %, 208 MHz, 38, 5.14 W
1788703979.865916890,0 %, 208 MHz, 38, 5.14 W
1788703979.966626697,0 %, 208 MHz, 38, 5.16 W
1788703980.067156168,0 %, 208 MHz, 38, 5.16 W
1788703980.167491718,0 %, 208 MHz, 38, 5.16 W
1788703980.267687187,0 %, 208 MHz, 38, 5.16 W
1788703980.367823761,0 %, 208 MHz, 38, 5.16 W
1788703980.468501232,0 %, 208 MHz, 38, 5.17 W
1788703980.568852830,0 %, 208 MHz, 38, 5.17 W
1788703980.669356797,0 %, 208 MHz, 38, 5.17 W
1788703980.769588138,0 %, 208 MHz, 38, 5.17 W
1788703980.869767784,0 %, 208 MHz, 38, 5.17 W
1788703980.970632728,0 %, 208 MHz, 38, 5.20 W
1788703981.069900370,0 %, 208 MHz, 38, 5.20 W
1788703981.170944466,0 %, 208 MHz, 38, 5.20 W
1788703981.271466305,0 %, 208 MHz, 38, 5.20 W
1788703981.371642750,0 %, 208 MHz, 38, 5.20 W
1788703981.471766540,0 %, 208 MHz, 38, 5.23 W
1788703981.572295674,0 %, 208 MHz, 38, 5.23 W
1788703981.673027625,0 %, 208 MHz, 38, 5.23 W
1788703981.773351735,0 %, 208 MHz, 38, 5.23 W
1788703981.873577509,0 %, 208 MHz, 38, 5.23 W
1788703981.973997651,0 %, 208 MHz, 38, 5.23 W
1788703982.074096304,0 %, 208 MHz, 38, 5.23 W
1788703982.174477422,0 %, 208 MHz, 38, 5.23 W
1788703982.274991629,0 %, 208 MHz, 38, 5.23 W
1788703982.375295434,0 %, 208 MHz, 38, 5.23 W
1788703982.475476168,0 %, 208 MHz, 38, 5.23 W
1788703982.576066118,0 %, 208 MHz, 38, 5.23 W
1788703982.676176515,0 %, 208 MHz, 38, 5.23 W
1788703982.776948259,0 %, 208 MHz, 38, 5.23 W
1788703982.877382257,0 %, 208 MHz, 38, 5.23 W
1788703982.977674958,0 %, 208 MHz, 38, 5.11 W
1788703983.077859452,0 %, 208 MHz, 38, 5.11 W
1788703983.178794203,0 %, 208 MHz, 38, 5.11 W
1788703983.278886712,0 %, 208 MHz, 38, 5.11 W
1788703983.379391543,0 %, 208 MHz, 38, 5.11 W
1788703983.479522212,0 %, 208 MHz, 38, 5.11 W
1788703983.580721492,0 %, 208 MHz, 38, 5.11 W
1788703983.680611024,0 %, 208 MHz, 38, 5.11 W
1788703983.780932414,0 %, 208 MHz, 38, 5.11 W
1788703983.881289084,0 %, 208 MHz, 38, 5.11 W
1788703983.981842698,0 %, 208 MHz, 38, 5.15 W
1788703984.082354216,0 %, 208 MHz, 38, 5.15 W
1788703984.182768470,0 %, 208 MHz, 38, 5.15 W
1788703984.282888035,0 %, 208 MHz, 38, 5.15 W
1788703984.383441186,0 %, 208 MHz, 38, 5.15 W
1788703984.483392542,0 %, 208 MHz, 38, 5.22 W
1788703984.583942972,0 %, 208 MHz, 38, 5.22 W
1788703984.684678395,0 %, 208 MHz, 38, 5.22 W
1788703984.784615960,0 %, 208 MHz, 38, 5.22 W
1788703984.885140278,0 %, 208 MHz, 38, 5.22 W
1788703984.985305155,0 %, 208 MHz, 38, 5.22 W
1788703985.085486288,0 %, 208 MHz, 38, 5.22 W
1788703985.186088414,0 %, 208 MHz, 38, 5.22 W
1788703985.286523980,0 %, 208 MHz, 38, 5.22 W
1788703985.387078666,0 %, 208 MHz, 38, 5.22 W
1788703985.487207287,0 %, 208 MHz, 38, 5.22 W
1788703985.587732453,0 %, 208 MHz, 38, 5.22 W
1788703985.687840034,0 %, 208 MHz, 38, 5.22 W
1788703985.788834834,0 %, 208 MHz, 38, 5.22 W
1788703985.888934766,0 %, 208 MHz, 38, 5.22 W
1788703985.989284380,0 %, 208 MHz, 38, 5.16 W
1788703986.089837802,0 %, 208 MHz, 38, 5.16 W
1788703986.190496297,0 %, 208 MHz, 38, 5.16 W
1788703986.290837542,0 %, 208 MHz, 38, 5.16 W
1788703986.390988643,0 %, 208 MHz, 38, 5.16 W
1788703986.491336512,0 %, 208 MHz, 38, 5.16 W
1788703986.592297856,0 %, 208 MHz, 38, 5.16 W
1788703986.692548717,0 %, 208 MHz, 38, 5.16 W
1788703986.793019995,0 %, 208 MHz, 38, 5.16 W
1788703986.894940717,0 %, 208 MHz, 38, 5.15 W
1788703986.995261802,0 %, 208 MHz, 38, 5.15 W
1788703987.096004457,0 %, 208 MHz, 38, 5.15 W
1788703987.196319270,0 %, 208 MHz, 38, 5.15 W
1788703987.296891044,0 %, 208 MHz, 38, 5.15 W
1788703987.396980721,0 %, 208 MHz, 38, 5.15 W
1788703987.497261006,0 %, 208 MHz, 38, 5.15 W
1788703987.598157021,0 %, 208 MHz, 38, 5.15 W
1788703987.698453930,0 %, 208 MHz, 38, 5.15 W
1788703987.798529239,0 %, 208 MHz, 38, 5.15 W
1788703987.899012037,0 %, 208 MHz, 38, 5.16 W
1788703987.999666419,0 %, 208 MHz, 38, 5.16 W
1788703988.100011840,0 %, 208 MHz, 38, 5.16 W
1788703988.200385709,0 %, 208 MHz, 38, 5.16 W
1788703988.300942699,0 %, 208 MHz, 38, 5.16 W
1788703988.401348137,0 %, 208 MHz, 38, 5.16 W
1788703988.501743382,0 %, 208 MHz, 38, 5.16 W
1788703988.602194100,0 %, 208 MHz, 38, 5.16 W
1788703988.702552881,0 %, 208 MHz, 38, 5.16 W
1788703988.802619469,0 %, 208 MHz, 38, 5.16 W
1788703988.903685373,0 %, 208 MHz, 38, 5.14 W
1788703989.003899002,0 %, 208 MHz, 38, 5.14 W
1788703989.103624773,0 %, 208 MHz, 38, 5.14 W
1788703989.204533140,0 %, 208 MHz, 38, 5.14 W
1788703989.305050033,0 %, 208 MHz, 38, 5.14 W
1788703989.405365662,0 %, 208 MHz, 38, 5.14 W
1788703989.505665899,0 %, 208 MHz, 38, 5.14 W
1788703989.606243289,0 %, 208 MHz, 38, 5.14 W
1788703989.705772244,0 %, 208 MHz, 38, 5.14 W
1788703989.806121409,0 %, 208 MHz, 38, 5.14 W
1788703989.906305310,0 %, 208 MHz, 38, 5.15 W
1788703990.006407498,0 %, 208 MHz, 38, 5.15 W
1788703990.107608762,0 %, 208 MHz, 38, 5.15 W
1788703990.208098007,0 %, 208 MHz, 38, 5.15 W
1788703990.308281412,0 %, 208 MHz, 38, 5.15 W
1788703990.408394720,0 %, 208 MHz, 38, 5.15 W
1788703990.508966798,0 %, 208 MHz, 38, 5.15 W
1788703990.609677404,0 %, 208 MHz, 38, 5.15 W
1788703990.709435271,0 %, 208 MHz, 38, 5.15 W
1788703990.810126901,0 %, 208 MHz, 38, 5.15 W
1788703990.910451714,0 %, 208 MHz, 38, 5.20 W
1788703991.010500190,0 %, 208 MHz, 38, 5.20 W
1788703991.110884603,0 %, 208 MHz, 38, 5.20 W
1788703991.211195544,0 %, 208 MHz, 38, 5.20 W
1788703991.311940422,0 %, 208 MHz, 38, 5.20 W
1788703991.412203699,0 %, 208 MHz, 38, 5.21 W
1788703991.512539760,0 %, 208 MHz, 38, 5.21 W
1788703991.612954733,0 %, 208 MHz, 38, 5.21 W
1788703991.713605163,0 %, 208 MHz, 38, 5.21 W
1788703991.814134121,0 %, 208 MHz, 38, 5.21 W
1788703991.914485942,0 %, 208 MHz, 38, 5.26 W
1788703992.014630658,0 %, 208 MHz, 38, 5.26 W
1788703992.115373664,0 %, 208 MHz, 38, 5.26 W
1788703992.215553900,0 %, 208 MHz, 38, 5.26 W
1788703992.315937305,0 %, 208 MHz, 38, 5.26 W
1788703992.416230982,0 %, 208 MHz, 38, 5.26 W
1788703992.516557795,0 %, 208 MHz, 38, 5.26 W
1788703992.617266673,0 %, 208 MHz, 38, 5.26 W
1788703992.717733358,0 %, 208 MHz, 38, 5.26 W
1788703992.818031546,0 %, 208 MHz, 38, 5.26 W
1788703992.918942841,0 %, 208 MHz, 38, 5.20 W
1788703993.018347923,0 %, 208 MHz, 38, 5.20 W
1788703993.118759616,0 %, 208 MHz, 38, 5.20 W
1788703993.219453982,0 %, 208 MHz, 38, 5.20 W
1788703993.319748298,0 %, 208 MHz, 38, 5.20 W
1788703993.420121831,0 %, 208 MHz, 38, 5.20 W
1788703993.520425956,0 %, 208 MHz, 38, 5.20 W
1788703993.621134769,0 %, 208 MHz, 38, 5.20 W
1788703993.721634543,0 %, 208 MHz, 38, 5.20 W
1788703993.821992251,0 %, 208 MHz, 38, 5.20 W
1788703993.922191256,0 %, 208 MHz, 38, 5.17 W
1788703994.022330180,0 %, 208 MHz, 38, 5.17 W
1788703994.122726817,0 %, 208 MHz, 38, 5.17 W
1788703994.223555151,0 %, 208 MHz, 38, 5.17 W
1788703994.323663899,0 %, 208 MHz, 38, 5.17 W
1788703994.424085703,0 %, 208 MHz, 38, 5.17 W
1788703994.524378500,0 %, 208 MHz, 38, 5.17 W
1788703994.625254002,0 %, 208 MHz, 38, 5.17 W
1788703994.725628351,0 %, 208 MHz, 38, 5.17 W
1788703994.825792587,0 %, 208 MHz, 38, 5.17 W
1788703994.925997799,0 %, 208 MHz, 38, 5.17 W
1788703995.026894693,0 %, 208 MHz, 38, 5.17 W
1788703995.127013553,0 %, 208 MHz, 38, 5.17 W
1788703995.227325774,0 %, 208 MHz, 38, 5.17 W
1788703995.327647722,0 %, 208 MHz, 38, 5.17 W
1788703995.428201527,0 %, 208 MHz, 38, 5.17 W
1788703995.528759605,0 %, 208 MHz, 38, 5.17 W
1788703995.629078193,0 %, 208 MHz, 38, 5.17 W
1788703995.729589294,0 %, 208 MHz, 38, 5.17 W
1788703995.829775530,0 %, 208 MHz, 38, 5.17 W
1788703995.930748249,0 %, 208 MHz, 38, 5.21 W
1788703996.030621731,0 %, 208 MHz, 38, 5.21 W
1788703996.131128464,0 %, 208 MHz, 38, 5.21 W
1788703996.230956331,0 %, 208 MHz, 38, 5.21 W
1788703996.331539608,0 %, 208 MHz, 38, 5.21 W
1788703996.431869477,0 %, 208 MHz, 38, 5.21 W
1788703996.532605298,0 %, 208 MHz, 38, 5.21 W
1788703996.632930991,0 %, 208 MHz, 38, 5.21 W
1788703996.733876221,0 %, 208 MHz, 38, 5.21 W
1788703996.833599287,0 %, 208 MHz, 38, 5.21 W
1788703996.933972420,0 %, 208 MHz, 38, 5.18 W
1788703997.034893074,0 %, 208 MHz, 38, 5.18 W
1788703997.135069342,0 %, 208 MHz, 38, 5.18 W
1788703997.235293290,0 %, 208 MHz, 38, 5.18 W
1788703997.335563910,0 %, 208 MHz, 38, 5.18 W
1788703997.435845730,0 %, 208 MHz, 38, 5.18 W
1788703997.536550208,0 %, 208 MHz, 38, 5.18 W
1788703997.636823676,0 %, 208 MHz, 38, 5.18 W
1788703997.737338185,0 %, 208 MHz, 38, 5.18 W
1788703997.838038566,0 %, 208 MHz, 38, 5.18 W
1788703997.939348133,0 %, 208 MHz, 38, 5.20 W
1788703998.038520318,0 %, 208 MHz, 38, 5.20 W
1788703998.139028187,0 %, 208 MHz, 38, 5.20 W
1788703998.239228374,0 %, 208 MHz, 38, 5.20 W
1788703998.339429010,0 %, 208 MHz, 38, 5.20 W
1788703998.439743870,0 %, 208 MHz, 39, 5.22 W
1788703998.540575308,0 %, 208 MHz, 39, 5.22 W
1788703998.640748024,0 %, 208 MHz, 39, 5.22 W
1788703998.741107908,0 %, 208 MHz, 39, 5.22 W
1788703998.841456816,0 %, 208 MHz, 39, 5.22 W
1788703998.942316062,0 %, 208 MHz, 38, 5.27 W
1788703999.042459850,0 %, 208 MHz, 38, 5.27 W
1788703999.143009814,0 %, 208 MHz, 38, 5.27 W
1788703999.243184450,0 %, 208 MHz, 38, 5.27 W
1788703999.343855647,0 %, 208 MHz, 38, 5.27 W
1788703999.444208667,0 %, 208 MHz, 38, 5.27 W
1788703999.544675784,0 %, 208 MHz, 38, 5.27 W
1788703999.644884419,0 %, 208 MHz, 38, 5.27 W
1788703999.745746017,0 %, 208 MHz, 38, 5.27 W
1788703999.845971917,0 %, 208 MHz, 38, 5.27 W
1788703999.945656231,0 %, 208 MHz, 38, 5.19 W
1788704000.046619701,0 %, 208 MHz, 38, 5.19 W
1788704000.146970897,0 %, 208 MHz, 38, 5.19 W
1788704000.247104204,0 %, 208 MHz, 38, 5.19 W
1788704000.347273304,0 %, 208 MHz, 38, 5.19 W
1788704000.448004773,0 %, 208 MHz, 38, 5.19 W
1788704000.548506865,0 %, 208 MHz, 38, 5.19 W
1788704000.648671597,0 %, 208 MHz, 38, 5.19 W
1788704000.749220778,0 %, 208 MHz, 38, 5.19 W
1788704000.849228340,0 %, 208 MHz, 38, 5.19 W
1788704000.949989842,0 %, 208 MHz, 38, 5.22 W
1788704001.050444238,0 %, 208 MHz, 38, 5.22 W
1788704001.150612826,0 %, 208 MHz, 38, 5.22 W
1788704001.250823653,0 %, 208 MHz, 38, 5.22 W
1788704001.351184753,0 %, 208 MHz, 38, 5.22 W
1788704001.451342812,0 %, 208 MHz, 38, 5.22 W
1788704001.552269770,0 %, 208 MHz, 38, 5.22 W
1788704001.652286037,0 %, 208 MHz, 38, 5.22 W
1788704001.753090610,0 %, 208 MHz, 38, 5.22 W
1788704001.853055453,0 %, 208 MHz, 38, 5.22 W
1788704001.953298441,0 %, 208 MHz, 38, 5.27 W
1788704002.054178550,0 %, 208 MHz, 38, 5.27 W
1788704002.154346145,0 %, 208 MHz, 38, 5.27 W
1788704002.254513693,0 %, 208 MHz, 38, 5.27 W
1788704002.354910713,0 %, 208 MHz, 38, 5.27 W
1788704002.455219284,0 %, 208 MHz, 38, 5.27 W
1788704002.556130914,0 %, 208 MHz, 38, 5.27 W
1788704002.656430350,0 %, 208 MHz, 38, 5.27 W
1788704002.756840090,0 %, 208 MHz, 38, 5.27 W
1788704002.856434035,0 %, 208 MHz, 38, 5.27 W
1788704002.956550878,0 %, 208 MHz, 38, 5.25 W
1788704003.056794890,0 %, 208 MHz, 38, 5.25 W
1788704003.157016453,0 %, 208 MHz, 38, 5.25 W
1788704003.257734914,0 %, 208 MHz, 38, 5.25 W
1788704003.357898077,0 %, 208 MHz, 38, 5.25 W
1788704003.458576842,0 %, 208 MHz, 38, 5.25 W
1788704003.558922181,0 %, 208 MHz, 38, 5.25 W
1788704003.659422738,0 %, 208 MHz, 38, 5.25 W
1788704003.758970059,0 %, 208 MHz, 38, 5.25 W
1788704003.859894328,0 %, 208 MHz, 38, 5.25 W
1788704003.959881987,0 %, 208 MHz, 39, 5.23 W
1788704004.060161886,0 %, 208 MHz, 39, 5.23 W
1788704004.161070716,0 %, 208 MHz, 39, 5.23 W
1788704004.261346791,0 %, 208 MHz, 39, 5.23 W
1788704004.361771763,0 %, 208 MHz, 39, 5.23 W
1788704004.462045246,0 %, 208 MHz, 39, 5.23 W
1788704004.562604075,0 %, 208 MHz, 39, 5.23 W
1788704004.662966662,0 %, 208 MHz, 39, 5.23 W
1788704004.763437218,0 %, 208 MHz, 39, 5.23 W
1788704004.863453373,0 %, 208 MHz, 39, 5.23 W
1788704004.964003801,0 %, 208 MHz, 39, 5.23 W
1788704005.064874614,0 %, 208 MHz, 39, 5.23 W
1788704005.164984161,0 %, 208 MHz, 39, 5.23 W
1788704005.265337053,0 %, 208 MHz, 39, 5.23 W
1788704005.365742760,0 %, 208 MHz, 39, 5.23 W
1788704005.466429893,0 %, 208 MHz, 39, 5.26 W
1788704005.566927681,0 %, 208 MHz, 39, 5.26 W
1788704005.667045756,0 %, 208 MHz, 39, 5.26 W
1788704005.767391351,0 %, 208 MHz, 39, 5.26 W
1788704005.868101780,0 %, 208 MHz, 39, 5.26 W
1788704005.968439583,0 %, 208 MHz, 39, 5.32 W
1788704006.068820827,0 %, 208 MHz, 39, 5.32 W
1788704006.169149382,0 %, 208 MHz, 39, 5.32 W
1788704006.269315121,0 %, 208 MHz, 39, 5.32 W
1788704006.370054926,0 %, 208 MHz, 39, 5.32 W
1788704006.470366377,0 %, 208 MHz, 39, 5.32 W
1788704006.570751605,0 %, 208 MHz, 39, 5.32 W
1788704006.670887855,0 %, 208 MHz, 39, 5.32 W
1788704006.771447547,0 %, 208 MHz, 39, 5.32 W
1788704006.871525318,0 %, 208 MHz, 39, 5.32 W
1788704006.972277059,0 %, 208 MHz, 39, 5.32 W
1788704007.072533182,0 %, 208 MHz, 39, 5.32 W
1788704007.172837353,0 %, 208 MHz, 39, 5.32 W
1788704007.273212708,0 %, 208 MHz, 39, 5.32 W
1788704007.373555856,0 %, 208 MHz, 39, 5.32 W
1788704007.474087180,0 %, 208 MHz, 39, 5.32 W
1788704007.574399159,0 %, 208 MHz, 39, 5.32 W
1788704007.674734546,0 %, 208 MHz, 39, 5.32 W
1788704007.775309054,0 %, 208 MHz, 39, 5.32 W
1788704007.875325048,0 %, 208 MHz, 39, 5.32 W
1788704007.976024389,0 %, 208 MHz, 38, 5.21 W
1788704008.076353408,0 %, 208 MHz, 38, 5.21 W
1788704008.176708731,0 %, 208 MHz, 38, 5.21 W
1788704008.277060615,0 %, 208 MHz, 38, 5.21 W
1788704008.377303633,0 %, 208 MHz, 38, 5.21 W
1788704008.478016334,0 %, 208 MHz, 38, 5.21 W
1788704008.578537946,0 %, 208 MHz, 38, 5.21 W
1788704008.678515716,0 %, 208 MHz, 38, 5.21 W
1788704008.779156112,0 %, 208 MHz, 38, 5.21 W
1788704008.879225738,0 %, 208 MHz, 38, 5.21 W
1788704008.979913382,0 %, 208 MHz, 38, 5.18 W
1788704009.081234917,0 %, 208 MHz, 38, 5.18 W
1788704009.180458588,0 %, 208 MHz, 38, 5.18 W
1788704009.280921320,0 %, 208 MHz, 38, 5.18 W
1788704009.381170290,0 %, 208 MHz, 38, 5.18 W
1788704009.481854463,0 %, 208 MHz, 38, 5.18 W
1788704009.582399642,0 %, 208 MHz, 38, 5.18 W
1788704009.682648757,0 %, 208 MHz, 38, 5.18 W
1788704009.782824016,0 %, 208 MHz, 38, 5.18 W
1788704009.883281371,0 %, 208 MHz, 38, 5.18 W
1788704009.983842807,0 %, 208 MHz, 39, 5.19 W
1788704010.084348003,0 %, 208 MHz, 39, 5.19 W
1788704010.183944651,0 %, 208 MHz, 39, 5.19 W
1788704010.283818149,0 %, 208 MHz, 39, 5.19 W
1788704010.384294704,0 %, 208 MHz, 39, 5.19 W
1788704010.485107437,0 %, 208 MHz, 39, 5.19 W
1788704010.585393335,0 %, 208 MHz, 39, 5.19 W
1788704010.686332740,0 %, 208 MHz, 39, 5.19 W
1788704010.786639343,0 %, 208 MHz, 39, 5.19 W
1788704010.886869706,0 %, 208 MHz, 39, 5.19 W
1788704010.986609923,0 %, 208 MHz, 39, 5.22 W
1788704011.087300703,0 %, 208 MHz, 39, 5.22 W
1788704011.188035851,0 %, 208 MHz, 39, 5.22 W
1788704011.288565271,0 %, 208 MHz, 39, 5.22 W
1788704011.388893666,0 %, 208 MHz, 39, 5.22 W
1788704011.489271229,0 %, 208 MHz, 39, 5.22 W
1788704011.589488503,0 %, 208 MHz, 39, 5.22 W
1788704011.690213443,0 %, 208 MHz, 39, 5.22 W
1788704011.790524078,0 %, 208 MHz, 39, 5.22 W
1788704011.890513160,0 %, 208 MHz, 39, 5.22 W
1788704011.991076051,0 %, 208 MHz, 39, 5.21 W
1788704012.091930048,0 %, 208 MHz, 39, 5.21 W
1788704012.191342584,0 %, 208 MHz, 39, 5.21 W
1788704012.292296132,0 %, 208 MHz, 39, 5.21 W
1788704012.392581503,0 %, 208 MHz, 39, 5.21 W
1788704012.492932906,0 %, 208 MHz, 39, 5.23 W
1788704012.593316421,0 %, 208 MHz, 39, 5.23 W
1788704012.693608944,0 %, 208 MHz, 39, 5.23 W
1788704012.794139627,0 %, 208 MHz, 39, 5.23 W
1788704012.894426310,0 %, 208 MHz, 39, 5.23 W
1788704012.995007569,0 %, 208 MHz, 39, 5.27 W
1788704013.095185867,0 %, 208 MHz, 39, 5.27 W
1788704013.195301973,0 %, 208 MHz, 39, 5.27 W
1788704013.296036577,0 %, 208 MHz, 39, 5.27 W
1788704013.396336412,0 %, 208 MHz, 39, 5.27 W
1788704013.496929383,0 %, 208 MHz, 39, 5.29 W
1788704013.597269330,0 %, 208 MHz, 39, 5.29 W
1788704013.697637741,0 %, 208 MHz, 39, 5.29 W
1788704013.798160152,0 %, 208 MHz, 39, 5.29 W
1788704013.898499139,0 %, 208 MHz, 39, 5.29 W
1788704013.998672877,0 %, 208 MHz, 39, 5.29 W
1788704014.098915831,0 %, 208 MHz, 39, 5.29 W
1788704014.199402098,0 %, 208 MHz, 39, 5.29 W
1788704014.299879917,0 %, 208 MHz, 39, 5.29 W
1788704014.400398489,0 %, 208 MHz, 39, 5.29 W
1788704014.500778211,0 %, 208 MHz, 39, 5.29 W
1788704014.601108190,0 %, 208 MHz, 39, 5.29 W
1788704014.701997066,0 %, 208 MHz, 39, 5.29 W
1788704014.802113156,0 %, 208 MHz, 39, 5.29 W
1788704014.902421951,0 %, 208 MHz, 39, 5.17 W
1788704015.002595577,0 %, 208 MHz, 39, 5.17 W
1788704015.102928531,0 %, 208 MHz, 39, 5.17 W
1788704015.203578143,0 %, 208 MHz, 39, 5.17 W
1788704015.303893897,0 %, 208 MHz, 39, 5.17 W
1788704015.404431636,0 %, 208 MHz, 39, 5.17 W
1788704015.504784495,0 %, 208 MHz, 39, 5.17 W
1788704015.605350506,0 %, 208 MHz, 39, 5.17 W
1788704015.705784021,0 %, 208 MHz, 39, 5.17 W
1788704015.805936095,0 %, 208 MHz, 39, 5.17 W
1788704015.906437306,0 %, 208 MHz, 39, 5.16 W
1788704016.006416403,0 %, 208 MHz, 39, 5.16 W
1788704016.106933710,0 %, 208 MHz, 39, 5.16 W
1788704016.207437641,0 %, 208 MHz, 39, 5.16 W
1788704016.307623171,0 %, 208 MHz, 39, 5.16 W
1788704016.408166542,0 %, 208 MHz, 39, 5.16 W
1788704016.508510408,0 %, 208 MHz, 39, 5.16 W
1788704016.608627730,0 %, 208 MHz, 39, 5.16 W
1788704016.709339902,0 %, 208 MHz, 39, 5.16 W
1788704016.809774600,0 %, 208 MHz, 39, 5.16 W
1788704016.910141619,0 %, 208 MHz, 39, 5.17 W
1788704017.010240636,0 %, 208 MHz, 39, 5.17 W
1788704017.110418966,0 %, 208 MHz, 39, 5.17 W
1788704017.210808769,0 %, 208 MHz, 39, 5.17 W
1788704017.311656317,0 %, 208 MHz, 39, 5.17 W
1788704017.411998711,0 %, 208 MHz, 39, 5.17 W
1788704017.512132865,0 %, 208 MHz, 39, 5.17 W
1788704017.612468651,0 %, 208 MHz, 39, 5.17 W
1788704017.712796565,0 %, 208 MHz, 39, 5.17 W
1788704017.813827282,0 %, 208 MHz, 39, 5.17 W
1788704017.914062140,0 %, 208 MHz, 39, 5.15 W
1788704018.014424838,0 %, 208 MHz, 39, 5.15 W
1788704018.114753440,0 %, 208 MHz, 39, 5.15 W
1788704018.215240843,0 %, 208 MHz, 39, 5.15 W
1788704018.315676693,0 %, 208 MHz, 39, 5.15 W
1788704018.416071056,0 %, 208 MHz, 39, 5.15 W
1788704018.516232377,0 %, 208 MHz, 39, 5.15 W
1788704018.617138069,0 %, 208 MHz, 39, 5.15 W
1788704018.717248751,0 %, 208 MHz, 39, 5.15 W
1788704018.817632825,0 %, 208 MHz, 39, 5.15 W
1788704018.917857571,0 %, 208 MHz, 39, 5.14 W
1788704019.018162333,0 %, 208 MHz, 39, 5.14 W
1788704019.119091273,0 %, 208 MHz, 39, 5.14 W
1788704019.219202067,0 %, 208 MHz, 39, 5.14 W
1788704019.319665165,0 %, 208 MHz, 39, 5.14 W
1788704019.420024759,0 %, 208 MHz, 38, 5.15 W
1788704019.520175617,0 %, 208 MHz, 38, 5.15 W
1788704019.620329050,0 %, 208 MHz, 38, 5.15 W
1788704019.721034006,0 %, 208 MHz, 38, 5.15 W
1788704019.821317135,0 %, 208 MHz, 38, 5.15 W
1788704019.921494073,0 %, 208 MHz, 39, 5.19 W
1788704020.021664179,0 %, 208 MHz, 39, 5.19 W
1788704020.121996749,0 %, 208 MHz, 39, 5.19 W
1788704020.222328439,0 %, 208 MHz, 39, 5.19 W
1788704020.322951522,0 %, 208 MHz, 39, 5.19 W
1788704020.423569884,0 %, 208 MHz, 39, 5.23 W
1788704020.523906870,0 %, 208 MHz, 39, 5.23 W
1788704020.624068016,0 %, 208 MHz, 39, 5.23 W
1788704020.724399898,0 %, 208 MHz, 39, 5.23 W
1788704020.825279686,0 %, 208 MHz, 39, 5.23 W
1788704020.925366799,0 %, 208 MHz, 39, 5.23 W
1788704021.025889001,0 %, 208 MHz, 39, 5.23 W
1788704021.126029667,0 %, 208 MHz, 39, 5.23 W
1788704021.226364973,0 %, 208 MHz, 39, 5.23 W
1788704021.327109784,0 %, 208 MHz, 39, 5.23 W
1788704021.427390578,0 %, 208 MHz, 39, 5.23 W
1788704021.527972908,0 %, 208 MHz, 39, 5.23 W
1788704021.628337542,0 %, 208 MHz, 39, 5.23 W
1788704021.728288431,0 %, 208 MHz, 39, 5.23 W
1788704021.829237851,0 %, 208 MHz, 39, 5.23 W
1788704021.929321828,0 %, 208 MHz, 39, 5.14 W
1788704022.029461277,0 %, 208 MHz, 39, 5.14 W
1788704022.129798663,0 %, 208 MHz, 39, 5.14 W
1788704022.230172801,0 %, 208 MHz, 39, 5.14 W
1788704022.330587995,0 %, 208 MHz, 39, 5.14 W
1788704022.431221462,0 %, 208 MHz, 39, 5.14 W
1788704022.531572063,0 %, 208 MHz, 39, 5.14 W
1788704022.631921609,0 %, 208 MHz, 39, 5.14 W
1788704022.732240899,0 %, 208 MHz, 39, 5.14 W
1788704022.832556029,0 %, 208 MHz, 39, 5.14 W
1788704022.933299720,0 %, 208 MHz, 39, 5.14 W
1788704023.033617538,0 %, 208 MHz, 39, 5.14 W
1788704023.133821227,0 %, 208 MHz, 39, 5.14 W
1788704023.234101749,0 %, 208 MHz, 39, 5.14 W
1788704023.334990464,0 %, 208 MHz, 39, 5.14 W
1788704023.435333594,0 %, 208 MHz, 39, 5.14 W
1788704023.535673524,0 %, 208 MHz, 39, 5.14 W
1788704023.635882077,0 %, 208 MHz, 39, 5.14 W
1788704023.736871609,0 %, 208 MHz, 39, 5.14 W
1788704023.837076098,0 %, 208 MHz, 39, 5.14 W
1788704023.937362011,0 %, 208 MHz, 38, 5.15 W
1788704024.037771749,0 %, 208 MHz, 38, 5.15 W
1788704024.137733486,0 %, 208 MHz, 38, 5.15 W
1788704024.238058807,0 %, 208 MHz, 38, 5.15 W
1788704024.338951907,0 %, 208 MHz, 38, 5.15 W
1788704024.439225580,0 %, 208 MHz, 38, 5.15 W
1788704024.539652550,0 %, 208 MHz, 38, 5.15 W
1788704024.639973936,0 %, 208 MHz, 38, 5.15 W
1788704024.740634570,0 %, 208 MHz, 38, 5.15 W
1788704024.840837971,0 %, 208 MHz, 38, 5.15 W
1788704024.940950524,0 %, 208 MHz, 39, 5.16 W
1788704025.041485943,0 %, 208 MHz, 39, 5.16 W
1788704025.141614911,0 %, 208 MHz, 39, 5.16 W
1788704025.242555771,0 %, 208 MHz, 39, 5.16 W
1788704025.342858276,0 %, 208 MHz, 39, 5.16 W
1788704025.443180398,0 %, 208 MHz, 39, 5.16 W
1788704025.543575496,0 %, 208 MHz, 39, 5.16 W
1788704025.644253842,0 %, 208 MHz, 39, 5.16 W
1788704025.744740908,0 %, 208 MHz, 39, 5.16 W
1788704025.844881221,0 %, 208 MHz, 39, 5.16 W
1788704025.944981582,0 %, 208 MHz, 39, 5.17 W
1788704026.045297751,0 %, 208 MHz, 39, 5.17 W
1788704026.146197394,0 %, 208 MHz, 39, 5.17 W
1788704026.246554236,0 %, 208 MHz, 39, 5.17 W
1788704026.346860869,0 %, 208 MHz, 39, 5.17 W
1788704026.447178991,0 %, 208 MHz, 38, 5.16 W
1788704026.547472888,0 %, 208 MHz, 38, 5.16 W
1788704026.648213491,0 %, 208 MHz, 38, 5.16 W
1788704026.748663004,0 %, 208 MHz, 38, 5.16 W
1788704026.848740693,0 %, 208 MHz, 38, 5.16 W
1788704026.948910174,0 %, 208 MHz, 39, 5.19 W
1788704027.049397112,0 %, 208 MHz, 39, 5.19 W
1788704027.149556737,0 %, 208 MHz, 39, 5.19 W
1788704027.250299179,0 %, 208 MHz, 39, 5.19 W
1788704027.350617044,0 %, 208 MHz, 39, 5.19 W
1788704027.450801117,0 %, 208 MHz, 39, 5.25 W
1788704027.551118359,0 %, 208 MHz, 39, 5.25 W
1788704027.651469664,0 %, 208 MHz, 39, 5.25 W
1788704027.751824825,0 %, 208 MHz, 39, 5.25 W
1788704027.852621956,0 %, 208 MHz, 39, 5.25 W
1788704027.952883549,0 %, 208 MHz, 39, 5.25 W
1788704028.053038550,0 %, 208 MHz, 39, 5.25 W
1788704028.153398703,0 %, 208 MHz, 39, 5.25 W
1788704028.253529816,0 %, 208 MHz, 39, 5.25 W
1788704028.354480883,0 %, 208 MHz, 39, 5.25 W
1788704028.454762540,0 %, 208 MHz, 39, 5.25 W
1788704028.555105525,0 %, 208 MHz, 39, 5.25 W
1788704028.655434975,0 %, 208 MHz, 39, 5.25 W
1788704028.756166777,0 %, 208 MHz, 39, 5.25 W
1788704028.856435618,0 %, 208 MHz, 39, 5.25 W
1788704028.956816683,0 %, 208 MHz, 39, 5.16 W
1788704029.057142533,0 %, 208 MHz, 39, 5.16 W
1788704029.157460382,0 %, 208 MHz, 39, 5.16 W
1788704029.258122296,0 %, 208 MHz, 39, 5.16 W
1788704029.358451825,0 %, 208 MHz, 39, 5.16 W
1788704029.458681738,0 %, 208 MHz, 39, 5.16 W
1788704029.559003107,0 %, 208 MHz, 39, 5.16 W
1788704029.659585309,0 %, 208 MHz, 39, 5.16 W
1788704029.759515461,0 %, 208 MHz, 39, 5.16 W
1788704029.860220047,0 %, 208 MHz, 39, 5.16 W
1788704029.960553240,0 %, 208 MHz, 38, 5.17 W
1788704030.060911041,0 %, 208 MHz, 38, 5.17 W
1788704030.161244938,0 %, 208 MHz, 38, 5.17 W
1788704030.261914468,0 %, 208 MHz, 38, 5.17 W
1788704030.362298398,0 %, 208 MHz, 38, 5.17 W
1788704030.462549814,0 %, 208 MHz, 38, 5.17 W
1788704030.561922652,0 %, 208 MHz, 38, 5.17 W
1788704030.662426454,0 %, 208 MHz, 38, 5.17 W
1788704030.763191056,0 %, 208 MHz, 38, 5.17 W
1788704030.864069659,0 %, 208 MHz, 38, 5.17 W
1788704030.964371972,0 %, 208 MHz, 39, 5.16 W
1788704031.064474668,0 %, 208 MHz, 39, 5.16 W
1788704031.165074534,0 %, 208 MHz, 39, 5.16 W
1788704031.265391903,0 %, 208 MHz, 39, 5.16 W
1788704031.366099385,0 %, 208 MHz, 39, 5.16 W
1788704031.466423378,0 %, 208 MHz, 39, 5.16 W
1788704031.566622011,0 %, 208 MHz, 39, 5.16 W
1788704031.667015796,0 %, 208 MHz, 39, 5.16 W
1788704031.767884174,0 %, 208 MHz, 39, 5.16 W
1788704031.868023271,0 %, 208 MHz, 39, 5.16 W
1788704031.968660337,0 %, 208 MHz, 39, 5.19 W
1788704032.068401048,0 %, 208 MHz, 39, 5.19 W
1788704032.169031601,0 %, 208 MHz, 39, 5.19 W
1788704032.269088889,0 %, 208 MHz, 39, 5.19 W
1788704032.370042724,0 %, 208 MHz, 39, 5.19 W
1788704032.470135404,0 %, 208 MHz, 39, 5.19 W
1788704032.570613221,0 %, 208 MHz, 39, 5.19 W
1788704032.671022367,0 %, 208 MHz, 39, 5.19 W
1788704032.771662712,0 %, 208 MHz, 39, 5.19 W
1788704032.871840577,0 %, 208 MHz, 39, 5.19 W
1788704032.971978281,0 %, 208 MHz, 39, 5.18 W
1788704033.072270002,0 %, 208 MHz, 39, 5.18 W
1788704033.172648138,0 %, 208 MHz, 39, 5.18 W
1788704033.272990947,0 %, 208 MHz, 39, 5.18 W
1788704033.373900190,0 %, 208 MHz, 39, 5.18 W
1788704033.473986294,0 %, 208 MHz, 39, 5.18 W
1788704033.574561807,0 %, 208 MHz, 39, 5.18 W
1788704033.674831640,0 %, 208 MHz, 39, 5.18 W
1788704033.775621042,0 %, 208 MHz, 39, 5.18 W
1788704033.875793530,0 %, 208 MHz, 39, 5.18 W
1788704033.975912114,0 %, 208 MHz, 39, 5.21 W
1788704034.076472044,0 %, 208 MHz, 39, 5.21 W
1788704034.175996210,0 %, 208 MHz, 39, 5.21 W
1788704034.276230506,0 %, 208 MHz, 39, 5.21 W
1788704034.376484403,0 %, 208 MHz, 39, 5.21 W
1788704034.476513914,0 %, 208 MHz, 39, 5.22 W
1788704034.577386597,0 %, 208 MHz, 39, 5.22 W
1788704034.678108159,0 %, 208 MHz, 39, 5.22 W
1788704034.778560456,0 %, 208 MHz, 39, 5.22 W
1788704034.878800880,0 %, 208 MHz, 39, 5.22 W
1788704034.978547927,0 %, 208 MHz, 39, 5.25 W
1788704035.079223248,0 %, 208 MHz, 39, 5.25 W
1788704035.179399049,0 %, 208 MHz, 39, 5.25 W
1788704035.279725665,0 %, 208 MHz, 39, 5.25 W
1788704035.380638955,0 %, 208 MHz, 39, 5.25 W
1788704035.480439138,0 %, 208 MHz, 39, 5.25 W
1788704035.581211516,0 %, 208 MHz, 39, 5.25 W
1788704035.681491909,0 %, 208 MHz, 39, 5.25 W
1788704035.781483708,0 %, 208 MHz, 39, 5.25 W
1788704035.882392903,0 %, 208 MHz, 39, 5.25 W
1788704035.982757471,0 %, 208 MHz, 39, 5.17 W
1788704036.082977431,0 %, 208 MHz, 39, 5.17 W
1788704036.183277584,0 %, 208 MHz, 39, 5.17 W
1788704036.283576392,0 %, 208 MHz, 39, 5.17 W
1788704036.384505842,0 %, 208 MHz, 39, 5.17 W
1788704036.484617578,0 %, 208 MHz, 39, 5.17 W
1788704036.585208772,0 %, 208 MHz, 39, 5.17 W
1788704036.685304539,0 %, 208 MHz, 39, 5.17 W
1788704036.786052405,0 %, 208 MHz, 39, 5.17 W
1788704036.886722927,0 %, 208 MHz, 39, 5.17 W
1788704036.986914615,0 %, 208 MHz, 39, 5.18 W
1788704037.087066046,0 %, 208 MHz, 39, 5.18 W
1788704037.187761368,0 %, 208 MHz, 39, 5.18 W
1788704037.288040976,0 %, 208 MHz, 39, 5.18 W
1788704037.388316072,0 %, 208 MHz, 39, 5.18 W
1788704037.488673505,0 %, 208 MHz, 39, 5.18 W
1788704037.589226090,0 %, 208 MHz, 39, 5.18 W
1788704037.689403346,0 %, 208 MHz, 39, 5.18 W
1788704037.789973435,0 %, 208 MHz, 39, 5.18 W
1788704037.890442884,0 %, 208 MHz, 39, 5.18 W
1788704037.990419211,0 %, 208 MHz, 39, 5.21 W
1788704038.090817843,0 %, 208 MHz, 39, 5.21 W
1788704038.191147868,0 %, 208 MHz, 39, 5.21 W
1788704038.291829781,0 %, 208 MHz, 39, 5.21 W
1788704038.392087325,0 %, 208 MHz, 39, 5.21 W
1788704038.492474310,0 %, 208 MHz, 39, 5.21 W
1788704038.593062079,0 %, 208 MHz, 39, 5.21 W
1788704038.693748456,0 %, 208 MHz, 39, 5.21 W
1788704038.793886976,0 %, 208 MHz, 39, 5.21 W
1788704038.894522729,0 %, 208 MHz, 39, 5.21 W
1788704038.995058066,0 %, 208 MHz, 39, 5.25 W
1788704039.094867544,0 %, 208 MHz, 39, 5.25 W
1788704039.195551938,0 %, 208 MHz, 39, 5.25 W
1788704039.295890714,0 %, 208 MHz, 39, 5.25 W
1788704039.396198914,0 %, 208 MHz, 39, 5.25 W
1788704039.496539098,0 %, 208 MHz, 39, 5.25 W
1788704039.597473012,0 %, 208 MHz, 39, 5.25 W
1788704039.697709388,0 %, 208 MHz, 39, 5.25 W
1788704039.798182565,0 %, 208 MHz, 39, 5.25 W
1788704039.898381932,0 %, 208 MHz, 39, 5.25 W
1788704039.998497092,0 %, 208 MHz, 39, 5.18 W
1788704040.099190045,0 %, 208 MHz, 39, 5.18 W
1788704040.199554373,0 %, 208 MHz, 39, 5.18 W
1788704040.299881182,0 %, 208 MHz, 39, 5.18 W
1788704040.400487190,0 %, 208 MHz, 39, 5.18 W
1788704040.501172608,0 %, 208 MHz, 39, 5.20 W
1788704040.601475224,0 %, 208 MHz, 39, 5.20 W
1788704040.701641215,0 %, 208 MHz, 39, 5.20 W
1788704040.801963223,0 %, 208 MHz, 39, 5.20 W
1788704040.902837505,0 %, 208 MHz, 39, 5.20 W
1788704041.003016041,0 %, 208 MHz, 39, 5.23 W
1788704041.103709362,0 %, 208 MHz, 39, 5.23 W
1788704041.203706089,0 %, 208 MHz, 39, 5.23 W
1788704041.304052241,0 %, 208 MHz, 39, 5.23 W
1788704041.404750522,0 %, 208 MHz, 39, 5.23 W
1788704041.505218946,0 %, 208 MHz, 39, 5.23 W
1788704041.605607067,0 %, 208 MHz, 39, 5.23 W
1788704041.705970483,0 %, 208 MHz, 39, 5.23 W
1788704041.807428510,0 %, 208 MHz, 39, 5.23 W
1788704041.906949300,0 %, 208 MHz, 39, 5.23 W
1788704042.007182315,0 %, 208 MHz, 39, 5.24 W
1788704042.107663092,0 %, 208 MHz, 39, 5.24 W
1788704042.208167212,0 %, 208 MHz, 39, 5.24 W
1788704042.308454916,0 %, 208 MHz, 39, 5.24 W
1788704042.408609995,0 %, 208 MHz, 39, 5.24 W
1788704042.508932931,0 %, 208 MHz, 39, 5.24 W
1788704042.609496876,0 %, 208 MHz, 39, 5.24 W
1788704042.709576931,0 %, 208 MHz, 39, 5.24 W
1788704042.811299023,0 %, 208 MHz, 39, 5.24 W
1788704042.910519172,0 %, 208 MHz, 39, 5.19 W
1788704043.010860731,0 %, 208 MHz, 38, 5.19 W
1788704043.111408948,0 %, 208 MHz, 38, 5.19 W
1788704043.211573275,0 %, 208 MHz, 38, 5.19 W
1788704043.312218820,0 %, 208 MHz, 38, 5.19 W
1788704043.412550268,0 %, 208 MHz, 38, 5.19 W
1788704043.512958036,0 %, 208 MHz, 38, 5.19 W
1788704043.613468604,0 %, 208 MHz, 38, 5.19 W
1788704043.714003317,0 %, 208 MHz, 38, 5.19 W
1788704043.814998287,0 %, 208 MHz, 38, 5.19 W
1788704043.914659924,0 %, 208 MHz, 39, 5.13 W
1788704044.015174781,0 %, 208 MHz, 39, 5.13 W
1788704044.115231492,0 %, 208 MHz, 39, 5.13 W
1788704044.215994093,0 %, 208 MHz, 39, 5.13 W
1788704044.316270756,0 %, 208 MHz, 39, 5.13 W
1788704044.416456635,0 %, 208 MHz, 39, 5.13 W
1788704044.516794003,0 %, 208 MHz, 39, 5.13 W
1788704044.616982826,0 %, 208 MHz, 39, 5.13 W
1788704044.717367826,0 %, 208 MHz, 39, 5.13 W
1788704044.818042731,0 %, 208 MHz, 39, 5.13 W
1788704044.918358595,0 %, 208 MHz, 39, 5.15 W
1788704045.018943675,0 %, 208 MHz, 39, 5.15 W
1788704045.119071234,0 %, 208 MHz, 39, 5.15 W
1788704045.219612875,0 %, 208 MHz, 39, 5.15 W
1788704045.320033282,0 %, 208 MHz, 39, 5.15 W
1788704045.420311946,0 %, 208 MHz, 39, 5.15 W
1788704045.520646354,0 %, 208 MHz, 39, 5.15 W
1788704045.620901897,0 %, 208 MHz, 39, 5.15 W
1788704045.721216192,0 %, 208 MHz, 39, 5.15 W
1788704045.822181498,0 %, 208 MHz, 39, 5.15 W
1788704045.922138289,0 %, 208 MHz, 39, 5.16 W
1788704046.022599401,0 %, 208 MHz, 39, 5.16 W
1788704046.122800160,0 %, 208 MHz, 39, 5.16 W
1788704046.223319560,0 %, 208 MHz, 39, 5.16 W
1788704046.323303614,0 %, 208 MHz, 39, 5.16 W
1788704046.424045095,0 %, 208 MHz, 39, 5.16 W
1788704046.524349487,0 %, 208 MHz, 39, 5.16 W
1788704046.624857271,0 %, 208 MHz, 39, 5.16 W
1788704046.725015166,0 %, 208 MHz, 39, 5.16 W
1788704046.824940676,0 %, 208 MHz, 39, 5.16 W
1788704046.925508988,0 %, 208 MHz, 38, 5.14 W
1788704047.026225589,0 %, 208 MHz, 38, 5.14 W
1788704047.126483836,0 %, 208 MHz, 38, 5.14 W
1788704047.227029236,0 %, 208 MHz, 38, 5.14 W
1788704047.327006795,0 %, 208 MHz, 38, 5.14 W
1788704047.427450642,0 %, 208 MHz, 38, 5.14 W
1788704047.528169035,0 %, 208 MHz, 38, 5.14 W
1788704047.628335714,0 %, 208 MHz, 38, 5.14 W
1788704047.728626489,0 %, 208 MHz, 38, 5.14 W
1788704047.828973633,0 %, 208 MHz, 38, 5.14 W
1788704047.929320136,0 %, 208 MHz, 39, 5.18 W
1788704048.030090273,0 %, 208 MHz, 39, 5.18 W
1788704048.130571833,0 %, 208 MHz, 39, 5.18 W
1788704048.230970832,0 %, 208 MHz, 39, 5.18 W
1788704048.331083751,0 %, 208 MHz, 39, 5.18 W
1788704048.431284126,0 %, 208 MHz, 39, 5.21 W
1788704048.532020535,0 %, 208 MHz, 39, 5.21 W
1788704048.632309342,0 %, 208 MHz, 39, 5.21 W
1788704048.732663477,0 %, 208 MHz, 39, 5.21 W
1788704048.832969981,0 %, 208 MHz, 39, 5.21 W
1788704048.933674325,0 %, 208 MHz, 39, 5.27 W
1788704049.033467227,0 %, 208 MHz, 39, 5.27 W
1788704049.134426980,0 %, 208 MHz, 39, 5.27 W
1788704049.234390634,0 %, 208 MHz, 39, 5.27 W
1788704049.334660209,0 %, 208 MHz, 39, 5.27 W
1788704049.435074185,0 %, 208 MHz, 39, 5.27 W
1788704049.536009506,0 %, 208 MHz, 39, 5.27 W
1788704049.636082680,0 %, 208 MHz, 39, 5.27 W
1788704049.736634544,0 %, 208 MHz, 39, 5.27 W
1788704049.836757367,0 %, 208 MHz, 39, 5.27 W
1788704049.937099902,0 %, 208 MHz, 39, 5.27 W
1788704050.036972724,0 %, 208 MHz, 39, 5.27 W
1788704050.138131710,0 %, 208 MHz, 39, 5.27 W
1788704050.238453685,0 %, 208 MHz, 39, 5.27 W
1788704050.338568459,0 %, 208 MHz, 39, 5.27 W
1788704050.438924771,0 %, 208 MHz, 39, 5.27 W
1788704050.539260474,0 %, 208 MHz, 39, 5.27 W
1788704050.640005154,0 %, 208 MHz, 39, 5.27 W
1788704050.739525479,0 %, 208 MHz, 39, 5.27 W
1788704050.839814862,0 %, 208 MHz, 39, 5.27 W
1788704050.940038165,0 %, 208 MHz, 39, 5.15 W
1788704051.040081243,0 %, 208 MHz, 39, 5.15 W
1788704051.141019876,0 %, 208 MHz, 39, 5.15 W
1788704051.241480027,0 %, 208 MHz, 39, 5.15 W
1788704051.341904547,0 %, 208 MHz, 39, 5.15 W
1788704051.442396698,0 %, 208 MHz, 39, 5.15 W
1788704051.542568193,0 %, 208 MHz, 39, 5.15 W
1788704051.642918440,0 %, 208 MHz, 39, 5.15 W
1788704051.743547168,0 %, 208 MHz, 39, 5.15 W
1788704051.843615558,0 %, 208 MHz, 39, 5.15 W
1788704051.943988397,0 %, 208 MHz, 39, 5.14 W
1788704052.044103860,0 %, 208 MHz, 39, 5.14 W
1788704052.144797596,0 %, 208 MHz, 39, 5.14 W
1788704052.245126979,0 %, 208 MHz, 39, 5.14 W
1788704052.345662026,0 %, 208 MHz, 39, 5.14 W
1788704052.446271266,0 %, 208 MHz, 39, 5.14 W
1788704052.546505001,0 %, 208 MHz, 39, 5.14 W
1788704052.646859200,0 %, 208 MHz, 39, 5.14 W
1788704052.747195047,0 %, 208 MHz, 39, 5.14 W
1788704052.847597582,0 %, 208 MHz, 39, 5.14 W
1788704052.947769109,0 %, 208 MHz, 39, 5.17 W
1788704053.048624893,0 %, 208 MHz, 39, 5.17 W
1788704053.148740275,0 %, 208 MHz, 39, 5.17 W
1788704053.249010282,0 %, 208 MHz, 39, 5.17 W
1788704053.349540146,0 %, 208 MHz, 39, 5.17 W
1788704053.449943065,0 %, 208 MHz, 39, 5.17 W
1788704053.550368976,0 %, 208 MHz, 39, 5.17 W
1788704053.650554358,0 %, 208 MHz, 39, 5.17 W
1788704053.750915229,0 %, 208 MHz, 39, 5.17 W
1788704053.851662342,0 %, 208 MHz, 39, 5.17 W
1788704053.951414475,0 %, 208 MHz, 39, 5.16 W
1788704054.051793602,0 %, 208 MHz, 39, 5.16 W
1788704054.152681066,0 %, 208 MHz, 39, 5.16 W
1788704054.253007729,0 %, 208 MHz, 39, 5.16 W
1788704054.353125879,0 %, 208 MHz, 39, 5.16 W
1788704054.453456734,0 %, 208 MHz, 39, 5.16 W
1788704054.553792597,0 %, 208 MHz, 39, 5.16 W
1788704054.654520749,0 %, 208 MHz, 39, 5.16 W
1788704054.754866644,0 %, 208 MHz, 39, 5.16 W
1788704054.855535963,0 %, 208 MHz, 39, 5.16 W
1788704054.955361153,0 %, 208 MHz, 39, 5.16 W
1788704055.055955752,0 %, 208 MHz, 39, 5.16 W
1788704055.156433823,0 %, 208 MHz, 39, 5.16 W
1788704055.256737398,0 %, 208 MHz, 39, 5.16 W
1788704055.357066189,0 %, 208 MHz, 39, 5.16 W
1788704055.457386323,0 %, 208 MHz, 39, 5.21 W
1788704055.558107483,0 %, 208 MHz, 39, 5.21 W
1788704055.658646099,0 %, 208 MHz, 39, 5.21 W
1788704055.758380584,0 %, 208 MHz, 39, 5.21 W
1788704055.859534993,0 %, 208 MHz, 39, 5.21 W
1788704055.959858888,0 %, 208 MHz, 39, 5.28 W
1788704056.060362383,0 %, 208 MHz, 39, 5.28 W
1788704056.160483845,0 %, 208 MHz, 39, 5.28 W
1788704056.261036428,0 %, 208 MHz, 39, 5.28 W
1788704056.361179538,0 %, 208 MHz, 39, 5.28 W
1788704056.462079626,0 %, 208 MHz, 39, 5.29 W
1788704056.562213712,0 %, 208 MHz, 39, 5.29 W
1788704056.662536295,0 %, 208 MHz, 39, 5.29 W
1788704056.762894846,0 %, 208 MHz, 39, 5.29 W
1788704056.863926631,0 %, 208 MHz, 39, 5.29 W
1788704056.963908684,0 %, 208 MHz, 39, 5.29 W
1788704057.064410803,0 %, 208 MHz, 39, 5.29 W
1788704057.164543833,0 %, 208 MHz, 39, 5.29 W
1788704057.265480321,0 %, 208 MHz, 39, 5.29 W
1788704057.365791192,0 %, 208 MHz, 39, 5.29 W
1788704057.466100606,0 %, 208 MHz, 39, 5.29 W
1788704057.566272756,0 %, 208 MHz, 39, 5.29 W
1788704057.666561179,0 %, 208 MHz, 39, 5.29 W
1788704057.767341347,0 %, 208 MHz, 39, 5.29 W
1788704057.867563865,0 %, 208 MHz, 39, 5.29 W
1788704057.967807759,0 %, 208 MHz, 39, 5.19 W
1788704058.068153526,0 %, 208 MHz, 39, 5.19 W
1788704058.168482892,0 %, 208 MHz, 39, 5.19 W
1788704058.269173172,0 %, 208 MHz, 39, 5.19 W
1788704058.369519770,0 %, 208 MHz, 39, 5.19 W
1788704058.470125490,0 %, 208 MHz, 39, 5.19 W
1788704058.570453368,0 %, 208 MHz, 39, 5.19 W
1788704058.670996383,0 %, 208 MHz, 39, 5.19 W
1788704058.771449606,0 %, 208 MHz, 39, 5.19 W
1788704058.871492907,0 %, 208 MHz, 39, 5.19 W
1788704058.971894178,0 %, 208 MHz, 39, 5.22 W
1788704059.072147688,0 %, 208 MHz, 39, 5.22 W
1788704059.172872160,0 %, 208 MHz, 39, 5.22 W
1788704059.273215590,0 %, 208 MHz, 39, 5.22 W
1788704059.373667389,0 %, 208 MHz, 39, 5.22 W
1788704059.473886867,0 %, 208 MHz, 39, 5.22 W
1788704059.574383130,0 %, 208 MHz, 39, 5.22 W
1788704059.674934081,0 %, 208 MHz, 39, 5.22 W
1788704059.775383063,0 %, 208 MHz, 39, 5.22 W
1788704059.875379693,0 %, 208 MHz, 39, 5.22 W
1788704059.976041892,0 %, 208 MHz, 39, 5.18 W
1788704060.076060697,0 %, 208 MHz, 39, 5.18 W
1788704060.176473456,0 %, 208 MHz, 39, 5.18 W
1788704060.277015287,0 %, 208 MHz, 39, 5.18 W
1788704060.377298701,0 %, 208 MHz, 39, 5.18 W
1788704060.477641043,0 %, 208 MHz, 39, 5.18 W
1788704060.578224074,0 %, 208 MHz, 39, 5.18 W
1788704060.678734641,0 %, 208 MHz, 39, 5.18 W
1788704060.779038759,0 %, 208 MHz, 39, 5.18 W
1788704060.879357950,0 %, 208 MHz, 39, 5.18 W
1788704060.979994661,0 %, 208 MHz, 39, 5.19 W
1788704061.080441547,0 %, 208 MHz, 39, 5.19 W
1788704061.180971282,0 %, 208 MHz, 39, 5.19 W
1788704061.281135784,0 %, 208 MHz, 39, 5.19 W
1788704061.381566654,0 %, 208 MHz, 39, 5.19 W
1788704061.481706404,0 %, 208 MHz, 39, 5.19 W
1788704061.582637196,0 %, 208 MHz, 39, 5.19 W
1788704061.682362304,0 %, 208 MHz, 39, 5.19 W
1788704061.782964535,0 %, 208 MHz, 39, 5.19 W
1788704061.883284157,0 %, 208 MHz, 39, 5.19 W
1788704061.983911972,0 %, 208 MHz, 39, 5.16 W
1788704062.084379979,0 %, 208 MHz, 39, 5.16 W
1788704062.184908386,0 %, 208 MHz, 39, 5.16 W
1788704062.285102615,0 %, 208 MHz, 39, 5.16 W
1788704062.385376157,0 %, 208 MHz, 39, 5.16 W
1788704062.486078628,0 %, 208 MHz, 39, 5.15 W
1788704062.586621275,0 %, 208 MHz, 39, 5.15 W
1788704062.686789505,0 %, 208 MHz, 39, 5.15 W
1788704062.787128247,0 %, 208 MHz, 39, 5.15 W
1788704062.887290252,0 %, 208 MHz, 39, 5.15 W
1788704062.987260865,0 %, 208 MHz, 38, 5.21 W
1788704063.088191577,0 %, 208 MHz, 38, 5.21 W
1788704063.188705504,0 %, 208 MHz, 38, 5.21 W
1788704063.288831397,0 %, 208 MHz, 38, 5.21 W
1788704063.388664426,0 %, 208 MHz, 38, 5.21 W
1788704063.488939775,0 %, 208 MHz, 39, 5.27 W
1788704063.589028613,0 %, 208 MHz, 39, 5.27 W
1788704063.689501659,0 %, 208 MHz, 39, 5.27 W
1788704063.790508291,0 %, 208 MHz, 39, 5.27 W
1788704063.890832137,0 %, 208 MHz, 39, 5.27 W
1788704063.991120191,0 %, 208 MHz, 39, 5.27 W
1788704064.091681078,0 %, 208 MHz, 39, 5.27 W
1788704064.191806747,0 %, 208 MHz, 39, 5.27 W
1788704064.292542626,0 %, 208 MHz, 39, 5.27 W
1788704064.392906168,0 %, 208 MHz, 39, 5.27 W
1788704064.493214926,0 %, 208 MHz, 39, 5.27 W
1788704064.592956082,0 %, 208 MHz, 39, 5.27 W
1788704064.693028999,0 %, 208 MHz, 39, 5.27 W
1788704064.793425085,0 %, 208 MHz, 39, 5.27 W
1788704064.893310674,0 %, 208 MHz, 39, 5.27 W
1788704064.994500282,0 %, 208 MHz, 39, 5.21 W
1788704065.095024353,0 %, 208 MHz, 39, 5.21 W
1788704065.195492983,0 %, 208 MHz, 39, 5.21 W
1788704065.295670860,0 %, 208 MHz, 39, 5.21 W
1788704065.396075410,0 %, 208 MHz, 39, 5.21 W
1788704065.496413288,0 %, 208 MHz, 39, 5.21 W
1788704065.597098655,0 %, 208 MHz, 39, 5.21 W
1788704065.697554421,0 %, 208 MHz, 39, 5.21 W
1788704065.797555274,0 %, 208 MHz, 39, 5.21 W
1788704065.898065984,0 %, 208 MHz, 39, 5.21 W
1788704065.998835320,0 %, 208 MHz, 39, 5.19 W
1788704066.099121437,0 %, 208 MHz, 39, 5.19 W
1788704066.199433363,0 %, 208 MHz, 39, 5.19 W
1788704066.299426856,0 %, 208 MHz, 39, 5.19 W
1788704066.400017486,0 %, 208 MHz, 39, 5.19 W
1788704066.500340148,0 %, 208 MHz, 39, 5.19 W
1788704066.600527961,0 %, 208 MHz, 39, 5.19 W
1788704066.701268800,0 %, 208 MHz, 39, 5.19 W
1788704066.801511702,0 %, 208 MHz, 39, 5.19 W
1788704066.901775611,0 %, 208 MHz, 39, 5.19 W
1788704067.002020721,0 %, 208 MHz, 39, 5.18 W
1788704067.102957800,0 %, 208 MHz, 39, 5.18 W
1788704067.203278046,0 %, 208 MHz, 39, 5.18 W
1788704067.303441443,0 %, 208 MHz, 39, 5.18 W
1788704067.403789336,0 %, 208 MHz, 39, 5.18 W
1788704067.504484383,0 %, 208 MHz, 39, 5.18 W
1788704067.605041590,0 %, 208 MHz, 39, 5.18 W
1788704067.705567340,0 %, 208 MHz, 39, 5.18 W
1788704067.805682705,0 %, 208 MHz, 39, 5.18 W
1788704067.906416760,0 %, 208 MHz, 39, 5.18 W
1788704068.006724973,0 %, 208 MHz, 39, 5.17 W
1788704068.106912770,0 %, 208 MHz, 39, 5.17 W
1788704068.207448952,0 %, 208 MHz, 39, 5.17 W
1788704068.308152271,0 %, 208 MHz, 39, 5.17 W
1788704068.408460693,0 %, 208 MHz, 39, 5.17 W
1788704068.508610362,0 %, 208 MHz, 39, 5.17 W
1788704068.609225680,0 %, 208 MHz, 39, 5.17 W
1788704068.709637846,0 %, 208 MHz, 39, 5.17 W
1788704068.810011212,0 %, 208 MHz, 39, 5.17 W
1788704068.910350449,0 %, 208 MHz, 39, 5.17 W
1788704069.010654823,0 %, 208 MHz, 39, 5.21 W
1788704069.111003260,0 %, 208 MHz, 39, 5.21 W
1788704069.211908947,0 %, 208 MHz, 39, 5.21 W
1788704069.312239657,0 %, 208 MHz, 39, 5.21 W
1788704069.412576862,0 %, 208 MHz, 39, 5.21 W
1788704069.512729859,0 %, 208 MHz, 39, 5.21 W
1788704069.613634026,0 %, 208 MHz, 39, 5.21 W
1788704069.713975296,0 %, 208 MHz, 39, 5.21 W
1788704069.814669046,0 %, 208 MHz, 39, 5.21 W
1788704069.914619067,0 %, 208 MHz, 39, 5.21 W
1788704070.014734592,0 %, 208 MHz, 39, 5.23 W
1788704070.115485382,0 %, 208 MHz, 39, 5.23 W
1788704070.216004620,0 %, 208 MHz, 39, 5.23 W
1788704070.316142625,0 %, 208 MHz, 39, 5.23 W
1788704070.416711367,0 %, 208 MHz, 39, 5.23 W
1788704070.517154477,0 %, 208 MHz, 39, 5.23 W
1788704070.617679779,0 %, 208 MHz, 39, 5.23 W
1788704070.717869384,0 %, 208 MHz, 39, 5.23 W
1788704070.818401054,0 %, 208 MHz, 39, 5.23 W
1788704070.918526946,0 %, 208 MHz, 39, 5.23 W
1788704071.019019800,0 %, 208 MHz, 39, 5.23 W
1788704071.118770140,0 %, 208 MHz, 39, 5.23 W
1788704071.218931441,0 %, 208 MHz, 39, 5.23 W
1788704071.319027605,0 %, 208 MHz, 39, 5.23 W
1788704071.419169258,0 %, 208 MHz, 39, 5.23 W
1788704071.520146065,0 %, 208 MHz, 39, 5.23 W
1788704071.620467878,0 %, 208 MHz, 39, 5.23 W
1788704071.720799500,0 %, 208 MHz, 39, 5.23 W
1788704071.821094241,0 %, 208 MHz, 39, 5.23 W
1788704071.921467750,0 %, 208 MHz, 39, 5.14 W
1788704072.022039804,0 %, 208 MHz, 39, 5.14 W
1788704072.122518354,0 %, 208 MHz, 39, 5.14 W
1788704072.222687911,0 %, 208 MHz, 39, 5.14 W
1788704072.323242269,0 %, 208 MHz, 39, 5.14 W
1788704072.423938211,0 %, 208 MHz, 39, 5.14 W
1788704072.524047383,0 %, 208 MHz, 39, 5.14 W
1788704072.624576285,0 %, 208 MHz, 39, 5.14 W
1788704072.724736018,0 %, 208 MHz, 39, 5.14 W
1788704072.825636633,0 %, 208 MHz, 39, 5.14 W
1788704072.925602141,0 %, 208 MHz, 39, 5.11 W
1788704073.025935042,0 %, 208 MHz, 39, 5.11 W
1788704073.126442200,0 %, 208 MHz, 39, 5.11 W
1788704073.226413452,0 %, 208 MHz, 39, 5.11 W
1788704073.327009394,0 %, 208 MHz, 39, 5.11 W
1788704073.427124454,0 %, 208 MHz, 39, 5.11 W
1788704073.527282235,0 %, 208 MHz, 39, 5.11 W
1788704073.628236834,0 %, 208 MHz, 39, 5.11 W
1788704073.728510647,0 %, 208 MHz, 39, 5.11 W
1788704073.828907836,0 %, 208 MHz, 39, 5.11 W
1788704073.928753935,0 %, 208 MHz, 39, 5.12 W
1788704074.029188293,0 %, 208 MHz, 39, 5.12 W
1788704074.130148860,0 %, 208 MHz, 39, 5.12 W
1788704074.230263936,0 %, 208 MHz, 39, 5.12 W
1788704074.330816182,0 %, 208 MHz, 39, 5.12 W
1788704074.430944746,0 %, 208 MHz, 39, 5.12 W
1788704074.531856225,0 %, 208 MHz, 39, 5.12 W
1788704074.632166070,0 %, 208 MHz, 39, 5.12 W
1788704074.732522667,0 %, 208 MHz, 39, 5.12 W
1788704074.832905520,0 %, 208 MHz, 39, 5.12 W
1788704074.933428134,0 %, 208 MHz, 39, 5.16 W
1788704075.033552602,0 %, 208 MHz, 39, 5.16 W
1788704075.133811663,0 %, 208 MHz, 39, 5.16 W
1788704075.234241268,0 %, 208 MHz, 39, 5.16 W
1788704075.334815258,0 %, 208 MHz, 39, 5.16 W
1788704075.435492464,0 %, 208 MHz, 39, 5.16 W
1788704075.535799653,0 %, 208 MHz, 39, 5.16 W
1788704075.635887641,0 %, 208 MHz, 39, 5.16 W
1788704075.736291054,0 %, 208 MHz, 39, 5.16 W
1788704075.837049124,0 %, 208 MHz, 39, 5.16 W
1788704075.937321961,0 %, 208 MHz, 39, 5.16 W
1788704076.037856351,0 %, 208 MHz, 39, 5.16 W
1788704076.137850963,0 %, 208 MHz, 39, 5.16 W
1788704076.238180295,0 %, 208 MHz, 39, 5.16 W
1788704076.338550924,0 %, 208 MHz, 39, 5.16 W
1788704076.438938049,0 %, 208 MHz, 39, 5.16 W
1788704076.539615527,0 %, 208 MHz, 39, 5.16 W
1788704076.639937500,0 %, 208 MHz, 39, 5.16 W
1788704076.740084432,0 %, 208 MHz, 39, 5.16 W
1788704076.840504006,0 %, 208 MHz, 39, 5.16 W
1788704076.940748426,0 %, 208 MHz, 39, 5.20 W
1788704077.041575313,0 %, 208 MHz, 39, 5.20 W
1788704077.141761973,0 %, 208 MHz, 39, 5.20 W
1788704077.241884313,0 %, 208 MHz, 39, 5.20 W
1788704077.342434734,0 %, 208 MHz, 39, 5.20 W
1788704077.442623603,0 %, 208 MHz, 39, 5.21 W
1788704077.542963175,0 %, 208 MHz, 39, 5.21 W
1788704077.643651565,0 %, 208 MHz, 39, 5.21 W
1788704077.743951314,0 %, 208 MHz, 39, 5.21 W
1788704077.844346871,0 %, 208 MHz, 39, 5.21 W
1788704077.944381563,0 %, 208 MHz, 39, 5.24 W
1788704078.044931552,0 %, 208 MHz, 39, 5.24 W
1788704078.145396005,0 %, 208 MHz, 39, 5.24 W
1788704078.245924171,0 %, 208 MHz, 39, 5.24 W
1788704078.346069903,0 %, 208 MHz, 39, 5.24 W
1788704078.446321827,0 %, 208 MHz, 39, 5.24 W
1788704078.546910121,0 %, 208 MHz, 39, 5.24 W
1788704078.647582974,0 %, 208 MHz, 39, 5.24 W
1788704078.747788835,0 %, 208 MHz, 39, 5.24 W
1788704078.848042391,0 %, 208 MHz, 39, 5.24 W
1788704078.948426748,0 %, 208 MHz, 39, 5.09 W
1788704079.048766352,0 %, 208 MHz, 39, 5.09 W
1788704079.149300710,0 %, 208 MHz, 39, 5.09 W
1788704079.249729291,0 %, 208 MHz, 39, 5.09 W
1788704079.349852447,0 %, 208 MHz, 39, 5.09 W
1788704079.450394388,0 %, 208 MHz, 39, 5.09 W
1788704079.550739784,0 %, 208 MHz, 39, 5.09 W
1788704079.651576255,0 %, 208 MHz, 39, 5.09 W
1788704079.751757411,0 %, 208 MHz, 39, 5.09 W
1788704079.851928471,0 %, 208 MHz, 39, 5.09 W
1788704079.952476684,0 %, 208 MHz, 39, 5.16 W
1788704080.052962721,0 %, 208 MHz, 39, 5.16 W
1788704080.153467094,0 %, 208 MHz, 39, 5.16 W
1788704080.253481882,0 %, 208 MHz, 39, 5.16 W
1788704080.354011103,0 %, 208 MHz, 39, 5.16 W
1788704080.454360355,0 %, 208 MHz, 39, 5.16 W
1788704080.554477463,0 %, 208 MHz, 39, 5.16 W
1788704080.655380509,0 %, 208 MHz, 39, 5.16 W
1788704080.755634034,0 %, 208 MHz, 39, 5.16 W
1788704080.855842198,0 %, 208 MHz, 39, 5.16 W
1788704080.956893933,0 %, 208 MHz, 39, 5.17 W
1788704081.057051505,0 %, 208 MHz, 39, 5.17 W
1788704081.157360357,0 %, 208 MHz, 39, 5.17 W
1788704081.257483641,0 %, 208 MHz, 39, 5.17 W
1788704081.358051518,0 %, 208 MHz, 39, 5.17 W
1788704081.458827460,0 %, 208 MHz, 39, 5.17 W
1788704081.559081912,0 %, 208 MHz, 39, 5.17 W
1788704081.659422092,0 %, 208 MHz, 39, 5.17 W
1788704081.759769025,0 %, 208 MHz, 39, 5.17 W
1788704081.860071989,0 %, 208 MHz, 39, 5.17 W
1788704081.960901867,0 %, 208 MHz, 39, 5.17 W
1788704082.061064303,0 %, 208 MHz, 39, 5.17 W
1788704082.161234243,0 %, 208 MHz, 39, 5.17 W
1788704082.261559479,0 %, 208 MHz, 39, 5.17 W
1788704082.362438749,0 %, 208 MHz, 39, 5.17 W
1788704082.462754065,0 %, 208 MHz, 39, 5.17 W
1788704082.562844005,0 %, 208 MHz, 39, 5.17 W
1788704082.663404874,0 %, 208 MHz, 39, 5.17 W
1788704082.763734830,0 %, 208 MHz, 39, 5.17 W
1788704082.864472660,0 %, 208 MHz, 39, 5.17 W
1788704082.964829304,0 %, 208 MHz, 39, 5.18 W
1788704083.065140668,0 %, 208 MHz, 39, 5.18 W
1788704083.165453041,0 %, 208 MHz, 39, 5.18 W
1788704083.265968309,0 %, 208 MHz, 39, 5.18 W
1788704083.366568106,0 %, 208 MHz, 39, 5.18 W
1788704083.466711390,0 %, 208 MHz, 39, 5.18 W
1788704083.567056194,0 %, 208 MHz, 39, 5.18 W
1788704083.667403063,0 %, 208 MHz, 39, 5.18 W
1788704083.767378410,0 %, 208 MHz, 39, 5.18 W
1788704083.868089599,0 %, 208 MHz, 39, 5.18 W
1788704083.968419203,0 %, 208 MHz, 39, 5.20 W
1788704084.068780216,0 %, 208 MHz, 39, 5.20 W
1788704084.169318765,0 %, 208 MHz, 39, 5.20 W
1788704084.269409392,0 %, 208 MHz, 39, 5.20 W
1788704084.370343862,0 %, 208 MHz, 39, 5.20 W
1788704084.470608282,0 %, 208 MHz, 39, 5.22 W
1788704084.570839118,0 %, 208 MHz, 39, 5.22 W
1788704084.671303346,0 %, 208 MHz, 39, 5.22 W
1788704084.772029784,0 %, 208 MHz, 39, 5.22 W
1788704084.871780874,0 %, 208 MHz, 39, 5.22 W
1788704084.972664688,0 %, 208 MHz, 39, 5.28 W
1788704085.072825156,0 %, 208 MHz, 39, 5.28 W
1788704085.173761945,0 %, 208 MHz, 39, 5.28 W
1788704085.273866365,0 %, 208 MHz, 39, 5.28 W
1788704085.374382306,0 %, 208 MHz, 39, 5.28 W
1788704085.474760758,0 %, 208 MHz, 39, 5.28 W
1788704085.574878169,0 %, 208 MHz, 39, 5.28 W
1788704085.675910495,0 %, 208 MHz, 39, 5.28 W
1788704085.775876802,0 %, 208 MHz, 39, 5.28 W
1788704085.876445863,0 %, 208 MHz, 39, 5.28 W
1788704085.976768523,0 %, 208 MHz, 39, 5.16 W
1788704086.077254080,0 %, 208 MHz, 39, 5.16 W
1788704086.177764868,0 %, 208 MHz, 39, 5.16 W
1788704086.277916216,0 %, 208 MHz, 39, 5.16 W
1788704086.378451244,0 %, 208 MHz, 39, 5.16 W
1788704086.478554272,0 %, 208 MHz, 39, 5.16 W
1788704086.579320581,0 %, 208 MHz, 39, 5.16 W
1788704086.679637081,0 %, 208 MHz, 39, 5.16 W
1788704086.779620908,0 %, 208 MHz, 39, 5.16 W
1788704086.880121632,0 %, 208 MHz, 39, 5.16 W
1788704086.979631586,0 %, 208 MHz, 39, 5.16 W
1788704087.080427879,0 %, 208 MHz, 39, 5.16 W
1788704087.180607611,0 %, 208 MHz, 39, 5.16 W
1788704087.281152895,0 %, 208 MHz, 39, 5.16 W
1788704087.381857780,0 %, 208 MHz, 39, 5.16 W
1788704087.481988583,0 %, 208 MHz, 39, 5.16 W
1788704087.582403404,0 %, 208 MHz, 39, 5.16 W
1788704087.682878128,0 %, 208 MHz, 39, 5.16 W
1788704087.783566469,0 %, 208 MHz, 39, 5.16 W
1788704087.883852713,0 %, 208 MHz, 39, 5.16 W
1788704087.984088188,0 %, 208 MHz, 39, 5.15 W
1788704088.084430304,0 %, 208 MHz, 39, 5.15 W
1788704088.184615700,0 %, 208 MHz, 39, 5.15 W
1788704088.284791399,0 %, 208 MHz, 39, 5.15 W
1788704088.385286907,0 %, 208 MHz, 39, 5.15 W
1788704088.485289214,0 %, 208 MHz, 39, 5.15 W
1788704088.586154483,0 %, 208 MHz, 39, 5.15 W
1788704088.686601912,0 %, 208 MHz, 39, 5.15 W
1788704088.786115305,0 %, 208 MHz, 39, 5.15 W
1788704088.886854558,0 %, 208 MHz, 39, 5.15 W
1788704088.987354770,0 %, 208 MHz, 39, 5.24 W
1788704089.087527382,0 %, 208 MHz, 39, 5.24 W
1788704089.188212618,0 %, 208 MHz, 39, 5.24 W
1788704089.288462510,0 %, 208 MHz, 39, 5.24 W
1788704089.388749186,0 %, 208 MHz, 39, 5.24 W
1788704089.488889157,0 %, 208 MHz, 39, 5.25 W
1788704089.589452121,0 %, 208 MHz, 39, 5.25 W
1788704089.689550460,0 %, 208 MHz, 39, 5.25 W
1788704089.790333057,0 %, 208 MHz, 39, 5.25 W
1788704089.890676373,0 %, 208 MHz, 39, 5.25 W
1788704089.990219494,0 %, 208 MHz, 39, 5.29 W
1788704090.091234988,0 %, 208 MHz, 39, 5.29 W
1788704090.191326383,0 %, 208 MHz, 39, 5.29 W
1788704090.291886659,0 %, 208 MHz, 39, 5.29 W
1788704090.392604664,0 %, 208 MHz, 39, 5.29 W
1788704090.492710811,0 %, 208 MHz, 39, 5.29 W
1788704090.593270431,0 %, 208 MHz, 39, 5.29 W
1788704090.694106933,0 %, 208 MHz, 39, 5.29 W
1788704090.794242792,0 %, 208 MHz, 39, 5.29 W
1788704090.894514587,0 %, 208 MHz, 39, 5.29 W
1788704090.994525406,0 %, 208 MHz, 39, 5.24 W
1788704091.095030322,0 %, 208 MHz, 39, 5.24 W
1788704091.195198453,0 %, 208 MHz, 39, 5.24 W
1788704091.295745273,0 %, 208 MHz, 39, 5.24 W
1788704091.396269805,0 %, 208 MHz, 39, 5.24 W
1788704091.496566993,0 %, 208 MHz, 39, 5.24 W
1788704091.596317475,0 %, 208 MHz, 39, 5.24 W
1788704091.696585798,0 %, 208 MHz, 39, 5.24 W
1788704091.796565273,0 %, 208 MHz, 39, 5.24 W
1788704091.897610446,0 %, 208 MHz, 39, 5.24 W
1788704091.998016482,0 %, 208 MHz, 39, 5.24 W
1788704092.098482566,0 %, 208 MHz, 39, 5.24 W
1788704092.198817338,0 %, 208 MHz, 39, 5.24 W
1788704092.299317341,0 %, 208 MHz, 39, 5.24 W
1788704092.399497504,0 %, 208 MHz, 39, 5.24 W
1788704092.500430662,0 %, 208 MHz, 39, 5.24 W
1788704092.600744105,0 %, 208 MHz, 39, 5.24 W
1788704092.700650059,0 %, 208 MHz, 39, 5.24 W
1788704092.801642081,0 %, 208 MHz, 39, 5.24 W
1788704092.901588099,0 %, 208 MHz, 39, 5.24 W
1788704093.001970887,0 %, 208 MHz, 39, 5.24 W
1788704093.102467195,0 %, 208 MHz, 39, 5.24 W
1788704093.202782446,0 %, 208 MHz, 39, 5.24 W
1788704093.303315234,0 %, 208 MHz, 39, 5.24 W
1788704093.403455925,0 %, 208 MHz, 39, 5.24 W
1788704093.504397658,0 %, 208 MHz, 39, 5.24 W
1788704093.604723406,0 %, 208 MHz, 39, 5.24 W
1788704093.704796288,0 %, 208 MHz, 39, 5.24 W
1788704093.805318388,0 %, 208 MHz, 39, 5.24 W
1788704093.905887832,0 %, 208 MHz, 39, 5.24 W
1788704094.006385820,0 %, 208 MHz, 39, 5.15 W
1788704094.106664911,0 %, 208 MHz, 39, 5.15 W
1788704094.207105043,0 %, 208 MHz, 39, 5.15 W
1788704094.307382230,0 %, 208 MHz, 39, 5.15 W
1788704094.407956170,0 %, 208 MHz, 39, 5.15 W
1788704094.508438398,0 %, 208 MHz, 39, 5.15 W
1788704094.608602897,0 %, 208 MHz, 39, 5.15 W
1788704094.708983444,0 %, 208 MHz, 39, 5.15 W
1788704094.809295015,0 %, 208 MHz, 39, 5.15 W
1788704094.909476682,0 %, 208 MHz, 39, 5.15 W
1788704095.009981326,0 %, 208 MHz, 39, 5.23 W
1788704095.109720896,0 %, 208 MHz, 39, 5.23 W
1788704095.210090931,0 %, 208 MHz, 39, 5.23 W
1788704095.310160533,0 %, 208 MHz, 39, 5.23 W
1788704095.411243467,0 %, 208 MHz, 39, 5.23 W
1788704095.511615166,0 %, 208 MHz, 39, 5.23 W
1788704095.612304339,0 %, 208 MHz, 39, 5.23 W
1788704095.712444293,0 %, 208 MHz, 39, 5.23 W
1788704095.812806313,0 %, 208 MHz, 39, 5.23 W
1788704095.913304524,0 %, 208 MHz, 39, 5.23 W
1788704096.013831456,0 %, 208 MHz, 39, 5.23 W
1788704096.114308756,0 %, 208 MHz, 39, 5.23 W
1788704096.214422310,0 %, 208 MHz, 39, 5.23 W
1788704096.314952170,0 %, 208 MHz, 39, 5.23 W
1788704096.415314893,0 %, 208 MHz, 39, 5.23 W
1788704096.515830289,0 %, 208 MHz, 39, 5.23 W
1788704096.616552197,0 %, 208 MHz, 39, 5.23 W
1788704096.717134553,0 %, 208 MHz, 39, 5.23 W
1788704096.816997515,0 %, 208 MHz, 39, 5.23 W
1788704096.917295230,0 %, 208 MHz, 39, 5.23 W
1788704097.018013330,0 %, 208 MHz, 39, 5.22 W
1788704097.118436246,0 %, 208 MHz, 39, 5.22 W
1788704097.218432024,0 %, 208 MHz, 39, 5.22 W
1788704097.318986011,0 %, 208 MHz, 39, 5.22 W
1788704097.419736368,0 %, 208 MHz, 39, 5.22 W
1788704097.519847538,0 %, 208 MHz, 39, 5.22 W
1788704097.620179733,0 %, 208 MHz, 39, 5.22 W
1788704097.720533880,0 %, 208 MHz, 39, 5.22 W
1788704097.820920188,0 %, 208 MHz, 39, 5.22 W
1788704097.921629056,0 %, 208 MHz, 39, 5.22 W
1788704098.021931875,0 %, 208 MHz, 39, 5.20 W
1788704098.122238502,0 %, 208 MHz, 39, 5.20 W
1788704098.222355896,0 %, 208 MHz, 39, 5.20 W
1788704098.322893531,0 %, 208 MHz, 39, 5.20 W
1788704098.423597952,0 %, 208 MHz, 39, 5.20 W
1788704098.523901491,0 %, 208 MHz, 39, 5.22 W
1788704098.624282550,0 %, 208 MHz, 39, 5.22 W
1788704098.724325416,0 %, 208 MHz, 39, 5.22 W
1788704098.825176700,0 %, 208 MHz, 39, 5.22 W
1788704098.924771581,0 %, 208 MHz, 39, 5.22 W
1788704099.025639922,0 %, 208 MHz, 39, 5.24 W
1788704099.126218549,0 %, 208 MHz, 39, 5.24 W
1788704099.226320199,0 %, 208 MHz, 39, 5.24 W
1788704099.327303836,0 %, 208 MHz, 39, 5.24 W
1788704099.427577535,0 %, 208 MHz, 39, 5.24 W
1788704099.527767106,0 %, 208 MHz, 39, 5.25 W
1788704099.628278821,0 %, 208 MHz, 39, 5.25 W
1788704099.728432055,0 %, 208 MHz, 39, 5.25 W
1788704099.829154123,0 %, 208 MHz, 39, 5.25 W
1788704099.928904733,0 %, 208 MHz, 39, 5.25 W
1788704100.029667521,0 %, 208 MHz, 39, 5.25 W
1788704100.130035220,0 %, 208 MHz, 39, 5.25 W
1788704100.230147206,0 %, 208 MHz, 39, 5.25 W
1788704100.330524121,0 %, 208 MHz, 39, 5.25 W
1788704100.430663451,0 %, 208 MHz, 39, 5.23 W
1788704100.531528223,0 %, 208 MHz, 39, 5.23 W
1788704100.631894530,0 %, 208 MHz, 39, 5.23 W
1788704100.732369958,0 %, 208 MHz, 39, 5.23 W
1788704100.832721912,0 %, 208 MHz, 39, 5.23 W
1788704100.933247420,0 %, 208 MHz, 39, 5.26 W
1788704101.033515695,0 %, 208 MHz, 39, 5.26 W
1788704101.133893185,0 %, 208 MHz, 39, 5.26 W
1788704101.234204324,0 %, 208 MHz, 39, 5.26 W
1788704101.334544695,0 %, 208 MHz, 39, 5.26 W
1788704101.435238091,0 %, 208 MHz, 39, 5.32 W
1788704101.535620190,0 %, 208 MHz, 39, 5.32 W
1788704101.636016384,0 %, 208 MHz, 39, 5.32 W
1788704101.736083634,0 %, 208 MHz, 39, 5.32 W
1788704101.837010071,0 %, 208 MHz, 39, 5.32 W
1788704101.937493770,0 %, 208 MHz, 39, 5.32 W
1788704102.036858746,0 %, 208 MHz, 39, 5.32 W
1788704102.137688078,0 %, 208 MHz, 39, 5.32 W
1788704102.238029393,0 %, 208 MHz, 39, 5.32 W
1788704102.338400851,0 %, 208 MHz, 39, 5.32 W
1788704102.438925751,0 %, 208 MHz, 39, 5.32 W
1788704102.539448650,0 %, 208 MHz, 39, 5.32 W
1788704102.639848621,0 %, 208 MHz, 39, 5.32 W
1788704102.740095631,0 %, 208 MHz, 39, 5.32 W
1788704102.840840931,0 %, 208 MHz, 39, 5.32 W
1788704102.940638276,0 %, 208 MHz, 39, 5.21 W
1788704103.041328152,0 %, 208 MHz, 39, 5.21 W
1788704103.141686810,0 %, 208 MHz, 39, 5.21 W
1788704103.242032413,0 %, 208 MHz, 39, 5.21 W
1788704103.342765361,0 %, 208 MHz, 39, 5.21 W
1788704103.443089315,0 %, 208 MHz, 39, 5.21 W
1788704103.543366774,0 %, 208 MHz, 39, 5.21 W
1788704103.643589272,0 %, 208 MHz, 39, 5.21 W
1788704103.743742010,0 %, 208 MHz, 39, 5.21 W
1788704103.844284045,0 %, 208 MHz, 39, 5.21 W
1788704103.944597072,0 %, 208 MHz, 39, 5.23 W
1788704104.045153203,0 %, 208 MHz, 39, 5.23 W
1788704104.145426869,0 %, 208 MHz, 39, 5.23 W
1788704104.245634215,0 %, 208 MHz, 39, 5.23 W
1788704104.345785033,0 %, 208 MHz, 39, 5.23 W
1788704104.446326076,0 %, 208 MHz, 39, 5.23 W
1788704104.547044240,0 %, 208 MHz, 39, 5.23 W
1788704104.647333699,0 %, 208 MHz, 39, 5.23 W
1788704104.747516693,0 %, 208 MHz, 39, 5.23 W
1788704104.847850167,0 %, 208 MHz, 39, 5.23 W
1788704104.948731515,0 %, 208 MHz, 39, 5.21 W
1788704105.049098862,0 %, 208 MHz, 39, 5.21 W
1788704105.149192559,0 %, 208 MHz, 39, 5.21 W
1788704105.249757266,0 %, 208 MHz, 39, 5.21 W
1788704105.349899364,0 %, 208 MHz, 39, 5.21 W
1788704105.450762168,0 %, 208 MHz, 39, 5.22 W
1788704105.551076075,0 %, 208 MHz, 39, 5.22 W
1788704105.651448781,0 %, 208 MHz, 39, 5.22 W
1788704105.751744447,0 %, 208 MHz, 39, 5.22 W
1788704105.852793460,0 %, 208 MHz, 39, 5.22 W
1788704105.952522309,0 %, 208 MHz, 39, 5.27 W
1788704106.053075832,0 %, 208 MHz, 39, 5.27 W
1788704106.153170665,0 %, 208 MHz, 39, 5.27 W
1788704106.253544828,0 %, 208 MHz, 39, 5.27 W
1788704106.353725470,0 %, 208 MHz, 39, 5.27 W
1788704106.454764066,0 %, 208 MHz, 39, 5.30 W
1788704106.554776899,0 %, 208 MHz, 39, 5.30 W
1788704106.655130934,0 %, 208 MHz, 39, 5.30 W
1788704106.755477768,0 %, 208 MHz, 39, 5.30 W
1788704106.855467321,0 %, 208 MHz, 39, 5.30 W
1788704106.955844828,0 %, 208 MHz, 39, 5.30 W
1788704107.056727264,0 %, 208 MHz, 39, 5.30 W
1788704107.156995874,0 %, 208 MHz, 39, 5.30 W
1788704107.257348116,0 %, 208 MHz, 39, 5.30 W
1788704107.357501910,0 %, 208 MHz, 39, 5.30 W
1788704107.457771048,0 %, 208 MHz, 39, 5.30 W
1788704107.558015546,0 %, 208 MHz, 39, 5.30 W
1788704107.658927358,0 %, 208 MHz, 39, 5.30 W
1788704107.759231248,0 %, 208 MHz, 39, 5.30 W
1788704107.859399138,0 %, 208 MHz, 39, 5.30 W
1788704107.959932341,0 %, 208 MHz, 39, 5.20 W
1788704108.060511576,0 %, 208 MHz, 39, 5.20 W
1788704108.160990202,0 %, 208 MHz, 39, 5.20 W
1788704108.261332876,0 %, 208 MHz, 39, 5.20 W
1788704108.361335774,0 %, 208 MHz, 39, 5.20 W
1788704108.461905072,0 %, 208 MHz, 39, 5.20 W
1788704108.562594564,0 %, 208 MHz, 39, 5.20 W
1788704108.662906934,0 %, 208 MHz, 39, 5.20 W
1788704108.763063623,0 %, 208 MHz, 39, 5.20 W
1788704108.863323945,0 %, 208 MHz, 39, 5.20 W
1788704108.964254221,0 %, 208 MHz, 39, 5.21 W
1788704109.064366959,0 %, 208 MHz, 39, 5.21 W
1788704109.164681025,0 %, 208 MHz, 39, 5.21 W
1788704109.265027731,0 %, 208 MHz, 39, 5.21 W
1788704109.365302405,0 %, 208 MHz, 39, 5.21 W
1788704109.466225929,0 %, 208 MHz, 39, 5.21 W
1788704109.566559595,0 %, 208 MHz, 39, 5.21 W
1788704109.666771692,0 %, 208 MHz, 39, 5.21 W
1788704109.766840222,0 %, 208 MHz, 39, 5.21 W
1788704109.867190992,0 %, 208 MHz, 39, 5.21 W
1788704109.967774995,0 %, 208 MHz, 39, 5.23 W
1788704110.067760468,0 %, 208 MHz, 39, 5.23 W
1788704110.168670360,0 %, 208 MHz, 39, 5.23 W
1788704110.268808857,0 %, 208 MHz, 39, 5.23 W
1788704110.369151819,0 %, 208 MHz, 39, 5.23 W
1788704110.469633965,0 %, 208 MHz, 39, 5.23 W
1788704110.570339536,0 %, 208 MHz, 39, 5.23 W
1788704110.670651458,0 %, 208 MHz, 39, 5.23 W
1788704110.770857812,0 %, 208 MHz, 39, 5.23 W
1788704110.871348534,0 %, 208 MHz, 39, 5.23 W
1788704110.971517576,0 %, 208 MHz, 39, 5.22 W
1788704111.072204907,0 %, 208 MHz, 39, 5.22 W
1788704111.172346668,0 %, 208 MHz, 39, 5.22 W
1788704111.272871439,0 %, 208 MHz, 39, 5.22 W
1788704111.373058864,0 %, 208 MHz, 39, 5.22 W
1788704111.473261362,0 %, 208 MHz, 39, 5.22 W
1788704111.573996101,0 %, 208 MHz, 39, 5.22 W
1788704111.674505079,0 %, 208 MHz, 39, 5.22 W
1788704111.773773334,0 %, 208 MHz, 39, 5.22 W
1788704111.873900823,0 %, 208 MHz, 39, 5.22 W
1788704111.974039337,0 %, 208 MHz, 39, 5.19 W
1788704112.074185162,0 %, 208 MHz, 39, 5.19 W
1788704112.175495695,0 %, 208 MHz, 39, 5.19 W
1788704112.275464960,0 %, 208 MHz, 39, 5.19 W
1788704112.376069506,0 %, 208 MHz, 39, 5.19 W
1788704112.476142323,0 %, 208 MHz, 39, 5.19 W
1788704112.576864726,0 %, 208 MHz, 39, 5.19 W
1788704112.677402825,0 %, 208 MHz, 39, 5.19 W
1788704112.777657850,0 %, 208 MHz, 39, 5.19 W
1788704112.878081420,0 %, 208 MHz, 39, 5.19 W
1788704112.978958320,0 %, 208 MHz, 39, 5.24 W
1788704113.079073297,0 %, 208 MHz, 39, 5.24 W
1788704113.179436515,0 %, 208 MHz, 39, 5.24 W
1788704113.279737285,0 %, 208 MHz, 39, 5.24 W
1788704113.380094150,0 %, 208 MHz, 39, 5.24 W
1788704113.480567641,0 %, 208 MHz, 39, 5.28 W
1788704113.580905962,0 %, 208 MHz, 39, 5.28 W
1788704113.681439869,0 %, 208 MHz, 39, 5.28 W
1788704113.781759806,0 %, 208 MHz, 39, 5.28 W
1788704113.882022512,0 %, 208 MHz, 39, 5.28 W
1788704113.982722307,0 %, 208 MHz, 39, 5.28 W
1788704114.082852500,0 %, 208 MHz, 39, 5.28 W
1788704114.183151093,0 %, 208 MHz, 39, 5.28 W
1788704114.283469575,0 %, 208 MHz, 39, 5.28 W
1788704114.383659304,0 %, 208 MHz, 39, 5.28 W
1788704114.484184539,0 %, 208 MHz, 39, 5.28 W
1788704114.584923325,0 %, 208 MHz, 39, 5.28 W
1788704114.685221439,0 %, 208 MHz, 39, 5.28 W
1788704114.785543057,0 %, 208 MHz, 39, 5.28 W
1788704114.885739346,0 %, 208 MHz, 39, 5.28 W
1788704114.985522978,0 %, 208 MHz, 39, 5.19 W
1788704115.086802710,0 %, 208 MHz, 39, 5.19 W
1788704115.186942071,0 %, 208 MHz, 39, 5.19 W
1788704115.287418937,0 %, 208 MHz, 39, 5.19 W
1788704115.387442074,0 %, 208 MHz, 39, 5.19 W
1788704115.487980204,0 %, 208 MHz, 39, 5.19 W
1788704115.588142445,0 %, 208 MHz, 39, 5.19 W
1788704115.688908224,0 %, 208 MHz, 39, 5.19 W
1788704115.789202466,0 %, 208 MHz, 39, 5.19 W
1788704115.889558995,0 %, 208 MHz, 39, 5.19 W
1788704115.989926549,0 %, 208 MHz, 39, 5.21 W
1788704116.090706312,0 %, 208 MHz, 39, 5.21 W
1788704116.190623736,0 %, 208 MHz, 39, 5.21 W
1788704116.290984922,0 %, 208 MHz, 39, 5.21 W
1788704116.391132267,0 %, 208 MHz, 39, 5.21 W
1788704116.491579597,0 %, 208 MHz, 39, 5.21 W
1788704116.592033327,0 %, 208 MHz, 39, 5.21 W
1788704116.692323296,0 %, 208 MHz, 39, 5.21 W
1788704116.792492513,0 %, 208 MHz, 39, 5.21 W
1788704116.893022291,0 %, 208 MHz, 39, 5.21 W
1788704116.993484405,0 %, 208 MHz, 39, 5.20 W
1788704117.093901895,0 %, 208 MHz, 39, 5.20 W
1788704117.193990279,0 %, 208 MHz, 39, 5.20 W
1788704117.294929515,0 %, 208 MHz, 39, 5.20 W
1788704117.395083548,0 %, 208 MHz, 39, 5.20 W
1788704117.495576397,0 %, 208 MHz, 39, 5.20 W
1788704117.595979023,0 %, 208 MHz, 39, 5.20 W
1788704117.696138384,0 %, 208 MHz, 39, 5.20 W
1788704117.796833891,0 %, 208 MHz, 39, 5.20 W
1788704117.897038388,0 %, 208 MHz, 39, 5.20 W
1788704117.997440997,0 %, 208 MHz, 39, 5.17 W
1788704118.097813927,0 %, 208 MHz, 39, 5.17 W
1788704118.197969736,0 %, 208 MHz, 39, 5.17 W
1788704118.298819210,0 %, 208 MHz, 39, 5.17 W
1788704118.398946683,0 %, 208 MHz, 39, 5.17 W
1788704118.499452445,0 %, 208 MHz, 39, 5.17 W
1788704118.599844127,0 %, 208 MHz, 39, 5.17 W
1788704118.700430113,0 %, 208 MHz, 39, 5.17 W
1788704118.800874802,0 %, 208 MHz, 39, 5.17 W
1788704118.900925507,0 %, 208 MHz, 39, 5.17 W
1788704119.001525717,0 %, 208 MHz, 39, 5.19 W
1788704119.101184340,0 %, 208 MHz, 39, 5.19 W
1788704119.202034167,0 %, 208 MHz, 39, 5.19 W
1788704119.301771558,0 %, 208 MHz, 39, 5.19 W
1788704119.401868535,0 %, 208 MHz, 39, 5.19 W
1788704119.502108104,0 %, 208 MHz, 39, 5.19 W
1788704119.602286729,0 %, 208 MHz, 39, 5.19 W
1788704119.702636810,0 %, 208 MHz, 39, 5.19 W
1788704119.802583050,0 %, 208 MHz, 39, 5.19 W
1788704119.902424874,0 %, 208 MHz, 39, 5.19 W
1788704120.002845068,0 %, 208 MHz, 39, 5.23 W
1788704120.102786652,0 %, 208 MHz, 39, 5.23 W
1788704120.204400881,0 %, 208 MHz, 39, 5.23 W
1788704120.305574085,0 %, 208 MHz, 39, 5.23 W
1788704120.406034436,0 %, 208 MHz, 39, 5.23 W
1788704120.507090984,0 %, 208 MHz, 39, 5.24 W
1788704120.607655755,0 %, 208 MHz, 39, 5.24 W
1788704120.708259212,0 %, 208 MHz, 39, 5.24 W
1788704120.810096774,0 %, 208 MHz, 39, 5.24 W
1788704120.909986276,0 %, 208 MHz, 39, 5.24 W
1788704121.010708341,0 %, 208 MHz, 39, 5.27 W
1788704121.111999335,0 %, 208 MHz, 39, 5.27 W
1788704121.212407149,0 %, 208 MHz, 39, 5.27 W
1788704121.313218507,0 %, 208 MHz, 39, 5.27 W
1788704121.413939519,0 %, 208 MHz, 39, 5.27 W
1788704121.514888915,0 %, 208 MHz, 39, 5.27 W
1788704121.615984086,0 %, 208 MHz, 39, 5.27 W
1788704121.716146438,0 %, 208 MHz, 39, 5.27 W
1788704121.817227435,0 %, 208 MHz, 39, 5.27 W
1788704121.917726155,0 %, 208 MHz, 39, 5.27 W
1788704122.018776031,0 %, 208 MHz, 38, 5.17 W
1788704122.119433346,0 %, 208 MHz, 38, 5.17 W
1788704122.220286755,0 %, 208 MHz, 38, 5.17 W
1788704122.321305364,0 %, 208 MHz, 38, 5.17 W
1788704122.421800728,0 %, 208 MHz, 38, 5.17 W
1788704122.522636430,0 %, 208 MHz, 38, 5.17 W
1788704122.623501790,0 %, 208 MHz, 38, 5.17 W
1788704122.724501343,0 %, 208 MHz, 38, 5.17 W
1788704122.825320372,0 %, 208 MHz, 38, 5.17 W
1788704122.925409572,0 %, 208 MHz, 38, 5.17 W
1788704123.026453800,0 %, 208 MHz, 38, 5.17 W
1788704123.127334984,0 %, 208 MHz, 38, 5.17 W
1788704123.228123293,0 %, 208 MHz, 38, 5.17 W
1788704123.329147454,0 %, 208 MHz, 38, 5.17 W
1788704123.429538061,0 %, 208 MHz, 38, 5.17 W
1788704123.530380928,0 %, 208 MHz, 38, 5.17 W
1788704123.631267876,0 %, 208 MHz, 38, 5.17 W
1788704123.732042997,0 %, 208 MHz, 38, 5.17 W
1788704123.832486360,0 %, 208 MHz, 38, 5.17 W
1788704123.932114759,0 %, 208 MHz, 38, 5.17 W
1788704124.032995113,0 %, 208 MHz, 38, 5.16 W
1788704124.132682792,0 %, 208 MHz, 38, 5.16 W
1788704124.232762152,0 %, 208 MHz, 38, 5.16 W
1788704124.333098249,0 %, 208 MHz, 38, 5.16 W
1788704124.434746382,0 %, 208 MHz, 38, 5.16 W
1788704124.535448992,0 %, 208 MHz, 38, 5.16 W
1788704124.636025106,0 %, 208 MHz, 38, 5.16 W
1788704124.737179639,0 %, 208 MHz, 38, 5.16 W
1788704124.838165160,0 %, 208 MHz, 38, 5.16 W
1788704124.939021850,0 %, 208 MHz, 38, 5.18 W
1788704125.039891310,0 %, 208 MHz, 38, 5.18 W
1788704125.140071466,0 %, 208 MHz, 38, 5.18 W
1788704125.241143507,0 %, 208 MHz, 38, 5.18 W
1788704125.341864752,0 %, 208 MHz, 38, 5.18 W
1788704125.441382881,0 %, 208 MHz, 38, 5.18 W
1788704125.541757761,0 %, 208 MHz, 38, 5.18 W
1788704125.641603728,0 %, 208 MHz, 38, 5.18 W
1788704125.741837089,0 %, 208 MHz, 38, 5.18 W
1788704125.842380738,0 %, 208 MHz, 38, 5.18 W
1788704125.943082900,0 %, 208 MHz, 38, 5.14 W
1788704126.043567876,0 %, 208 MHz, 38, 5.14 W
1788704126.145013210,0 %, 208 MHz, 38, 5.14 W
1788704126.245302778,0 %, 208 MHz, 38, 5.14 W
1788704126.346019228,0 %, 208 MHz, 38, 5.14 W
1788704126.446811549,0 %, 208 MHz, 38, 5.14 W
1788704126.547719923,0 %, 208 MHz, 38, 5.14 W
1788704126.648507811,0 %, 208 MHz, 38, 5.14 W
1788704126.749370021,0 %, 208 MHz, 38, 5.14 W
1788704126.849234244,0 %, 208 MHz, 38, 5.14 W
1788704126.948918819,0 %, 208 MHz, 38, 5.12 W
1788704127.049121619,0 %, 208 MHz, 38, 5.12 W
1788704127.149055059,0 %, 208 MHz, 38, 5.12 W
1788704127.249963317,0 %, 208 MHz, 38, 5.12 W
1788704127.349620436,0 %, 208 MHz, 38, 5.12 W
1788704127.449855684,0 %, 208 MHz, 38, 5.15 W
1788704127.551099655,0 %, 208 MHz, 38, 5.15 W
1788704127.650853446,0 %, 208 MHz, 38, 5.15 W
1788704127.753055212,0 %, 208 MHz, 38, 5.15 W
1788704127.851960185,0 %, 208 MHz, 38, 5.15 W
1788704127.952102553,0 %, 208 MHz, 38, 5.19 W
1788704128.052813835,0 %, 208 MHz, 38, 5.19 W
1788704128.152671450,0 %, 208 MHz, 38, 5.19 W
1788704128.253048106,0 %, 208 MHz, 38, 5.19 W
1788704128.353655020,0 %, 208 MHz, 38, 5.19 W
1788704128.455916641,0 %, 208 MHz, 38, 5.19 W
1788704128.556226850,0 %, 208 MHz, 38, 5.19 W
1788704128.657340005,0 %, 208 MHz, 38, 5.19 W
1788704128.757675288,0 %, 208 MHz, 38, 5.19 W
1788704128.858725049,0 %, 208 MHz, 38, 5.19 W
1788704128.959845933,0 %, 208 MHz, 38, 5.12 W
1788704129.060168586,0 %, 208 MHz, 38, 5.12 W
1788704129.160971551,0 %, 208 MHz, 38, 5.12 W
1788704129.262281010,0 %, 208 MHz, 38, 5.12 W
1788704129.362786885,0 %, 208 MHz, 38, 5.12 W
1788704129.463465172,0 %, 208 MHz, 38, 5.12 W
1788704129.564967243,0 %, 208 MHz, 38, 5.12 W
1788704129.665424137,0 %, 208 MHz, 38, 5.12 W
1788704129.765606759,0 %, 208 MHz, 38, 5.12 W
1788704129.866824058,0 %, 208 MHz, 38, 5.12 W
1788704129.967431951,0 %, 208 MHz, 38, 5.12 W
1788704130.068839042,0 %, 208 MHz, 38, 5.12 W
1788704130.168911170,0 %, 208 MHz, 38, 5.12 W
1788704130.269745460,0 %, 208 MHz, 38, 5.12 W
1788704130.370361012,0 %, 208 MHz, 38, 5.12 W
1788704130.471346040,0 %, 208 MHz, 38, 5.12 W
1788704130.572196328,0 %, 208 MHz, 38, 5.12 W
1788704130.673122235,0 %, 208 MHz, 38, 5.12 W
1788704130.774189436,0 %, 208 MHz, 38, 5.12 W
1788704130.874349646,0 %, 208 MHz, 38, 5.12 W
1788704130.975619183,0 %, 208 MHz, 38, 5.07 W
1788704131.075997107,0 %, 208 MHz, 38, 5.07 W
1788704131.176647427,0 %, 208 MHz, 38, 5.07 W
1788704131.278093238,0 %, 208 MHz, 38, 5.07 W
1788704131.378466979,0 %, 208 MHz, 38, 5.07 W
1788704131.479431212,0 %, 208 MHz, 38, 5.07 W
1788704131.579977303,0 %, 208 MHz, 38, 5.07 W
1788704131.680974298,0 %, 208 MHz, 38, 5.07 W
1788704131.782080815,0 %, 208 MHz, 38, 5.07 W
1788704131.882815506,0 %, 208 MHz, 38, 5.07 W
1788704131.983520193,0 %, 208 MHz, 38, 5.07 W
1788704132.084592692,0 %, 208 MHz, 38, 5.07 W
1788704132.183895840,0 %, 208 MHz, 38, 5.07 W
1788704132.283641919,0 %, 208 MHz, 38, 5.07 W
1788704132.384183104,0 %, 208 MHz, 38, 5.07 W
1788704132.485880774,0 %, 208 MHz, 38, 5.07 W
1788704132.585810468,0 %, 208 MHz, 38, 5.07 W
1788704132.686634936,0 %, 208 MHz, 38, 5.07 W
1788704132.787506247,0 %, 208 MHz, 38, 5.07 W
1788704132.888293677,0 %, 208 MHz, 38, 5.07 W
1788704132.988635161,0 %, 208 MHz, 38, 5.08 W
1788704133.088601176,0 %, 208 MHz, 38, 5.08 W
1788704133.189085385,0 %, 208 MHz, 38, 5.08 W
1788704133.289673290,0 %, 208 MHz, 38, 5.08 W
1788704133.390528510,0 %, 208 MHz, 38, 5.08 W
1788704133.490803100,0 %, 208 MHz, 38, 5.08 W
1788704133.590730651,0 %, 208 MHz, 38, 5.08 W
1788704133.691870990,0 %, 208 MHz, 38, 5.08 W
1788704133.791933759,0 %, 208 MHz, 38, 5.08 W
1788704133.892747264,0 %, 208 MHz, 38, 5.08 W
1788704133.993631553,0 %, 208 MHz, 38, 5.11 W
1788704134.093664207,0 %, 208 MHz, 38, 5.11 W
1788704134.194546386,0 %, 208 MHz, 38, 5.11 W
1788704134.294899073,0 %, 208 MHz, 38, 5.11 W
1788704134.395115217,0 %, 208 MHz, 38, 5.11 W
1788704134.495663842,0 %, 208 MHz, 38, 5.14 W
1788704134.596417859,0 %, 208 MHz, 38, 5.14 W
1788704134.696815555,0 %, 208 MHz, 38, 5.14 W
1788704134.797171747,0 %, 208 MHz, 38, 5.14 W
1788704134.897471043,0 %, 208 MHz, 38, 5.14 W
1788704134.998008900,0 %, 208 MHz, 38, 5.22 W
1788704135.098361732,0 %, 208 MHz, 38, 5.22 W
1788704135.198738228,0 %, 208 MHz, 38, 5.22 W
1788704135.299451509,0 %, 208 MHz, 38, 5.22 W
1788704135.399852950,0 %, 208 MHz, 38, 5.22 W
1788704135.500431270,0 %, 208 MHz, 38, 5.22 W
1788704135.600780070,0 %, 208 MHz, 38, 5.22 W
1788704135.701462968,0 %, 208 MHz, 38, 5.22 W
1788704135.801575015,0 %, 208 MHz, 38, 5.22 W
1788704135.901947351,0 %, 208 MHz, 38, 5.22 W
1788704136.002232551,0 %, 208 MHz, 38, 5.22 W
1788704136.102549255,0 %, 208 MHz, 38, 5.22 W
1788704136.202901095,0 %, 208 MHz, 38, 5.22 W
1788704136.303544504,0 %, 208 MHz, 38, 5.22 W
1788704136.403919544,0 %, 208 MHz, 38, 5.22 W
1788704136.504240136,0 %, 208 MHz, 38, 5.22 W
1788704136.604548808,0 %, 208 MHz, 38, 5.22 W
1788704136.705286745,0 %, 208 MHz, 38, 5.22 W
1788704136.805531832,0 %, 208 MHz, 38, 5.22 W
1788704136.905992633,0 %, 208 MHz, 38, 5.22 W
1788704137.006893914,0 %, 208 MHz, 38, 5.14 W
1788704137.106869193,0 %, 208 MHz, 38, 5.14 W
1788704137.207431146,0 %, 208 MHz, 38, 5.14 W
1788704137.307583369,0 %, 208 MHz, 38, 5.14 W
1788704137.407982313,0 %, 208 MHz, 38, 5.14 W
1788704137.508630826,0 %, 208 MHz, 38, 5.14 W
1788704137.609221850,0 %, 208 MHz, 38, 5.14 W
1788704137.709478234,0 %, 208 MHz, 38, 5.14 W
1788704137.809859546,0 %, 208 MHz, 38, 5.14 W
1788704137.910525867,0 %, 208 MHz, 38, 5.14 W
1788704138.010659754,0 %, 208 MHz, 38, 5.14 W
1788704138.111306043,0 %, 208 MHz, 38, 5.14 W
1788704138.211619419,0 %, 208 MHz, 38, 5.14 W
1788704138.312155483,0 %, 208 MHz, 38, 5.14 W
1788704138.412708220,0 %, 208 MHz, 38, 5.14 W
1788704138.512855035,0 %, 208 MHz, 38, 5.14 W
1788704138.613457291,0 %, 208 MHz, 38, 5.14 W
1788704138.713747643,0 %, 208 MHz, 38, 5.14 W
1788704138.813988202,0 %, 208 MHz, 38, 5.14 W
1788704138.914789004,0 %, 208 MHz, 38, 5.14 W
1788704139.014833707,0 %, 208 MHz, 38, 5.12 W
1788704139.115157258,0 %, 208 MHz, 38, 5.12 W
1788704139.216051980,0 %, 208 MHz, 38, 5.12 W
1788704139.316390859,0 %, 208 MHz, 38, 5.12 W
1788704139.416560811,0 %, 208 MHz, 38, 5.12 W
1788704139.516879370,0 %, 208 MHz, 38, 5.12 W
1788704139.617474347,0 %, 208 MHz, 38, 5.12 W
1788704139.717802122,0 %, 208 MHz, 38, 5.12 W
1788704139.818126826,0 %, 208 MHz, 38, 5.12 W
1788704139.918636394,0 %, 208 MHz, 38, 5.12 W
1788704140.018955786,0 %, 208 MHz, 38, 5.17 W
1788704140.119245241,0 %, 208 MHz, 38, 5.17 W
1788704140.219528681,0 %, 208 MHz, 38, 5.17 W
1788704140.320035257,0 %, 208 MHz, 38, 5.17 W
1788704140.420737594,0 %, 208 MHz, 38, 5.17 W
1788704140.520988297,0 %, 208 MHz, 38, 5.17 W
1788704140.621501145,0 %, 208 MHz, 38, 5.17 W
1788704140.721793497,0 %, 208 MHz, 38, 5.17 W
1788704140.822940747,0 %, 208 MHz, 38, 5.17 W
1788704140.921884374,0 %, 208 MHz, 38, 5.17 W
1788704141.022180854,0 %, 208 MHz, 38, 5.16 W
1788704141.122586710,0 %, 208 MHz, 38, 5.16 W
1788704141.222870901,0 %, 208 MHz, 38, 5.16 W
1788704141.323107668,0 %, 208 MHz, 38, 5.16 W
1788704141.423217139,0 %, 208 MHz, 38, 5.16 W
1788704141.524125636,0 %, 208 MHz, 38, 5.16 W
1788704141.623557729,0 %, 208 MHz, 38, 5.16 W
1788704141.724204082,0 %, 208 MHz, 38, 5.16 W
1788704141.824138704,0 %, 208 MHz, 38, 5.16 W
1788704141.925883876,0 %, 208 MHz, 38, 5.16 W
1788704142.026762596,0 %, 208 MHz, 38, 5.17 W
1788704142.127530087,0 %, 208 MHz, 38, 5.17 W
1788704142.228342651,0 %, 208 MHz, 38, 5.17 W
1788704142.328932903,0 %, 208 MHz, 38, 5.17 W
1788704142.428929193,0 %, 208 MHz, 38, 5.17 W
1788704142.530094246,0 %, 208 MHz, 38, 5.19 W
1788704142.631312410,0 %, 208 MHz, 38, 5.19 W
1788704142.732029691,0 %, 208 MHz, 38, 5.19 W
1788704142.832784443,0 %, 208 MHz, 38, 5.19 W
1788704142.933857183,0 %, 208 MHz, 38, 5.19 W
1788704143.034066285,0 %, 208 MHz, 38, 5.19 W
1788704143.135278720,0 %, 208 MHz, 38, 5.19 W
1788704143.235773121,0 %, 208 MHz, 38, 5.19 W
1788704143.336724672,0 %, 208 MHz, 38, 5.19 W
1788704143.437209935,0 %, 208 MHz, 38, 5.19 W
1788704143.538017667,0 %, 208 MHz, 38, 5.19 W
1788704143.639255010,0 %, 208 MHz, 38, 5.19 W
1788704143.740365157,0 %, 208 MHz, 38, 5.19 W
1788704143.840586068,0 %, 208 MHz, 38, 5.19 W
1788704143.941100547,0 %, 208 MHz, 38, 5.19 W
1788704144.041896407,0 %, 208 MHz, 38, 5.06 W
1788704144.142922756,0 %, 208 MHz, 38, 5.06 W
1788704144.243609621,0 %, 208 MHz, 38, 5.06 W
1788704144.344593273,0 %, 208 MHz, 38, 5.06 W
1788704144.444940149,0 %, 208 MHz, 38, 5.06 W
1788704144.546134742,0 %, 208 MHz, 38, 5.06 W
1788704144.647138761,0 %, 208 MHz, 38, 5.06 W
1788704144.747793755,0 %, 208 MHz, 38, 5.06 W
1788704144.848532601,0 %, 208 MHz, 38, 5.06 W
1788704144.949417531,0 %, 208 MHz, 38, 5.07 W
1788704145.050078220,0 %, 208 MHz, 38, 5.07 W
1788704145.150813228,0 %, 208 MHz, 38, 5.07 W
1788704145.251552670,0 %, 208 MHz, 38, 5.07 W
1788704145.352414845,0 %, 208 MHz, 38, 5.07 W
1788704145.452951086,0 %, 208 MHz, 38, 5.07 W
1788704145.553886894,0 %, 208 MHz, 38, 5.07 W
1788704145.654975969,0 %, 208 MHz, 38, 5.07 W
1788704145.755443902,0 %, 208 MHz, 38, 5.07 W
1788704145.856410274,0 %, 208 MHz, 38, 5.07 W
1788704145.957461874,0 %, 208 MHz, 38, 5.06 W
1788704146.057896720,0 %, 208 MHz, 38, 5.06 W
1788704146.158700738,0 %, 208 MHz, 38, 5.06 W
1788704146.259599667,0 %, 208 MHz, 38, 5.06 W
1788704146.360409508,0 %, 208 MHz, 38, 5.06 W
1788704146.461928183,0 %, 208 MHz, 38, 5.06 W
1788704146.562054195,0 %, 208 MHz, 38, 5.06 W
1788704146.663082902,0 %, 208 MHz, 38, 5.06 W
1788704146.764090967,0 %, 208 MHz, 38, 5.06 W
1788704146.863857173,0 %, 208 MHz, 38, 5.06 W
1788704146.965238744,0 %, 208 MHz, 38, 5.07 W
1788704147.065953097,0 %, 208 MHz, 38, 5.07 W
1788704147.165857107,0 %, 208 MHz, 38, 5.07 W
1788704147.267102471,0 %, 208 MHz, 38, 5.07 W
1788704147.367530310,0 %, 208 MHz, 38, 5.07 W
1788704147.468365591,0 %, 208 MHz, 38, 5.07 W
1788704147.569553707,0 %, 208 MHz, 38, 5.07 W
1788704147.670281017,0 %, 208 MHz, 38, 5.07 W
1788704147.771015051,0 %, 208 MHz, 38, 5.07 W
1788704147.871206072,0 %, 208 MHz, 38, 5.07 W
1788704147.971662762,0 %, 208 MHz, 38, 5.13 W
1788704148.072465574,0 %, 208 MHz, 38, 5.13 W
1788704148.173486827,0 %, 208 MHz, 38, 5.13 W
1788704148.274363547,0 %, 208 MHz, 38, 5.13 W
1788704148.374979192,0 %, 208 MHz, 38, 5.13 W
1788704148.476282220,0 %, 208 MHz, 38, 5.16 W
1788704148.577195377,0 %, 208 MHz, 38, 5.16 W
1788704148.676981018,0 %, 208 MHz, 38, 5.16 W
1788704148.777975788,0 %, 208 MHz, 38, 5.16 W
1788704148.879037696,0 %, 208 MHz, 38, 5.16 W
1788704148.979748764,0 %, 208 MHz, 38, 5.20 W
1788704149.080271401,0 %, 208 MHz, 38, 5.20 W
1788704149.181339325,0 %, 208 MHz, 38, 5.20 W
1788704149.282253855,0 %, 208 MHz, 38, 5.20 W
1788704149.382825277,0 %, 208 MHz, 38, 5.20 W
1788704149.483735805,0 %, 208 MHz, 38, 5.22 W
1788704149.584330433,0 %, 208 MHz, 38, 5.22 W
1788704149.685438910,0 %, 208 MHz, 38, 5.22 W
1788704149.786272253,0 %, 208 MHz, 38, 5.22 W
1788704149.887394320,0 %, 208 MHz, 38, 5.22 W
1788704149.987197229,0 %, 208 MHz, 38, 5.22 W
1788704150.088161345,0 %, 208 MHz, 38, 5.22 W
1788704150.188672798,0 %, 208 MHz, 38, 5.22 W
1788704150.289548685,0 %, 208 MHz, 38, 5.22 W
1788704150.390586032,0 %, 208 MHz, 38, 5.22 W
1788704150.491519775,0 %, 208 MHz, 38, 5.22 W
1788704150.592114511,0 %, 208 MHz, 38, 5.22 W
1788704150.693390033,0 %, 208 MHz, 38, 5.22 W
1788704150.793580446,0 %, 208 MHz, 38, 5.22 W
1788704150.894582545,0 %, 208 MHz, 38, 5.22 W
1788704150.995280449,0 %, 208 MHz, 37, 5.12 W
1788704151.096123474,0 %, 208 MHz, 37, 5.12 W
1788704151.197095651,0 %, 208 MHz, 37, 5.12 W
1788704151.297848850,0 %, 208 MHz, 37, 5.12 W
1788704151.398600416,0 %, 208 MHz, 37, 5.12 W
1788704151.499465793,0 %, 208 MHz, 37, 5.12 W
1788704151.600181282,0 %, 208 MHz, 37, 5.12 W
1788704151.700855618,0 %, 208 MHz, 37, 5.12 W
1788704151.801466463,0 %, 208 MHz, 37, 5.12 W
1788704151.901641312,0 %, 208 MHz, 37, 5.12 W
1788704152.002626179,0 %, 208 MHz, 37, 5.12 W
1788704152.103321200,0 %, 208 MHz, 37, 5.12 W
1788704152.204330576,0 %, 208 MHz, 37, 5.12 W
1788704152.305204514,0 %, 208 MHz, 37, 5.12 W
1788704152.405807984,0 %, 208 MHz, 37, 5.12 W
1788704152.506073951,0 %, 208 MHz, 37, 5.12 W
1788704152.605471067,0 %, 208 MHz, 37, 5.12 W
1788704152.706088027,0 %, 208 MHz, 37, 5.12 W
1788704152.806127193,0 %, 208 MHz, 37, 5.12 W
1788704152.907790700,0 %, 208 MHz, 37, 5.12 W
1788704153.008783772,0 %, 208 MHz, 37, 5.12 W
1788704153.109424560,0 %, 208 MHz, 37, 5.12 W
1788704153.210046635,0 %, 208 MHz, 37, 5.12 W
1788704153.310115870,0 %, 208 MHz, 37, 5.12 W
1788704153.411102507,0 %, 208 MHz, 37, 5.12 W
1788704153.511646119,0 %, 208 MHz, 37, 5.12 W
1788704153.612891115,0 %, 208 MHz, 37, 5.12 W
1788704153.714046651,0 %, 208 MHz, 37, 5.12 W
1788704153.813736103,0 %, 208 MHz, 37, 5.12 W
1788704153.914674904,0 %, 208 MHz, 37, 5.12 W
1788704154.015389577,0 %, 208 MHz, 37, 5.09 W
1788704154.116326349,0 %, 208 MHz, 37, 5.09 W
1788704154.216913977,0 %, 208 MHz, 37, 5.09 W
1788704154.318155896,0 %, 208 MHz, 37, 5.09 W
1788704154.418956506,0 %, 208 MHz, 37, 5.09 W
1788704154.519663961,0 %, 208 MHz, 37, 5.09 W
1788704154.620317496,0 %, 208 MHz, 37, 5.09 W
1788704154.720916298,0 %, 208 MHz, 37, 5.09 W
1788704154.822176088,0 %, 208 MHz, 37, 5.09 W
1788704154.922853560,0 %, 208 MHz, 37, 5.09 W
1788704155.023424329,0 %, 208 MHz, 37, 5.08 W
1788704155.124661451,0 %, 208 MHz, 37, 5.08 W
1788704155.225183735,0 %, 208 MHz, 37, 5.08 W
1788704155.326175447,0 %, 208 MHz, 37, 5.08 W
1788704155.426834214,0 %, 208 MHz, 37, 5.08 W
1788704155.527455879,0 %, 208 MHz, 37, 5.08 W
1788704155.627741749,0 %, 208 MHz, 37, 5.08 W
1788704155.728581718,0 %, 208 MHz, 37, 5.08 W
1788704155.829307030,0 %, 208 MHz, 37, 5.08 W
1788704155.929396195,0 %, 208 MHz, 37, 5.08 W
1788704156.028606622,0 %, 208 MHz, 37, 5.13 W
1788704156.128665804,0 %, 208 MHz, 37, 5.13 W
1788704156.228897482,0 %, 208 MHz, 37, 5.13 W
1788704156.331018158,0 %, 208 MHz, 37, 5.13 W
1788704156.431629872,0 %, 208 MHz, 37, 5.13 W
1788704156.532496301,0 %, 208 MHz, 37, 5.21 W
1788704156.633078877,0 %, 208 MHz, 37, 5.21 W
1788704156.733103851,0 %, 208 MHz, 37, 5.21 W
1788704156.834421885,0 %, 208 MHz, 37, 5.21 W
1788704156.934995497,0 %, 208 MHz, 37, 5.21 W
1788704157.036058347,0 %, 208 MHz, 37, 5.21 W
1788704157.136680585,0 %, 208 MHz, 37, 5.21 W
1788704157.237509627,0 %, 208 MHz, 37, 5.21 W
1788704157.338389324,0 %, 208 MHz, 37, 5.21 W
1788704157.438959400,0 %, 208 MHz, 37, 5.21 W
1788704157.539985192,0 %, 208 MHz, 37, 5.21 W
1788704157.640956458,0 %, 208 MHz, 37, 5.21 W
1788704157.742260733,0 %, 208 MHz, 37, 5.21 W
1788704157.842454601,0 %, 208 MHz, 37, 5.21 W
1788704157.943191258,0 %, 208 MHz, 37, 5.21 W
1788704158.043987018,0 %, 208 MHz, 37, 5.08 W
1788704158.144674727,0 %, 208 MHz, 37, 5.08 W
1788704158.245440871,0 %, 208 MHz, 37, 5.08 W
1788704158.346314183,0 %, 208 MHz, 37, 5.08 W
1788704158.447204440,0 %, 208 MHz, 37, 5.08 W
1788704158.547333366,0 %, 208 MHz, 37, 5.08 W
1788704158.648371173,0 %, 208 MHz, 37, 5.08 W
1788704158.748842388,0 %, 208 MHz, 37, 5.08 W
1788704158.849855796,0 %, 208 MHz, 37, 5.08 W
1788704158.950629557,0 %, 208 MHz, 37, 5.07 W
1788704159.051540917,0 %, 208 MHz, 37, 5.07 W
1788704159.152115256,0 %, 208 MHz, 37, 5.07 W
1788704159.252829812,0 %, 208 MHz, 37, 5.07 W
1788704159.353591411,0 %, 208 MHz, 37, 5.07 W
1788704159.453733406,0 %, 208 MHz, 37, 5.07 W
1788704159.555023522,0 %, 208 MHz, 37, 5.07 W
1788704159.655650063,0 %, 208 MHz, 37, 5.07 W
1788704159.756228781,0 %, 208 MHz, 37, 5.07 W
1788704159.857550271,0 %, 208 MHz, 37, 5.07 W
1788704159.957954382,0 %, 208 MHz, 37, 5.06 W
1788704160.058981566,0 %, 208 MHz, 37, 5.06 W
1788704160.159606780,0 %, 208 MHz, 37, 5.06 W
1788704160.260199036,0 %, 208 MHz, 37, 5.06 W
1788704160.361296620,0 %, 208 MHz, 37, 5.06 W
1788704160.461659754,0 %, 208 MHz, 37, 5.07 W
1788704160.562908075,0 %, 208 MHz, 37, 5.07 W
1788704160.663581962,0 %, 208 MHz, 37, 5.07 W
1788704160.764353290,0 %, 208 MHz, 37, 5.07 W
1788704160.865250168,0 %, 208 MHz, 37, 5.07 W
1788704160.965636120,0 %, 208 MHz, 37, 5.09 W
1788704161.066640376,0 %, 208 MHz, 37, 5.09 W
1788704161.167523148,0 %, 208 MHz, 37, 5.09 W
1788704161.268339672,0 %, 208 MHz, 37, 5.09 W
1788704161.369222600,0 %, 208 MHz, 37, 5.09 W
1788704161.469860440,0 %, 208 MHz, 37, 5.11 W
1788704161.570879015,0 %, 208 MHz, 37, 5.11 W
1788704161.671518197,0 %, 208 MHz, 37, 5.11 W
1788704161.772310309,0 %, 208 MHz, 37, 5.11 W
1788704161.873131347,0 %, 208 MHz, 37, 5.11 W
1788704161.974070933,0 %, 208 MHz, 37, 5.11 W
1788704162.074592513,0 %, 208 MHz, 37, 5.11 W
1788704162.175278416,0 %, 208 MHz, 37, 5.11 W
1788704162.276308578,0 %, 208 MHz, 37, 5.11 W
1788704162.377102533,0 %, 208 MHz, 37, 5.11 W
1788704162.477870225,0 %, 208 MHz, 37, 5.11 W
1788704162.578551668,0 %, 208 MHz, 37, 5.11 W
1788704162.679883762,0 %, 208 MHz, 37, 5.11 W
1788704162.780269230,0 %, 208 MHz, 37, 5.11 W
1788704162.881091457,0 %, 208 MHz, 37, 5.11 W
1788704162.980845691,0 %, 208 MHz, 37, 5.12 W
1788704163.081948716,0 %, 208 MHz, 37, 5.12 W
1788704163.182759385,0 %, 208 MHz, 37, 5.12 W
1788704163.283767853,0 %, 208 MHz, 37, 5.12 W
1788704163.384462233,0 %, 208 MHz, 37, 5.12 W
1788704163.485882413,0 %, 208 MHz, 37, 5.14 W
1788704163.586086088,0 %, 208 MHz, 37, 5.14 W
1788704163.686893319,0 %, 208 MHz, 37, 5.14 W
1788704163.787714040,0 %, 208 MHz, 37, 5.14 W
1788704163.888348469,0 %, 208 MHz, 37, 5.14 W
1788704163.989395573,0 %, 208 MHz, 37, 5.21 W
1788704164.089876885,0 %, 208 MHz, 37, 5.21 W
1788704164.190673522,0 %, 208 MHz, 37, 5.21 W
1788704164.291666930,0 %, 208 MHz, 37, 5.21 W
1788704164.392375411,0 %, 208 MHz, 37, 5.21 W
1788704164.493365921,0 %, 208 MHz, 37, 5.21 W
1788704164.594192017,0 %, 208 MHz, 37, 5.21 W
1788704164.695123397,0 %, 208 MHz, 37, 5.21 W
1788704164.795854945,0 %, 208 MHz, 37, 5.21 W
1788704164.896342685,0 %, 208 MHz, 37, 5.21 W
1788704164.996567534,0 %, 208 MHz, 37, 5.11 W
1788704165.097341915,0 %, 208 MHz, 37, 5.11 W
1788704165.198560442,0 %, 208 MHz, 37, 5.11 W
1788704165.299268539,0 %, 208 MHz, 37, 5.11 W
1788704165.399848535,0 %, 208 MHz, 37, 5.11 W
1788704165.500672297,0 %, 208 MHz, 37, 5.11 W
1788704165.601327382,0 %, 208 MHz, 37, 5.11 W
1788704165.703193737,0 %, 208 MHz, 37, 5.11 W
1788704165.803243669,0 %, 208 MHz, 37, 5.11 W
1788704165.903675638,0 %, 208 MHz, 37, 5.11 W
1788704166.005039028,0 %, 208 MHz, 37, 5.13 W
1788704166.105277650,0 %, 208 MHz, 37, 5.13 W
1788704166.206474531,0 %, 208 MHz, 37, 5.13 W
1788704166.306971728,0 %, 208 MHz, 37, 5.13 W
1788704166.407745280,0 %, 208 MHz, 37, 5.13 W
1788704166.508800287,0 %, 208 MHz, 37, 5.13 W
1788704166.609394289,0 %, 208 MHz, 37, 5.13 W
1788704166.710200894,0 %, 208 MHz, 37, 5.13 W
1788704166.810993807,0 %, 208 MHz, 37, 5.13 W
1788704166.911923100,0 %, 208 MHz, 37, 5.13 W
1788704167.012707099,0 %, 208 MHz, 37, 5.14 W
1788704167.113612541,0 %, 208 MHz, 37, 5.14 W
1788704167.214433145,0 %, 208 MHz, 37, 5.14 W
1788704167.314908010,0 %, 208 MHz, 37, 5.14 W
1788704167.415928967,0 %, 208 MHz, 37, 5.14 W
1788704167.516729156,0 %, 208 MHz, 37, 5.14 W
1788704167.617681221,0 %, 208 MHz, 37, 5.14 W
1788704167.718459269,0 %, 208 MHz, 37, 5.14 W
1788704167.819243254,0 %, 208 MHz, 37, 5.14 W
1788704167.919212336,0 %, 208 MHz, 37, 5.14 W
1788704168.020123550,0 %, 208 MHz, 37, 5.13 W
1788704168.121108862,0 %, 208 MHz, 37, 5.13 W
1788704168.221790203,0 %, 208 MHz, 37, 5.13 W
1788704168.322389883,0 %, 208 MHz, 37, 5.13 W
1788704168.423604411,0 %, 208 MHz, 37, 5.13 W
1788704168.524107837,0 %, 208 MHz, 37, 5.13 W
1788704168.624257944,0 %, 208 MHz, 37, 5.13 W
1788704168.725114004,0 %, 208 MHz, 37, 5.13 W
1788704168.826145301,0 %, 208 MHz, 37, 5.13 W
1788704168.926059393,0 %, 208 MHz, 37, 5.13 W
1788704169.026705488,0 %, 208 MHz, 37, 5.08 W
1788704169.127962592,0 %, 208 MHz, 37, 5.08 W
1788704169.228449580,0 %, 208 MHz, 37, 5.08 W
1788704169.329364080,0 %, 208 MHz, 37, 5.08 W
1788704169.430496269,0 %, 208 MHz, 37, 5.08 W
1788704169.530642715,0 %, 208 MHz, 37, 5.08 W
1788704169.631630377,0 %, 208 MHz, 37, 5.08 W
1788704169.732391739,0 %, 208 MHz, 37, 5.08 W
1788704169.833118599,0 %, 208 MHz, 37, 5.08 W
1788704169.934397675,0 %, 208 MHz, 37, 5.08 W
1788704170.034593813,0 %, 208 MHz, 37, 5.13 W
1788704170.134751953,0 %, 208 MHz, 37, 5.13 W
1788704170.236041377,0 %, 208 MHz, 37, 5.13 W
1788704170.336476528,0 %, 208 MHz, 37, 5.13 W
1788704170.437442705,0 %, 208 MHz, 37, 5.13 W
1788704170.538320221,0 %, 208 MHz, 37, 5.14 W
1788704170.638967627,0 %, 208 MHz, 37, 5.14 W
1788704170.739746683,0 %, 208 MHz, 37, 5.14 W
1788704170.840444364,0 %, 208 MHz, 37, 5.14 W
1788704170.941352457,0 %, 208 MHz, 37, 5.14 W
1788704171.042068216,0 %, 208 MHz, 37, 5.17 W
1788704171.142819222,0 %, 208 MHz, 37, 5.17 W
1788704171.243632371,0 %, 208 MHz, 37, 5.17 W
1788704171.344290052,0 %, 208 MHz, 37, 5.17 W
1788704171.445084609,0 %, 208 MHz, 37, 5.17 W
1788704171.545892229,0 %, 208 MHz, 37, 5.17 W
1788704171.646763218,0 %, 208 MHz, 37, 5.17 W
1788704171.747598238,0 %, 208 MHz, 37, 5.17 W
1788704171.848908158,0 %, 208 MHz, 37, 5.17 W
1788704171.949161180,0 %, 208 MHz, 37, 5.17 W
1788704172.049766825,0 %, 208 MHz, 37, 5.17 W
1788704172.149799974,0 %, 208 MHz, 37, 5.17 W
1788704172.250773748,0 %, 208 MHz, 37, 5.17 W
1788704172.351969765,0 %, 208 MHz, 37, 5.17 W
1788704172.455083103,0 %, 208 MHz, 37, 5.17 W
1788704172.555738331,0 %, 208 MHz, 37, 5.17 W
1788704172.656813624,0 %, 208 MHz, 37, 5.17 W
1788704172.757584869,0 %, 208 MHz, 37, 5.17 W
1788704172.858457943,0 %, 208 MHz, 37, 5.17 W
1788704172.959282660,0 %, 208 MHz, 36, 5.13 W
1788704173.058753742,0 %, 208 MHz, 36, 5.13 W
1788704173.158808523,0 %, 208 MHz, 36, 5.13 W
1788704173.258854023,0 %, 208 MHz, 36, 5.13 W
1788704173.360624986,0 %, 208 MHz, 36, 5.13 W
1788704173.461554439,0 %, 208 MHz, 36, 5.13 W
1788704173.562400870,0 %, 208 MHz, 36, 5.13 W
1788704173.661760913,0 %, 208 MHz, 36, 5.13 W
1788704173.762015279,0 %, 208 MHz, 36, 5.13 W
1788704173.862046073,0 %, 208 MHz, 36, 5.13 W
1788704173.962047766,0 %, 208 MHz, 36, 5.15 W
1788704174.062026146,0 %, 208 MHz, 36, 5.15 W
1788704174.163598338,0 %, 208 MHz, 36, 5.15 W
1788704174.263024223,0 %, 208 MHz, 36, 5.15 W
1788704174.362852073,0 %, 208 MHz, 36, 5.15 W
1788704174.462971797,0 %, 208 MHz, 36, 5.15 W
1788704174.564500070,0 %, 208 MHz, 36, 5.15 W
1788704174.663841824,0 %, 208 MHz, 36, 5.15 W
1788704174.763939276,0 %, 208 MHz, 36, 5.15 W
1788704174.865663869,0 %, 208 MHz, 36, 5.15 W
1788704174.966633614,0 %, 208 MHz, 37, 5.12 W
1788704175.067361643,0 %, 208 MHz, 37, 5.12 W
1788704175.168120953,0 %, 208 MHz, 37, 5.12 W
1788704175.268819068,0 %, 208 MHz, 37, 5.12 W
1788704175.369629561,0 %, 208 MHz, 37, 5.12 W
1788704175.470587270,0 %, 208 MHz, 37, 5.12 W
1788704175.571292082,0 %, 208 MHz, 37, 5.12 W
1788704175.672955284,0 %, 208 MHz, 37, 5.12 W
1788704175.773455649,0 %, 208 MHz, 37, 5.12 W
1788704175.873907954,0 %, 208 MHz, 37, 5.12 W
1788704175.974687630,0 %, 208 MHz, 36, 5.06 W
1788704176.075720971,0 %, 208 MHz, 36, 5.06 W
1788704176.176437344,0 %, 208 MHz, 36, 5.06 W
1788704176.277377469,0 %, 208 MHz, 36, 5.06 W
1788704176.378241737,0 %, 208 MHz, 36, 5.06 W
1788704176.478665781,0 %, 208 MHz, 36, 5.06 W
1788704176.579649095,0 %, 208 MHz, 36, 5.06 W
1788704176.680578708,0 %, 208 MHz, 36, 5.06 W
1788704176.781372065,0 %, 208 MHz, 36, 5.06 W
1788704176.882279616,0 %, 208 MHz, 36, 5.06 W
1788704176.982513916,0 %, 208 MHz, 36, 5.06 W
1788704177.083168701,0 %, 208 MHz, 36, 5.06 W
1788704177.184018201,0 %, 208 MHz, 36, 5.06 W
1788704177.285013272,0 %, 208 MHz, 36, 5.06 W
1788704177.385741897,0 %, 208 MHz, 36, 5.06 W
1788704177.486483013,0 %, 208 MHz, 36, 5.08 W
1788704177.587142513,0 %, 208 MHz, 36, 5.08 W
1788704177.689054392,0 %, 208 MHz, 36, 5.08 W
1788704177.789243811,0 %, 208 MHz, 36, 5.08 W
1788704177.890067695,0 %, 208 MHz, 36, 5.08 W
1788704177.990468827,0 %, 208 MHz, 36, 5.14 W
1788704178.090760856,0 %, 208 MHz, 36, 5.14 W
1788704178.192380364,0 %, 208 MHz, 36, 5.14 W
1788704178.293191961,0 %, 208 MHz, 36, 5.14 W
1788704178.394111638,0 %, 208 MHz, 36, 5.14 W
1788704178.494671843,0 %, 208 MHz, 36, 5.14 W
1788704178.595468676,0 %, 208 MHz, 36, 5.14 W
1788704178.696158512,0 %, 208 MHz, 36, 5.14 W
1788704178.796844846,0 %, 208 MHz, 36, 5.14 W
1788704178.896515080,0 %, 208 MHz, 36, 5.14 W
1788704178.997496486,0 %, 208 MHz, 36, 5.14 W
1788704179.098568325,0 %, 208 MHz, 36, 5.14 W
1788704179.199441030,0 %, 208 MHz, 36, 5.14 W
1788704179.300194306,0 %, 208 MHz, 36, 5.14 W
1788704179.400937904,0 %, 208 MHz, 36, 5.14 W
1788704179.500367018,0 %, 208 MHz, 36, 5.14 W
1788704179.601040328,0 %, 208 MHz, 36, 5.14 W
1788704179.701155556,0 %, 208 MHz, 36, 5.14 W
1788704179.802799140,0 %, 208 MHz, 36, 5.14 W
1788704179.903094660,0 %, 208 MHz, 36, 5.14 W
1788704180.004329106,0 %, 208 MHz, 36, 5.05 W
1788704180.104391036,0 %, 208 MHz, 36, 5.05 W
1788704180.205774604,0 %, 208 MHz, 36, 5.05 W
1788704180.306263150,0 %, 208 MHz, 36, 5.05 W
1788704180.407049579,0 %, 208 MHz, 36, 5.05 W
1788704180.508038696,0 %, 208 MHz, 36, 5.05 W
1788704180.607666113,0 %, 208 MHz, 36, 5.05 W
1788704180.708573231,0 %, 208 MHz, 36, 5.05 W
1788704180.809364925,0 %, 208 MHz, 36, 5.05 W
1788704180.908847079,0 %, 208 MHz, 36, 5.05 W
1788704181.009301460,0 %, 208 MHz, 36, 5.07 W
1788704181.109913969,0 %, 208 MHz, 36, 5.07 W
1788704181.210237598,0 %, 208 MHz, 36, 5.07 W
1788704181.310613483,0 %, 208 MHz, 36, 5.07 W
1788704181.410948151,0 %, 208 MHz, 36, 5.07 W
1788704181.511406132,0 %, 208 MHz, 36, 5.07 W
1788704181.612066610,0 %, 208 MHz, 36, 5.07 W
1788704181.712470175,0 %, 208 MHz, 36, 5.07 W
1788704181.812826267,0 %, 208 MHz, 36, 5.07 W
1788704181.913303384,0 %, 208 MHz, 36, 5.07 W
1788704182.013961094,0 %, 208 MHz, 36, 5.17 W
1788704182.114270739,0 %, 208 MHz, 36, 5.17 W
1788704182.214781008,0 %, 208 MHz, 36, 5.17 W
1788704182.315264077,0 %, 208 MHz, 36, 5.17 W
1788704182.415659865,0 %, 208 MHz, 36, 5.17 W
1788704182.516087142,0 %, 208 MHz, 36, 5.17 W
1788704182.616519059,0 %, 208 MHz, 36, 5.17 W
1788704182.717003984,0 %, 208 MHz, 36, 5.17 W
1788704182.817423037,0 %, 208 MHz, 36, 5.17 W
1788704182.917880298,0 %, 208 MHz, 36, 5.17 W
1788704183.018358375,0 %, 208 MHz, 37, 5.15 W
1788704183.118780163,0 %, 208 MHz, 37, 5.15 W
1788704183.219671761,0 %, 208 MHz, 37, 5.15 W
1788704183.320229199,0 %, 208 MHz, 37, 5.15 W
1788704183.420394538,0 %, 208 MHz, 37, 5.15 W
1788704183.521054888,0 %, 208 MHz, 37, 5.15 W
1788704183.621287268,0 %, 208 MHz, 37, 5.15 W
1788704183.721909073,0 %, 208 MHz, 37, 5.15 W
1788704183.822304910,0 %, 208 MHz, 37, 5.15 W
1788704183.922329434,0 %, 208 MHz, 37, 5.15 W
1788704184.022921799,0 %, 208 MHz, 37, 5.12 W
1788704184.123125427,0 %, 208 MHz, 37, 5.12 W
1788704184.223619472,0 %, 208 MHz, 37, 5.12 W
1788704184.324000076,0 %, 208 MHz, 37, 5.12 W
1788704184.424247673,0 %, 208 MHz, 37, 5.12 W
1788704184.524322548,0 %, 208 MHz, 37, 5.15 W
1788704184.624813841,0 %, 208 MHz, 37, 5.15 W
1788704184.724624732,0 %, 208 MHz, 37, 5.15 W
1788704184.824824280,0 %, 208 MHz, 37, 5.15 W
1788704184.925204228,0 %, 208 MHz, 37, 5.15 W
1788704185.025974882,0 %, 208 MHz, 37, 5.19 W
1788704185.126283854,0 %, 208 MHz, 37, 5.19 W
1788704185.226815803,0 %, 208 MHz, 37, 5.19 W
1788704185.327005287,0 %, 208 MHz, 37, 5.19 W
1788704185.427392836,0 %, 208 MHz, 37, 5.19 W
1788704185.527835920,0 %, 208 MHz, 37, 5.22 W
1788704185.628415965,0 %, 208 MHz, 37, 5.22 W
1788704185.728616585,0 %, 208 MHz, 37, 5.22 W
1788704185.829552855,0 %, 208 MHz, 37, 5.22 W
1788704185.929880724,0 %, 208 MHz, 37, 5.22 W
1788704186.030334784,0 %, 208 MHz, 37, 5.22 W
1788704186.130827325,0 %, 208 MHz, 37, 5.22 W
1788704186.231336234,0 %, 208 MHz, 37, 5.22 W
1788704186.331978903,0 %, 208 MHz, 37, 5.22 W
1788704186.431923522,0 %, 208 MHz, 37, 5.22 W
1788704186.532081806,0 %, 208 MHz, 37, 5.22 W
1788704186.632499610,0 %, 208 MHz, 37, 5.22 W
1788704186.732754150,0 %, 208 MHz, 37, 5.22 W
1788704186.833167027,0 %, 208 MHz, 37, 5.22 W
1788704186.933377535,0 %, 208 MHz, 37, 5.22 W
1788704187.033904060,0 %, 208 MHz, 37, 5.17 W
1788704187.134338872,0 %, 208 MHz, 37, 5.17 W
1788704187.234502388,0 %, 208 MHz, 37, 5.17 W
1788704187.334633039,0 %, 208 MHz, 37, 5.17 W
1788704187.434444730,0 %, 208 MHz, 37, 5.17 W
1788704187.534924279,0 %, 208 MHz, 37, 5.17 W
1788704187.635008242,0 %, 208 MHz, 37, 5.17 W
1788704187.735187630,0 %, 208 MHz, 37, 5.17 W
1788704187.835255337,0 %, 208 MHz, 37, 5.17 W
1788704187.935474517,0 %, 208 MHz, 37, 5.17 W
1788704188.035256319,0 %, 208 MHz, 37, 5.17 W
1788704188.135343787,0 %, 208 MHz, 37, 5.17 W
1788704188.235930696,0 %, 208 MHz, 37, 5.17 W
1788704188.337429255,0 %, 208 MHz, 37, 5.17 W
1788704188.436867793,0 %, 208 MHz, 37, 5.17 W
1788704188.537186157,0 %, 208 MHz, 37, 5.17 W
1788704188.637347240,0 %, 208 MHz, 37, 5.17 W
1788704188.738006952,0 %, 208 MHz, 37, 5.17 W
1788704188.838818852,0 %, 208 MHz, 37, 5.17 W
1788704188.939809025,0 %, 208 MHz, 37, 5.17 W
1788704189.040511392,0 %, 208 MHz, 37, 5.13 W
1788704189.141324381,0 %, 208 MHz, 37, 5.13 W
1788704189.242523531,0 %, 208 MHz, 37, 5.13 W
1788704189.342035892,0 %, 208 MHz, 37, 5.13 W
1788704189.443010516,0 %, 208 MHz, 37, 5.13 W
1788704189.544027842,0 %, 208 MHz, 37, 5.13 W
1788704189.644894014,0 %, 208 MHz, 37, 5.13 W
1788704189.745433162,0 %, 208 MHz, 37, 5.13 W
1788704189.846473400,0 %, 208 MHz, 37, 5.13 W
1788704189.948413420,0 %, 208 MHz, 37, 5.13 W
1788704190.047439091,0 %, 208 MHz, 37, 5.12 W
1788704190.148531648,0 %, 208 MHz, 37, 5.12 W
1788704190.249361853,0 %, 208 MHz, 37, 5.12 W
1788704190.350010879,0 %, 208 MHz, 37, 5.12 W
1788704190.450866492,0 %, 208 MHz, 37, 5.12 W
1788704190.551829337,0 %, 208 MHz, 37, 5.12 W
1788704190.652739973,0 %, 208 MHz, 37, 5.12 W
1788704190.754029203,0 %, 208 MHz, 37, 5.12 W
1788704190.854558495,0 %, 208 MHz, 37, 5.12 W
1788704190.955276732,0 %, 208 MHz, 37, 5.12 W
1788704191.055858648,0 %, 208 MHz, 37, 5.12 W
1788704191.156669862,0 %, 208 MHz, 37, 5.12 W
1788704191.257633844,0 %, 208 MHz, 37, 5.12 W
1788704191.358339920,0 %, 208 MHz, 37, 5.12 W
1788704191.459152813,0 %, 208 MHz, 37, 5.12 W
1788704191.559997707,0 %, 208 MHz, 37, 5.13 W
1788704191.660653321,0 %, 208 MHz, 37, 5.13 W
1788704191.762062583,0 %, 208 MHz, 37, 5.13 W
1788704191.862286485,0 %, 208 MHz, 37, 5.13 W
1788704191.963058081,0 %, 208 MHz, 37, 5.17 W
1788704192.063764317,0 %, 208 MHz, 37, 5.17 W
1788704192.165024252,0 %, 208 MHz, 37, 5.17 W
1788704192.265401719,0 %, 208 MHz, 37, 5.17 W
1788704192.366412187,0 %, 208 MHz, 37, 5.17 W
1788704192.467209016,0 %, 208 MHz, 37, 5.20 W
1788704192.567907604,0 %, 208 MHz, 37, 5.20 W
1788704192.668987041,0 %, 208 MHz, 37, 5.20 W
1788704192.769522012,0 %, 208 MHz, 37, 5.20 W
1788704192.870348217,0 %, 208 MHz, 37, 5.20 W
1788704192.970746324,0 %, 208 MHz, 37, 5.20 W
1788704193.071559633,0 %, 208 MHz, 37, 5.20 W
1788704193.172292877,0 %, 208 MHz, 37, 5.20 W
1788704193.271846647,0 %, 208 MHz, 37, 5.20 W
1788704193.372022114,0 %, 208 MHz, 37, 5.20 W
1788704193.472126541,0 %, 208 MHz, 37, 5.20 W
1788704193.572149656,0 %, 208 MHz, 37, 5.20 W
1788704193.674006872,0 %, 208 MHz, 37, 5.20 W
1788704193.774642293,0 %, 208 MHz, 37, 5.20 W
1788704193.874868400,0 %, 208 MHz, 37, 5.20 W
1788704193.976265408,0 %, 208 MHz, 37, 5.10 W
1788704194.076985644,0 %, 208 MHz, 37, 5.10 W
1788704194.176907193,0 %, 208 MHz, 37, 5.10 W
1788704194.278088902,0 %, 208 MHz, 37, 5.10 W
1788704194.378860547,0 %, 208 MHz, 37, 5.10 W
1788704194.479610079,0 %, 208 MHz, 37, 5.10 W
1788704194.580567182,0 %, 208 MHz, 37, 5.10 W
1788704194.681087401,0 %, 208 MHz, 37, 5.10 W
1788704194.781865462,0 %, 208 MHz, 37, 5.10 W
1788704194.882511218,0 %, 208 MHz, 37, 5.10 W
1788704194.982659853,0 %, 208 MHz, 37, 5.06 W
1788704195.083848012,0 %, 208 MHz, 37, 5.06 W
1788704195.184593082,0 %, 208 MHz, 37, 5.06 W
1788704195.285268822,0 %, 208 MHz, 37, 5.06 W
1788704195.386353059,0 %, 208 MHz, 37, 5.06 W
1788704195.487136706,0 %, 208 MHz, 37, 5.06 W
1788704195.587846686,0 %, 208 MHz, 37, 5.06 W
1788704195.688834459,0 %, 208 MHz, 37, 5.06 W
1788704195.789840248,0 %, 208 MHz, 37, 5.06 W
1788704195.890388740,0 %, 208 MHz, 37, 5.06 W
1788704195.991107361,0 %, 208 MHz, 37, 5.07 W
1788704196.092166158,0 %, 208 MHz, 37, 5.07 W
1788704196.192563882,0 %, 208 MHz, 37, 5.07 W
1788704196.293785209,0 %, 208 MHz, 37, 5.07 W
1788704196.394277252,0 %, 208 MHz, 37, 5.07 W
1788704196.495118641,0 %, 208 MHz, 37, 5.07 W
1788704196.596332879,0 %, 208 MHz, 37, 5.07 W
1788704196.696875115,0 %, 208 MHz, 37, 5.07 W
1788704196.797806601,0 %, 208 MHz, 37, 5.07 W
1788704196.898478645,0 %, 208 MHz, 37, 5.07 W
1788704196.999070354,0 %, 208 MHz, 37, 5.11 W
1788704197.100113296,0 %, 208 MHz, 37, 5.11 W
1788704197.200803660,0 %, 208 MHz, 37, 5.11 W
1788704197.301568056,0 %, 208 MHz, 37, 5.11 W
1788704197.402711302,0 %, 208 MHz, 37, 5.11 W
1788704197.503305574,0 %, 208 MHz, 37, 5.11 W
1788704197.604329028,0 %, 208 MHz, 37, 5.11 W
1788704197.704784047,0 %, 208 MHz, 37, 5.11 W
1788704197.805565563,0 %, 208 MHz, 37, 5.11 W
1788704197.906584680,0 %, 208 MHz, 37, 5.11 W
1788704198.007507525,0 %, 208 MHz, 37, 5.11 W
1788704198.107972337,0 %, 208 MHz, 37, 5.11 W
1788704198.208658669,0 %, 208 MHz, 37, 5.11 W
1788704198.309440521,0 %, 208 MHz, 37, 5.11 W
1788704198.411267081,0 %, 208 MHz, 37, 5.11 W
1788704198.510924099,0 %, 208 MHz, 37, 5.12 W
1788704198.612077184,0 %, 208 MHz, 37, 5.12 W
1788704198.712494475,0 %, 208 MHz, 37, 5.12 W
1788704198.813507897,0 %, 208 MHz, 37, 5.12 W
1788704198.914075845,0 %, 208 MHz, 37, 5.12 W
1788704199.014771346,0 %, 208 MHz, 37, 5.15 W
1788704199.115441550,0 %, 208 MHz, 37, 5.15 W
1788704199.216241322,0 %, 208 MHz, 37, 5.15 W
1788704199.317239163,0 %, 208 MHz, 37, 5.15 W
1788704199.417968519,0 %, 208 MHz, 37, 5.15 W
1788704199.518747923,0 %, 208 MHz, 37, 5.19 W
1788704199.619989553,0 %, 208 MHz, 37, 5.19 W
1788704199.720173899,0 %, 208 MHz, 37, 5.19 W
1788704199.821198649,0 %, 208 MHz, 37, 5.19 W
1788704199.921372915,0 %, 208 MHz, 37, 5.19 W
1788704200.022277856,0 %, 208 MHz, 37, 5.19 W
1788704200.123055260,0 %, 208 MHz, 37, 5.19 W
1788704200.223254631,0 %, 208 MHz, 37, 5.19 W
1788704200.324319812,0 %, 208 MHz, 37, 5.19 W
1788704200.424483986,0 %, 208 MHz, 37, 5.19 W
1788704200.525501407,0 %, 208 MHz, 37, 5.19 W
1788704200.626401467,0 %, 208 MHz, 37, 5.19 W
1788704200.726993767,0 %, 208 MHz, 37, 5.19 W
1788704200.828059172,0 %, 208 MHz, 37, 5.19 W
1788704200.928452911,0 %, 208 MHz, 37, 5.19 W
1788704201.029636413,0 %, 208 MHz, 36, 5.14 W
1788704201.130155897,0 %, 208 MHz, 36, 5.14 W
1788704201.230964773,0 %, 208 MHz, 36, 5.14 W
1788704201.332007746,0 %, 208 MHz, 36, 5.14 W
1788704201.432677902,0 %, 208 MHz, 36, 5.14 W
1788704201.533467211,0 %, 208 MHz, 36, 5.14 W
1788704201.634376680,0 %, 208 MHz, 36, 5.14 W
1788704201.734951987,0 %, 208 MHz, 36, 5.14 W
1788704201.835986145,0 %, 208 MHz, 36, 5.14 W
1788704201.936658205,0 %, 208 MHz, 36, 5.14 W
1788704202.037429577,0 %, 208 MHz, 36, 5.10 W
1788704202.138146038,0 %, 208 MHz, 36, 5.10 W
1788704202.238921298,0 %, 208 MHz, 36, 5.10 W
1788704202.339896896,0 %, 208 MHz, 36, 5.10 W
1788704202.440605100,0 %, 208 MHz, 36, 5.10 W
1788704202.540585830,0 %, 208 MHz, 36, 5.10 W
1788704202.641766532,0 %, 208 MHz, 36, 5.10 W
1788704202.742209151,0 %, 208 MHz, 36, 5.10 W
1788704202.843082860,0 %, 208 MHz, 36, 5.10 W
1788704202.944042009,0 %, 208 MHz, 36, 5.10 W
1788704203.044782949,0 %, 208 MHz, 36, 5.09 W
1788704203.145490129,0 %, 208 MHz, 36, 5.09 W
1788704203.246146557,0 %, 208 MHz, 36, 5.09 W
1788704203.347255338,0 %, 208 MHz, 36, 5.09 W
1788704203.448062199,0 %, 208 MHz, 36, 5.09 W
1788704203.549111942,0 %, 208 MHz, 36, 5.09 W
1788704203.649718817,0 %, 208 MHz, 36, 5.09 W
1788704203.750524718,0 %, 208 MHz, 36, 5.09 W
1788704203.851254298,0 %, 208 MHz, 36, 5.09 W
1788704203.952020022,0 %, 208 MHz, 36, 5.09 W
1788704204.053303156,0 %, 208 MHz, 36, 5.09 W
1788704204.153496111,0 %, 208 MHz, 36, 5.09 W
1788704204.253605737,0 %, 208 MHz, 36, 5.09 W
1788704204.354630230,0 %, 208 MHz, 36, 5.09 W
1788704204.455318962,0 %, 208 MHz, 36, 5.09 W
1788704204.556138223,0 %, 208 MHz, 36, 5.09 W
1788704204.657413773,0 %, 208 MHz, 36, 5.09 W
1788704204.757579511,0 %, 208 MHz, 36, 5.09 W
1788704204.858603636,0 %, 208 MHz, 36, 5.09 W
1788704204.959318304,0 %, 208 MHz, 36, 5.09 W
1788704205.060100924,0 %, 208 MHz, 36, 5.08 W
1788704205.161232008,0 %, 208 MHz, 36, 5.08 W
1788704205.261872084,0 %, 208 MHz, 36, 5.08 W
1788704205.362599536,0 %, 208 MHz, 36, 5.08 W
1788704205.463292268,0 %, 208 MHz, 36, 5.08 W
1788704205.564108520,0 %, 208 MHz, 36, 5.08 W
1788704205.665378614,0 %, 208 MHz, 36, 5.08 W
1788704205.765845618,0 %, 208 MHz, 36, 5.08 W
1788704205.866559646,0 %, 208 MHz, 36, 5.08 W
1788704205.967840380,0 %, 208 MHz, 36, 5.08 W
1788704206.068082950,0 %, 208 MHz, 36, 5.08 W
1788704206.169079379,0 %, 208 MHz, 36, 5.08 W
1788704206.270016960,0 %, 208 MHz, 36, 5.08 W
1788704206.370739292,0 %, 208 MHz, 36, 5.08 W
1788704206.471609961,0 %, 208 MHz, 36, 5.11 W
1788704206.572008180,0 %, 208 MHz, 36, 5.11 W
1788704206.673237694,0 %, 208 MHz, 36, 5.11 W
1788704206.773941018,0 %, 208 MHz, 36, 5.11 W
1788704206.874600774,0 %, 208 MHz, 36, 5.11 W
1788704206.975408978,0 %, 208 MHz, 36, 5.16 W
1788704207.076252287,0 %, 208 MHz, 36, 5.16 W
1788704207.177039083,0 %, 208 MHz, 36, 5.16 W
1788704207.277725783,0 %, 208 MHz, 36, 5.16 W
1788704207.378500883,0 %, 208 MHz, 36, 5.16 W
1788704207.479122175,0 %, 208 MHz, 36, 5.16 W
1788704207.580238125,0 %, 208 MHz, 36, 5.16 W
1788704207.681229306,0 %, 208 MHz, 36, 5.16 W
1788704207.782036486,0 %, 208 MHz, 36, 5.16 W
1788704207.882446881,0 %, 208 MHz, 36, 5.16 W
1788704207.983683519,0 %, 201 MHz, 36, 5.10 W
1788704208.084362667,0 %, 201 MHz, 36, 5.10 W
1788704208.185184087,0 %, 201 MHz, 36, 5.10 W
1788704208.285277122,0 %, 201 MHz, 36, 5.10 W
1788704208.386288671,0 %, 201 MHz, 36, 5.10 W
1788704208.487178987,0 %, 201 MHz, 36, 5.10 W
1788704208.587748327,0 %, 201 MHz, 36, 5.10 W
1788704208.688779236,0 %, 201 MHz, 36, 5.10 W
1788704208.789462656,0 %, 201 MHz, 36, 5.10 W
1788704208.890245420,0 %, 201 MHz, 36, 5.10 W
1788704208.990342566,0 %, 208 MHz, 36, 5.11 W
1788704209.091277267,0 %, 208 MHz, 36, 5.11 W
1788704209.191872478,0 %, 208 MHz, 36, 5.11 W
1788704209.292927547,0 %, 208 MHz, 36, 5.11 W
1788704209.393574151,0 %, 208 MHz, 36, 5.11 W
1788704209.494367619,0 %, 208 MHz, 36, 5.11 W
1788704209.595042558,0 %, 208 MHz, 36, 5.11 W
1788704209.696084568,0 %, 208 MHz, 36, 5.11 W
1788704209.796867124,0 %, 208 MHz, 36, 5.11 W
1788704209.897551152,0 %, 208 MHz, 36, 5.11 W
1788704209.998479693,0 %, 208 MHz, 36, 5.10 W
1788704210.099412474,0 %, 208 MHz, 36, 5.10 W
1788704210.199810485,0 %, 208 MHz, 36, 5.10 W
1788704210.300794466,0 %, 208 MHz, 36, 5.10 W
1788704210.401521390,0 %, 208 MHz, 36, 5.10 W
1788704210.502248490,0 %, 208 MHz, 36, 5.10 W
1788704210.603344823,0 %, 208 MHz, 36, 5.10 W
1788704210.704080355,0 %, 208 MHz, 36, 5.10 W
1788704210.804343678,0 %, 208 MHz, 36, 5.10 W
1788704210.905553819,0 %, 208 MHz, 36, 5.10 W
1788704211.006485832,0 %, 208 MHz, 36, 5.12 W
1788704211.107322819,0 %, 208 MHz, 36, 5.12 W
1788704211.208035407,0 %, 208 MHz, 36, 5.12 W
1788704211.308765627,0 %, 208 MHz, 36, 5.12 W
1788704211.409468870,0 %, 208 MHz, 36, 5.12 W
1788704211.510241075,0 %, 208 MHz, 36, 5.12 W
1788704211.611353439,0 %, 208 MHz, 36, 5.12 W
1788704211.711968761,0 %, 208 MHz, 36, 5.12 W
1788704211.812721477,0 %, 208 MHz, 36, 5.12 W
1788704211.913769331,0 %, 208 MHz, 36, 5.12 W
1788704212.014164830,0 %, 208 MHz, 36, 5.13 W
1788704212.115201911,0 %, 208 MHz, 36, 5.13 W
1788704212.215910019,0 %, 208 MHz, 36, 5.13 W
1788704212.316140558,0 %, 208 MHz, 36, 5.13 W
1788704212.417749021,0 %, 208 MHz, 36, 5.13 W
1788704212.518405849,0 %, 208 MHz, 36, 5.13 W
1788704212.617697985,0 %, 208 MHz, 36, 5.13 W
1788704212.718513437,0 %, 208 MHz, 36, 5.13 W
1788704212.818683863,0 %, 208 MHz, 36, 5.13 W
1788704212.918644305,0 %, 208 MHz, 36, 5.13 W
1788704213.019927358,0 %, 208 MHz, 36, 5.11 W
1788704213.119879479,0 %, 208 MHz, 36, 5.11 W
1788704213.219862065,0 %, 208 MHz, 36, 5.11 W
1788704213.321751088,0 %, 208 MHz, 36, 5.11 W
1788704213.422050106,0 %, 208 MHz, 36, 5.11 W
1788704213.522841154,0 %, 208 MHz, 36, 5.12 W
1788704213.622899548,0 %, 208 MHz, 36, 5.12 W
1788704213.722886246,0 %, 208 MHz, 36, 5.12 W
1788704213.822991744,0 %, 208 MHz, 36, 5.12 W
1788704213.922904506,0 %, 208 MHz, 36, 5.12 W
1788704214.025164251,0 %, 208 MHz, 36, 5.16 W
1788704214.126162520,0 %, 208 MHz, 36, 5.16 W
1788704214.226269217,0 %, 208 MHz, 36, 5.16 W
1788704214.327629791,0 %, 208 MHz, 36, 5.16 W
1788704214.427915818,0 %, 208 MHz, 36, 5.16 W
1788704214.528802227,0 %, 208 MHz, 36, 5.16 W
1788704214.629409519,0 %, 208 MHz, 36, 5.16 W
1788704214.730590493,0 %, 208 MHz, 36, 5.16 W
1788704214.831343001,0 %, 208 MHz, 36, 5.16 W
1788704214.932460084,0 %, 208 MHz, 36, 5.16 W
1788704215.033040944,0 %, 208 MHz, 36, 5.16 W
1788704215.133954637,0 %, 208 MHz, 36, 5.16 W
1788704215.234610856,0 %, 208 MHz, 36, 5.16 W
1788704215.334642481,0 %, 208 MHz, 36, 5.16 W
1788704215.435572510,0 %, 208 MHz, 36, 5.16 W
1788704215.536802198,0 %, 208 MHz, 36, 5.16 W
1788704215.637549283,0 %, 208 MHz, 36, 5.16 W
1788704215.738101182,0 %, 208 MHz, 36, 5.16 W
1788704215.839152923,0 %, 208 MHz, 36, 5.16 W
1788704215.939732791,0 %, 208 MHz, 36, 5.16 W
1788704216.040764804,0 %, 208 MHz, 36, 5.13 W
1788704216.141465968,0 %, 208 MHz, 36, 5.13 W
1788704216.242267879,0 %, 208 MHz, 36, 5.13 W
1788704216.343314068,0 %, 208 MHz, 36, 5.13 W
1788704216.443831184,0 %, 208 MHz, 36, 5.13 W
1788704216.544517180,0 %, 208 MHz, 36, 5.13 W
1788704216.645442856,0 %, 208 MHz, 36, 5.13 W
1788704216.744852545,0 %, 208 MHz, 36, 5.13 W
1788704216.845529517,0 %, 208 MHz, 36, 5.13 W
1788704216.945683366,0 %, 208 MHz, 36, 5.13 W
1788704217.045590367,0 %, 208 MHz, 36, 5.13 W
1788704217.146584604,0 %, 208 MHz, 36, 5.13 W
1788704217.248238947,0 %, 208 MHz, 36, 5.13 W
1788704217.349183904,0 %, 208 MHz, 36, 5.13 W
1788704217.449678956,0 %, 208 MHz, 36, 5.13 W
1788704217.550471576,0 %, 208 MHz, 36, 5.13 W
1788704217.651358421,0 %, 208 MHz, 36, 5.13 W
1788704217.752177217,0 %, 208 MHz, 36, 5.13 W
1788704217.852978445,0 %, 208 MHz, 36, 5.13 W
1788704217.953658170,0 %, 208 MHz, 36, 5.13 W
1788704218.054424548,0 %, 208 MHz, 36, 5.13 W
1788704218.155468385,0 %, 208 MHz, 36, 5.13 W
1788704218.256202557,0 %, 208 MHz, 36, 5.13 W
1788704218.357678634,0 %, 208 MHz, 36, 5.13 W
1788704218.457609565,0 %, 208 MHz, 36, 5.13 W
1788704218.558441497,0 %, 208 MHz, 36, 5.13 W
1788704218.659414838,0 %, 208 MHz, 36, 5.13 W
1788704218.760154322,0 %, 208 MHz, 36, 5.13 W
1788704218.861135199,0 %, 208 MHz, 36, 5.13 W
1788704218.961980876,0 %, 208 MHz, 36, 5.13 W
1788704219.061859510,0 %, 208 MHz, 36, 5.11 W
1788704219.162547809,0 %, 208 MHz, 36, 5.11 W
1788704219.263571757,0 %, 208 MHz, 36, 5.11 W
1788704219.364295305,0 %, 208 MHz, 36, 5.11 W
1788704219.465110577,0 %, 208 MHz, 36, 5.11 W
1788704219.566111246,0 %, 208 MHz, 36, 5.11 W
1788704219.667022539,0 %, 208 MHz, 36, 5.11 W
1788704219.767591414,0 %, 208 MHz, 36, 5.11 W
1788704219.868065041,0 %, 208 MHz, 36, 5.11 W
1788704219.969281406,0 %, 208 MHz, 36, 5.09 W
1788704220.070318186,0 %, 208 MHz, 36, 5.09 W
1788704220.171019968,0 %, 208 MHz, 36, 5.09 W
1788704220.271559052,0 %, 208 MHz, 36, 5.09 W
1788704220.372236504,0 %, 208 MHz, 36, 5.09 W
1788704220.473057204,0 %, 208 MHz, 36, 5.11 W
1788704220.573413535,0 %, 208 MHz, 36, 5.11 W
1788704220.674423452,0 %, 208 MHz, 36, 5.11 W
1788704220.775391319,0 %, 208 MHz, 36, 5.11 W
1788704220.875896626,0 %, 208 MHz, 36, 5.11 W
1788704220.976732894,0 %, 208 MHz, 36, 5.17 W
1788704221.077185576,0 %, 208 MHz, 36, 5.17 W
1788704221.178398978,0 %, 208 MHz, 36, 5.17 W
1788704221.279076126,0 %, 208 MHz, 36, 5.17 W
1788704221.379636538,0 %, 208 MHz, 36, 5.17 W
1788704221.480286628,0 %, 208 MHz, 36, 5.17 W
1788704221.581082128,0 %, 208 MHz, 36, 5.17 W
1788704221.682089018,0 %, 208 MHz, 36, 5.17 W
1788704221.783028551,0 %, 208 MHz, 36, 5.17 W
1788704221.883575394,0 %, 208 MHz, 36, 5.17 W
1788704221.984806846,0 %, 208 MHz, 36, 5.17 W
1788704222.085286377,0 %, 208 MHz, 36, 5.17 W
1788704222.186087375,0 %, 208 MHz, 36, 5.17 W
1788704222.286772891,0 %, 208 MHz, 36, 5.17 W
1788704222.387532743,0 %, 208 MHz, 36, 5.17 W
1788704222.488797429,0 %, 208 MHz, 36, 5.17 W
1788704222.589010928,0 %, 208 MHz, 36, 5.17 W
1788704222.690028267,0 %, 208 MHz, 36, 5.17 W
1788704222.790712791,0 %, 208 MHz, 36, 5.17 W
1788704222.891536865,0 %, 208 MHz, 36, 5.17 W
1788704222.992125661,0 %, 208 MHz, 36, 5.05 W
1788704223.093250183,0 %, 208 MHz, 36, 5.05 W
1788704223.194090195,0 %, 208 MHz, 36, 5.05 W
1788704223.295070896,0 %, 208 MHz, 36, 5.05 W
1788704223.395473443,0 %, 208 MHz, 36, 5.05 W
1788704223.496502208,0 %, 208 MHz, 36, 5.05 W
1788704223.597203660,0 %, 208 MHz, 36, 5.05 W
1788704223.697973977,0 %, 208 MHz, 36, 5.05 W
1788704223.799071446,0 %, 208 MHz, 36, 5.05 W
1788704223.899557570,0 %, 208 MHz, 36, 5.05 W
1788704224.000609021,0 %, 208 MHz, 36, 5.09 W
1788704224.101145208,0 %, 208 MHz, 36, 5.09 W
1788704224.201960291,0 %, 208 MHz, 36, 5.09 W
1788704224.303007982,0 %, 208 MHz, 36, 5.09 W
1788704224.403645193,0 %, 208 MHz, 36, 5.09 W
1788704224.504529349,0 %, 208 MHz, 36, 5.09 W
1788704224.605136266,0 %, 208 MHz, 36, 5.09 W
1788704224.705957543,0 %, 208 MHz, 36, 5.09 W
1788704224.807010260,0 %, 208 MHz, 36, 5.09 W
1788704224.907675248,0 %, 208 MHz, 36, 5.09 W
1788704225.008613772,0 %, 208 MHz, 36, 5.07 W
1788704225.109086225,0 %, 208 MHz, 36, 5.07 W
1788704225.210377855,0 %, 208 MHz, 36, 5.07 W
1788704225.310976667,0 %, 208 MHz, 36, 5.07 W
1788704225.411632103,0 %, 208 MHz, 36, 5.07 W
1788704225.512434786,0 %, 208 MHz, 36, 5.07 W
1788704225.613425263,0 %, 208 MHz, 36, 5.07 W
1788704225.714346650,0 %, 208 MHz, 36, 5.07 W
1788704225.814939873,0 %, 208 MHz, 36, 5.07 W
1788704225.916022254,0 %, 208 MHz, 36, 5.07 W
1788704226.016623690,0 %, 208 MHz, 36, 5.11 W
1788704226.117418934,0 %, 208 MHz, 36, 5.11 W
1788704226.218318337,0 %, 208 MHz, 36, 5.11 W
1788704226.318999879,0 %, 208 MHz, 36, 5.11 W
1788704226.419672851,0 %, 208 MHz, 36, 5.11 W
1788704226.520239278,0 %, 208 MHz, 36, 5.11 W
1788704226.622154142,0 %, 208 MHz, 36, 5.11 W
1788704226.722623561,0 %, 208 MHz, 36, 5.11 W
1788704226.822795182,0 %, 208 MHz, 36, 5.11 W
1788704226.923492218,0 %, 208 MHz, 36, 5.11 W
1788704227.024279974,0 %, 208 MHz, 36, 5.08 W
1788704227.125315490,0 %, 208 MHz, 36, 5.08 W
1788704227.226089069,0 %, 208 MHz, 36, 5.08 W
1788704227.326753429,0 %, 208 MHz, 36, 5.08 W
1788704227.427461777,0 %, 208 MHz, 36, 5.08 W
1788704227.528501534,0 %, 208 MHz, 36, 5.09 W
1788704227.629531385,0 %, 208 MHz, 36, 5.09 W
1788704227.730203797,0 %, 208 MHz, 36, 5.09 W
1788704227.830845264,0 %, 208 MHz, 36, 5.09 W
1788704227.930968901,0 %, 208 MHz, 36, 5.09 W
1788704228.032268690,0 %, 208 MHz, 36, 5.11 W
1788704228.132654910,0 %, 208 MHz, 36, 5.11 W
1788704228.233482035,0 %, 208 MHz, 36, 5.11 W
1788704228.333991694,0 %, 208 MHz, 36, 5.11 W
1788704228.434924379,0 %, 208 MHz, 36, 5.11 W
1788704228.535932616,0 %, 208 MHz, 36, 5.14 W
1788704228.636917076,0 %, 208 MHz, 36, 5.14 W
1788704228.737659134,0 %, 208 MHz, 36, 5.14 W
1788704228.838458601,0 %, 208 MHz, 36, 5.14 W
1788704228.939224325,0 %, 208 MHz, 36, 5.14 W
1788704229.039959742,0 %, 208 MHz, 36, 5.14 W
1788704229.141027387,0 %, 208 MHz, 36, 5.14 W
1788704229.241444130,0 %, 208 MHz, 36, 5.14 W
1788704229.342597263,0 %, 208 MHz, 36, 5.14 W
1788704229.443153691,0 %, 208 MHz, 36, 5.14 W
1788704229.544119223,0 %, 208 MHz, 36, 5.14 W
1788704229.645184862,0 %, 208 MHz, 36, 5.14 W
1788704229.746113435,0 %, 208 MHz, 36, 5.14 W
1788704229.846576262,0 %, 208 MHz, 36, 5.14 W
1788704229.947113181,0 %, 208 MHz, 36, 5.14 W
1788704230.047925322,0 %, 208 MHz, 36, 5.07 W
1788704230.148950055,0 %, 208 MHz, 36, 5.07 W
1788704230.249613969,0 %, 208 MHz, 36, 5.07 W
1788704230.350644380,0 %, 208 MHz, 36, 5.07 W
1788704230.451156067,0 %, 208 MHz, 36, 5.07 W
1788704230.552105503,0 %, 208 MHz, 36, 5.07 W
1788704230.653118220,0 %, 208 MHz, 36, 5.07 W
1788704230.753813745,0 %, 208 MHz, 36, 5.07 W
1788704230.854523565,0 %, 208 MHz, 36, 5.07 W
1788704230.955025865,0 %, 208 MHz, 36, 5.07 W
1788704231.056045254,0 %, 208 MHz, 36, 5.03 W
1788704231.156845104,0 %, 208 MHz, 36, 5.03 W
1788704231.257572588,0 %, 208 MHz, 36, 5.03 W
1788704231.358335781,0 %, 208 MHz, 36, 5.03 W
1788704231.458996465,0 %, 208 MHz, 36, 5.03 W
1788704231.559118376,0 %, 208 MHz, 36, 5.03 W
1788704231.660014947,0 %, 208 MHz, 36, 5.03 W
1788704231.761915167,0 %, 208 MHz, 36, 5.03 W
1788704231.861743065,0 %, 208 MHz, 36, 5.03 W
1788704231.962676948,0 %, 208 MHz, 36, 5.03 W
1788704232.063293438,0 %, 208 MHz, 36, 5.05 W
1788704232.164415066,0 %, 208 MHz, 36, 5.05 W
1788704232.265036052,0 %, 208 MHz, 36, 5.05 W
1788704232.365830617,0 %, 208 MHz, 36, 5.05 W
1788704232.466397093,0 %, 208 MHz, 36, 5.05 W
1788704232.567059425,0 %, 208 MHz, 36, 5.05 W
1788704232.668650351,0 %, 208 MHz, 36, 5.05 W
1788704232.768934632,0 %, 208 MHz, 36, 5.05 W
1788704232.869549792,0 %, 208 MHz, 36, 5.05 W
1788704232.970320908,0 %, 208 MHz, 36, 5.05 W
1788704233.071556729,0 %, 208 MHz, 36, 5.07 W
1788704233.171815088,0 %, 208 MHz, 36, 5.07 W
1788704233.272851981,0 %, 208 MHz, 36, 5.07 W
1788704233.373174128,0 %, 208 MHz, 36, 5.07 W
1788704233.474256701,0 %, 208 MHz, 36, 5.07 W
1788704233.574929145,0 %, 208 MHz, 36, 5.07 W
1788704233.675911702,0 %, 208 MHz, 36, 5.07 W
1788704233.776928961,0 %, 208 MHz, 36, 5.07 W
1788704233.877595112,0 %, 208 MHz, 36, 5.07 W
1788704233.976592255,0 %, 208 MHz, 36, 5.04 W
1788704234.076816825,0 %, 208 MHz, 36, 5.04 W
1788704234.176898690,0 %, 208 MHz, 36, 5.04 W
1788704234.277222362,0 %, 208 MHz, 36, 5.04 W
1788704234.378891512,0 %, 208 MHz, 36, 5.04 W
1788704234.479535441,0 %, 208 MHz, 36, 5.09 W
1788704234.580545707,0 %, 208 MHz, 36, 5.09 W
1788704234.681245303,0 %, 208 MHz, 36, 5.09 W
1788704234.781815473,0 %, 208 MHz, 36, 5.09 W
1788704234.882818024,0 %, 208 MHz, 36, 5.09 W
1788704234.982470209,0 %, 208 MHz, 36, 5.16 W
1788704235.083636046,0 %, 208 MHz, 36, 5.16 W
1788704235.184472967,0 %, 208 MHz, 36, 5.16 W
1788704235.285128755,0 %, 208 MHz, 36, 5.16 W
1788704235.385935374,0 %, 208 MHz, 36, 5.16 W
1788704235.487154279,0 %, 208 MHz, 36, 5.18 W
1788704235.587653347,0 %, 208 MHz, 36, 5.18 W
1788704235.688596957,0 %, 208 MHz, 36, 5.18 W
1788704235.789677365,0 %, 208 MHz, 36, 5.18 W
1788704235.890158177,0 %, 208 MHz, 36, 5.18 W
1788704235.990958618,0 %, 208 MHz, 36, 5.18 W
1788704236.091518021,0 %, 208 MHz, 36, 5.18 W
1788704236.192325840,0 %, 208 MHz, 36, 5.18 W
1788704236.293493098,0 %, 208 MHz, 36, 5.18 W
1788704236.394263173,0 %, 208 MHz, 36, 5.18 W
1788704236.494975633,0 %, 208 MHz, 36, 5.18 W
1788704236.596008570,0 %, 208 MHz, 36, 5.18 W
1788704236.696907317,0 %, 208 MHz, 36, 5.18 W
1788704236.797712861,0 %, 208 MHz, 36, 5.18 W
1788704236.898167144,0 %, 208 MHz, 36, 5.18 W
1788704236.998973699,0 %, 208 MHz, 36, 5.10 W
1788704237.099965214,0 %, 208 MHz, 36, 5.10 W
1788704237.200669496,0 %, 208 MHz, 36, 5.10 W
1788704237.301623329,0 %, 208 MHz, 36, 5.10 W
1788704237.402109821,0 %, 208 MHz, 36, 5.10 W
1788704237.503174277,0 %, 208 MHz, 36, 5.10 W
1788704237.603970529,0 %, 208 MHz, 36, 5.10 W
1788704237.704865340,0 %, 208 MHz, 36, 5.10 W
1788704237.805472837,0 %, 208 MHz, 36, 5.10 W
1788704237.906724594,0 %, 208 MHz, 36, 5.10 W
1788704238.007194152,0 %, 208 MHz, 36, 5.11 W
1788704238.107930628,0 %, 208 MHz, 36, 5.11 W
1788704238.208609418,0 %, 208 MHz, 36, 5.11 W
1788704238.309425206,0 %, 208 MHz, 36, 5.11 W
1788704238.409535216,0 %, 208 MHz, 36, 5.11 W
1788704238.510791739,0 %, 208 MHz, 36, 5.11 W
1788704238.611463990,0 %, 208 MHz, 36, 5.11 W
1788704238.712293246,0 %, 208 MHz, 36, 5.11 W
1788704238.813043194,0 %, 208 MHz, 36, 5.11 W
1788704238.913531523,0 %, 208 MHz, 36, 5.11 W
1788704239.014787549,0 %, 208 MHz, 36, 5.09 W
1788704239.115286104,0 %, 208 MHz, 36, 5.09 W
1788704239.216023185,0 %, 208 MHz, 36, 5.09 W
1788704239.316704010,0 %, 208 MHz, 36, 5.09 W
1788704239.417469845,0 %, 208 MHz, 36, 5.09 W
1788704239.518479759,0 %, 208 MHz, 36, 5.09 W
1788704239.619233915,0 %, 208 MHz, 36, 5.09 W
1788704239.719967652,0 %, 208 MHz, 36, 5.09 W
1788704239.820733166,0 %, 208 MHz, 36, 5.09 W
1788704239.920749669,0 %, 208 MHz, 36, 5.09 W
1788704240.021819218,0 %, 208 MHz, 36, 5.11 W
1788704240.121769255,0 %, 208 MHz, 36, 5.11 W
1788704240.222419763,0 %, 208 MHz, 36, 5.11 W
1788704240.323472957,0 %, 208 MHz, 36, 5.11 W
1788704240.424268406,0 %, 208 MHz, 36, 5.11 W
1788704240.524929279,0 %, 208 MHz, 36, 5.11 W
1788704240.624974552,0 %, 208 MHz, 36, 5.11 W
1788704240.725920193,0 %, 208 MHz, 36, 5.11 W
1788704240.826890094,0 %, 208 MHz, 36, 5.11 W
1788704240.926594415,0 %, 208 MHz, 36, 5.11 W
1788704241.027485244,0 %, 208 MHz, 36, 5.05 W
1788704241.129286619,0 %, 208 MHz, 36, 5.05 W
1788704241.229226372,0 %, 208 MHz, 36, 5.05 W
1788704241.330043612,0 %, 208 MHz, 36, 5.05 W
1788704241.431025257,0 %, 208 MHz, 36, 5.05 W
1788704241.531450414,0 %, 208 MHz, 36, 5.06 W
1788704241.632200554,0 %, 208 MHz, 36, 5.06 W
1788704241.733447301,0 %, 208 MHz, 36, 5.06 W
1788704241.833896448,0 %, 208 MHz, 36, 5.06 W
1788704241.934509704,0 %, 208 MHz, 36, 5.06 W
1788704242.035284321,0 %, 208 MHz, 36, 5.07 W
1788704242.136355693,0 %, 208 MHz, 36, 5.07 W
1788704242.237102788,0 %, 208 MHz, 36, 5.07 W
1788704242.337830992,0 %, 208 MHz, 36, 5.07 W
1788704242.438511862,0 %, 208 MHz, 36, 5.07 W
1788704242.539341907,0 %, 208 MHz, 36, 5.10 W
1788704242.639657564,0 %, 208 MHz, 36, 5.10 W
1788704242.740830611,0 %, 208 MHz, 36, 5.10 W
1788704242.841232430,0 %, 208 MHz, 36, 5.10 W
1788704242.942230235,0 %, 208 MHz, 36, 5.10 W
1788704243.043298642,0 %, 208 MHz, 36, 5.10 W
1788704243.144155151,0 %, 208 MHz, 36, 5.10 W
1788704243.244668056,0 %, 208 MHz, 36, 5.10 W
1788704243.345392658,0 %, 208 MHz, 36, 5.10 W
1788704243.445940860,0 %, 208 MHz, 36, 5.10 W
1788704243.546614262,0 %, 208 MHz, 36, 5.10 W
1788704243.647626239,0 %, 208 MHz, 36, 5.10 W
1788704243.748424295,0 %, 208 MHz, 36, 5.10 W
1788704243.849141155,0 %, 208 MHz, 36, 5.10 W
1788704243.949306299,0 %, 208 MHz, 36, 5.10 W
1788704244.050160449,0 %, 208 MHz, 36, 5.07 W
1788704244.151117070,0 %, 208 MHz, 36, 5.07 W
1788704244.251862505,0 %, 208 MHz, 36, 5.07 W
1788704244.352808227,0 %, 208 MHz, 36, 5.07 W
1788704244.453320120,0 %, 208 MHz, 36, 5.07 W
1788704244.553470514,0 %, 208 MHz, 36, 5.07 W
1788704244.654301438,0 %, 208 MHz, 36, 5.07 W
1788704244.755277897,0 %, 208 MHz, 36, 5.07 W
1788704244.855983744,0 %, 208 MHz, 36, 5.07 W
1788704244.956206794,0 %, 208 MHz, 36, 5.07 W
1788704245.057816294,0 %, 208 MHz, 35, 5.07 W
1788704245.157177771,0 %, 208 MHz, 35, 5.07 W
1788704245.257815876,0 %, 208 MHz, 35, 5.07 W
1788704245.357826476,0 %, 208 MHz, 35, 5.07 W
1788704245.457677763,0 %, 208 MHz, 35, 5.07 W
1788704245.559290366,0 %, 208 MHz, 35, 5.07 W
1788704245.660936251,0 %, 208 MHz, 35, 5.07 W
1788704245.760750799,0 %, 208 MHz, 35, 5.07 W
1788704245.861738428,0 %, 208 MHz, 35, 5.07 W
1788704245.962747623,0 %, 208 MHz, 35, 5.07 W
1788704246.063249295,0 %, 208 MHz, 36, 5.08 W
1788704246.164030550,0 %, 208 MHz, 36, 5.08 W
1788704246.264137104,0 %, 208 MHz, 36, 5.08 W
1788704246.365081992,0 %, 208 MHz, 36, 5.08 W
1788704246.465809076,0 %, 208 MHz, 36, 5.08 W
1788704246.566648763,0 %, 208 MHz, 36, 5.08 W
1788704246.667541255,0 %, 208 MHz, 36, 5.08 W
1788704246.767334221,0 %, 208 MHz, 36, 5.08 W
1788704246.867845608,0 %, 208 MHz, 36, 5.08 W
1788704246.968988658,0 %, 208 MHz, 36, 5.08 W
1788704247.069922637,0 %, 208 MHz, 35, 5.05 W
1788704247.169040896,0 %, 208 MHz, 35, 5.05 W
1788704247.269531257,0 %, 208 MHz, 35, 5.05 W
1788704247.369291408,0 %, 208 MHz, 35, 5.05 W
1788704247.469573880,0 %, 208 MHz, 35, 5.05 W
1788704247.571088740,0 %, 208 MHz, 35, 5.05 W
1788704247.671776333,0 %, 208 MHz, 35, 5.05 W
1788704247.772493334,0 %, 208 MHz, 35, 5.05 W
1788704247.873332477,0 %, 208 MHz, 35, 5.05 W
1788704247.974355098,0 %, 208 MHz, 35, 5.05 W
1788704248.075035038,0 %, 208 MHz, 36, 5.06 W
1788704248.175762666,0 %, 208 MHz, 36, 5.06 W
1788704248.277084728,0 %, 208 MHz, 36, 5.06 W
1788704248.377458782,0 %, 208 MHz, 36, 5.06 W
1788704248.477423751,0 %, 208 MHz, 36, 5.06 W
1788704248.578642831,0 %, 208 MHz, 35, 5.10 W
1788704248.679149115,0 %, 208 MHz, 35, 5.10 W
1788704248.779898389,0 %, 208 MHz, 35, 5.10 W
1788704248.880579887,0 %, 208 MHz, 35, 5.10 W
1788704248.981605686,0 %, 208 MHz, 35, 5.15 W
1788704249.082399215,0 %, 208 MHz, 35, 5.15 W
1788704249.183090507,0 %, 208 MHz, 35, 5.15 W
1788704249.284060677,0 %, 208 MHz, 35, 5.15 W
1788704249.384907630,0 %, 208 MHz, 35, 5.15 W
1788704249.485369109,0 %, 208 MHz, 35, 5.16 W
1788704249.586339472,0 %, 208 MHz, 35, 5.16 W
1788704249.687032329,0 %, 208 MHz, 35, 5.16 W
1788704249.787797650,0 %, 208 MHz, 35, 5.16 W
1788704249.888503389,0 %, 208 MHz, 35, 5.16 W
1788704249.989470023,0 %, 208 MHz, 35, 5.18 W
1788704250.090490606,0 %, 208 MHz, 35, 5.18 W
1788704250.191008938,0 %, 208 MHz, 35, 5.18 W
1788704250.291781344,0 %, 208 MHz, 35, 5.18 W
1788704250.392859373,0 %, 208 MHz, 35, 5.18 W
1788704250.493265747,0 %, 208 MHz, 35, 5.18 W
1788704250.594262607,0 %, 208 MHz, 35, 5.18 W
1788704250.694961832,0 %, 208 MHz, 35, 5.18 W
1788704250.795721233,0 %, 208 MHz, 35, 5.18 W
1788704250.896789416,0 %, 208 MHz, 35, 5.18 W
1788704250.997418195,0 %, 208 MHz, 35, 5.10 W
1788704251.098279293,0 %, 208 MHz, 35, 5.10 W
1788704251.198930679,0 %, 208 MHz, 35, 5.10 W
1788704251.299706749,0 %, 208 MHz, 35, 5.10 W
1788704251.400790234,0 %, 208 MHz, 35, 5.10 W
1788704251.501419888,0 %, 208 MHz, 35, 5.10 W
1788704251.602238797,0 %, 208 MHz, 35, 5.10 W
1788704251.704106826,0 %, 208 MHz, 35, 5.10 W
1788704251.803678911,0 %, 208 MHz, 35, 5.10 W
1788704251.904632871,0 %, 208 MHz, 35, 5.10 W
1788704252.005581843,0 %, 208 MHz, 35, 5.11 W
1788704252.106184263,0 %, 208 MHz, 35, 5.11 W
1788704252.207241236,0 %, 208 MHz, 35, 5.11 W
1788704252.307598828,0 %, 208 MHz, 35, 5.11 W
1788704252.408632089,0 %, 208 MHz, 35, 5.11 W
1788704252.509327136,0 %, 208 MHz, 35, 5.11 W
1788704252.610149367,0 %, 208 MHz, 35, 5.11 W
1788704252.711404469,0 %, 208 MHz, 35, 5.11 W
1788704252.812091051,0 %, 208 MHz, 35, 5.11 W
1788704252.912712662,0 %, 208 MHz, 35, 5.11 W
1788704253.013306353,0 %, 208 MHz, 35, 5.12 W
1788704253.114116935,0 %, 208 MHz, 35, 5.12 W
1788704253.215171700,0 %, 208 MHz, 35, 5.12 W
1788704253.315886155,0 %, 208 MHz, 35, 5.12 W
1788704253.416578597,0 %, 208 MHz, 35, 5.12 W
1788704253.517270826,0 %, 208 MHz, 35, 5.12 W
1788704253.618067942,0 %, 208 MHz, 35, 5.12 W
1788704253.719314705,0 %, 208 MHz, 35, 5.12 W
1788704253.819815143,0 %, 208 MHz, 35, 5.12 W
1788704253.920554915,0 %, 208 MHz, 35, 5.12 W
1788704254.021604620,0 %, 208 MHz, 35, 5.11 W
1788704254.122493379,0 %, 208 MHz, 35, 5.11 W
1788704254.223103806,0 %, 208 MHz, 35, 5.11 W
1788704254.324235672,0 %, 208 MHz, 35, 5.11 W
1788704254.424220319,0 %, 208 MHz, 35, 5.11 W
1788704254.523268771,0 %, 208 MHz, 35, 5.11 W
1788704254.623550347,0 %, 208 MHz, 35, 5.11 W
1788704254.724578613,0 %, 208 MHz, 35, 5.11 W
1788704254.825651999,0 %, 208 MHz, 35, 5.11 W
1788704254.925683350,0 %, 208 MHz, 35, 5.11 W
1788704255.026579439,0 %, 208 MHz, 35, 5.07 W
1788704255.127526009,0 %, 208 MHz, 35, 5.07 W
1788704255.228089612,0 %, 208 MHz, 35, 5.07 W
1788704255.329098809,0 %, 208 MHz, 35, 5.07 W
1788704255.430051297,0 %, 208 MHz, 35, 5.07 W
1788704255.530530237,0 %, 208 MHz, 35, 5.07 W
1788704255.631653175,0 %, 208 MHz, 35, 5.07 W
1788704255.732016142,0 %, 208 MHz, 35, 5.07 W
1788704255.833150859,0 %, 208 MHz, 35, 5.07 W
1788704255.933754881,0 %, 208 MHz, 35, 5.07 W
1788704256.034513499,0 %, 208 MHz, 35, 5.06 W
1788704256.135739252,0 %, 208 MHz, 35, 5.06 W
1788704256.236462559,0 %, 208 MHz, 35, 5.06 W
1788704256.337274611,0 %, 208 MHz, 35, 5.06 W
1788704256.437943135,0 %, 208 MHz, 35, 5.06 W
1788704256.538791956,0 %, 208 MHz, 35, 5.07 W
1788704256.639750753,0 %, 208 MHz, 35, 5.07 W
1788704256.740240906,0 %, 208 MHz, 35, 5.07 W
1788704256.841003011,0 %, 208 MHz, 35, 5.07 W
1788704256.941900169,0 %, 208 MHz, 35, 5.07 W
1788704257.042667221,0 %, 208 MHz, 35, 5.12 W
1788704257.143540573,0 %, 208 MHz, 35, 5.12 W
1788704257.244207960,0 %, 208 MHz, 35, 5.12 W
1788704257.344972064,0 %, 208 MHz, 35, 5.12 W
1788704257.446239147,0 %, 208 MHz, 35, 5.12 W
1788704257.546707711,0 %, 208 MHz, 35, 5.12 W
1788704257.647726364,0 %, 208 MHz, 35, 5.12 W
1788704257.748146950,0 %, 208 MHz, 35, 5.12 W
1788704257.849051836,0 %, 208 MHz, 35, 5.12 W
1788704257.949431847,0 %, 208 MHz, 35, 5.12 W
1788704258.050459052,0 %, 208 MHz, 35, 5.12 W
1788704258.150932711,0 %, 208 MHz, 35, 5.12 W
1788704258.251724785,0 %, 208 MHz, 35, 5.12 W
1788704258.352752264,0 %, 208 MHz, 35, 5.12 W
1788704258.453445300,0 %, 208 MHz, 35, 5.12 W
1788704258.554268041,0 %, 208 MHz, 35, 5.12 W
1788704258.655321957,0 %, 208 MHz, 35, 5.12 W
1788704258.755679146,0 %, 208 MHz, 35, 5.12 W
1788704258.856662486,0 %, 208 MHz, 35, 5.12 W
1788704258.957367295,0 %, 208 MHz, 35, 5.12 W
1788704259.058142311,0 %, 208 MHz, 35, 5.07 W
1788704259.159262402,0 %, 208 MHz, 35, 5.07 W
1788704259.259611253,0 %, 208 MHz, 35, 5.07 W
1788704259.360609954,0 %, 208 MHz, 35, 5.07 W
1788704259.461844537,0 %, 208 MHz, 35, 5.07 W
1788704259.562118659,0 %, 208 MHz, 35, 5.07 W
1788704259.663398110,0 %, 208 MHz, 35, 5.07 W
1788704259.763583812,0 %, 208 MHz, 35, 5.07 W
1788704259.864823901,0 %, 208 MHz, 35, 5.07 W
1788704259.965280440,0 %, 208 MHz, 35, 5.07 W
1788704260.066922322,0 %, 208 MHz, 35, 5.05 W
1788704260.166908266,0 %, 208 MHz, 35, 5.05 W
1788704260.267491346,0 %, 208 MHz, 35, 5.05 W
1788704260.368505307,0 %, 208 MHz, 35, 5.05 W
1788704260.469207826,0 %, 208 MHz, 35, 5.05 W
1788704260.570016557,0 %, 208 MHz, 35, 5.05 W
1788704260.670877314,0 %, 208 MHz, 35, 5.05 W
1788704260.771651469,0 %, 208 MHz, 35, 5.05 W
1788704260.872476967,0 %, 208 MHz, 35, 5.05 W
1788704260.973171996,0 %, 208 MHz, 35, 5.05 W
1788704261.073955112,0 %, 208 MHz, 35, 5.00 W
1788704261.174599825,0 %, 208 MHz, 35, 5.00 W
1788704261.275588169,0 %, 208 MHz, 35, 5.00 W
1788704261.376412896,0 %, 208 MHz, 35, 5.00 W
1788704261.477153083,0 %, 208 MHz, 35, 5.00 W
1788704261.578133508,0 %, 208 MHz, 35, 5.00 W
1788704261.678954220,0 %, 208 MHz, 35, 5.00 W
1788704261.779607333,0 %, 208 MHz, 35, 5.00 W
1788704261.880451501,0 %, 208 MHz, 35, 5.00 W
1788704261.981100324,0 %, 208 MHz, 35, 5.00 W
1788704262.082040064,0 %, 208 MHz, 35, 5.03 W
1788704262.183094522,0 %, 208 MHz, 35, 5.03 W
1788704262.283782738,0 %, 208 MHz, 35, 5.03 W
1788704262.384535417,0 %, 208 MHz, 35, 5.03 W
1788704262.484490527,0 %, 208 MHz, 35, 5.03 W
1788704262.585251063,0 %, 208 MHz, 35, 5.03 W
1788704262.685715729,0 %, 208 MHz, 35, 5.03 W
1788704262.786543354,0 %, 208 MHz, 35, 5.03 W
1788704262.887505570,0 %, 208 MHz, 35, 5.03 W
1788704262.987091384,0 %, 208 MHz, 35, 5.04 W
1788704263.088175375,0 %, 208 MHz, 35, 5.04 W
1788704263.189013480,0 %, 208 MHz, 35, 5.04 W
1788704263.289986466,0 %, 208 MHz, 35, 5.04 W
1788704263.390685821,0 %, 208 MHz, 35, 5.04 W
1788704263.491465043,0 %, 208 MHz, 35, 5.07 W
1788704263.592135289,0 %, 208 MHz, 35, 5.07 W
1788704263.693838040,0 %, 208 MHz, 35, 5.07 W
1788704263.794064845,0 %, 208 MHz, 35, 5.07 W
1788704263.894665765,0 %, 208 MHz, 35, 5.07 W
1788704263.995683567,0 %, 208 MHz, 35, 5.11 W
1788704264.096487098,0 %, 208 MHz, 35, 5.11 W
1788704264.197222290,0 %, 208 MHz, 35, 5.11 W
1788704264.297966042,0 %, 208 MHz, 35, 5.11 W
1788704264.398626754,0 %, 208 MHz, 35, 5.11 W
1788704264.499437979,0 %, 208 MHz, 35, 5.11 W
1788704264.600434915,0 %, 208 MHz, 35, 5.11 W
1788704264.701384460,0 %, 208 MHz, 35, 5.11 W
1788704264.801957186,0 %, 208 MHz, 35, 5.11 W
1788704264.902999258,0 %, 208 MHz, 35, 5.11 W
1788704265.003662052,0 %, 208 MHz, 35, 5.11 W
1788704265.104666286,0 %, 208 MHz, 35, 5.11 W
1788704265.205372021,0 %, 208 MHz, 35, 5.11 W
1788704265.306016081,0 %, 208 MHz, 35, 5.11 W
1788704265.407147075,0 %, 208 MHz, 35, 5.11 W
1788704265.507633374,0 %, 208 MHz, 35, 5.11 W
1788704265.608446889,0 %, 208 MHz, 35, 5.11 W
1788704265.709303265,0 %, 208 MHz, 35, 5.11 W
1788704265.810415691,0 %, 208 MHz, 35, 5.11 W
1788704265.910988401,0 %, 208 MHz, 35, 5.11 W
1788704266.011637084,0 %, 208 MHz, 35, 5.01 W
1788704266.112474259,0 %, 208 MHz, 35, 5.01 W
1788704266.213624427,0 %, 208 MHz, 35, 5.01 W
1788704266.314198245,0 %, 208 MHz, 35, 5.01 W
1788704266.414592519,0 %, 208 MHz, 35, 5.01 W
1788704266.515180307,0 %, 208 MHz, 35, 5.01 W
1788704266.616197134,0 %, 208 MHz, 35, 5.01 W
1788704266.717102518,0 %, 208 MHz, 35, 5.01 W
1788704266.817881931,0 %, 208 MHz, 35, 5.01 W
1788704266.918745398,0 %, 208 MHz, 35, 5.01 W
1788704267.019150110,0 %, 208 MHz, 35, 5.03 W
1788704267.120376774,0 %, 208 MHz, 35, 5.03 W
1788704267.220886752,0 %, 208 MHz, 35, 5.03 W
1788704267.321619897,0 %, 208 MHz, 35, 5.03 W
1788704267.422702448,0 %, 208 MHz, 35, 5.03 W
1788704267.523112776,0 %, 208 MHz, 35, 5.03 W
1788704267.624127950,0 %, 208 MHz, 35, 5.03 W
1788704267.724809434,0 %, 208 MHz, 35, 5.03 W
1788704267.825609745,0 %, 208 MHz, 35, 5.03 W
1788704267.925761783,0 %, 208 MHz, 35, 5.03 W
1788704268.026409870,0 %, 208 MHz, 35, 5.03 W
1788704268.127407114,0 %, 208 MHz, 35, 5.03 W
1788704268.228237039,0 %, 208 MHz, 35, 5.03 W
1788704268.328971497,0 %, 208 MHz, 35, 5.03 W
1788704268.429710561,0 %, 208 MHz, 35, 5.03 W
1788704268.530351707,0 %, 208 MHz, 35, 5.03 W
1788704268.631195933,0 %, 208 MHz, 35, 5.03 W
1788704268.732408907,0 %, 208 MHz, 35, 5.03 W
1788704268.832893092,0 %, 208 MHz, 35, 5.03 W
1788704268.933643243,0 %, 208 MHz, 35, 5.03 W
1788704269.034927125,0 %, 208 MHz, 35, 5.02 W
1788704269.135617051,0 %, 208 MHz, 35, 5.02 W
1788704269.237132626,0 %, 208 MHz, 35, 5.02 W
1788704269.336970828,0 %, 208 MHz, 35, 5.02 W
1788704269.437649890,0 %, 208 MHz, 35, 5.02 W
1788704269.538673406,0 %, 208 MHz, 35, 5.02 W
1788704269.639530789,0 %, 208 MHz, 35, 5.02 W
1788704269.740365294,0 %, 208 MHz, 35, 5.02 W
1788704269.841299801,0 %, 208 MHz, 35, 5.02 W
1788704269.940979577,0 %, 208 MHz, 35, 5.02 W
1788704270.042209431,0 %, 208 MHz, 35, 5.01 W
1788704270.143226267,0 %, 208 MHz, 35, 5.01 W
1788704270.244253288,0 %, 208 MHz, 35, 5.01 W
1788704270.344936800,0 %, 208 MHz, 35, 5.01 W
1788704270.445472166,0 %, 208 MHz, 35, 5.01 W
1788704270.546125929,0 %, 208 MHz, 35, 5.02 W
1788704270.647178310,0 %, 208 MHz, 35, 5.02 W
1788704270.748234672,0 %, 208 MHz, 35, 5.02 W
1788704270.848658964,0 %, 208 MHz, 35, 5.02 W
1788704270.949446510,0 %, 208 MHz, 35, 5.02 W
1788704271.050095208,0 %, 208 MHz, 35, 5.07 W
1788704271.151176513,0 %, 208 MHz, 35, 5.07 W
1788704271.251992826,0 %, 208 MHz, 35, 5.07 W
1788704271.352634863,0 %, 208 MHz, 35, 5.07 W
1788704271.453252739,0 %, 208 MHz, 35, 5.07 W
1788704271.553947567,0 %, 208 MHz, 35, 5.07 W
1788704271.654969031,0 %, 208 MHz, 35, 5.07 W
1788704271.755396317,0 %, 208 MHz, 35, 5.07 W
1788704271.856224326,0 %, 208 MHz, 35, 5.07 W
1788704271.956703646,0 %, 208 MHz, 35, 5.07 W
1788704272.057993911,0 %, 208 MHz, 35, 5.07 W
1788704272.158642333,0 %, 208 MHz, 35, 5.07 W
1788704272.259338019,0 %, 208 MHz, 35, 5.07 W
1788704272.360107023,0 %, 208 MHz, 35, 5.07 W
1788704272.460734100,0 %, 208 MHz, 35, 5.07 W
1788704272.561593486,0 %, 208 MHz, 35, 5.07 W
1788704272.662759976,0 %, 208 MHz, 35, 5.07 W
1788704272.763415723,0 %, 208 MHz, 35, 5.07 W
1788704272.864004823,0 %, 208 MHz, 35, 5.07 W
1788704272.965085552,0 %, 208 MHz, 35, 5.07 W
1788704273.065497495,0 %, 208 MHz, 35, 5.03 W
1788704273.166482673,0 %, 208 MHz, 35, 5.03 W
1788704273.267198596,0 %, 208 MHz, 35, 5.03 W
1788704273.368041937,0 %, 208 MHz, 35, 5.03 W
1788704273.467650051,0 %, 208 MHz, 35, 5.03 W
1788704273.569262765,0 %, 208 MHz, 35, 5.03 W
1788704273.668732978,0 %, 208 MHz, 35, 5.03 W
1788704273.768707544,0 %, 208 MHz, 35, 5.03 W
1788704273.869501072,0 %, 208 MHz, 35, 5.03 W
1788704273.970351736,0 %, 208 MHz, 35, 5.03 W
1788704274.070612158,0 %, 208 MHz, 35, 5.04 W
1788704274.170673988,0 %, 208 MHz, 35, 5.04 W
1788704274.271167419,0 %, 208 MHz, 35, 5.04 W
1788704274.372036611,0 %, 208 MHz, 35, 5.04 W
1788704274.472176841,0 %, 208 MHz, 35, 5.04 W
1788704274.572367072,0 %, 208 MHz, 35, 5.04 W
1788704274.672138453,0 %, 208 MHz, 35, 5.04 W
1788704274.772101258,0 %, 208 MHz, 35, 5.04 W
1788704274.872310816,0 %, 208 MHz, 35, 5.04 W
1788704274.972320374,0 %, 208 MHz, 35, 5.04 W
1788704275.072583756,0 %, 208 MHz, 35, 5.05 W
1788704275.173564101,0 %, 208 MHz, 35, 5.05 W
1788704275.273564698,0 %, 208 MHz, 35, 5.05 W
1788704275.373975121,0 %, 208 MHz, 35, 5.05 W
1788704275.474141943,0 %, 208 MHz, 35, 5.05 W
1788704275.574471901,0 %, 208 MHz, 35, 5.05 W
1788704275.675255157,0 %, 208 MHz, 35, 5.05 W
1788704275.775999325,0 %, 208 MHz, 35, 5.05 W
1788704275.876151907,0 %, 208 MHz, 35, 5.05 W
1788704275.975518391,0 %, 208 MHz, 35, 5.05 W
1788704276.077308289,0 %, 208 MHz, 35, 5.09 W
1788704276.176569861,0 %, 208 MHz, 35, 5.09 W
1788704276.276659451,0 %, 208 MHz, 35, 5.09 W
1788704276.376709648,0 %, 208 MHz, 35, 5.09 W
1788704276.478429147,0 %, 208 MHz, 35, 5.09 W
1788704276.577782062,0 %, 208 MHz, 35, 5.09 W
1788704276.677964836,0 %, 208 MHz, 35, 5.09 W
1788704276.778106986,0 %, 208 MHz, 35, 5.09 W
1788704276.879774343,0 %, 208 MHz, 35, 5.09 W
1788704276.979634569,0 %, 208 MHz, 35, 5.09 W
1788704277.080365617,0 %, 208 MHz, 35, 5.08 W
1788704277.181355146,0 %, 208 MHz, 35, 5.08 W
1788704277.282393043,0 %, 208 MHz, 35, 5.08 W
1788704277.382880360,0 %, 208 MHz, 35, 5.08 W
1788704277.483882402,0 %, 208 MHz, 35, 5.08 W
1788704277.584289994,0 %, 208 MHz, 35, 5.05 W
1788704277.685203952,0 %, 208 MHz, 35, 5.05 W
1788704277.784385507,0 %, 208 MHz, 35, 5.05 W
1788704277.884831770,0 %, 208 MHz, 35, 5.05 W
1788704277.984803695,0 %, 208 MHz, 35, 5.05 W
1788704278.086202810,0 %, 208 MHz, 35, 5.05 W
1788704278.186490431,0 %, 208 MHz, 35, 5.05 W
1788704278.287550009,0 %, 208 MHz, 35, 5.05 W
1788704278.387787245,0 %, 208 MHz, 35, 5.05 W
1788704278.488512995,0 %, 208 MHz, 35, 5.08 W
1788704278.589160619,0 %, 208 MHz, 35, 5.08 W
1788704278.689579219,0 %, 208 MHz, 35, 5.08 W
1788704278.790084904,0 %, 208 MHz, 35, 5.08 W
1788704278.890734351,0 %, 208 MHz, 35, 5.08 W
1788704278.990948487,0 %, 208 MHz, 35, 5.08 W
1788704279.091761039,0 %, 208 MHz, 35, 5.08 W
1788704279.192761959,0 %, 208 MHz, 35, 5.08 W
1788704279.292938956,0 %, 208 MHz, 35, 5.08 W
1788704279.394188280,0 %, 208 MHz, 35, 5.08 W
1788704279.494851451,0 %, 208 MHz, 35, 5.08 W
1788704279.595554999,0 %, 208 MHz, 35, 5.08 W
1788704279.696256171,0 %, 208 MHz, 35, 5.08 W
1788704279.797068980,0 %, 208 MHz, 35, 5.08 W
1788704279.897471176,0 %, 208 MHz, 35, 5.08 W
1788704279.998519779,0 %, 208 MHz, 35, 5.02 W
1788704280.098781286,0 %, 208 MHz, 35, 5.02 W
1788704280.199203582,0 %, 208 MHz, 35, 5.02 W
1788704280.300271111,0 %, 208 MHz, 35, 5.02 W
1788704280.401073824,0 %, 208 MHz, 35, 5.02 W
1788704280.502377207,0 %, 208 MHz, 35, 5.02 W
1788704280.602621918,0 %, 208 MHz, 35, 5.02 W
1788704280.703540071,0 %, 208 MHz, 35, 5.02 W
1788704280.804300604,0 %, 208 MHz, 35, 5.02 W
1788704280.905267346,0 %, 208 MHz, 35, 5.02 W
1788704281.006343486,0 %, 208 MHz, 35, 5.01 W
1788704281.106860422,0 %, 208 MHz, 35, 5.01 W
1788704281.207577981,0 %, 208 MHz, 35, 5.01 W
1788704281.308138405,0 %, 208 MHz, 35, 5.01 W
1788704281.409039480,0 %, 208 MHz, 35, 5.01 W
1788704281.510062163,0 %, 208 MHz, 35, 5.02 W
1788704281.611033275,0 %, 208 MHz, 35, 5.02 W
1788704281.711552210,0 %, 208 MHz, 35, 5.02 W
1788704281.812196533,0 %, 208 MHz, 35, 5.02 W
1788704281.913243425,0 %, 208 MHz, 35, 5.02 W
1788704282.013274102,0 %, 208 MHz, 35, 5.02 W
1788704282.114226669,0 %, 208 MHz, 35, 5.02 W
1788704282.214939941,0 %, 208 MHz, 35, 5.02 W
1788704282.315724269,0 %, 208 MHz, 35, 5.02 W
1788704282.416735942,0 %, 208 MHz, 35, 5.02 W
1788704282.517177481,0 %, 208 MHz, 35, 5.02 W
1788704282.618179026,0 %, 208 MHz, 35, 5.02 W
1788704282.717812872,0 %, 208 MHz, 35, 5.02 W
1788704282.819032418,0 %, 208 MHz, 35, 5.02 W
1788704282.919197076,0 %, 208 MHz, 35, 5.02 W
1788704283.020016239,0 %, 208 MHz, 35, 4.98 W
1788704283.121242676,0 %, 208 MHz, 35, 4.98 W
1788704283.221504283,0 %, 208 MHz, 35, 4.98 W
1788704283.322512900,0 %, 208 MHz, 35, 4.98 W
