1788685519.982052800,0 %, 1690 MHz, 50, 7.27 W
1788685520.082556925,0 %, 1690 MHz, 50, 7.27 W
1788685520.182888745,0 %, 1690 MHz, 50, 7.28 W
1788685520.282839270,0 %, 1690 MHz, 50, 7.28 W
1788685520.383257763,0 %, 1690 MHz, 50, 7.28 W
1788685520.483959952,0 %, 1690 MHz, 50, 7.28 W
1788685520.584201997,0 %, 1690 MHz, 50, 7.28 W
1788685520.683892617,0 %, 1690 MHz, 50, 7.28 W
1788685520.784348726,0 %, 1690 MHz, 50, 7.28 W
1788685520.884772531,0 %, 1690 MHz, 50, 7.28 W
1788685520.984724752,0 %, 1690 MHz, 50, 7.28 W
1788685521.084868157,0 %, 1690 MHz, 50, 7.28 W
1788685521.185065578,16 %, 1690 MHz, 50, 7.36 W
1788685521.285248167,16 %, 1690 MHz, 50, 7.36 W
1788685521.385846020,16 %, 1690 MHz, 50, 7.36 W
1788685521.485544370,16 %, 1690 MHz, 50, 7.36 W
1788685521.585972895,16 %, 1690 MHz, 50, 7.36 W
1788685521.687022316,16 %, 1690 MHz, 50, 7.35 W
1788685521.787318985,16 %, 1690 MHz, 50, 7.35 W
1788685521.887099622,16 %, 1690 MHz, 50, 7.35 W
1788685521.987426307,16 %, 1690 MHz, 50, 7.35 W
1788685522.088251360,16 %, 1690 MHz, 50, 7.35 W
1788685522.188614350,0 %, 1690 MHz, 49, 7.25 W
1788685522.288769915,0 %, 1690 MHz, 49, 7.25 W
1788685522.389026505,0 %, 1690 MHz, 49, 7.25 W
1788685522.489135846,0 %, 1690 MHz, 49, 7.25 W
1788685522.589387828,0 %, 1690 MHz, 49, 7.25 W
1788685522.689988673,0 %, 1690 MHz, 49, 7.24 W
1788685522.790533838,0 %, 1690 MHz, 49, 7.24 W
1788685522.890804364,0 %, 1690 MHz, 49, 7.24 W
1788685522.990536970,0 %, 1690 MHz, 49, 7.24 W
1788685523.090557799,0 %, 1690 MHz, 49, 7.23 W
1788685523.190490421,0 %, 1690 MHz, 49, 7.23 W
1788685523.291060003,0 %, 1690 MHz, 49, 7.23 W
1788685523.391748481,0 %, 1690 MHz, 49, 7.23 W
1788685523.492572686,0 %, 1690 MHz, 49, 7.23 W
1788685523.592956828,0 %, 1690 MHz, 49, 7.23 W
1788685523.692902586,0 %, 1690 MHz, 49, 7.23 W
1788685523.793530184,0 %, 1690 MHz, 49, 7.23 W
1788685523.893580246,0 %, 1690 MHz, 49, 7.23 W
1788685523.993823651,0 %, 1690 MHz, 49, 7.23 W
1788685524.093958050,0 %, 1690 MHz, 49, 7.28 W
1788685524.194509728,0 %, 1690 MHz, 49, 7.28 W
1788685524.294439742,0 %, 1690 MHz, 49, 7.28 W
1788685524.394396764,0 %, 1690 MHz, 49, 7.28 W
1788685524.494602970,0 %, 1690 MHz, 49, 7.28 W
1788685524.595706584,0 %, 1690 MHz, 49, 7.27 W
1788685524.695260359,0 %, 1690 MHz, 49, 7.27 W
1788685524.795949093,0 %, 1690 MHz, 49, 7.27 W
1788685524.895844179,0 %, 1690 MHz, 49, 7.27 W
1788685524.996849137,0 %, 1690 MHz, 49, 7.27 W
1788685525.096412432,0 %, 1690 MHz, 49, 7.20 W
1788685525.196936446,0 %, 1690 MHz, 49, 7.20 W
1788685525.296893949,0 %, 1690 MHz, 49, 7.20 W
1788685525.397470475,0 %, 1690 MHz, 49, 7.20 W
1788685525.497606474,0 %, 1690 MHz, 49, 7.20 W
1788685525.598347160,0 %, 1690 MHz, 49, 7.24 W
1788685525.698325990,0 %, 1690 MHz, 49, 7.24 W
1788685525.799133909,0 %, 1690 MHz, 49, 7.24 W
1788685525.899111587,0 %, 1690 MHz, 49, 7.24 W
1788685525.999783442,0 %, 1690 MHz, 49, 7.24 W
1788685526.100513584,1 %, 1690 MHz, 49, 7.31 W
1788685526.200970847,1 %, 1690 MHz, 49, 7.31 W
1788685526.301022254,1 %, 1690 MHz, 49, 7.31 W
1788685526.402012061,1 %, 1690 MHz, 49, 7.31 W
1788685526.501671340,1 %, 1690 MHz, 49, 7.31 W
1788685526.602582026,1 %, 1690 MHz, 49, 7.30 W
1788685526.703004457,1 %, 1690 MHz, 49, 7.30 W
1788685526.803309112,1 %, 1690 MHz, 49, 7.30 W
1788685526.903438519,1 %, 1690 MHz, 49, 7.30 W
1788685527.004371989,1 %, 1690 MHz, 49, 7.30 W
1788685527.104620501,1 %, 1690 MHz, 49, 7.30 W
1788685527.204929476,1 %, 1690 MHz, 49, 7.30 W
1788685527.305212851,1 %, 1690 MHz, 49, 7.30 W
1788685527.405183186,1 %, 1690 MHz, 49, 7.30 W
1788685527.505672289,1 %, 1690 MHz, 49, 7.30 W
1788685527.606091856,1 %, 1690 MHz, 48, 7.31 W
1788685527.706278128,1 %, 1690 MHz, 48, 7.31 W
1788685527.806526575,1 %, 1690 MHz, 48, 7.31 W
1788685527.906553806,1 %, 1690 MHz, 48, 7.31 W
1788685528.007271645,1 %, 1690 MHz, 48, 7.31 W
1788685528.107765709,1 %, 1690 MHz, 48, 7.33 W
1788685528.207605244,1 %, 1690 MHz, 48, 7.33 W
1788685528.307843340,1 %, 1690 MHz, 48, 7.33 W
1788685528.408025611,1 %, 1690 MHz, 48, 7.33 W
1788685528.508233995,1 %, 1690 MHz, 48, 7.33 W
1788685528.608833562,1 %, 1690 MHz, 48, 7.34 W
1788685528.709229274,1 %, 1690 MHz, 48, 7.34 W
1788685528.809480681,1 %, 1690 MHz, 48, 7.34 W
1788685528.910155753,1 %, 1690 MHz, 48, 7.34 W
1788685529.010523864,1 %, 1690 MHz, 48, 7.34 W
1788685529.111569784,1 %, 1690 MHz, 48, 7.32 W
1788685529.211323960,1 %, 1690 MHz, 48, 7.32 W
1788685529.311625063,1 %, 1690 MHz, 48, 7.32 W
1788685529.411633847,1 %, 1690 MHz, 48, 7.32 W
1788685529.512300967,1 %, 1690 MHz, 48, 7.32 W
1788685529.612809367,1 %, 1690 MHz, 48, 7.31 W
1788685529.713608167,1 %, 1690 MHz, 48, 7.31 W
1788685529.813449767,1 %, 1690 MHz, 48, 7.31 W
1788685529.913582822,1 %, 1690 MHz, 48, 7.31 W
1788685530.013659238,1 %, 1690 MHz, 48, 7.31 W
1788685530.114188135,1 %, 1690 MHz, 48, 7.31 W
1788685530.214978327,1 %, 1690 MHz, 48, 7.31 W
1788685530.315289767,1 %, 1690 MHz, 48, 7.31 W
1788685530.415434823,1 %, 1690 MHz, 48, 7.31 W
1788685530.515783671,1 %, 1690 MHz, 48, 7.31 W
1788685530.616266375,1 %, 1690 MHz, 48, 7.28 W
1788685530.716983895,1 %, 1690 MHz, 48, 7.28 W
1788685530.817375751,1 %, 1690 MHz, 48, 7.28 W
1788685530.917294552,1 %, 1690 MHz, 48, 7.28 W
1788685531.018109048,1 %, 1690 MHz, 48, 7.28 W
1788685531.118633096,1 %, 1690 MHz, 48, 7.28 W
1788685531.219277257,1 %, 1690 MHz, 48, 7.28 W
1788685531.319799849,1 %, 1690 MHz, 48, 7.28 W
1788685531.420589273,1 %, 1690 MHz, 48, 7.28 W
1788685531.520558986,1 %, 1690 MHz, 48, 7.28 W
1788685531.620893515,1 %, 1690 MHz, 48, 7.27 W
1788685531.721634027,1 %, 1690 MHz, 48, 7.27 W
1788685531.821954171,1 %, 1690 MHz, 48, 7.27 W
1788685531.922078652,1 %, 1690 MHz, 48, 7.27 W
1788685532.022552572,1 %, 1690 MHz, 48, 7.27 W
1788685532.123417277,3 %, 1690 MHz, 48, 7.27 W
1788685532.223411470,3 %, 1690 MHz, 48, 7.27 W
1788685532.324431615,3 %, 1690 MHz, 48, 7.27 W
1788685532.424799456,3 %, 1690 MHz, 48, 7.27 W
1788685532.525254192,3 %, 1690 MHz, 48, 7.27 W
1788685532.625547025,3 %, 1690 MHz, 48, 7.29 W
1788685532.726105538,3 %, 1690 MHz, 48, 7.29 W
1788685532.826675459,3 %, 1690 MHz, 48, 7.29 W
1788685532.926974836,3 %, 1690 MHz, 48, 7.29 W
1788685533.027788340,3 %, 1690 MHz, 48, 7.29 W
1788685533.127774566,1 %, 1690 MHz, 48, 7.30 W
1788685533.228265319,1 %, 1690 MHz, 48, 7.30 W
1788685533.328589048,1 %, 1690 MHz, 48, 7.30 W
1788685533.428939193,1 %, 1690 MHz, 48, 7.30 W
1788685533.529389626,1 %, 1690 MHz, 48, 7.30 W
1788685533.629887211,1 %, 1690 MHz, 48, 7.31 W
1788685533.730449469,1 %, 1690 MHz, 48, 7.31 W
1788685533.831075278,1 %, 1690 MHz, 48, 7.31 W
1788685533.931490511,1 %, 1690 MHz, 48, 7.31 W
1788685534.031734880,1 %, 1690 MHz, 48, 7.31 W
1788685534.132248162,2 %, 1690 MHz, 49, 7.28 W
1788685534.232295939,2 %, 1690 MHz, 49, 7.28 W
1788685534.332760837,2 %, 1690 MHz, 49, 7.28 W
1788685534.433659782,2 %, 1690 MHz, 49, 7.28 W
1788685534.534249991,2 %, 1690 MHz, 49, 7.28 W
1788685534.634714665,2 %, 1690 MHz, 49, 7.27 W
1788685534.734918154,2 %, 1690 MHz, 49, 7.27 W
1788685534.835632716,2 %, 1690 MHz, 49, 7.27 W
1788685534.935946093,2 %, 1690 MHz, 49, 7.27 W
1788685535.036621807,2 %, 1690 MHz, 49, 7.27 W
1788685535.136958017,1 %, 1690 MHz, 49, 7.30 W
1788685535.237503218,1 %, 1690 MHz, 49, 7.30 W
1788685535.337281380,1 %, 1690 MHz, 49, 7.30 W
1788685535.437366214,1 %, 1690 MHz, 49, 7.30 W
1788685535.537588824,1 %, 1690 MHz, 49, 7.30 W
1788685535.638453850,1 %, 1690 MHz, 49, 7.30 W
1788685535.738408844,1 %, 1690 MHz, 49, 7.30 W
1788685535.838733406,1 %, 1690 MHz, 49, 7.30 W
1788685535.939634847,1 %, 1690 MHz, 49, 7.30 W
1788685536.039923569,1 %, 1690 MHz, 49, 7.30 W
1788685536.140588595,2 %, 1690 MHz, 49, 7.30 W
1788685536.240888918,2 %, 1690 MHz, 49, 7.30 W
1788685536.341562936,2 %, 1690 MHz, 49, 7.30 W
1788685536.442087930,2 %, 1690 MHz, 49, 7.30 W
1788685536.542128444,2 %, 1690 MHz, 49, 7.30 W
1788685536.642925390,2 %, 1690 MHz, 49, 7.29 W
1788685536.743230224,2 %, 1690 MHz, 49, 7.29 W
1788685536.843309139,2 %, 1690 MHz, 49, 7.29 W
1788685536.944248405,2 %, 1690 MHz, 49, 7.29 W
1788685537.044278535,2 %, 1690 MHz, 49, 7.29 W
1788685537.144775865,0 %, 1690 MHz, 49, 7.29 W
1788685537.245199676,0 %, 1690 MHz, 49, 7.29 W
1788685537.345995630,0 %, 1690 MHz, 49, 7.29 W
1788685537.446353729,0 %, 1690 MHz, 49, 7.29 W
1788685537.546931971,0 %, 1690 MHz, 49, 7.29 W
1788685537.647385030,0 %, 1690 MHz, 49, 7.32 W
1788685537.747895992,0 %, 1690 MHz, 49, 7.32 W
1788685537.848127403,0 %, 1690 MHz, 49, 7.32 W
1788685537.948808893,0 %, 1690 MHz, 49, 7.32 W
1788685538.049015936,0 %, 1690 MHz, 49, 7.32 W
1788685538.149659443,0 %, 1690 MHz, 49, 8.10 W
1788685538.250217669,0 %, 1690 MHz, 49, 8.10 W
1788685538.350534888,0 %, 1690 MHz, 49, 8.10 W
1788685538.450846363,0 %, 1690 MHz, 49, 8.10 W
1788685538.551317166,0 %, 1690 MHz, 49, 8.10 W
1788685538.651830289,0 %, 1690 MHz, 49, 8.12 W
1788685538.752219795,0 %, 1690 MHz, 49, 8.12 W
1788685538.852542326,0 %, 1690 MHz, 49, 8.12 W
1788685538.953235065,0 %, 1690 MHz, 49, 8.12 W
1788685539.053427644,0 %, 1690 MHz, 49, 8.12 W
1788685539.153990559,0 %, 1690 MHz, 49, 7.31 W
1788685539.254225138,0 %, 1690 MHz, 49, 7.31 W
1788685539.354672230,0 %, 1690 MHz, 49, 7.31 W
1788685539.455127529,0 %, 1690 MHz, 49, 7.31 W
1788685539.555605020,0 %, 1690 MHz, 49, 7.31 W
1788685539.656136031,0 %, 1690 MHz, 49, 7.28 W
1788685539.756598322,0 %, 1690 MHz, 49, 7.28 W
1788685539.857029749,0 %, 1690 MHz, 49, 7.28 W
1788685539.957557864,0 %, 1690 MHz, 49, 7.28 W
1788685540.057976508,0 %, 1690 MHz, 49, 7.28 W
1788685540.158458143,0 %, 1690 MHz, 49, 7.29 W
1788685540.258960355,0 %, 1690 MHz, 49, 7.29 W
1788685540.359097590,0 %, 1690 MHz, 49, 7.29 W
1788685540.459645226,0 %, 1690 MHz, 49, 7.29 W
1788685540.560183613,0 %, 1690 MHz, 49, 7.29 W
1788685540.660594817,0 %, 1690 MHz, 49, 7.28 W
1788685540.761011828,0 %, 1690 MHz, 49, 7.28 W
1788685540.861518871,0 %, 1690 MHz, 49, 7.28 W
1788685540.962029979,0 %, 1690 MHz, 49, 7.28 W
1788685541.062122351,0 %, 1690 MHz, 49, 7.28 W
1788685541.162672787,0 %, 1690 MHz, 49, 7.26 W
1788685541.263181750,0 %, 1690 MHz, 49, 7.26 W
1788685541.363615066,0 %, 1690 MHz, 49, 7.26 W
1788685541.464060990,0 %, 1690 MHz, 49, 7.26 W
1788685541.564507698,0 %, 1690 MHz, 49, 7.26 W
1788685541.665039909,0 %, 1690 MHz, 49, 7.28 W
1788685541.765474601,0 %, 1690 MHz, 49, 7.28 W
1788685541.865979437,0 %, 1690 MHz, 49, 7.28 W
1788685541.966171025,0 %, 1690 MHz, 49, 7.28 W
1788685542.066632533,0 %, 1690 MHz, 49, 7.28 W
1788685542.167126585,0 %, 1690 MHz, 49, 7.28 W
1788685542.267548765,0 %, 1690 MHz, 49, 7.28 W
1788685542.368092417,0 %, 1690 MHz, 49, 7.28 W
1788685542.468595317,0 %, 1690 MHz, 49, 7.28 W
1788685542.568995802,0 %, 1690 MHz, 49, 7.28 W
1788685542.669525838,0 %, 1690 MHz, 49, 7.32 W
1788685542.770014690,0 %, 1690 MHz, 49, 7.32 W
1788685542.870097334,0 %, 1690 MHz, 49, 7.32 W
1788685542.970638362,0 %, 1690 MHz, 49, 7.32 W
1788685543.071089647,0 %, 1690 MHz, 49, 7.32 W
1788685543.171739987,0 %, 1690 MHz, 50, 7.33 W
1788685543.272073175,0 %, 1690 MHz, 50, 7.33 W
1788685543.372069564,0 %, 1690 MHz, 50, 7.33 W
1788685543.471914337,0 %, 1690 MHz, 50, 7.33 W
1788685543.572334293,0 %, 1690 MHz, 50, 7.33 W
1788685543.672888314,0 %, 1690 MHz, 50, 7.29 W
1788685543.773223694,0 %, 1690 MHz, 50, 7.29 W
1788685543.873801890,0 %, 1690 MHz, 50, 7.29 W
1788685543.974221671,0 %, 1690 MHz, 50, 7.29 W
1788685544.074412524,0 %, 1690 MHz, 50, 7.29 W
1788685544.174934160,0 %, 1690 MHz, 50, 7.29 W
1788685544.275318933,0 %, 1690 MHz, 50, 7.29 W
1788685544.375706410,0 %, 1690 MHz, 50, 7.29 W
1788685544.476135039,0 %, 1690 MHz, 50, 7.29 W
1788685544.576624996,0 %, 1690 MHz, 50, 7.29 W
1788685544.677067720,0 %, 1690 MHz, 50, 7.32 W
1788685544.777612061,0 %, 1690 MHz, 50, 7.32 W
1788685544.877997042,0 %, 1690 MHz, 50, 7.32 W
1788685544.978544695,0 %, 1690 MHz, 50, 7.32 W
1788685545.078925804,0 %, 1690 MHz, 50, 7.32 W
1788685545.178719601,0 %, 1690 MHz, 50, 7.31 W
1788685545.279066342,0 %, 1690 MHz, 50, 7.31 W
1788685545.379180859,0 %, 1690 MHz, 50, 7.31 W
1788685545.479800817,0 %, 1690 MHz, 50, 7.31 W
1788685545.580184166,0 %, 1690 MHz, 50, 7.31 W
1788685545.680614251,0 %, 1690 MHz, 50, 7.28 W
1788685545.781085376,0 %, 1690 MHz, 50, 7.28 W
1788685545.881640021,0 %, 1690 MHz, 50, 7.28 W
1788685545.982026874,0 %, 1690 MHz, 50, 7.28 W
1788685546.082527631,0 %, 1690 MHz, 50, 7.28 W
1788685546.182976421,0 %, 1690 MHz, 50, 7.29 W
1788685546.283005515,0 %, 1690 MHz, 50, 7.29 W
1788685546.383590080,0 %, 1690 MHz, 50, 7.29 W
1788685546.484171317,0 %, 1690 MHz, 50, 7.29 W
1788685546.584682011,0 %, 1690 MHz, 50, 7.29 W
1788685546.685045888,0 %, 1690 MHz, 50, 7.34 W
1788685546.785598582,0 %, 1690 MHz, 50, 7.34 W
1788685546.886095403,0 %, 1690 MHz, 50, 7.34 W
1788685546.986421841,0 %, 1690 MHz, 50, 7.34 W
1788685547.086787926,0 %, 1690 MHz, 50, 7.34 W
1788685547.187150252,0 %, 1690 MHz, 50, 7.36 W
1788685547.287717682,0 %, 1690 MHz, 50, 7.36 W
1788685547.388188088,0 %, 1690 MHz, 50, 7.36 W
1788685547.488683709,0 %, 1690 MHz, 50, 7.36 W
1788685547.589248419,0 %, 1690 MHz, 50, 7.36 W
1788685547.689765529,0 %, 1690 MHz, 50, 7.35 W
1788685547.790226127,0 %, 1690 MHz, 50, 7.35 W
1788685547.890764932,0 %, 1690 MHz, 50, 7.35 W
1788685547.991202618,0 %, 1690 MHz, 50, 7.35 W
1788685548.091685312,0 %, 1690 MHz, 50, 7.35 W
1788685548.192183910,0 %, 1690 MHz, 50, 7.34 W
1788685548.292310141,0 %, 1690 MHz, 50, 7.34 W
1788685548.392916403,0 %, 1690 MHz, 50, 7.34 W
1788685548.493045081,0 %, 1690 MHz, 50, 7.34 W
1788685548.593564031,0 %, 1690 MHz, 50, 7.32 W
1788685548.694043237,0 %, 1690 MHz, 50, 7.32 W
1788685548.794217515,0 %, 1690 MHz, 50, 7.32 W
1788685548.894791169,0 %, 1690 MHz, 50, 7.32 W
1788685548.995216983,0 %, 1690 MHz, 50, 7.32 W
1788685549.095796542,0 %, 1690 MHz, 50, 7.31 W
1788685549.196324020,0 %, 1690 MHz, 50, 7.31 W
1788685549.296751514,0 %, 1690 MHz, 50, 7.31 W
1788685549.397310097,0 %, 1690 MHz, 50, 7.31 W
1788685549.497742839,0 %, 1690 MHz, 50, 7.31 W
1788685549.598300734,0 %, 1690 MHz, 50, 7.28 W
1788685549.698738580,0 %, 1690 MHz, 50, 7.28 W
1788685549.799190875,0 %, 1690 MHz, 50, 7.28 W
1788685549.899411809,0 %, 1690 MHz, 50, 7.28 W
1788685549.999564807,0 %, 1690 MHz, 50, 7.28 W
1788685550.100155742,0 %, 1690 MHz, 50, 7.27 W
1788685550.200342229,0 %, 1690 MHz, 50, 7.27 W
1788685550.300887532,0 %, 1690 MHz, 50, 7.27 W
1788685550.401324467,0 %, 1690 MHz, 50, 7.27 W
1788685550.501851705,0 %, 1690 MHz, 50, 7.27 W
1788685550.602322400,0 %, 1690 MHz, 50, 7.29 W
1788685550.703027511,0 %, 1690 MHz, 50, 7.29 W
1788685550.803608461,0 %, 1690 MHz, 50, 7.29 W
1788685550.903762612,0 %, 1690 MHz, 50, 7.29 W
1788685551.004234491,0 %, 1690 MHz, 50, 7.29 W
1788685551.104798898,0 %, 1690 MHz, 50, 7.32 W
1788685551.205496681,0 %, 1690 MHz, 50, 7.32 W
1788685551.305797632,0 %, 1690 MHz, 50, 7.32 W
1788685551.406279943,0 %, 1690 MHz, 50, 7.32 W
1788685551.506766206,0 %, 1690 MHz, 50, 7.32 W
1788685551.607226213,0 %, 1690 MHz, 50, 7.32 W
1788685551.707784076,0 %, 1690 MHz, 50, 7.32 W
1788685551.808186452,0 %, 1690 MHz, 50, 7.32 W
1788685551.908714986,0 %, 1690 MHz, 50, 7.32 W
1788685552.009169490,0 %, 1690 MHz, 50, 7.32 W
1788685552.109668633,0 %, 1690 MHz, 50, 7.31 W
1788685552.210126848,0 %, 1690 MHz, 50, 7.31 W
1788685552.310359656,0 %, 1690 MHz, 50, 7.31 W
1788685552.410765711,0 %, 1690 MHz, 50, 7.31 W
1788685552.511389671,0 %, 1690 MHz, 50, 7.31 W
1788685552.611852366,0 %, 1690 MHz, 50, 7.30 W
1788685552.712782149,0 %, 1690 MHz, 50, 7.30 W
1788685552.812763853,0 %, 1690 MHz, 50, 7.30 W
1788685552.913172388,0 %, 1690 MHz, 50, 7.30 W
1788685553.013519932,0 %, 1690 MHz, 50, 7.30 W
1788685553.113983843,0 %, 1690 MHz, 50, 7.28 W
1788685553.214323899,0 %, 1690 MHz, 50, 7.28 W
1788685553.314870675,0 %, 1690 MHz, 50, 7.28 W
1788685553.415257275,0 %, 1690 MHz, 50, 7.28 W
1788685553.515329730,0 %, 1690 MHz, 50, 7.28 W
1788685553.615827034,0 %, 1690 MHz, 50, 7.27 W
1788685553.717045538,0 %, 1690 MHz, 50, 7.27 W
1788685553.816781114,0 %, 1690 MHz, 50, 7.27 W
1788685553.917250385,0 %, 1690 MHz, 50, 7.27 W
1788685554.017724233,0 %, 1690 MHz, 50, 7.27 W
1788685554.118219569,0 %, 1690 MHz, 50, 7.26 W
1788685554.218730361,0 %, 1690 MHz, 50, 7.26 W
1788685554.319186545,0 %, 1690 MHz, 50, 7.26 W
1788685554.419969673,0 %, 1690 MHz, 50, 7.26 W
1788685554.520226001,0 %, 1690 MHz, 50, 7.26 W
1788685554.620440345,0 %, 1690 MHz, 50, 7.27 W
1788685554.720960225,0 %, 1690 MHz, 50, 7.27 W
1788685554.821382041,0 %, 1690 MHz, 50, 7.27 W
1788685554.921901409,0 %, 1690 MHz, 50, 7.27 W
1788685555.022371594,0 %, 1690 MHz, 50, 7.27 W
1788685555.122894066,0 %, 1690 MHz, 50, 7.31 W
1788685555.223316106,0 %, 1690 MHz, 50, 7.31 W
1788685555.323805555,0 %, 1690 MHz, 50, 7.31 W
1788685555.424343387,0 %, 1690 MHz, 50, 7.31 W
1788685555.524853443,0 %, 1690 MHz, 50, 7.31 W
1788685555.625519068,0 %, 1690 MHz, 50, 7.33 W
1788685555.725843140,0 %, 1690 MHz, 50, 7.33 W
1788685555.826272492,0 %, 1690 MHz, 50, 7.33 W
1788685555.926566069,0 %, 1690 MHz, 50, 7.33 W
1788685556.026971117,0 %, 1690 MHz, 50, 7.33 W
1788685556.127328326,0 %, 1690 MHz, 50, 7.32 W
1788685556.227801167,0 %, 1690 MHz, 50, 7.32 W
1788685556.328291463,0 %, 1690 MHz, 50, 7.32 W
1788685556.428770960,0 %, 1690 MHz, 50, 7.32 W
1788685556.529241577,0 %, 1690 MHz, 50, 7.32 W
1788685556.629971729,0 %, 1690 MHz, 50, 7.30 W
1788685556.730917354,0 %, 1690 MHz, 50, 7.30 W
1788685556.830723171,0 %, 1690 MHz, 50, 7.30 W
1788685556.931499659,0 %, 1690 MHz, 50, 7.30 W
1788685557.031754244,0 %, 1690 MHz, 50, 7.30 W
1788685557.132184445,0 %, 1690 MHz, 51, 7.30 W
1788685557.232716006,0 %, 1690 MHz, 51, 7.30 W
1788685557.333204063,0 %, 1690 MHz, 51, 7.30 W
1788685557.433654152,0 %, 1690 MHz, 51, 7.30 W
1788685557.534107201,0 %, 1690 MHz, 51, 7.30 W
1788685557.634561386,0 %, 1690 MHz, 51, 7.34 W
1788685557.734859251,0 %, 1690 MHz, 51, 7.34 W
1788685557.835459196,0 %, 1690 MHz, 51, 7.34 W
1788685557.935884757,0 %, 1690 MHz, 51, 7.34 W
1788685558.036438046,0 %, 1690 MHz, 51, 7.34 W
1788685558.136899224,0 %, 1690 MHz, 51, 7.35 W
1788685558.237862961,0 %, 1690 MHz, 51, 7.35 W
1788685558.338247802,0 %, 1690 MHz, 51, 7.35 W
1788685558.438523587,0 %, 1690 MHz, 51, 7.35 W
1788685558.539297693,0 %, 1690 MHz, 51, 7.35 W
1788685558.639558086,0 %, 1690 MHz, 50, 7.33 W
1788685558.739973951,0 %, 1690 MHz, 50, 7.33 W
1788685558.840994809,0 %, 1690 MHz, 50, 7.33 W
1788685558.941389058,0 %, 1690 MHz, 50, 7.33 W
1788685559.041614508,0 %, 1690 MHz, 50, 7.33 W
1788685559.142414405,0 %, 1690 MHz, 50, 7.36 W
1788685559.242856431,0 %, 1690 MHz, 50, 7.36 W
1788685559.343233128,0 %, 1690 MHz, 50, 7.36 W
1788685559.443522610,0 %, 1690 MHz, 50, 7.36 W
1788685559.543671164,0 %, 1690 MHz, 50, 7.36 W
1788685559.644360501,0 %, 1690 MHz, 50, 7.34 W
1788685559.744751775,0 %, 1690 MHz, 50, 7.34 W
1788685559.845313193,0 %, 1690 MHz, 50, 7.34 W
1788685559.945457250,0 %, 1690 MHz, 50, 7.34 W
1788685560.046409948,0 %, 1690 MHz, 50, 7.34 W
1788685560.146674102,0 %, 1690 MHz, 50, 7.30 W
1788685560.247463760,0 %, 1690 MHz, 50, 7.30 W
1788685560.347900410,0 %, 1690 MHz, 50, 7.30 W
1788685560.448259700,0 %, 1690 MHz, 50, 7.30 W
1788685560.549108958,0 %, 1690 MHz, 50, 7.30 W
1788685560.649597048,0 %, 1690 MHz, 50, 7.28 W
1788685560.749968226,0 %, 1690 MHz, 50, 7.28 W
1788685560.850668572,0 %, 1690 MHz, 50, 7.28 W
1788685560.951070934,0 %, 1690 MHz, 50, 7.28 W
1788685561.051927664,0 %, 1690 MHz, 50, 7.28 W
1788685561.152391610,0 %, 1690 MHz, 50, 7.27 W
1788685561.252620260,0 %, 1690 MHz, 50, 7.27 W
1788685561.352941119,0 %, 1690 MHz, 50, 7.27 W
1788685561.452985577,0 %, 1690 MHz, 50, 7.27 W
1788685561.553961443,0 %, 1690 MHz, 50, 7.27 W
1788685561.654544333,0 %, 1690 MHz, 49, 7.28 W
1788685561.754775304,0 %, 1690 MHz, 49, 7.28 W
1788685561.855578690,0 %, 1690 MHz, 49, 7.28 W
1788685561.956548252,0 %, 1690 MHz, 49, 7.28 W
1788685562.057049094,0 %, 1690 MHz, 49, 7.28 W
1788685562.157992209,0 %, 1690 MHz, 49, 7.28 W
1788685562.258512748,0 %, 1690 MHz, 49, 7.28 W
1788685562.359391046,0 %, 1690 MHz, 49, 7.28 W
1788685562.460008945,0 %, 1690 MHz, 49, 7.28 W
1788685562.560850747,0 %, 1690 MHz, 49, 7.28 W
1788685562.661437830,0 %, 1690 MHz, 49, 7.27 W
1788685562.762446816,0 %, 1690 MHz, 49, 7.27 W
1788685562.862850843,0 %, 1690 MHz, 49, 7.27 W
1788685562.963682805,0 %, 1690 MHz, 49, 7.27 W
1788685563.064587472,0 %, 1690 MHz, 49, 7.27 W
1788685563.165129963,0 %, 1690 MHz, 49, 7.26 W
1788685563.266074710,0 %, 1690 MHz, 49, 7.26 W
1788685563.366620337,0 %, 1690 MHz, 49, 7.26 W
1788685563.466706732,0 %, 1690 MHz, 49, 7.26 W
1788685563.566756791,0 %, 1690 MHz, 49, 7.26 W
1788685563.667016626,0 %, 1690 MHz, 49, 7.27 W
1788685563.767080509,0 %, 1690 MHz, 49, 7.27 W
1788685563.866870680,0 %, 1690 MHz, 49, 7.27 W
1788685563.968182242,0 %, 1690 MHz, 49, 7.27 W
1788685564.068678365,0 %, 1690 MHz, 49, 7.27 W
1788685564.169606585,0 %, 1690 MHz, 49, 7.28 W
1788685564.270156340,0 %, 1690 MHz, 49, 7.28 W
1788685564.370417983,0 %, 1690 MHz, 49, 7.28 W
1788685564.471246618,0 %, 1690 MHz, 49, 7.28 W
1788685564.571910597,0 %, 1690 MHz, 49, 7.28 W
1788685564.672722753,0 %, 1690 MHz, 48, 7.30 W
1788685564.773646908,0 %, 1690 MHz, 48, 7.30 W
1788685564.874143831,0 %, 1690 MHz, 48, 7.30 W
1788685564.975099314,0 %, 1690 MHz, 48, 7.30 W
1788685565.075645262,0 %, 1690 MHz, 48, 7.30 W
1788685565.176550937,0 %, 1690 MHz, 48, 7.28 W
1788685565.277121333,0 %, 1690 MHz, 48, 7.28 W
1788685565.377978320,0 %, 1690 MHz, 48, 7.28 W
1788685565.478584540,0 %, 1690 MHz, 48, 7.28 W
1788685565.578567287,0 %, 1690 MHz, 48, 7.28 W
1788685565.678778035,0 %, 1690 MHz, 48, 7.26 W
1788685565.779141598,0 %, 1690 MHz, 48, 7.26 W
1788685565.879173354,0 %, 1690 MHz, 48, 7.26 W
1788685565.979238598,0 %, 1690 MHz, 48, 7.26 W
1788685566.080374161,0 %, 1690 MHz, 48, 7.26 W
1788685566.180163213,0 %, 1690 MHz, 48, 7.26 W
1788685566.280944089,0 %, 1690 MHz, 48, 7.26 W
1788685566.381807477,0 %, 1690 MHz, 48, 7.26 W
1788685566.481889505,0 %, 1690 MHz, 48, 7.26 W
1788685566.582813980,0 %, 1690 MHz, 48, 7.26 W
1788685566.683482312,0 %, 1690 MHz, 48, 7.26 W
1788685566.784542132,0 %, 1690 MHz, 48, 7.26 W
1788685566.884980704,0 %, 1690 MHz, 48, 7.26 W
1788685566.985005228,0 %, 1690 MHz, 48, 7.26 W
1788685567.085832456,0 %, 1690 MHz, 48, 7.26 W
1788685567.186612724,0 %, 1690 MHz, 48, 7.23 W
1788685567.287563392,0 %, 1690 MHz, 48, 7.23 W
1788685567.388084700,0 %, 1690 MHz, 48, 7.23 W
1788685567.488997688,0 %, 1690 MHz, 48, 7.23 W
1788685567.589656868,0 %, 1690 MHz, 48, 7.23 W
1788685567.690497201,0 %, 1690 MHz, 48, 7.22 W
1788685567.791119837,0 %, 1690 MHz, 48, 7.22 W
1788685567.891928073,0 %, 1690 MHz, 48, 7.22 W
1788685567.992874741,0 %, 1690 MHz, 48, 7.22 W
1788685568.093400433,0 %, 1690 MHz, 48, 7.22 W
1788685568.194313326,0 %, 1690 MHz, 48, 7.24 W
1788685568.294959690,0 %, 1690 MHz, 48, 7.24 W
1788685568.395670775,0 %, 1690 MHz, 48, 7.24 W
1788685568.496134995,0 %, 1690 MHz, 48, 7.24 W
1788685568.597062208,0 %, 1690 MHz, 48, 7.29 W
1788685568.697535692,0 %, 1690 MHz, 48, 7.29 W
1788685568.798440808,0 %, 1690 MHz, 48, 7.29 W
1788685568.898719317,0 %, 1690 MHz, 48, 7.29 W
1788685568.999315377,0 %, 1690 MHz, 48, 7.29 W
1788685569.100160894,0 %, 1690 MHz, 48, 7.30 W
1788685569.200534683,0 %, 1690 MHz, 48, 7.30 W
1788685569.301396040,0 %, 1690 MHz, 48, 7.30 W
1788685569.402034196,0 %, 1690 MHz, 48, 7.30 W
1788685569.502888241,0 %, 1690 MHz, 48, 7.30 W
1788685569.603492622,0 %, 1690 MHz, 48, 7.24 W
1788685569.704774235,0 %, 1690 MHz, 48, 7.24 W
1788685569.805233383,0 %, 1690 MHz, 48, 7.24 W
1788685569.905793172,0 %, 1690 MHz, 48, 7.24 W
1788685570.006714641,0 %, 1690 MHz, 48, 7.24 W
1788685570.106628190,0 %, 1690 MHz, 47, 7.21 W
1788685570.207370907,0 %, 1690 MHz, 47, 7.21 W
1788685570.308297976,0 %, 1690 MHz, 47, 7.21 W
1788685570.408913237,0 %, 1690 MHz, 47, 7.21 W
1788685570.509781074,0 %, 1690 MHz, 47, 7.21 W
1788685570.610375759,0 %, 1690 MHz, 47, 7.23 W
1788685570.710642141,0 %, 1690 MHz, 47, 7.23 W
1788685570.811410666,0 %, 1690 MHz, 47, 7.23 W
1788685570.912349207,0 %, 1690 MHz, 47, 7.23 W
1788685571.012901508,0 %, 1690 MHz, 47, 7.23 W
1788685571.113812369,0 %, 1690 MHz, 47, 7.24 W
1788685571.214435566,0 %, 1690 MHz, 47, 7.24 W
1788685571.315289356,0 %, 1690 MHz, 47, 7.24 W
1788685571.415538393,0 %, 1690 MHz, 47, 7.24 W
1788685571.516485863,0 %, 1690 MHz, 47, 7.24 W
1788685571.617056916,0 %, 1690 MHz, 47, 7.23 W
1788685571.717960273,0 %, 1690 MHz, 47, 7.23 W
1788685571.818606303,0 %, 1690 MHz, 47, 7.23 W
1788685571.919284092,0 %, 1690 MHz, 47, 7.23 W
1788685572.019846538,0 %, 1690 MHz, 47, 7.23 W
1788685572.120661591,0 %, 1690 MHz, 47, 7.21 W
1788685572.221284565,0 %, 1690 MHz, 47, 7.21 W
1788685572.321533267,0 %, 1690 MHz, 47, 7.21 W
1788685572.422368272,0 %, 1690 MHz, 47, 7.21 W
1788685572.522973150,0 %, 1690 MHz, 47, 7.21 W
1788685572.623787724,0 %, 1690 MHz, 47, 7.18 W
1788685572.724742537,0 %, 1690 MHz, 47, 7.18 W
1788685572.825314247,0 %, 1690 MHz, 47, 7.18 W
1788685572.925551013,0 %, 1690 MHz, 47, 7.18 W
1788685573.026438595,0 %, 1690 MHz, 47, 7.18 W
1788685573.127056801,0 %, 1690 MHz, 47, 7.16 W
1788685573.227900863,0 %, 1690 MHz, 47, 7.16 W
1788685573.328860925,0 %, 1690 MHz, 47, 7.16 W
1788685573.429380203,0 %, 1690 MHz, 47, 7.16 W
1788685573.530293113,0 %, 1690 MHz, 47, 7.16 W
1788685573.630885271,0 %, 1690 MHz, 47, 7.18 W
1788685573.731671605,0 %, 1690 MHz, 47, 7.18 W
1788685573.832127507,0 %, 1690 MHz, 47, 7.18 W
1788685573.932500785,0 %, 1690 MHz, 47, 7.18 W
1788685574.033156015,0 %, 1690 MHz, 47, 7.18 W
1788685574.133884397,0 %, 1690 MHz, 47, 7.17 W
1788685574.234746251,0 %, 1690 MHz, 47, 7.17 W
1788685574.335347450,0 %, 1690 MHz, 47, 7.17 W
1788685574.436172456,0 %, 1690 MHz, 47, 7.17 W
1788685574.537078278,0 %, 1690 MHz, 47, 7.17 W
1788685574.637654949,0 %, 1690 MHz, 47, 7.17 W
1788685574.738572643,0 %, 1690 MHz, 47, 7.17 W
1788685574.839126961,0 %, 1690 MHz, 47, 7.17 W
1788685574.940016272,0 %, 1690 MHz, 47, 7.17 W
1788685575.040661054,0 %, 1690 MHz, 47, 7.17 W
1788685575.141476061,0 %, 1690 MHz, 47, 7.19 W
1788685575.242387819,0 %, 1690 MHz, 47, 7.19 W
1788685575.342703450,0 %, 1690 MHz, 47, 7.19 W
1788685575.443245145,0 %, 1690 MHz, 47, 7.19 W
1788685575.543551191,0 %, 1690 MHz, 47, 7.19 W
1788685575.644373942,0 %, 1690 MHz, 47, 7.19 W
1788685575.745006693,0 %, 1690 MHz, 47, 7.19 W
1788685575.845668755,0 %, 1690 MHz, 47, 7.19 W
1788685575.946266770,0 %, 1690 MHz, 47, 7.19 W
1788685576.047108065,0 %, 1690 MHz, 47, 7.19 W
1788685576.147706624,0 %, 1690 MHz, 47, 7.22 W
1788685576.248549470,0 %, 1690 MHz, 47, 7.22 W
1788685576.349497229,0 %, 1690 MHz, 47, 7.22 W
1788685576.450031404,0 %, 1690 MHz, 47, 7.22 W
1788685576.550952859,0 %, 1690 MHz, 47, 7.22 W
1788685576.651554970,0 %, 1690 MHz, 47, 7.22 W
1788685576.752384697,0 %, 1690 MHz, 47, 7.22 W
1788685576.853030664,0 %, 1690 MHz, 47, 7.22 W
1788685576.953830807,0 %, 1690 MHz, 47, 7.22 W
1788685577.054792502,0 %, 1690 MHz, 47, 7.22 W
1788685577.155262549,0 %, 1690 MHz, 47, 7.19 W
1788685577.255729685,0 %, 1690 MHz, 47, 7.19 W
1788685577.356228356,0 %, 1690 MHz, 47, 7.19 W
1788685577.456490915,0 %, 1690 MHz, 47, 7.19 W
1788685577.556945858,0 %, 1690 MHz, 47, 7.19 W
1788685577.657425586,0 %, 1690 MHz, 47, 7.20 W
1788685577.758323617,0 %, 1690 MHz, 47, 7.20 W
1788685577.858843280,0 %, 1690 MHz, 47, 7.20 W
1788685577.959635759,0 %, 1690 MHz, 47, 7.20 W
1788685578.060146271,0 %, 1690 MHz, 47, 7.20 W
1788685578.160766350,0 %, 1690 MHz, 47, 7.21 W
1788685578.261223454,0 %, 1690 MHz, 47, 7.21 W
1788685578.361756142,0 %, 1690 MHz, 47, 7.21 W
1788685578.462183933,0 %, 1690 MHz, 47, 7.21 W
1788685578.562680781,0 %, 1690 MHz, 47, 7.21 W
1788685578.663151708,0 %, 1690 MHz, 47, 7.19 W
1788685578.763792588,0 %, 1690 MHz, 47, 7.19 W
1788685578.864574059,0 %, 1690 MHz, 47, 7.19 W
1788685578.965292795,0 %, 1690 MHz, 47, 7.19 W
1788685579.065414971,0 %, 1690 MHz, 47, 7.19 W
1788685579.165516347,0 %, 1690 MHz, 47, 7.21 W
1788685579.265818699,0 %, 1690 MHz, 47, 7.21 W
1788685579.366181035,0 %, 1690 MHz, 47, 7.21 W
1788685579.466907563,0 %, 1690 MHz, 47, 7.21 W
1788685579.567289674,0 %, 1690 MHz, 47, 7.21 W
1788685579.667760170,0 %, 1690 MHz, 47, 7.24 W
1788685579.768327546,0 %, 1690 MHz, 47, 7.24 W
1788685579.868547706,0 %, 1690 MHz, 47, 7.24 W
1788685579.969228682,0 %, 1690 MHz, 47, 7.24 W
1788685580.069529738,0 %, 1690 MHz, 47, 7.24 W
1788685580.170189546,0 %, 1690 MHz, 47, 7.21 W
1788685580.270457995,0 %, 1690 MHz, 47, 7.21 W
1788685580.371148043,0 %, 1690 MHz, 47, 7.21 W
1788685580.471386507,0 %, 1690 MHz, 47, 7.21 W
1788685580.571890523,0 %, 1690 MHz, 47, 7.21 W
1788685580.672331403,0 %, 1690 MHz, 47, 7.16 W
1788685580.772844716,0 %, 1690 MHz, 47, 7.16 W
1788685580.873069116,0 %, 1690 MHz, 47, 7.16 W
1788685580.973822636,0 %, 1690 MHz, 47, 7.16 W
1788685581.074089356,0 %, 1690 MHz, 47, 7.16 W
1788685581.174838557,0 %, 1690 MHz, 48, 7.15 W
1788685581.275209661,0 %, 1690 MHz, 48, 7.15 W
1788685581.375775870,0 %, 1690 MHz, 48, 7.15 W
1788685581.476108270,0 %, 1690 MHz, 48, 7.15 W
1788685581.576602703,0 %, 1690 MHz, 48, 7.15 W
1788685581.677131503,0 %, 1690 MHz, 48, 7.15 W
1788685581.777343840,0 %, 1690 MHz, 48, 7.15 W
1788685581.877686592,0 %, 1690 MHz, 48, 7.15 W
1788685581.978323249,0 %, 1690 MHz, 48, 7.15 W
1788685582.078615698,0 %, 1690 MHz, 48, 7.15 W
1788685582.179227155,0 %, 1690 MHz, 48, 7.16 W
1788685582.279835363,0 %, 1690 MHz, 48, 7.16 W
1788685582.379979860,0 %, 1690 MHz, 48, 7.16 W
1788685582.480292773,0 %, 1690 MHz, 48, 7.16 W
1788685582.580952006,0 %, 1690 MHz, 48, 7.16 W
1788685582.681787079,0 %, 1690 MHz, 48, 7.20 W
1788685582.781681448,0 %, 1690 MHz, 48, 7.20 W
1788685582.882482360,0 %, 1690 MHz, 48, 7.20 W
1788685582.982472361,0 %, 1690 MHz, 48, 7.20 W
1788685583.082745386,0 %, 1690 MHz, 48, 7.20 W
1788685583.183511947,0 %, 1690 MHz, 48, 7.26 W
1788685583.283822989,0 %, 1690 MHz, 48, 7.26 W
1788685583.384387198,0 %, 1690 MHz, 48, 7.26 W
1788685583.484629935,0 %, 1690 MHz, 48, 7.26 W
1788685583.585265616,0 %, 1690 MHz, 48, 7.26 W
1788685583.685851585,0 %, 1690 MHz, 48, 7.29 W
1788685583.786220290,0 %, 1690 MHz, 48, 7.29 W
1788685583.886091283,0 %, 1690 MHz, 48, 7.29 W
1788685583.986044228,0 %, 1690 MHz, 48, 7.29 W
1788685584.086332774,0 %, 1690 MHz, 48, 7.29 W
1788685584.186668343,0 %, 1690 MHz, 48, 7.33 W
1788685584.287498761,0 %, 1690 MHz, 48, 7.33 W
1788685584.387940298,0 %, 1690 MHz, 48, 7.33 W
1788685584.488296780,0 %, 1690 MHz, 48, 7.33 W
1788685584.588915597,0 %, 1690 MHz, 48, 7.33 W
1788685584.688806031,0 %, 1690 MHz, 48, 7.35 W
1788685584.789387136,0 %, 1690 MHz, 48, 7.35 W
1788685584.889286481,0 %, 1690 MHz, 48, 7.35 W
1788685584.989392339,0 %, 1690 MHz, 48, 7.35 W
1788685585.089299909,0 %, 1690 MHz, 48, 7.35 W
1788685585.190256758,0 %, 1690 MHz, 48, 7.31 W
1788685585.290470600,0 %, 1690 MHz, 48, 7.31 W
1788685585.390745882,0 %, 1690 MHz, 48, 7.31 W
1788685585.491172652,0 %, 1690 MHz, 48, 7.31 W
1788685585.591464957,0 %, 1690 MHz, 48, 7.31 W
1788685585.692109535,0 %, 1690 MHz, 48, 7.29 W
1788685585.792247873,0 %, 1690 MHz, 48, 7.29 W
1788685585.892597363,0 %, 1690 MHz, 48, 7.29 W
1788685585.993077124,0 %, 1690 MHz, 48, 7.29 W
1788685586.093438790,0 %, 1690 MHz, 48, 7.29 W
1788685586.193742744,0 %, 1690 MHz, 48, 7.28 W
1788685586.294165866,0 %, 1690 MHz, 48, 7.28 W
1788685586.394938764,0 %, 1690 MHz, 48, 7.28 W
1788685586.495159838,0 %, 1690 MHz, 48, 7.28 W
1788685586.595742128,0 %, 1690 MHz, 48, 7.28 W
1788685586.696271922,0 %, 1690 MHz, 48, 7.27 W
1788685586.796725941,0 %, 1690 MHz, 48, 7.27 W
1788685586.897160743,0 %, 1690 MHz, 48, 7.27 W
1788685586.997383465,0 %, 1690 MHz, 48, 7.27 W
1788685587.097883803,0 %, 1690 MHz, 48, 7.27 W
1788685587.198285645,0 %, 1690 MHz, 48, 7.28 W
1788685587.298842368,0 %, 1690 MHz, 48, 7.28 W
1788685587.399240002,0 %, 1690 MHz, 48, 7.28 W
1788685587.499683700,0 %, 1690 MHz, 48, 7.28 W
1788685587.600150775,0 %, 1690 MHz, 48, 7.27 W
1788685587.700741177,0 %, 1690 MHz, 48, 7.27 W
1788685587.801160555,0 %, 1690 MHz, 48, 7.27 W
1788685587.901545710,0 %, 1690 MHz, 48, 7.27 W
1788685588.002146640,0 %, 1690 MHz, 48, 7.27 W
1788685588.102523683,0 %, 1690 MHz, 48, 7.21 W
1788685588.203004117,0 %, 1690 MHz, 48, 7.21 W
1788685588.303298408,0 %, 1690 MHz, 48, 7.21 W
1788685588.403827738,0 %, 1690 MHz, 48, 7.21 W
1788685588.504240541,0 %, 1690 MHz, 48, 7.21 W
1788685588.604772048,0 %, 1690 MHz, 49, 7.18 W
1788685588.705222226,0 %, 1690 MHz, 49, 7.18 W
1788685588.805657381,0 %, 1690 MHz, 49, 7.18 W
1788685588.906134968,0 %, 1690 MHz, 49, 7.18 W
1788685589.006610682,0 %, 1690 MHz, 49, 7.18 W
1788685589.107124893,0 %, 1690 MHz, 49, 7.20 W
1788685589.207544992,0 %, 1690 MHz, 49, 7.20 W
1788685589.308091299,0 %, 1690 MHz, 49, 7.20 W
1788685589.408465750,0 %, 1690 MHz, 49, 7.20 W
1788685589.509057689,0 %, 1690 MHz, 49, 7.20 W
1788685589.609310588,0 %, 1690 MHz, 49, 7.20 W
1788685589.709787727,0 %, 1690 MHz, 49, 7.20 W
1788685589.810399202,0 %, 1690 MHz, 49, 7.20 W
1788685589.910840501,0 %, 1690 MHz, 49, 7.20 W
1788685590.011197256,0 %, 1690 MHz, 49, 7.20 W
1788685590.111668907,0 %, 1690 MHz, 49, 7.20 W
1788685590.212146254,0 %, 1690 MHz, 49, 7.20 W
1788685590.312353633,0 %, 1690 MHz, 49, 7.20 W
1788685590.412836197,0 %, 1690 MHz, 49, 7.20 W
1788685590.513291416,0 %, 1690 MHz, 49, 7.20 W
1788685590.613763195,0 %, 1690 MHz, 49, 7.17 W
1788685590.714253198,0 %, 1690 MHz, 49, 7.17 W
1788685590.814740258,0 %, 1690 MHz, 49, 7.17 W
1788685590.915202245,0 %, 1690 MHz, 49, 7.17 W
1788685591.015387432,0 %, 1690 MHz, 49, 7.17 W
1788685591.115900044,0 %, 1690 MHz, 49, 7.18 W
1788685591.216317839,0 %, 1690 MHz, 49, 7.18 W
1788685591.316821043,0 %, 1690 MHz, 49, 7.18 W
1788685591.417256662,0 %, 1690 MHz, 49, 7.18 W
1788685591.517750522,0 %, 1690 MHz, 49, 7.18 W
1788685591.618186605,0 %, 1690 MHz, 49, 7.27 W
1788685591.718672561,0 %, 1690 MHz, 49, 7.27 W
1788685591.819118916,0 %, 1690 MHz, 49, 7.27 W
1788685591.919363656,0 %, 1690 MHz, 49, 7.27 W
1788685592.019821916,0 %, 1690 MHz, 49, 7.27 W
1788685592.120289935,0 %, 1690 MHz, 49, 7.34 W
1788685592.220780579,0 %, 1690 MHz, 49, 7.34 W
1788685592.321238119,0 %, 1690 MHz, 49, 7.34 W
1788685592.421733659,0 %, 1690 MHz, 49, 7.34 W
1788685592.522160383,0 %, 1690 MHz, 49, 7.34 W
1788685592.622543715,0 %, 1690 MHz, 49, 7.31 W
1788685592.723131318,0 %, 1690 MHz, 49, 7.31 W
1788685592.823538634,0 %, 1690 MHz, 49, 7.31 W
1788685592.924031326,0 %, 1690 MHz, 49, 7.31 W
1788685593.024306370,0 %, 1690 MHz, 49, 7.31 W
1788685593.125124166,0 %, 1690 MHz, 49, 7.29 W
1788685593.225449722,0 %, 1690 MHz, 49, 7.29 W
1788685593.325909566,0 %, 1690 MHz, 49, 7.29 W
1788685593.426347395,0 %, 1690 MHz, 49, 7.29 W
1788685593.526843127,0 %, 1690 MHz, 49, 7.29 W
1788685593.627328283,0 %, 1690 MHz, 49, 7.31 W
1788685593.727827663,0 %, 1690 MHz, 49, 7.31 W
1788685593.828259683,0 %, 1690 MHz, 49, 7.31 W
1788685593.928402935,0 %, 1690 MHz, 49, 7.31 W
1788685594.028912668,0 %, 1690 MHz, 49, 7.31 W
1788685594.129308976,0 %, 1690 MHz, 49, 7.29 W
1788685594.229866772,0 %, 1690 MHz, 49, 7.29 W
1788685594.330361081,0 %, 1690 MHz, 49, 7.29 W
1788685594.430910605,0 %, 1690 MHz, 49, 7.29 W
1788685594.531325122,0 %, 1690 MHz, 49, 7.29 W
1788685594.631850198,0 %, 1690 MHz, 49, 7.30 W
1788685594.732281403,0 %, 1690 MHz, 49, 7.30 W
1788685594.832812191,0 %, 1690 MHz, 49, 7.30 W
1788685594.933274067,0 %, 1690 MHz, 49, 7.30 W
1788685595.033472936,0 %, 1690 MHz, 49, 7.30 W
1788685595.133950957,0 %, 1690 MHz, 49, 7.29 W
1788685595.234411649,0 %, 1690 MHz, 49, 7.29 W
1788685595.334937894,0 %, 1690 MHz, 49, 7.29 W
1788685595.435378507,0 %, 1690 MHz, 49, 7.29 W
1788685595.535876896,0 %, 1690 MHz, 49, 7.29 W
1788685595.636232340,0 %, 1690 MHz, 49, 7.27 W
1788685595.736829849,0 %, 1690 MHz, 49, 7.27 W
1788685595.837249102,0 %, 1690 MHz, 49, 7.27 W
1788685595.937457539,0 %, 1690 MHz, 49, 7.27 W
1788685596.038002599,0 %, 1690 MHz, 49, 7.27 W
1788685596.137368877,0 %, 1690 MHz, 49, 7.28 W
1788685596.237639218,0 %, 1690 MHz, 49, 7.28 W
1788685596.337953079,0 %, 1690 MHz, 49, 7.28 W
1788685596.438335100,0 %, 1690 MHz, 49, 7.28 W
1788685596.538988193,0 %, 1690 MHz, 49, 7.28 W
1788685596.639470518,0 %, 1690 MHz, 49, 7.30 W
1788685596.739987963,0 %, 1690 MHz, 49, 7.30 W
1788685596.840464304,0 %, 1690 MHz, 49, 7.30 W
1788685596.940950437,0 %, 1690 MHz, 49, 7.30 W
1788685597.041382490,0 %, 1690 MHz, 49, 7.30 W
1788685597.141904959,0 %, 1690 MHz, 49, 7.31 W
1788685597.242374661,0 %, 1690 MHz, 49, 7.31 W
1788685597.342878538,0 %, 1690 MHz, 49, 7.31 W
1788685597.443040079,0 %, 1690 MHz, 49, 7.31 W
1788685597.543432549,0 %, 1690 MHz, 49, 7.31 W
1788685597.643942538,0 %, 1690 MHz, 49, 7.32 W
1788685597.744562239,0 %, 1690 MHz, 49, 7.32 W
1788685597.844923109,0 %, 1690 MHz, 49, 7.32 W
1788685597.945392634,0 %, 1690 MHz, 49, 7.32 W
1788685598.045951375,0 %, 1690 MHz, 49, 7.32 W
1788685598.146298389,0 %, 1690 MHz, 49, 7.35 W
1788685598.246574395,0 %, 1690 MHz, 49, 7.35 W
1788685598.347070112,0 %, 1690 MHz, 49, 7.35 W
1788685598.447463734,0 %, 1690 MHz, 49, 7.35 W
1788685598.548013915,0 %, 1690 MHz, 49, 7.35 W
1788685598.648483809,0 %, 1690 MHz, 49, 7.35 W
1788685598.749017207,0 %, 1690 MHz, 49, 7.35 W
1788685598.849617820,0 %, 1690 MHz, 49, 7.35 W
1788685598.949931666,0 %, 1690 MHz, 49, 7.35 W
1788685599.050364024,0 %, 1690 MHz, 49, 7.35 W
1788685599.150872654,0 %, 1690 MHz, 50, 7.37 W
1788685599.251315540,0 %, 1690 MHz, 50, 7.37 W
1788685599.351459641,0 %, 1690 MHz, 50, 7.37 W
1788685599.452067887,0 %, 1690 MHz, 50, 7.37 W
1788685599.552536757,0 %, 1690 MHz, 50, 7.37 W
1788685599.652997723,0 %, 1690 MHz, 50, 7.36 W
1788685599.753488897,0 %, 1690 MHz, 50, 7.36 W
1788685599.853978583,0 %, 1690 MHz, 50, 7.36 W
1788685599.954451133,0 %, 1690 MHz, 50, 7.36 W
1788685600.054937843,0 %, 1690 MHz, 50, 7.36 W
1788685600.155383289,0 %, 1690 MHz, 50, 7.31 W
1788685600.255886143,0 %, 1690 MHz, 50, 7.31 W
1788685600.356366982,0 %, 1690 MHz, 50, 7.31 W
1788685600.456881628,0 %, 1690 MHz, 50, 7.31 W
1788685600.557332514,0 %, 1690 MHz, 50, 7.31 W
1788685600.657543720,0 %, 1690 MHz, 50, 7.31 W
1788685600.758062206,0 %, 1690 MHz, 50, 7.31 W
1788685600.858475685,0 %, 1690 MHz, 50, 7.31 W
1788685600.958640907,0 %, 1690 MHz, 50, 7.31 W
1788685601.059481905,0 %, 1690 MHz, 50, 7.31 W
1788685601.159947544,0 %, 1690 MHz, 50, 7.34 W
1788685601.260435134,0 %, 1690 MHz, 50, 7.34 W
1788685601.360997909,0 %, 1690 MHz, 50, 7.34 W
1788685601.461390043,0 %, 1690 MHz, 50, 7.34 W
1788685601.561920386,0 %, 1690 MHz, 50, 7.34 W
1788685601.662419592,0 %, 1690 MHz, 50, 7.34 W
1788685601.763185727,0 %, 1690 MHz, 50, 7.34 W
1788685601.863347653,0 %, 1690 MHz, 50, 7.34 W
1788685601.963509708,0 %, 1690 MHz, 50, 7.34 W
1788685602.064063858,0 %, 1690 MHz, 50, 7.34 W
1788685602.164555801,0 %, 1690 MHz, 50, 7.31 W
1788685602.265063392,0 %, 1690 MHz, 50, 7.31 W
1788685602.365590599,0 %, 1690 MHz, 50, 7.31 W
1788685602.466066462,0 %, 1690 MHz, 50, 7.31 W
1788685602.566499860,0 %, 1690 MHz, 50, 7.31 W
1788685602.667026555,0 %, 1690 MHz, 50, 7.34 W
1788685602.767508914,0 %, 1690 MHz, 50, 7.34 W
1788685602.868037577,0 %, 1690 MHz, 50, 7.34 W
1788685602.968476096,0 %, 1690 MHz, 50, 7.34 W
1788685603.068978055,0 %, 1690 MHz, 50, 7.34 W
1788685603.169546094,0 %, 1690 MHz, 50, 7.37 W
1788685603.269950997,0 %, 1690 MHz, 50, 7.37 W
1788685603.370441260,0 %, 1690 MHz, 50, 7.37 W
1788685603.470955987,0 %, 1690 MHz, 50, 7.37 W
1788685603.571427738,0 %, 1690 MHz, 50, 7.37 W
1788685603.671955249,0 %, 1690 MHz, 50, 7.34 W
1788685603.772397832,0 %, 1690 MHz, 50, 7.34 W
1788685603.872924815,0 %, 1690 MHz, 50, 7.34 W
1788685603.973402118,0 %, 1690 MHz, 50, 7.34 W
1788685604.073945550,0 %, 1690 MHz, 50, 7.34 W
1788685604.174368501,0 %, 1690 MHz, 50, 7.29 W
1788685604.274861820,0 %, 1690 MHz, 50, 7.29 W
1788685604.374604340,0 %, 1690 MHz, 50, 7.29 W
1788685604.474820427,0 %, 1690 MHz, 50, 7.29 W
1788685604.574762035,0 %, 1690 MHz, 50, 7.29 W
1788685604.675326570,0 %, 1690 MHz, 50, 7.27 W
1788685604.775536065,0 %, 1690 MHz, 50, 7.27 W
1788685604.875975417,0 %, 1690 MHz, 50, 7.27 W
1788685604.976433280,0 %, 1690 MHz, 50, 7.27 W
1788685605.077007032,0 %, 1690 MHz, 50, 7.27 W
1788685605.177307776,0 %, 1690 MHz, 50, 7.26 W
1788685605.277838599,0 %, 1690 MHz, 50, 7.26 W
1788685605.378185919,0 %, 1690 MHz, 50, 7.26 W
1788685605.478787143,0 %, 1690 MHz, 50, 7.26 W
1788685605.578625614,0 %, 1690 MHz, 50, 7.26 W
1788685605.678668134,0 %, 1690 MHz, 49, 7.24 W
1788685605.778923582,0 %, 1690 MHz, 49, 7.24 W
1788685605.879505477,0 %, 1690 MHz, 49, 7.24 W
1788685605.980188317,0 %, 1690 MHz, 49, 7.24 W
1788685606.080549173,0 %, 1690 MHz, 49, 7.24 W
1788685606.180921661,0 %, 1690 MHz, 49, 7.28 W
1788685606.281387301,0 %, 1690 MHz, 49, 7.28 W
1788685606.381823437,0 %, 1690 MHz, 49, 7.28 W
1788685606.482171653,0 %, 1690 MHz, 49, 7.28 W
1788685606.582610013,0 %, 1690 MHz, 49, 7.28 W
1788685606.683018437,0 %, 1690 MHz, 49, 7.30 W
1788685606.783369533,0 %, 1690 MHz, 49, 7.30 W
1788685606.883911573,0 %, 1690 MHz, 49, 7.30 W
1788685606.983901549,0 %, 1690 MHz, 49, 7.30 W
1788685607.084362693,0 %, 1690 MHz, 49, 7.30 W
1788685607.184798125,0 %, 1690 MHz, 49, 7.29 W
1788685607.285219205,0 %, 1690 MHz, 49, 7.29 W
1788685607.385635134,0 %, 1690 MHz, 49, 7.29 W
1788685607.485985526,0 %, 1690 MHz, 49, 7.29 W
1788685607.586253038,0 %, 1690 MHz, 49, 7.29 W
1788685607.686845318,0 %, 1690 MHz, 49, 7.31 W
1788685607.787204303,0 %, 1690 MHz, 49, 7.31 W
1788685607.887684183,0 %, 1690 MHz, 49, 7.31 W
1788685607.988155919,0 %, 1690 MHz, 49, 7.31 W
1788685608.088576776,0 %, 1690 MHz, 49, 7.31 W
1788685608.189663328,0 %, 1690 MHz, 49, 7.31 W
1788685608.289410297,0 %, 1690 MHz, 49, 7.31 W
1788685608.390434385,0 %, 1690 MHz, 49, 7.31 W
1788685608.490936330,0 %, 1690 MHz, 49, 7.31 W
1788685608.591857010,0 %, 1690 MHz, 49, 7.31 W
1788685608.692393787,0 %, 1690 MHz, 49, 7.30 W
1788685608.793275571,0 %, 1690 MHz, 49, 7.30 W
1788685608.893724892,0 %, 1690 MHz, 49, 7.30 W
1788685608.994640804,0 %, 1690 MHz, 49, 7.30 W
1788685609.095218845,0 %, 1690 MHz, 49, 7.30 W
1788685609.196086886,0 %, 1690 MHz, 48, 7.31 W
1788685609.296715679,0 %, 1690 MHz, 48, 7.31 W
1788685609.397526888,0 %, 1690 MHz, 48, 7.31 W
1788685609.498104209,0 %, 1690 MHz, 48, 7.31 W
1788685609.598952921,0 %, 1690 MHz, 48, 7.31 W
1788685609.699855650,0 %, 1690 MHz, 48, 7.31 W
1788685609.800391275,0 %, 1690 MHz, 48, 7.31 W
1788685609.901327316,0 %, 1690 MHz, 48, 7.31 W
1788685610.001903517,0 %, 1690 MHz, 48, 7.31 W
1788685610.102771526,0 %, 1690 MHz, 48, 7.28 W
1788685610.203336463,0 %, 1690 MHz, 48, 7.28 W
1788685610.303741144,0 %, 1690 MHz, 48, 7.28 W
1788685610.404560625,0 %, 1690 MHz, 48, 7.28 W
1788685610.505453578,0 %, 1690 MHz, 48, 7.28 W
1788685610.606062355,0 %, 1690 MHz, 48, 7.26 W
1788685610.706899564,0 %, 1690 MHz, 48, 7.26 W
1788685610.807487926,0 %, 1690 MHz, 48, 7.26 W
1788685610.908329407,0 %, 1690 MHz, 48, 7.26 W
1788685611.008928152,0 %, 1690 MHz, 48, 7.26 W
1788685611.109740273,0 %, 1690 MHz, 48, 7.26 W
1788685611.210664507,0 %, 1690 MHz, 48, 7.26 W
1788685611.310320308,0 %, 1690 MHz, 48, 7.26 W
1788685611.411346061,0 %, 1690 MHz, 48, 7.26 W
1788685611.512271399,0 %, 1690 MHz, 48, 7.26 W
1788685611.612798336,0 %, 1690 MHz, 48, 7.26 W
1788685611.713678762,0 %, 1690 MHz, 48, 7.26 W
1788685611.814367267,0 %, 1690 MHz, 48, 7.26 W
1788685611.915093516,0 %, 1690 MHz, 48, 7.26 W
1788685612.015678102,0 %, 1690 MHz, 48, 7.26 W
1788685612.116558191,0 %, 1690 MHz, 48, 7.26 W
1788685612.217135529,0 %, 1690 MHz, 48, 7.26 W
1788685612.317975619,0 %, 1690 MHz, 48, 7.26 W
1788685612.418537229,0 %, 1690 MHz, 48, 7.26 W
1788685612.519300358,0 %, 1690 MHz, 48, 7.26 W
1788685612.620267872,0 %, 1690 MHz, 47, 7.29 W
1788685612.720834666,0 %, 1690 MHz, 47, 7.29 W
1788685612.821798979,0 %, 1690 MHz, 47, 7.29 W
1788685612.922184317,0 %, 1690 MHz, 47, 7.29 W
1788685613.023135559,0 %, 1690 MHz, 47, 7.29 W
1788685613.123644657,0 %, 1690 MHz, 47, 7.30 W
1788685613.224546747,0 %, 1690 MHz, 47, 7.30 W
1788685613.324738325,0 %, 1690 MHz, 47, 7.30 W
1788685613.425440159,0 %, 1690 MHz, 47, 7.30 W
1788685613.526252025,0 %, 1690 MHz, 47, 7.30 W
1788685613.626670531,0 %, 1690 MHz, 47, 7.28 W
1788685613.727655101,0 %, 1690 MHz, 47, 7.28 W
1788685613.827957639,0 %, 1690 MHz, 47, 7.28 W
1788685613.928525360,0 %, 1690 MHz, 47, 7.28 W
1788685614.029366091,0 %, 1690 MHz, 47, 7.28 W
1788685614.130198741,0 %, 1690 MHz, 47, 7.33 W
1788685614.230746639,0 %, 1690 MHz, 47, 7.33 W
1788685614.331109961,0 %, 1690 MHz, 47, 7.33 W
1788685614.431786196,0 %, 1690 MHz, 47, 7.33 W
1788685614.532182606,0 %, 1690 MHz, 47, 7.33 W
1788685614.633162104,0 %, 1690 MHz, 47, 7.34 W
1788685614.733715938,0 %, 1690 MHz, 47, 7.34 W
1788685614.834579821,0 %, 1690 MHz, 47, 7.34 W
1788685614.935173831,0 %, 1690 MHz, 47, 7.34 W
1788685615.036021713,0 %, 1690 MHz, 47, 7.34 W
1788685615.136637516,0 %, 1690 MHz, 47, 7.33 W
1788685615.237450102,0 %, 1690 MHz, 47, 7.33 W
1788685615.338201265,0 %, 1690 MHz, 47, 7.33 W
1788685615.439039691,0 %, 1690 MHz, 47, 7.33 W
1788685615.539981046,0 %, 1690 MHz, 47, 7.33 W
1788685615.640400849,0 %, 1690 MHz, 47, 7.31 W
1788685615.741268107,0 %, 1690 MHz, 47, 7.31 W
1788685615.841904022,0 %, 1690 MHz, 47, 7.31 W
1788685615.942734960,0 %, 1690 MHz, 47, 7.31 W
1788685616.043271595,0 %, 1690 MHz, 47, 7.31 W
1788685616.144228870,0 %, 1690 MHz, 47, 7.29 W
1788685616.244405361,0 %, 1690 MHz, 47, 7.29 W
1788685616.345093131,0 %, 1690 MHz, 47, 7.29 W
1788685616.445646886,0 %, 1690 MHz, 47, 7.29 W
1788685616.546135057,0 %, 1690 MHz, 47, 7.29 W
1788685616.647171804,0 %, 1690 MHz, 47, 7.29 W
1788685616.747763543,0 %, 1690 MHz, 47, 7.29 W
1788685616.848482274,0 %, 1690 MHz, 47, 7.29 W
1788685616.949066508,0 %, 1690 MHz, 47, 7.29 W
1788685617.049955367,0 %, 1690 MHz, 47, 7.29 W
1788685617.150503955,0 %, 1690 MHz, 47, 7.31 W
1788685617.251183262,0 %, 1690 MHz, 47, 7.31 W
1788685617.351652633,0 %, 1690 MHz, 47, 7.31 W
1788685617.451902740,0 %, 1690 MHz, 47, 7.31 W
1788685617.552806159,0 %, 1690 MHz, 47, 7.31 W
1788685617.653175674,0 %, 1690 MHz, 47, 7.34 W
1788685617.754116581,0 %, 1690 MHz, 47, 7.34 W
1788685617.854503104,0 %, 1690 MHz, 47, 7.34 W
1788685617.955487323,0 %, 1690 MHz, 47, 7.34 W
1788685618.055863047,0 %, 1690 MHz, 47, 7.34 W
1788685618.156866562,0 %, 1690 MHz, 47, 7.34 W
1788685618.257295166,0 %, 1690 MHz, 47, 7.34 W
1788685618.357881785,0 %, 1690 MHz, 47, 7.34 W
1788685618.458677316,0 %, 1690 MHz, 47, 7.34 W
1788685618.559383024,0 %, 1690 MHz, 47, 7.34 W
1788685618.659897003,0 %, 1690 MHz, 47, 7.32 W
1788685618.760664183,0 %, 1690 MHz, 47, 7.32 W
1788685618.861263810,0 %, 1690 MHz, 47, 7.32 W
1788685618.961655133,0 %, 1690 MHz, 47, 7.32 W
1788685619.061877737,0 %, 1690 MHz, 47, 7.32 W
1788685619.162836325,0 %, 1690 MHz, 47, 7.30 W
1788685619.263231600,0 %, 1690 MHz, 47, 7.30 W
1788685619.364135004,0 %, 1690 MHz, 47, 7.30 W
1788685619.464723896,0 %, 1690 MHz, 47, 7.30 W
1788685619.565425380,0 %, 1690 MHz, 47, 7.30 W
1788685619.665834175,0 %, 1690 MHz, 47, 7.33 W
1788685619.766416283,0 %, 1690 MHz, 47, 7.33 W
1788685619.867140935,0 %, 1690 MHz, 47, 7.33 W
1788685619.967420546,0 %, 1690 MHz, 47, 7.33 W
1788685620.067898334,0 %, 1690 MHz, 47, 7.33 W
1788685620.168533930,0 %, 1690 MHz, 47, 7.30 W
1788685620.268879638,0 %, 1690 MHz, 47, 7.30 W
1788685620.368947042,0 %, 1690 MHz, 47, 7.30 W
1788685620.469523678,0 %, 1690 MHz, 47, 7.30 W
1788685620.570270554,0 %, 1690 MHz, 47, 7.30 W
1788685620.670802198,0 %, 1690 MHz, 46, 7.29 W
1788685620.771038546,0 %, 1690 MHz, 46, 7.29 W
1788685620.871936206,0 %, 1690 MHz, 46, 7.29 W
1788685620.972320042,0 %, 1690 MHz, 46, 7.29 W
1788685621.072491542,0 %, 1690 MHz, 46, 7.29 W
1788685621.172864306,0 %, 1690 MHz, 46, 7.34 W
1788685621.273557535,0 %, 1690 MHz, 46, 7.34 W
1788685621.373810363,0 %, 1690 MHz, 46, 7.34 W
1788685621.474234103,0 %, 1690 MHz, 46, 7.34 W
1788685621.574461460,0 %, 1690 MHz, 46, 7.34 W
1788685621.675370656,0 %, 1690 MHz, 46, 7.36 W
1788685621.775766188,0 %, 1690 MHz, 46, 7.36 W
1788685621.876092520,0 %, 1690 MHz, 46, 7.36 W
1788685621.976496517,0 %, 1690 MHz, 46, 7.36 W
1788685622.077047761,0 %, 1690 MHz, 46, 7.36 W
1788685622.177412622,0 %, 1690 MHz, 46, 7.32 W
1788685622.277650586,0 %, 1690 MHz, 46, 7.32 W
1788685622.378619783,0 %, 1690 MHz, 46, 7.32 W
1788685622.479058627,0 %, 1690 MHz, 46, 7.32 W
1788685622.579417088,0 %, 1690 MHz, 46, 7.32 W
1788685622.679517116,0 %, 1690 MHz, 46, 7.29 W
1788685622.780393161,0 %, 1690 MHz, 46, 7.29 W
1788685622.880131366,0 %, 1690 MHz, 46, 7.29 W
1788685622.980464866,0 %, 1690 MHz, 46, 7.29 W
1788685623.081112351,0 %, 1690 MHz, 46, 7.29 W
1788685623.181416060,0 %, 1690 MHz, 46, 7.33 W
1788685623.281860745,0 %, 1690 MHz, 46, 7.33 W
1788685623.382504901,0 %, 1690 MHz, 46, 7.33 W
1788685623.482682978,0 %, 1690 MHz, 46, 7.33 W
1788685623.583151647,0 %, 1690 MHz, 46, 7.33 W
1788685623.683606924,0 %, 1690 MHz, 46, 7.36 W
1788685623.784507929,0 %, 1690 MHz, 46, 7.36 W
1788685623.885123317,0 %, 1690 MHz, 46, 7.36 W
1788685623.985934546,0 %, 1690 MHz, 46, 7.36 W
1788685624.086431167,0 %, 1690 MHz, 46, 7.36 W
1788685624.186740541,0 %, 1690 MHz, 46, 7.35 W
1788685624.287347418,0 %, 1690 MHz, 46, 7.35 W
1788685624.387712551,0 %, 1690 MHz, 46, 7.35 W
1788685624.488495748,0 %, 1690 MHz, 46, 7.35 W
1788685624.588166385,0 %, 1690 MHz, 46, 7.35 W
1788685624.688454830,0 %, 1690 MHz, 46, 7.32 W
1788685624.788250891,0 %, 1690 MHz, 46, 7.32 W
1788685624.888571128,0 %, 1690 MHz, 46, 7.32 W
1788685624.989798453,0 %, 1690 MHz, 46, 7.32 W
1788685625.090225539,0 %, 1690 MHz, 46, 7.32 W
1788685625.190461552,0 %, 1690 MHz, 46, 7.28 W
1788685625.291283038,0 %, 1690 MHz, 46, 7.28 W
1788685625.391635739,0 %, 1690 MHz, 46, 7.28 W
1788685625.492548728,0 %, 1690 MHz, 46, 7.28 W
1788685625.592884630,0 %, 1690 MHz, 46, 7.28 W
1788685625.693223619,0 %, 1690 MHz, 46, 7.28 W
1788685625.794035121,0 %, 1690 MHz, 46, 7.28 W
1788685625.894458750,0 %, 1690 MHz, 46, 7.28 W
1788685625.994703691,0 %, 1690 MHz, 46, 7.28 W
1788685626.094865481,0 %, 1690 MHz, 46, 7.28 W
1788685626.195372583,0 %, 1690 MHz, 46, 7.29 W
1788685626.295971380,0 %, 1690 MHz, 46, 7.29 W
1788685626.395636946,0 %, 1690 MHz, 46, 7.29 W
1788685626.495930736,0 %, 1690 MHz, 46, 7.29 W
1788685626.595643197,0 %, 1690 MHz, 46, 7.29 W
1788685626.696170347,0 %, 1690 MHz, 46, 7.28 W
1788685626.796033065,0 %, 1690 MHz, 46, 7.28 W
1788685626.896717142,0 %, 1690 MHz, 46, 7.28 W
1788685626.997411012,0 %, 1690 MHz, 46, 7.28 W
1788685627.097741714,0 %, 1690 MHz, 46, 7.28 W
1788685627.197914432,0 %, 1690 MHz, 46, 7.29 W
1788685627.298211870,0 %, 1690 MHz, 46, 7.29 W
1788685627.398479852,0 %, 1690 MHz, 46, 7.29 W
1788685627.498839834,0 %, 1690 MHz, 46, 7.29 W
1788685627.599417096,0 %, 1690 MHz, 46, 7.29 W
1788685627.699667590,0 %, 1690 MHz, 46, 7.31 W
1788685627.800137860,0 %, 1690 MHz, 46, 7.31 W
1788685627.900432306,0 %, 1690 MHz, 46, 7.31 W
1788685628.001292512,0 %, 1690 MHz, 46, 7.31 W
1788685628.101594222,0 %, 1690 MHz, 46, 7.31 W
1788685628.202336908,0 %, 1690 MHz, 46, 7.26 W
1788685628.302539962,0 %, 1690 MHz, 46, 7.26 W
1788685628.403291513,0 %, 1690 MHz, 46, 7.26 W
1788685628.503530471,0 %, 1690 MHz, 46, 7.26 W
1788685628.604354117,0 %, 1690 MHz, 46, 7.26 W
1788685628.704576547,0 %, 1690 MHz, 46, 7.24 W
1788685628.805047617,0 %, 1690 MHz, 46, 7.24 W
1788685628.905309360,0 %, 1690 MHz, 46, 7.24 W
1788685629.005597086,0 %, 1690 MHz, 46, 7.24 W
1788685629.106201756,0 %, 1690 MHz, 46, 7.24 W
1788685629.206586283,0 %, 1690 MHz, 46, 7.28 W
1788685629.306748409,0 %, 1690 MHz, 46, 7.28 W
1788685629.407306376,0 %, 1690 MHz, 46, 7.28 W
1788685629.507546758,0 %, 1690 MHz, 46, 7.28 W
1788685629.608459333,0 %, 1690 MHz, 46, 7.28 W
1788685629.708928355,0 %, 1690 MHz, 46, 7.28 W
1788685629.809582274,0 %, 1690 MHz, 46, 7.28 W
1788685629.910019632,0 %, 1690 MHz, 46, 7.28 W
1788685630.010566047,0 %, 1690 MHz, 46, 7.28 W
1788685630.111154702,0 %, 1690 MHz, 46, 7.26 W
1788685630.211743901,0 %, 1690 MHz, 46, 7.26 W
1788685630.311928171,0 %, 1690 MHz, 46, 7.26 W
1788685630.412790250,0 %, 1690 MHz, 46, 7.26 W
1788685630.513094681,0 %, 1690 MHz, 46, 7.26 W
1788685630.613478152,0 %, 1690 MHz, 46, 7.28 W
1788685630.713800311,0 %, 1690 MHz, 46, 7.28 W
1788685630.814559621,0 %, 1690 MHz, 46, 7.28 W
1788685630.914596516,0 %, 1690 MHz, 46, 7.28 W
1788685631.015256307,0 %, 1690 MHz, 46, 7.28 W
1788685631.115483282,0 %, 1690 MHz, 46, 7.28 W
1788685631.216253585,0 %, 1690 MHz, 46, 7.28 W
1788685631.316510224,0 %, 1690 MHz, 46, 7.28 W
1788685631.416941007,0 %, 1690 MHz, 46, 7.28 W
1788685631.517263886,0 %, 1690 MHz, 46, 7.28 W
1788685631.617468301,0 %, 1690 MHz, 46, 7.28 W
1788685631.718116156,0 %, 1690 MHz, 46, 7.28 W
1788685631.818506347,0 %, 1690 MHz, 46, 7.28 W
1788685631.918785755,0 %, 1690 MHz, 46, 7.28 W
1788685632.019183370,0 %, 1690 MHz, 46, 7.28 W
1788685632.119489193,0 %, 1690 MHz, 45, 7.30 W
1788685632.220375192,0 %, 1690 MHz, 45, 7.30 W
1788685632.320611752,0 %, 1690 MHz, 45, 7.30 W
1788685632.421545383,0 %, 1690 MHz, 45, 7.30 W
1788685632.521531030,0 %, 1690 MHz, 45, 7.30 W
1788685632.622271734,0 %, 1690 MHz, 45, 7.28 W
1788685632.722517557,0 %, 1690 MHz, 45, 7.28 W
1788685632.823291076,0 %, 1690 MHz, 45, 7.28 W
1788685632.923576372,0 %, 1690 MHz, 45, 7.28 W
1788685633.024002531,0 %, 1690 MHz, 45, 7.28 W
1788685633.124264323,0 %, 1690 MHz, 45, 7.24 W
1788685633.225057554,0 %, 1690 MHz, 45, 7.24 W
1788685633.325295170,0 %, 1690 MHz, 45, 7.24 W
1788685633.425568034,0 %, 1690 MHz, 45, 7.24 W
1788685633.525880817,0 %, 1690 MHz, 45, 7.24 W
1788685633.626087665,0 %, 1690 MHz, 45, 7.25 W
1788685633.726522048,0 %, 1690 MHz, 45, 7.25 W
1788685633.827126272,0 %, 1690 MHz, 45, 7.25 W
1788685633.927441232,0 %, 1690 MHz, 45, 7.25 W
1788685634.027856607,0 %, 1690 MHz, 45, 7.25 W
1788685634.128114927,0 %, 1690 MHz, 45, 7.26 W
1788685634.228827791,0 %, 1690 MHz, 45, 7.26 W
1788685634.329032879,0 %, 1690 MHz, 45, 7.26 W
1788685634.429438223,0 %, 1690 MHz, 45, 7.26 W
1788685634.529767679,0 %, 1690 MHz, 45, 7.26 W
1788685634.630610207,0 %, 1690 MHz, 45, 7.23 W
1788685634.730830351,0 %, 1690 MHz, 45, 7.23 W
1788685634.831213598,0 %, 1690 MHz, 45, 7.23 W
1788685634.931304062,0 %, 1690 MHz, 45, 7.23 W
1788685635.032090958,0 %, 1690 MHz, 45, 7.23 W
1788685635.132625583,0 %, 1690 MHz, 45, 7.24 W
1788685635.232999679,0 %, 1690 MHz, 45, 7.24 W
1788685635.333213535,0 %, 1690 MHz, 45, 7.24 W
1788685635.434101199,0 %, 1690 MHz, 45, 7.24 W
1788685635.534357391,0 %, 1690 MHz, 45, 7.24 W
1788685635.634554496,0 %, 1690 MHz, 45, 7.27 W
1788685635.734923216,0 %, 1690 MHz, 45, 7.27 W
1788685635.835262448,0 %, 1690 MHz, 45, 7.27 W
1788685635.936206064,0 %, 1690 MHz, 45, 7.27 W
1788685636.036725216,0 %, 1690 MHz, 45, 7.27 W
1788685636.137120129,0 %, 1690 MHz, 45, 7.25 W
1788685636.237788609,0 %, 1690 MHz, 45, 7.25 W
1788685636.338172882,0 %, 1690 MHz, 45, 7.25 W
1788685636.439002578,0 %, 1690 MHz, 45, 7.25 W
1788685636.539386211,0 %, 1690 MHz, 45, 7.25 W
1788685636.639414323,0 %, 1690 MHz, 45, 7.22 W
1788685636.739941699,0 %, 1690 MHz, 45, 7.22 W
1788685636.840801476,0 %, 1690 MHz, 45, 7.22 W
1788685636.941260788,0 %, 1690 MHz, 45, 7.22 W
1788685637.041674437,0 %, 1690 MHz, 45, 7.22 W
1788685637.142449542,0 %, 1690 MHz, 45, 7.18 W
1788685637.242712646,0 %, 1690 MHz, 45, 7.18 W
1788685637.343182343,0 %, 1690 MHz, 45, 7.18 W
1788685637.443990040,0 %, 1690 MHz, 45, 7.18 W
1788685637.544338568,0 %, 1690 MHz, 45, 7.18 W
1788685637.644609641,0 %, 1690 MHz, 45, 7.14 W
1788685637.745590538,0 %, 1690 MHz, 45, 7.14 W
1788685637.845717931,0 %, 1690 MHz, 45, 7.14 W
1788685637.946148459,0 %, 1690 MHz, 45, 7.14 W
1788685638.046937132,0 %, 1690 MHz, 45, 7.14 W
1788685638.147359309,0 %, 1690 MHz, 45, 7.14 W
1788685638.247811950,0 %, 1690 MHz, 45, 7.14 W
1788685638.348566783,0 %, 1690 MHz, 45, 7.14 W
1788685638.448872768,0 %, 1690 MHz, 45, 7.14 W
1788685638.549166577,0 %, 1690 MHz, 45, 7.14 W
1788685638.649578178,0 %, 1690 MHz, 45, 7.15 W
1788685638.750526643,0 %, 1690 MHz, 45, 7.15 W
1788685638.850874788,0 %, 1690 MHz, 45, 7.15 W
1788685638.951676549,0 %, 1690 MHz, 45, 7.15 W
1788685639.051604198,0 %, 1690 MHz, 45, 7.15 W
1788685639.152320999,0 %, 1690 MHz, 45, 7.17 W
1788685639.252737321,0 %, 1690 MHz, 45, 7.17 W
1788685639.353534426,0 %, 1690 MHz, 45, 7.17 W
1788685639.453947067,0 %, 1690 MHz, 45, 7.17 W
1788685639.554350605,0 %, 1690 MHz, 45, 7.17 W
1788685639.654978750,0 %, 1690 MHz, 45, 7.17 W
1788685639.755541247,0 %, 1690 MHz, 45, 7.17 W
1788685639.855836352,0 %, 1690 MHz, 45, 7.17 W
1788685639.956628050,0 %, 1690 MHz, 45, 7.17 W
1788685640.057070755,0 %, 1690 MHz, 45, 7.17 W
1788685640.157897205,0 %, 1690 MHz, 45, 7.15 W
1788685640.258292950,0 %, 1690 MHz, 45, 7.15 W
1788685640.358743560,0 %, 1690 MHz, 45, 7.15 W
1788685640.459506201,0 %, 1690 MHz, 45, 7.15 W
1788685640.559319851,0 %, 1690 MHz, 45, 7.15 W
1788685640.660026412,0 %, 1690 MHz, 45, 7.12 W
1788685640.760625406,0 %, 1690 MHz, 45, 7.12 W
1788685640.861255423,0 %, 1690 MHz, 45, 7.12 W
1788685640.961730737,0 %, 1690 MHz, 45, 7.12 W
1788685641.062191651,0 %, 1690 MHz, 45, 7.12 W
1788685641.162840036,0 %, 1690 MHz, 45, 7.14 W
1788685641.263118438,0 %, 1690 MHz, 45, 7.14 W
1788685641.363633000,0 %, 1690 MHz, 45, 7.14 W
1788685641.464446890,0 %, 1690 MHz, 45, 7.14 W
1788685641.564385260,0 %, 1690 MHz, 45, 7.14 W
1788685641.664827245,0 %, 1690 MHz, 45, 7.18 W
1788685641.765503007,0 %, 1690 MHz, 45, 7.18 W
1788685641.865544017,0 %, 1690 MHz, 45, 7.18 W
1788685641.966065827,0 %, 1690 MHz, 45, 7.18 W
1788685642.066544181,0 %, 1690 MHz, 45, 7.18 W
1788685642.167210759,0 %, 1690 MHz, 45, 7.18 W
1788685642.268013721,0 %, 1690 MHz, 45, 7.18 W
1788685642.368427499,0 %, 1690 MHz, 45, 7.18 W
1788685642.468634221,0 %, 1690 MHz, 45, 7.18 W
1788685642.569086607,0 %, 1690 MHz, 45, 7.18 W
1788685642.669580289,0 %, 1690 MHz, 45, 7.18 W
1788685642.769887539,0 %, 1690 MHz, 45, 7.18 W
1788685642.870370981,0 %, 1690 MHz, 45, 7.18 W
1788685642.970856488,0 %, 1690 MHz, 45, 7.18 W
1788685643.071354554,0 %, 1690 MHz, 45, 7.18 W
1788685643.172015292,0 %, 1690 MHz, 45, 7.23 W
1788685643.272407294,0 %, 1690 MHz, 45, 7.23 W
1788685643.373019681,0 %, 1690 MHz, 45, 7.23 W
1788685643.473374675,0 %, 1690 MHz, 45, 7.23 W
1788685643.573817461,0 %, 1690 MHz, 45, 7.23 W
1788685643.674304120,0 %, 1690 MHz, 45, 7.26 W
1788685643.775079786,0 %, 1690 MHz, 45, 7.26 W
1788685643.875239581,0 %, 1690 MHz, 45, 7.26 W
1788685643.975747871,0 %, 1690 MHz, 45, 7.26 W
1788685644.076269906,0 %, 1690 MHz, 45, 7.26 W
1788685644.176724356,0 %, 1690 MHz, 45, 7.22 W
1788685644.277201191,0 %, 1690 MHz, 45, 7.22 W
1788685644.377306441,0 %, 1690 MHz, 45, 7.22 W
1788685644.477920684,0 %, 1690 MHz, 45, 7.22 W
1788685644.578329391,0 %, 1690 MHz, 45, 7.22 W
1788685644.678794737,0 %, 1690 MHz, 46, 7.16 W
1788685644.779319540,0 %, 1690 MHz, 46, 7.16 W
1788685644.879839031,0 %, 1690 MHz, 46, 7.16 W
1788685644.980242521,0 %, 1690 MHz, 46, 7.16 W
1788685645.080356284,0 %, 1690 MHz, 46, 7.16 W
1788685645.180718879,0 %, 1690 MHz, 46, 7.13 W
1788685645.280193666,0 %, 1690 MHz, 46, 7.13 W
1788685645.380450005,0 %, 1690 MHz, 46, 7.13 W
1788685645.480573079,0 %, 1690 MHz, 46, 7.13 W
1788685645.581365706,0 %, 1690 MHz, 46, 7.13 W
1788685645.681869709,0 %, 1690 MHz, 46, 7.18 W
1788685645.782226656,0 %, 1690 MHz, 46, 7.18 W
1788685645.882776435,0 %, 1690 MHz, 46, 7.18 W
1788685645.983223606,0 %, 1690 MHz, 46, 7.18 W
1788685646.083774553,0 %, 1690 MHz, 46, 7.18 W
1788685646.184236652,0 %, 1690 MHz, 46, 7.18 W
1788685646.284415119,0 %, 1690 MHz, 46, 7.18 W
1788685646.384920706,0 %, 1690 MHz, 46, 7.18 W
1788685646.485367334,0 %, 1690 MHz, 46, 7.18 W
1788685646.585836921,0 %, 1690 MHz, 46, 7.18 W
1788685646.686521276,0 %, 1690 MHz, 46, 7.17 W
1788685646.786834671,0 %, 1690 MHz, 46, 7.17 W
1788685646.887244674,0 %, 1690 MHz, 46, 7.17 W
1788685646.987428565,0 %, 1690 MHz, 46, 7.17 W
1788685647.087792409,0 %, 1690 MHz, 46, 7.17 W
1788685647.188144188,0 %, 1690 MHz, 46, 7.20 W
1788685647.288678704,0 %, 1690 MHz, 46, 7.20 W
1788685647.389100563,0 %, 1690 MHz, 46, 7.20 W
1788685647.489615270,0 %, 1690 MHz, 46, 7.20 W
1788685647.590052154,0 %, 1690 MHz, 46, 7.20 W
1788685647.691117757,0 %, 1690 MHz, 46, 7.19 W
1788685647.791183729,0 %, 1690 MHz, 46, 7.19 W
1788685647.891442404,0 %, 1690 MHz, 46, 7.19 W
1788685647.991963048,0 %, 1690 MHz, 46, 7.19 W
1788685648.092161147,0 %, 1690 MHz, 46, 7.19 W
1788685648.192865087,0 %, 1690 MHz, 46, 7.20 W
1788685648.293116499,0 %, 1690 MHz, 46, 7.20 W
1788685648.393638166,0 %, 1690 MHz, 46, 7.20 W
1788685648.494068986,0 %, 1690 MHz, 46, 7.20 W
1788685648.594504174,0 %, 1690 MHz, 46, 7.20 W
1788685648.695059362,0 %, 1690 MHz, 46, 7.22 W
1788685648.795522245,0 %, 1690 MHz, 46, 7.22 W
1788685648.895944825,0 %, 1690 MHz, 46, 7.22 W
1788685648.996196621,0 %, 1690 MHz, 46, 7.22 W
1788685649.096593377,0 %, 1690 MHz, 46, 7.22 W
1788685649.197092661,0 %, 1690 MHz, 46, 7.25 W
1788685649.297608217,0 %, 1690 MHz, 46, 7.25 W
1788685649.397985356,0 %, 1690 MHz, 46, 7.25 W
1788685649.498539264,0 %, 1690 MHz, 46, 7.25 W
1788685649.599021348,0 %, 1690 MHz, 46, 7.25 W
1788685649.699431256,0 %, 1690 MHz, 47, 7.28 W
1788685649.799904204,0 %, 1690 MHz, 47, 7.28 W
1788685649.900253216,0 %, 1690 MHz, 47, 7.28 W
1788685650.000882692,0 %, 1690 MHz, 47, 7.28 W
1788685650.101351032,0 %, 1690 MHz, 47, 7.28 W
1788685650.201828909,0 %, 1690 MHz, 47, 7.28 W
1788685650.302337057,0 %, 1690 MHz, 47, 7.28 W
1788685650.402947061,0 %, 1690 MHz, 47, 7.28 W
1788685650.503234857,0 %, 1690 MHz, 47, 7.28 W
1788685650.603953998,0 %, 1690 MHz, 47, 7.28 W
1788685650.704232882,0 %, 1690 MHz, 47, 7.26 W
1788685650.804722614,0 %, 1690 MHz, 47, 7.26 W
1788685650.905147434,0 %, 1690 MHz, 47, 7.26 W
1788685651.005680511,0 %, 1690 MHz, 47, 7.26 W
1788685651.106087315,0 %, 1690 MHz, 47, 7.26 W
1788685651.206581096,0 %, 1690 MHz, 47, 7.28 W
1788685651.307100508,0 %, 1690 MHz, 47, 7.28 W
1788685651.407333441,0 %, 1690 MHz, 47, 7.28 W
1788685651.507767365,0 %, 1690 MHz, 47, 7.28 W
1788685651.608274346,0 %, 1690 MHz, 47, 7.28 W
1788685651.708685006,0 %, 1690 MHz, 47, 7.28 W
1788685651.809192323,0 %, 1690 MHz, 47, 7.28 W
1788685651.909634647,0 %, 1690 MHz, 47, 7.28 W
1788685652.010174156,0 %, 1690 MHz, 47, 7.28 W
1788685652.110893744,0 %, 1690 MHz, 47, 7.24 W
1788685652.211106245,0 %, 1690 MHz, 47, 7.24 W
1788685652.311569290,0 %, 1690 MHz, 47, 7.24 W
1788685652.412026399,0 %, 1690 MHz, 47, 7.24 W
1788685652.512229011,0 %, 1690 MHz, 47, 7.24 W
1788685652.612880408,0 %, 1690 MHz, 47, 7.25 W
1788685652.713176285,0 %, 1690 MHz, 47, 7.25 W
1788685652.813661186,0 %, 1690 MHz, 47, 7.25 W
1788685652.914112070,0 %, 1690 MHz, 47, 7.25 W
1788685653.014612923,0 %, 1690 MHz, 47, 7.25 W
1788685653.115442816,0 %, 1690 MHz, 47, 7.27 W
1788685653.215501445,0 %, 1690 MHz, 47, 7.27 W
1788685653.315975994,0 %, 1690 MHz, 47, 7.27 W
1788685653.416739695,0 %, 1690 MHz, 47, 7.27 W
1788685653.516986724,0 %, 1690 MHz, 47, 7.27 W
1788685653.617209209,0 %, 1690 MHz, 47, 7.27 W
1788685653.717618063,0 %, 1690 MHz, 47, 7.27 W
1788685653.818152548,0 %, 1690 MHz, 47, 7.27 W
1788685653.918810777,0 %, 1690 MHz, 47, 7.27 W
1788685654.019026990,0 %, 1690 MHz, 47, 7.27 W
1788685654.119637395,0 %, 1690 MHz, 47, 7.28 W
1788685654.220091000,0 %, 1690 MHz, 47, 7.28 W
1788685654.320602718,0 %, 1690 MHz, 47, 7.28 W
1788685654.420914339,0 %, 1690 MHz, 47, 7.28 W
1788685654.521155432,0 %, 1690 MHz, 47, 7.28 W
1788685654.621639117,0 %, 1690 MHz, 47, 7.28 W
1788685654.722079907,0 %, 1690 MHz, 47, 7.28 W
1788685654.822809464,0 %, 1690 MHz, 47, 7.28 W
1788685654.922954669,0 %, 1690 MHz, 47, 7.28 W
1788685655.023272115,0 %, 1690 MHz, 47, 7.28 W
1788685655.123728648,0 %, 1690 MHz, 47, 7.29 W
1788685655.224192878,0 %, 1690 MHz, 47, 7.29 W
1788685655.324848211,0 %, 1690 MHz, 47, 7.29 W
1788685655.425286553,0 %, 1690 MHz, 47, 7.29 W
1788685655.525558542,0 %, 1690 MHz, 47, 7.29 W
1788685655.625836116,0 %, 1690 MHz, 47, 7.30 W
1788685655.726301914,0 %, 1690 MHz, 47, 7.30 W
1788685655.826805103,0 %, 1690 MHz, 47, 7.30 W
1788685655.927096165,0 %, 1690 MHz, 47, 7.30 W
1788685656.027426394,0 %, 1690 MHz, 47, 7.30 W
1788685656.127907600,0 %, 1690 MHz, 47, 7.28 W
1788685656.228363718,0 %, 1690 MHz, 47, 7.28 W
1788685656.328831756,0 %, 1690 MHz, 47, 7.28 W
1788685656.429515346,0 %, 1690 MHz, 47, 7.28 W
1788685656.529797847,0 %, 1690 MHz, 47, 7.28 W
1788685656.630163357,0 %, 1690 MHz, 47, 7.28 W
1788685656.730630243,0 %, 1690 MHz, 47, 7.28 W
1788685656.831098201,0 %, 1690 MHz, 47, 7.28 W
1788685656.931259263,0 %, 1690 MHz, 47, 7.28 W
1788685657.031116885,0 %, 1690 MHz, 47, 7.28 W
1788685657.131542715,0 %, 1690 MHz, 47, 7.28 W
1788685657.232101537,0 %, 1690 MHz, 47, 7.28 W
1788685657.332600439,0 %, 1690 MHz, 47, 7.28 W
1788685657.433640109,0 %, 1690 MHz, 47, 7.28 W
1788685657.534090211,0 %, 1690 MHz, 47, 7.28 W
1788685657.634843465,0 %, 1690 MHz, 47, 7.28 W
1788685657.734697471,0 %, 1690 MHz, 47, 7.28 W
1788685657.835186981,0 %, 1690 MHz, 47, 7.28 W
1788685657.935657803,0 %, 1690 MHz, 47, 7.28 W
1788685658.036323618,0 %, 1690 MHz, 47, 7.28 W
1788685658.136630392,0 %, 1690 MHz, 48, 7.25 W
1788685658.237102094,0 %, 1690 MHz, 48, 7.25 W
1788685658.337338901,0 %, 1690 MHz, 48, 7.25 W
1788685658.438034075,0 %, 1690 MHz, 48, 7.25 W
1788685658.538540769,0 %, 1690 MHz, 48, 7.25 W
1788685658.639042296,0 %, 1690 MHz, 48, 7.24 W
1788685658.739304366,0 %, 1690 MHz, 48, 7.24 W
1788685658.839614628,0 %, 1690 MHz, 48, 7.24 W
1788685658.940054875,0 %, 1690 MHz, 48, 7.24 W
1788685659.040307153,0 %, 1690 MHz, 48, 7.24 W
1788685659.140822520,0 %, 1690 MHz, 48, 7.27 W
1788685659.241463102,0 %, 1690 MHz, 48, 7.27 W
1788685659.341998917,0 %, 1690 MHz, 48, 7.27 W
1788685659.442250508,0 %, 1690 MHz, 48, 7.27 W
1788685659.542738450,0 %, 1690 MHz, 48, 7.27 W
1788685659.643390777,0 %, 1690 MHz, 48, 7.27 W
1788685659.743931392,0 %, 1690 MHz, 48, 7.27 W
1788685659.844191622,0 %, 1690 MHz, 48, 7.27 W
1788685659.944891261,0 %, 1690 MHz, 48, 7.27 W
1788685660.045164627,0 %, 1690 MHz, 48, 7.27 W
1788685660.145679706,0 %, 1690 MHz, 48, 7.28 W
1788685660.246323633,0 %, 1690 MHz, 48, 7.28 W
1788685660.346829496,0 %, 1690 MHz, 48, 7.28 W
1788685660.447137727,0 %, 1690 MHz, 48, 7.28 W
1788685660.547593494,0 %, 1690 MHz, 48, 7.28 W
1788685660.648013229,0 %, 1690 MHz, 48, 7.25 W
1788685660.748301412,0 %, 1690 MHz, 48, 7.25 W
1788685660.848813691,0 %, 1690 MHz, 48, 7.25 W
1788685660.949829361,0 %, 1690 MHz, 48, 7.25 W
1788685661.049752232,0 %, 1690 MHz, 48, 7.25 W
1788685661.150252047,0 %, 1690 MHz, 48, 7.24 W
1788685661.250960551,0 %, 1690 MHz, 48, 7.24 W
1788685661.351416686,0 %, 1690 MHz, 48, 7.24 W
1788685661.451942901,0 %, 1690 MHz, 48, 7.24 W
1788685661.552220444,0 %, 1690 MHz, 48, 7.24 W
1788685661.652911635,0 %, 1690 MHz, 48, 7.26 W
1788685661.753170826,0 %, 1690 MHz, 48, 7.26 W
1788685661.853405889,0 %, 1690 MHz, 48, 7.26 W
1788685661.954086329,0 %, 1690 MHz, 48, 7.26 W
1788685662.054360144,0 %, 1690 MHz, 48, 7.26 W
1788685662.154811191,0 %, 1690 MHz, 48, 7.27 W
1788685662.255553887,0 %, 1690 MHz, 48, 7.27 W
1788685662.355980102,0 %, 1690 MHz, 48, 7.27 W
1788685662.456484110,0 %, 1690 MHz, 48, 7.27 W
1788685662.556766725,0 %, 1690 MHz, 48, 7.27 W
1788685662.657465564,0 %, 1690 MHz, 48, 7.27 W
1788685662.757785412,0 %, 1690 MHz, 48, 7.27 W
1788685662.858246955,0 %, 1690 MHz, 48, 7.27 W
1788685662.958841842,0 %, 1690 MHz, 48, 7.27 W
1788685663.059191642,0 %, 1690 MHz, 48, 7.27 W
1788685663.159890210,0 %, 1690 MHz, 48, 7.30 W
1788685663.260324985,0 %, 1690 MHz, 48, 7.30 W
1788685663.360576913,0 %, 1690 MHz, 48, 7.30 W
1788685663.460872585,0 %, 1690 MHz, 48, 7.30 W
1788685663.561338560,0 %, 1690 MHz, 48, 7.30 W
1788685663.662052872,0 %, 1690 MHz, 48, 7.35 W
1788685663.762603200,0 %, 1690 MHz, 48, 7.35 W
1788685663.862772343,0 %, 1690 MHz, 48, 7.35 W
1788685663.963210159,0 %, 1690 MHz, 48, 7.35 W
1788685664.063751591,0 %, 1690 MHz, 48, 7.35 W
1788685664.164446207,0 %, 1690 MHz, 48, 7.38 W
1788685664.264988119,0 %, 1690 MHz, 48, 7.38 W
1788685664.365420063,0 %, 1690 MHz, 48, 7.38 W
1788685664.465751318,0 %, 1690 MHz, 48, 7.38 W
1788685664.566196190,0 %, 1690 MHz, 48, 7.38 W
1788685664.666931558,0 %, 1690 MHz, 48, 7.38 W
1788685664.767171694,0 %, 1690 MHz, 48, 7.38 W
1788685664.867663206,0 %, 1690 MHz, 48, 7.38 W
1788685664.968074398,0 %, 1690 MHz, 48, 7.38 W
1788685665.068586182,0 %, 1690 MHz, 48, 7.38 W
1788685665.169104158,0 %, 1690 MHz, 48, 7.37 W
1788685665.269843287,0 %, 1690 MHz, 48, 7.37 W
1788685665.370284223,0 %, 1690 MHz, 48, 7.37 W
1788685665.470710151,0 %, 1690 MHz, 48, 7.37 W
1788685665.570476767,0 %, 1690 MHz, 48, 7.37 W
1788685665.670644039,0 %, 1690 MHz, 48, 7.36 W
1788685665.770489119,0 %, 1690 MHz, 48, 7.36 W
1788685665.871231079,0 %, 1690 MHz, 48, 7.36 W
1788685665.971015888,0 %, 1690 MHz, 48, 7.36 W
1788685666.070979688,0 %, 1690 MHz, 48, 7.36 W
1788685666.171657824,0 %, 1690 MHz, 49, 7.31 W
1788685666.272107929,0 %, 1690 MHz, 49, 7.31 W
1788685666.372584369,0 %, 1690 MHz, 49, 7.31 W
1788685666.472941338,0 %, 1690 MHz, 49, 7.31 W
1788685666.573611634,0 %, 1690 MHz, 49, 7.31 W
1788685666.674119451,0 %, 1690 MHz, 49, 7.27 W
1788685666.774333347,0 %, 1690 MHz, 49, 7.27 W
1788685666.875013003,0 %, 1690 MHz, 49, 7.27 W
1788685666.975055524,0 %, 1690 MHz, 49, 7.27 W
1788685667.075322013,0 %, 1690 MHz, 49, 7.27 W
1788685667.175805461,0 %, 1690 MHz, 49, 7.27 W
1788685667.276488334,0 %, 1690 MHz, 49, 7.27 W
1788685667.377061479,0 %, 1690 MHz, 49, 7.27 W
1788685667.477281343,0 %, 1690 MHz, 49, 7.27 W
1788685667.577796600,0 %, 1690 MHz, 49, 7.27 W
1788685667.678290977,0 %, 1690 MHz, 49, 7.30 W
1788685667.779000169,0 %, 1690 MHz, 49, 7.30 W
1788685667.879364706,0 %, 1690 MHz, 49, 7.30 W
1788685667.979969019,0 %, 1690 MHz, 49, 7.30 W
1788685668.080492964,0 %, 1690 MHz, 49, 7.30 W
1788685668.180791565,0 %, 1690 MHz, 49, 7.30 W
1788685668.281483478,0 %, 1690 MHz, 49, 7.30 W
1788685668.381958895,0 %, 1690 MHz, 49, 7.30 W
1788685668.482242216,0 %, 1690 MHz, 49, 7.30 W
1788685668.582971904,0 %, 1690 MHz, 49, 7.30 W
1788685668.683928074,0 %, 1690 MHz, 49, 7.30 W
1788685668.783969058,0 %, 1690 MHz, 49, 7.30 W
1788685668.884222827,0 %, 1690 MHz, 49, 7.30 W
1788685668.984484564,0 %, 1690 MHz, 49, 7.30 W
1788685669.085208733,0 %, 1690 MHz, 49, 7.30 W
1788685669.185623383,0 %, 1690 MHz, 49, 7.29 W
1788685669.286483392,0 %, 1690 MHz, 49, 7.29 W
1788685669.387049913,0 %, 1690 MHz, 49, 7.29 W
1788685669.487787746,0 %, 1690 MHz, 49, 7.29 W
1788685669.588295836,0 %, 1690 MHz, 49, 7.29 W
1788685669.689249653,0 %, 1690 MHz, 49, 7.30 W
1788685669.789715854,0 %, 1690 MHz, 49, 7.30 W
1788685669.890539463,0 %, 1690 MHz, 49, 7.30 W
1788685669.990961105,0 %, 1690 MHz, 49, 7.30 W
1788685670.091404090,0 %, 1690 MHz, 49, 7.30 W
1788685670.191685139,0 %, 1690 MHz, 48, 7.28 W
1788685670.292077853,0 %, 1690 MHz, 48, 7.28 W
1788685670.393011286,0 %, 1690 MHz, 48, 7.28 W
1788685670.493835984,0 %, 1690 MHz, 48, 7.28 W
1788685670.594141849,0 %, 1690 MHz, 48, 7.28 W
1788685670.694624467,0 %, 1690 MHz, 48, 7.27 W
1788685670.794728796,0 %, 1690 MHz, 48, 7.27 W
1788685670.894856470,0 %, 1690 MHz, 48, 7.27 W
1788685670.995437983,0 %, 1690 MHz, 48, 7.27 W
1788685671.095366841,0 %, 1690 MHz, 48, 7.27 W
1788685671.196113699,0 %, 1690 MHz, 48, 7.29 W
1788685671.296485452,0 %, 1690 MHz, 48, 7.29 W
1788685671.397288774,0 %, 1690 MHz, 48, 7.29 W
1788685671.497662800,0 %, 1690 MHz, 48, 7.29 W
1788685671.598605562,0 %, 1690 MHz, 48, 7.29 W
1788685671.698849043,0 %, 1690 MHz, 48, 7.31 W
1788685671.799377485,0 %, 1690 MHz, 48, 7.31 W
1788685671.900216583,0 %, 1690 MHz, 48, 7.31 W
1788685672.000706913,0 %, 1690 MHz, 48, 7.31 W
1788685672.101526379,0 %, 1690 MHz, 48, 7.31 W
1788685672.201919061,0 %, 1690 MHz, 48, 7.29 W
1788685672.301749070,0 %, 1690 MHz, 48, 7.29 W
1788685672.402751432,0 %, 1690 MHz, 48, 7.29 W
1788685672.503215554,0 %, 1690 MHz, 48, 7.29 W
1788685672.603168860,0 %, 1690 MHz, 48, 7.29 W
1788685672.704116566,0 %, 1690 MHz, 48, 7.28 W
1788685672.804931760,0 %, 1690 MHz, 48, 7.28 W
1788685672.905036906,0 %, 1690 MHz, 48, 7.28 W
1788685673.005774836,0 %, 1690 MHz, 48, 7.28 W
1788685673.106553887,0 %, 1690 MHz, 48, 7.28 W
1788685673.207492905,0 %, 1690 MHz, 48, 7.28 W
1788685673.308003827,0 %, 1690 MHz, 48, 7.28 W
1788685673.408939213,0 %, 1690 MHz, 48, 7.28 W
1788685673.509458968,0 %, 1690 MHz, 48, 7.28 W
1788685673.610378354,0 %, 1690 MHz, 48, 7.28 W
1788685673.710933628,0 %, 1690 MHz, 47, 7.25 W
1788685673.811821575,0 %, 1690 MHz, 47, 7.25 W
1788685673.912451585,0 %, 1690 MHz, 47, 7.25 W
1788685674.013242619,0 %, 1690 MHz, 47, 7.25 W
1788685674.113852550,0 %, 1690 MHz, 47, 7.26 W
1788685674.214638448,0 %, 1690 MHz, 47, 7.26 W
1788685674.315590299,0 %, 1690 MHz, 47, 7.26 W
1788685674.416083797,0 %, 1690 MHz, 47, 7.26 W
1788685674.516999296,0 %, 1690 MHz, 47, 7.26 W
1788685674.617535066,0 %, 1690 MHz, 47, 7.27 W
1788685674.718442405,0 %, 1690 MHz, 47, 7.27 W
1788685674.819003967,0 %, 1690 MHz, 47, 7.27 W
1788685674.919903754,0 %, 1690 MHz, 47, 7.27 W
1788685675.020330324,0 %, 1690 MHz, 47, 7.27 W
1788685675.121212383,0 %, 1690 MHz, 47, 7.27 W
1788685675.221812986,0 %, 1690 MHz, 47, 7.27 W
1788685675.322629893,0 %, 1690 MHz, 47, 7.27 W
1788685675.423253055,0 %, 1690 MHz, 47, 7.27 W
1788685675.524086890,0 %, 1690 MHz, 47, 7.27 W
1788685675.625041493,0 %, 1690 MHz, 47, 7.27 W
1788685675.725519696,0 %, 1690 MHz, 47, 7.27 W
1788685675.826449755,0 %, 1690 MHz, 47, 7.27 W
1788685675.926828293,0 %, 1690 MHz, 47, 7.27 W
1788685676.027422352,0 %, 1690 MHz, 47, 7.27 W
1788685676.128219691,0 %, 1690 MHz, 47, 7.24 W
1788685676.229150934,0 %, 1690 MHz, 47, 7.24 W
1788685676.329490289,0 %, 1690 MHz, 47, 7.24 W
1788685676.430090316,0 %, 1690 MHz, 47, 7.24 W
1788685676.530911703,0 %, 1690 MHz, 47, 7.24 W
1788685676.631519954,0 %, 1690 MHz, 47, 7.20 W
1788685676.732351245,0 %, 1690 MHz, 47, 7.20 W
1788685676.832911704,0 %, 1690 MHz, 47, 7.20 W
1788685676.933747027,0 %, 1690 MHz, 47, 7.20 W
1788685677.034708734,0 %, 1690 MHz, 47, 7.20 W
1788685677.135202810,0 %, 1690 MHz, 46, 7.19 W
1788685677.236126965,0 %, 1690 MHz, 46, 7.19 W
1788685677.336682432,0 %, 1690 MHz, 46, 7.19 W
1788685677.437568028,0 %, 1690 MHz, 46, 7.19 W
1788685677.538164359,0 %, 1690 MHz, 46, 7.19 W
1788685677.639021570,0 %, 1690 MHz, 46, 7.19 W
1788685677.739628525,0 %, 1690 MHz, 46, 7.19 W
1788685677.840487625,0 %, 1690 MHz, 46, 7.19 W
1788685677.941251636,0 %, 1690 MHz, 46, 7.19 W
1788685678.041686047,0 %, 1690 MHz, 46, 7.19 W
1788685678.142248235,0 %, 1690 MHz, 46, 7.15 W
1788685678.242589478,0 %, 1690 MHz, 46, 7.15 W
1788685678.343424386,0 %, 1690 MHz, 46, 7.15 W
1788685678.443678205,0 %, 1690 MHz, 46, 7.15 W
1788685678.544639273,0 %, 1690 MHz, 46, 7.15 W
1788685678.645189237,0 %, 1690 MHz, 46, 7.17 W
1788685678.745588128,0 %, 1690 MHz, 46, 7.17 W
1788685678.846437852,0 %, 1690 MHz, 46, 7.17 W
1788685678.947034423,0 %, 1690 MHz, 46, 7.17 W
1788685679.047931123,0 %, 1690 MHz, 46, 7.17 W
1788685679.148452719,0 %, 1690 MHz, 46, 7.23 W
1788685679.249223578,0 %, 1690 MHz, 46, 7.23 W
1788685679.350157062,0 %, 1690 MHz, 46, 7.23 W
1788685679.450747266,0 %, 1690 MHz, 46, 7.23 W
1788685679.551594270,0 %, 1690 MHz, 46, 7.23 W
1788685679.652190217,0 %, 1690 MHz, 46, 7.23 W
1788685679.753106117,0 %, 1690 MHz, 46, 7.23 W
1788685679.853323681,0 %, 1690 MHz, 46, 7.23 W
1788685679.953908813,0 %, 1690 MHz, 46, 7.23 W
1788685680.054628137,0 %, 1690 MHz, 46, 7.23 W
1788685680.155315285,0 %, 1690 MHz, 46, 7.24 W
1788685680.255970449,0 %, 1690 MHz, 46, 7.24 W
1788685680.356599325,0 %, 1690 MHz, 46, 7.24 W
1788685680.457496425,0 %, 1690 MHz, 46, 7.24 W
1788685680.558028693,0 %, 1690 MHz, 46, 7.24 W
1788685680.658987281,0 %, 1690 MHz, 46, 7.28 W
1788685680.759491597,0 %, 1690 MHz, 46, 7.28 W
1788685680.860373193,0 %, 1690 MHz, 46, 7.28 W
1788685680.960985813,0 %, 1690 MHz, 46, 7.28 W
1788685681.061661617,0 %, 1690 MHz, 46, 7.28 W
1788685681.162130142,0 %, 1690 MHz, 46, 7.30 W
1788685681.262916762,0 %, 1690 MHz, 46, 7.30 W
1788685681.362803942,0 %, 1690 MHz, 46, 7.30 W
1788685681.462914018,0 %, 1690 MHz, 46, 7.30 W
1788685681.563576495,0 %, 1690 MHz, 46, 7.30 W
1788685681.663557627,0 %, 1690 MHz, 46, 7.26 W
1788685681.763671495,0 %, 1690 MHz, 46, 7.26 W
1788685681.864335779,0 %, 1690 MHz, 46, 7.26 W
1788685681.965147840,0 %, 1690 MHz, 46, 7.26 W
1788685682.065049692,0 %, 1690 MHz, 46, 7.26 W
1788685682.165131577,0 %, 1690 MHz, 46, 7.18 W
1788685682.265232453,0 %, 1690 MHz, 46, 7.18 W
1788685682.366153522,0 %, 1690 MHz, 46, 7.18 W
1788685682.466445118,0 %, 1690 MHz, 46, 7.18 W
1788685682.566804555,0 %, 1690 MHz, 46, 7.18 W
1788685682.667626519,0 %, 1690 MHz, 46, 7.17 W
1788685682.768097204,0 %, 1690 MHz, 46, 7.17 W
1788685682.868442752,0 %, 1690 MHz, 46, 7.17 W
1788685682.969195597,0 %, 1690 MHz, 46, 7.17 W
1788685683.069538665,0 %, 1690 MHz, 46, 7.17 W
1788685683.170106342,0 %, 1690 MHz, 46, 7.19 W
1788685683.270750515,0 %, 1690 MHz, 46, 7.19 W
1788685683.371165200,0 %, 1690 MHz, 46, 7.19 W
1788685683.471622764,0 %, 1690 MHz, 46, 7.19 W
1788685683.572362265,0 %, 1690 MHz, 46, 7.19 W
1788685683.673108150,0 %, 1690 MHz, 46, 7.19 W
1788685683.773604515,0 %, 1690 MHz, 46, 7.19 W
1788685683.874087648,0 %, 1690 MHz, 46, 7.19 W
1788685683.974625308,0 %, 1690 MHz, 46, 7.19 W
1788685684.075419193,0 %, 1690 MHz, 46, 7.19 W
1788685684.175767542,0 %, 1690 MHz, 46, 7.20 W
1788685684.276190547,0 %, 1690 MHz, 46, 7.20 W
1788685684.376981904,0 %, 1690 MHz, 46, 7.20 W
1788685684.477902510,0 %, 1690 MHz, 46, 7.20 W
1788685684.578482859,0 %, 1690 MHz, 46, 7.20 W
1788685684.679333608,0 %, 1690 MHz, 46, 7.22 W
1788685684.779943013,0 %, 1690 MHz, 46, 7.22 W
1788685684.880801906,0 %, 1690 MHz, 46, 7.22 W
1788685684.981220111,0 %, 1690 MHz, 46, 7.22 W
1788685685.082144764,0 %, 1690 MHz, 46, 7.22 W
1788685685.182790313,0 %, 1690 MHz, 46, 7.21 W
1788685685.283678327,0 %, 1690 MHz, 46, 7.21 W
1788685685.383899444,0 %, 1690 MHz, 46, 7.21 W
1788685685.484872145,0 %, 1690 MHz, 46, 7.21 W
1788685685.585370814,0 %, 1690 MHz, 46, 7.21 W
1788685685.686242076,0 %, 1690 MHz, 46, 7.18 W
1788685685.786921865,0 %, 1690 MHz, 46, 7.18 W
1788685685.887736934,0 %, 1690 MHz, 46, 7.18 W
1788685685.987583827,0 %, 1690 MHz, 46, 7.18 W
1788685686.087261905,0 %, 1690 MHz, 46, 7.18 W
1788685686.187770414,0 %, 1690 MHz, 46, 7.16 W
1788685686.288809196,0 %, 1690 MHz, 46, 7.16 W
1788685686.389641578,0 %, 1690 MHz, 46, 7.16 W
1788685686.490051063,0 %, 1690 MHz, 46, 7.16 W
1788685686.591003221,0 %, 1690 MHz, 46, 7.16 W
1788685686.691560242,0 %, 1690 MHz, 46, 7.16 W
1788685686.792404784,0 %, 1690 MHz, 46, 7.16 W
1788685686.892874269,0 %, 1690 MHz, 46, 7.16 W
1788685686.993781003,0 %, 1690 MHz, 46, 7.16 W
1788685687.094370809,0 %, 1690 MHz, 46, 7.16 W
1788685687.194243542,0 %, 1690 MHz, 46, 7.20 W
1788685687.294462132,0 %, 1690 MHz, 46, 7.20 W
1788685687.394375778,0 %, 1690 MHz, 46, 7.20 W
1788685687.494938591,0 %, 1690 MHz, 46, 7.20 W
1788685687.595855565,0 %, 1690 MHz, 46, 7.20 W
1788685687.696475835,0 %, 1690 MHz, 46, 7.24 W
1788685687.797291801,0 %, 1690 MHz, 46, 7.24 W
1788685687.897670471,0 %, 1690 MHz, 46, 7.24 W
1788685687.998155044,0 %, 1690 MHz, 46, 7.24 W
1788685688.098890578,0 %, 1690 MHz, 46, 7.24 W
1788685688.199351504,0 %, 1690 MHz, 46, 7.23 W
1788685688.299977278,0 %, 1690 MHz, 46, 7.23 W
1788685688.400028108,0 %, 1690 MHz, 46, 7.23 W
1788685688.500854650,0 %, 1690 MHz, 46, 7.23 W
1788685688.601217000,0 %, 1690 MHz, 46, 7.23 W
1788685688.701543702,0 %, 1690 MHz, 46, 7.22 W
1788685688.801926340,0 %, 1690 MHz, 46, 7.22 W
1788685688.903129731,0 %, 1690 MHz, 46, 7.22 W
1788685689.003478177,0 %, 1690 MHz, 46, 7.22 W
1788685689.103360495,0 %, 1690 MHz, 46, 7.22 W
1788685689.204172205,0 %, 1690 MHz, 45, 7.21 W
1788685689.304330091,0 %, 1690 MHz, 45, 7.21 W
1788685689.404878346,0 %, 1690 MHz, 45, 7.21 W
1788685689.505617560,0 %, 1690 MHz, 45, 7.21 W
1788685689.605957766,0 %, 1690 MHz, 45, 7.21 W
1788685689.706714740,0 %, 1690 MHz, 45, 7.19 W
1788685689.806606627,0 %, 1690 MHz, 45, 7.19 W
1788685689.906563649,0 %, 1690 MHz, 45, 7.19 W
1788685690.007496751,0 %, 1690 MHz, 45, 7.19 W
1788685690.108313614,0 %, 1690 MHz, 45, 7.19 W
1788685690.208872716,0 %, 1690 MHz, 45, 7.18 W
1788685690.309675387,0 %, 1690 MHz, 45, 7.18 W
1788685690.410238057,0 %, 1690 MHz, 45, 7.18 W
1788685690.510506984,0 %, 1690 MHz, 45, 7.18 W
1788685690.610789254,0 %, 1690 MHz, 45, 7.18 W
1788685690.711533461,0 %, 1690 MHz, 45, 7.18 W
1788685690.811987395,0 %, 1690 MHz, 45, 7.18 W
1788685690.912494418,0 %, 1690 MHz, 45, 7.18 W
1788685691.013320368,0 %, 1690 MHz, 45, 7.18 W
1788685691.113539455,0 %, 1690 MHz, 45, 7.20 W
1788685691.213996926,0 %, 1690 MHz, 45, 7.20 W
1788685691.314751965,0 %, 1690 MHz, 45, 7.20 W
1788685691.414650363,0 %, 1690 MHz, 45, 7.20 W
1788685691.515444506,0 %, 1690 MHz, 45, 7.20 W
1788685691.616215609,0 %, 1690 MHz, 45, 7.18 W
1788685691.716707688,0 %, 1690 MHz, 45, 7.18 W
1788685691.817113574,0 %, 1690 MHz, 45, 7.18 W
1788685691.918015349,0 %, 1690 MHz, 45, 7.18 W
1788685692.018669124,0 %, 1690 MHz, 45, 7.18 W
1788685692.118793203,0 %, 1690 MHz, 45, 7.14 W
1788685692.219553474,0 %, 1690 MHz, 45, 7.14 W
1788685692.319876721,0 %, 1690 MHz, 45, 7.14 W
1788685692.419653792,0 %, 1690 MHz, 45, 7.14 W
1788685692.520473663,0 %, 1690 MHz, 45, 7.14 W
1788685692.620759726,0 %, 1690 MHz, 45, 7.14 W
1788685692.721065661,0 %, 1690 MHz, 45, 7.14 W
1788685692.821438588,0 %, 1690 MHz, 45, 7.14 W
1788685692.922850443,0 %, 1690 MHz, 45, 7.14 W
1788685693.023285210,0 %, 1690 MHz, 45, 7.14 W
1788685693.123512649,0 %, 1690 MHz, 45, 7.15 W
1788685693.223681401,0 %, 1690 MHz, 45, 7.15 W
1788685693.323899944,0 %, 1690 MHz, 45, 7.15 W
1788685693.424749255,0 %, 1690 MHz, 45, 7.15 W
1788685693.524628566,0 %, 1690 MHz, 45, 7.15 W
1788685693.625417541,0 %, 1690 MHz, 45, 7.14 W
1788685693.725755045,0 %, 1690 MHz, 45, 7.14 W
1788685693.826596612,0 %, 1690 MHz, 45, 7.14 W
1788685693.927035555,0 %, 1690 MHz, 45, 7.14 W
1788685694.027727635,0 %, 1690 MHz, 45, 7.14 W
1788685694.128125522,0 %, 1690 MHz, 45, 7.18 W
1788685694.228494466,0 %, 1690 MHz, 45, 7.18 W
1788685694.328811857,0 %, 1690 MHz, 45, 7.18 W
1788685694.429435201,0 %, 1690 MHz, 45, 7.18 W
1788685694.529760240,0 %, 1690 MHz, 45, 7.18 W
1788685694.630063535,0 %, 1690 MHz, 45, 7.20 W
1788685694.730503631,0 %, 1690 MHz, 45, 7.20 W
1788685694.831206766,0 %, 1690 MHz, 45, 7.20 W
1788685694.931369598,0 %, 1690 MHz, 45, 7.20 W
1788685695.031962141,0 %, 1690 MHz, 45, 7.20 W
1788685695.132392669,0 %, 1690 MHz, 45, 7.17 W
1788685695.233151389,0 %, 1690 MHz, 45, 7.17 W
1788685695.332982845,0 %, 1690 MHz, 45, 7.17 W
1788685695.433940908,0 %, 1690 MHz, 45, 7.17 W
1788685695.534677932,0 %, 1690 MHz, 45, 7.17 W
1788685695.634827884,0 %, 1690 MHz, 45, 7.14 W
1788685695.735294796,0 %, 1690 MHz, 45, 7.14 W
1788685695.835758107,0 %, 1690 MHz, 45, 7.14 W
1788685695.936144827,0 %, 1690 MHz, 45, 7.14 W
1788685696.036540587,0 %, 1690 MHz, 45, 7.14 W
1788685696.136999387,0 %, 1690 MHz, 45, 7.11 W
1788685696.237511339,0 %, 1690 MHz, 45, 7.11 W
1788685696.337750251,0 %, 1690 MHz, 45, 7.11 W
1788685696.438633211,0 %, 1690 MHz, 45, 7.11 W
1788685696.539218267,0 %, 1690 MHz, 45, 7.11 W
1788685696.639333755,0 %, 1690 MHz, 45, 7.13 W
1788685696.739883051,0 %, 1690 MHz, 45, 7.13 W
1788685696.840443211,0 %, 1690 MHz, 45, 7.13 W
1788685696.940829531,0 %, 1690 MHz, 45, 7.13 W
1788685697.041388155,0 %, 1690 MHz, 45, 7.13 W
1788685697.141846475,0 %, 1690 MHz, 45, 7.13 W
1788685697.242327691,0 %, 1690 MHz, 45, 7.13 W
1788685697.342918491,0 %, 1690 MHz, 45, 7.13 W
1788685697.443366684,0 %, 1690 MHz, 45, 7.13 W
1788685697.543641100,0 %, 1690 MHz, 45, 7.13 W
1788685697.644087516,0 %, 1690 MHz, 46, 7.11 W
1788685697.744627644,0 %, 1690 MHz, 46, 7.11 W
1788685697.844925196,0 %, 1690 MHz, 46, 7.11 W
1788685697.945496861,0 %, 1690 MHz, 46, 7.11 W
1788685698.045922909,0 %, 1690 MHz, 46, 7.11 W
1788685698.146446894,0 %, 1690 MHz, 46, 7.12 W
1788685698.246993758,0 %, 1690 MHz, 46, 7.12 W
1788685698.347394222,0 %, 1690 MHz, 46, 7.12 W
1788685698.447912447,0 %, 1690 MHz, 46, 7.12 W
1788685698.548489887,0 %, 1690 MHz, 46, 7.12 W
1788685698.648929120,0 %, 1690 MHz, 46, 7.12 W
1788685698.749188672,0 %, 1690 MHz, 46, 7.12 W
1788685698.849480353,0 %, 1690 MHz, 46, 7.12 W
1788685698.949942545,0 %, 1690 MHz, 46, 7.12 W
1788685699.050339730,0 %, 1690 MHz, 46, 7.12 W
1788685699.150918994,0 %, 1690 MHz, 46, 7.12 W
1788685699.251486307,0 %, 1690 MHz, 46, 7.12 W
1788685699.351930228,0 %, 1690 MHz, 46, 7.12 W
1788685699.452465653,0 %, 1690 MHz, 46, 7.12 W
1788685699.553019285,0 %, 1690 MHz, 46, 7.12 W
1788685699.653370486,0 %, 1690 MHz, 46, 7.15 W
1788685699.753916695,0 %, 1690 MHz, 46, 7.15 W
1788685699.854477368,0 %, 1690 MHz, 46, 7.15 W
1788685699.954940376,0 %, 1690 MHz, 46, 7.15 W
1788685700.055475929,0 %, 1690 MHz, 46, 7.15 W
1788685700.156009786,0 %, 1690 MHz, 46, 7.18 W
1788685700.256475579,0 %, 1690 MHz, 46, 7.18 W
1788685700.356929804,0 %, 1690 MHz, 46, 7.18 W
1788685700.457414173,0 %, 1690 MHz, 46, 7.18 W
1788685700.558021662,0 %, 1690 MHz, 46, 7.18 W
1788685700.658623919,0 %, 1690 MHz, 46, 7.20 W
1788685700.758934160,0 %, 1690 MHz, 46, 7.20 W
1788685700.859460305,0 %, 1690 MHz, 46, 7.20 W
1788685700.959935426,0 %, 1690 MHz, 46, 7.20 W
1788685701.060412563,0 %, 1690 MHz, 46, 7.20 W
1788685701.160914068,0 %, 1690 MHz, 46, 7.20 W
1788685701.261479493,0 %, 1690 MHz, 46, 7.20 W
1788685701.361932566,0 %, 1690 MHz, 46, 7.20 W
1788685701.462450312,0 %, 1690 MHz, 46, 7.20 W
1788685701.562993257,0 %, 1690 MHz, 46, 7.20 W
1788685701.663501770,0 %, 1690 MHz, 46, 7.20 W
1788685701.763914891,0 %, 1690 MHz, 46, 7.20 W
1788685701.864462076,0 %, 1690 MHz, 46, 7.20 W
1788685701.964918526,0 %, 1690 MHz, 46, 7.20 W
1788685702.065390847,0 %, 1690 MHz, 46, 7.20 W
1788685702.165988400,0 %, 1690 MHz, 46, 7.21 W
1788685702.266485058,0 %, 1690 MHz, 46, 7.21 W
1788685702.366915059,0 %, 1690 MHz, 46, 7.21 W
1788685702.467412421,0 %, 1690 MHz, 46, 7.21 W
1788685702.567935990,0 %, 1690 MHz, 46, 7.21 W
1788685702.668413304,0 %, 1690 MHz, 47, 7.19 W
1788685702.768934377,0 %, 1690 MHz, 47, 7.19 W
1788685702.869455098,0 %, 1690 MHz, 47, 7.19 W
1788685702.969939676,0 %, 1690 MHz, 47, 7.19 W
1788685703.070361005,0 %, 1690 MHz, 47, 7.19 W
1788685703.171011487,0 %, 1690 MHz, 47, 7.16 W
1788685703.271418465,0 %, 1690 MHz, 47, 7.16 W
1788685703.372026963,0 %, 1690 MHz, 47, 7.16 W
1788685703.472432788,0 %, 1690 MHz, 47, 7.16 W
1788685703.572391158,0 %, 1690 MHz, 47, 7.16 W
1788685703.672343623,0 %, 1690 MHz, 47, 7.18 W
1788685703.772698537,0 %, 1690 MHz, 47, 7.18 W
1788685703.873422235,0 %, 1690 MHz, 47, 7.18 W
1788685703.973198332,0 %, 1690 MHz, 47, 7.18 W
1788685704.073318590,0 %, 1690 MHz, 47, 7.18 W
1788685704.173545408,0 %, 1690 MHz, 47, 7.19 W
1788685704.274096290,0 %, 1690 MHz, 47, 7.19 W
1788685704.374310564,0 %, 1690 MHz, 47, 7.19 W
1788685704.474828246,0 %, 1690 MHz, 47, 7.19 W
1788685704.575260344,0 %, 1690 MHz, 47, 7.19 W
1788685704.675856634,0 %, 1690 MHz, 47, 7.20 W
1788685704.776503403,0 %, 1690 MHz, 47, 7.20 W
1788685704.876826941,0 %, 1690 MHz, 47, 7.20 W
1788685704.977240431,0 %, 1690 MHz, 47, 7.20 W
1788685705.077720593,0 %, 1690 MHz, 47, 7.20 W
1788685705.178265844,0 %, 1690 MHz, 47, 7.21 W
1788685705.278346646,0 %, 1690 MHz, 47, 7.21 W
1788685705.378956040,0 %, 1690 MHz, 47, 7.21 W
1788685705.479381162,0 %, 1690 MHz, 47, 7.21 W
1788685705.579924492,0 %, 1690 MHz, 47, 7.21 W
1788685705.679651038,0 %, 1690 MHz, 47, 7.20 W
1788685705.779825632,0 %, 1690 MHz, 47, 7.20 W
1788685705.879850370,0 %, 1690 MHz, 47, 7.20 W
1788685705.979674468,0 %, 1690 MHz, 47, 7.20 W
1788685706.080016615,0 %, 1690 MHz, 47, 7.20 W
1788685706.180583977,0 %, 1690 MHz, 47, 7.18 W
1788685706.280769659,0 %, 1690 MHz, 47, 7.18 W
1788685706.380388078,0 %, 1690 MHz, 47, 7.18 W
1788685706.481008032,0 %, 1690 MHz, 47, 7.18 W
1788685706.581388371,0 %, 1690 MHz, 47, 7.18 W
1788685706.681842565,0 %, 1690 MHz, 47, 7.17 W
1788685706.782288951,0 %, 1690 MHz, 47, 7.17 W
1788685706.882752410,0 %, 1690 MHz, 47, 7.17 W
1788685706.982914380,0 %, 1690 MHz, 47, 7.17 W
1788685707.083420143,0 %, 1690 MHz, 47, 7.17 W
1788685707.183875489,0 %, 1690 MHz, 47, 7.17 W
1788685707.284371444,0 %, 1690 MHz, 47, 7.17 W
1788685707.384856343,0 %, 1690 MHz, 47, 7.17 W
1788685707.485366377,0 %, 1690 MHz, 47, 7.17 W
1788685707.585802524,0 %, 1690 MHz, 47, 7.17 W
1788685707.686443199,0 %, 1690 MHz, 47, 7.20 W
1788685707.786748977,0 %, 1690 MHz, 47, 7.20 W
1788685707.887133748,0 %, 1690 MHz, 47, 7.20 W
1788685707.987348646,0 %, 1690 MHz, 47, 7.20 W
1788685708.087892601,0 %, 1690 MHz, 47, 7.20 W
1788685708.188327276,0 %, 1690 MHz, 47, 7.23 W
1788685708.288809743,0 %, 1690 MHz, 47, 7.23 W
1788685708.389286610,0 %, 1690 MHz, 47, 7.23 W
1788685708.489727973,0 %, 1690 MHz, 47, 7.23 W
1788685708.590195943,0 %, 1690 MHz, 47, 7.23 W
1788685708.690655850,0 %, 1690 MHz, 47, 7.22 W
1788685708.791115437,0 %, 1690 MHz, 47, 7.22 W
1788685708.891332832,0 %, 1690 MHz, 47, 7.22 W
1788685708.991821251,0 %, 1690 MHz, 47, 7.22 W
1788685709.092281990,0 %, 1690 MHz, 47, 7.22 W
1788685709.192774937,0 %, 1690 MHz, 47, 7.21 W
1788685709.293215468,0 %, 1690 MHz, 47, 7.21 W
1788685709.393686495,0 %, 1690 MHz, 47, 7.21 W
1788685709.494205858,0 %, 1690 MHz, 47, 7.21 W
1788685709.594368998,0 %, 1690 MHz, 47, 7.21 W
1788685709.694881321,0 %, 1690 MHz, 47, 7.24 W
1788685709.795315676,0 %, 1690 MHz, 47, 7.24 W
1788685709.895819679,0 %, 1690 MHz, 47, 7.24 W
1788685709.996273954,0 %, 1690 MHz, 47, 7.24 W
1788685710.096767845,0 %, 1690 MHz, 47, 7.24 W
1788685710.197214105,0 %, 1690 MHz, 47, 7.26 W
1788685710.297818412,0 %, 1690 MHz, 47, 7.26 W
1788685710.398232447,0 %, 1690 MHz, 47, 7.26 W
1788685710.498730675,0 %, 1690 MHz, 47, 7.26 W
1788685710.599221046,0 %, 1690 MHz, 47, 7.26 W
1788685710.699709881,0 %, 1690 MHz, 48, 7.28 W
1788685710.800010733,0 %, 1690 MHz, 48, 7.28 W
1788685710.900490208,0 %, 1690 MHz, 48, 7.28 W
1788685711.000969363,0 %, 1690 MHz, 48, 7.28 W
1788685711.101418023,0 %, 1690 MHz, 48, 7.28 W
1788685711.201882939,0 %, 1690 MHz, 48, 7.27 W
1788685711.302403966,0 %, 1690 MHz, 48, 7.27 W
1788685711.402863938,0 %, 1690 MHz, 48, 7.27 W
1788685711.503308181,0 %, 1690 MHz, 48, 7.27 W
1788685711.603811545,0 %, 1690 MHz, 48, 7.27 W
1788685711.704538461,0 %, 1690 MHz, 48, 7.24 W
1788685711.804861024,0 %, 1690 MHz, 48, 7.24 W
1788685711.905335028,0 %, 1690 MHz, 48, 7.24 W
1788685712.005868503,0 %, 1690 MHz, 48, 7.24 W
1788685712.106234475,0 %, 1690 MHz, 48, 7.24 W
1788685712.206444511,0 %, 1690 MHz, 48, 7.22 W
1788685712.307033315,0 %, 1690 MHz, 48, 7.22 W
1788685712.407511543,0 %, 1690 MHz, 48, 7.22 W
1788685712.507971162,0 %, 1690 MHz, 48, 7.22 W
1788685712.608465534,0 %, 1690 MHz, 48, 7.22 W
1788685712.708967394,0 %, 1690 MHz, 48, 7.21 W
1788685712.809430342,0 %, 1690 MHz, 48, 7.21 W
1788685712.909964394,0 %, 1690 MHz, 48, 7.21 W
1788685713.010424526,0 %, 1690 MHz, 48, 7.21 W
1788685713.111027122,0 %, 1690 MHz, 48, 7.21 W
1788685713.211107190,0 %, 1690 MHz, 48, 7.24 W
1788685713.311510090,0 %, 1690 MHz, 48, 7.24 W
1788685713.412012750,0 %, 1690 MHz, 48, 7.24 W
1788685713.512400930,0 %, 1690 MHz, 48, 7.24 W
1788685713.613007942,0 %, 1690 MHz, 48, 7.24 W
1788685713.713649914,0 %, 1690 MHz, 48, 7.28 W
1788685713.813913582,0 %, 1690 MHz, 48, 7.28 W
1788685713.914389026,0 %, 1690 MHz, 48, 7.28 W
1788685714.014955366,0 %, 1690 MHz, 48, 7.28 W
1788685714.115397770,0 %, 1690 MHz, 48, 7.28 W
1788685714.215935775,0 %, 1690 MHz, 48, 7.27 W
1788685714.316417795,0 %, 1690 MHz, 48, 7.27 W
1788685714.416953079,0 %, 1690 MHz, 48, 7.27 W
1788685714.517472940,0 %, 1690 MHz, 48, 7.27 W
1788685714.617925936,0 %, 1690 MHz, 48, 7.24 W
1788685714.718670932,0 %, 1690 MHz, 48, 7.24 W
1788685714.818508073,0 %, 1690 MHz, 48, 7.24 W
1788685714.919091501,0 %, 1690 MHz, 48, 7.24 W
1788685715.019589713,0 %, 1690 MHz, 48, 7.24 W
1788685715.120006230,0 %, 1690 MHz, 48, 7.21 W
1788685715.220493850,0 %, 1690 MHz, 48, 7.21 W
1788685715.321002863,0 %, 1690 MHz, 48, 7.21 W
1788685715.421418371,0 %, 1690 MHz, 48, 7.21 W
1788685715.522122568,0 %, 1690 MHz, 48, 7.21 W
1788685715.622500284,0 %, 1690 MHz, 48, 7.23 W
1788685715.723031921,0 %, 1690 MHz, 48, 7.23 W
1788685715.823467765,0 %, 1690 MHz, 48, 7.23 W
1788685715.923643802,0 %, 1690 MHz, 48, 7.23 W
1788685716.024184495,0 %, 1690 MHz, 48, 7.23 W
1788685716.124724643,0 %, 1690 MHz, 48, 7.24 W
1788685716.225171928,0 %, 1690 MHz, 48, 7.24 W
1788685716.325603901,0 %, 1690 MHz, 48, 7.24 W
1788685716.426107266,0 %, 1690 MHz, 48, 7.24 W
1788685716.526489526,0 %, 1690 MHz, 48, 7.24 W
1788685716.626843211,0 %, 1690 MHz, 48, 7.21 W
1788685716.727328176,0 %, 1690 MHz, 48, 7.21 W
1788685716.827505397,0 %, 1690 MHz, 48, 7.21 W
1788685716.927942665,0 %, 1690 MHz, 48, 7.21 W
1788685717.028436894,0 %, 1690 MHz, 48, 7.21 W
1788685717.128958659,0 %, 1690 MHz, 48, 7.20 W
1788685717.229402264,0 %, 1690 MHz, 48, 7.20 W
1788685717.329967917,0 %, 1690 MHz, 48, 7.20 W
1788685717.430438498,0 %, 1690 MHz, 48, 7.20 W
1788685717.530984151,0 %, 1690 MHz, 48, 7.20 W
1788685717.631457996,0 %, 1690 MHz, 48, 7.16 W
1788685717.731064721,0 %, 1690 MHz, 48, 7.16 W
1788685717.831560742,0 %, 1690 MHz, 48, 7.16 W
1788685717.931717915,0 %, 1690 MHz, 48, 7.16 W
1788685718.032387168,0 %, 1690 MHz, 48, 7.16 W
1788685718.132903653,0 %, 1690 MHz, 48, 7.16 W
1788685718.233234235,0 %, 1690 MHz, 48, 7.16 W
1788685718.333732240,0 %, 1690 MHz, 48, 7.16 W
1788685718.434202133,0 %, 1690 MHz, 48, 7.16 W
1788685718.534680362,0 %, 1690 MHz, 48, 7.16 W
1788685718.635175567,0 %, 1690 MHz, 48, 7.18 W
1788685718.735863717,0 %, 1690 MHz, 48, 7.18 W
1788685718.836026906,0 %, 1690 MHz, 48, 7.18 W
1788685718.936540351,0 %, 1690 MHz, 48, 7.18 W
1788685719.037010436,0 %, 1690 MHz, 48, 7.18 W
1788685719.137489258,0 %, 1690 MHz, 49, 7.18 W
1788685719.238005231,0 %, 1690 MHz, 49, 7.18 W
1788685719.338451653,0 %, 1690 MHz, 49, 7.18 W
1788685719.438972970,0 %, 1690 MHz, 49, 7.18 W
1788685719.539435184,0 %, 1690 MHz, 49, 7.18 W
1788685719.639981461,0 %, 1690 MHz, 49, 7.19 W
1788685719.740409979,0 %, 1690 MHz, 49, 7.19 W
1788685719.840950160,0 %, 1690 MHz, 49, 7.19 W
1788685719.941406918,0 %, 1690 MHz, 49, 7.19 W
1788685720.041931547,0 %, 1690 MHz, 49, 7.19 W
1788685720.142433537,0 %, 1690 MHz, 49, 7.18 W
1788685720.242899735,0 %, 1690 MHz, 49, 7.18 W
1788685720.343306764,0 %, 1690 MHz, 49, 7.18 W
1788685720.443436002,0 %, 1690 MHz, 49, 7.18 W
1788685720.543989384,0 %, 1690 MHz, 49, 7.18 W
1788685720.644442445,0 %, 1690 MHz, 49, 7.19 W
1788685720.745028355,0 %, 1690 MHz, 49, 7.19 W
1788685720.845435353,0 %, 1690 MHz, 49, 7.19 W
1788685720.945983791,0 %, 1690 MHz, 49, 7.19 W
1788685721.046080228,0 %, 1690 MHz, 49, 7.19 W
1788685721.146505178,0 %, 1690 MHz, 49, 7.23 W
1788685721.246913936,0 %, 1690 MHz, 49, 7.23 W
1788685721.347490374,0 %, 1690 MHz, 49, 7.23 W
1788685721.447985292,0 %, 1690 MHz, 49, 7.23 W
1788685721.548575826,0 %, 1690 MHz, 49, 7.23 W
1788685721.649034552,0 %, 1690 MHz, 49, 7.24 W
1788685721.749796686,0 %, 1690 MHz, 49, 7.24 W
1788685721.850019492,0 %, 1690 MHz, 49, 7.24 W
1788685721.950506938,0 %, 1690 MHz, 49, 7.24 W
1788685722.051017328,0 %, 1690 MHz, 49, 7.24 W
1788685722.151829414,0 %, 1690 MHz, 49, 7.25 W
1788685722.252100828,0 %, 1690 MHz, 49, 7.25 W
1788685722.352810162,0 %, 1690 MHz, 49, 7.25 W
1788685722.452554456,0 %, 1690 MHz, 49, 7.25 W
1788685722.553016127,0 %, 1690 MHz, 49, 7.25 W
1788685722.654226021,0 %, 1690 MHz, 49, 7.26 W
1788685722.754307467,0 %, 1690 MHz, 49, 7.26 W
1788685722.855029265,0 %, 1690 MHz, 49, 7.26 W
1788685722.955768631,0 %, 1690 MHz, 49, 7.26 W
1788685723.056150462,0 %, 1690 MHz, 49, 7.26 W
1788685723.156624196,0 %, 1690 MHz, 48, 7.30 W
1788685723.257384235,0 %, 1690 MHz, 48, 7.30 W
1788685723.357202849,0 %, 1690 MHz, 48, 7.30 W
1788685723.458070375,0 %, 1690 MHz, 48, 7.30 W
1788685723.557973502,0 %, 1690 MHz, 48, 7.30 W
1788685723.658824500,0 %, 1690 MHz, 48, 7.32 W
1788685723.759588235,0 %, 1690 MHz, 48, 7.32 W
1788685723.859836769,0 %, 1690 MHz, 48, 7.32 W
1788685723.960751607,0 %, 1690 MHz, 48, 7.32 W
1788685724.060990254,0 %, 1690 MHz, 48, 7.32 W
1788685724.161461380,0 %, 1690 MHz, 48, 7.27 W
1788685724.261875387,0 %, 1690 MHz, 48, 7.27 W
1788685724.362620722,0 %, 1690 MHz, 48, 7.27 W
1788685724.462909176,0 %, 1690 MHz, 48, 7.27 W
1788685724.563378063,0 %, 1690 MHz, 48, 7.27 W
1788685724.663166789,0 %, 1690 MHz, 48, 7.27 W
1788685724.763820044,0 %, 1690 MHz, 48, 7.27 W
1788685724.864728035,0 %, 1690 MHz, 48, 7.27 W
1788685724.965161593,0 %, 1690 MHz, 48, 7.27 W
1788685725.065502976,0 %, 1690 MHz, 48, 7.27 W
1788685725.165737047,0 %, 1690 MHz, 48, 7.26 W
1788685725.266106894,0 %, 1690 MHz, 48, 7.26 W
1788685725.367279093,0 %, 1690 MHz, 48, 7.26 W
1788685725.467252956,0 %, 1690 MHz, 48, 7.26 W
1788685725.568178227,0 %, 1690 MHz, 48, 7.26 W
1788685725.668440265,0 %, 1690 MHz, 48, 7.25 W
1788685725.769434288,0 %, 1690 MHz, 48, 7.25 W
1788685725.868902999,0 %, 1690 MHz, 48, 7.25 W
1788685725.969114318,0 %, 1690 MHz, 48, 7.25 W
1788685726.069729877,0 %, 1690 MHz, 48, 7.25 W
1788685726.170268620,0 %, 1690 MHz, 48, 7.26 W
1788685726.270207811,0 %, 1690 MHz, 48, 7.26 W
1788685726.370396602,0 %, 1690 MHz, 48, 7.26 W
1788685726.470358929,0 %, 1690 MHz, 48, 7.26 W
1788685726.570183016,0 %, 1690 MHz, 48, 7.26 W
1788685726.670655647,0 %, 1690 MHz, 47, 7.29 W
1788685726.770837078,0 %, 1690 MHz, 47, 7.29 W
1788685726.870446157,0 %, 1690 MHz, 47, 7.29 W
1788685726.971536020,0 %, 1690 MHz, 47, 7.29 W
1788685727.072438043,0 %, 1690 MHz, 47, 7.29 W
1788685727.173009347,0 %, 1690 MHz, 47, 7.31 W
1788685727.273852522,0 %, 1690 MHz, 47, 7.31 W
1788685727.374444945,0 %, 1690 MHz, 47, 7.31 W
1788685727.475250857,0 %, 1690 MHz, 47, 7.31 W
1788685727.575871216,0 %, 1690 MHz, 47, 7.31 W
1788685727.676657112,0 %, 1690 MHz, 47, 7.30 W
1788685727.777588687,0 %, 1690 MHz, 47, 7.30 W
1788685727.878129798,0 %, 1690 MHz, 47, 7.30 W
1788685727.979036878,0 %, 1690 MHz, 47, 7.30 W
1788685728.079526341,0 %, 1690 MHz, 47, 7.30 W
1788685728.180451965,0 %, 1690 MHz, 47, 7.28 W
1788685728.281026085,0 %, 1690 MHz, 47, 7.28 W
1788685728.381920060,0 %, 1690 MHz, 47, 7.28 W
1788685728.482486404,0 %, 1690 MHz, 47, 7.28 W
1788685728.583312251,0 %, 1690 MHz, 47, 7.28 W
1788685728.683915555,0 %, 1690 MHz, 47, 7.28 W
1788685728.784732315,0 %, 1690 MHz, 47, 7.28 W
1788685728.885681714,0 %, 1690 MHz, 47, 7.28 W
1788685728.986190650,0 %, 1690 MHz, 47, 7.28 W
1788685729.087097506,0 %, 1690 MHz, 47, 7.28 W
1788685729.186991881,0 %, 1690 MHz, 47, 7.28 W
1788685729.287838961,0 %, 1690 MHz, 47, 7.28 W
1788685729.388733273,0 %, 1690 MHz, 47, 7.28 W
1788685729.489315025,0 %, 1690 MHz, 47, 7.28 W
1788685729.590167113,0 %, 1690 MHz, 47, 7.28 W
1788685729.690775457,0 %, 1690 MHz, 47, 7.28 W
1788685729.791583240,0 %, 1690 MHz, 47, 7.28 W
1788685729.892175104,0 %, 1690 MHz, 47, 7.28 W
1788685729.992982776,0 %, 1690 MHz, 47, 7.28 W
1788685730.093952336,0 %, 1690 MHz, 47, 7.28 W
1788685730.194531240,0 %, 1690 MHz, 46, 7.27 W
1788685730.294955424,0 %, 1690 MHz, 46, 7.27 W
1788685730.395617160,0 %, 1690 MHz, 46, 7.27 W
1788685730.495984992,0 %, 1690 MHz, 46, 7.27 W
1788685730.596962617,0 %, 1690 MHz, 46, 7.27 W
1788685730.697498609,0 %, 1690 MHz, 46, 7.27 W
1788685730.798392041,0 %, 1690 MHz, 46, 7.27 W
1788685730.898642177,0 %, 1690 MHz, 46, 7.27 W
1788685730.999179961,0 %, 1690 MHz, 46, 7.27 W
1788685731.100112033,0 %, 1690 MHz, 46, 7.27 W
1788685731.200740841,0 %, 1690 MHz, 46, 7.28 W
1788685731.301569090,0 %, 1690 MHz, 46, 7.28 W
1788685731.402159322,0 %, 1690 MHz, 46, 7.28 W
1788685731.502748418,0 %, 1690 MHz, 46, 7.28 W
1788685731.603311482,0 %, 1690 MHz, 46, 7.28 W
1788685731.704336707,0 %, 1690 MHz, 46, 7.29 W
1788685731.804666651,0 %, 1690 MHz, 46, 7.29 W
1788685731.905184099,0 %, 1690 MHz, 46, 7.29 W
1788685732.005954188,0 %, 1690 MHz, 46, 7.29 W
1788685732.106181412,0 %, 1690 MHz, 46, 7.29 W
1788685732.207037932,0 %, 1690 MHz, 46, 7.28 W
1788685732.307555461,0 %, 1690 MHz, 46, 7.28 W
1788685732.408437310,0 %, 1690 MHz, 46, 7.28 W
1788685732.509021350,0 %, 1690 MHz, 46, 7.28 W
1788685732.609880687,0 %, 1690 MHz, 46, 7.28 W
1788685732.710485895,0 %, 1690 MHz, 46, 7.28 W
1788685732.811298960,0 %, 1690 MHz, 46, 7.28 W
1788685732.912238376,0 %, 1690 MHz, 46, 7.28 W
1788685733.012878593,0 %, 1690 MHz, 46, 7.28 W
1788685733.113806282,0 %, 1690 MHz, 46, 7.28 W
1788685733.214394098,0 %, 1690 MHz, 46, 7.28 W
1788685733.315278971,0 %, 1690 MHz, 46, 7.28 W
1788685733.415901508,0 %, 1690 MHz, 46, 7.28 W
1788685733.516753676,0 %, 1690 MHz, 46, 7.28 W
1788685733.617618245,0 %, 1690 MHz, 46, 7.28 W
1788685733.718267758,0 %, 1690 MHz, 46, 7.23 W
1788685733.819073703,0 %, 1690 MHz, 46, 7.23 W
1788685733.919729743,0 %, 1690 MHz, 46, 7.23 W
1788685734.020590136,0 %, 1690 MHz, 46, 7.23 W
1788685734.121177665,0 %, 1690 MHz, 46, 7.20 W
1788685734.221523354,0 %, 1690 MHz, 46, 7.20 W
1788685734.322283603,0 %, 1690 MHz, 46, 7.20 W
1788685734.423223020,0 %, 1690 MHz, 46, 7.20 W
1788685734.523738405,0 %, 1690 MHz, 46, 7.20 W
1788685734.624682286,0 %, 1690 MHz, 46, 7.22 W
1788685734.725397527,0 %, 1690 MHz, 46, 7.22 W
1788685734.826100432,0 %, 1690 MHz, 46, 7.22 W
1788685734.926724297,0 %, 1690 MHz, 46, 7.22 W
1788685735.027575026,0 %, 1690 MHz, 46, 7.22 W
1788685735.128526107,0 %, 1690 MHz, 46, 7.24 W
1788685735.228926885,0 %, 1690 MHz, 46, 7.24 W
1788685735.329272766,0 %, 1690 MHz, 46, 7.24 W
1788685735.430199175,0 %, 1690 MHz, 46, 7.24 W
1788685735.530631168,0 %, 1690 MHz, 46, 7.24 W
1788685735.631559353,0 %, 1690 MHz, 46, 7.22 W
1788685735.731956930,0 %, 1690 MHz, 46, 7.22 W
1788685735.832437932,0 %, 1690 MHz, 46, 7.22 W
1788685735.933130421,0 %, 1690 MHz, 46, 7.22 W
1788685736.033558942,0 %, 1690 MHz, 46, 7.22 W
1788685736.134455079,0 %, 1690 MHz, 46, 7.17 W
1788685736.235027073,0 %, 1690 MHz, 46, 7.17 W
1788685736.335898282,0 %, 1690 MHz, 46, 7.17 W
1788685736.436353348,0 %, 1690 MHz, 46, 7.17 W
1788685736.537122925,0 %, 1690 MHz, 46, 7.17 W
1788685736.637589510,0 %, 1690 MHz, 46, 7.16 W
1788685736.738411168,0 %, 1690 MHz, 46, 7.16 W
1788685736.838227433,0 %, 1690 MHz, 46, 7.16 W
1788685736.939125299,0 %, 1690 MHz, 46, 7.16 W
1788685737.039682444,0 %, 1690 MHz, 46, 7.16 W
1788685737.140513014,0 %, 1690 MHz, 46, 7.18 W
1788685737.241428384,0 %, 1690 MHz, 46, 7.18 W
1788685737.341877001,0 %, 1690 MHz, 46, 7.18 W
1788685737.442381235,0 %, 1690 MHz, 46, 7.18 W
1788685737.543121292,0 %, 1690 MHz, 46, 7.18 W
1788685737.643512518,0 %, 1690 MHz, 46, 7.19 W
1788685737.744429392,0 %, 1690 MHz, 46, 7.19 W
1788685737.845059033,0 %, 1690 MHz, 46, 7.19 W
1788685737.945891043,0 %, 1690 MHz, 46, 7.19 W
1788685738.046472509,0 %, 1690 MHz, 46, 7.19 W
1788685738.147287383,0 %, 1690 MHz, 46, 7.19 W
1788685738.247623520,0 %, 1690 MHz, 46, 7.19 W
1788685738.348499642,0 %, 1690 MHz, 46, 7.19 W
1788685738.448890276,0 %, 1690 MHz, 46, 7.19 W
1788685738.549289342,0 %, 1690 MHz, 46, 7.19 W
1788685738.650086792,0 %, 1690 MHz, 46, 7.17 W
1788685738.750547554,0 %, 1690 MHz, 46, 7.17 W
1788685738.851361163,0 %, 1690 MHz, 46, 7.17 W
1788685738.951859941,0 %, 1690 MHz, 46, 7.17 W
1788685739.052171199,0 %, 1690 MHz, 46, 7.17 W
1788685739.152558313,0 %, 1690 MHz, 45, 7.15 W
1788685739.253248499,0 %, 1690 MHz, 45, 7.15 W
1788685739.353543069,0 %, 1690 MHz, 45, 7.15 W
1788685739.453932807,0 %, 1690 MHz, 45, 7.15 W
1788685739.554905410,0 %, 1690 MHz, 45, 7.15 W
1788685739.655295964,0 %, 1690 MHz, 45, 7.14 W
1788685739.756364262,0 %, 1690 MHz, 45, 7.14 W
1788685739.856665104,0 %, 1690 MHz, 45, 7.14 W
1788685739.957554682,0 %, 1690 MHz, 45, 7.14 W
1788685740.057999172,0 %, 1690 MHz, 45, 7.14 W
1788685740.158881087,0 %, 1690 MHz, 45, 7.16 W
1788685740.259430329,0 %, 1690 MHz, 45, 7.16 W
1788685740.360340771,0 %, 1690 MHz, 45, 7.16 W
1788685740.460803693,0 %, 1690 MHz, 45, 7.16 W
1788685740.561721224,0 %, 1690 MHz, 45, 7.16 W
1788685740.662086610,0 %, 1690 MHz, 45, 7.18 W
1788685740.762467356,0 %, 1690 MHz, 45, 7.18 W
1788685740.863326215,0 %, 1690 MHz, 45, 7.18 W
1788685740.963617057,0 %, 1690 MHz, 45, 7.18 W
1788685741.064205979,0 %, 1690 MHz, 45, 7.18 W
1788685741.164434454,0 %, 1690 MHz, 45, 7.17 W
1788685741.265150528,0 %, 1690 MHz, 45, 7.17 W
1788685741.365585691,0 %, 1690 MHz, 45, 7.17 W
1788685741.465669573,0 %, 1690 MHz, 45, 7.17 W
1788685741.566504240,0 %, 1690 MHz, 45, 7.17 W
1788685741.667045066,0 %, 1690 MHz, 45, 7.17 W
1788685741.767860165,0 %, 1690 MHz, 45, 7.17 W
1788685741.868261343,0 %, 1690 MHz, 45, 7.17 W
1788685741.968720266,0 %, 1690 MHz, 45, 7.17 W
1788685742.069481637,0 %, 1690 MHz, 45, 7.17 W
1788685742.169917439,0 %, 1690 MHz, 45, 7.16 W
1788685742.270866538,0 %, 1690 MHz, 45, 7.16 W
1788685742.371241077,0 %, 1690 MHz, 45, 7.16 W
1788685742.471843968,0 %, 1690 MHz, 45, 7.16 W
1788685742.572617418,0 %, 1690 MHz, 45, 7.16 W
1788685742.673009989,0 %, 1690 MHz, 45, 7.17 W
1788685742.773269136,0 %, 1690 MHz, 45, 7.17 W
1788685742.874024810,0 %, 1690 MHz, 45, 7.17 W
1788685742.974386485,0 %, 1690 MHz, 45, 7.17 W
1788685743.074989776,0 %, 1690 MHz, 45, 7.17 W
1788685743.175716875,0 %, 1690 MHz, 45, 7.17 W
1788685743.276269158,0 %, 1690 MHz, 45, 7.17 W
1788685743.377017025,0 %, 1690 MHz, 45, 7.17 W
1788685743.477720508,0 %, 1690 MHz, 45, 7.17 W
1788685743.578546599,0 %, 1690 MHz, 45, 7.17 W
1788685743.678589378,0 %, 1690 MHz, 45, 7.18 W
1788685743.779129261,0 %, 1690 MHz, 45, 7.18 W
1788685743.880032152,0 %, 1690 MHz, 45, 7.18 W
1788685743.980419907,0 %, 1690 MHz, 45, 7.18 W
1788685744.081358142,0 %, 1690 MHz, 45, 7.18 W
1788685744.182000569,0 %, 1690 MHz, 45, 7.20 W
1788685744.282704068,0 %, 1690 MHz, 45, 7.20 W
1788685744.382921984,0 %, 1690 MHz, 45, 7.20 W
1788685744.483311851,0 %, 1690 MHz, 45, 7.20 W
1788685744.583595590,0 %, 1690 MHz, 45, 7.20 W
1788685744.684481025,0 %, 1690 MHz, 45, 7.20 W
1788685744.785100908,0 %, 1690 MHz, 45, 7.20 W
1788685744.885667080,0 %, 1690 MHz, 45, 7.20 W
1788685744.985967475,0 %, 1690 MHz, 45, 7.20 W
1788685745.086614318,0 %, 1690 MHz, 45, 7.20 W
1788685745.187362649,0 %, 1690 MHz, 45, 7.16 W
1788685745.287846437,0 %, 1690 MHz, 45, 7.16 W
1788685745.388673008,0 %, 1690 MHz, 45, 7.16 W
1788685745.489042684,0 %, 1690 MHz, 45, 7.16 W
1788685745.589457575,0 %, 1690 MHz, 45, 7.16 W
1788685745.690324787,0 %, 1690 MHz, 45, 7.14 W
1788685745.790709278,0 %, 1690 MHz, 45, 7.14 W
1788685745.891511801,0 %, 1690 MHz, 45, 7.14 W
1788685745.991891045,0 %, 1690 MHz, 45, 7.14 W
1788685746.092334784,0 %, 1690 MHz, 45, 7.14 W
1788685746.193242524,0 %, 1690 MHz, 45, 7.12 W
1788685746.293502472,0 %, 1690 MHz, 45, 7.12 W
1788685746.393804195,0 %, 1690 MHz, 45, 7.12 W
1788685746.494191183,0 %, 1690 MHz, 45, 7.12 W
1788685746.594474250,0 %, 1690 MHz, 45, 7.12 W
1788685746.695328294,0 %, 1690 MHz, 45, 7.11 W
1788685746.795597458,0 %, 1690 MHz, 45, 7.11 W
1788685746.896613533,0 %, 1690 MHz, 45, 7.11 W
1788685746.996259049,0 %, 1690 MHz, 45, 7.11 W
1788685747.096114756,0 %, 1690 MHz, 45, 7.11 W
1788685747.196636144,0 %, 1690 MHz, 45, 7.11 W
1788685747.297545148,0 %, 1690 MHz, 45, 7.11 W
1788685747.397839688,0 %, 1690 MHz, 45, 7.11 W
1788685747.498405508,0 %, 1690 MHz, 45, 7.11 W
1788685747.599028880,0 %, 1690 MHz, 45, 7.11 W
1788685747.699478283,0 %, 1690 MHz, 45, 7.12 W
1788685747.800349271,0 %, 1690 MHz, 45, 7.12 W
1788685747.900834787,0 %, 1690 MHz, 45, 7.12 W
1788685748.000766607,0 %, 1690 MHz, 45, 7.12 W
1788685748.101260939,0 %, 1690 MHz, 45, 7.12 W
1788685748.200876951,0 %, 1690 MHz, 45, 7.10 W
1788685748.300987667,0 %, 1690 MHz, 45, 7.10 W
1788685748.402298815,0 %, 1690 MHz, 45, 7.10 W
1788685748.502623419,0 %, 1690 MHz, 45, 7.10 W
1788685748.603292151,0 %, 1690 MHz, 45, 7.10 W
1788685748.704008771,0 %, 1690 MHz, 45, 7.07 W
1788685748.804345343,0 %, 1690 MHz, 45, 7.07 W
1788685748.905167995,0 %, 1690 MHz, 45, 7.07 W
1788685749.005612951,0 %, 1690 MHz, 45, 7.07 W
1788685749.106013396,0 %, 1690 MHz, 45, 7.07 W
1788685749.206306944,0 %, 1690 MHz, 45, 7.08 W
1788685749.307080748,0 %, 1690 MHz, 45, 7.08 W
1788685749.407177048,0 %, 1690 MHz, 45, 7.08 W
1788685749.507526037,0 %, 1690 MHz, 45, 7.08 W
1788685749.608270593,0 %, 1690 MHz, 45, 7.08 W
1788685749.708943005,0 %, 1690 MHz, 45, 7.08 W
1788685749.809510217,0 %, 1690 MHz, 45, 7.08 W
1788685749.910360774,0 %, 1690 MHz, 45, 7.08 W
1788685750.010867522,0 %, 1690 MHz, 45, 7.08 W
1788685750.111551551,0 %, 1690 MHz, 45, 7.08 W
1788685750.211762731,0 %, 1690 MHz, 45, 7.06 W
1788685750.312293368,0 %, 1690 MHz, 45, 7.06 W
1788685750.412872372,0 %, 1690 MHz, 45, 7.06 W
1788685750.513191297,0 %, 1690 MHz, 45, 7.06 W
1788685750.613548765,0 %, 1690 MHz, 45, 7.06 W
1788685750.714343722,0 %, 1690 MHz, 45, 7.06 W
1788685750.815022726,0 %, 1690 MHz, 45, 7.06 W
1788685750.915527635,0 %, 1690 MHz, 45, 7.06 W
1788685751.015563967,0 %, 1690 MHz, 45, 7.06 W
1788685751.116457516,0 %, 1690 MHz, 45, 7.06 W
1788685751.216723320,0 %, 1690 MHz, 45, 7.06 W
1788685751.317005669,0 %, 1690 MHz, 45, 7.06 W
1788685751.417743378,0 %, 1690 MHz, 45, 7.06 W
1788685751.518210927,0 %, 1690 MHz, 45, 7.06 W
1788685751.618609195,0 %, 1690 MHz, 45, 7.06 W
1788685751.719256744,0 %, 1690 MHz, 45, 7.09 W
1788685751.819964917,0 %, 1690 MHz, 45, 7.09 W
1788685751.920250145,0 %, 1690 MHz, 45, 7.09 W
1788685752.021049934,0 %, 1690 MHz, 45, 7.09 W
1788685752.121709947,0 %, 1690 MHz, 45, 7.12 W
1788685752.222409784,0 %, 1690 MHz, 45, 7.12 W
1788685752.322670341,0 %, 1690 MHz, 45, 7.12 W
1788685752.422990866,0 %, 1690 MHz, 45, 7.12 W
1788685752.523403759,0 %, 1690 MHz, 45, 7.12 W
1788685752.624009916,0 %, 1690 MHz, 44, 7.09 W
1788685752.724221209,0 %, 1690 MHz, 44, 7.09 W
1788685752.824710646,0 %, 1690 MHz, 44, 7.09 W
1788685752.925390883,0 %, 1690 MHz, 44, 7.09 W
1788685753.025790480,0 %, 1690 MHz, 44, 7.09 W
1788685753.126370205,0 %, 1690 MHz, 44, 7.11 W
1788685753.226443034,0 %, 1690 MHz, 44, 7.11 W
1788685753.327248103,0 %, 1690 MHz, 44, 7.11 W
1788685753.427630100,0 %, 1690 MHz, 44, 7.11 W
1788685753.528141553,0 %, 1690 MHz, 44, 7.11 W
1788685753.628842847,0 %, 1690 MHz, 44, 7.15 W
1788685753.729141068,0 %, 1690 MHz, 44, 7.15 W
1788685753.829687817,0 %, 1690 MHz, 44, 7.15 W
1788685753.930300038,0 %, 1690 MHz, 44, 7.15 W
1788685754.030658019,0 %, 1690 MHz, 44, 7.15 W
1788685754.131183745,0 %, 1690 MHz, 44, 7.16 W
1788685754.231859358,0 %, 1690 MHz, 44, 7.16 W
1788685754.332248443,0 %, 1690 MHz, 44, 7.16 W
1788685754.432477529,0 %, 1690 MHz, 44, 7.16 W
1788685754.532930518,0 %, 1690 MHz, 44, 7.16 W
1788685754.633728675,0 %, 1690 MHz, 44, 7.18 W
1788685754.734279521,0 %, 1690 MHz, 44, 7.18 W
1788685754.834952830,0 %, 1690 MHz, 44, 7.18 W
1788685754.935560508,0 %, 1690 MHz, 44, 7.18 W
1788685755.036188841,0 %, 1690 MHz, 44, 7.18 W
1788685755.136916999,0 %, 1690 MHz, 44, 7.19 W
1788685755.237160452,0 %, 1690 MHz, 44, 7.19 W
1788685755.337596530,0 %, 1690 MHz, 44, 7.19 W
1788685755.438504000,0 %, 1690 MHz, 44, 7.19 W
1788685755.538927917,0 %, 1690 MHz, 44, 7.19 W
1788685755.639339275,0 %, 1690 MHz, 44, 7.15 W
1788685755.739967512,0 %, 1690 MHz, 44, 7.15 W
1788685755.840406534,0 %, 1690 MHz, 44, 7.15 W
1788685755.940714579,0 %, 1690 MHz, 44, 7.15 W
1788685756.041664849,0 %, 1690 MHz, 44, 7.15 W
1788685756.142111647,0 %, 1690 MHz, 44, 7.14 W
1788685756.242331677,0 %, 1690 MHz, 44, 7.14 W
1788685756.343157371,0 %, 1690 MHz, 44, 7.14 W
1788685756.443587016,0 %, 1690 MHz, 44, 7.14 W
1788685756.544102054,0 %, 1690 MHz, 44, 7.14 W
1788685756.644302820,0 %, 1690 MHz, 44, 7.14 W
1788685756.745028738,0 %, 1690 MHz, 44, 7.14 W
1788685756.845536288,0 %, 1690 MHz, 44, 7.14 W
1788685756.946110765,0 %, 1690 MHz, 44, 7.14 W
1788685757.046543787,0 %, 1690 MHz, 44, 7.14 W
1788685757.146951401,0 %, 1690 MHz, 44, 7.11 W
1788685757.246943687,0 %, 1690 MHz, 44, 7.11 W
1788685757.347716133,0 %, 1690 MHz, 44, 7.11 W
1788685757.448095363,0 %, 1690 MHz, 44, 7.11 W
1788685757.548464225,0 %, 1690 MHz, 44, 7.11 W
1788685757.649204991,0 %, 1690 MHz, 44, 7.12 W
1788685757.749559533,0 %, 1690 MHz, 44, 7.12 W
1788685757.850150491,0 %, 1690 MHz, 44, 7.12 W
1788685757.950801145,0 %, 1690 MHz, 44, 7.12 W
1788685758.051484664,0 %, 1690 MHz, 44, 7.12 W
1788685758.152023302,0 %, 1690 MHz, 44, 7.12 W
1788685758.252762484,0 %, 1690 MHz, 44, 7.12 W
1788685758.352607506,0 %, 1690 MHz, 44, 7.12 W
1788685758.453282736,0 %, 1690 MHz, 44, 7.12 W
1788685758.553818495,0 %, 1690 MHz, 44, 7.12 W
1788685758.654550205,0 %, 1690 MHz, 44, 7.14 W
1788685758.754863003,0 %, 1690 MHz, 44, 7.14 W
1788685758.855409913,0 %, 1690 MHz, 44, 7.14 W
1788685758.956133624,0 %, 1690 MHz, 44, 7.14 W
1788685759.057089174,0 %, 1690 MHz, 44, 7.14 W
1788685759.156986597,0 %, 1690 MHz, 44, 7.17 W
1788685759.257370115,0 %, 1690 MHz, 44, 7.17 W
1788685759.358110129,0 %, 1690 MHz, 44, 7.17 W
1788685759.458247584,0 %, 1690 MHz, 44, 7.17 W
1788685759.559090062,0 %, 1690 MHz, 44, 7.17 W
1788685759.659518125,0 %, 1690 MHz, 44, 7.18 W
1788685759.759774875,0 %, 1690 MHz, 44, 7.18 W
1788685759.860870090,0 %, 1690 MHz, 44, 7.18 W
1788685759.961463768,0 %, 1690 MHz, 44, 7.18 W
1788685760.062227367,0 %, 1690 MHz, 44, 7.18 W
1788685760.162273621,0 %, 1690 MHz, 44, 7.21 W
1788685760.263087028,0 %, 1690 MHz, 44, 7.21 W
1788685760.362378691,0 %, 1690 MHz, 44, 7.21 W
1788685760.462969761,0 %, 1690 MHz, 44, 7.21 W
1788685760.563016544,0 %, 1690 MHz, 44, 7.21 W
1788685760.663967839,0 %, 1690 MHz, 45, 7.22 W
1788685760.764532653,0 %, 1690 MHz, 45, 7.22 W
1788685760.864673052,0 %, 1690 MHz, 45, 7.22 W
1788685760.964685306,0 %, 1690 MHz, 45, 7.22 W
1788685761.065127289,0 %, 1690 MHz, 45, 7.22 W
1788685761.165677096,0 %, 1690 MHz, 45, 7.23 W
1788685761.266185463,0 %, 1690 MHz, 45, 7.23 W
1788685761.366656198,0 %, 1690 MHz, 45, 7.23 W
1788685761.467109477,0 %, 1690 MHz, 45, 7.23 W
1788685761.567332019,0 %, 1690 MHz, 45, 7.23 W
1788685761.667831378,0 %, 1690 MHz, 45, 7.23 W
1788685761.768348353,0 %, 1690 MHz, 45, 7.23 W
1788685761.868852064,0 %, 1690 MHz, 45, 7.23 W
1788685761.969263743,0 %, 1690 MHz, 45, 7.23 W
1788685762.069843774,0 %, 1690 MHz, 45, 7.23 W
1788685762.170239677,0 %, 1690 MHz, 45, 7.22 W
1788685762.270661116,0 %, 1690 MHz, 45, 7.22 W
1788685762.371260875,0 %, 1690 MHz, 45, 7.22 W
1788685762.471456394,0 %, 1690 MHz, 45, 7.22 W
1788685762.571869113,0 %, 1690 MHz, 45, 7.22 W
1788685762.672594665,0 %, 1690 MHz, 45, 7.22 W
1788685762.772811896,0 %, 1690 MHz, 45, 7.22 W
1788685762.873289367,0 %, 1690 MHz, 45, 7.22 W
1788685762.973866742,0 %, 1690 MHz, 45, 7.22 W
1788685763.074265765,0 %, 1690 MHz, 45, 7.22 W
1788685763.174822500,0 %, 1690 MHz, 45, 7.18 W
1788685763.275283092,0 %, 1690 MHz, 45, 7.18 W
1788685763.375665203,0 %, 1690 MHz, 45, 7.18 W
1788685763.476188322,0 %, 1690 MHz, 45, 7.18 W
1788685763.576340801,0 %, 1690 MHz, 45, 7.18 W
1788685763.676900113,0 %, 1690 MHz, 45, 7.17 W
1788685763.777380640,0 %, 1690 MHz, 45, 7.17 W
1788685763.877823183,0 %, 1690 MHz, 45, 7.17 W
1788685763.978336463,0 %, 1690 MHz, 45, 7.17 W
1788685764.078775374,0 %, 1690 MHz, 45, 7.17 W
1788685764.179197198,0 %, 1690 MHz, 45, 7.22 W
1788685764.279462781,0 %, 1690 MHz, 45, 7.22 W
1788685764.379978653,0 %, 1690 MHz, 45, 7.22 W
1788685764.480417772,0 %, 1690 MHz, 45, 7.22 W
1788685764.580950140,0 %, 1690 MHz, 45, 7.22 W
1788685764.681620363,0 %, 1690 MHz, 45, 7.24 W
1788685764.781837611,0 %, 1690 MHz, 45, 7.24 W
1788685764.882380202,0 %, 1690 MHz, 45, 7.24 W
1788685764.982846794,0 %, 1690 MHz, 45, 7.24 W
1788685765.083346665,0 %, 1690 MHz, 45, 7.24 W
1788685765.183797049,0 %, 1690 MHz, 45, 7.22 W
1788685765.284060985,0 %, 1690 MHz, 45, 7.22 W
1788685765.384685753,0 %, 1690 MHz, 45, 7.22 W
1788685765.485154776,0 %, 1690 MHz, 45, 7.22 W
1788685765.585659912,0 %, 1690 MHz, 45, 7.22 W
1788685765.686207400,0 %, 1690 MHz, 46, 7.19 W
1788685765.786711336,0 %, 1690 MHz, 46, 7.19 W
1788685765.887150183,0 %, 1690 MHz, 46, 7.19 W
1788685765.987638871,0 %, 1690 MHz, 46, 7.19 W
1788685766.087603287,0 %, 1690 MHz, 46, 7.19 W
1788685766.188278151,0 %, 1690 MHz, 46, 7.20 W
1788685766.288740807,0 %, 1690 MHz, 46, 7.20 W
1788685766.388953655,0 %, 1690 MHz, 46, 7.20 W
1788685766.488873750,0 %, 1690 MHz, 46, 7.20 W
1788685766.589278470,0 %, 1690 MHz, 46, 7.20 W
1788685766.689858790,0 %, 1690 MHz, 46, 7.23 W
1788685766.790256998,0 %, 1690 MHz, 46, 7.23 W
1788685766.890638294,0 %, 1690 MHz, 46, 7.23 W
1788685766.991232134,0 %, 1690 MHz, 46, 7.23 W
1788685767.091498886,0 %, 1690 MHz, 46, 7.23 W
1788685767.191563622,0 %, 1690 MHz, 46, 7.24 W
1788685767.291950774,0 %, 1690 MHz, 46, 7.24 W
1788685767.391630758,0 %, 1690 MHz, 46, 7.24 W
1788685767.491857622,0 %, 1690 MHz, 46, 7.24 W
1788685767.592209286,0 %, 1690 MHz, 46, 7.24 W
1788685767.692883479,0 %, 1690 MHz, 46, 7.23 W
1788685767.793450503,0 %, 1690 MHz, 46, 7.23 W
1788685767.893974439,0 %, 1690 MHz, 46, 7.23 W
1788685767.994644087,0 %, 1690 MHz, 46, 7.23 W
1788685768.094877336,0 %, 1690 MHz, 46, 7.23 W
1788685768.195559624,0 %, 1690 MHz, 46, 7.22 W
1788685768.295716248,0 %, 1690 MHz, 46, 7.22 W
1788685768.396090553,0 %, 1690 MHz, 46, 7.22 W
1788685768.496796633,0 %, 1690 MHz, 46, 7.22 W
1788685768.597312057,0 %, 1690 MHz, 46, 7.22 W
1788685768.697522570,0 %, 1690 MHz, 46, 7.22 W
1788685768.798003098,0 %, 1690 MHz, 46, 7.22 W
1788685768.898502506,0 %, 1690 MHz, 46, 7.22 W
1788685768.999008123,0 %, 1690 MHz, 46, 7.22 W
1788685769.099457483,0 %, 1690 MHz, 46, 7.22 W
1788685769.199965516,0 %, 1690 MHz, 46, 7.24 W
1788685769.300107020,0 %, 1690 MHz, 46, 7.24 W
1788685769.400834269,0 %, 1690 MHz, 46, 7.24 W
1788685769.501297982,0 %, 1690 MHz, 46, 7.24 W
1788685769.601558430,0 %, 1690 MHz, 46, 7.24 W
1788685769.701866367,0 %, 1690 MHz, 46, 7.23 W
1788685769.802465199,0 %, 1690 MHz, 46, 7.23 W
1788685769.903031680,0 %, 1690 MHz, 46, 7.23 W
1788685770.003496833,0 %, 1690 MHz, 46, 7.23 W
1788685770.103907041,0 %, 1690 MHz, 46, 7.23 W
1788685770.204307362,0 %, 1690 MHz, 46, 7.20 W
1788685770.304626323,0 %, 1690 MHz, 46, 7.20 W
1788685770.405322900,0 %, 1690 MHz, 46, 7.20 W
1788685770.505563220,0 %, 1690 MHz, 46, 7.20 W
1788685770.605860133,0 %, 1690 MHz, 46, 7.20 W
1788685770.706491190,0 %, 1690 MHz, 46, 7.18 W
1788685770.806851191,0 %, 1690 MHz, 46, 7.18 W
1788685770.907402232,0 %, 1690 MHz, 46, 7.18 W
1788685771.007687304,0 %, 1690 MHz, 46, 7.18 W
1788685771.108125753,0 %, 1690 MHz, 46, 7.18 W
1788685771.208544794,0 %, 1690 MHz, 46, 7.18 W
1788685771.309015355,0 %, 1690 MHz, 46, 7.18 W
1788685771.409507356,0 %, 1690 MHz, 46, 7.18 W
1788685771.509878269,0 %, 1690 MHz, 46, 7.18 W
1788685771.610407550,0 %, 1690 MHz, 46, 7.18 W
1788685771.710763967,0 %, 1690 MHz, 46, 7.21 W
1788685771.811224880,0 %, 1690 MHz, 46, 7.21 W
1788685771.911600657,0 %, 1690 MHz, 46, 7.21 W
1788685772.012080130,0 %, 1690 MHz, 46, 7.21 W
1788685772.112533107,0 %, 1690 MHz, 46, 7.21 W
1788685772.213040661,0 %, 1690 MHz, 46, 7.18 W
1788685772.313188630,0 %, 1690 MHz, 46, 7.18 W
1788685772.413971815,0 %, 1690 MHz, 46, 7.18 W
1788685772.514392600,0 %, 1690 MHz, 46, 7.18 W
1788685772.614909162,0 %, 1690 MHz, 46, 7.18 W
1788685772.715323627,0 %, 1690 MHz, 47, 7.12 W
1788685772.815820268,0 %, 1690 MHz, 47, 7.12 W
1788685772.916279805,0 %, 1690 MHz, 47, 7.12 W
1788685773.016752302,0 %, 1690 MHz, 47, 7.12 W
1788685773.117202304,0 %, 1690 MHz, 47, 7.12 W
1788685773.217655009,0 %, 1690 MHz, 47, 7.14 W
1788685773.317885107,0 %, 1690 MHz, 47, 7.14 W
1788685773.418642644,0 %, 1690 MHz, 47, 7.14 W
1788685773.519082150,0 %, 1690 MHz, 47, 7.14 W
1788685773.619479863,0 %, 1690 MHz, 47, 7.14 W
1788685773.719994728,0 %, 1690 MHz, 47, 7.21 W
1788685773.820450282,0 %, 1690 MHz, 47, 7.21 W
1788685773.920913675,0 %, 1690 MHz, 47, 7.21 W
1788685774.021396205,0 %, 1690 MHz, 47, 7.21 W
1788685774.121841950,0 %, 1690 MHz, 47, 7.21 W
1788685774.222308464,0 %, 1690 MHz, 47, 7.22 W
1788685774.322256849,0 %, 1690 MHz, 47, 7.22 W
1788685774.423034803,0 %, 1690 MHz, 47, 7.22 W
1788685774.523479925,0 %, 1690 MHz, 47, 7.22 W
1788685774.623963654,0 %, 1690 MHz, 47, 7.20 W
1788685774.724642424,0 %, 1690 MHz, 47, 7.20 W
1788685774.824835690,0 %, 1690 MHz, 47, 7.20 W
1788685774.925390875,0 %, 1690 MHz, 47, 7.20 W
1788685775.026051693,0 %, 1690 MHz, 47, 7.20 W
1788685775.126394623,0 %, 1690 MHz, 47, 7.20 W
1788685775.226908849,0 %, 1690 MHz, 47, 7.20 W
1788685775.327087107,0 %, 1690 MHz, 47, 7.20 W
1788685775.427597572,0 %, 1690 MHz, 47, 7.20 W
1788685775.527909318,0 %, 1690 MHz, 47, 7.20 W
1788685775.628580280,0 %, 1690 MHz, 47, 7.16 W
1788685775.729057594,0 %, 1690 MHz, 47, 7.16 W
1788685775.829502812,0 %, 1690 MHz, 47, 7.16 W
1788685775.929402717,0 %, 1690 MHz, 47, 7.16 W
1788685776.030265935,0 %, 1690 MHz, 47, 7.16 W
1788685776.130438593,0 %, 1690 MHz, 47, 7.16 W
1788685776.231184372,0 %, 1690 MHz, 47, 7.16 W
1788685776.331245221,0 %, 1690 MHz, 47, 7.16 W
1788685776.432188824,0 %, 1690 MHz, 47, 7.16 W
1788685776.532655242,0 %, 1690 MHz, 47, 7.16 W
1788685776.633132060,0 %, 1690 MHz, 47, 7.18 W
1788685776.733613150,0 %, 1690 MHz, 47, 7.18 W
1788685776.834133296,0 %, 1690 MHz, 47, 7.18 W
1788685776.934603186,0 %, 1690 MHz, 47, 7.18 W
1788685777.035133380,0 %, 1690 MHz, 47, 7.18 W
1788685777.135594966,0 %, 1690 MHz, 47, 7.17 W
1788685777.236084473,0 %, 1690 MHz, 47, 7.17 W
1788685777.336298011,0 %, 1690 MHz, 47, 7.17 W
1788685777.436815901,0 %, 1690 MHz, 47, 7.17 W
1788685777.537295279,0 %, 1690 MHz, 47, 7.17 W
1788685777.637814706,0 %, 1690 MHz, 47, 7.14 W
1788685777.738273396,0 %, 1690 MHz, 47, 7.14 W
1788685777.838403286,0 %, 1690 MHz, 47, 7.14 W
1788685777.938898840,0 %, 1690 MHz, 47, 7.14 W
1788685778.039049786,0 %, 1690 MHz, 47, 7.14 W
1788685778.139528621,0 %, 1690 MHz, 47, 7.15 W
1788685778.239968959,0 %, 1690 MHz, 47, 7.15 W
1788685778.340210498,0 %, 1690 MHz, 47, 7.15 W
1788685778.440729348,0 %, 1690 MHz, 47, 7.15 W
1788685778.540246854,0 %, 1690 MHz, 47, 7.15 W
1788685778.639993657,0 %, 1690 MHz, 47, 7.18 W
1788685778.740567627,0 %, 1690 MHz, 47, 7.18 W
1788685778.841559502,0 %, 1690 MHz, 47, 7.18 W
1788685778.941557744,0 %, 1690 MHz, 47, 7.18 W
1788685779.042056803,0 %, 1690 MHz, 47, 7.18 W
1788685779.142275621,0 %, 1690 MHz, 47, 7.18 W
1788685779.242736952,0 %, 1690 MHz, 47, 7.18 W
1788685779.343207659,0 %, 1690 MHz, 47, 7.18 W
1788685779.443739837,0 %, 1690 MHz, 47, 7.18 W
1788685779.544144880,0 %, 1690 MHz, 47, 7.18 W
1788685779.644830963,0 %, 1690 MHz, 47, 7.18 W
1788685779.745172261,0 %, 1690 MHz, 47, 7.18 W
1788685779.845347416,0 %, 1690 MHz, 47, 7.18 W
1788685779.945853291,0 %, 1690 MHz, 47, 7.18 W
1788685780.046346509,0 %, 1690 MHz, 47, 7.18 W
1788685780.146805264,0 %, 1690 MHz, 47, 7.20 W
1788685780.247277715,0 %, 1690 MHz, 47, 7.20 W
1788685780.347754518,0 %, 1690 MHz, 47, 7.20 W
1788685780.448137481,0 %, 1690 MHz, 47, 7.20 W
1788685780.548715276,0 %, 1690 MHz, 47, 7.20 W
1788685780.649182463,0 %, 1690 MHz, 47, 7.20 W
1788685780.749784498,0 %, 1690 MHz, 47, 7.20 W
1788685780.850118260,0 %, 1690 MHz, 47, 7.20 W
1788685780.950342727,0 %, 1690 MHz, 47, 7.20 W
1788685781.050815962,0 %, 1690 MHz, 47, 7.20 W
1788685781.151330397,0 %, 1690 MHz, 48, 7.17 W
1788685781.251785600,0 %, 1690 MHz, 48, 7.17 W
1788685781.352225220,0 %, 1690 MHz, 48, 7.17 W
1788685781.452741159,0 %, 1690 MHz, 48, 7.17 W
1788685781.553244506,0 %, 1690 MHz, 48, 7.17 W
1788685781.653624829,0 %, 1690 MHz, 48, 7.22 W
1788685781.754097392,0 %, 1690 MHz, 48, 7.22 W
1788685781.854596419,0 %, 1690 MHz, 48, 7.22 W
1788685781.955078134,0 %, 1690 MHz, 48, 7.22 W
1788685782.055487721,0 %, 1690 MHz, 48, 7.22 W
1788685782.156008205,0 %, 1690 MHz, 48, 7.25 W
1788685782.256463184,0 %, 1690 MHz, 48, 7.25 W
1788685782.356877843,0 %, 1690 MHz, 48, 7.25 W
1788685782.457264438,0 %, 1690 MHz, 48, 7.25 W
1788685782.557799610,0 %, 1690 MHz, 48, 7.25 W
1788685782.658209821,0 %, 1690 MHz, 48, 7.23 W
1788685782.758727920,0 %, 1690 MHz, 48, 7.23 W
1788685782.859175892,0 %, 1690 MHz, 48, 7.23 W
1788685782.959661431,0 %, 1690 MHz, 48, 7.23 W
1788685783.060100906,0 %, 1690 MHz, 48, 7.23 W
1788685783.160627550,0 %, 1690 MHz, 48, 7.23 W
1788685783.261094481,0 %, 1690 MHz, 48, 7.23 W
1788685783.361557669,0 %, 1690 MHz, 48, 7.23 W
1788685783.462055048,0 %, 1690 MHz, 48, 7.23 W
1788685783.562543212,0 %, 1690 MHz, 48, 7.23 W
1788685783.663025455,0 %, 1690 MHz, 48, 7.24 W
1788685783.763468627,0 %, 1690 MHz, 48, 7.24 W
1788685783.863990646,0 %, 1690 MHz, 48, 7.24 W
1788685783.964389034,0 %, 1690 MHz, 48, 7.24 W
1788685784.064868110,0 %, 1690 MHz, 48, 7.24 W
1788685784.165280897,0 %, 1690 MHz, 48, 7.21 W
1788685784.265733477,0 %, 1690 MHz, 48, 7.21 W
1788685784.366222409,0 %, 1690 MHz, 48, 7.21 W
1788685784.466780188,0 %, 1690 MHz, 48, 7.21 W
1788685784.567176080,0 %, 1690 MHz, 48, 7.21 W
1788685784.667738564,0 %, 1690 MHz, 48, 7.21 W
1788685784.768148871,0 %, 1690 MHz, 48, 7.21 W
1788685784.868640603,0 %, 1690 MHz, 48, 7.21 W
1788685784.969149807,0 %, 1690 MHz, 48, 7.21 W
1788685785.069602691,0 %, 1690 MHz, 48, 7.21 W
1788685785.170096007,0 %, 1690 MHz, 48, 7.25 W
1788685785.270569835,0 %, 1690 MHz, 48, 7.25 W
1788685785.371091583,0 %, 1690 MHz, 48, 7.25 W
1788685785.471810866,0 %, 1690 MHz, 48, 7.25 W
1788685785.572084566,0 %, 1690 MHz, 48, 7.25 W
1788685785.672562314,0 %, 1690 MHz, 48, 7.25 W
1788685785.773140862,0 %, 1690 MHz, 48, 7.25 W
1788685785.873551186,0 %, 1690 MHz, 48, 7.25 W
1788685785.974068614,0 %, 1690 MHz, 48, 7.25 W
1788685786.074486650,0 %, 1690 MHz, 48, 7.25 W
1788685786.175292046,0 %, 1690 MHz, 48, 7.23 W
1788685786.276092755,0 %, 1690 MHz, 48, 7.23 W
1788685786.376495735,0 %, 1690 MHz, 48, 7.23 W
1788685786.476954059,0 %, 1690 MHz, 48, 7.23 W
1788685786.577238639,0 %, 1690 MHz, 48, 7.23 W
1788685786.677996099,0 %, 1690 MHz, 48, 7.22 W
1788685786.778612871,0 %, 1690 MHz, 48, 7.22 W
1788685786.878258507,0 %, 1690 MHz, 48, 7.22 W
1788685786.977979839,0 %, 1690 MHz, 48, 7.22 W
1788685787.078844643,0 %, 1690 MHz, 48, 7.22 W
1788685787.179254936,0 %, 1690 MHz, 48, 7.26 W
1788685787.280099004,0 %, 1690 MHz, 48, 7.26 W
1788685787.380478337,0 %, 1690 MHz, 48, 7.26 W
1788685787.480851989,0 %, 1690 MHz, 48, 7.26 W
1788685787.581661961,0 %, 1690 MHz, 48, 7.26 W
1788685787.681377629,0 %, 1690 MHz, 48, 7.26 W
1788685787.781581809,0 %, 1690 MHz, 48, 7.26 W
1788685787.881307926,0 %, 1690 MHz, 48, 7.26 W
1788685787.982777370,0 %, 1690 MHz, 48, 7.26 W
1788685788.082909663,0 %, 1690 MHz, 48, 7.26 W
1788685788.183235059,0 %, 1690 MHz, 48, 7.23 W
1788685788.283975960,0 %, 1690 MHz, 48, 7.23 W
1788685788.384355356,0 %, 1690 MHz, 48, 7.23 W
1788685788.485012129,0 %, 1690 MHz, 48, 7.23 W
1788685788.585343845,0 %, 1690 MHz, 48, 7.23 W
1788685788.685677386,0 %, 1690 MHz, 47, 7.22 W
1788685788.786289534,0 %, 1690 MHz, 47, 7.22 W
1788685788.887073859,0 %, 1690 MHz, 47, 7.22 W
1788685788.987645271,0 %, 1690 MHz, 47, 7.22 W
1788685789.088331468,0 %, 1690 MHz, 47, 7.22 W
1788685789.188789569,0 %, 1690 MHz, 47, 7.23 W
1788685789.288556245,0 %, 1690 MHz, 47, 7.23 W
1788685789.389382554,0 %, 1690 MHz, 47, 7.23 W
1788685789.490023535,0 %, 1690 MHz, 47, 7.23 W
1788685789.590725268,0 %, 1690 MHz, 47, 7.23 W
1788685789.690965545,0 %, 1690 MHz, 47, 7.27 W
1788685789.791035293,0 %, 1690 MHz, 47, 7.27 W
1788685789.891978098,0 %, 1690 MHz, 47, 7.27 W
1788685789.992382071,0 %, 1690 MHz, 47, 7.27 W
1788685790.092377644,0 %, 1690 MHz, 47, 7.27 W
1788685790.193419873,0 %, 1690 MHz, 47, 7.28 W
1788685790.293843190,0 %, 1690 MHz, 47, 7.28 W
1788685790.394794219,0 %, 1690 MHz, 47, 7.28 W
1788685790.495254752,0 %, 1690 MHz, 47, 7.28 W
1788685790.596201589,0 %, 1690 MHz, 47, 7.28 W
1788685790.696750154,0 %, 1690 MHz, 47, 7.27 W
1788685790.797661551,0 %, 1690 MHz, 47, 7.27 W
1788685790.898610516,0 %, 1690 MHz, 47, 7.27 W
1788685790.999099993,0 %, 1690 MHz, 47, 7.27 W
1788685791.099653150,0 %, 1690 MHz, 47, 7.27 W
1788685791.200528387,0 %, 1690 MHz, 47, 7.25 W
1788685791.301481193,0 %, 1690 MHz, 47, 7.25 W
1788685791.401942654,0 %, 1690 MHz, 47, 7.25 W
1788685791.502900515,0 %, 1690 MHz, 47, 7.25 W
1788685791.603973512,0 %, 1690 MHz, 47, 7.25 W
1788685791.704332990,0 %, 1690 MHz, 47, 7.26 W
1788685791.804921491,0 %, 1690 MHz, 47, 7.26 W
1788685791.905820184,0 %, 1690 MHz, 47, 7.26 W
1788685792.006392701,0 %, 1690 MHz, 47, 7.26 W
1788685792.106292114,0 %, 1690 MHz, 47, 7.26 W
1788685792.207556296,0 %, 1690 MHz, 46, 7.27 W
1788685792.308090269,0 %, 1690 MHz, 46, 7.27 W
1788685792.408955043,0 %, 1690 MHz, 46, 7.27 W
1788685792.509875944,0 %, 1690 MHz, 46, 7.27 W
1788685792.610382462,0 %, 1690 MHz, 46, 7.27 W
1788685792.711325523,0 %, 1690 MHz, 46, 7.26 W
1788685792.811890057,0 %, 1690 MHz, 46, 7.26 W
1788685792.912760110,0 %, 1690 MHz, 46, 7.26 W
1788685793.013338067,0 %, 1690 MHz, 46, 7.26 W
1788685793.114208281,0 %, 1690 MHz, 46, 7.26 W
1788685793.214764191,0 %, 1690 MHz, 46, 7.24 W
1788685793.315583204,0 %, 1690 MHz, 46, 7.24 W
1788685793.416179178,0 %, 1690 MHz, 46, 7.24 W
1788685793.516976272,0 %, 1690 MHz, 46, 7.24 W
1788685793.617920437,0 %, 1690 MHz, 46, 7.24 W
1788685793.718425083,0 %, 1690 MHz, 46, 7.20 W
1788685793.819358161,0 %, 1690 MHz, 46, 7.20 W
1788685793.919919958,0 %, 1690 MHz, 46, 7.20 W
1788685794.020817596,0 %, 1690 MHz, 46, 7.20 W
1788685794.121341922,0 %, 1690 MHz, 46, 7.20 W
1788685794.222206264,0 %, 1690 MHz, 46, 7.20 W
1788685794.322649437,0 %, 1690 MHz, 46, 7.20 W
1788685794.423503683,0 %, 1690 MHz, 46, 7.20 W
1788685794.524464281,0 %, 1690 MHz, 46, 7.20 W
1788685794.624973679,0 %, 1690 MHz, 46, 7.22 W
1788685794.725901221,0 %, 1690 MHz, 46, 7.22 W
1788685794.826457403,0 %, 1690 MHz, 46, 7.22 W
1788685794.927338656,0 %, 1690 MHz, 46, 7.22 W
1788685795.027934614,0 %, 1690 MHz, 46, 7.22 W
1788685795.128793820,0 %, 1690 MHz, 46, 7.22 W
1788685795.229343762,0 %, 1690 MHz, 46, 7.22 W
1788685795.330167113,0 %, 1690 MHz, 46, 7.22 W
1788685795.430744271,0 %, 1690 MHz, 46, 7.22 W
1788685795.531574981,0 %, 1690 MHz, 46, 7.22 W
1788685795.632165419,0 %, 1690 MHz, 46, 7.20 W
1788685795.732990721,0 %, 1690 MHz, 46, 7.20 W
1788685795.833946567,0 %, 1690 MHz, 46, 7.20 W
1788685795.934110013,0 %, 1690 MHz, 46, 7.20 W
1788685796.034907363,0 %, 1690 MHz, 46, 7.20 W
1788685796.135738905,0 %, 1690 MHz, 46, 7.18 W
1788685796.236685007,0 %, 1690 MHz, 46, 7.18 W
1788685796.337147877,0 %, 1690 MHz, 46, 7.18 W
1788685796.438116188,0 %, 1690 MHz, 46, 7.18 W
1788685796.538620194,0 %, 1690 MHz, 46, 7.18 W
1788685796.639539080,0 %, 1690 MHz, 45, 7.18 W
1788685796.740267998,0 %, 1690 MHz, 45, 7.18 W
1788685796.840974805,0 %, 1690 MHz, 45, 7.18 W
1788685796.941556283,0 %, 1690 MHz, 45, 7.18 W
1788685797.042401073,0 %, 1690 MHz, 45, 7.18 W
1788685797.142991288,0 %, 1690 MHz, 45, 7.17 W
1788685797.243802638,0 %, 1690 MHz, 45, 7.17 W
1788685797.344754485,0 %, 1690 MHz, 45, 7.17 W
1788685797.445213515,0 %, 1690 MHz, 45, 7.17 W
1788685797.545759185,0 %, 1690 MHz, 45, 7.17 W
1788685797.646533576,0 %, 1690 MHz, 45, 7.20 W
1788685797.747506590,0 %, 1690 MHz, 45, 7.20 W
1788685797.847233796,0 %, 1690 MHz, 45, 7.20 W
1788685797.948300427,0 %, 1690 MHz, 45, 7.20 W
1788685798.048669266,0 %, 1690 MHz, 45, 7.20 W
1788685798.149487256,0 %, 1690 MHz, 45, 7.19 W
1788685798.250083519,0 %, 1690 MHz, 45, 7.19 W
1788685798.350876037,0 %, 1690 MHz, 45, 7.19 W
1788685798.451815244,0 %, 1690 MHz, 45, 7.19 W
1788685798.552332659,0 %, 1690 MHz, 45, 7.19 W
1788685798.653255129,0 %, 1690 MHz, 45, 7.15 W
1788685798.753799440,0 %, 1690 MHz, 45, 7.15 W
1788685798.854106742,0 %, 1690 MHz, 45, 7.15 W
1788685798.954942813,0 %, 1690 MHz, 45, 7.15 W
1788685799.055486532,0 %, 1690 MHz, 45, 7.15 W
1788685799.156285195,0 %, 1690 MHz, 45, 7.15 W
1788685799.256901298,0 %, 1690 MHz, 45, 7.15 W
1788685799.357736808,0 %, 1690 MHz, 45, 7.15 W
1788685799.458711423,0 %, 1690 MHz, 45, 7.15 W
1788685799.559187254,0 %, 1690 MHz, 45, 7.15 W
1788685799.660116877,0 %, 1690 MHz, 45, 7.15 W
1788685799.760670484,0 %, 1690 MHz, 45, 7.15 W
1788685799.861578683,0 %, 1690 MHz, 45, 7.15 W
1788685799.962171874,0 %, 1690 MHz, 45, 7.15 W
1788685800.063019097,0 %, 1690 MHz, 45, 7.15 W
1788685800.163586320,0 %, 1690 MHz, 45, 7.18 W
1788685800.264433687,0 %, 1690 MHz, 45, 7.18 W
1788685800.364994734,0 %, 1690 MHz, 45, 7.18 W
1788685800.465811029,0 %, 1690 MHz, 45, 7.18 W
1788685800.566398700,0 %, 1690 MHz, 45, 7.18 W
1788685800.667354771,0 %, 1690 MHz, 45, 7.19 W
1788685800.768143642,0 %, 1690 MHz, 45, 7.19 W
1788685800.868658465,0 %, 1690 MHz, 45, 7.19 W
1788685800.969581640,0 %, 1690 MHz, 45, 7.19 W
1788685801.070143167,0 %, 1690 MHz, 45, 7.19 W
1788685801.171017302,0 %, 1690 MHz, 45, 7.16 W
1788685801.271614078,0 %, 1690 MHz, 45, 7.16 W
1788685801.372449589,0 %, 1690 MHz, 45, 7.16 W
1788685801.473028156,0 %, 1690 MHz, 45, 7.16 W
1788685801.573903219,0 %, 1690 MHz, 45, 7.16 W
1788685801.674469195,0 %, 1690 MHz, 45, 7.14 W
1788685801.775268338,0 %, 1690 MHz, 45, 7.14 W
1788685801.876216553,0 %, 1690 MHz, 45, 7.14 W
1788685801.976708160,0 %, 1690 MHz, 45, 7.14 W
1788685802.077652920,0 %, 1690 MHz, 45, 7.14 W
1788685802.178205135,0 %, 1690 MHz, 44, 7.15 W
1788685802.279075127,0 %, 1690 MHz, 44, 7.15 W
1788685802.379708158,0 %, 1690 MHz, 44, 7.15 W
1788685802.480551941,0 %, 1690 MHz, 44, 7.15 W
1788685802.581134429,0 %, 1690 MHz, 44, 7.15 W
1788685802.681979796,0 %, 1690 MHz, 44, 7.19 W
1788685802.782551596,0 %, 1690 MHz, 44, 7.19 W
1788685802.883341363,0 %, 1690 MHz, 44, 7.19 W
1788685802.984317307,0 %, 1690 MHz, 44, 7.19 W
1788685803.084535106,0 %, 1690 MHz, 44, 7.19 W
1788685803.184665498,0 %, 1690 MHz, 44, 7.19 W
1788685803.284806161,0 %, 1690 MHz, 44, 7.19 W
1788685803.384674088,0 %, 1690 MHz, 44, 7.19 W
1788685803.485521520,0 %, 1690 MHz, 44, 7.19 W
1788685803.586474520,0 %, 1690 MHz, 44, 7.19 W
1788685803.687041487,0 %, 1690 MHz, 44, 7.17 W
1788685803.787897079,0 %, 1690 MHz, 44, 7.17 W
1788685803.888498127,0 %, 1690 MHz, 44, 7.17 W
1788685803.989372326,0 %, 1690 MHz, 44, 7.17 W
1788685804.089944062,0 %, 1690 MHz, 44, 7.17 W
1788685804.190792342,0 %, 1690 MHz, 44, 7.18 W
1788685804.291765902,0 %, 1690 MHz, 44, 7.18 W
1788685804.392231510,0 %, 1690 MHz, 44, 7.18 W
1788685804.493188590,0 %, 1690 MHz, 44, 7.18 W
1788685804.593739573,0 %, 1690 MHz, 44, 7.18 W
1788685804.694618845,0 %, 1690 MHz, 44, 7.18 W
1788685804.795223061,0 %, 1690 MHz, 44, 7.18 W
1788685804.896065565,0 %, 1690 MHz, 44, 7.18 W
1788685804.996637077,0 %, 1690 MHz, 44, 7.18 W
1788685805.097485901,0 %, 1690 MHz, 44, 7.18 W
1788685805.198062709,0 %, 1690 MHz, 44, 7.18 W
1788685805.298867789,0 %, 1690 MHz, 44, 7.18 W
1788685805.399813365,0 %, 1690 MHz, 44, 7.18 W
1788685805.500333661,0 %, 1690 MHz, 44, 7.18 W
1788685805.601235605,0 %, 1690 MHz, 44, 7.18 W
1788685805.701781485,0 %, 1690 MHz, 44, 7.19 W
1788685805.802668229,0 %, 1690 MHz, 44, 7.19 W
1788685805.903267469,0 %, 1690 MHz, 44, 7.19 W
1788685806.004122917,0 %, 1690 MHz, 44, 7.19 W
1788685806.104731373,0 %, 1690 MHz, 44, 7.19 W
1788685806.205557494,0 %, 1690 MHz, 44, 7.20 W
1788685806.306136830,0 %, 1690 MHz, 44, 7.20 W
1788685806.406953254,0 %, 1690 MHz, 44, 7.20 W
1788685806.507890574,0 %, 1690 MHz, 44, 7.20 W
1788685806.608385478,0 %, 1690 MHz, 44, 7.20 W
1788685806.709315423,0 %, 1690 MHz, 44, 7.20 W
1788685806.809871319,0 %, 1690 MHz, 44, 7.20 W
1788685806.910744175,0 %, 1690 MHz, 44, 7.20 W
1788685807.011350391,0 %, 1690 MHz, 44, 7.20 W
1788685807.112205520,0 %, 1690 MHz, 44, 7.20 W
1788685807.212786536,0 %, 1690 MHz, 44, 7.20 W
1788685807.313602769,0 %, 1690 MHz, 44, 7.20 W
1788685807.414214121,0 %, 1690 MHz, 44, 7.20 W
1788685807.515003794,0 %, 1690 MHz, 44, 7.20 W
1788685807.615982746,0 %, 1690 MHz, 44, 7.20 W
1788685807.716402947,0 %, 1690 MHz, 44, 7.22 W
1788685807.817307323,0 %, 1690 MHz, 44, 7.22 W
1788685807.917138403,0 %, 1690 MHz, 44, 7.22 W
1788685808.017653308,0 %, 1690 MHz, 44, 7.22 W
1788685808.117926292,0 %, 1690 MHz, 44, 7.22 W
1788685808.217890620,0 %, 1690 MHz, 44, 7.18 W
1788685808.318773429,0 %, 1690 MHz, 44, 7.18 W
1788685808.418740973,0 %, 1690 MHz, 44, 7.18 W
1788685808.518704566,0 %, 1690 MHz, 44, 7.18 W
1788685808.618999854,0 %, 1690 MHz, 44, 7.18 W
1788685808.720072535,0 %, 1690 MHz, 44, 7.18 W
1788685808.820552175,0 %, 1690 MHz, 44, 7.18 W
1788685808.920622744,0 %, 1690 MHz, 44, 7.18 W
1788685809.020333200,0 %, 1690 MHz, 44, 7.18 W
1788685809.120570489,0 %, 1690 MHz, 44, 7.18 W
1788685809.221590994,0 %, 1690 MHz, 44, 7.20 W
1788685809.322415594,0 %, 1690 MHz, 44, 7.20 W
1788685809.423342387,0 %, 1690 MHz, 44, 7.20 W
1788685809.523849980,0 %, 1690 MHz, 44, 7.20 W
1788685809.624801477,0 %, 1690 MHz, 44, 7.20 W
1788685809.725290766,0 %, 1690 MHz, 44, 7.14 W
1788685809.826225463,0 %, 1690 MHz, 44, 7.14 W
1788685809.926793151,0 %, 1690 MHz, 44, 7.14 W
1788685810.027650792,0 %, 1690 MHz, 44, 7.14 W
1788685810.128208977,0 %, 1690 MHz, 43, 7.11 W
1788685810.229084122,0 %, 1690 MHz, 43, 7.11 W
1788685810.329660227,0 %, 1690 MHz, 43, 7.11 W
1788685810.430544012,0 %, 1690 MHz, 43, 7.11 W
1788685810.531444949,0 %, 1690 MHz, 43, 7.11 W
1788685810.631976734,0 %, 1690 MHz, 43, 7.15 W
1788685810.732910151,0 %, 1690 MHz, 43, 7.15 W
1788685810.833484752,0 %, 1690 MHz, 43, 7.15 W
1788685810.934326698,0 %, 1690 MHz, 43, 7.15 W
1788685811.034935187,0 %, 1690 MHz, 43, 7.15 W
1788685811.135809292,0 %, 1690 MHz, 43, 7.17 W
1788685811.236358837,0 %, 1690 MHz, 43, 7.17 W
1788685811.337178350,0 %, 1690 MHz, 43, 7.17 W
1788685811.438135880,0 %, 1690 MHz, 43, 7.17 W
1788685811.538594209,0 %, 1690 MHz, 43, 7.17 W
1788685811.639539866,0 %, 1690 MHz, 43, 7.18 W
1788685811.740272787,0 %, 1690 MHz, 43, 7.18 W
1788685811.841007276,0 %, 1690 MHz, 43, 7.18 W
1788685811.941425493,0 %, 1690 MHz, 43, 7.18 W
1788685812.042293535,0 %, 1690 MHz, 43, 7.18 W
1788685812.142851464,0 %, 1690 MHz, 43, 7.21 W
1788685812.243766834,0 %, 1690 MHz, 43, 7.21 W
1788685812.344298571,0 %, 1690 MHz, 43, 7.21 W
1788685812.444781412,0 %, 1690 MHz, 43, 7.21 W
1788685812.545517726,0 %, 1690 MHz, 43, 7.21 W
1788685812.646484311,0 %, 1690 MHz, 43, 7.23 W
1788685812.747035425,0 %, 1690 MHz, 43, 7.23 W
1788685812.847924138,0 %, 1690 MHz, 43, 7.23 W
1788685812.948484787,0 %, 1690 MHz, 43, 7.23 W
1788685813.049343933,0 %, 1690 MHz, 43, 7.23 W
1788685813.149910903,0 %, 1690 MHz, 43, 7.21 W
1788685813.250770352,0 %, 1690 MHz, 43, 7.21 W
1788685813.351712458,0 %, 1690 MHz, 43, 7.21 W
1788685813.452198531,0 %, 1690 MHz, 43, 7.21 W
1788685813.553146045,0 %, 1690 MHz, 43, 7.21 W
1788685813.653108694,0 %, 1690 MHz, 43, 7.24 W
1788685813.753950752,0 %, 1690 MHz, 43, 7.24 W
1788685813.854831562,0 %, 1690 MHz, 43, 7.24 W
1788685813.955367635,0 %, 1690 MHz, 43, 7.24 W
1788685814.056274349,0 %, 1690 MHz, 43, 7.24 W
1788685814.156835927,0 %, 1690 MHz, 43, 7.28 W
1788685814.257448272,0 %, 1690 MHz, 43, 7.28 W
1788685814.357294938,0 %, 1690 MHz, 43, 7.28 W
1788685814.457094451,0 %, 1690 MHz, 43, 7.28 W
1788685814.557649453,0 %, 1690 MHz, 43, 7.28 W
1788685814.658564375,0 %, 1690 MHz, 43, 7.28 W
1788685814.758616960,0 %, 1690 MHz, 43, 7.28 W
1788685814.858495962,0 %, 1690 MHz, 43, 7.28 W
1788685814.958747220,0 %, 1690 MHz, 43, 7.28 W
1788685815.058791133,0 %, 1690 MHz, 43, 7.28 W
1788685815.158605175,0 %, 1690 MHz, 43, 7.26 W
1788685815.258903601,0 %, 1690 MHz, 43, 7.26 W
1788685815.359939563,0 %, 1690 MHz, 43, 7.26 W
1788685815.460386309,0 %, 1690 MHz, 43, 7.26 W
1788685815.561250479,0 %, 1690 MHz, 43, 7.26 W
1788685815.662148633,0 %, 1690 MHz, 43, 7.27 W
1788685815.763149443,0 %, 1690 MHz, 43, 7.27 W
1788685815.863602077,0 %, 1690 MHz, 43, 7.27 W
1788685815.964212663,0 %, 1690 MHz, 43, 7.27 W
1788685816.065096673,0 %, 1690 MHz, 43, 7.27 W
1788685816.165672779,0 %, 1690 MHz, 43, 7.28 W
1788685816.266535253,0 %, 1690 MHz, 43, 7.28 W
1788685816.367434576,0 %, 1690 MHz, 43, 7.28 W
1788685816.467970858,0 %, 1690 MHz, 43, 7.28 W
1788685816.568907124,0 %, 1690 MHz, 43, 7.28 W
1788685816.669468110,0 %, 1690 MHz, 43, 7.28 W
1788685816.770527944,0 %, 1690 MHz, 43, 7.28 W
1788685816.871008082,0 %, 1690 MHz, 43, 7.28 W
1788685816.971827933,0 %, 1690 MHz, 43, 7.28 W
1788685817.072394727,0 %, 1690 MHz, 43, 7.28 W
1788685817.173233217,0 %, 1690 MHz, 43, 7.24 W
1788685817.274178828,0 %, 1690 MHz, 43, 7.24 W
1788685817.374680742,0 %, 1690 MHz, 43, 7.24 W
1788685817.475625617,0 %, 1690 MHz, 43, 7.24 W
1788685817.576214635,0 %, 1690 MHz, 43, 7.24 W
1788685817.677070597,0 %, 1690 MHz, 43, 7.18 W
1788685817.777670672,0 %, 1690 MHz, 43, 7.18 W
1788685817.878523130,0 %, 1690 MHz, 43, 7.18 W
1788685817.979120212,0 %, 1690 MHz, 43, 7.18 W
1788685818.079924975,0 %, 1690 MHz, 43, 7.18 W
1788685818.180881146,0 %, 1690 MHz, 43, 7.17 W
1788685818.281369908,0 %, 1690 MHz, 43, 7.17 W
1788685818.382311471,0 %, 1690 MHz, 43, 7.17 W
1788685818.482931945,0 %, 1690 MHz, 43, 7.17 W
1788685818.583778004,0 %, 1690 MHz, 43, 7.17 W
1788685818.684374142,0 %, 1690 MHz, 43, 7.17 W
1788685818.785377545,0 %, 1690 MHz, 43, 7.17 W
1788685818.885844164,0 %, 1690 MHz, 43, 7.17 W
1788685818.986657886,0 %, 1690 MHz, 43, 7.17 W
1788685819.087539033,0 %, 1690 MHz, 43, 7.17 W
1788685819.188105444,0 %, 1690 MHz, 43, 7.18 W
1788685819.289056655,0 %, 1690 MHz, 43, 7.18 W
1788685819.389608857,0 %, 1690 MHz, 43, 7.18 W
1788685819.490481172,0 %, 1690 MHz, 43, 7.18 W
1788685819.591117791,0 %, 1690 MHz, 43, 7.18 W
1788685819.691992458,0 %, 1690 MHz, 43, 7.18 W
1788685819.792882101,0 %, 1690 MHz, 43, 7.18 W
1788685819.893409311,0 %, 1690 MHz, 43, 7.18 W
1788685819.994313674,0 %, 1690 MHz, 43, 7.18 W
1788685820.094921557,0 %, 1690 MHz, 43, 7.18 W
1788685820.195811616,0 %, 1690 MHz, 42, 7.19 W
1788685820.296365499,0 %, 1690 MHz, 42, 7.19 W
1788685820.397235062,0 %, 1690 MHz, 42, 7.19 W
1788685820.497845633,0 %, 1690 MHz, 42, 7.19 W
1788685820.598635244,0 %, 1690 MHz, 42, 7.19 W
1788685820.699606551,0 %, 1690 MHz, 42, 7.18 W
1788685820.800207522,0 %, 1690 MHz, 42, 7.18 W
1788685820.901038845,0 %, 1690 MHz, 42, 7.18 W
1788685821.001622376,0 %, 1690 MHz, 42, 7.18 W
1788685821.102482803,0 %, 1690 MHz, 42, 7.18 W
1788685821.203135598,0 %, 1690 MHz, 42, 7.18 W
1788685821.303980729,0 %, 1690 MHz, 42, 7.18 W
1788685821.404906132,0 %, 1690 MHz, 42, 7.18 W
1788685821.505397472,0 %, 1690 MHz, 42, 7.18 W
1788685821.605399466,0 %, 1690 MHz, 42, 7.18 W
1788685821.705463445,0 %, 1690 MHz, 42, 7.19 W
1788685821.805707904,0 %, 1690 MHz, 42, 7.19 W
1788685821.906437627,0 %, 1690 MHz, 42, 7.19 W
1788685822.007241415,0 %, 1690 MHz, 42, 7.19 W
1788685822.107860162,0 %, 1690 MHz, 42, 7.19 W
1788685822.208639437,0 %, 1690 MHz, 42, 7.18 W
1788685822.309551225,0 %, 1690 MHz, 42, 7.18 W
1788685822.410090484,0 %, 1690 MHz, 42, 7.18 W
1788685822.511022863,0 %, 1690 MHz, 42, 7.18 W
1788685822.611558395,0 %, 1690 MHz, 42, 7.18 W
1788685822.712454582,0 %, 1690 MHz, 42, 7.15 W
1788685822.813055585,0 %, 1690 MHz, 42, 7.15 W
1788685822.913937021,0 %, 1690 MHz, 42, 7.15 W
1788685823.014526216,0 %, 1690 MHz, 42, 7.15 W
1788685823.115310692,0 %, 1690 MHz, 42, 7.15 W
1788685823.216239439,0 %, 1690 MHz, 42, 7.16 W
1788685823.316606107,0 %, 1690 MHz, 42, 7.16 W
1788685823.417208774,0 %, 1690 MHz, 42, 7.16 W
1788685823.518075234,0 %, 1690 MHz, 42, 7.16 W
1788685823.618622653,0 %, 1690 MHz, 42, 7.16 W
1788685823.719436249,0 %, 1690 MHz, 42, 7.17 W
1788685823.820367460,0 %, 1690 MHz, 42, 7.17 W
1788685823.920798704,0 %, 1690 MHz, 42, 7.17 W
1788685824.021390779,0 %, 1690 MHz, 42, 7.17 W
1788685824.122211847,0 %, 1690 MHz, 42, 7.17 W
1788685824.222838163,0 %, 1690 MHz, 42, 7.18 W
1788685824.323640286,0 %, 1690 MHz, 42, 7.18 W
1788685824.424530586,0 %, 1690 MHz, 42, 7.18 W
1788685824.525064262,0 %, 1690 MHz, 42, 7.18 W
1788685824.625522753,0 %, 1690 MHz, 42, 7.18 W
1788685824.726339981,0 %, 1690 MHz, 42, 7.19 W
1788685824.826941369,0 %, 1690 MHz, 42, 7.19 W
1788685824.927751221,0 %, 1690 MHz, 42, 7.19 W
1788685825.028641009,0 %, 1690 MHz, 42, 7.19 W
1788685825.129173948,0 %, 1690 MHz, 42, 7.20 W
1788685825.230128152,0 %, 1690 MHz, 42, 7.20 W
1788685825.330651124,0 %, 1690 MHz, 42, 7.20 W
1788685825.431526704,0 %, 1690 MHz, 42, 7.20 W
1788685825.532136220,0 %, 1690 MHz, 42, 7.20 W
1788685825.633010216,0 %, 1690 MHz, 42, 7.20 W
1788685825.733579316,0 %, 1690 MHz, 42, 7.20 W
1788685825.834395232,0 %, 1690 MHz, 42, 7.20 W
1788685825.935031084,0 %, 1690 MHz, 42, 7.20 W
1788685826.035832792,0 %, 1690 MHz, 42, 7.20 W
1788685826.136761684,0 %, 1690 MHz, 42, 7.20 W
1788685826.237257632,0 %, 1690 MHz, 42, 7.20 W
1788685826.338171484,0 %, 1690 MHz, 42, 7.20 W
1788685826.438725288,0 %, 1690 MHz, 42, 7.20 W
1788685826.539611268,0 %, 1690 MHz, 42, 7.20 W
1788685826.639755936,0 %, 1690 MHz, 42, 7.19 W
1788685826.739753836,0 %, 1690 MHz, 42, 7.19 W
1788685826.840117320,0 %, 1690 MHz, 42, 7.19 W
1788685826.940058436,0 %, 1690 MHz, 42, 7.19 W
1788685827.040303280,0 %, 1690 MHz, 42, 7.19 W
1788685827.140196460,0 %, 1690 MHz, 42, 7.16 W
1788685827.241338504,0 %, 1690 MHz, 42, 7.16 W
1788685827.342177268,0 %, 1690 MHz, 42, 7.16 W
1788685827.442834769,0 %, 1690 MHz, 42, 7.16 W
1788685827.543626221,0 %, 1690 MHz, 42, 7.16 W
1788685827.644537465,0 %, 1690 MHz, 42, 7.15 W
1788685827.745095333,0 %, 1690 MHz, 42, 7.15 W
1788685827.846042930,0 %, 1690 MHz, 42, 7.15 W
1788685827.946619998,0 %, 1690 MHz, 42, 7.15 W
1788685828.047486555,0 %, 1690 MHz, 42, 7.15 W
1788685828.148140295,0 %, 1690 MHz, 42, 7.15 W
1788685828.248934819,0 %, 1690 MHz, 42, 7.15 W
1788685828.349520256,0 %, 1690 MHz, 42, 7.15 W
1788685828.450320876,0 %, 1690 MHz, 42, 7.15 W
1788685828.551255369,0 %, 1690 MHz, 42, 7.15 W
1788685828.651851045,0 %, 1690 MHz, 42, 7.13 W
1788685828.751830770,0 %, 1690 MHz, 42, 7.13 W
1788685828.851549054,0 %, 1690 MHz, 42, 7.13 W
1788685828.951875898,0 %, 1690 MHz, 42, 7.13 W
1788685829.052403782,0 %, 1690 MHz, 42, 7.13 W
1788685829.152480707,0 %, 1690 MHz, 42, 7.14 W
1788685829.252633535,0 %, 1690 MHz, 42, 7.14 W
1788685829.353180428,0 %, 1690 MHz, 42, 7.14 W
1788685829.454063097,0 %, 1690 MHz, 42, 7.14 W
1788685829.554650037,0 %, 1690 MHz, 42, 7.14 W
1788685829.655508930,0 %, 1690 MHz, 42, 7.16 W
1788685829.756139871,0 %, 1690 MHz, 42, 7.16 W
1788685829.856936427,0 %, 1690 MHz, 42, 7.16 W
1788685829.957869656,0 %, 1690 MHz, 42, 7.16 W
1788685830.058394469,0 %, 1690 MHz, 42, 7.16 W
1788685830.159344258,0 %, 1690 MHz, 42, 7.19 W
1788685830.259931070,0 %, 1690 MHz, 42, 7.19 W
1788685830.360771163,0 %, 1690 MHz, 42, 7.19 W
1788685830.461402696,0 %, 1690 MHz, 42, 7.19 W
1788685830.562240997,0 %, 1690 MHz, 42, 7.19 W
1788685830.663114162,0 %, 1690 MHz, 42, 7.19 W
1788685830.763706575,0 %, 1690 MHz, 42, 7.19 W
1788685830.864651500,0 %, 1690 MHz, 42, 7.19 W
1788685830.965193145,0 %, 1690 MHz, 42, 7.19 W
1788685831.065967190,0 %, 1690 MHz, 42, 7.19 W
1788685831.166496483,0 %, 1690 MHz, 42, 7.14 W
1788685831.267392976,0 %, 1690 MHz, 42, 7.14 W
1788685831.368014285,0 %, 1690 MHz, 42, 7.14 W
1788685831.468933034,0 %, 1690 MHz, 42, 7.14 W
1788685831.569524583,0 %, 1690 MHz, 42, 7.14 W
1788685831.670249668,0 %, 1690 MHz, 42, 7.12 W
1788685831.771430785,0 %, 1690 MHz, 42, 7.12 W
1788685831.871834654,0 %, 1690 MHz, 42, 7.12 W
1788685831.972750267,0 %, 1690 MHz, 42, 7.12 W
1788685832.073356600,0 %, 1690 MHz, 42, 7.12 W
1788685832.174128326,0 %, 1690 MHz, 42, 7.15 W
1788685832.274718051,0 %, 1690 MHz, 42, 7.15 W
1788685832.375630464,0 %, 1690 MHz, 42, 7.15 W
1788685832.476554669,0 %, 1690 MHz, 42, 7.15 W
1788685832.577141707,0 %, 1690 MHz, 42, 7.15 W
1788685832.677984504,0 %, 1690 MHz, 42, 7.16 W
1788685832.778631269,0 %, 1690 MHz, 42, 7.16 W
1788685832.879492546,0 %, 1690 MHz, 42, 7.16 W
1788685832.980134528,0 %, 1690 MHz, 42, 7.16 W
1788685833.080951869,0 %, 1690 MHz, 42, 7.16 W
1788685833.180565866,0 %, 1690 MHz, 42, 7.12 W
1788685833.280739111,0 %, 1690 MHz, 42, 7.12 W
1788685833.382001237,0 %, 1690 MHz, 42, 7.12 W
1788685833.482727442,0 %, 1690 MHz, 42, 7.12 W
1788685833.583638656,0 %, 1690 MHz, 42, 7.12 W
1788685833.684121341,0 %, 1690 MHz, 42, 7.09 W
1788685833.785047307,0 %, 1690 MHz, 42, 7.09 W
1788685833.885731624,0 %, 1690 MHz, 42, 7.09 W
1788685833.986639573,0 %, 1690 MHz, 42, 7.09 W
1788685834.087212403,0 %, 1690 MHz, 42, 7.09 W
1788685834.188026897,0 %, 1690 MHz, 42, 7.10 W
1788685834.288511870,0 %, 1690 MHz, 42, 7.10 W
1788685834.389381004,0 %, 1690 MHz, 42, 7.10 W
1788685834.489979369,0 %, 1690 MHz, 42, 7.10 W
1788685834.590809319,0 %, 1690 MHz, 42, 7.10 W
1788685834.691739045,0 %, 1690 MHz, 41, 7.13 W
1788685834.792422930,0 %, 1690 MHz, 41, 7.13 W
1788685834.893206032,0 %, 1690 MHz, 41, 7.13 W
1788685834.993245165,0 %, 1690 MHz, 41, 7.13 W
1788685835.093996843,0 %, 1690 MHz, 41, 7.13 W
1788685835.194882777,0 %, 1690 MHz, 41, 7.13 W
1788685835.295487159,0 %, 1690 MHz, 41, 7.13 W
1788685835.396227684,0 %, 1690 MHz, 41, 7.13 W
1788685835.497174578,0 %, 1690 MHz, 41, 7.13 W
1788685835.597716112,0 %, 1690 MHz, 41, 7.13 W
1788685835.698762510,0 %, 1690 MHz, 41, 7.12 W
1788685835.799226092,0 %, 1690 MHz, 41, 7.12 W
1788685835.900206058,0 %, 1690 MHz, 41, 7.12 W
1788685836.000817687,0 %, 1690 MHz, 41, 7.12 W
1788685836.101618069,0 %, 1690 MHz, 41, 7.12 W
1788685836.202552579,0 %, 1690 MHz, 41, 7.13 W
1788685836.303117713,0 %, 1690 MHz, 41, 7.13 W
1788685836.402860415,0 %, 1690 MHz, 41, 7.13 W
1788685836.504233517,0 %, 1690 MHz, 41, 7.13 W
1788685836.604533595,0 %, 1690 MHz, 41, 7.13 W
1788685836.705596281,0 %, 1690 MHz, 41, 7.14 W
1788685836.806001047,0 %, 1690 MHz, 41, 7.14 W
1788685836.906998885,0 %, 1690 MHz, 41, 7.14 W
1788685837.007595027,0 %, 1690 MHz, 41, 7.14 W
1788685837.108359457,0 %, 1690 MHz, 41, 7.14 W
1788685837.208949935,0 %, 1690 MHz, 41, 7.12 W
1788685837.309814942,0 %, 1690 MHz, 41, 7.12 W
1788685837.410852252,0 %, 1690 MHz, 41, 7.12 W
1788685837.511366698,0 %, 1690 MHz, 41, 7.12 W
1788685837.612284168,0 %, 1690 MHz, 41, 7.12 W
1788685837.712805302,0 %, 1690 MHz, 41, 7.06 W
1788685837.813770741,0 %, 1690 MHz, 41, 7.06 W
1788685837.914381203,0 %, 1690 MHz, 41, 7.06 W
1788685838.015209313,0 %, 1690 MHz, 41, 7.06 W
1788685838.116136639,0 %, 1690 MHz, 41, 7.06 W
1788685838.216638702,0 %, 1690 MHz, 41, 7.05 W
1788685838.317566124,0 %, 1690 MHz, 41, 7.05 W
1788685838.418141978,0 %, 1690 MHz, 41, 7.05 W
1788685838.519038745,0 %, 1690 MHz, 41, 7.05 W
1788685838.619662311,0 %, 1690 MHz, 41, 7.05 W
1788685838.720480709,0 %, 1690 MHz, 41, 7.06 W
1788685838.820983076,0 %, 1690 MHz, 41, 7.06 W
1788685838.921096610,0 %, 1690 MHz, 41, 7.06 W
1788685839.021687472,0 %, 1690 MHz, 41, 7.06 W
1788685839.121591486,0 %, 1690 MHz, 41, 7.06 W
1788685839.221879565,0 %, 1690 MHz, 41, 7.06 W
1788685839.321559579,0 %, 1690 MHz, 41, 7.06 W
1788685839.421802729,0 %, 1690 MHz, 41, 7.06 W
1788685839.522130871,0 %, 1690 MHz, 41, 7.06 W
1788685839.623212022,0 %, 1690 MHz, 41, 7.06 W
1788685839.724154069,0 %, 1690 MHz, 41, 7.07 W
1788685839.824664259,0 %, 1690 MHz, 41, 7.07 W
1788685839.925137714,0 %, 1690 MHz, 41, 7.07 W
1788685840.025944656,0 %, 1690 MHz, 41, 7.07 W
1788685840.126882751,0 %, 1690 MHz, 41, 7.07 W
1788685840.227386478,0 %, 1690 MHz, 41, 7.07 W
1788685840.328343708,0 %, 1690 MHz, 41, 7.07 W
1788685840.428684523,0 %, 1690 MHz, 41, 7.07 W
1788685840.529639146,0 %, 1690 MHz, 41, 7.07 W
1788685840.630179384,0 %, 1690 MHz, 41, 7.06 W
1788685840.731100759,0 %, 1690 MHz, 41, 7.06 W
1788685840.831687638,0 %, 1690 MHz, 41, 7.06 W
1788685840.932561957,0 %, 1690 MHz, 41, 7.06 W
1788685841.033189540,0 %, 1690 MHz, 41, 7.06 W
1788685841.134002450,0 %, 1690 MHz, 41, 7.08 W
1788685841.234622113,0 %, 1690 MHz, 41, 7.08 W
1788685841.335391104,0 %, 1690 MHz, 41, 7.08 W
1788685841.436343855,0 %, 1690 MHz, 41, 7.08 W
1788685841.536896238,0 %, 1690 MHz, 41, 7.08 W
1788685841.637815373,0 %, 1690 MHz, 41, 7.08 W
1788685841.738520956,0 %, 1690 MHz, 41, 7.08 W
1788685841.839259771,0 %, 1690 MHz, 41, 7.08 W
1788685841.939917626,0 %, 1690 MHz, 41, 7.08 W
1788685842.040722601,0 %, 1690 MHz, 41, 7.08 W
1788685842.141636808,0 %, 1690 MHz, 41, 7.07 W
1788685842.242147271,0 %, 1690 MHz, 41, 7.07 W
1788685842.343098550,0 %, 1690 MHz, 41, 7.07 W
1788685842.443643413,0 %, 1690 MHz, 41, 7.07 W
1788685842.544556548,0 %, 1690 MHz, 41, 7.07 W
1788685842.645146099,0 %, 1690 MHz, 41, 7.08 W
1788685842.746021762,0 %, 1690 MHz, 41, 7.08 W
1788685842.846603330,0 %, 1690 MHz, 41, 7.08 W
1788685842.947405457,0 %, 1690 MHz, 41, 7.08 W
1788685843.048327296,0 %, 1690 MHz, 41, 7.08 W
1788685843.148883023,0 %, 1690 MHz, 41, 7.09 W
1788685843.249819423,0 %, 1690 MHz, 41, 7.09 W
1788685843.350366174,0 %, 1690 MHz, 41, 7.09 W
1788685843.451258125,0 %, 1690 MHz, 41, 7.09 W
1788685843.551917340,0 %, 1690 MHz, 41, 7.09 W
1788685843.652728572,0 %, 1690 MHz, 41, 7.09 W
1788685843.753650539,0 %, 1690 MHz, 41, 7.09 W
1788685843.854205962,0 %, 1690 MHz, 41, 7.09 W
1788685843.955128138,0 %, 1690 MHz, 41, 7.09 W
1788685844.055681865,0 %, 1690 MHz, 41, 7.09 W
1788685844.156605736,0 %, 1690 MHz, 41, 7.09 W
1788685844.257199928,0 %, 1690 MHz, 41, 7.09 W
1788685844.357888727,0 %, 1690 MHz, 41, 7.09 W
1788685844.458463847,0 %, 1690 MHz, 41, 7.09 W
1788685844.559350182,0 %, 1690 MHz, 41, 7.09 W
1788685844.660012598,0 %, 1690 MHz, 41, 7.07 W
1788685844.760807893,0 %, 1690 MHz, 41, 7.07 W
1788685844.861746261,0 %, 1690 MHz, 41, 7.07 W
1788685844.962270292,0 %, 1690 MHz, 41, 7.07 W
1788685845.063198724,0 %, 1690 MHz, 41, 7.07 W
1788685845.163761027,0 %, 1690 MHz, 41, 7.08 W
1788685845.264749299,0 %, 1690 MHz, 41, 7.08 W
1788685845.365342627,0 %, 1690 MHz, 41, 7.08 W
1788685845.466140946,0 %, 1690 MHz, 41, 7.08 W
1788685845.567069090,0 %, 1690 MHz, 41, 7.08 W
1788685845.667653858,0 %, 1690 MHz, 41, 7.09 W
1788685845.768552641,0 %, 1690 MHz, 41, 7.09 W
1788685845.869111489,0 %, 1690 MHz, 41, 7.09 W
1788685845.969997857,0 %, 1690 MHz, 41, 7.09 W
1788685846.070639248,0 %, 1690 MHz, 41, 7.09 W
1788685846.171427568,0 %, 1690 MHz, 41, 7.13 W
1788685846.272042256,0 %, 1690 MHz, 41, 7.13 W
1788685846.372874304,0 %, 1690 MHz, 41, 7.13 W
1788685846.473822800,0 %, 1690 MHz, 41, 7.13 W
1788685846.574334032,0 %, 1690 MHz, 41, 7.13 W
1788685846.675255279,0 %, 1690 MHz, 41, 7.15 W
1788685846.775863887,0 %, 1690 MHz, 41, 7.15 W
1788685846.876714383,0 %, 1690 MHz, 41, 7.15 W
1788685846.977255183,0 %, 1690 MHz, 41, 7.15 W
1788685847.078179503,0 %, 1690 MHz, 41, 7.15 W
1788685847.179085375,0 %, 1690 MHz, 41, 7.12 W
1788685847.278868975,0 %, 1690 MHz, 41, 7.12 W
1788685847.378762494,0 %, 1690 MHz, 41, 7.12 W
1788685847.479990526,0 %, 1690 MHz, 41, 7.12 W
1788685847.580904654,0 %, 1690 MHz, 41, 7.12 W
1788685847.681412318,0 %, 1690 MHz, 41, 7.10 W
1788685847.782518351,0 %, 1690 MHz, 41, 7.10 W
1788685847.882970431,0 %, 1690 MHz, 41, 7.10 W
1788685847.983827199,0 %, 1690 MHz, 41, 7.10 W
1788685848.084388687,0 %, 1690 MHz, 41, 7.10 W
1788685848.185215151,0 %, 1690 MHz, 41, 7.09 W
1788685848.286171759,0 %, 1690 MHz, 41, 7.09 W
1788685848.386681695,0 %, 1690 MHz, 41, 7.09 W
1788685848.487595392,0 %, 1690 MHz, 41, 7.09 W
1788685848.588177920,0 %, 1690 MHz, 41, 7.09 W
1788685848.689075888,0 %, 1690 MHz, 41, 7.08 W
1788685848.789458272,0 %, 1690 MHz, 41, 7.08 W
1788685848.890369184,0 %, 1690 MHz, 41, 7.08 W
1788685848.990956097,0 %, 1690 MHz, 41, 7.08 W
1788685849.091839953,0 %, 1690 MHz, 41, 7.08 W
1788685849.192435857,0 %, 1690 MHz, 41, 7.10 W
1788685849.292632465,0 %, 1690 MHz, 41, 7.10 W
1788685849.393134722,0 %, 1690 MHz, 41, 7.10 W
1788685849.493421298,0 %, 1690 MHz, 41, 7.10 W
1788685849.593198130,0 %, 1690 MHz, 41, 7.10 W
1788685849.694883987,0 %, 1690 MHz, 41, 7.10 W
1788685849.794040258,0 %, 1690 MHz, 41, 7.10 W
1788685849.894270338,0 %, 1690 MHz, 41, 7.10 W
1788685849.994757491,0 %, 1690 MHz, 41, 7.10 W
1788685850.095606531,0 %, 1690 MHz, 41, 7.10 W
1788685850.196167556,0 %, 1690 MHz, 41, 7.12 W
1788685850.296997332,0 %, 1690 MHz, 41, 7.12 W
1788685850.397566021,0 %, 1690 MHz, 41, 7.12 W
1788685850.498413621,0 %, 1690 MHz, 41, 7.12 W
1788685850.599322102,0 %, 1690 MHz, 41, 7.12 W
1788685850.699847814,0 %, 1690 MHz, 41, 7.15 W
1788685850.800124311,0 %, 1690 MHz, 41, 7.15 W
1788685850.901043975,0 %, 1690 MHz, 41, 7.15 W
1788685851.001626424,0 %, 1690 MHz, 41, 7.15 W
1788685851.102508249,0 %, 1690 MHz, 41, 7.15 W
1788685851.203080393,0 %, 1690 MHz, 41, 7.14 W
1788685851.303917930,0 %, 1690 MHz, 41, 7.14 W
1788685851.404857163,0 %, 1690 MHz, 41, 7.14 W
1788685851.505345676,0 %, 1690 MHz, 41, 7.14 W
1788685851.606279452,0 %, 1690 MHz, 41, 7.14 W
1788685851.706846461,0 %, 1690 MHz, 41, 7.15 W
1788685851.807641838,0 %, 1690 MHz, 41, 7.15 W
1788685851.908273679,0 %, 1690 MHz, 41, 7.15 W
1788685852.009180623,0 %, 1690 MHz, 41, 7.15 W
1788685852.109731808,0 %, 1690 MHz, 41, 7.15 W
1788685852.210795153,0 %, 1690 MHz, 41, 7.16 W
1788685852.311153938,0 %, 1690 MHz, 41, 7.16 W
1788685852.411977155,0 %, 1690 MHz, 41, 7.16 W
1788685852.512957220,0 %, 1690 MHz, 41, 7.16 W
1788685852.613461765,0 %, 1690 MHz, 41, 7.16 W
1788685852.714364390,0 %, 1690 MHz, 41, 7.13 W
1788685852.814900535,0 %, 1690 MHz, 41, 7.13 W
1788685852.915823112,0 %, 1690 MHz, 41, 7.13 W
1788685853.016383081,0 %, 1690 MHz, 41, 7.13 W
1788685853.117256330,0 %, 1690 MHz, 41, 7.13 W
1788685853.217839659,0 %, 1690 MHz, 41, 7.12 W
1788685853.318661708,0 %, 1690 MHz, 41, 7.12 W
1788685853.419620077,0 %, 1690 MHz, 41, 7.12 W
1788685853.520108030,0 %, 1690 MHz, 41, 7.12 W
1788685853.621062015,0 %, 1690 MHz, 41, 7.12 W
1788685853.721555664,0 %, 1690 MHz, 41, 7.11 W
1788685853.822471266,0 %, 1690 MHz, 41, 7.11 W
1788685853.923074531,0 %, 1690 MHz, 41, 7.11 W
1788685854.023923652,0 %, 1690 MHz, 41, 7.11 W
1788685854.124485093,0 %, 1690 MHz, 41, 7.11 W
1788685854.225336550,0 %, 1690 MHz, 41, 7.06 W
1788685854.325929511,0 %, 1690 MHz, 41, 7.06 W
1788685854.426627097,0 %, 1690 MHz, 41, 7.06 W
1788685854.527178682,0 %, 1690 MHz, 41, 7.06 W
1788685854.628033323,0 %, 1690 MHz, 41, 7.06 W
1788685854.728626684,0 %, 1690 MHz, 40, 7.03 W
1788685854.829491310,0 %, 1690 MHz, 40, 7.03 W
1788685854.930082303,0 %, 1690 MHz, 40, 7.03 W
1788685855.030899632,0 %, 1690 MHz, 40, 7.03 W
1788685855.131829986,0 %, 1690 MHz, 40, 7.06 W
1788685855.232303683,0 %, 1690 MHz, 40, 7.06 W
1788685855.333245429,0 %, 1690 MHz, 40, 7.06 W
1788685855.433808742,0 %, 1690 MHz, 40, 7.06 W
1788685855.534722776,0 %, 1690 MHz, 40, 7.06 W
1788685855.635271337,0 %, 1690 MHz, 40, 7.07 W
1788685855.736338619,0 %, 1690 MHz, 40, 7.07 W
1788685855.836674124,0 %, 1690 MHz, 40, 7.07 W
1788685855.937552942,0 %, 1690 MHz, 40, 7.07 W
1788685856.038141855,0 %, 1690 MHz, 40, 7.07 W
1788685856.138960369,0 %, 1690 MHz, 40, 7.08 W
1788685856.239914818,0 %, 1690 MHz, 40, 7.08 W
1788685856.340455044,0 %, 1690 MHz, 40, 7.08 W
1788685856.441317078,0 %, 1690 MHz, 40, 7.08 W
1788685856.541901191,0 %, 1690 MHz, 40, 7.08 W
1788685856.642821113,0 %, 1690 MHz, 40, 7.08 W
1788685856.743381194,0 %, 1690 MHz, 40, 7.08 W
1788685856.844234204,0 %, 1690 MHz, 40, 7.08 W
1788685856.944807422,0 %, 1690 MHz, 40, 7.08 W
1788685857.045627055,0 %, 1690 MHz, 40, 7.08 W
1788685857.146582689,0 %, 1690 MHz, 40, 7.08 W
1788685857.247081155,0 %, 1690 MHz, 40, 7.08 W
1788685857.348030629,0 %, 1690 MHz, 40, 7.08 W
1788685857.448521703,0 %, 1690 MHz, 40, 7.08 W
1788685857.549465737,0 %, 1690 MHz, 40, 7.08 W
1788685857.650030730,0 %, 1690 MHz, 40, 7.06 W
1788685857.750882492,0 %, 1690 MHz, 40, 7.06 W
1788685857.851468366,0 %, 1690 MHz, 40, 7.06 W
1788685857.952332000,0 %, 1690 MHz, 40, 7.06 W
1788685858.052886322,0 %, 1690 MHz, 40, 7.06 W
1788685858.153749060,0 %, 1690 MHz, 40, 7.03 W
1788685858.254713382,0 %, 1690 MHz, 40, 7.03 W
1788685858.355205624,0 %, 1690 MHz, 40, 7.03 W
1788685858.456104762,0 %, 1690 MHz, 40, 7.03 W
1788685858.556814844,0 %, 1690 MHz, 40, 7.03 W
1788685858.657482590,0 %, 1690 MHz, 40, 7.05 W
1788685858.758020288,0 %, 1690 MHz, 40, 7.05 W
1788685858.858893682,0 %, 1690 MHz, 40, 7.05 W
1788685858.959481492,0 %, 1690 MHz, 40, 7.05 W
1788685859.060354934,0 %, 1690 MHz, 40, 7.05 W
1788685859.160939464,0 %, 1690 MHz, 40, 7.07 W
1788685859.261785130,0 %, 1690 MHz, 40, 7.07 W
1788685859.362724044,0 %, 1690 MHz, 40, 7.07 W
1788685859.463242159,0 %, 1690 MHz, 40, 7.07 W
1788685859.564147137,0 %, 1690 MHz, 40, 7.07 W
1788685859.664718387,0 %, 1690 MHz, 40, 7.05 W
1788685859.765587717,0 %, 1690 MHz, 40, 7.05 W
1788685859.866139399,0 %, 1690 MHz, 40, 7.05 W
1788685859.967075690,0 %, 1690 MHz, 40, 7.05 W
1788685860.067655644,0 %, 1690 MHz, 40, 7.05 W
1788685860.168506958,0 %, 1690 MHz, 40, 7.02 W
1788685860.269428817,0 %, 1690 MHz, 40, 7.02 W
1788685860.369952851,0 %, 1690 MHz, 40, 7.02 W
1788685860.470911221,0 %, 1690 MHz, 40, 7.02 W
1788685860.572055512,0 %, 1690 MHz, 40, 7.02 W
1788685860.672316922,0 %, 1690 MHz, 40, 7.02 W
1788685860.772926780,0 %, 1690 MHz, 40, 7.02 W
1788685860.873823807,0 %, 1690 MHz, 40, 7.02 W
1788685860.974370305,0 %, 1690 MHz, 40, 7.02 W
1788685861.075200963,0 %, 1690 MHz, 40, 7.02 W
1788685861.176160902,0 %, 1690 MHz, 40, 7.05 W
1788685861.276522600,0 %, 1690 MHz, 40, 7.05 W
1788685861.377104939,0 %, 1690 MHz, 40, 7.05 W
1788685861.477934349,0 %, 1690 MHz, 40, 7.05 W
1788685861.578497952,0 %, 1690 MHz, 40, 7.05 W
1788685861.679332643,0 %, 1690 MHz, 40, 7.09 W
1788685861.780288341,0 %, 1690 MHz, 40, 7.09 W
1788685861.880753927,0 %, 1690 MHz, 40, 7.09 W
1788685861.981654122,0 %, 1690 MHz, 40, 7.09 W
1788685862.082165917,0 %, 1690 MHz, 40, 7.09 W
1788685862.183081887,0 %, 1690 MHz, 40, 7.07 W
1788685862.283645202,0 %, 1690 MHz, 40, 7.07 W
1788685862.384535925,0 %, 1690 MHz, 40, 7.07 W
1788685862.485090807,0 %, 1690 MHz, 40, 7.07 W
1788685862.585973290,0 %, 1690 MHz, 40, 7.07 W
1788685862.686565965,0 %, 1690 MHz, 40, 7.04 W
1788685862.787401616,0 %, 1690 MHz, 40, 7.04 W
1788685862.888329826,0 %, 1690 MHz, 40, 7.04 W
1788685862.988262293,0 %, 1690 MHz, 40, 7.04 W
1788685863.089000504,0 %, 1690 MHz, 40, 7.04 W
1788685863.189976203,0 %, 1690 MHz, 40, 7.04 W
1788685863.290513853,0 %, 1690 MHz, 40, 7.04 W
1788685863.391395360,0 %, 1690 MHz, 40, 7.04 W
1788685863.491966963,0 %, 1690 MHz, 40, 7.04 W
1788685863.592845078,0 %, 1690 MHz, 40, 7.04 W
1788685863.693437849,0 %, 1690 MHz, 40, 7.04 W
1788685863.794279804,0 %, 1690 MHz, 40, 7.04 W
1788685863.894819983,0 %, 1690 MHz, 40, 7.04 W
1788685863.995668450,0 %, 1690 MHz, 40, 7.04 W
1788685864.096622869,0 %, 1690 MHz, 40, 7.04 W
1788685864.197098568,0 %, 1690 MHz, 40, 7.04 W
1788685864.298066875,0 %, 1690 MHz, 40, 7.04 W
1788685864.398572606,0 %, 1690 MHz, 40, 7.04 W
1788685864.499479649,0 %, 1690 MHz, 40, 7.04 W
1788685864.600061428,0 %, 1690 MHz, 40, 7.04 W
1788685864.700909351,0 %, 1690 MHz, 40, 7.04 W
1788685864.801477322,0 %, 1690 MHz, 40, 7.04 W
1788685864.902335677,0 %, 1690 MHz, 40, 7.04 W
1788685865.002901200,0 %, 1690 MHz, 40, 7.04 W
1788685865.103753139,0 %, 1690 MHz, 40, 7.04 W
1788685865.204681063,0 %, 1690 MHz, 40, 7.05 W
1788685865.305184074,0 %, 1690 MHz, 40, 7.05 W
1788685865.406123805,0 %, 1690 MHz, 40, 7.05 W
1788685865.506661776,0 %, 1690 MHz, 40, 7.05 W
1788685865.607574868,0 %, 1690 MHz, 40, 7.05 W
1788685865.708027447,0 %, 1690 MHz, 40, 7.05 W
1788685865.808971402,0 %, 1690 MHz, 40, 7.05 W
1788685865.909543597,0 %, 1690 MHz, 40, 7.05 W
1788685866.010398545,0 %, 1690 MHz, 40, 7.05 W
1788685866.110958100,0 %, 1690 MHz, 40, 7.05 W
1788685866.211850295,0 %, 1690 MHz, 40, 7.04 W
1788685866.312376923,0 %, 1690 MHz, 40, 7.04 W
1788685866.413213630,0 %, 1690 MHz, 40, 7.04 W
1788685866.514152850,0 %, 1690 MHz, 40, 7.04 W
1788685866.614619445,0 %, 1690 MHz, 40, 7.04 W
1788685866.715530888,0 %, 1690 MHz, 40, 7.05 W
1788685866.815980172,0 %, 1690 MHz, 40, 7.05 W
1788685866.916874863,0 %, 1690 MHz, 40, 7.05 W
1788685867.017392067,0 %, 1690 MHz, 40, 7.05 W
1788685867.118291238,0 %, 1690 MHz, 40, 7.05 W
1788685867.218864746,0 %, 1690 MHz, 40, 7.08 W
1788685867.319743981,0 %, 1690 MHz, 40, 7.08 W
1788685867.420288417,0 %, 1690 MHz, 40, 7.08 W
1788685867.521178661,0 %, 1690 MHz, 40, 7.08 W
1788685867.621790120,0 %, 1690 MHz, 40, 7.08 W
1788685867.722609788,0 %, 1690 MHz, 40, 7.07 W
1788685867.823563471,0 %, 1690 MHz, 40, 7.07 W
1788685867.923921363,0 %, 1690 MHz, 40, 7.07 W
1788685868.024542038,0 %, 1690 MHz, 40, 7.07 W
1788685868.125365034,0 %, 1690 MHz, 40, 7.07 W
1788685868.225939278,0 %, 1690 MHz, 40, 7.06 W
1788685868.326796482,0 %, 1690 MHz, 40, 7.06 W
1788685868.426815349,0 %, 1690 MHz, 40, 7.06 W
1788685868.527517033,0 %, 1690 MHz, 40, 7.06 W
1788685868.627603756,0 %, 1690 MHz, 40, 7.06 W
1788685868.728470192,0 %, 1690 MHz, 40, 7.05 W
1788685868.829023300,0 %, 1690 MHz, 40, 7.05 W
1788685868.929874408,0 %, 1690 MHz, 40, 7.05 W
1788685869.030827611,0 %, 1690 MHz, 40, 7.05 W
1788685869.131304735,0 %, 1690 MHz, 40, 7.05 W
1788685869.232271267,0 %, 1690 MHz, 40, 7.06 W
1788685869.332792135,0 %, 1690 MHz, 40, 7.06 W
1788685869.433707003,0 %, 1690 MHz, 40, 7.06 W
1788685869.533661471,0 %, 1690 MHz, 40, 7.06 W
1788685869.633812946,0 %, 1690 MHz, 40, 7.08 W
1788685869.733936710,0 %, 1690 MHz, 40, 7.08 W
1788685869.833793737,0 %, 1690 MHz, 40, 7.08 W
1788685869.934394429,0 %, 1690 MHz, 40, 7.08 W
1788685870.035211249,0 %, 1690 MHz, 40, 7.08 W
1788685870.135313989,0 %, 1690 MHz, 40, 7.10 W
1788685870.235509561,0 %, 1690 MHz, 40, 7.10 W
1788685870.335614733,0 %, 1690 MHz, 40, 7.10 W
1788685870.435655600,0 %, 1690 MHz, 40, 7.10 W
1788685870.535769636,0 %, 1690 MHz, 40, 7.10 W
1788685870.635677080,0 %, 1690 MHz, 40, 7.10 W
1788685870.736668044,0 %, 1690 MHz, 40, 7.10 W
1788685870.837497808,0 %, 1690 MHz, 40, 7.10 W
1788685870.938394917,0 %, 1690 MHz, 40, 7.10 W
1788685871.038935497,0 %, 1690 MHz, 40, 7.10 W
1788685871.139859917,0 %, 1690 MHz, 40, 7.08 W
1788685871.240417249,0 %, 1690 MHz, 40, 7.08 W
1788685871.341292726,0 %, 1690 MHz, 40, 7.08 W
1788685871.441906714,0 %, 1690 MHz, 40, 7.08 W
1788685871.542757678,0 %, 1690 MHz, 40, 7.08 W
1788685871.643262546,0 %, 1690 MHz, 40, 7.08 W
1788685871.744324423,0 %, 1690 MHz, 40, 7.08 W
1788685871.844702731,0 %, 1690 MHz, 40, 7.08 W
1788685871.945541983,0 %, 1690 MHz, 40, 7.08 W
1788685872.046471908,0 %, 1690 MHz, 40, 7.08 W
1788685872.146957352,0 %, 1690 MHz, 40, 7.07 W
1788685872.247886829,0 %, 1690 MHz, 40, 7.07 W
1788685872.348482513,0 %, 1690 MHz, 40, 7.07 W
1788685872.449327957,0 %, 1690 MHz, 40, 7.07 W
1788685872.549958650,0 %, 1690 MHz, 40, 7.07 W
1788685872.650830734,0 %, 1690 MHz, 40, 7.04 W
1788685872.751404163,0 %, 1690 MHz, 40, 7.04 W
1788685872.852231047,0 %, 1690 MHz, 40, 7.04 W
1788685872.953152588,0 %, 1690 MHz, 40, 7.04 W
1788685873.053646480,0 %, 1690 MHz, 40, 7.04 W
1788685873.154626869,0 %, 1690 MHz, 40, 7.04 W
1788685873.255152570,0 %, 1690 MHz, 40, 7.04 W
1788685873.356075838,0 %, 1690 MHz, 40, 7.04 W
1788685873.456598115,0 %, 1690 MHz, 40, 7.04 W
1788685873.557482663,0 %, 1690 MHz, 40, 7.04 W
1788685873.658074300,0 %, 1690 MHz, 40, 7.03 W
1788685873.758905393,0 %, 1690 MHz, 40, 7.03 W
1788685873.859452805,0 %, 1690 MHz, 40, 7.03 W
1788685873.960299626,0 %, 1690 MHz, 40, 7.03 W
1788685874.061239583,0 %, 1690 MHz, 40, 7.03 W
1788685874.161736115,0 %, 1690 MHz, 40, 6.99 W
1788685874.262687544,0 %, 1690 MHz, 40, 6.99 W
1788685874.363198269,0 %, 1690 MHz, 40, 6.99 W
1788685874.464110210,0 %, 1690 MHz, 40, 6.99 W
1788685874.564540791,0 %, 1690 MHz, 40, 6.99 W
1788685874.665465979,0 %, 1690 MHz, 40, 7.01 W
1788685874.765401456,0 %, 1690 MHz, 40, 7.01 W
1788685874.866186453,0 %, 1690 MHz, 40, 7.01 W
1788685874.967074218,0 %, 1690 MHz, 40, 7.01 W
1788685875.067407630,0 %, 1690 MHz, 40, 7.01 W
1788685875.168344003,0 %, 1690 MHz, 40, 7.02 W
1788685875.268623512,0 %, 1690 MHz, 40, 7.02 W
1788685875.369111565,0 %, 1690 MHz, 40, 7.02 W
1788685875.470029490,0 %, 1690 MHz, 40, 7.02 W
1788685875.570563319,0 %, 1690 MHz, 40, 7.02 W
1788685875.671445196,0 %, 1690 MHz, 40, 7.01 W
1788685875.772076977,0 %, 1690 MHz, 40, 7.01 W
1788685875.872887702,0 %, 1690 MHz, 40, 7.01 W
1788685875.973810747,0 %, 1690 MHz, 40, 7.01 W
1788685876.074326208,0 %, 1690 MHz, 40, 7.01 W
1788685876.175258581,0 %, 1690 MHz, 40, 7.01 W
1788685876.275812650,0 %, 1690 MHz, 40, 7.01 W
1788685876.376719535,0 %, 1690 MHz, 40, 7.01 W
1788685876.477235813,0 %, 1690 MHz, 40, 7.01 W
1788685876.578147082,0 %, 1690 MHz, 40, 7.01 W
1788685876.678727023,0 %, 1690 MHz, 40, 7.05 W
1788685876.778801044,0 %, 1690 MHz, 40, 7.05 W
1788685876.879725417,0 %, 1690 MHz, 40, 7.05 W
1788685876.980252126,0 %, 1690 MHz, 40, 7.05 W
1788685877.081120067,0 %, 1690 MHz, 40, 7.05 W
1788685877.181724200,0 %, 1690 MHz, 40, 7.08 W
1788685877.282519390,0 %, 1690 MHz, 40, 7.08 W
1788685877.383460355,0 %, 1690 MHz, 40, 7.08 W
1788685877.483960168,0 %, 1690 MHz, 40, 7.08 W
1788685877.584886110,0 %, 1690 MHz, 40, 7.08 W
1788685877.685451395,0 %, 1690 MHz, 40, 7.06 W
1788685877.786342953,0 %, 1690 MHz, 40, 7.06 W
1788685877.886929198,0 %, 1690 MHz, 40, 7.06 W
1788685877.987805747,0 %, 1690 MHz, 40, 7.06 W
1788685878.088390361,0 %, 1690 MHz, 40, 7.06 W
1788685878.189205278,0 %, 1690 MHz, 40, 7.07 W
1788685878.290132804,0 %, 1690 MHz, 40, 7.07 W
1788685878.390617961,0 %, 1690 MHz, 40, 7.07 W
1788685878.491574351,0 %, 1690 MHz, 40, 7.07 W
1788685878.592103668,0 %, 1690 MHz, 40, 7.07 W
1788685878.693017242,0 %, 1690 MHz, 40, 7.04 W
1788685878.793563695,0 %, 1690 MHz, 40, 7.04 W
1788685878.894444981,0 %, 1690 MHz, 40, 7.04 W
1788685878.995006570,0 %, 1690 MHz, 40, 7.04 W
1788685879.095902672,0 %, 1690 MHz, 40, 7.04 W
1788685879.196449141,0 %, 1690 MHz, 40, 7.01 W
1788685879.297284267,0 %, 1690 MHz, 40, 7.01 W
1788685879.398234561,0 %, 1690 MHz, 40, 7.01 W
1788685879.498743798,0 %, 1690 MHz, 40, 7.01 W
1788685879.599736588,0 %, 1690 MHz, 40, 7.01 W
1788685879.700085442,0 %, 1690 MHz, 40, 7.02 W
1788685879.801030503,0 %, 1690 MHz, 40, 7.02 W
1788685879.901586797,0 %, 1690 MHz, 40, 7.02 W
1788685880.002522083,0 %, 1690 MHz, 40, 7.02 W
1788685880.103059224,0 %, 1690 MHz, 40, 7.02 W
1788685880.203962606,0 %, 1690 MHz, 40, 7.04 W
1788685880.304319268,0 %, 1690 MHz, 40, 7.04 W
1788685880.405245018,0 %, 1690 MHz, 40, 7.04 W
1788685880.505820272,0 %, 1690 MHz, 40, 7.04 W
1788685880.606677830,0 %, 1690 MHz, 40, 7.04 W
1788685880.706874811,0 %, 1690 MHz, 40, 7.03 W
1788685880.806861089,0 %, 1690 MHz, 40, 7.03 W
1788685880.907582918,0 %, 1690 MHz, 40, 7.03 W
1788685881.008498588,0 %, 1690 MHz, 40, 7.03 W
1788685881.109443570,0 %, 1690 MHz, 40, 7.03 W
1788685881.209981560,0 %, 1690 MHz, 40, 7.02 W
1788685881.310903310,0 %, 1690 MHz, 40, 7.02 W
1788685881.411491700,0 %, 1690 MHz, 40, 7.02 W
1788685881.512383722,0 %, 1690 MHz, 40, 7.02 W
1788685881.612964112,0 %, 1690 MHz, 40, 7.02 W
1788685881.713823799,0 %, 1690 MHz, 40, 7.02 W
1788685881.814779469,0 %, 1690 MHz, 40, 7.02 W
1788685881.915247282,0 %, 1690 MHz, 40, 7.02 W
1788685882.016219977,0 %, 1690 MHz, 40, 7.02 W
1788685882.116792063,0 %, 1690 MHz, 40, 7.02 W
1788685882.217641253,0 %, 1690 MHz, 40, 7.07 W
1788685882.318265659,0 %, 1690 MHz, 40, 7.07 W
1788685882.419157825,0 %, 1690 MHz, 40, 7.07 W
1788685882.520083304,0 %, 1690 MHz, 40, 7.07 W
1788685882.620562030,0 %, 1690 MHz, 40, 7.07 W
1788685882.721539620,0 %, 1690 MHz, 40, 7.09 W
1788685882.822098394,0 %, 1690 MHz, 40, 7.09 W
1788685882.923000704,0 %, 1690 MHz, 40, 7.09 W
1788685883.023524118,0 %, 1690 MHz, 40, 7.09 W
1788685883.124411325,0 %, 1690 MHz, 40, 7.09 W
1788685883.224999587,0 %, 1690 MHz, 40, 7.10 W
1788685883.325841930,0 %, 1690 MHz, 40, 7.10 W
1788685883.426800656,0 %, 1690 MHz, 40, 7.10 W
1788685883.527293078,0 %, 1690 MHz, 40, 7.10 W
1788685883.628236125,0 %, 1690 MHz, 40, 7.10 W
1788685883.728816099,0 %, 1690 MHz, 40, 7.08 W
1788685883.829682345,0 %, 1690 MHz, 40, 7.08 W
1788685883.930143504,0 %, 1690 MHz, 40, 7.08 W
1788685884.031035686,0 %, 1690 MHz, 40, 7.08 W
1788685884.131605804,0 %, 1690 MHz, 40, 7.08 W
1788685884.232525811,0 %, 1690 MHz, 39, 7.05 W
1788685884.333072073,0 %, 1690 MHz, 39, 7.05 W
1788685884.433925600,0 %, 1690 MHz, 39, 7.05 W
1788685884.534879511,0 %, 1690 MHz, 39, 7.05 W
1788685884.635406061,0 %, 1690 MHz, 39, 7.05 W
1788685884.736287284,0 %, 1690 MHz, 39, 7.05 W
1788685884.836678378,0 %, 1690 MHz, 39, 7.05 W
1788685884.937607297,0 %, 1690 MHz, 39, 7.05 W
1788685885.038166599,0 %, 1690 MHz, 39, 7.05 W
1788685885.139075710,0 %, 1690 MHz, 39, 7.08 W
1788685885.239618068,0 %, 1690 MHz, 39, 7.08 W
1788685885.340514635,0 %, 1690 MHz, 39, 7.08 W
1788685885.441100866,0 %, 1690 MHz, 39, 7.08 W
1788685885.541953817,0 %, 1690 MHz, 39, 7.08 W
1788685885.642540095,0 %, 1690 MHz, 39, 7.08 W
1788685885.743342054,0 %, 1690 MHz, 39, 7.08 W
1788685885.844301933,0 %, 1690 MHz, 39, 7.08 W
1788685885.944815363,0 %, 1690 MHz, 39, 7.08 W
1788685886.045810138,0 %, 1690 MHz, 39, 7.08 W
1788685886.146372017,0 %, 1690 MHz, 39, 7.06 W
1788685886.247178024,0 %, 1690 MHz, 39, 7.06 W
1788685886.347813455,0 %, 1690 MHz, 39, 7.06 W
1788685886.448630869,0 %, 1690 MHz, 39, 7.06 W
1788685886.549230060,0 %, 1690 MHz, 39, 7.06 W
1788685886.650070659,0 %, 1690 MHz, 39, 7.07 W
1788685886.751012186,0 %, 1690 MHz, 39, 7.07 W
1788685886.851532801,0 %, 1690 MHz, 39, 7.07 W
1788685886.952459112,0 %, 1690 MHz, 39, 7.07 W
1788685887.053029327,0 %, 1690 MHz, 39, 7.07 W
1788685887.153943110,0 %, 1690 MHz, 39, 7.08 W
1788685887.253926604,0 %, 1690 MHz, 39, 7.08 W
1788685887.354355923,0 %, 1690 MHz, 39, 7.08 W
1788685887.455009370,0 %, 1690 MHz, 39, 7.08 W
1788685887.555033777,0 %, 1690 MHz, 39, 7.08 W
1788685887.655221032,0 %, 1690 MHz, 39, 7.09 W
1788685887.756099439,0 %, 1690 MHz, 39, 7.09 W
1788685887.857082598,0 %, 1690 MHz, 39, 7.09 W
1788685887.957556045,0 %, 1690 MHz, 39, 7.09 W
1788685888.058487396,0 %, 1690 MHz, 39, 7.09 W
1788685888.159013403,0 %, 1690 MHz, 39, 7.07 W
1788685888.259953650,0 %, 1690 MHz, 39, 7.07 W
1788685888.360539113,0 %, 1690 MHz, 39, 7.07 W
1788685888.461418497,0 %, 1690 MHz, 39, 7.07 W
1788685888.561962536,0 %, 1690 MHz, 39, 7.07 W
1788685888.662806703,0 %, 1690 MHz, 39, 7.06 W
1788685888.763781110,0 %, 1690 MHz, 39, 7.06 W
1788685888.864247885,0 %, 1690 MHz, 39, 7.06 W
1788685888.965179989,0 %, 1690 MHz, 39, 7.06 W
1788685889.065733468,0 %, 1690 MHz, 39, 7.06 W
1788685889.166653603,0 %, 1690 MHz, 39, 7.06 W
1788685889.267293307,0 %, 1690 MHz, 39, 7.06 W
1788685889.368109970,0 %, 1690 MHz, 39, 7.06 W
1788685889.468663017,0 %, 1690 MHz, 39, 7.06 W
1788685889.569526865,0 %, 1690 MHz, 39, 7.06 W
1788685889.670474712,0 %, 1690 MHz, 39, 7.07 W
1788685889.770993168,0 %, 1690 MHz, 39, 7.07 W
1788685889.871922007,0 %, 1690 MHz, 39, 7.07 W
1788685889.972504206,0 %, 1690 MHz, 39, 7.07 W
1788685890.073397830,0 %, 1690 MHz, 39, 7.07 W
1788685890.173974285,0 %, 1690 MHz, 39, 7.07 W
1788685890.274816053,0 %, 1690 MHz, 39, 7.07 W
1788685890.375773196,0 %, 1690 MHz, 39, 7.07 W
1788685890.476260900,0 %, 1690 MHz, 39, 7.07 W
1788685890.577230012,0 %, 1690 MHz, 39, 7.07 W
1788685890.677774787,0 %, 1690 MHz, 39, 7.05 W
1788685890.777429162,0 %, 1690 MHz, 39, 7.05 W
1788685890.877551889,0 %, 1690 MHz, 39, 7.05 W
1788685890.977625752,0 %, 1690 MHz, 39, 7.05 W
1788685891.077726223,0 %, 1690 MHz, 39, 7.05 W
1788685891.177833623,0 %, 1690 MHz, 39, 7.05 W
1788685891.278222318,0 %, 1690 MHz, 39, 7.05 W
1788685891.378904582,0 %, 1690 MHz, 39, 7.05 W
1788685891.479300542,0 %, 1690 MHz, 39, 7.05 W
1788685891.580052117,0 %, 1690 MHz, 39, 7.05 W
1788685891.680414557,0 %, 1690 MHz, 39, 7.05 W
1788685891.780812836,0 %, 1690 MHz, 39, 7.05 W
1788685891.881155596,0 %, 1690 MHz, 39, 7.05 W
1788685891.981286867,0 %, 1690 MHz, 39, 7.05 W
1788685892.082066971,0 %, 1690 MHz, 39, 7.05 W
1788685892.182429411,0 %, 1690 MHz, 39, 7.07 W
1788685892.282832394,0 %, 1690 MHz, 39, 7.07 W
1788685892.383589506,0 %, 1690 MHz, 39, 7.07 W
1788685892.483937770,0 %, 1690 MHz, 39, 7.07 W
1788685892.584338001,0 %, 1690 MHz, 39, 7.07 W
1788685892.685102889,0 %, 1690 MHz, 39, 7.12 W
1788685892.785450641,0 %, 1690 MHz, 39, 7.12 W
1788685892.885883737,0 %, 1690 MHz, 39, 7.12 W
1788685892.986179920,0 %, 1690 MHz, 39, 7.12 W
1788685893.086441064,0 %, 1690 MHz, 39, 7.12 W
1788685893.187137424,0 %, 1690 MHz, 39, 7.15 W
1788685893.287480264,0 %, 1690 MHz, 39, 7.15 W
1788685893.387911792,0 %, 1690 MHz, 39, 7.15 W
1788685893.488649240,0 %, 1690 MHz, 39, 7.15 W
1788685893.588996240,0 %, 1690 MHz, 39, 7.15 W
1788685893.689403335,0 %, 1690 MHz, 39, 7.14 W
1788685893.790180975,0 %, 1690 MHz, 39, 7.14 W
1788685893.890517207,0 %, 1690 MHz, 39, 7.14 W
1788685893.990927583,0 %, 1690 MHz, 39, 7.14 W
1788685894.091301703,0 %, 1690 MHz, 39, 7.14 W
1788685894.192012639,0 %, 1690 MHz, 39, 7.11 W
1788685894.292336375,0 %, 1690 MHz, 39, 7.11 W
1788685894.392835583,0 %, 1690 MHz, 39, 7.11 W
1788685894.493557895,0 %, 1690 MHz, 39, 7.11 W
1788685894.593883551,0 %, 1690 MHz, 39, 7.11 W
1788685894.694292919,0 %, 1690 MHz, 39, 7.09 W
1788685894.795084352,0 %, 1690 MHz, 39, 7.09 W
1788685894.895425336,0 %, 1690 MHz, 39, 7.09 W
1788685894.995849248,0 %, 1690 MHz, 39, 7.09 W
1788685895.096222488,0 %, 1690 MHz, 39, 7.09 W
1788685895.196913392,0 %, 1690 MHz, 39, 7.09 W
1788685895.297265272,0 %, 1690 MHz, 39, 7.09 W
1788685895.397719184,0 %, 1690 MHz, 39, 7.09 W
1788685895.498406425,0 %, 1690 MHz, 39, 7.09 W
1788685895.598791265,0 %, 1690 MHz, 39, 7.09 W
1788685895.699224313,0 %, 1690 MHz, 39, 7.09 W
1788685895.799978193,0 %, 1690 MHz, 39, 7.09 W
1788685895.900302538,0 %, 1690 MHz, 39, 7.09 W
1788685896.000769970,0 %, 1690 MHz, 39, 7.09 W
1788685896.101560314,0 %, 1690 MHz, 39, 7.09 W
1788685896.201925283,0 %, 1690 MHz, 39, 7.09 W
1788685896.302311835,0 %, 1690 MHz, 39, 7.09 W
1788685896.403064164,0 %, 1690 MHz, 39, 7.09 W
1788685896.503447868,0 %, 1690 MHz, 39, 7.09 W
1788685896.603836340,0 %, 1690 MHz, 39, 7.09 W
1788685896.704345741,0 %, 1690 MHz, 39, 7.07 W
1788685896.804911461,0 %, 1690 MHz, 39, 7.07 W
1788685896.905225757,0 %, 1690 MHz, 39, 7.07 W
1788685897.005723254,0 %, 1690 MHz, 39, 7.07 W
1788685897.106411214,0 %, 1690 MHz, 39, 7.07 W
1788685897.206791639,0 %, 1690 MHz, 39, 7.06 W
1788685897.307251359,0 %, 1690 MHz, 39, 7.06 W
1788685897.407990024,0 %, 1690 MHz, 39, 7.06 W
1788685897.508307617,0 %, 1690 MHz, 39, 7.06 W
1788685897.608761625,0 %, 1690 MHz, 39, 7.06 W
1788685897.709495154,0 %, 1690 MHz, 39, 7.09 W
1788685897.809863290,0 %, 1690 MHz, 39, 7.09 W
1788685897.910217555,0 %, 1690 MHz, 39, 7.09 W
1788685898.010625579,0 %, 1690 MHz, 39, 7.09 W
1788685898.111300948,0 %, 1690 MHz, 39, 7.09 W
1788685898.211728685,0 %, 1690 MHz, 39, 7.09 W
1788685898.312119477,0 %, 1690 MHz, 39, 7.09 W
1788685898.412835470,0 %, 1690 MHz, 39, 7.09 W
1788685898.513211863,0 %, 1690 MHz, 39, 7.09 W
1788685898.613625168,0 %, 1690 MHz, 39, 7.09 W
1788685898.713973592,0 %, 1690 MHz, 39, 7.07 W
1788685898.814658145,0 %, 1690 MHz, 39, 7.07 W
1788685898.914985274,0 %, 1690 MHz, 39, 7.07 W
1788685899.015423426,0 %, 1690 MHz, 39, 7.07 W
1788685899.116184843,0 %, 1690 MHz, 39, 7.07 W
1788685899.216532308,0 %, 1690 MHz, 39, 7.07 W
1788685899.316950333,0 %, 1690 MHz, 39, 7.07 W
1788685899.417706262,0 %, 1690 MHz, 39, 7.07 W
1788685899.518078255,0 %, 1690 MHz, 39, 7.07 W
1788685899.618445496,0 %, 1690 MHz, 39, 7.07 W
1788685899.718830577,0 %, 1690 MHz, 39, 7.06 W
1788685899.819512490,0 %, 1690 MHz, 39, 7.06 W
1788685899.919319650,0 %, 1690 MHz, 39, 7.06 W
1788685900.019546027,0 %, 1690 MHz, 39, 7.06 W
1788685900.119685140,0 %, 1690 MHz, 39, 7.06 W
1788685900.219587068,0 %, 1690 MHz, 39, 7.07 W
1788685900.319802485,0 %, 1690 MHz, 39, 7.07 W
1788685900.420710735,0 %, 1690 MHz, 39, 7.07 W
1788685900.521105719,0 %, 1690 MHz, 39, 7.07 W
1788685900.621048736,0 %, 1690 MHz, 39, 7.07 W
1788685900.721269881,0 %, 1690 MHz, 39, 7.10 W
1788685900.821482914,0 %, 1690 MHz, 39, 7.10 W
1788685900.921462107,0 %, 1690 MHz, 39, 7.10 W
1788685901.022806436,0 %, 1690 MHz, 39, 7.10 W
1788685901.121805229,0 %, 1690 MHz, 39, 7.10 W
1788685901.221901078,0 %, 1690 MHz, 39, 7.08 W
1788685901.323389167,0 %, 1690 MHz, 39, 7.08 W
1788685901.423507448,0 %, 1690 MHz, 39, 7.08 W
1788685901.523849010,0 %, 1690 MHz, 39, 7.08 W
1788685901.624270555,0 %, 1690 MHz, 39, 7.08 W
1788685901.725018580,0 %, 1690 MHz, 39, 7.05 W
1788685901.825377485,0 %, 1690 MHz, 39, 7.05 W
1788685901.925731302,0 %, 1690 MHz, 39, 7.05 W
1788685902.026175040,0 %, 1690 MHz, 39, 7.05 W
1788685902.126867305,0 %, 1690 MHz, 39, 7.05 W
1788685902.227172978,0 %, 1690 MHz, 39, 7.06 W
1788685902.327603468,0 %, 1690 MHz, 39, 7.06 W
1788685902.428349397,0 %, 1690 MHz, 39, 7.06 W
1788685902.528672318,0 %, 1690 MHz, 39, 7.06 W
1788685902.628989064,0 %, 1690 MHz, 39, 7.06 W
1788685902.729389889,0 %, 1690 MHz, 39, 7.09 W
1788685902.830126299,0 %, 1690 MHz, 39, 7.09 W
1788685902.930482196,0 %, 1690 MHz, 39, 7.09 W
1788685903.030923773,0 %, 1690 MHz, 39, 7.09 W
1788685903.131659975,0 %, 1690 MHz, 39, 7.09 W
1788685903.232010640,0 %, 1690 MHz, 39, 7.10 W
1788685903.332404298,0 %, 1690 MHz, 39, 7.10 W
1788685903.432783443,0 %, 1690 MHz, 39, 7.10 W
1788685903.533474157,0 %, 1690 MHz, 39, 7.10 W
1788685903.633846038,0 %, 1690 MHz, 39, 7.10 W
1788685903.734261056,0 %, 1690 MHz, 39, 7.09 W
1788685903.834936490,0 %, 1690 MHz, 39, 7.09 W
1788685903.935339635,0 %, 1690 MHz, 39, 7.09 W
1788685904.035767293,0 %, 1690 MHz, 39, 7.09 W
1788685904.136528230,0 %, 1690 MHz, 39, 7.08 W
1788685904.236942592,0 %, 1690 MHz, 39, 7.08 W
1788685904.337612874,0 %, 1690 MHz, 39, 7.08 W
1788685904.438190148,0 %, 1690 MHz, 39, 7.08 W
1788685904.538989278,0 %, 1690 MHz, 39, 7.08 W
1788685904.639420007,0 %, 1690 MHz, 39, 7.07 W
1788685904.738813760,0 %, 1690 MHz, 39, 7.07 W
1788685904.839768794,0 %, 1690 MHz, 39, 7.07 W
1788685904.940154836,0 %, 1690 MHz, 39, 7.07 W
1788685905.040609166,0 %, 1690 MHz, 39, 7.07 W
1788685905.140966663,0 %, 1690 MHz, 39, 7.07 W
1788685905.241767441,0 %, 1690 MHz, 39, 7.07 W
1788685905.342116747,0 %, 1690 MHz, 39, 7.07 W
1788685905.443295845,0 %, 1690 MHz, 39, 7.07 W
1788685905.542808207,0 %, 1690 MHz, 39, 7.07 W
1788685905.643555897,0 %, 1690 MHz, 39, 7.03 W
1788685905.743968867,0 %, 1690 MHz, 39, 7.03 W
1788685905.844434460,0 %, 1690 MHz, 39, 7.03 W
1788685905.945094390,0 %, 1690 MHz, 39, 7.03 W
1788685906.045485232,0 %, 1690 MHz, 39, 7.03 W
1788685906.145954058,0 %, 1690 MHz, 39, 7.02 W
1788685906.246670596,0 %, 1690 MHz, 39, 7.02 W
1788685906.347050734,0 %, 1690 MHz, 39, 7.02 W
1788685906.447477384,0 %, 1690 MHz, 39, 7.02 W
1788685906.548200227,0 %, 1690 MHz, 39, 7.02 W
1788685906.648964605,0 %, 1690 MHz, 39, 7.00 W
1788685906.749583463,0 %, 1690 MHz, 39, 7.00 W
1788685906.849792001,0 %, 1690 MHz, 39, 7.00 W
1788685906.950173099,0 %, 1690 MHz, 39, 7.00 W
1788685907.050547125,0 %, 1690 MHz, 39, 7.00 W
1788685907.150953295,0 %, 1690 MHz, 39, 6.99 W
1788685907.251636841,0 %, 1690 MHz, 39, 6.99 W
1788685907.351998883,0 %, 1690 MHz, 39, 6.99 W
1788685907.452452925,0 %, 1690 MHz, 39, 6.99 W
1788685907.553131832,0 %, 1690 MHz, 39, 6.99 W
1788685907.652775457,0 %, 1690 MHz, 39, 7.01 W
1788685907.752570987,0 %, 1690 MHz, 39, 7.01 W
1788685907.852915733,0 %, 1690 MHz, 39, 7.01 W
1788685907.953385967,0 %, 1690 MHz, 39, 7.01 W
1788685908.054010570,0 %, 1690 MHz, 39, 7.01 W
1788685908.154261908,0 %, 1690 MHz, 39, 7.05 W
1788685908.254773694,0 %, 1690 MHz, 39, 7.05 W
1788685908.354832504,0 %, 1690 MHz, 39, 7.05 W
1788685908.455099123,0 %, 1690 MHz, 39, 7.05 W
1788685908.555341085,0 %, 1690 MHz, 39, 7.05 W
1788685908.655576839,0 %, 1690 MHz, 40, 7.05 W
1788685908.755843329,0 %, 1690 MHz, 40, 7.05 W
1788685908.856438044,0 %, 1690 MHz, 40, 7.05 W
1788685908.957285526,0 %, 1690 MHz, 40, 7.05 W
1788685909.057143584,0 %, 1690 MHz, 40, 7.05 W
1788685909.157380155,0 %, 1690 MHz, 40, 7.04 W
1788685909.257654709,0 %, 1690 MHz, 40, 7.04 W
1788685909.358073391,0 %, 1690 MHz, 40, 7.04 W
1788685909.458527466,0 %, 1690 MHz, 40, 7.04 W
1788685909.558820020,0 %, 1690 MHz, 40, 7.04 W
1788685909.659051023,0 %, 1690 MHz, 40, 7.06 W
1788685909.759329209,0 %, 1690 MHz, 40, 7.06 W
1788685909.859771732,0 %, 1690 MHz, 40, 7.06 W
1788685909.960061006,0 %, 1690 MHz, 40, 7.06 W
1788685910.060162600,0 %, 1690 MHz, 40, 7.06 W
1788685910.160362179,0 %, 1690 MHz, 40, 7.06 W
1788685910.260270061,0 %, 1690 MHz, 40, 7.06 W
1788685910.361309864,0 %, 1690 MHz, 40, 7.06 W
1788685910.461558659,0 %, 1690 MHz, 40, 7.06 W
1788685910.561831837,0 %, 1690 MHz, 40, 7.06 W
1788685910.662051544,0 %, 1690 MHz, 40, 7.03 W
1788685910.762571090,0 %, 1690 MHz, 40, 7.03 W
1788685910.862846109,0 %, 1690 MHz, 40, 7.03 W
1788685910.963449032,0 %, 1690 MHz, 40, 7.03 W
1788685911.063705794,0 %, 1690 MHz, 40, 7.03 W
1788685911.163967229,0 %, 1690 MHz, 40, 7.02 W
1788685911.264234728,0 %, 1690 MHz, 40, 7.02 W
1788685911.364512674,0 %, 1690 MHz, 40, 7.02 W
1788685911.464034605,0 %, 1690 MHz, 40, 7.02 W
1788685911.564087127,0 %, 1690 MHz, 40, 7.02 W
1788685911.664501922,0 %, 1690 MHz, 40, 7.04 W
1788685911.764305980,0 %, 1690 MHz, 40, 7.04 W
1788685911.864398951,0 %, 1690 MHz, 40, 7.04 W
1788685911.964618594,0 %, 1690 MHz, 40, 7.04 W
1788685912.066313741,0 %, 1690 MHz, 40, 7.04 W
1788685912.166056680,0 %, 1690 MHz, 40, 7.09 W
1788685912.266493731,0 %, 1690 MHz, 40, 7.09 W
1788685912.367049630,0 %, 1690 MHz, 40, 7.09 W
1788685912.467364425,0 %, 1690 MHz, 40, 7.09 W
1788685912.567565300,0 %, 1690 MHz, 40, 7.09 W
1788685912.667899006,0 %, 1690 MHz, 40, 7.12 W
1788685912.768144169,0 %, 1690 MHz, 40, 7.12 W
1788685912.868957573,0 %, 1690 MHz, 40, 7.12 W
1788685912.969262895,0 %, 1690 MHz, 40, 7.12 W
1788685913.069932651,0 %, 1690 MHz, 40, 7.12 W
1788685913.169886293,0 %, 1690 MHz, 40, 7.12 W
1788685913.270812913,0 %, 1690 MHz, 40, 7.12 W
1788685913.371123452,0 %, 1690 MHz, 40, 7.12 W
1788685913.471411831,0 %, 1690 MHz, 40, 7.12 W
1788685913.572385378,0 %, 1690 MHz, 40, 7.12 W
1788685913.672781949,0 %, 1690 MHz, 40, 7.10 W
1788685913.774179497,0 %, 1690 MHz, 40, 7.10 W
1788685913.873376227,0 %, 1690 MHz, 40, 7.10 W
1788685913.974026463,0 %, 1690 MHz, 40, 7.10 W
1788685914.074393066,0 %, 1690 MHz, 40, 7.10 W
1788685914.174770181,0 %, 1690 MHz, 40, 7.10 W
1788685914.275082800,0 %, 1690 MHz, 40, 7.10 W
1788685914.375277884,0 %, 1690 MHz, 40, 7.10 W
1788685914.475919511,0 %, 1690 MHz, 40, 7.10 W
1788685914.576280290,0 %, 1690 MHz, 40, 7.10 W
1788685914.676941886,0 %, 1690 MHz, 40, 7.11 W
1788685914.776883657,0 %, 1690 MHz, 40, 7.11 W
1788685914.877256372,0 %, 1690 MHz, 40, 7.11 W
1788685914.977509359,0 %, 1690 MHz, 40, 7.11 W
1788685915.078315594,0 %, 1690 MHz, 40, 7.11 W
1788685915.178219398,0 %, 1690 MHz, 40, 7.11 W
1788685915.278930465,0 %, 1690 MHz, 40, 7.11 W
1788685915.379617981,0 %, 1690 MHz, 40, 7.11 W
1788685915.479932184,0 %, 1690 MHz, 40, 7.11 W
1788685915.580120115,0 %, 1690 MHz, 40, 7.11 W
1788685915.681495167,0 %, 1690 MHz, 40, 7.14 W
1788685915.781624091,0 %, 1690 MHz, 40, 7.14 W
1788685915.882062774,0 %, 1690 MHz, 40, 7.14 W
1788685915.982359234,0 %, 1690 MHz, 40, 7.14 W
1788685916.083135005,0 %, 1690 MHz, 40, 7.14 W
1788685916.183146665,0 %, 1690 MHz, 40, 7.13 W
1788685916.283935348,0 %, 1690 MHz, 40, 7.13 W
1788685916.384136352,0 %, 1690 MHz, 40, 7.13 W
1788685916.484941052,0 %, 1690 MHz, 40, 7.13 W
1788685916.585410039,0 %, 1690 MHz, 40, 7.13 W
1788685916.686112035,0 %, 1690 MHz, 41, 7.15 W
1788685916.786773647,0 %, 1690 MHz, 41, 7.15 W
1788685916.886598090,0 %, 1690 MHz, 41, 7.15 W
1788685916.986996485,0 %, 1690 MHz, 41, 7.15 W
1788685917.087508065,0 %, 1690 MHz, 41, 7.15 W
1788685917.187982125,0 %, 1690 MHz, 41, 7.19 W
1788685917.288486553,0 %, 1690 MHz, 41, 7.19 W
1788685917.388664340,0 %, 1690 MHz, 41, 7.19 W
1788685917.488944576,0 %, 1690 MHz, 41, 7.19 W
1788685917.589668156,0 %, 1690 MHz, 41, 7.19 W
1788685917.689647752,0 %, 1690 MHz, 41, 7.19 W
1788685917.790144995,0 %, 1690 MHz, 41, 7.19 W
1788685917.891055807,0 %, 1690 MHz, 41, 7.19 W
1788685917.991127211,0 %, 1690 MHz, 41, 7.19 W
1788685918.091557047,0 %, 1690 MHz, 41, 7.19 W
1788685918.192510131,0 %, 1690 MHz, 41, 7.19 W
1788685918.292872015,0 %, 1690 MHz, 41, 7.19 W
1788685918.393022043,0 %, 1690 MHz, 41, 7.19 W
1788685918.493961335,0 %, 1690 MHz, 41, 7.19 W
1788685918.594165619,0 %, 1690 MHz, 41, 7.19 W
1788685918.694539359,0 %, 1690 MHz, 41, 7.20 W
1788685918.794865642,0 %, 1690 MHz, 41, 7.20 W
1788685918.895496966,0 %, 1690 MHz, 41, 7.20 W
1788685918.995569282,0 %, 1690 MHz, 41, 7.20 W
1788685919.096025374,0 %, 1690 MHz, 41, 7.20 W
1788685919.196704554,0 %, 1690 MHz, 42, 7.22 W
1788685919.297398119,0 %, 1690 MHz, 42, 7.22 W
1788685919.397190098,0 %, 1690 MHz, 42, 7.22 W
1788685919.497701678,0 %, 1690 MHz, 42, 7.22 W
1788685919.598101931,0 %, 1690 MHz, 42, 7.22 W
1788685919.698618903,0 %, 1690 MHz, 42, 7.20 W
1788685919.799541539,0 %, 1690 MHz, 42, 7.20 W
1788685919.900034351,0 %, 1690 MHz, 42, 7.20 W
1788685920.000009995,0 %, 1690 MHz, 42, 7.20 W
1788685920.100549111,0 %, 1690 MHz, 42, 7.20 W
1788685920.200981283,0 %, 1690 MHz, 42, 7.14 W
1788685920.301959664,0 %, 1690 MHz, 42, 7.14 W
1788685920.401976908,0 %, 1690 MHz, 42, 7.14 W
1788685920.502860664,0 %, 1690 MHz, 42, 7.14 W
1788685920.602883396,0 %, 1690 MHz, 42, 7.14 W
1788685920.703520017,0 %, 1690 MHz, 42, 7.11 W
1788685920.804084621,0 %, 1690 MHz, 42, 7.11 W
1788685920.904479753,0 %, 1690 MHz, 42, 7.11 W
1788685921.005029238,0 %, 1690 MHz, 42, 7.11 W
1788685921.105030066,0 %, 1690 MHz, 42, 7.11 W
1788685921.206008798,0 %, 1690 MHz, 42, 7.11 W
1788685921.306044619,0 %, 1690 MHz, 42, 7.11 W
1788685921.406827607,0 %, 1690 MHz, 42, 7.11 W
1788685921.507449108,0 %, 1690 MHz, 42, 7.11 W
1788685921.607143104,0 %, 1690 MHz, 42, 7.11 W
1788685921.707671196,0 %, 1690 MHz, 42, 7.15 W
1788685921.808628809,0 %, 1690 MHz, 42, 7.15 W
1788685921.908862965,0 %, 1690 MHz, 42, 7.15 W
1788685922.009249777,0 %, 1690 MHz, 42, 7.15 W
1788685922.109602206,0 %, 1690 MHz, 42, 7.15 W
1788685922.210036794,0 %, 1690 MHz, 42, 7.13 W
1788685922.310893495,0 %, 1690 MHz, 42, 7.13 W
1788685922.411448820,0 %, 1690 MHz, 42, 7.13 W
1788685922.511681280,0 %, 1690 MHz, 42, 7.13 W
1788685922.611709420,0 %, 1690 MHz, 42, 7.13 W
1788685922.712557001,0 %, 1690 MHz, 43, 7.07 W
1788685922.812875734,0 %, 1690 MHz, 43, 7.07 W
1788685922.913570402,0 %, 1690 MHz, 43, 7.07 W
1788685923.013556991,0 %, 1690 MHz, 43, 7.07 W
1788685923.114110203,0 %, 1690 MHz, 43, 7.07 W
1788685923.214768744,0 %, 1690 MHz, 43, 7.07 W
1788685923.315237541,0 %, 1690 MHz, 43, 7.07 W
1788685923.415486626,0 %, 1690 MHz, 43, 7.07 W
1788685923.515712574,0 %, 1690 MHz, 43, 7.07 W
1788685923.616251147,0 %, 1690 MHz, 43, 7.07 W
1788685923.716928200,0 %, 1690 MHz, 43, 7.10 W
1788685923.817381188,0 %, 1690 MHz, 43, 7.10 W
1788685923.917848145,0 %, 1690 MHz, 43, 7.10 W
1788685924.018092142,0 %, 1690 MHz, 43, 7.10 W
1788685924.118849867,0 %, 1690 MHz, 43, 7.10 W
1788685924.219304776,0 %, 1690 MHz, 43, 7.06 W
1788685924.319821493,0 %, 1690 MHz, 43, 7.06 W
1788685924.420064769,0 %, 1690 MHz, 43, 7.06 W
1788685924.520264734,0 %, 1690 MHz, 43, 7.06 W
1788685924.620687099,0 %, 1690 MHz, 43, 7.06 W
1788685924.721639864,0 %, 1690 MHz, 43, 7.03 W
1788685924.821747429,0 %, 1690 MHz, 43, 7.03 W
1788685924.922384706,0 %, 1690 MHz, 43, 7.03 W
1788685925.022602958,0 %, 1690 MHz, 43, 7.03 W
1788685925.123320396,0 %, 1690 MHz, 43, 7.03 W
1788685925.223821321,0 %, 1690 MHz, 43, 7.05 W
1788685925.324036549,0 %, 1690 MHz, 43, 7.05 W
1788685925.424843587,0 %, 1690 MHz, 43, 7.05 W
1788685925.525235168,0 %, 1690 MHz, 43, 7.05 W
1788685925.625499149,0 %, 1690 MHz, 43, 7.05 W
1788685925.725990378,0 %, 1690 MHz, 43, 7.07 W
1788685925.826667511,0 %, 1690 MHz, 43, 7.07 W
1788685925.926922260,0 %, 1690 MHz, 43, 7.07 W
1788685926.027148609,0 %, 1690 MHz, 43, 7.07 W
1788685926.127900766,0 %, 1690 MHz, 43, 7.07 W
1788685926.228140651,0 %, 1690 MHz, 44, 7.09 W
1788685926.328652632,0 %, 1690 MHz, 44, 7.09 W
1788685926.429301366,0 %, 1690 MHz, 44, 7.09 W
1788685926.529841635,0 %, 1690 MHz, 44, 7.09 W
1788685926.630240784,0 %, 1690 MHz, 44, 7.09 W
1788685926.730529549,0 %, 1690 MHz, 44, 7.07 W
1788685926.831229306,0 %, 1690 MHz, 44, 7.07 W
1788685926.931713576,0 %, 1690 MHz, 44, 7.07 W
1788685927.032180725,0 %, 1690 MHz, 44, 7.07 W
1788685927.132383170,0 %, 1690 MHz, 44, 7.07 W
1788685927.232674063,0 %, 1690 MHz, 44, 7.09 W
1788685927.333337757,0 %, 1690 MHz, 44, 7.09 W
1788685927.433805962,0 %, 1690 MHz, 44, 7.09 W
1788685927.534678648,0 %, 1690 MHz, 44, 7.09 W
1788685927.634954357,0 %, 1690 MHz, 44, 7.09 W
1788685927.735568850,0 %, 1690 MHz, 44, 7.12 W
1788685927.835827311,0 %, 1690 MHz, 44, 7.12 W
1788685927.936259869,0 %, 1690 MHz, 44, 7.12 W
1788685928.036745402,0 %, 1690 MHz, 44, 7.12 W
1788685928.137181576,0 %, 1690 MHz, 44, 7.12 W
1788685928.237678549,0 %, 1690 MHz, 44, 7.13 W
1788685928.338151283,0 %, 1690 MHz, 44, 7.13 W
1788685928.438366816,0 %, 1690 MHz, 44, 7.13 W
1788685928.538862733,0 %, 1690 MHz, 44, 7.13 W
1788685928.639316267,0 %, 1690 MHz, 44, 7.14 W
1788685928.739602008,0 %, 1690 MHz, 44, 7.14 W
1788685928.840493078,0 %, 1690 MHz, 44, 7.14 W
1788685928.940786387,0 %, 1690 MHz, 44, 7.14 W
1788685929.041228849,0 %, 1690 MHz, 44, 7.14 W
1788685929.141731599,0 %, 1690 MHz, 44, 7.14 W
1788685929.242250780,0 %, 1690 MHz, 44, 7.14 W
1788685929.342650826,0 %, 1690 MHz, 44, 7.14 W
1788685929.443165480,0 %, 1690 MHz, 44, 7.14 W
1788685929.543329285,0 %, 1690 MHz, 44, 7.14 W
1788685929.643812243,0 %, 1690 MHz, 44, 7.14 W
1788685929.744455521,0 %, 1690 MHz, 44, 7.14 W
1788685929.844761518,0 %, 1690 MHz, 44, 7.14 W
1788685929.945225324,0 %, 1690 MHz, 44, 7.14 W
1788685930.045677145,0 %, 1690 MHz, 44, 7.14 W
1788685930.146199255,0 %, 1690 MHz, 44, 7.14 W
1788685930.246389733,0 %, 1690 MHz, 44, 7.14 W
1788685930.346835139,0 %, 1690 MHz, 44, 7.14 W
1788685930.446561296,0 %, 1690 MHz, 44, 7.14 W
1788685930.546741934,0 %, 1690 MHz, 44, 7.14 W
1788685930.647020491,0 %, 1690 MHz, 45, 7.14 W
1788685930.747721689,0 %, 1690 MHz, 45, 7.14 W
1788685930.848089623,0 %, 1690 MHz, 45, 7.14 W
1788685930.948761941,0 %, 1690 MHz, 45, 7.14 W
1788685931.049171683,0 %, 1690 MHz, 45, 7.14 W
1788685931.149665489,0 %, 1690 MHz, 45, 7.16 W
1788685931.250157615,0 %, 1690 MHz, 45, 7.16 W
1788685931.350379661,0 %, 1690 MHz, 45, 7.16 W
1788685931.450877851,0 %, 1690 MHz, 45, 7.16 W
1788685931.551360120,0 %, 1690 MHz, 45, 7.16 W
1788685931.651891895,0 %, 1690 MHz, 45, 7.19 W
1788685931.752344676,0 %, 1690 MHz, 45, 7.19 W
1788685931.852854546,0 %, 1690 MHz, 45, 7.19 W
1788685931.953305696,0 %, 1690 MHz, 45, 7.19 W
1788685932.053609406,0 %, 1690 MHz, 45, 7.19 W
1788685932.153421212,0 %, 1690 MHz, 45, 7.18 W
1788685932.253445914,0 %, 1690 MHz, 45, 7.18 W
1788685932.353802072,0 %, 1690 MHz, 45, 7.18 W
1788685932.454539782,0 %, 1690 MHz, 45, 7.18 W
1788685932.555063556,0 %, 1690 MHz, 45, 7.18 W
1788685932.655472194,0 %, 1690 MHz, 45, 7.19 W
1788685932.755812048,0 %, 1690 MHz, 45, 7.19 W
1788685932.856445487,0 %, 1690 MHz, 45, 7.19 W
1788685932.956809357,0 %, 1690 MHz, 45, 7.19 W
1788685933.057615243,0 %, 1690 MHz, 45, 7.19 W
1788685933.157972265,0 %, 1690 MHz, 45, 7.20 W
1788685933.258416711,0 %, 1690 MHz, 45, 7.20 W
1788685933.358950166,0 %, 1690 MHz, 45, 7.20 W
1788685933.459398388,0 %, 1690 MHz, 45, 7.20 W
1788685933.559928194,0 %, 1690 MHz, 45, 7.20 W
1788685933.660377969,0 %, 1690 MHz, 45, 7.16 W
1788685933.760898431,0 %, 1690 MHz, 45, 7.16 W
1788685933.861182173,0 %, 1690 MHz, 45, 7.16 W
1788685933.961425547,0 %, 1690 MHz, 45, 7.16 W
1788685934.062077866,0 %, 1690 MHz, 45, 7.16 W
1788685934.162626808,0 %, 1690 MHz, 45, 7.12 W
1788685934.263046791,0 %, 1690 MHz, 45, 7.12 W
1788685934.363564277,0 %, 1690 MHz, 45, 7.12 W
1788685934.464042259,0 %, 1690 MHz, 45, 7.12 W
1788685934.564509234,0 %, 1690 MHz, 45, 7.12 W
1788685934.664965344,0 %, 1690 MHz, 45, 7.11 W
1788685934.765458303,0 %, 1690 MHz, 45, 7.11 W
1788685934.865758765,0 %, 1690 MHz, 45, 7.11 W
1788685934.966241707,0 %, 1690 MHz, 45, 7.11 W
1788685935.066925546,0 %, 1690 MHz, 45, 7.11 W
1788685935.167439433,0 %, 1690 MHz, 46, 7.10 W
1788685935.267961207,0 %, 1690 MHz, 46, 7.10 W
1788685935.368433542,0 %, 1690 MHz, 46, 7.10 W
1788685935.468932100,0 %, 1690 MHz, 46, 7.10 W
1788685935.569248707,0 %, 1690 MHz, 46, 7.10 W
1788685935.669909858,0 %, 1690 MHz, 46, 7.11 W
1788685935.770627328,0 %, 1690 MHz, 46, 7.11 W
1788685935.870905423,0 %, 1690 MHz, 46, 7.11 W
1788685935.971386893,0 %, 1690 MHz, 46, 7.11 W
1788685936.071931580,0 %, 1690 MHz, 46, 7.11 W
1788685936.172385003,0 %, 1690 MHz, 46, 7.10 W
1788685936.272928826,0 %, 1690 MHz, 46, 7.10 W
1788685936.373341400,0 %, 1690 MHz, 46, 7.10 W
1788685936.473636791,0 %, 1690 MHz, 46, 7.10 W
1788685936.574062022,0 %, 1690 MHz, 46, 7.10 W
1788685936.674797444,0 %, 1690 MHz, 46, 7.08 W
1788685936.774967843,0 %, 1690 MHz, 46, 7.08 W
1788685936.875449730,0 %, 1690 MHz, 46, 7.08 W
1788685936.975983905,0 %, 1690 MHz, 46, 7.08 W
1788685937.076408575,0 %, 1690 MHz, 46, 7.08 W
1788685937.176975086,0 %, 1690 MHz, 46, 7.09 W
1788685937.277404541,0 %, 1690 MHz, 46, 7.09 W
1788685937.377936844,0 %, 1690 MHz, 46, 7.09 W
1788685937.478392699,0 %, 1690 MHz, 46, 7.09 W
1788685937.578926170,0 %, 1690 MHz, 46, 7.09 W
1788685937.679382473,0 %, 1690 MHz, 46, 7.11 W
1788685937.779912616,0 %, 1690 MHz, 46, 7.11 W
1788685937.880388823,0 %, 1690 MHz, 46, 7.11 W
1788685937.980889381,0 %, 1690 MHz, 46, 7.11 W
1788685938.081344884,0 %, 1690 MHz, 46, 7.11 W
1788685938.181879603,0 %, 1690 MHz, 46, 7.10 W
1788685938.282163218,0 %, 1690 MHz, 46, 7.10 W
1788685938.382383409,0 %, 1690 MHz, 46, 7.10 W
1788685938.483107568,0 %, 1690 MHz, 46, 7.10 W
1788685938.583553808,0 %, 1690 MHz, 46, 7.10 W
1788685938.684059935,0 %, 1690 MHz, 46, 7.12 W
1788685938.784560750,0 %, 1690 MHz, 46, 7.12 W
1788685938.885074093,0 %, 1690 MHz, 46, 7.12 W
1788685938.985312828,0 %, 1690 MHz, 46, 7.12 W
1788685939.086040667,0 %, 1690 MHz, 46, 7.12 W
1788685939.186563114,0 %, 1690 MHz, 46, 7.14 W
1788685939.287077561,0 %, 1690 MHz, 46, 7.14 W
1788685939.387240664,0 %, 1690 MHz, 46, 7.14 W
1788685939.487495831,0 %, 1690 MHz, 46, 7.14 W
1788685939.587967079,0 %, 1690 MHz, 46, 7.14 W
1788685939.688811846,0 %, 1690 MHz, 46, 7.10 W
1788685939.788985669,0 %, 1690 MHz, 46, 7.10 W
1788685939.889444676,0 %, 1690 MHz, 46, 7.10 W
1788685939.989949667,0 %, 1690 MHz, 46, 7.10 W
1788685940.090433059,0 %, 1690 MHz, 46, 7.10 W
1788685940.190952370,0 %, 1690 MHz, 47, 7.10 W
1788685940.291408241,0 %, 1690 MHz, 47, 7.10 W
1788685940.391970497,0 %, 1690 MHz, 47, 7.10 W
1788685940.492389536,0 %, 1690 MHz, 47, 7.10 W
1788685940.592742991,0 %, 1690 MHz, 47, 7.10 W
1788685940.693424223,0 %, 1690 MHz, 47, 7.12 W
1788685940.793897614,0 %, 1690 MHz, 47, 7.12 W
1788685940.894356077,0 %, 1690 MHz, 47, 7.12 W
1788685940.994449261,0 %, 1690 MHz, 47, 7.12 W
1788685941.095126652,0 %, 1690 MHz, 47, 7.12 W
1788685941.195513244,0 %, 1690 MHz, 47, 7.11 W
1788685941.295613659,0 %, 1690 MHz, 47, 7.11 W
1788685941.396112074,0 %, 1690 MHz, 47, 7.11 W
1788685941.496621242,0 %, 1690 MHz, 47, 7.11 W
1788685941.597107481,0 %, 1690 MHz, 47, 7.11 W
1788685941.697727753,0 %, 1690 MHz, 47, 7.14 W
1788685941.797770072,0 %, 1690 MHz, 47, 7.14 W
1788685941.898236392,0 %, 1690 MHz, 47, 7.14 W
1788685941.998493911,0 %, 1690 MHz, 47, 7.14 W
1788685942.099007079,0 %, 1690 MHz, 47, 7.14 W
1788685942.199311942,0 %, 1690 MHz, 47, 7.13 W
1788685942.299341414,0 %, 1690 MHz, 47, 7.13 W
1788685942.400233141,0 %, 1690 MHz, 47, 7.13 W
1788685942.500666789,0 %, 1690 MHz, 47, 7.13 W
1788685942.601100837,0 %, 1690 MHz, 47, 7.13 W
1788685942.701911972,0 %, 1690 MHz, 47, 7.11 W
1788685942.801878820,0 %, 1690 MHz, 47, 7.11 W
1788685942.902728900,0 %, 1690 MHz, 47, 7.11 W
1788685943.003612948,0 %, 1690 MHz, 47, 7.11 W
1788685943.104033059,0 %, 1690 MHz, 47, 7.11 W
1788685943.203724627,0 %, 1690 MHz, 47, 7.13 W
1788685943.303886466,0 %, 1690 MHz, 47, 7.13 W
1788685943.404777826,0 %, 1690 MHz, 47, 7.13 W
1788685943.505144690,0 %, 1690 MHz, 47, 7.13 W
1788685943.606008322,0 %, 1690 MHz, 47, 7.13 W
1788685943.706271842,0 %, 1690 MHz, 46, 7.12 W
1788685943.806877266,0 %, 1690 MHz, 46, 7.12 W
1788685943.907013041,0 %, 1690 MHz, 46, 7.12 W
1788685944.008310849,0 %, 1690 MHz, 46, 7.12 W
1788685944.108656993,0 %, 1690 MHz, 46, 7.12 W
1788685944.208624833,0 %, 1690 MHz, 46, 7.11 W
1788685944.309406609,0 %, 1690 MHz, 46, 7.11 W
1788685944.409759265,0 %, 1690 MHz, 46, 7.11 W
1788685944.510162033,0 %, 1690 MHz, 46, 7.11 W
1788685944.610990401,0 %, 1690 MHz, 46, 7.11 W
1788685944.711237697,0 %, 1690 MHz, 46, 7.11 W
1788685944.811572113,0 %, 1690 MHz, 46, 7.11 W
1788685944.912488401,0 %, 1690 MHz, 46, 7.11 W
1788685945.012865697,0 %, 1690 MHz, 46, 7.11 W
1788685945.113786337,0 %, 1690 MHz, 46, 7.11 W
1788685945.214180321,0 %, 1690 MHz, 46, 7.10 W
1788685945.314425057,0 %, 1690 MHz, 46, 7.10 W
1788685945.415007105,0 %, 1690 MHz, 46, 7.10 W
1788685945.515622770,0 %, 1690 MHz, 46, 7.10 W
1788685945.616341954,0 %, 1690 MHz, 46, 7.10 W
1788685945.716716802,0 %, 1690 MHz, 46, 7.11 W
1788685945.817049138,0 %, 1690 MHz, 46, 7.11 W
1788685945.917424578,0 %, 1690 MHz, 46, 7.11 W
1788685946.018164706,0 %, 1690 MHz, 46, 7.11 W
1788685946.118613714,0 %, 1690 MHz, 46, 7.11 W
1788685946.219317219,0 %, 1690 MHz, 46, 7.11 W
1788685946.319722547,0 %, 1690 MHz, 46, 7.11 W
1788685946.420219651,0 %, 1690 MHz, 46, 7.11 W
1788685946.519736403,0 %, 1690 MHz, 46, 7.11 W
1788685946.620743923,0 %, 1690 MHz, 46, 7.11 W
1788685946.721392692,0 %, 1690 MHz, 46, 7.10 W
1788685946.822024708,0 %, 1690 MHz, 46, 7.10 W
1788685946.922903701,0 %, 1690 MHz, 46, 7.10 W
1788685947.023494453,0 %, 1690 MHz, 46, 7.10 W
1788685947.124301349,0 %, 1690 MHz, 46, 7.10 W
1788685947.225229702,0 %, 1690 MHz, 45, 7.12 W
1788685947.325774119,0 %, 1690 MHz, 45, 7.12 W
1788685947.426708743,0 %, 1690 MHz, 45, 7.12 W
1788685947.527291896,0 %, 1690 MHz, 45, 7.12 W
1788685947.628150824,0 %, 1690 MHz, 45, 7.12 W
1788685947.728773433,0 %, 1690 MHz, 45, 7.16 W
1788685947.828381369,0 %, 1690 MHz, 45, 7.16 W
1788685947.928931033,0 %, 1690 MHz, 45, 7.16 W
1788685948.028865833,0 %, 1690 MHz, 45, 7.16 W
1788685948.128717017,0 %, 1690 MHz, 45, 7.16 W
1788685948.228818746,0 %, 1690 MHz, 45, 7.19 W
1788685948.330218443,0 %, 1690 MHz, 45, 7.19 W
1788685948.430777563,0 %, 1690 MHz, 45, 7.19 W
1788685948.530892732,0 %, 1690 MHz, 45, 7.19 W
1788685948.631880189,0 %, 1690 MHz, 45, 7.19 W
1788685948.732427917,0 %, 1690 MHz, 45, 7.20 W
1788685948.833313438,0 %, 1690 MHz, 45, 7.20 W
1788685948.933859151,0 %, 1690 MHz, 45, 7.20 W
1788685949.034776783,0 %, 1690 MHz, 45, 7.20 W
1788685949.135714032,0 %, 1690 MHz, 45, 7.20 W
1788685949.236240129,0 %, 1690 MHz, 45, 7.22 W
1788685949.337132354,0 %, 1690 MHz, 45, 7.22 W
1788685949.437737267,0 %, 1690 MHz, 45, 7.22 W
1788685949.538620788,0 %, 1690 MHz, 45, 7.22 W
1788685949.639193973,0 %, 1690 MHz, 45, 7.22 W
1788685949.739954037,0 %, 1690 MHz, 45, 7.22 W
1788685949.840555878,0 %, 1690 MHz, 45, 7.22 W
1788685949.941412935,0 %, 1690 MHz, 45, 7.22 W
1788685950.041984408,0 %, 1690 MHz, 45, 7.22 W
1788685950.142748457,0 %, 1690 MHz, 45, 7.19 W
1788685950.243761882,0 %, 1690 MHz, 45, 7.19 W
1788685950.344259131,0 %, 1690 MHz, 45, 7.19 W
1788685950.444681596,0 %, 1690 MHz, 45, 7.19 W
1788685950.545492957,0 %, 1690 MHz, 45, 7.19 W
1788685950.646485918,0 %, 1690 MHz, 45, 7.18 W
1788685950.746985423,0 %, 1690 MHz, 45, 7.18 W
1788685950.847954608,0 %, 1690 MHz, 45, 7.18 W
1788685950.948462945,0 %, 1690 MHz, 45, 7.18 W
1788685951.049388210,0 %, 1690 MHz, 45, 7.18 W
1788685951.149994451,0 %, 1690 MHz, 44, 7.19 W
1788685951.250863716,0 %, 1690 MHz, 44, 7.19 W
1788685951.351803670,0 %, 1690 MHz, 44, 7.19 W
1788685951.452296487,0 %, 1690 MHz, 44, 7.19 W
1788685951.553250664,0 %, 1690 MHz, 44, 7.19 W
1788685951.653824745,0 %, 1690 MHz, 44, 7.22 W
1788685951.754638970,0 %, 1690 MHz, 44, 7.22 W
1788685951.855277291,0 %, 1690 MHz, 44, 7.22 W
1788685951.956165597,0 %, 1690 MHz, 44, 7.22 W
1788685952.056747598,0 %, 1690 MHz, 44, 7.22 W
1788685952.157593119,0 %, 1690 MHz, 44, 7.21 W
1788685952.258555537,0 %, 1690 MHz, 44, 7.21 W
1788685952.358916914,0 %, 1690 MHz, 44, 7.21 W
1788685952.459068547,0 %, 1690 MHz, 44, 7.21 W
1788685952.559207331,0 %, 1690 MHz, 44, 7.21 W
1788685952.658849700,0 %, 1690 MHz, 44, 7.19 W
1788685952.759609685,0 %, 1690 MHz, 44, 7.19 W
1788685952.859758694,0 %, 1690 MHz, 44, 7.19 W
1788685952.959919031,0 %, 1690 MHz, 44, 7.19 W
1788685953.060418520,0 %, 1690 MHz, 44, 7.19 W
1788685953.161297210,0 %, 1690 MHz, 44, 7.17 W
1788685953.261908107,0 %, 1690 MHz, 44, 7.17 W
1788685953.362768685,0 %, 1690 MHz, 44, 7.17 W
1788685953.463354798,0 %, 1690 MHz, 44, 7.17 W
1788685953.564244592,0 %, 1690 MHz, 44, 7.17 W
1788685953.665186257,0 %, 1690 MHz, 44, 7.16 W
1788685953.765651091,0 %, 1690 MHz, 44, 7.16 W
1788685953.866666724,0 %, 1690 MHz, 44, 7.16 W
1788685953.967199750,0 %, 1690 MHz, 44, 7.16 W
1788685954.068031639,0 %, 1690 MHz, 44, 7.16 W
1788685954.168593033,0 %, 1690 MHz, 44, 7.16 W
1788685954.269476346,0 %, 1690 MHz, 44, 7.16 W
1788685954.370089484,0 %, 1690 MHz, 44, 7.16 W
1788685954.470946238,0 %, 1690 MHz, 44, 7.16 W
1788685954.571886719,0 %, 1690 MHz, 44, 7.16 W
1788685954.672396065,0 %, 1690 MHz, 44, 7.13 W
1788685954.773336371,0 %, 1690 MHz, 44, 7.13 W
1788685954.873875556,0 %, 1690 MHz, 44, 7.13 W
1788685954.974792390,0 %, 1690 MHz, 44, 7.13 W
1788685955.075349479,0 %, 1690 MHz, 44, 7.13 W
1788685955.176229769,0 %, 1690 MHz, 44, 7.10 W
1788685955.277192011,0 %, 1690 MHz, 44, 7.10 W
1788685955.377729901,0 %, 1690 MHz, 44, 7.10 W
1788685955.478670063,0 %, 1690 MHz, 44, 7.10 W
1788685955.579064560,0 %, 1690 MHz, 44, 7.10 W
1788685955.680036162,0 %, 1690 MHz, 44, 7.11 W
1788685955.780547284,0 %, 1690 MHz, 44, 7.11 W
1788685955.881410853,0 %, 1690 MHz, 44, 7.11 W
1788685955.981974055,0 %, 1690 MHz, 44, 7.11 W
1788685956.082918889,0 %, 1690 MHz, 44, 7.11 W
1788685956.183443899,0 %, 1690 MHz, 44, 7.15 W
1788685956.284308173,0 %, 1690 MHz, 44, 7.15 W
1788685956.385273231,0 %, 1690 MHz, 44, 7.15 W
1788685956.485726817,0 %, 1690 MHz, 44, 7.15 W
1788685956.586717891,0 %, 1690 MHz, 44, 7.15 W
1788685956.687267924,0 %, 1690 MHz, 43, 7.18 W
1788685956.788150214,0 %, 1690 MHz, 43, 7.18 W
1788685956.888741048,0 %, 1690 MHz, 43, 7.18 W
1788685956.989578074,0 %, 1690 MHz, 43, 7.18 W
1788685957.090180956,0 %, 1690 MHz, 43, 7.18 W
1788685957.191011374,0 %, 1690 MHz, 43, 7.19 W
1788685957.292003680,0 %, 1690 MHz, 43, 7.19 W
1788685957.392518434,0 %, 1690 MHz, 43, 7.19 W
1788685957.493464436,0 %, 1690 MHz, 43, 7.19 W
1788685957.594009318,0 %, 1690 MHz, 43, 7.19 W
1788685957.694908488,0 %, 1690 MHz, 43, 7.18 W
1788685957.795805099,0 %, 1690 MHz, 43, 7.18 W
1788685957.896290221,0 %, 1690 MHz, 43, 7.18 W
1788685957.997260079,0 %, 1690 MHz, 43, 7.18 W
1788685958.097748513,0 %, 1690 MHz, 43, 7.18 W
1788685958.198249235,0 %, 1690 MHz, 43, 7.18 W
1788685958.298941349,0 %, 1690 MHz, 43, 7.18 W
1788685958.399284487,0 %, 1690 MHz, 43, 7.18 W
1788685958.499775145,0 %, 1690 MHz, 43, 7.18 W
1788685958.600487707,0 %, 1690 MHz, 43, 7.18 W
1788685958.700835277,0 %, 1690 MHz, 43, 7.19 W
1788685958.801046047,0 %, 1690 MHz, 43, 7.19 W
1788685958.901502337,0 %, 1690 MHz, 43, 7.19 W
1788685959.002210643,0 %, 1690 MHz, 43, 7.19 W
1788685959.102548677,0 %, 1690 MHz, 43, 7.19 W
1788685959.202980151,0 %, 1690 MHz, 43, 7.20 W
1788685959.303747562,0 %, 1690 MHz, 43, 7.20 W
1788685959.404090956,0 %, 1690 MHz, 43, 7.20 W
1788685959.504537150,0 %, 1690 MHz, 43, 7.20 W
1788685959.605276768,0 %, 1690 MHz, 43, 7.20 W
1788685959.705617490,0 %, 1690 MHz, 43, 7.17 W
1788685959.806029620,0 %, 1690 MHz, 43, 7.17 W
1788685959.906056246,0 %, 1690 MHz, 43, 7.17 W
1788685960.006528552,0 %, 1690 MHz, 43, 7.17 W
1788685960.107266763,0 %, 1690 MHz, 43, 7.17 W
1788685960.207613597,0 %, 1690 MHz, 43, 7.17 W
1788685960.308032079,0 %, 1690 MHz, 43, 7.17 W
1788685960.408778818,0 %, 1690 MHz, 43, 7.17 W
1788685960.509118804,0 %, 1690 MHz, 43, 7.17 W
1788685960.609539510,0 %, 1690 MHz, 43, 7.17 W
1788685960.709655528,0 %, 1690 MHz, 43, 7.14 W
1788685960.809889563,0 %, 1690 MHz, 43, 7.14 W
1788685960.909866109,0 %, 1690 MHz, 43, 7.14 W
1788685961.009954559,0 %, 1690 MHz, 43, 7.14 W
1788685961.109828241,0 %, 1690 MHz, 43, 7.14 W
1788685961.211426100,0 %, 1690 MHz, 43, 7.13 W
1788685961.312286183,0 %, 1690 MHz, 43, 7.13 W
1788685961.413166729,0 %, 1690 MHz, 43, 7.13 W
1788685961.513749452,0 %, 1690 MHz, 43, 7.13 W
1788685961.614458286,0 %, 1690 MHz, 43, 7.13 W
1788685961.715294545,0 %, 1690 MHz, 43, 7.15 W
1788685961.816119924,0 %, 1690 MHz, 43, 7.15 W
1788685961.916646118,0 %, 1690 MHz, 43, 7.15 W
1788685962.017369385,0 %, 1690 MHz, 43, 7.15 W
1788685962.118097340,0 %, 1690 MHz, 43, 7.15 W
1788685962.218755694,0 %, 1690 MHz, 43, 7.11 W
1788685962.317739408,0 %, 1690 MHz, 43, 7.11 W
1788685962.418112643,0 %, 1690 MHz, 43, 7.11 W
1788685962.518316997,0 %, 1690 MHz, 43, 7.11 W
1788685962.618320951,0 %, 1690 MHz, 43, 7.11 W
1788685962.718163193,0 %, 1690 MHz, 43, 7.08 W
1788685962.819393181,0 %, 1690 MHz, 43, 7.08 W
1788685962.919092783,0 %, 1690 MHz, 43, 7.08 W
1788685963.019925809,0 %, 1690 MHz, 43, 7.08 W
1788685963.120881957,0 %, 1690 MHz, 43, 7.08 W
1788685963.221414279,0 %, 1690 MHz, 43, 7.08 W
1788685963.322308410,0 %, 1690 MHz, 43, 7.08 W
1788685963.422931869,0 %, 1690 MHz, 43, 7.08 W
1788685963.523809056,0 %, 1690 MHz, 43, 7.08 W
1788685963.624399971,0 %, 1690 MHz, 43, 7.08 W
1788685963.725576934,0 %, 1690 MHz, 42, 7.10 W
1788685963.826173257,0 %, 1690 MHz, 42, 7.10 W
1788685963.926576684,0 %, 1690 MHz, 42, 7.10 W
1788685964.027134511,0 %, 1690 MHz, 42, 7.10 W
1788685964.127960610,0 %, 1690 MHz, 42, 7.10 W
1788685964.228937669,0 %, 1690 MHz, 42, 7.14 W
1788685964.329472888,0 %, 1690 MHz, 42, 7.14 W
1788685964.430390091,0 %, 1690 MHz, 42, 7.14 W
1788685964.530954302,0 %, 1690 MHz, 42, 7.14 W
1788685964.631867073,0 %, 1690 MHz, 42, 7.14 W
1788685964.732446004,0 %, 1690 MHz, 42, 7.15 W
1788685964.833282967,0 %, 1690 MHz, 42, 7.15 W
1788685964.934245899,0 %, 1690 MHz, 42, 7.15 W
1788685965.034752621,0 %, 1690 MHz, 42, 7.15 W
1788685965.135665057,0 %, 1690 MHz, 42, 7.15 W
1788685965.236259892,0 %, 1690 MHz, 42, 7.16 W
1788685965.337156231,0 %, 1690 MHz, 42, 7.16 W
1788685965.437625034,0 %, 1690 MHz, 42, 7.16 W
1788685965.538570462,0 %, 1690 MHz, 42, 7.16 W
1788685965.639119041,0 %, 1690 MHz, 42, 7.16 W
1788685965.739996148,0 %, 1690 MHz, 42, 7.18 W
1788685965.840054199,0 %, 1690 MHz, 42, 7.18 W
1788685965.940766234,0 %, 1690 MHz, 42, 7.18 W
1788685966.041038221,0 %, 1690 MHz, 42, 7.18 W
1788685966.141710352,0 %, 1690 MHz, 42, 7.18 W
1788685966.241662083,0 %, 1690 MHz, 42, 7.18 W
1788685966.342935271,0 %, 1690 MHz, 42, 7.18 W
1788685966.443258218,0 %, 1690 MHz, 42, 7.18 W
1788685966.543824781,0 %, 1690 MHz, 42, 7.18 W
1788685966.644741729,0 %, 1690 MHz, 42, 7.18 W
1788685966.745512356,0 %, 1690 MHz, 42, 7.16 W
1788685966.846107143,0 %, 1690 MHz, 42, 7.16 W
1788685966.946764730,0 %, 1690 MHz, 42, 7.16 W
1788685967.047610910,0 %, 1690 MHz, 42, 7.16 W
1788685967.148558370,0 %, 1690 MHz, 42, 7.12 W
1788685967.249108837,0 %, 1690 MHz, 42, 7.12 W
1788685967.350035977,0 %, 1690 MHz, 42, 7.12 W
1788685967.450989788,0 %, 1690 MHz, 42, 7.12 W
1788685967.550525103,0 %, 1690 MHz, 42, 7.12 W
1788685967.650620898,0 %, 1690 MHz, 42, 7.11 W
1788685967.750842629,0 %, 1690 MHz, 42, 7.11 W
1788685967.852537161,0 %, 1690 MHz, 42, 7.11 W
1788685967.952335804,0 %, 1690 MHz, 42, 7.11 W
1788685968.052164799,0 %, 1690 MHz, 42, 7.11 W
1788685968.152023506,0 %, 1690 MHz, 42, 7.15 W
1788685968.252576374,0 %, 1690 MHz, 42, 7.15 W
1788685968.353034441,0 %, 1690 MHz, 42, 7.15 W
1788685968.454029677,0 %, 1690 MHz, 42, 7.15 W
1788685968.554192528,0 %, 1690 MHz, 42, 7.15 W
1788685968.654833844,0 %, 1690 MHz, 42, 7.18 W
1788685968.755403447,0 %, 1690 MHz, 42, 7.18 W
1788685968.855749163,0 %, 1690 MHz, 42, 7.18 W
1788685968.956884543,0 %, 1690 MHz, 42, 7.18 W
1788685969.057010802,0 %, 1690 MHz, 42, 7.18 W
1788685969.157474821,0 %, 1690 MHz, 42, 7.17 W
1788685969.257674489,0 %, 1690 MHz, 42, 7.17 W
1788685969.358365149,0 %, 1690 MHz, 42, 7.17 W
1788685969.458745920,0 %, 1690 MHz, 42, 7.17 W
1788685969.559120612,0 %, 1690 MHz, 42, 7.17 W
1788685969.659939240,0 %, 1690 MHz, 42, 7.16 W
1788685969.760786507,0 %, 1690 MHz, 42, 7.16 W
1788685969.860423390,0 %, 1690 MHz, 42, 7.16 W
1788685969.960972658,0 %, 1690 MHz, 42, 7.16 W
1788685970.061343046,0 %, 1690 MHz, 42, 7.16 W
1788685970.162204618,0 %, 1690 MHz, 42, 7.14 W
1788685970.262502509,0 %, 1690 MHz, 42, 7.14 W
1788685970.362923217,0 %, 1690 MHz, 42, 7.14 W
1788685970.463671125,0 %, 1690 MHz, 42, 7.14 W
1788685970.564081177,0 %, 1690 MHz, 42, 7.14 W
1788685970.664461196,0 %, 1690 MHz, 42, 7.12 W
1788685970.765566081,0 %, 1690 MHz, 42, 7.12 W
1788685970.865274852,0 %, 1690 MHz, 42, 7.12 W
1788685970.966088216,0 %, 1690 MHz, 42, 7.12 W
1788685971.066357228,0 %, 1690 MHz, 42, 7.12 W
1788685971.166928575,0 %, 1690 MHz, 42, 7.12 W
1788685971.267247715,0 %, 1690 MHz, 42, 7.12 W
1788685971.368057495,0 %, 1690 MHz, 42, 7.12 W
1788685971.468310731,0 %, 1690 MHz, 42, 7.12 W
1788685971.568566143,0 %, 1690 MHz, 42, 7.12 W
1788685971.669525987,0 %, 1690 MHz, 42, 7.12 W
1788685971.770417815,0 %, 1690 MHz, 42, 7.12 W
1788685971.871041899,0 %, 1690 MHz, 42, 7.12 W
1788685971.971768927,0 %, 1690 MHz, 42, 7.12 W
1788685972.072188195,0 %, 1690 MHz, 42, 7.12 W
1788685972.172288887,0 %, 1690 MHz, 42, 7.13 W
1788685972.273137739,0 %, 1690 MHz, 42, 7.13 W
1788685972.373789440,0 %, 1690 MHz, 42, 7.13 W
1788685972.474409492,0 %, 1690 MHz, 42, 7.13 W
1788685972.574779768,0 %, 1690 MHz, 42, 7.13 W
1788685972.674906555,0 %, 1690 MHz, 42, 7.13 W
1788685972.775634032,0 %, 1690 MHz, 42, 7.13 W
1788685972.876371924,0 %, 1690 MHz, 42, 7.13 W
1788685972.976802744,0 %, 1690 MHz, 42, 7.13 W
1788685973.077778204,0 %, 1690 MHz, 42, 7.13 W
1788685973.177397472,0 %, 1690 MHz, 42, 7.12 W
1788685973.277449316,0 %, 1690 MHz, 42, 7.12 W
1788685973.377526008,0 %, 1690 MHz, 42, 7.12 W
1788685973.478484140,0 %, 1690 MHz, 42, 7.12 W
1788685973.578780272,0 %, 1690 MHz, 42, 7.12 W
1788685973.679039908,0 %, 1690 MHz, 42, 7.15 W
1788685973.779286024,0 %, 1690 MHz, 42, 7.15 W
1788685973.879738829,0 %, 1690 MHz, 42, 7.15 W
1788685973.980317889,0 %, 1690 MHz, 42, 7.15 W
1788685974.080789605,0 %, 1690 MHz, 42, 7.15 W
1788685974.180832489,0 %, 1690 MHz, 42, 7.17 W
1788685974.281123277,0 %, 1690 MHz, 42, 7.17 W
1788685974.381549714,0 %, 1690 MHz, 42, 7.17 W
1788685974.482212006,0 %, 1690 MHz, 42, 7.17 W
1788685974.582958666,0 %, 1690 MHz, 42, 7.17 W
1788685974.682612894,0 %, 1690 MHz, 42, 7.14 W
1788685974.783125667,0 %, 1690 MHz, 42, 7.14 W
1788685974.883343799,0 %, 1690 MHz, 42, 7.14 W
1788685974.983877099,0 %, 1690 MHz, 42, 7.14 W
1788685975.084189951,0 %, 1690 MHz, 42, 7.14 W
1788685975.184795172,0 %, 1690 MHz, 42, 7.08 W
1788685975.284893448,0 %, 1690 MHz, 42, 7.08 W
1788685975.385004492,0 %, 1690 MHz, 42, 7.08 W
1788685975.485175185,0 %, 1690 MHz, 42, 7.08 W
1788685975.585556885,0 %, 1690 MHz, 42, 7.08 W
1788685975.686082266,0 %, 1690 MHz, 42, 7.09 W
1788685975.786785230,0 %, 1690 MHz, 42, 7.09 W
1788685975.886779570,0 %, 1690 MHz, 42, 7.09 W
1788685975.987220999,0 %, 1690 MHz, 42, 7.09 W
1788685976.087446155,0 %, 1690 MHz, 42, 7.09 W
1788685976.187753696,0 %, 1690 MHz, 42, 7.12 W
1788685976.287793284,0 %, 1690 MHz, 42, 7.12 W
1788685976.388125800,0 %, 1690 MHz, 42, 7.12 W
1788685976.488205997,0 %, 1690 MHz, 42, 7.12 W
1788685976.588783585,0 %, 1690 MHz, 42, 7.12 W
1788685976.688993014,0 %, 1690 MHz, 42, 7.14 W
1788685976.789435306,0 %, 1690 MHz, 42, 7.14 W
1788685976.889786543,0 %, 1690 MHz, 42, 7.14 W
1788685976.990227924,0 %, 1690 MHz, 42, 7.14 W
1788685977.090799272,0 %, 1690 MHz, 42, 7.14 W
1788685977.191182205,0 %, 1690 MHz, 42, 7.14 W
1788685977.291772978,0 %, 1690 MHz, 42, 7.14 W
1788685977.392204743,0 %, 1690 MHz, 42, 7.14 W
1788685977.493039804,0 %, 1690 MHz, 42, 7.14 W
1788685977.593497888,0 %, 1690 MHz, 42, 7.14 W
1788685977.694571845,0 %, 1690 MHz, 42, 7.11 W
1788685977.794320122,0 %, 1690 MHz, 42, 7.11 W
1788685977.894813454,0 %, 1690 MHz, 42, 7.11 W
1788685977.995150371,0 %, 1690 MHz, 42, 7.11 W
1788685978.095742408,0 %, 1690 MHz, 42, 7.11 W
1788685978.196121389,0 %, 1690 MHz, 42, 7.11 W
1788685978.296735986,0 %, 1690 MHz, 42, 7.11 W
1788685978.397092567,0 %, 1690 MHz, 42, 7.11 W
1788685978.497579484,0 %, 1690 MHz, 42, 7.11 W
1788685978.598112576,0 %, 1690 MHz, 42, 7.11 W
1788685978.698723718,0 %, 1690 MHz, 43, 7.15 W
1788685978.799033738,0 %, 1690 MHz, 43, 7.15 W
1788685978.899542143,0 %, 1690 MHz, 43, 7.15 W
1788685978.999975284,0 %, 1690 MHz, 43, 7.15 W
1788685979.100736297,0 %, 1690 MHz, 43, 7.15 W
1788685979.200978414,0 %, 1690 MHz, 43, 7.18 W
1788685979.301126147,0 %, 1690 MHz, 43, 7.18 W
1788685979.401750264,0 %, 1690 MHz, 43, 7.18 W
1788685979.502130285,0 %, 1690 MHz, 43, 7.18 W
1788685979.602580018,0 %, 1690 MHz, 43, 7.18 W
1788685979.703053143,0 %, 1690 MHz, 43, 7.22 W
1788685979.803778060,0 %, 1690 MHz, 43, 7.22 W
1788685979.903979569,0 %, 1690 MHz, 43, 7.22 W
1788685980.004256726,0 %, 1690 MHz, 43, 7.22 W
1788685980.104775099,0 %, 1690 MHz, 43, 7.22 W
1788685980.205187712,0 %, 1690 MHz, 43, 7.22 W
1788685980.305651941,0 %, 1690 MHz, 43, 7.22 W
1788685980.406145643,0 %, 1690 MHz, 43, 7.22 W
1788685980.506744560,0 %, 1690 MHz, 43, 7.22 W
1788685980.607155445,0 %, 1690 MHz, 43, 7.22 W
1788685980.707605018,0 %, 1690 MHz, 43, 7.17 W
1788685980.808123823,0 %, 1690 MHz, 43, 7.17 W
1788685980.908686293,0 %, 1690 MHz, 43, 7.17 W
1788685981.008985610,0 %, 1690 MHz, 43, 7.17 W
1788685981.109254239,0 %, 1690 MHz, 43, 7.17 W
1788685981.209734100,0 %, 1690 MHz, 43, 7.10 W
1788685981.310179545,0 %, 1690 MHz, 43, 7.10 W
1788685981.410728943,0 %, 1690 MHz, 43, 7.10 W
1788685981.511084148,0 %, 1690 MHz, 43, 7.10 W
1788685981.611686057,0 %, 1690 MHz, 43, 7.10 W
1788685981.712081807,0 %, 1690 MHz, 43, 7.07 W
1788685981.812463172,0 %, 1690 MHz, 43, 7.07 W
1788685981.913049785,0 %, 1690 MHz, 43, 7.07 W
1788685982.013465070,0 %, 1690 MHz, 43, 7.07 W
1788685982.113969508,0 %, 1690 MHz, 43, 7.07 W
1788685982.214390121,0 %, 1690 MHz, 44, 7.09 W
1788685982.314863503,0 %, 1690 MHz, 44, 7.09 W
1788685982.415326324,0 %, 1690 MHz, 44, 7.09 W
1788685982.515873674,0 %, 1690 MHz, 44, 7.09 W
1788685982.616338239,0 %, 1690 MHz, 44, 7.09 W
1788685982.716785397,0 %, 1690 MHz, 44, 7.12 W
1788685982.817180042,0 %, 1690 MHz, 44, 7.12 W
1788685982.917241055,0 %, 1690 MHz, 44, 7.12 W
1788685983.017755509,0 %, 1690 MHz, 44, 7.12 W
1788685983.118270474,0 %, 1690 MHz, 44, 7.12 W
1788685983.218738816,0 %, 1690 MHz, 44, 7.11 W
1788685983.319211189,0 %, 1690 MHz, 44, 7.11 W
1788685983.419676283,0 %, 1690 MHz, 44, 7.11 W
1788685983.520112129,0 %, 1690 MHz, 44, 7.11 W
1788685983.620731318,0 %, 1690 MHz, 44, 7.11 W
1788685983.721116076,0 %, 1690 MHz, 44, 7.07 W
1788685983.821707457,0 %, 1690 MHz, 44, 7.07 W
1788685983.921879799,0 %, 1690 MHz, 44, 7.07 W
1788685984.022244556,0 %, 1690 MHz, 44, 7.07 W
1788685984.122792946,0 %, 1690 MHz, 44, 7.07 W
1788685984.223245288,0 %, 1690 MHz, 44, 7.07 W
1788685984.323679198,0 %, 1690 MHz, 44, 7.07 W
1788685984.424189107,0 %, 1690 MHz, 44, 7.07 W
1788685984.524634809,0 %, 1690 MHz, 44, 7.07 W
1788685984.625108447,0 %, 1690 MHz, 44, 7.07 W
1788685984.725618820,0 %, 1690 MHz, 44, 7.08 W
1788685984.826050762,0 %, 1690 MHz, 44, 7.08 W
1788685984.926491424,0 %, 1690 MHz, 44, 7.08 W
1788685985.026978534,0 %, 1690 MHz, 44, 7.08 W
1788685985.127521132,0 %, 1690 MHz, 44, 7.08 W
1788685985.227989745,0 %, 1690 MHz, 44, 7.07 W
1788685985.328402103,0 %, 1690 MHz, 44, 7.07 W
1788685985.428936125,0 %, 1690 MHz, 44, 7.07 W
1788685985.529337187,0 %, 1690 MHz, 44, 7.07 W
1788685985.629821945,0 %, 1690 MHz, 44, 7.07 W
1788685985.730577391,0 %, 1690 MHz, 44, 7.07 W
1788685985.830711636,0 %, 1690 MHz, 44, 7.07 W
1788685985.931138810,0 %, 1690 MHz, 44, 7.07 W
1788685986.031596720,0 %, 1690 MHz, 44, 7.07 W
1788685986.132020726,0 %, 1690 MHz, 44, 7.07 W
1788685986.232548940,0 %, 1690 MHz, 44, 7.11 W
1788685986.333021602,0 %, 1690 MHz, 44, 7.11 W
1788685986.433524120,0 %, 1690 MHz, 44, 7.11 W
1788685986.533985822,0 %, 1690 MHz, 44, 7.11 W
1788685986.634482836,0 %, 1690 MHz, 44, 7.11 W
1788685986.734965434,0 %, 1690 MHz, 44, 7.12 W
1788685986.835405344,0 %, 1690 MHz, 44, 7.12 W
1788685986.935886726,0 %, 1690 MHz, 44, 7.12 W
1788685987.036339500,0 %, 1690 MHz, 44, 7.12 W
1788685987.136835490,0 %, 1690 MHz, 44, 7.12 W
1788685987.237156760,0 %, 1690 MHz, 45, 7.06 W
1788685987.338136975,0 %, 1690 MHz, 45, 7.06 W
1788685987.438069413,0 %, 1690 MHz, 45, 7.06 W
1788685987.538612171,0 %, 1690 MHz, 45, 7.06 W
1788685987.639018961,0 %, 1690 MHz, 45, 7.06 W
1788685987.739475223,0 %, 1690 MHz, 45, 7.04 W
1788685987.839807645,0 %, 1690 MHz, 45, 7.04 W
1788685987.940198627,0 %, 1690 MHz, 45, 7.04 W
1788685988.040726089,0 %, 1690 MHz, 45, 7.04 W
1788685988.141137856,0 %, 1690 MHz, 45, 7.04 W
1788685988.241653734,0 %, 1690 MHz, 45, 7.07 W
1788685988.342079756,0 %, 1690 MHz, 45, 7.07 W
1788685988.442726899,0 %, 1690 MHz, 45, 7.07 W
1788685988.543133993,0 %, 1690 MHz, 45, 7.07 W
1788685988.643323295,0 %, 1690 MHz, 45, 7.07 W
1788685988.743813205,0 %, 1690 MHz, 45, 7.08 W
1788685988.844254091,0 %, 1690 MHz, 45, 7.08 W
1788685988.944735186,0 %, 1690 MHz, 45, 7.08 W
1788685989.045179768,0 %, 1690 MHz, 45, 7.08 W
1788685989.145631486,0 %, 1690 MHz, 45, 7.08 W
1788685989.246113605,0 %, 1690 MHz, 45, 7.11 W
1788685989.346735707,0 %, 1690 MHz, 45, 7.11 W
1788685989.447072978,0 %, 1690 MHz, 45, 7.11 W
1788685989.547600520,0 %, 1690 MHz, 45, 7.11 W
1788685989.648057151,0 %, 1690 MHz, 45, 7.11 W
1788685989.748727493,0 %, 1690 MHz, 45, 7.16 W
1788685989.849011995,0 %, 1690 MHz, 45, 7.16 W
1788685989.949726210,0 %, 1690 MHz, 45, 7.16 W
1788685990.049931816,0 %, 1690 MHz, 45, 7.16 W
1788685990.150163391,0 %, 1690 MHz, 45, 7.14 W
1788685990.250631253,0 %, 1690 MHz, 45, 7.14 W
1788685990.351097836,0 %, 1690 MHz, 45, 7.14 W
1788685990.451746338,0 %, 1690 MHz, 45, 7.14 W
1788685990.552116473,0 %, 1690 MHz, 45, 7.14 W
1788685990.652278287,0 %, 1690 MHz, 45, 7.10 W
1788685990.752813686,0 %, 1690 MHz, 45, 7.10 W
1788685990.853271756,0 %, 1690 MHz, 45, 7.10 W
1788685990.953774019,0 %, 1690 MHz, 45, 7.10 W
1788685991.054185369,0 %, 1690 MHz, 45, 7.10 W
1788685991.154525216,0 %, 1690 MHz, 45, 7.10 W
1788685991.254655127,0 %, 1690 MHz, 45, 7.10 W
1788685991.354263341,0 %, 1690 MHz, 45, 7.10 W
1788685991.454627907,0 %, 1690 MHz, 45, 7.10 W
1788685991.554890218,0 %, 1690 MHz, 45, 7.10 W
1788685991.655960785,0 %, 1690 MHz, 45, 7.14 W
1788685991.755755479,0 %, 1690 MHz, 45, 7.14 W
1788685991.856031550,0 %, 1690 MHz, 45, 7.14 W
1788685991.956291300,0 %, 1690 MHz, 45, 7.14 W
1788685992.056519659,0 %, 1690 MHz, 45, 7.14 W
1788685992.156754177,0 %, 1690 MHz, 45, 7.16 W
1788685992.257399576,0 %, 1690 MHz, 45, 7.16 W
1788685992.357828639,0 %, 1690 MHz, 45, 7.16 W
1788685992.457922886,0 %, 1690 MHz, 45, 7.16 W
1788685992.558227468,0 %, 1690 MHz, 45, 7.16 W
1788685992.658751859,0 %, 1690 MHz, 45, 7.15 W
1788685992.758744682,0 %, 1690 MHz, 45, 7.15 W
1788685992.859030256,0 %, 1690 MHz, 45, 7.15 W
1788685992.959126263,0 %, 1690 MHz, 45, 7.15 W
1788685993.059414766,0 %, 1690 MHz, 45, 7.15 W
1788685993.159659893,0 %, 1690 MHz, 45, 7.10 W
1788685993.260285164,0 %, 1690 MHz, 45, 7.10 W
1788685993.359868226,0 %, 1690 MHz, 45, 7.10 W
1788685993.460192185,0 %, 1690 MHz, 45, 7.10 W
1788685993.559894719,0 %, 1690 MHz, 45, 7.10 W
1788685993.659991206,0 %, 1690 MHz, 45, 7.07 W
1788685993.760112029,0 %, 1690 MHz, 45, 7.07 W
1788685993.861304308,0 %, 1690 MHz, 45, 7.07 W
1788685993.961733883,0 %, 1690 MHz, 45, 7.07 W
1788685994.061168449,0 %, 1690 MHz, 45, 7.07 W
1788685994.161224104,0 %, 1690 MHz, 45, 7.06 W
1788685994.262746256,0 %, 1690 MHz, 45, 7.06 W
1788685994.362824455,0 %, 1690 MHz, 45, 7.06 W
1788685994.463030590,0 %, 1690 MHz, 45, 7.06 W
1788685994.563556181,0 %, 1690 MHz, 45, 7.06 W
1788685994.664004444,0 %, 1690 MHz, 45, 7.01 W
1788685994.764552899,0 %, 1690 MHz, 45, 7.01 W
1788685994.864761818,0 %, 1690 MHz, 45, 7.01 W
1788685994.964599441,0 %, 1690 MHz, 45, 7.01 W
1788685995.064952744,0 %, 1690 MHz, 45, 7.01 W
1788685995.164577726,0 %, 1690 MHz, 44, 7.02 W
1788685995.265515894,0 %, 1690 MHz, 44, 7.02 W
1788685995.366251437,0 %, 1690 MHz, 44, 7.02 W
1788685995.466630101,0 %, 1690 MHz, 44, 7.02 W
1788685995.567040924,0 %, 1690 MHz, 44, 7.02 W
1788685995.667374227,0 %, 1690 MHz, 44, 7.09 W
1788685995.768090442,0 %, 1690 MHz, 44, 7.09 W
1788685995.868454577,0 %, 1690 MHz, 44, 7.09 W
1788685995.968834361,0 %, 1690 MHz, 44, 7.09 W
1788685996.069626720,0 %, 1690 MHz, 44, 7.09 W
1788685996.169964983,0 %, 1690 MHz, 44, 7.08 W
1788685996.270368815,0 %, 1690 MHz, 44, 7.08 W
1788685996.371116758,0 %, 1690 MHz, 44, 7.08 W
1788685996.471517598,0 %, 1690 MHz, 44, 7.08 W
1788685996.572155509,0 %, 1690 MHz, 44, 7.08 W
1788685996.672262572,0 %, 1690 MHz, 44, 7.06 W
1788685996.772984580,0 %, 1690 MHz, 44, 7.06 W
1788685996.873319867,0 %, 1690 MHz, 44, 7.06 W
1788685996.973780898,0 %, 1690 MHz, 44, 7.06 W
1788685997.074509722,0 %, 1690 MHz, 44, 7.06 W
1788685997.175383634,0 %, 1690 MHz, 44, 7.09 W
1788685997.275227129,0 %, 1690 MHz, 44, 7.09 W
1788685997.376002049,0 %, 1690 MHz, 44, 7.09 W
1788685997.476356840,0 %, 1690 MHz, 44, 7.09 W
1788685997.576786992,0 %, 1690 MHz, 44, 7.09 W
1788685997.677304775,0 %, 1690 MHz, 44, 7.11 W
1788685997.777828863,0 %, 1690 MHz, 44, 7.11 W
1788685997.878182998,0 %, 1690 MHz, 44, 7.11 W
1788685997.978603245,0 %, 1690 MHz, 44, 7.11 W
1788685998.079324597,0 %, 1690 MHz, 44, 7.11 W
1788685998.179654269,0 %, 1690 MHz, 44, 7.10 W
1788685998.280118933,0 %, 1690 MHz, 44, 7.10 W
1788685998.380845580,0 %, 1690 MHz, 44, 7.10 W
1788685998.481201764,0 %, 1690 MHz, 44, 7.10 W
1788685998.581601899,0 %, 1690 MHz, 44, 7.10 W
1788685998.681985571,0 %, 1690 MHz, 44, 7.08 W
1788685998.782670939,0 %, 1690 MHz, 44, 7.08 W
1788685998.883036626,0 %, 1690 MHz, 44, 7.08 W
1788685998.983507546,0 %, 1690 MHz, 44, 7.08 W
1788685999.084191618,0 %, 1690 MHz, 44, 7.08 W
1788685999.184575114,0 %, 1690 MHz, 43, 7.07 W
1788685999.284986753,0 %, 1690 MHz, 43, 7.07 W
1788685999.385781289,0 %, 1690 MHz, 43, 7.07 W
1788685999.486091921,0 %, 1690 MHz, 43, 7.07 W
1788685999.586495593,0 %, 1690 MHz, 43, 7.07 W
1788685999.686840960,0 %, 1690 MHz, 43, 7.11 W
1788685999.787604040,0 %, 1690 MHz, 43, 7.11 W
1788685999.887911472,0 %, 1690 MHz, 43, 7.11 W
1788685999.987962792,0 %, 1690 MHz, 43, 7.11 W
1788686000.088495328,0 %, 1690 MHz, 43, 7.11 W
1788686000.188940184,0 %, 1690 MHz, 43, 7.15 W
1788686000.288977375,0 %, 1690 MHz, 43, 7.15 W
1788686000.389734215,0 %, 1690 MHz, 43, 7.15 W
1788686000.490375199,0 %, 1690 MHz, 43, 7.15 W
1788686000.590607639,0 %, 1690 MHz, 43, 7.15 W
1788686000.690900927,0 %, 1690 MHz, 43, 7.13 W
1788686000.791669751,0 %, 1690 MHz, 43, 7.13 W
1788686000.892070351,0 %, 1690 MHz, 43, 7.13 W
1788686000.992427847,0 %, 1690 MHz, 43, 7.13 W
1788686001.092631166,0 %, 1690 MHz, 43, 7.13 W
1788686001.193280743,0 %, 1690 MHz, 43, 7.15 W
1788686001.293680911,0 %, 1690 MHz, 43, 7.15 W
1788686001.393924135,0 %, 1690 MHz, 43, 7.15 W
1788686001.493798718,0 %, 1690 MHz, 43, 7.15 W
1788686001.594367190,0 %, 1690 MHz, 43, 7.15 W
1788686001.695120430,0 %, 1690 MHz, 43, 7.20 W
1788686001.795840711,0 %, 1690 MHz, 43, 7.20 W
1788686001.895908190,0 %, 1690 MHz, 43, 7.20 W
1788686001.996677015,0 %, 1690 MHz, 43, 7.20 W
1788686002.097022911,0 %, 1690 MHz, 43, 7.20 W
1788686002.197430423,0 %, 1690 MHz, 43, 7.24 W
1788686002.297911487,0 %, 1690 MHz, 43, 7.24 W
1788686002.398623928,0 %, 1690 MHz, 43, 7.24 W
1788686002.498998896,0 %, 1690 MHz, 43, 7.24 W
1788686002.599427272,0 %, 1690 MHz, 43, 7.24 W
1788686002.700143568,0 %, 1690 MHz, 43, 7.24 W
1788686002.800782888,0 %, 1690 MHz, 43, 7.24 W
1788686002.901282145,0 %, 1690 MHz, 43, 7.24 W
1788686003.001656345,0 %, 1690 MHz, 43, 7.24 W
1788686003.102036769,0 %, 1690 MHz, 43, 7.24 W
1788686003.202476649,0 %, 1690 MHz, 43, 7.23 W
1788686003.303214002,0 %, 1690 MHz, 43, 7.23 W
1788686003.403587098,0 %, 1690 MHz, 43, 7.23 W
1788686003.504023202,0 %, 1690 MHz, 43, 7.23 W
1788686003.604817691,0 %, 1690 MHz, 43, 7.23 W
1788686003.705155075,0 %, 1690 MHz, 43, 7.22 W
1788686003.805578507,0 %, 1690 MHz, 43, 7.22 W
1788686003.906336036,0 %, 1690 MHz, 43, 7.22 W
1788686004.006143628,0 %, 1690 MHz, 43, 7.22 W
1788686004.106883284,0 %, 1690 MHz, 43, 7.22 W
1788686004.206891276,0 %, 1690 MHz, 43, 7.18 W
1788686004.307524965,0 %, 1690 MHz, 43, 7.18 W
1788686004.407727053,0 %, 1690 MHz, 43, 7.18 W
1788686004.508441926,0 %, 1690 MHz, 43, 7.18 W
1788686004.608751934,0 %, 1690 MHz, 43, 7.18 W
1788686004.709094567,0 %, 1690 MHz, 43, 7.16 W
1788686004.809522415,0 %, 1690 MHz, 43, 7.16 W
1788686004.910295592,0 %, 1690 MHz, 43, 7.16 W
1788686005.010683504,0 %, 1690 MHz, 43, 7.16 W
1788686005.111089177,0 %, 1690 MHz, 43, 7.16 W
1788686005.211344449,0 %, 1690 MHz, 43, 7.16 W
1788686005.312199850,0 %, 1690 MHz, 43, 7.16 W
1788686005.412416834,0 %, 1690 MHz, 43, 7.16 W
1788686005.512778571,0 %, 1690 MHz, 43, 7.16 W
1788686005.612994963,0 %, 1690 MHz, 43, 7.16 W
1788686005.713814572,0 %, 1690 MHz, 43, 7.13 W
1788686005.814025140,0 %, 1690 MHz, 43, 7.13 W
1788686005.914365917,0 %, 1690 MHz, 43, 7.13 W
1788686006.014964166,0 %, 1690 MHz, 43, 7.13 W
1788686006.114981982,0 %, 1690 MHz, 43, 7.13 W
1788686006.215590391,0 %, 1690 MHz, 43, 7.12 W
1788686006.315446543,0 %, 1690 MHz, 43, 7.12 W
1788686006.416045960,0 %, 1690 MHz, 43, 7.12 W
1788686006.516330752,0 %, 1690 MHz, 43, 7.12 W
1788686006.616572537,0 %, 1690 MHz, 43, 7.12 W
1788686006.716823106,0 %, 1690 MHz, 43, 7.12 W
1788686006.817131818,0 %, 1690 MHz, 43, 7.12 W
1788686006.917277459,0 %, 1690 MHz, 43, 7.12 W
1788686007.017817643,0 %, 1690 MHz, 43, 7.12 W
1788686007.118326324,0 %, 1690 MHz, 43, 7.12 W
1788686007.218779901,0 %, 1690 MHz, 43, 7.08 W
1788686007.318833030,0 %, 1690 MHz, 43, 7.08 W
1788686007.419389518,0 %, 1690 MHz, 43, 7.08 W
1788686007.520102759,0 %, 1690 MHz, 43, 7.08 W
1788686007.620385440,0 %, 1690 MHz, 43, 7.08 W
1788686007.720780073,0 %, 1690 MHz, 43, 7.02 W
1788686007.820717377,0 %, 1690 MHz, 43, 7.02 W
1788686007.921304586,0 %, 1690 MHz, 43, 7.02 W
1788686008.021367475,0 %, 1690 MHz, 43, 7.02 W
1788686008.122270236,0 %, 1690 MHz, 43, 7.02 W
1788686008.222644261,0 %, 1690 MHz, 43, 7.05 W
1788686008.323036718,0 %, 1690 MHz, 43, 7.05 W
1788686008.422821175,0 %, 1690 MHz, 43, 7.05 W
1788686008.523505136,0 %, 1690 MHz, 43, 7.05 W
1788686008.622957592,0 %, 1690 MHz, 43, 7.05 W
1788686008.723004913,0 %, 1690 MHz, 43, 7.09 W
1788686008.823495578,0 %, 1690 MHz, 43, 7.09 W
1788686008.924062483,0 %, 1690 MHz, 43, 7.09 W
1788686009.024345292,0 %, 1690 MHz, 43, 7.09 W
1788686009.124994293,0 %, 1690 MHz, 43, 7.09 W
1788686009.225272414,0 %, 1690 MHz, 43, 7.09 W
1788686009.325384263,0 %, 1690 MHz, 43, 7.09 W
1788686009.425565391,0 %, 1690 MHz, 43, 7.09 W
1788686009.525999913,0 %, 1690 MHz, 43, 7.09 W
1788686009.626045393,0 %, 1690 MHz, 43, 7.09 W
1788686009.726480219,0 %, 1690 MHz, 43, 7.11 W
1788686009.826861220,0 %, 1690 MHz, 43, 7.11 W
1788686009.926884924,0 %, 1690 MHz, 43, 7.11 W
1788686010.027153461,0 %, 1690 MHz, 43, 7.11 W
1788686010.127214958,0 %, 1690 MHz, 43, 7.11 W
1788686010.227861736,0 %, 1690 MHz, 43, 7.11 W
1788686010.328149601,0 %, 1690 MHz, 43, 7.11 W
1788686010.428302154,0 %, 1690 MHz, 43, 7.11 W
1788686010.528530339,0 %, 1690 MHz, 43, 7.11 W
1788686010.628796828,0 %, 1690 MHz, 43, 7.11 W
1788686010.729432965,0 %, 1690 MHz, 43, 7.09 W
1788686010.829748558,0 %, 1690 MHz, 43, 7.09 W
1788686010.930411592,0 %, 1690 MHz, 43, 7.09 W
1788686011.030757377,0 %, 1690 MHz, 43, 7.09 W
1788686011.130890538,0 %, 1690 MHz, 43, 7.09 W
1788686011.231446884,0 %, 1690 MHz, 43, 7.13 W
1788686011.332405085,0 %, 1690 MHz, 43, 7.13 W
1788686011.432927671,0 %, 1690 MHz, 43, 7.13 W
1788686011.533092848,0 %, 1690 MHz, 43, 7.13 W
1788686011.633123641,0 %, 1690 MHz, 43, 7.13 W
1788686011.733636530,0 %, 1690 MHz, 43, 7.16 W
1788686011.834106540,0 %, 1690 MHz, 43, 7.16 W
1788686011.934750149,0 %, 1690 MHz, 43, 7.16 W
1788686012.034755278,0 %, 1690 MHz, 43, 7.16 W
1788686012.135039352,0 %, 1690 MHz, 43, 7.16 W
1788686012.235306401,0 %, 1690 MHz, 43, 7.16 W
1788686012.335522234,0 %, 1690 MHz, 43, 7.16 W
1788686012.436225156,0 %, 1690 MHz, 43, 7.16 W
1788686012.536474413,0 %, 1690 MHz, 43, 7.16 W
1788686012.636730935,0 %, 1690 MHz, 43, 7.16 W
1788686012.737104528,0 %, 1690 MHz, 43, 7.15 W
1788686012.837565258,0 %, 1690 MHz, 43, 7.15 W
1788686012.938277747,0 %, 1690 MHz, 43, 7.15 W
1788686013.038164028,0 %, 1690 MHz, 43, 7.15 W
1788686013.138437846,0 %, 1690 MHz, 43, 7.15 W
1788686013.238962368,0 %, 1690 MHz, 43, 7.16 W
1788686013.339343769,0 %, 1690 MHz, 43, 7.16 W
1788686013.439993059,0 %, 1690 MHz, 43, 7.16 W
1788686013.540752781,0 %, 1690 MHz, 43, 7.16 W
1788686013.640892902,0 %, 1690 MHz, 43, 7.16 W
1788686013.740736783,0 %, 1690 MHz, 43, 7.14 W
1788686013.840928377,0 %, 1690 MHz, 43, 7.14 W
1788686013.940663138,0 %, 1690 MHz, 43, 7.14 W
1788686014.041061996,0 %, 1690 MHz, 43, 7.14 W
1788686014.141365989,0 %, 1690 MHz, 43, 7.14 W
1788686014.241309279,0 %, 1690 MHz, 43, 7.10 W
1788686014.341147288,0 %, 1690 MHz, 43, 7.10 W
1788686014.441682946,0 %, 1690 MHz, 43, 7.10 W
1788686014.542201692,0 %, 1690 MHz, 43, 7.10 W
1788686014.642917989,0 %, 1690 MHz, 43, 7.10 W
1788686014.742950351,0 %, 1690 MHz, 43, 7.13 W
1788686014.843340153,0 %, 1690 MHz, 43, 7.13 W
1788686014.944068019,0 %, 1690 MHz, 43, 7.13 W
1788686015.044718044,0 %, 1690 MHz, 43, 7.13 W
1788686015.145251798,0 %, 1690 MHz, 43, 7.13 W
1788686015.245937521,0 %, 1690 MHz, 43, 7.11 W
1788686015.346625595,0 %, 1690 MHz, 43, 7.11 W
1788686015.446370148,0 %, 1690 MHz, 43, 7.11 W
1788686015.546909374,0 %, 1690 MHz, 43, 7.11 W
1788686015.647946040,0 %, 1690 MHz, 43, 7.11 W
1788686015.747980498,0 %, 1690 MHz, 42, 7.07 W
1788686015.848729372,0 %, 1690 MHz, 42, 7.07 W
1788686015.949737094,0 %, 1690 MHz, 42, 7.07 W
1788686016.049543248,0 %, 1690 MHz, 42, 7.07 W
1788686016.150257626,0 %, 1690 MHz, 42, 7.07 W
1788686016.251006884,0 %, 1690 MHz, 42, 7.05 W
1788686016.351086606,0 %, 1690 MHz, 42, 7.05 W
1788686016.451398856,0 %, 1690 MHz, 42, 7.05 W
1788686016.552192818,0 %, 1690 MHz, 42, 7.05 W
1788686016.652900652,0 %, 1690 MHz, 42, 7.04 W
1788686016.752955574,0 %, 1690 MHz, 42, 7.04 W
1788686016.853737008,0 %, 1690 MHz, 42, 7.04 W
1788686016.954085418,0 %, 1690 MHz, 42, 7.04 W
1788686017.054447492,0 %, 1690 MHz, 42, 7.04 W
1788686017.155904399,0 %, 1690 MHz, 42, 7.03 W
1788686017.255529977,0 %, 1690 MHz, 42, 7.03 W
1788686017.356090259,0 %, 1690 MHz, 42, 7.03 W
1788686017.456771709,0 %, 1690 MHz, 42, 7.03 W
1788686017.557156247,0 %, 1690 MHz, 42, 7.03 W
1788686017.657597057,0 %, 1690 MHz, 42, 7.03 W
1788686017.758880780,0 %, 1690 MHz, 42, 7.03 W
1788686017.858954678,0 %, 1690 MHz, 42, 7.03 W
1788686017.959091728,0 %, 1690 MHz, 42, 7.03 W
1788686018.059406538,0 %, 1690 MHz, 42, 7.03 W
1788686018.160165077,0 %, 1690 MHz, 42, 7.05 W
1788686018.260914479,0 %, 1690 MHz, 42, 7.05 W
1788686018.361300793,0 %, 1690 MHz, 42, 7.05 W
1788686018.461980804,0 %, 1690 MHz, 42, 7.05 W
1788686018.562011150,0 %, 1690 MHz, 42, 7.05 W
1788686018.662529496,0 %, 1690 MHz, 42, 7.09 W
1788686018.763955411,0 %, 1690 MHz, 42, 7.09 W
1788686018.863572013,0 %, 1690 MHz, 42, 7.09 W
1788686018.963968871,0 %, 1690 MHz, 42, 7.09 W
1788686019.064780546,0 %, 1690 MHz, 42, 7.09 W
1788686019.165758092,0 %, 1690 MHz, 42, 7.11 W
1788686019.265553190,0 %, 1690 MHz, 42, 7.11 W
1788686019.366277553,0 %, 1690 MHz, 42, 7.11 W
1788686019.466064155,0 %, 1690 MHz, 42, 7.11 W
1788686019.566850965,0 %, 1690 MHz, 42, 7.11 W
1788686019.667336960,0 %, 1690 MHz, 42, 7.12 W
1788686019.768000282,0 %, 1690 MHz, 42, 7.12 W
1788686019.868638933,0 %, 1690 MHz, 42, 7.12 W
1788686019.968608943,0 %, 1690 MHz, 42, 7.12 W
1788686020.069024234,0 %, 1690 MHz, 42, 7.12 W
1788686020.169813188,0 %, 1690 MHz, 42, 7.13 W
1788686020.270177535,0 %, 1690 MHz, 42, 7.13 W
1788686020.370983194,0 %, 1690 MHz, 42, 7.13 W
1788686020.471327636,0 %, 1690 MHz, 42, 7.13 W
1788686020.571956287,0 %, 1690 MHz, 42, 7.13 W
1788686020.672044441,0 %, 1690 MHz, 42, 7.13 W
1788686020.772530132,0 %, 1690 MHz, 42, 7.13 W
1788686020.873125726,0 %, 1690 MHz, 42, 7.13 W
1788686020.973614745,0 %, 1690 MHz, 42, 7.13 W
1788686021.074035715,0 %, 1690 MHz, 42, 7.13 W
1788686021.174749438,0 %, 1690 MHz, 42, 7.12 W
1788686021.275735049,0 %, 1690 MHz, 42, 7.12 W
1788686021.375489187,0 %, 1690 MHz, 42, 7.12 W
1788686021.476219326,0 %, 1690 MHz, 42, 7.12 W
1788686021.576896137,0 %, 1690 MHz, 42, 7.12 W
1788686021.676064595,0 %, 1690 MHz, 42, 7.07 W
1788686021.776377421,0 %, 1690 MHz, 42, 7.07 W
1788686021.876526408,0 %, 1690 MHz, 42, 7.07 W
1788686021.977814563,0 %, 1690 MHz, 42, 7.07 W
1788686022.077599709,0 %, 1690 MHz, 42, 7.07 W
1788686022.177900776,0 %, 1690 MHz, 42, 7.04 W
1788686022.278093219,0 %, 1690 MHz, 42, 7.04 W
1788686022.378581070,0 %, 1690 MHz, 42, 7.04 W
1788686022.478766888,0 %, 1690 MHz, 42, 7.04 W
1788686022.578994355,0 %, 1690 MHz, 42, 7.04 W
1788686022.679496446,0 %, 1690 MHz, 42, 7.04 W
1788686022.779584632,0 %, 1690 MHz, 42, 7.04 W
1788686022.879984963,0 %, 1690 MHz, 42, 7.04 W
1788686022.980094733,0 %, 1690 MHz, 42, 7.04 W
1788686023.080444936,0 %, 1690 MHz, 42, 7.04 W
1788686023.181246835,0 %, 1690 MHz, 42, 7.03 W
1788686023.281569646,0 %, 1690 MHz, 42, 7.03 W
1788686023.381819465,0 %, 1690 MHz, 42, 7.03 W
1788686023.482210468,0 %, 1690 MHz, 42, 7.03 W
1788686023.582426991,0 %, 1690 MHz, 42, 7.03 W
1788686023.682474601,0 %, 1690 MHz, 42, 7.05 W
1788686023.783493317,0 %, 1690 MHz, 42, 7.05 W
1788686023.883780959,0 %, 1690 MHz, 42, 7.05 W
1788686023.984256538,0 %, 1690 MHz, 42, 7.05 W
1788686024.084949974,0 %, 1690 MHz, 42, 7.05 W
1788686024.185253713,0 %, 1690 MHz, 42, 7.06 W
1788686024.285595468,0 %, 1690 MHz, 42, 7.06 W
1788686024.386020903,0 %, 1690 MHz, 42, 7.06 W
1788686024.486397522,0 %, 1690 MHz, 42, 7.06 W
1788686024.587007693,0 %, 1690 MHz, 42, 7.06 W
1788686024.687549352,0 %, 1690 MHz, 42, 7.03 W
1788686024.787753331,0 %, 1690 MHz, 42, 7.03 W
1788686024.887783133,0 %, 1690 MHz, 42, 7.03 W
1788686024.988515417,0 %, 1690 MHz, 42, 7.03 W
1788686025.088327411,0 %, 1690 MHz, 42, 7.03 W
1788686025.188955567,0 %, 1690 MHz, 42, 7.05 W
1788686025.289374554,0 %, 1690 MHz, 42, 7.05 W
1788686025.389751573,0 %, 1690 MHz, 42, 7.05 W
1788686025.489887888,0 %, 1690 MHz, 42, 7.05 W
1788686025.590314331,0 %, 1690 MHz, 42, 7.05 W
1788686025.690734566,0 %, 1690 MHz, 42, 7.11 W
1788686025.791274321,0 %, 1690 MHz, 42, 7.11 W
1788686025.891780509,0 %, 1690 MHz, 42, 7.11 W
1788686025.991822360,0 %, 1690 MHz, 42, 7.11 W
1788686026.091827395,0 %, 1690 MHz, 42, 7.11 W
1788686026.192381022,0 %, 1690 MHz, 42, 7.10 W
1788686026.292581241,0 %, 1690 MHz, 42, 7.10 W
1788686026.392848388,0 %, 1690 MHz, 42, 7.10 W
1788686026.493584544,0 %, 1690 MHz, 42, 7.10 W
1788686026.593535035,0 %, 1690 MHz, 42, 7.10 W
1788686026.694066454,0 %, 1690 MHz, 42, 7.08 W
1788686026.794565617,0 %, 1690 MHz, 42, 7.08 W
1788686026.895473213,0 %, 1690 MHz, 42, 7.08 W
1788686026.995759112,0 %, 1690 MHz, 42, 7.08 W
1788686027.096144980,0 %, 1690 MHz, 42, 7.08 W
1788686027.197109391,0 %, 1690 MHz, 42, 7.08 W
1788686027.297443003,0 %, 1690 MHz, 42, 7.08 W
1788686027.398252071,0 %, 1690 MHz, 42, 7.08 W
1788686027.498783746,0 %, 1690 MHz, 42, 7.08 W
1788686027.598909613,0 %, 1690 MHz, 42, 7.08 W
1788686027.699404137,0 %, 1690 MHz, 42, 7.10 W
1788686027.800135908,0 %, 1690 MHz, 42, 7.10 W
1788686027.900776224,0 %, 1690 MHz, 42, 7.10 W
1788686028.001553756,0 %, 1690 MHz, 42, 7.10 W
1788686028.101976967,0 %, 1690 MHz, 42, 7.10 W
1788686028.202161475,0 %, 1690 MHz, 42, 7.10 W
1788686028.302088622,0 %, 1690 MHz, 42, 7.10 W
1788686028.402356761,0 %, 1690 MHz, 42, 7.10 W
1788686028.502110244,0 %, 1690 MHz, 42, 7.10 W
1788686028.602139087,0 %, 1690 MHz, 42, 7.10 W
1788686028.702888411,0 %, 1690 MHz, 42, 7.09 W
1788686028.803959431,0 %, 1690 MHz, 42, 7.09 W
1788686028.904341155,0 %, 1690 MHz, 42, 7.09 W
1788686029.004731662,0 %, 1690 MHz, 42, 7.09 W
1788686029.105751450,0 %, 1690 MHz, 42, 7.09 W
1788686029.206110742,0 %, 1690 MHz, 42, 7.07 W
1788686029.306405474,0 %, 1690 MHz, 42, 7.07 W
1788686029.406774669,0 %, 1690 MHz, 42, 7.07 W
1788686029.507480601,0 %, 1690 MHz, 42, 7.07 W
1788686029.608166949,0 %, 1690 MHz, 42, 7.07 W
1788686029.708413488,0 %, 1690 MHz, 42, 7.06 W
1788686029.808920828,0 %, 1690 MHz, 42, 7.06 W
1788686029.909478024,0 %, 1690 MHz, 42, 7.06 W
1788686030.009887828,0 %, 1690 MHz, 42, 7.06 W
1788686030.110624416,0 %, 1690 MHz, 42, 7.06 W
1788686030.210924379,0 %, 1690 MHz, 42, 7.07 W
1788686030.311660823,0 %, 1690 MHz, 42, 7.07 W
1788686030.412052035,0 %, 1690 MHz, 42, 7.07 W
1788686030.512155119,0 %, 1690 MHz, 42, 7.07 W
1788686030.612633627,0 %, 1690 MHz, 42, 7.07 W
1788686030.712895078,0 %, 1690 MHz, 42, 7.08 W
1788686030.813027378,0 %, 1690 MHz, 42, 7.08 W
1788686030.913196829,0 %, 1690 MHz, 42, 7.08 W
1788686031.013407289,0 %, 1690 MHz, 42, 7.08 W
1788686031.113639445,0 %, 1690 MHz, 42, 7.08 W
1788686031.213868449,0 %, 1690 MHz, 42, 7.05 W
1788686031.314032588,0 %, 1690 MHz, 42, 7.05 W
1788686031.414271672,0 %, 1690 MHz, 42, 7.05 W
1788686031.514407252,0 %, 1690 MHz, 42, 7.05 W
1788686031.614628576,0 %, 1690 MHz, 42, 7.05 W
1788686031.714884747,0 %, 1690 MHz, 43, 7.02 W
1788686031.815071047,0 %, 1690 MHz, 43, 7.02 W
1788686031.915242595,0 %, 1690 MHz, 43, 7.02 W
1788686032.015466143,0 %, 1690 MHz, 43, 7.02 W
1788686032.115615531,0 %, 1690 MHz, 43, 7.02 W
1788686032.215818455,0 %, 1690 MHz, 43, 7.05 W
1788686032.316110642,0 %, 1690 MHz, 43, 7.05 W
1788686032.416200654,0 %, 1690 MHz, 43, 7.05 W
1788686032.516624362,0 %, 1690 MHz, 43, 7.05 W
1788686032.616893254,0 %, 1690 MHz, 43, 7.05 W
1788686032.716976482,0 %, 1690 MHz, 43, 7.10 W
1788686032.817204830,0 %, 1690 MHz, 43, 7.10 W
1788686032.917611642,0 %, 1690 MHz, 43, 7.10 W
1788686033.017672822,0 %, 1690 MHz, 43, 7.10 W
1788686033.117892770,0 %, 1690 MHz, 43, 7.10 W
1788686033.217995118,0 %, 1690 MHz, 43, 7.13 W
1788686033.318218394,0 %, 1690 MHz, 43, 7.13 W
1788686033.418610006,0 %, 1690 MHz, 43, 7.13 W
1788686033.518824946,0 %, 1690 MHz, 43, 7.13 W
1788686033.619074286,0 %, 1690 MHz, 43, 7.13 W
1788686033.719225626,0 %, 1690 MHz, 43, 7.11 W
1788686033.819357958,0 %, 1690 MHz, 43, 7.11 W
1788686033.919858002,0 %, 1690 MHz, 43, 7.11 W
1788686034.020007102,0 %, 1690 MHz, 43, 7.11 W
1788686034.120166650,0 %, 1690 MHz, 43, 7.11 W
1788686034.220671767,0 %, 1690 MHz, 43, 7.07 W
1788686034.320840307,0 %, 1690 MHz, 43, 7.07 W
1788686034.420570110,0 %, 1690 MHz, 43, 7.07 W
1788686034.520797355,0 %, 1690 MHz, 43, 7.07 W
1788686034.620572294,0 %, 1690 MHz, 43, 7.07 W
1788686034.720963939,0 %, 1690 MHz, 43, 7.10 W
1788686034.821785519,0 %, 1690 MHz, 43, 7.10 W
1788686034.922209116,0 %, 1690 MHz, 43, 7.10 W
1788686035.022280552,0 %, 1690 MHz, 43, 7.10 W
1788686035.122777124,0 %, 1690 MHz, 43, 7.10 W
1788686035.223352529,0 %, 1690 MHz, 43, 7.12 W
1788686035.323664397,0 %, 1690 MHz, 43, 7.12 W
1788686035.424328762,0 %, 1690 MHz, 43, 7.12 W
1788686035.524762934,0 %, 1690 MHz, 43, 7.12 W
1788686035.625245075,0 %, 1690 MHz, 43, 7.12 W
1788686035.725837967,0 %, 1690 MHz, 44, 7.12 W
1788686035.826246924,0 %, 1690 MHz, 44, 7.12 W
1788686035.926377560,0 %, 1690 MHz, 44, 7.12 W
1788686036.026725188,0 %, 1690 MHz, 44, 7.12 W
1788686036.127030657,0 %, 1690 MHz, 44, 7.12 W
1788686036.227667101,0 %, 1690 MHz, 44, 7.14 W
1788686036.328035450,0 %, 1690 MHz, 44, 7.14 W
1788686036.428570935,0 %, 1690 MHz, 44, 7.14 W
1788686036.529055843,0 %, 1690 MHz, 44, 7.14 W
1788686036.629492368,0 %, 1690 MHz, 44, 7.14 W
1788686036.729974172,0 %, 1690 MHz, 44, 7.09 W
1788686036.830389129,0 %, 1690 MHz, 44, 7.09 W
1788686036.930764549,0 %, 1690 MHz, 44, 7.09 W
1788686037.031098130,0 %, 1690 MHz, 44, 7.09 W
1788686037.131626559,0 %, 1690 MHz, 44, 7.09 W
1788686037.232141851,0 %, 1690 MHz, 44, 7.05 W
1788686037.332353016,0 %, 1690 MHz, 44, 7.05 W
1788686037.432799861,0 %, 1690 MHz, 44, 7.05 W
1788686037.533005633,0 %, 1690 MHz, 44, 7.05 W
1788686037.633591934,0 %, 1690 MHz, 44, 7.05 W
1788686037.734052891,0 %, 1690 MHz, 44, 7.05 W
1788686037.834556855,0 %, 1690 MHz, 44, 7.05 W
1788686037.935163380,0 %, 1690 MHz, 44, 7.05 W
1788686038.035317729,0 %, 1690 MHz, 44, 7.05 W
1788686038.135797918,0 %, 1690 MHz, 44, 7.05 W
1788686038.236316362,0 %, 1690 MHz, 44, 7.06 W
1788686038.336754967,0 %, 1690 MHz, 44, 7.06 W
1788686038.437224404,0 %, 1690 MHz, 44, 7.06 W
1788686038.537483361,0 %, 1690 MHz, 44, 7.06 W
1788686038.637875870,0 %, 1690 MHz, 44, 7.06 W
1788686038.738378202,0 %, 1690 MHz, 44, 7.05 W
1788686038.838856871,0 %, 1690 MHz, 44, 7.05 W
1788686038.939112180,0 %, 1690 MHz, 44, 7.05 W
1788686039.039547665,0 %, 1690 MHz, 44, 7.05 W
1788686039.140034750,0 %, 1690 MHz, 44, 7.05 W
1788686039.240513403,0 %, 1690 MHz, 44, 7.03 W
1788686039.340886264,0 %, 1690 MHz, 44, 7.03 W
1788686039.441422373,0 %, 1690 MHz, 44, 7.03 W
1788686039.541843474,0 %, 1690 MHz, 44, 7.03 W
1788686039.642349503,0 %, 1690 MHz, 44, 7.03 W
1788686039.742832876,0 %, 1690 MHz, 44, 7.04 W
1788686039.843294569,0 %, 1690 MHz, 44, 7.04 W
1788686039.943744534,0 %, 1690 MHz, 44, 7.04 W
1788686040.044232947,0 %, 1690 MHz, 44, 7.04 W
1788686040.144403135,0 %, 1690 MHz, 44, 7.04 W
1788686040.244869229,0 %, 1690 MHz, 44, 7.06 W
1788686040.345414714,0 %, 1690 MHz, 44, 7.06 W
1788686040.445873591,0 %, 1690 MHz, 44, 7.06 W
1788686040.546361348,0 %, 1690 MHz, 44, 7.06 W
1788686040.646800625,0 %, 1690 MHz, 44, 7.06 W
1788686040.747429134,0 %, 1690 MHz, 44, 7.07 W
1788686040.847738011,0 %, 1690 MHz, 44, 7.07 W
1788686040.948180888,0 %, 1690 MHz, 44, 7.07 W
1788686041.048832166,0 %, 1690 MHz, 44, 7.07 W
1788686041.149241459,0 %, 1690 MHz, 44, 7.07 W
1788686041.249555632,0 %, 1690 MHz, 44, 7.11 W
1788686041.350132349,0 %, 1690 MHz, 44, 7.11 W
1788686041.450535610,0 %, 1690 MHz, 44, 7.11 W
1788686041.551076295,0 %, 1690 MHz, 44, 7.11 W
1788686041.651529701,0 %, 1690 MHz, 44, 7.11 W
1788686041.752030114,0 %, 1690 MHz, 44, 7.14 W
1788686041.852307903,0 %, 1690 MHz, 44, 7.14 W
1788686041.952759612,0 %, 1690 MHz, 44, 7.14 W
1788686042.053301881,0 %, 1690 MHz, 44, 7.14 W
1788686042.153734695,0 %, 1690 MHz, 44, 7.14 W
1788686042.254179156,0 %, 1690 MHz, 45, 7.12 W
1788686042.354721698,0 %, 1690 MHz, 45, 7.12 W
1788686042.455144767,0 %, 1690 MHz, 45, 7.12 W
1788686042.555369404,0 %, 1690 MHz, 45, 7.12 W
1788686042.655823769,0 %, 1690 MHz, 45, 7.09 W
1788686042.756436023,0 %, 1690 MHz, 45, 7.09 W
1788686042.856810356,0 %, 1690 MHz, 45, 7.09 W
1788686042.957340929,0 %, 1690 MHz, 45, 7.09 W
1788686043.057837727,0 %, 1690 MHz, 45, 7.09 W
1788686043.158267500,0 %, 1690 MHz, 45, 7.07 W
1788686043.258855514,0 %, 1690 MHz, 45, 7.07 W
1788686043.359249223,0 %, 1690 MHz, 45, 7.07 W
1788686043.459825061,0 %, 1690 MHz, 45, 7.07 W
1788686043.560261090,0 %, 1690 MHz, 45, 7.07 W
1788686043.660784304,0 %, 1690 MHz, 45, 7.05 W
1788686043.761223309,0 %, 1690 MHz, 45, 7.05 W
1788686043.861730347,0 %, 1690 MHz, 45, 7.05 W
1788686043.962187304,0 %, 1690 MHz, 45, 7.05 W
1788686044.062575334,0 %, 1690 MHz, 45, 7.05 W
1788686044.163091747,0 %, 1690 MHz, 45, 7.07 W
1788686044.263887329,0 %, 1690 MHz, 45, 7.07 W
1788686044.364294703,0 %, 1690 MHz, 45, 7.07 W
1788686044.464565500,0 %, 1690 MHz, 45, 7.07 W
1788686044.565332106,0 %, 1690 MHz, 45, 7.07 W
1788686044.665716119,0 %, 1690 MHz, 45, 7.08 W
1788686044.766112245,0 %, 1690 MHz, 45, 7.08 W
1788686044.866948451,0 %, 1690 MHz, 45, 7.08 W
1788686044.967321072,0 %, 1690 MHz, 45, 7.08 W
1788686045.067770110,0 %, 1690 MHz, 45, 7.08 W
1788686045.168641436,0 %, 1690 MHz, 44, 7.05 W
1788686045.268166233,0 %, 1690 MHz, 44, 7.05 W
1788686045.368311238,0 %, 1690 MHz, 44, 7.05 W
1788686045.469454005,0 %, 1690 MHz, 44, 7.05 W
1788686045.570196531,0 %, 1690 MHz, 44, 7.05 W
1788686045.670752864,0 %, 1690 MHz, 44, 7.04 W
1788686045.771506174,0 %, 1690 MHz, 44, 7.04 W
1788686045.871837852,0 %, 1690 MHz, 44, 7.04 W
1788686045.972518474,0 %, 1690 MHz, 44, 7.04 W
1788686046.073309800,0 %, 1690 MHz, 44, 7.04 W
1788686046.173800918,0 %, 1690 MHz, 44, 7.05 W
1788686046.274557268,0 %, 1690 MHz, 44, 7.05 W
1788686046.375041842,0 %, 1690 MHz, 44, 7.05 W
1788686046.475429439,0 %, 1690 MHz, 44, 7.05 W
1788686046.576372974,0 %, 1690 MHz, 44, 7.05 W
1788686046.676770123,0 %, 1690 MHz, 44, 7.07 W
1788686046.777600521,0 %, 1690 MHz, 44, 7.07 W
1788686046.877985063,0 %, 1690 MHz, 44, 7.07 W
1788686046.978080725,0 %, 1690 MHz, 44, 7.07 W
1788686047.078586883,0 %, 1690 MHz, 44, 7.07 W
1788686047.179481073,0 %, 1690 MHz, 44, 7.06 W
1788686047.279913135,0 %, 1690 MHz, 44, 7.06 W
1788686047.380859309,0 %, 1690 MHz, 44, 7.06 W
1788686047.481359979,0 %, 1690 MHz, 44, 7.06 W
1788686047.581335497,0 %, 1690 MHz, 44, 7.06 W
1788686047.682368247,0 %, 1690 MHz, 44, 7.05 W
1788686047.782910533,0 %, 1690 MHz, 44, 7.05 W
1788686047.883822419,0 %, 1690 MHz, 44, 7.05 W
1788686047.984389825,0 %, 1690 MHz, 44, 7.05 W
1788686048.085220928,0 %, 1690 MHz, 44, 7.05 W
1788686048.186127054,0 %, 1690 MHz, 44, 7.05 W
1788686048.286716204,0 %, 1690 MHz, 44, 7.05 W
1788686048.387602827,0 %, 1690 MHz, 44, 7.05 W
1788686048.488167321,0 %, 1690 MHz, 44, 7.05 W
1788686048.589056711,0 %, 1690 MHz, 44, 7.05 W
1788686048.689684278,0 %, 1690 MHz, 44, 7.06 W
1788686048.790503556,0 %, 1690 MHz, 44, 7.06 W
1788686048.891102530,0 %, 1690 MHz, 44, 7.06 W
1788686048.991930400,0 %, 1690 MHz, 44, 7.06 W
1788686049.092886591,0 %, 1690 MHz, 44, 7.06 W
1788686049.193432397,0 %, 1690 MHz, 44, 7.08 W
1788686049.294342156,0 %, 1690 MHz, 44, 7.08 W
1788686049.394966346,0 %, 1690 MHz, 44, 7.08 W
1788686049.495805993,0 %, 1690 MHz, 44, 7.08 W
1788686049.595615318,0 %, 1690 MHz, 44, 7.08 W
1788686049.696624949,0 %, 1690 MHz, 43, 7.05 W
1788686049.797396195,0 %, 1690 MHz, 43, 7.05 W
1788686049.898314370,0 %, 1690 MHz, 43, 7.05 W
1788686049.998946208,0 %, 1690 MHz, 43, 7.05 W
1788686050.099850415,0 %, 1690 MHz, 43, 7.05 W
1788686050.200417709,0 %, 1690 MHz, 43, 7.04 W
1788686050.301293580,0 %, 1690 MHz, 43, 7.04 W
1788686050.401916586,0 %, 1690 MHz, 43, 7.04 W
1788686050.502717689,0 %, 1690 MHz, 43, 7.04 W
1788686050.603645192,0 %, 1690 MHz, 43, 7.04 W
1788686050.704210646,0 %, 1690 MHz, 43, 7.06 W
1788686050.805099781,0 %, 1690 MHz, 43, 7.06 W
1788686050.905658211,0 %, 1690 MHz, 43, 7.06 W
1788686051.006591954,0 %, 1690 MHz, 43, 7.06 W
1788686051.107205248,0 %, 1690 MHz, 43, 7.06 W
1788686051.208009631,0 %, 1690 MHz, 43, 7.07 W
1788686051.308624814,0 %, 1690 MHz, 43, 7.07 W
1788686051.409424140,0 %, 1690 MHz, 43, 7.07 W
1788686051.510355115,0 %, 1690 MHz, 43, 7.07 W
1788686051.610952602,0 %, 1690 MHz, 43, 7.07 W
1788686051.711856249,0 %, 1690 MHz, 43, 7.09 W
1788686051.812415783,0 %, 1690 MHz, 43, 7.09 W
1788686051.912847493,0 %, 1690 MHz, 43, 7.09 W
1788686052.013240900,0 %, 1690 MHz, 43, 7.09 W
1788686052.113196770,0 %, 1690 MHz, 43, 7.09 W
1788686052.213014128,0 %, 1690 MHz, 43, 7.08 W
1788686052.314094319,0 %, 1690 MHz, 43, 7.08 W
1788686052.414302205,0 %, 1690 MHz, 43, 7.08 W
1788686052.515264844,0 %, 1690 MHz, 43, 7.08 W
1788686052.615706091,0 %, 1690 MHz, 43, 7.08 W
1788686052.716585578,0 %, 1690 MHz, 43, 7.06 W
1788686052.817141305,0 %, 1690 MHz, 43, 7.06 W
1788686052.918051255,0 %, 1690 MHz, 43, 7.06 W
1788686053.018607638,0 %, 1690 MHz, 43, 7.06 W
1788686053.119483301,0 %, 1690 MHz, 43, 7.06 W
1788686053.220442404,0 %, 1690 MHz, 43, 7.06 W
1788686053.320975539,0 %, 1690 MHz, 43, 7.06 W
1788686053.421884802,0 %, 1690 MHz, 43, 7.06 W
1788686053.522465553,0 %, 1690 MHz, 43, 7.06 W
1788686053.623333536,0 %, 1690 MHz, 43, 7.06 W
1788686053.723910479,0 %, 1690 MHz, 43, 7.04 W
1788686053.824768061,0 %, 1690 MHz, 43, 7.04 W
1788686053.925683869,0 %, 1690 MHz, 43, 7.04 W
1788686054.026201131,0 %, 1690 MHz, 43, 7.04 W
1788686054.127172347,0 %, 1690 MHz, 43, 7.04 W
1788686054.227743705,0 %, 1690 MHz, 43, 7.03 W
1788686054.328626073,0 %, 1690 MHz, 43, 7.03 W
1788686054.429204663,0 %, 1690 MHz, 43, 7.03 W
1788686054.530059623,0 %, 1690 MHz, 43, 7.03 W
1788686054.631024262,0 %, 1690 MHz, 43, 7.03 W
1788686054.731472917,0 %, 1690 MHz, 43, 7.04 W
1788686054.831923043,0 %, 1690 MHz, 43, 7.04 W
1788686054.931682002,0 %, 1690 MHz, 43, 7.04 W
1788686055.031967520,0 %, 1690 MHz, 43, 7.04 W
1788686055.132156831,0 %, 1690 MHz, 43, 7.04 W
1788686055.232439054,0 %, 1690 MHz, 43, 7.05 W
1788686055.332493340,0 %, 1690 MHz, 43, 7.05 W
1788686055.432627595,0 %, 1690 MHz, 43, 7.05 W
1788686055.533182090,0 %, 1690 MHz, 43, 7.05 W
1788686055.633431913,0 %, 1690 MHz, 43, 7.05 W
1788686055.734332056,0 %, 1690 MHz, 43, 7.02 W
1788686055.834523175,0 %, 1690 MHz, 43, 7.02 W
1788686055.934991158,0 %, 1690 MHz, 43, 7.02 W
1788686056.035724885,0 %, 1690 MHz, 43, 7.02 W
1788686056.136089524,0 %, 1690 MHz, 43, 7.02 W
1788686056.236525283,0 %, 1690 MHz, 42, 7.02 W
1788686056.337241522,0 %, 1690 MHz, 42, 7.02 W
1788686056.437598401,0 %, 1690 MHz, 42, 7.02 W
1788686056.538056928,0 %, 1690 MHz, 42, 7.02 W
1788686056.638791503,0 %, 1690 MHz, 42, 7.02 W
1788686056.739350607,0 %, 1690 MHz, 42, 7.05 W
1788686056.839572381,0 %, 1690 MHz, 42, 7.05 W
1788686056.939940332,0 %, 1690 MHz, 42, 7.05 W
1788686057.040664988,0 %, 1690 MHz, 42, 7.05 W
1788686057.141007675,0 %, 1690 MHz, 42, 7.05 W
1788686057.241449786,0 %, 1690 MHz, 42, 7.04 W
1788686057.342170009,0 %, 1690 MHz, 42, 7.04 W
1788686057.442524488,0 %, 1690 MHz, 42, 7.04 W
1788686057.542964968,0 %, 1690 MHz, 42, 7.04 W
1788686057.643722359,0 %, 1690 MHz, 42, 7.04 W
1788686057.744274518,0 %, 1690 MHz, 42, 7.03 W
1788686057.844488773,0 %, 1690 MHz, 42, 7.03 W
1788686057.945259301,0 %, 1690 MHz, 42, 7.03 W
1788686058.045599316,0 %, 1690 MHz, 42, 7.03 W
1788686058.146075203,0 %, 1690 MHz, 42, 7.03 W
1788686058.246828611,0 %, 1690 MHz, 42, 7.03 W
1788686058.347187330,0 %, 1690 MHz, 42, 7.03 W
1788686058.447581105,0 %, 1690 MHz, 42, 7.03 W
1788686058.547970800,0 %, 1690 MHz, 42, 7.03 W
1788686058.648682496,0 %, 1690 MHz, 42, 7.03 W
1788686058.749023407,0 %, 1690 MHz, 42, 7.04 W
1788686058.849458366,0 %, 1690 MHz, 42, 7.04 W
1788686058.950160766,0 %, 1690 MHz, 42, 7.04 W
1788686059.050489773,0 %, 1690 MHz, 42, 7.04 W
1788686059.150967372,0 %, 1690 MHz, 42, 7.04 W
1788686059.251704380,0 %, 1690 MHz, 42, 7.04 W
1788686059.352071003,0 %, 1690 MHz, 42, 7.04 W
1788686059.452518859,0 %, 1690 MHz, 42, 7.04 W
1788686059.553010314,0 %, 1690 MHz, 42, 7.04 W
1788686059.653477833,0 %, 1690 MHz, 42, 7.04 W
1788686059.753860153,0 %, 1690 MHz, 42, 7.05 W
1788686059.854123320,0 %, 1690 MHz, 42, 7.05 W
1788686059.955061432,0 %, 1690 MHz, 42, 7.05 W
1788686060.055384135,0 %, 1690 MHz, 42, 7.05 W
1788686060.155803111,0 %, 1690 MHz, 42, 7.05 W
1788686060.256562215,0 %, 1690 MHz, 42, 7.05 W
1788686060.356948246,0 %, 1690 MHz, 42, 7.05 W
1788686060.457356773,0 %, 1690 MHz, 42, 7.05 W
1788686060.558111029,0 %, 1690 MHz, 42, 7.05 W
1788686060.658512229,0 %, 1690 MHz, 42, 7.04 W
1788686060.758902420,0 %, 1690 MHz, 42, 7.04 W
1788686060.859114323,0 %, 1690 MHz, 42, 7.04 W
1788686060.960282164,0 %, 1690 MHz, 42, 7.04 W
1788686061.060317235,0 %, 1690 MHz, 42, 7.04 W
1788686061.160782898,0 %, 1690 MHz, 42, 7.06 W
1788686061.261515698,0 %, 1690 MHz, 42, 7.06 W
1788686061.361862514,0 %, 1690 MHz, 42, 7.06 W
1788686061.462268529,0 %, 1690 MHz, 42, 7.06 W
1788686061.563038417,0 %, 1690 MHz, 42, 7.06 W
1788686061.663391825,0 %, 1690 MHz, 42, 7.07 W
1788686061.763830785,0 %, 1690 MHz, 42, 7.07 W
1788686061.864547200,0 %, 1690 MHz, 42, 7.07 W
1788686061.964947680,0 %, 1690 MHz, 42, 7.07 W
1788686062.065390192,0 %, 1690 MHz, 42, 7.07 W
1788686062.166395408,0 %, 1690 MHz, 42, 7.03 W
1788686062.266503999,0 %, 1690 MHz, 42, 7.03 W
1788686062.366941631,0 %, 1690 MHz, 42, 7.03 W
1788686062.467707519,0 %, 1690 MHz, 42, 7.03 W
1788686062.568048991,0 %, 1690 MHz, 42, 7.03 W
1788686062.668508367,0 %, 1690 MHz, 42, 7.02 W
1788686062.768870366,0 %, 1690 MHz, 42, 7.02 W
1788686062.869523454,0 %, 1690 MHz, 42, 7.02 W
1788686062.969909166,0 %, 1690 MHz, 42, 7.02 W
1788686063.070362190,0 %, 1690 MHz, 42, 7.02 W
1788686063.171060862,0 %, 1690 MHz, 42, 7.00 W
1788686063.271460286,0 %, 1690 MHz, 42, 7.00 W
1788686063.371885086,0 %, 1690 MHz, 42, 7.00 W
1788686063.472620110,0 %, 1690 MHz, 42, 7.00 W
1788686063.572961949,0 %, 1690 MHz, 42, 7.00 W
1788686063.673833214,0 %, 1690 MHz, 42, 7.02 W
1788686063.774338126,0 %, 1690 MHz, 42, 7.02 W
1788686063.874537357,0 %, 1690 MHz, 42, 7.02 W
1788686063.974991245,0 %, 1690 MHz, 42, 7.02 W
1788686064.075719165,0 %, 1690 MHz, 42, 7.02 W
1788686064.176134573,0 %, 1690 MHz, 41, 7.07 W
1788686064.276521133,0 %, 1690 MHz, 41, 7.07 W
1788686064.377240813,0 %, 1690 MHz, 41, 7.07 W
1788686064.477632077,0 %, 1690 MHz, 41, 7.07 W
1788686064.578077949,0 %, 1690 MHz, 41, 7.07 W
1788686064.678419853,0 %, 1690 MHz, 41, 7.08 W
1788686064.779121901,0 %, 1690 MHz, 41, 7.08 W
1788686064.879479565,0 %, 1690 MHz, 41, 7.08 W
1788686064.979768157,0 %, 1690 MHz, 41, 7.08 W
1788686065.080641246,0 %, 1690 MHz, 41, 7.08 W
1788686065.181017710,0 %, 1690 MHz, 41, 7.07 W
1788686065.281448878,0 %, 1690 MHz, 41, 7.07 W
1788686065.382220878,0 %, 1690 MHz, 41, 7.07 W
1788686065.482558942,0 %, 1690 MHz, 41, 7.07 W
1788686065.582991470,0 %, 1690 MHz, 41, 7.07 W
1788686065.683749487,0 %, 1690 MHz, 41, 7.06 W
1788686065.784118911,0 %, 1690 MHz, 41, 7.06 W
1788686065.884510335,0 %, 1690 MHz, 41, 7.06 W
1788686065.985270831,0 %, 1690 MHz, 41, 7.06 W
1788686066.085631775,0 %, 1690 MHz, 41, 7.06 W
1788686066.186098320,0 %, 1690 MHz, 41, 7.10 W
1788686066.286450112,0 %, 1690 MHz, 41, 7.10 W
1788686066.387000640,0 %, 1690 MHz, 41, 7.10 W
1788686066.487494016,0 %, 1690 MHz, 41, 7.10 W
1788686066.588167585,0 %, 1690 MHz, 41, 7.10 W
1788686066.688668849,0 %, 1690 MHz, 41, 7.12 W
1788686066.788831313,0 %, 1690 MHz, 41, 7.12 W
1788686066.889364849,0 %, 1690 MHz, 41, 7.12 W
1788686066.989788290,0 %, 1690 MHz, 41, 7.12 W
1788686067.090475074,0 %, 1690 MHz, 41, 7.12 W
1788686067.190821250,0 %, 1690 MHz, 41, 7.11 W
1788686067.291225923,0 %, 1690 MHz, 41, 7.11 W
1788686067.391966067,0 %, 1690 MHz, 41, 7.11 W
1788686067.492314564,0 %, 1690 MHz, 41, 7.11 W
1788686067.592806100,0 %, 1690 MHz, 41, 7.11 W
1788686067.693537444,0 %, 1690 MHz, 41, 7.10 W
1788686067.793879205,0 %, 1690 MHz, 41, 7.10 W
1788686067.894159397,0 %, 1690 MHz, 41, 7.10 W
1788686067.995289414,0 %, 1690 MHz, 41, 7.10 W
1788686068.095418854,0 %, 1690 MHz, 41, 7.10 W
1788686068.195853927,0 %, 1690 MHz, 41, 7.08 W
1788686068.296606823,0 %, 1690 MHz, 41, 7.08 W
1788686068.397014584,0 %, 1690 MHz, 41, 7.08 W
1788686068.497415704,0 %, 1690 MHz, 41, 7.08 W
1788686068.597771992,0 %, 1690 MHz, 41, 7.08 W
1788686068.698474649,0 %, 1690 MHz, 41, 7.06 W
1788686068.798201657,0 %, 1690 MHz, 41, 7.06 W
1788686068.899095738,0 %, 1690 MHz, 41, 7.06 W
1788686068.999074026,0 %, 1690 MHz, 41, 7.06 W
1788686069.099814891,0 %, 1690 MHz, 41, 7.06 W
1788686069.199651195,0 %, 1690 MHz, 41, 7.05 W
1788686069.299699627,0 %, 1690 MHz, 41, 7.05 W
1788686069.399770187,0 %, 1690 MHz, 41, 7.05 W
1788686069.500882444,0 %, 1690 MHz, 41, 7.05 W
1788686069.601406797,0 %, 1690 MHz, 41, 7.05 W
1788686069.702312798,0 %, 1690 MHz, 41, 7.05 W
1788686069.802891359,0 %, 1690 MHz, 41, 7.05 W
1788686069.903804224,0 %, 1690 MHz, 41, 7.05 W
1788686070.004370240,0 %, 1690 MHz, 41, 7.05 W
1788686070.105234833,0 %, 1690 MHz, 41, 7.05 W
1788686070.206205251,0 %, 1690 MHz, 41, 7.07 W
1788686070.306713571,0 %, 1690 MHz, 41, 7.07 W
1788686070.407680404,0 %, 1690 MHz, 41, 7.07 W
1788686070.508218389,0 %, 1690 MHz, 41, 7.07 W
1788686070.609113430,0 %, 1690 MHz, 41, 7.07 W
1788686070.709721735,0 %, 1690 MHz, 41, 7.09 W
1788686070.810543832,0 %, 1690 MHz, 41, 7.09 W
1788686070.911511481,0 %, 1690 MHz, 41, 7.09 W
1788686071.012005898,0 %, 1690 MHz, 41, 7.09 W
1788686071.112981563,0 %, 1690 MHz, 41, 7.09 W
1788686071.213533868,0 %, 1690 MHz, 41, 7.07 W
1788686071.314426845,0 %, 1690 MHz, 41, 7.07 W
1788686071.414997726,0 %, 1690 MHz, 41, 7.07 W
1788686071.515871967,0 %, 1690 MHz, 41, 7.07 W
1788686071.616435184,0 %, 1690 MHz, 41, 7.07 W
1788686071.717444882,0 %, 1690 MHz, 41, 7.05 W
1788686071.817540658,0 %, 1690 MHz, 41, 7.05 W
1788686071.918797860,0 %, 1690 MHz, 41, 7.05 W
1788686072.019111316,0 %, 1690 MHz, 41, 7.05 W
1788686072.119903622,0 %, 1690 MHz, 41, 7.05 W
1788686072.220501831,0 %, 1690 MHz, 41, 7.08 W
1788686072.321359336,0 %, 1690 MHz, 41, 7.08 W
1788686072.422289097,0 %, 1690 MHz, 41, 7.08 W
1788686072.522816650,0 %, 1690 MHz, 41, 7.08 W
1788686072.623765852,0 %, 1690 MHz, 41, 7.08 W
1788686072.724277133,0 %, 1690 MHz, 41, 7.10 W
1788686072.825179950,0 %, 1690 MHz, 41, 7.10 W
1788686072.925791519,0 %, 1690 MHz, 41, 7.10 W
1788686073.026629712,0 %, 1690 MHz, 41, 7.10 W
1788686073.127222945,0 %, 1690 MHz, 41, 7.10 W
1788686073.228074451,0 %, 1690 MHz, 41, 7.09 W
1788686073.328367684,0 %, 1690 MHz, 41, 7.09 W
1788686073.429271973,0 %, 1690 MHz, 41, 7.09 W
1788686073.529881206,0 %, 1690 MHz, 41, 7.09 W
1788686073.630731928,0 %, 1690 MHz, 41, 7.09 W
1788686073.731313961,0 %, 1690 MHz, 41, 7.08 W
1788686073.832181434,0 %, 1690 MHz, 41, 7.08 W
1788686073.932739163,0 %, 1690 MHz, 41, 7.08 W
1788686074.033563869,0 %, 1690 MHz, 41, 7.08 W
1788686074.134529918,0 %, 1690 MHz, 41, 7.08 W
1788686074.235041120,0 %, 1690 MHz, 41, 7.09 W
1788686074.335983441,0 %, 1690 MHz, 41, 7.09 W
1788686074.436542578,0 %, 1690 MHz, 41, 7.09 W
1788686074.537451332,0 %, 1690 MHz, 41, 7.09 W
1788686074.637998693,0 %, 1690 MHz, 41, 7.09 W
1788686074.738888359,0 %, 1690 MHz, 41, 7.10 W
1788686074.839434840,0 %, 1690 MHz, 41, 7.10 W
1788686074.940263049,0 %, 1690 MHz, 41, 7.10 W
1788686075.041195163,0 %, 1690 MHz, 41, 7.10 W
1788686075.141762620,0 %, 1690 MHz, 41, 7.10 W
1788686075.242642190,0 %, 1690 MHz, 41, 7.09 W
1788686075.343246144,0 %, 1690 MHz, 41, 7.09 W
1788686075.444116305,0 %, 1690 MHz, 41, 7.09 W
1788686075.544062930,0 %, 1690 MHz, 41, 7.09 W
1788686075.643834627,0 %, 1690 MHz, 41, 7.09 W
1788686075.745036741,0 %, 1690 MHz, 41, 7.06 W
1788686075.845090246,0 %, 1690 MHz, 41, 7.06 W
1788686075.945123911,0 %, 1690 MHz, 41, 7.06 W
1788686076.045019991,0 %, 1690 MHz, 41, 7.06 W
1788686076.146324138,0 %, 1690 MHz, 41, 7.06 W
1788686076.246864315,0 %, 1690 MHz, 41, 7.06 W
1788686076.347776477,0 %, 1690 MHz, 41, 7.06 W
1788686076.448337182,0 %, 1690 MHz, 41, 7.06 W
1788686076.549227584,0 %, 1690 MHz, 41, 7.06 W
1788686076.649828546,0 %, 1690 MHz, 41, 7.06 W
1788686076.750666307,0 %, 1690 MHz, 41, 7.07 W
1788686076.851620533,0 %, 1690 MHz, 41, 7.07 W
1788686076.952123671,0 %, 1690 MHz, 41, 7.07 W
1788686077.053063128,0 %, 1690 MHz, 41, 7.07 W
1788686077.153582762,0 %, 1690 MHz, 41, 7.07 W
1788686077.254520892,0 %, 1690 MHz, 40, 7.05 W
1788686077.355120174,0 %, 1690 MHz, 40, 7.05 W
1788686077.455959359,0 %, 1690 MHz, 40, 7.05 W
1788686077.556531873,0 %, 1690 MHz, 40, 7.05 W
1788686077.657356931,0 %, 1690 MHz, 40, 7.05 W
1788686077.758307237,0 %, 1690 MHz, 40, 7.05 W
1788686077.858821014,0 %, 1690 MHz, 40, 7.05 W
1788686077.959795320,0 %, 1690 MHz, 40, 7.05 W
1788686078.060324074,0 %, 1690 MHz, 40, 7.05 W
1788686078.161222844,0 %, 1690 MHz, 40, 7.05 W
1788686078.261825486,0 %, 1690 MHz, 40, 7.05 W
1788686078.362601632,0 %, 1690 MHz, 40, 7.05 W
1788686078.463237665,0 %, 1690 MHz, 40, 7.05 W
1788686078.564067571,0 %, 1690 MHz, 40, 7.05 W
1788686078.665005621,0 %, 1690 MHz, 40, 7.02 W
1788686078.765519751,0 %, 1690 MHz, 40, 7.02 W
1788686078.866472105,0 %, 1690 MHz, 40, 7.02 W
1788686078.967066715,0 %, 1690 MHz, 40, 7.02 W
1788686079.067938141,0 %, 1690 MHz, 40, 7.02 W
1788686079.168500207,0 %, 1690 MHz, 40, 7.00 W
1788686079.269384193,0 %, 1690 MHz, 40, 7.00 W
1788686079.369946755,0 %, 1690 MHz, 40, 7.00 W
1788686079.470835045,0 %, 1690 MHz, 40, 7.00 W
1788686079.571741591,0 %, 1690 MHz, 40, 7.00 W
1788686079.672268473,0 %, 1690 MHz, 40, 7.01 W
1788686079.772201370,0 %, 1690 MHz, 40, 7.01 W
1788686079.872665724,0 %, 1690 MHz, 40, 7.01 W
1788686079.972832109,0 %, 1690 MHz, 40, 7.01 W
1788686080.072724175,0 %, 1690 MHz, 40, 7.01 W
1788686080.173852353,0 %, 1690 MHz, 40, 6.99 W
1788686080.274344819,0 %, 1690 MHz, 40, 6.99 W
1788686080.375286773,0 %, 1690 MHz, 40, 6.99 W
1788686080.475860311,0 %, 1690 MHz, 40, 6.99 W
1788686080.576747946,0 %, 1690 MHz, 40, 6.99 W
1788686080.677297083,0 %, 1690 MHz, 40, 7.00 W
1788686080.778180286,0 %, 1690 MHz, 40, 7.00 W
1788686080.878755856,0 %, 1690 MHz, 40, 7.00 W
1788686080.979563442,0 %, 1690 MHz, 40, 7.00 W
1788686081.080491332,0 %, 1690 MHz, 40, 7.00 W
1788686081.181017894,0 %, 1690 MHz, 40, 7.03 W
1788686081.281989433,0 %, 1690 MHz, 40, 7.03 W
1788686081.382504091,0 %, 1690 MHz, 40, 7.03 W
1788686081.483429133,0 %, 1690 MHz, 40, 7.03 W
1788686081.584039007,0 %, 1690 MHz, 40, 7.03 W
1788686081.684909058,0 %, 1690 MHz, 40, 7.04 W
1788686081.785842084,0 %, 1690 MHz, 40, 7.04 W
1788686081.886318518,0 %, 1690 MHz, 40, 7.04 W
1788686081.987269544,0 %, 1690 MHz, 40, 7.04 W
1788686082.087824538,0 %, 1690 MHz, 40, 7.04 W
1788686082.188723261,0 %, 1690 MHz, 40, 7.03 W
1788686082.289427679,0 %, 1690 MHz, 40, 7.03 W
1788686082.389440081,0 %, 1690 MHz, 40, 7.03 W
1788686082.489449891,0 %, 1690 MHz, 40, 7.03 W
1788686082.589461172,0 %, 1690 MHz, 40, 7.03 W
1788686082.689394582,0 %, 1690 MHz, 40, 7.03 W
1788686082.790793753,0 %, 1690 MHz, 40, 7.03 W
1788686082.891251867,0 %, 1690 MHz, 40, 7.03 W
1788686082.992172062,0 %, 1690 MHz, 40, 7.03 W
1788686083.092742352,0 %, 1690 MHz, 40, 7.03 W
1788686083.193648866,0 %, 1690 MHz, 40, 7.04 W
1788686083.294254853,0 %, 1690 MHz, 40, 7.04 W
1788686083.395104743,0 %, 1690 MHz, 40, 7.04 W
1788686083.496065850,0 %, 1690 MHz, 40, 7.04 W
1788686083.596561916,0 %, 1690 MHz, 40, 7.04 W
1788686083.697519391,0 %, 1690 MHz, 40, 7.03 W
1788686083.798091649,0 %, 1690 MHz, 40, 7.03 W
1788686083.898973028,0 %, 1690 MHz, 40, 7.03 W
1788686083.999539798,0 %, 1690 MHz, 40, 7.03 W
1788686084.100437065,0 %, 1690 MHz, 40, 7.03 W
1788686084.200956699,0 %, 1690 MHz, 40, 7.03 W
1788686084.301818238,0 %, 1690 MHz, 40, 7.03 W
1788686084.402780609,0 %, 1690 MHz, 40, 7.03 W
1788686084.503283507,0 %, 1690 MHz, 40, 7.03 W
1788686084.604221926,0 %, 1690 MHz, 40, 7.03 W
1788686084.704786648,0 %, 1690 MHz, 40, 7.03 W
1788686084.805676283,0 %, 1690 MHz, 40, 7.03 W
1788686084.906255613,0 %, 1690 MHz, 40, 7.03 W
1788686085.007120512,0 %, 1690 MHz, 40, 7.03 W
1788686085.108070083,0 %, 1690 MHz, 40, 7.03 W
1788686085.208544693,0 %, 1690 MHz, 40, 7.02 W
1788686085.309510952,0 %, 1690 MHz, 40, 7.02 W
1788686085.410097931,0 %, 1690 MHz, 40, 7.02 W
1788686085.510960893,0 %, 1690 MHz, 40, 7.02 W
1788686085.611532528,0 %, 1690 MHz, 40, 7.02 W
1788686085.712420627,0 %, 1690 MHz, 40, 7.05 W
1788686085.812984277,0 %, 1690 MHz, 40, 7.05 W
1788686085.913831032,0 %, 1690 MHz, 40, 7.05 W
1788686086.014784123,0 %, 1690 MHz, 40, 7.05 W
1788686086.115283805,0 %, 1690 MHz, 40, 7.05 W
1788686086.216229872,0 %, 1690 MHz, 40, 7.06 W
1788686086.316779987,0 %, 1690 MHz, 40, 7.06 W
1788686086.417662342,0 %, 1690 MHz, 40, 7.06 W
1788686086.518261561,0 %, 1690 MHz, 40, 7.06 W
1788686086.619112284,0 %, 1690 MHz, 40, 7.06 W
1788686086.720254031,0 %, 1690 MHz, 40, 7.08 W
1788686086.820576817,0 %, 1690 MHz, 40, 7.08 W
1788686086.921526532,0 %, 1690 MHz, 40, 7.08 W
1788686087.022065703,0 %, 1690 MHz, 40, 7.08 W
1788686087.122959786,0 %, 1690 MHz, 40, 7.08 W
1788686087.223543309,0 %, 1690 MHz, 40, 7.05 W
1788686087.324430544,0 %, 1690 MHz, 40, 7.05 W
1788686087.424994962,0 %, 1690 MHz, 40, 7.05 W
1788686087.525868709,0 %, 1690 MHz, 40, 7.05 W
1788686087.626279528,0 %, 1690 MHz, 40, 7.05 W
1788686087.727162171,0 %, 1690 MHz, 40, 7.02 W
1788686087.827748206,0 %, 1690 MHz, 40, 7.02 W
1788686087.928471457,0 %, 1690 MHz, 40, 7.02 W
1788686088.029004259,0 %, 1690 MHz, 40, 7.02 W
1788686088.129861111,0 %, 1690 MHz, 40, 7.02 W
1788686088.230390313,0 %, 1690 MHz, 40, 7.04 W
1788686088.331275709,0 %, 1690 MHz, 40, 7.04 W
1788686088.431873375,0 %, 1690 MHz, 40, 7.04 W
1788686088.532652003,0 %, 1690 MHz, 40, 7.04 W
1788686088.633153061,0 %, 1690 MHz, 40, 7.04 W
1788686088.733441064,0 %, 1690 MHz, 40, 7.04 W
1788686088.833326922,0 %, 1690 MHz, 40, 7.04 W
1788686088.933347117,0 %, 1690 MHz, 40, 7.04 W
1788686089.033369663,0 %, 1690 MHz, 40, 7.04 W
1788686089.135294003,0 %, 1690 MHz, 40, 7.04 W
1788686089.235241398,0 %, 1690 MHz, 40, 7.03 W
1788686089.336133145,0 %, 1690 MHz, 40, 7.03 W
1788686089.436717708,0 %, 1690 MHz, 40, 7.03 W
1788686089.537551919,0 %, 1690 MHz, 40, 7.03 W
1788686089.638126226,0 %, 1690 MHz, 40, 7.03 W
1788686089.738972661,0 %, 1690 MHz, 40, 7.04 W
1788686089.839958169,0 %, 1690 MHz, 40, 7.04 W
1788686089.940506764,0 %, 1690 MHz, 40, 7.04 W
1788686090.041422399,0 %, 1690 MHz, 40, 7.04 W
1788686090.141966930,0 %, 1690 MHz, 40, 7.04 W
1788686090.242889686,0 %, 1690 MHz, 40, 7.04 W
1788686090.343449017,0 %, 1690 MHz, 40, 7.04 W
1788686090.444175756,0 %, 1690 MHz, 40, 7.04 W
1788686090.544749135,0 %, 1690 MHz, 40, 7.04 W
1788686090.645637330,0 %, 1690 MHz, 40, 7.04 W
1788686090.746327270,0 %, 1690 MHz, 40, 7.05 W
1788686090.847043705,0 %, 1690 MHz, 40, 7.05 W
1788686090.947995788,0 %, 1690 MHz, 40, 7.05 W
1788686091.048532783,0 %, 1690 MHz, 40, 7.05 W
1788686091.149469347,0 %, 1690 MHz, 40, 7.05 W
1788686091.249995862,0 %, 1690 MHz, 40, 7.05 W
1788686091.350923498,0 %, 1690 MHz, 40, 7.05 W
1788686091.451542493,0 %, 1690 MHz, 40, 7.05 W
1788686091.552327280,0 %, 1690 MHz, 40, 7.05 W
1788686091.653298628,0 %, 1690 MHz, 40, 7.05 W
1788686091.753845639,0 %, 1690 MHz, 40, 7.05 W
1788686091.854760459,0 %, 1690 MHz, 40, 7.05 W
1788686091.955330382,0 %, 1690 MHz, 40, 7.05 W
1788686092.056175441,0 %, 1690 MHz, 40, 7.05 W
1788686092.156791797,0 %, 1690 MHz, 40, 7.05 W
1788686092.257650840,0 %, 1690 MHz, 40, 7.05 W
1788686092.358211164,0 %, 1690 MHz, 40, 7.05 W
1788686092.459016127,0 %, 1690 MHz, 40, 7.05 W
1788686092.560015059,0 %, 1690 MHz, 40, 7.05 W
1788686092.660514374,0 %, 1690 MHz, 40, 7.06 W
1788686092.761490106,0 %, 1690 MHz, 40, 7.06 W
1788686092.862023453,0 %, 1690 MHz, 40, 7.06 W
1788686092.962921313,0 %, 1690 MHz, 40, 7.06 W
1788686093.063502980,0 %, 1690 MHz, 40, 7.06 W
1788686093.164395448,0 %, 1690 MHz, 40, 7.07 W
1788686093.265316540,0 %, 1690 MHz, 40, 7.07 W
1788686093.365827455,0 %, 1690 MHz, 40, 7.07 W
1788686093.466723539,0 %, 1690 MHz, 40, 7.07 W
1788686093.567311110,0 %, 1690 MHz, 40, 7.07 W
1788686093.668411402,0 %, 1690 MHz, 40, 7.08 W
1788686093.768804493,0 %, 1690 MHz, 40, 7.08 W
1788686093.869561713,0 %, 1690 MHz, 40, 7.08 W
1788686093.970092148,0 %, 1690 MHz, 40, 7.08 W
1788686094.071004488,0 %, 1690 MHz, 40, 7.08 W
1788686094.171547308,0 %, 1690 MHz, 40, 7.08 W
1788686094.272448511,0 %, 1690 MHz, 40, 7.08 W
1788686094.373401811,0 %, 1690 MHz, 40, 7.08 W
1788686094.473917511,0 %, 1690 MHz, 40, 7.08 W
1788686094.574794635,0 %, 1690 MHz, 40, 7.08 W
1788686094.675379102,0 %, 1690 MHz, 40, 7.05 W
1788686094.776297138,0 %, 1690 MHz, 40, 7.05 W
1788686094.876889222,0 %, 1690 MHz, 40, 7.05 W
1788686094.977067369,0 %, 1690 MHz, 40, 7.05 W
1788686095.077972301,0 %, 1690 MHz, 40, 7.05 W
1788686095.178927569,0 %, 1690 MHz, 39, 7.05 W
1788686095.279455124,0 %, 1690 MHz, 39, 7.05 W
1788686095.380326232,0 %, 1690 MHz, 39, 7.05 W
1788686095.480634412,0 %, 1690 MHz, 39, 7.05 W
1788686095.581203455,0 %, 1690 MHz, 39, 7.05 W
1788686095.682033283,0 %, 1690 MHz, 39, 7.08 W
1788686095.782618503,0 %, 1690 MHz, 39, 7.08 W
1788686095.883461259,0 %, 1690 MHz, 39, 7.08 W
1788686095.984294431,0 %, 1690 MHz, 39, 7.08 W
1788686096.084836099,0 %, 1690 MHz, 39, 7.08 W
1788686096.184558486,0 %, 1690 MHz, 39, 7.07 W
1788686096.284944633,0 %, 1690 MHz, 39, 7.07 W
1788686096.384901901,0 %, 1690 MHz, 39, 7.07 W
1788686096.486001425,0 %, 1690 MHz, 39, 7.07 W
1788686096.585340739,0 %, 1690 MHz, 39, 7.07 W
1788686096.685868807,0 %, 1690 MHz, 39, 7.05 W
1788686096.786621835,0 %, 1690 MHz, 39, 7.05 W
1788686096.887378095,0 %, 1690 MHz, 39, 7.05 W
1788686096.988006947,0 %, 1690 MHz, 39, 7.05 W
1788686097.088812567,0 %, 1690 MHz, 39, 7.05 W
1788686097.189791947,0 %, 1690 MHz, 39, 7.03 W
1788686097.290317199,0 %, 1690 MHz, 39, 7.03 W
1788686097.391218915,0 %, 1690 MHz, 39, 7.03 W
1788686097.491861591,0 %, 1690 MHz, 39, 7.03 W
1788686097.592722571,0 %, 1690 MHz, 39, 7.03 W
1788686097.693305455,0 %, 1690 MHz, 39, 7.02 W
1788686097.794127171,0 %, 1690 MHz, 39, 7.02 W
1788686097.895070488,0 %, 1690 MHz, 39, 7.02 W
1788686097.995617739,0 %, 1690 MHz, 39, 7.02 W
1788686098.096531120,0 %, 1690 MHz, 39, 7.02 W
1788686098.197124468,0 %, 1690 MHz, 39, 7.00 W
1788686098.297976056,0 %, 1690 MHz, 39, 7.00 W
1788686098.398589532,0 %, 1690 MHz, 39, 7.00 W
1788686098.499419696,0 %, 1690 MHz, 39, 7.00 W
1788686098.600013636,0 %, 1690 MHz, 39, 7.00 W
1788686098.700843353,0 %, 1690 MHz, 39, 6.99 W
1788686098.801788717,0 %, 1690 MHz, 39, 6.99 W
1788686098.902321985,0 %, 1690 MHz, 39, 6.99 W
1788686099.003248277,0 %, 1690 MHz, 39, 6.99 W
1788686099.103882441,0 %, 1690 MHz, 39, 6.99 W
1788686099.204709374,0 %, 1690 MHz, 39, 7.01 W
1788686099.305318786,0 %, 1690 MHz, 39, 7.01 W
1788686099.406139814,0 %, 1690 MHz, 39, 7.01 W
1788686099.507068651,0 %, 1690 MHz, 39, 7.01 W
1788686099.607614175,0 %, 1690 MHz, 39, 7.01 W
1788686099.708540787,0 %, 1690 MHz, 39, 7.01 W
1788686099.809117399,0 %, 1690 MHz, 39, 7.01 W
1788686099.909992924,0 %, 1690 MHz, 39, 7.01 W
1788686100.010292895,0 %, 1690 MHz, 39, 7.01 W
1788686100.111263012,0 %, 1690 MHz, 39, 7.01 W
1788686100.211855944,0 %, 1690 MHz, 39, 7.01 W
1788686100.312731149,0 %, 1690 MHz, 39, 7.01 W
1788686100.413370001,0 %, 1690 MHz, 39, 7.01 W
1788686100.514207798,0 %, 1690 MHz, 39, 7.01 W
1788686100.614810778,0 %, 1690 MHz, 39, 7.01 W
1788686100.715626142,0 %, 1690 MHz, 39, 7.01 W
1788686100.816546003,0 %, 1690 MHz, 39, 7.01 W
1788686100.917091879,0 %, 1690 MHz, 39, 7.01 W
1788686101.018038700,0 %, 1690 MHz, 39, 7.01 W
1788686101.118634352,0 %, 1690 MHz, 39, 7.01 W
1788686101.219475028,0 %, 1690 MHz, 39, 7.02 W
1788686101.320077113,0 %, 1690 MHz, 39, 7.02 W
1788686101.420924973,0 %, 1690 MHz, 39, 7.02 W
1788686101.521847970,0 %, 1690 MHz, 39, 7.02 W
1788686101.621338037,0 %, 1690 MHz, 39, 7.02 W
1788686101.723069339,0 %, 1690 MHz, 39, 7.01 W
1788686101.823870047,0 %, 1690 MHz, 39, 7.01 W
1788686101.924106723,0 %, 1690 MHz, 39, 7.01 W
1788686102.024769368,0 %, 1690 MHz, 39, 7.01 W
1788686102.125358236,0 %, 1690 MHz, 39, 7.01 W
1788686102.226074465,0 %, 1690 MHz, 39, 6.98 W
1788686102.326283029,0 %, 1690 MHz, 39, 6.98 W
1788686102.426885769,0 %, 1690 MHz, 39, 6.98 W
1788686102.527593086,0 %, 1690 MHz, 39, 6.98 W
1788686102.627772338,0 %, 1690 MHz, 39, 6.98 W
1788686102.728160086,0 %, 1690 MHz, 39, 6.97 W
1788686102.828744699,0 %, 1690 MHz, 39, 6.97 W
1788686102.929130623,0 %, 1690 MHz, 39, 6.97 W
1788686103.029603044,0 %, 1690 MHz, 39, 6.97 W
1788686103.130216952,0 %, 1690 MHz, 39, 6.97 W
1788686103.230943101,0 %, 1690 MHz, 39, 6.97 W
1788686103.331117105,0 %, 1690 MHz, 39, 6.97 W
1788686103.431756854,0 %, 1690 MHz, 39, 6.97 W
1788686103.532471082,0 %, 1690 MHz, 39, 6.97 W
1788686103.632613375,0 %, 1690 MHz, 39, 6.97 W
1788686103.733019955,0 %, 1690 MHz, 39, 6.97 W
1788686103.833578936,0 %, 1690 MHz, 39, 6.97 W
1788686103.934037148,0 %, 1690 MHz, 39, 6.97 W
1788686104.034456896,0 %, 1690 MHz, 39, 6.97 W
1788686104.135086629,0 %, 1690 MHz, 39, 6.97 W
1788686104.235826154,0 %, 1690 MHz, 39, 6.97 W
1788686104.335962510,0 %, 1690 MHz, 39, 6.97 W
1788686104.436340979,0 %, 1690 MHz, 39, 6.97 W
1788686104.536969880,0 %, 1690 MHz, 39, 6.97 W
1788686104.637622636,0 %, 1690 MHz, 39, 6.97 W
1788686104.737823265,0 %, 1690 MHz, 39, 6.98 W
1788686104.838389413,0 %, 1690 MHz, 39, 6.98 W
1788686104.938616730,0 %, 1690 MHz, 39, 6.98 W
1788686105.039294542,0 %, 1690 MHz, 39, 6.98 W
1788686105.139909219,0 %, 1690 MHz, 39, 6.98 W
1788686105.240643160,0 %, 1690 MHz, 39, 6.96 W
1788686105.340808653,0 %, 1690 MHz, 39, 6.96 W
1788686105.441206849,0 %, 1690 MHz, 39, 6.96 W
1788686105.541826646,0 %, 1690 MHz, 39, 6.96 W
1788686105.642504283,0 %, 1690 MHz, 39, 6.96 W
1788686105.742712384,0 %, 1690 MHz, 39, 6.95 W
1788686105.843340260,0 %, 1690 MHz, 39, 6.95 W
1788686105.943203145,0 %, 1690 MHz, 39, 6.95 W
1788686106.044226990,0 %, 1690 MHz, 39, 6.95 W
1788686106.144569522,0 %, 1690 MHz, 39, 6.95 W
1788686106.245012599,0 %, 1690 MHz, 39, 6.99 W
1788686106.345752156,0 %, 1690 MHz, 39, 6.99 W
1788686106.445891969,0 %, 1690 MHz, 39, 6.99 W
1788686106.546273077,0 %, 1690 MHz, 39, 6.99 W
1788686106.646892522,0 %, 1690 MHz, 39, 6.99 W
1788686106.747593839,0 %, 1690 MHz, 39, 6.98 W
1788686106.847748084,0 %, 1690 MHz, 39, 6.98 W
1788686106.948372921,0 %, 1690 MHz, 39, 6.98 W
1788686107.048462909,0 %, 1690 MHz, 39, 6.98 W
1788686107.149298259,0 %, 1690 MHz, 39, 6.98 W
1788686107.249903064,0 %, 1690 MHz, 39, 6.97 W
1788686107.350588221,0 %, 1690 MHz, 39, 6.97 W
1788686107.450775073,0 %, 1690 MHz, 39, 6.97 W
1788686107.551171766,0 %, 1690 MHz, 39, 6.97 W
1788686107.651783627,0 %, 1690 MHz, 39, 6.97 W
1788686107.752257904,0 %, 1690 MHz, 39, 6.96 W
1788686107.852718709,0 %, 1690 MHz, 39, 6.96 W
1788686107.953346778,0 %, 1690 MHz, 39, 6.96 W
1788686108.053902271,0 %, 1690 MHz, 39, 6.96 W
1788686108.154297076,0 %, 1690 MHz, 39, 6.96 W
1788686108.254900249,0 %, 1690 MHz, 39, 6.98 W
1788686108.355580783,0 %, 1690 MHz, 39, 6.98 W
1788686108.455786403,0 %, 1690 MHz, 39, 6.98 W
1788686108.556396792,0 %, 1690 MHz, 39, 6.98 W
1788686108.657083918,0 %, 1690 MHz, 39, 6.98 W
1788686108.757426643,0 %, 1690 MHz, 39, 7.01 W
1788686108.857877688,0 %, 1690 MHz, 39, 7.01 W
1788686108.958569389,0 %, 1690 MHz, 39, 7.01 W
1788686109.058896178,0 %, 1690 MHz, 39, 7.01 W
1788686109.159503463,0 %, 1690 MHz, 39, 7.01 W
1788686109.260205820,0 %, 1690 MHz, 39, 7.03 W
1788686109.360371217,0 %, 1690 MHz, 39, 7.03 W
1788686109.461024071,0 %, 1690 MHz, 39, 7.03 W
1788686109.561753724,0 %, 1690 MHz, 39, 7.03 W
1788686109.661886321,0 %, 1690 MHz, 39, 7.03 W
1788686109.762433078,0 %, 1690 MHz, 39, 7.03 W
1788686109.862863227,0 %, 1690 MHz, 39, 7.03 W
1788686109.963110144,0 %, 1690 MHz, 39, 7.03 W
1788686110.063760549,0 %, 1690 MHz, 39, 7.03 W
1788686110.164368891,0 %, 1690 MHz, 39, 7.03 W
1788686110.265111904,0 %, 1690 MHz, 39, 7.03 W
1788686110.365282661,0 %, 1690 MHz, 39, 7.03 W
1788686110.465901899,0 %, 1690 MHz, 39, 7.03 W
1788686110.566655456,0 %, 1690 MHz, 39, 7.03 W
1788686110.665506212,0 %, 1690 MHz, 39, 7.04 W
1788686110.765556521,0 %, 1690 MHz, 39, 7.04 W
1788686110.866079166,0 %, 1690 MHz, 39, 7.04 W
1788686110.966092915,0 %, 1690 MHz, 39, 7.04 W
1788686111.066142584,0 %, 1690 MHz, 39, 7.04 W
1788686111.166421517,0 %, 1690 MHz, 39, 7.06 W
1788686111.267577091,0 %, 1690 MHz, 39, 7.06 W
1788686111.368255592,0 %, 1690 MHz, 39, 7.06 W
1788686111.468402429,0 %, 1690 MHz, 39, 7.06 W
1788686111.569027571,0 %, 1690 MHz, 39, 7.06 W
1788686111.669781225,0 %, 1690 MHz, 39, 7.06 W
1788686111.769921422,0 %, 1690 MHz, 39, 7.06 W
1788686111.870518387,0 %, 1690 MHz, 39, 7.06 W
1788686111.971263049,0 %, 1690 MHz, 39, 7.06 W
1788686112.071236718,0 %, 1690 MHz, 39, 7.06 W
1788686112.171846003,0 %, 1690 MHz, 39, 7.04 W
1788686112.272380265,0 %, 1690 MHz, 39, 7.04 W
1788686112.373096126,0 %, 1690 MHz, 39, 7.04 W
1788686112.473289300,0 %, 1690 MHz, 39, 7.04 W
1788686112.573899545,0 %, 1690 MHz, 39, 7.04 W
1788686112.674616911,0 %, 1690 MHz, 39, 7.03 W
1788686112.774998148,0 %, 1690 MHz, 39, 7.03 W
1788686112.873996665,0 %, 1690 MHz, 39, 7.03 W
1788686112.974120766,0 %, 1690 MHz, 39, 7.03 W
1788686113.074447251,0 %, 1690 MHz, 39, 7.03 W
1788686113.175649145,0 %, 1690 MHz, 39, 7.04 W
1788686113.276244383,0 %, 1690 MHz, 39, 7.04 W
1788686113.376948453,0 %, 1690 MHz, 39, 7.04 W
1788686113.477101386,0 %, 1690 MHz, 39, 7.04 W
1788686113.577725760,0 %, 1690 MHz, 39, 7.04 W
1788686113.678468533,0 %, 1690 MHz, 39, 7.04 W
1788686113.778595883,0 %, 1690 MHz, 39, 7.04 W
1788686113.879005888,0 %, 1690 MHz, 39, 7.04 W
1788686113.979596726,0 %, 1690 MHz, 39, 7.04 W
1788686114.079737963,0 %, 1690 MHz, 39, 7.04 W
1788686114.179531408,0 %, 1690 MHz, 39, 7.03 W
1788686114.280492039,0 %, 1690 MHz, 39, 7.03 W
1788686114.380756764,0 %, 1690 MHz, 39, 7.03 W
1788686114.481298722,0 %, 1690 MHz, 39, 7.03 W
1788686114.581243495,0 %, 1690 MHz, 39, 7.03 W
1788686114.681917421,0 %, 1690 MHz, 39, 7.00 W
1788686114.782263074,0 %, 1690 MHz, 39, 7.00 W
1788686114.882776696,0 %, 1690 MHz, 39, 7.00 W
1788686114.982422045,0 %, 1690 MHz, 39, 7.00 W
1788686115.082730067,0 %, 1690 MHz, 39, 7.00 W
1788686115.183302553,0 %, 1690 MHz, 39, 7.00 W
1788686115.284099599,0 %, 1690 MHz, 39, 7.00 W
1788686115.383917156,0 %, 1690 MHz, 39, 7.00 W
1788686115.484047257,0 %, 1690 MHz, 39, 7.00 W
1788686115.584283711,0 %, 1690 MHz, 39, 7.00 W
1788686115.684454084,0 %, 1690 MHz, 39, 7.02 W
1788686115.784656602,0 %, 1690 MHz, 39, 7.02 W
1788686115.884907952,0 %, 1690 MHz, 39, 7.02 W
1788686115.985064805,0 %, 1690 MHz, 39, 7.02 W
1788686116.085296987,0 %, 1690 MHz, 39, 7.02 W
1788686116.185439488,0 %, 1690 MHz, 39, 7.00 W
1788686116.285679654,0 %, 1690 MHz, 39, 7.00 W
1788686116.385933660,0 %, 1690 MHz, 39, 7.00 W
1788686116.486124113,0 %, 1690 MHz, 39, 7.00 W
1788686116.586337639,0 %, 1690 MHz, 39, 7.00 W
1788686116.686535293,0 %, 1690 MHz, 39, 6.99 W
1788686116.786754690,0 %, 1690 MHz, 39, 6.99 W
1788686116.886528216,0 %, 1690 MHz, 39, 6.99 W
1788686116.986350509,0 %, 1690 MHz, 39, 6.99 W
1788686117.086886643,0 %, 1690 MHz, 39, 6.99 W
1788686117.186925337,0 %, 1690 MHz, 39, 6.98 W
1788686117.286882014,0 %, 1690 MHz, 39, 6.98 W
1788686117.387349332,0 %, 1690 MHz, 39, 6.98 W
1788686117.487775162,0 %, 1690 MHz, 39, 6.98 W
1788686117.588141648,0 %, 1690 MHz, 39, 6.98 W
1788686117.688374886,0 %, 1690 MHz, 39, 6.98 W
1788686117.788816556,0 %, 1690 MHz, 39, 6.98 W
1788686117.889311986,0 %, 1690 MHz, 39, 6.98 W
1788686117.989749128,0 %, 1690 MHz, 39, 6.98 W
1788686118.090219774,0 %, 1690 MHz, 39, 6.98 W
1788686118.190731892,0 %, 1690 MHz, 39, 7.01 W
1788686118.291179626,0 %, 1690 MHz, 39, 7.01 W
1788686118.391654352,0 %, 1690 MHz, 39, 7.01 W
1788686118.492137574,0 %, 1690 MHz, 39, 7.01 W
1788686118.592574428,0 %, 1690 MHz, 39, 7.01 W
1788686118.693047955,0 %, 1690 MHz, 39, 7.03 W
1788686118.793284840,0 %, 1690 MHz, 39, 7.03 W
1788686118.893747903,0 %, 1690 MHz, 39, 7.03 W
1788686118.993973028,0 %, 1690 MHz, 39, 7.03 W
1788686119.094220267,0 %, 1690 MHz, 39, 7.03 W
1788686119.194660385,0 %, 1690 MHz, 39, 7.03 W
1788686119.295170439,0 %, 1690 MHz, 39, 7.03 W
1788686119.395655421,0 %, 1690 MHz, 39, 7.03 W
1788686119.496105235,0 %, 1690 MHz, 39, 7.03 W
1788686119.596624890,0 %, 1690 MHz, 39, 7.03 W
1788686119.697110480,0 %, 1690 MHz, 39, 7.03 W
1788686119.797316614,0 %, 1690 MHz, 39, 7.03 W
1788686119.897875420,0 %, 1690 MHz, 39, 7.03 W
1788686119.998318130,0 %, 1690 MHz, 39, 7.03 W
1788686120.098820233,0 %, 1690 MHz, 39, 7.03 W
1788686120.199205679,0 %, 1690 MHz, 39, 7.03 W
1788686120.299680885,0 %, 1690 MHz, 39, 7.03 W
1788686120.400166220,0 %, 1690 MHz, 39, 7.03 W
1788686120.500570194,0 %, 1690 MHz, 39, 7.03 W
1788686120.600806520,0 %, 1690 MHz, 39, 7.03 W
1788686120.701188750,0 %, 1690 MHz, 40, 7.05 W
1788686120.801337684,0 %, 1690 MHz, 40, 7.05 W
1788686120.901763834,0 %, 1690 MHz, 40, 7.05 W
1788686121.002168321,0 %, 1690 MHz, 40, 7.05 W
1788686121.102483207,0 %, 1690 MHz, 40, 7.05 W
1788686121.202933485,0 %, 1690 MHz, 40, 7.07 W
1788686121.303346804,0 %, 1690 MHz, 40, 7.07 W
1788686121.403787370,0 %, 1690 MHz, 40, 7.07 W
1788686121.503964176,0 %, 1690 MHz, 40, 7.07 W
1788686121.604390439,0 %, 1690 MHz, 40, 7.07 W
