1788685519.981854985,0 %, 2392 MHz, 59, 13.70 W
1788685520.082946676,0 %, 2392 MHz, 59, 13.70 W
1788685520.183317072,0 %, 2392 MHz, 59, 13.80 W
1788685520.283010475,0 %, 2392 MHz, 59, 13.80 W
1788685520.384006278,0 %, 2392 MHz, 59, 13.80 W
1788685520.484514994,0 %, 2392 MHz, 59, 13.80 W
1788685520.585417421,0 %, 2392 MHz, 59, 13.80 W
1788685520.685704057,0 %, 2392 MHz, 59, 14.05 W
1788685520.786271924,0 %, 2392 MHz, 59, 14.05 W
1788685520.887593471,0 %, 2392 MHz, 59, 14.05 W
1788685520.986679867,0 %, 2392 MHz, 59, 14.05 W
1788685521.087729830,0 %, 2392 MHz, 59, 14.05 W
1788685521.188522001,0 %, 2392 MHz, 59, 14.02 W
1788685521.289158925,0 %, 2392 MHz, 59, 14.02 W
1788685521.390747784,0 %, 2392 MHz, 59, 14.02 W
1788685521.490548324,0 %, 2392 MHz, 59, 14.02 W
1788685521.591213823,0 %, 2392 MHz, 59, 14.02 W
1788685521.691942170,0 %, 2392 MHz, 59, 13.85 W
1788685521.792728966,0 %, 2392 MHz, 59, 13.85 W
1788685521.893309857,0 %, 2392 MHz, 59, 13.85 W
1788685521.993247197,0 %, 2392 MHz, 59, 13.85 W
1788685522.093875768,0 %, 2392 MHz, 59, 13.85 W
1788685522.193734388,1 %, 2392 MHz, 58, 13.61 W
1788685522.294961727,1 %, 2392 MHz, 58, 13.61 W
1788685522.395442314,1 %, 2392 MHz, 58, 13.61 W
1788685522.495936966,1 %, 2392 MHz, 58, 13.61 W
1788685522.596592433,1 %, 2392 MHz, 58, 13.61 W
1788685522.695946317,1 %, 2392 MHz, 58, 13.80 W
1788685522.796701912,1 %, 2392 MHz, 58, 13.80 W
1788685522.897820036,1 %, 2392 MHz, 58, 13.80 W
1788685522.997765871,1 %, 2392 MHz, 58, 13.80 W
1788685523.098908106,1 %, 2392 MHz, 58, 13.80 W
1788685523.198408646,0 %, 2392 MHz, 58, 13.91 W
1788685523.300305137,0 %, 2392 MHz, 58, 13.91 W
1788685523.400154989,0 %, 2392 MHz, 58, 13.91 W
1788685523.500022393,0 %, 2392 MHz, 58, 13.91 W
1788685523.600767124,0 %, 2392 MHz, 58, 13.91 W
1788685523.701038768,0 %, 2392 MHz, 58, 13.68 W
1788685523.800880251,0 %, 2392 MHz, 58, 13.68 W
1788685523.902383414,0 %, 2392 MHz, 58, 13.68 W
1788685524.001449426,0 %, 2392 MHz, 58, 13.68 W
1788685524.102152318,0 %, 2392 MHz, 58, 13.68 W
1788685524.202958393,0 %, 2392 MHz, 58, 13.45 W
1788685524.303499077,0 %, 2392 MHz, 58, 13.45 W
1788685524.404469936,0 %, 2392 MHz, 58, 13.45 W
1788685524.504119036,0 %, 2392 MHz, 58, 13.45 W
1788685524.605389015,0 %, 2392 MHz, 58, 13.45 W
1788685524.706220754,0 %, 2392 MHz, 58, 13.43 W
1788685524.806691438,0 %, 2392 MHz, 58, 13.43 W
1788685524.906472714,0 %, 2392 MHz, 58, 13.43 W
1788685525.006114869,0 %, 2392 MHz, 58, 13.43 W
1788685525.107901297,0 %, 2392 MHz, 58, 13.43 W
1788685525.208702204,0 %, 2392 MHz, 57, 13.40 W
1788685525.308388520,0 %, 2392 MHz, 57, 13.40 W
1788685525.409065491,0 %, 2392 MHz, 57, 13.40 W
1788685525.510153919,0 %, 2392 MHz, 57, 13.40 W
1788685525.610411530,0 %, 2392 MHz, 57, 13.40 W
1788685525.711575766,0 %, 2392 MHz, 57, 13.38 W
1788685525.811814929,0 %, 2392 MHz, 57, 13.38 W
1788685525.912750909,0 %, 2392 MHz, 57, 13.38 W
1788685526.011718233,0 %, 2392 MHz, 57, 13.38 W
1788685526.113524612,0 %, 2392 MHz, 57, 13.38 W
1788685526.213462656,0 %, 2392 MHz, 57, 13.36 W
1788685526.314014123,0 %, 2392 MHz, 57, 13.36 W
1788685526.414524807,0 %, 2392 MHz, 57, 13.36 W
1788685526.514851890,0 %, 2392 MHz, 57, 13.36 W
1788685526.615749726,0 %, 2392 MHz, 57, 13.36 W
1788685526.716277545,0 %, 2392 MHz, 57, 13.34 W
1788685526.816509397,0 %, 2392 MHz, 57, 13.34 W
1788685526.917363681,0 %, 2392 MHz, 57, 13.34 W
1788685527.016845340,0 %, 2392 MHz, 57, 13.34 W
1788685527.117826072,0 %, 2392 MHz, 57, 13.34 W
1788685527.218008180,0 %, 2392 MHz, 57, 13.33 W
1788685527.318654111,0 %, 2392 MHz, 57, 13.33 W
1788685527.419165947,0 %, 2392 MHz, 57, 13.33 W
1788685527.519398326,0 %, 2392 MHz, 57, 13.33 W
1788685527.619667858,0 %, 2392 MHz, 57, 13.33 W
1788685527.720558654,0 %, 2392 MHz, 57, 13.31 W
1788685527.820118650,0 %, 2392 MHz, 57, 13.31 W
1788685527.921400197,0 %, 2392 MHz, 57, 13.31 W
1788685528.020925857,0 %, 2392 MHz, 57, 13.31 W
1788685528.121631420,0 %, 2392 MHz, 57, 13.31 W
1788685528.222102664,0 %, 2392 MHz, 57, 13.31 W
1788685528.322431492,0 %, 2392 MHz, 57, 13.31 W
1788685528.423415167,0 %, 2392 MHz, 57, 13.31 W
1788685528.523588555,0 %, 2392 MHz, 57, 13.31 W
1788685528.624285783,0 %, 2392 MHz, 57, 13.31 W
1788685528.724592834,0 %, 2392 MHz, 56, 13.29 W
1788685528.825142670,0 %, 2392 MHz, 56, 13.29 W
1788685528.925886217,0 %, 2392 MHz, 56, 13.29 W
1788685529.025696517,0 %, 2392 MHz, 56, 13.29 W
1788685529.126003217,0 %, 2392 MHz, 56, 13.29 W
1788685529.226576045,0 %, 2392 MHz, 56, 13.25 W
1788685529.326914040,0 %, 2392 MHz, 56, 13.25 W
1788685529.427631188,0 %, 2392 MHz, 56, 13.25 W
1788685529.528464800,0 %, 2392 MHz, 56, 13.25 W
1788685529.628684843,0 %, 2392 MHz, 56, 13.25 W
1788685529.729071095,0 %, 2392 MHz, 56, 13.23 W
1788685529.829968739,0 %, 2392 MHz, 56, 13.23 W
1788685529.930409070,0 %, 2392 MHz, 56, 13.23 W
1788685530.030471738,0 %, 2392 MHz, 56, 13.23 W
1788685530.131461254,0 %, 2392 MHz, 56, 13.23 W
1788685530.231666977,0 %, 2392 MHz, 56, 13.22 W
1788685530.332164013,0 %, 2392 MHz, 56, 13.22 W
1788685530.433215465,0 %, 2392 MHz, 56, 13.22 W
1788685530.533577029,0 %, 2392 MHz, 56, 13.22 W
1788685530.634230144,0 %, 2392 MHz, 56, 13.22 W
1788685530.734661196,0 %, 2392 MHz, 56, 13.21 W
1788685530.834980440,0 %, 2392 MHz, 56, 13.21 W
1788685530.935551987,0 %, 2392 MHz, 56, 13.21 W
1788685531.035048847,0 %, 2392 MHz, 56, 13.21 W
1788685531.135712331,0 %, 2392 MHz, 56, 13.21 W
1788685531.236900663,0 %, 2392 MHz, 56, 13.20 W
1788685531.337241522,0 %, 2392 MHz, 56, 13.20 W
1788685531.437856542,0 %, 2392 MHz, 56, 13.20 W
1788685531.537649898,0 %, 2392 MHz, 56, 13.20 W
1788685531.638417350,0 %, 2392 MHz, 56, 13.20 W
1788685531.739257281,0 %, 2392 MHz, 56, 13.20 W
1788685531.839830733,0 %, 2392 MHz, 56, 13.20 W
1788685531.940376441,0 %, 2392 MHz, 56, 13.20 W
1788685532.040136277,0 %, 2392 MHz, 56, 13.20 W
1788685532.141307488,0 %, 2392 MHz, 56, 13.20 W
1788685532.241718764,0 %, 2392 MHz, 56, 13.18 W
1788685532.342532040,0 %, 2392 MHz, 56, 13.18 W
1788685532.442833316,0 %, 2392 MHz, 56, 13.18 W
1788685532.543282032,0 %, 2392 MHz, 56, 13.18 W
1788685532.643498203,0 %, 2392 MHz, 56, 13.18 W
1788685532.743267271,0 %, 2392 MHz, 56, 13.15 W
1788685532.844357859,0 %, 2392 MHz, 56, 13.15 W
1788685532.944608959,0 %, 2392 MHz, 56, 13.15 W
1788685533.044361467,0 %, 2392 MHz, 56, 13.15 W
1788685533.146339862,0 %, 2392 MHz, 56, 13.15 W
1788685533.246298930,0 %, 2392 MHz, 55, 13.17 W
1788685533.347018382,0 %, 2392 MHz, 55, 13.17 W
1788685533.447854474,0 %, 2392 MHz, 55, 13.17 W
1788685533.547630006,0 %, 2392 MHz, 55, 13.17 W
1788685533.648063329,0 %, 2392 MHz, 55, 13.17 W
1788685533.748902205,0 %, 2392 MHz, 55, 13.15 W
1788685533.849288841,0 %, 2392 MHz, 55, 13.15 W
1788685533.949911189,0 %, 2392 MHz, 55, 13.15 W
1788685534.049726561,0 %, 2392 MHz, 55, 13.15 W
1788685534.150972492,0 %, 2392 MHz, 55, 13.15 W
1788685534.251009448,0 %, 2392 MHz, 55, 13.12 W
1788685534.352359524,0 %, 2392 MHz, 55, 13.12 W
1788685534.452129456,0 %, 2392 MHz, 55, 13.12 W
1788685534.553167564,0 %, 2392 MHz, 55, 13.12 W
1788685534.653671176,0 %, 2392 MHz, 55, 13.12 W
1788685534.754029524,0 %, 2392 MHz, 55, 13.11 W
1788685534.854315919,0 %, 2392 MHz, 55, 13.11 W
1788685534.954629051,0 %, 2392 MHz, 55, 13.11 W
1788685535.054445031,0 %, 2392 MHz, 55, 13.11 W
1788685535.154748019,0 %, 2392 MHz, 55, 13.11 W
1788685535.255675615,0 %, 2392 MHz, 55, 13.12 W
1788685535.356092875,0 %, 2392 MHz, 55, 13.12 W
1788685535.456039879,0 %, 2392 MHz, 55, 13.12 W
1788685535.555323107,0 %, 2392 MHz, 55, 13.12 W
1788685535.656584271,0 %, 2392 MHz, 55, 13.12 W
1788685535.756821115,0 %, 2392 MHz, 55, 13.13 W
1788685535.857258135,0 %, 2392 MHz, 55, 13.13 W
1788685535.958444162,0 %, 2392 MHz, 55, 13.13 W
1788685536.057679054,0 %, 2392 MHz, 55, 13.13 W
1788685536.159282906,0 %, 2392 MHz, 55, 13.13 W
1788685536.259118582,0 %, 2392 MHz, 55, 13.13 W
1788685536.359938370,0 %, 2392 MHz, 55, 13.13 W
1788685536.460006030,0 %, 2392 MHz, 55, 13.13 W
1788685536.560456218,0 %, 2392 MHz, 55, 13.13 W
1788685536.660711190,0 %, 2392 MHz, 55, 13.09 W
1788685536.761128034,0 %, 2392 MHz, 55, 13.09 W
1788685536.861643950,0 %, 2392 MHz, 55, 13.09 W
1788685536.962414410,0 %, 2392 MHz, 55, 13.09 W
1788685537.061760358,0 %, 2392 MHz, 55, 13.09 W
1788685537.162815138,0 %, 2392 MHz, 55, 13.07 W
1788685537.263820925,0 %, 2392 MHz, 55, 13.07 W
1788685537.364792457,0 %, 2392 MHz, 55, 13.07 W
1788685537.464826917,0 %, 2392 MHz, 55, 13.07 W
1788685537.565224337,0 %, 2392 MHz, 55, 13.07 W
1788685537.665717101,0 %, 2392 MHz, 55, 13.32 W
1788685537.768386377,0 %, 2392 MHz, 55, 13.32 W
1788685537.866091461,0 %, 2392 MHz, 55, 13.32 W
1788685537.966304481,0 %, 2392 MHz, 55, 13.32 W
1788685538.066224685,0 %, 2392 MHz, 55, 13.32 W
1788685538.167170393,0 %, 2392 MHz, 55, 14.66 W
1788685538.267422069,0 %, 2392 MHz, 55, 14.66 W
1788685538.368024881,0 %, 2392 MHz, 55, 14.66 W
1788685538.467950669,0 %, 2392 MHz, 55, 14.66 W
1788685538.568421145,0 %, 2392 MHz, 55, 14.66 W
1788685538.668494197,0 %, 2392 MHz, 54, 14.45 W
1788685538.769000177,0 %, 2392 MHz, 54, 14.45 W
1788685538.869963645,0 %, 2392 MHz, 54, 14.45 W
1788685538.969887529,0 %, 2392 MHz, 54, 14.45 W
1788685539.070160421,0 %, 2392 MHz, 54, 14.45 W
1788685539.170906129,0 %, 2392 MHz, 54, 13.07 W
1788685539.271561501,0 %, 2392 MHz, 54, 13.07 W
1788685539.372408089,0 %, 2392 MHz, 54, 13.07 W
1788685539.472974501,0 %, 2392 MHz, 54, 13.07 W
1788685539.573723361,0 %, 2392 MHz, 54, 13.07 W
1788685539.674351581,0 %, 2392 MHz, 54, 13.02 W
1788685539.775075897,0 %, 2392 MHz, 54, 13.02 W
1788685539.875695477,0 %, 2392 MHz, 54, 13.02 W
1788685539.975783521,0 %, 2392 MHz, 54, 13.02 W
1788685540.075860733,0 %, 2392 MHz, 54, 13.02 W
1788685540.176286473,0 %, 2392 MHz, 54, 13.00 W
1788685540.276921573,0 %, 2392 MHz, 54, 13.00 W
1788685540.377714033,0 %, 2392 MHz, 54, 13.00 W
1788685540.477610366,0 %, 2392 MHz, 54, 13.00 W
1788685540.578362985,0 %, 2392 MHz, 54, 13.00 W
1788685540.678108966,0 %, 2392 MHz, 54, 13.00 W
1788685540.778254178,0 %, 2392 MHz, 54, 13.00 W
1788685540.878492622,0 %, 2392 MHz, 54, 13.00 W
1788685540.978752602,0 %, 2392 MHz, 54, 13.00 W
1788685541.079578966,0 %, 2392 MHz, 54, 13.00 W
1788685541.179333714,0 %, 2392 MHz, 54, 13.00 W
1788685541.280081342,0 %, 2392 MHz, 54, 13.00 W
1788685541.380176378,0 %, 2392 MHz, 54, 13.00 W
1788685541.480589750,0 %, 2392 MHz, 54, 13.00 W
1788685541.580514675,0 %, 2392 MHz, 54, 13.00 W
1788685541.681095855,0 %, 2392 MHz, 54, 12.97 W
1788685541.781778715,0 %, 2392 MHz, 54, 12.97 W
1788685541.882005543,0 %, 2392 MHz, 54, 12.97 W
1788685541.982377139,0 %, 2392 MHz, 54, 12.97 W
1788685542.082439087,0 %, 2392 MHz, 54, 12.97 W
1788685542.182447883,0 %, 2392 MHz, 54, 12.95 W
1788685542.282972327,0 %, 2392 MHz, 54, 12.95 W
1788685542.383224964,0 %, 2392 MHz, 54, 12.95 W
1788685542.483589216,0 %, 2392 MHz, 54, 12.95 W
1788685542.583745276,0 %, 2392 MHz, 54, 12.95 W
1788685542.684559064,0 %, 2392 MHz, 54, 12.94 W
1788685542.784329940,0 %, 2392 MHz, 54, 12.94 W
1788685542.885102304,0 %, 2392 MHz, 54, 12.94 W
1788685542.985187069,0 %, 2392 MHz, 54, 12.94 W
1788685543.084962777,0 %, 2392 MHz, 54, 12.94 W
1788685543.185113733,0 %, 2392 MHz, 54, 12.96 W
1788685543.285788417,0 %, 2392 MHz, 54, 12.96 W
1788685543.385812749,0 %, 2392 MHz, 54, 12.96 W
1788685543.486242105,0 %, 2392 MHz, 54, 12.96 W
1788685543.586015446,0 %, 2392 MHz, 54, 12.96 W
1788685543.686878498,0 %, 2392 MHz, 53, 12.97 W
1788685543.787493982,0 %, 2392 MHz, 53, 12.97 W
1788685543.887590762,0 %, 2392 MHz, 53, 12.97 W
1788685543.988092614,0 %, 2392 MHz, 53, 12.97 W
1788685544.088139539,0 %, 2392 MHz, 53, 12.97 W
1788685544.188598351,0 %, 2392 MHz, 53, 12.94 W
1788685544.289357083,0 %, 2392 MHz, 53, 12.94 W
1788685544.389048439,0 %, 2392 MHz, 53, 12.94 W
1788685544.489126915,0 %, 2392 MHz, 53, 12.94 W
1788685544.589403792,0 %, 2392 MHz, 53, 12.94 W
1788685544.690138156,0 %, 2392 MHz, 53, 12.91 W
1788685544.790438600,0 %, 2392 MHz, 53, 12.91 W
1788685544.890337524,0 %, 2392 MHz, 53, 12.91 W
1788685544.990224065,0 %, 2392 MHz, 53, 12.91 W
1788685545.090534397,0 %, 2392 MHz, 53, 12.91 W
1788685545.191570201,0 %, 2392 MHz, 53, 12.94 W
1788685545.292055509,0 %, 2392 MHz, 53, 12.94 W
1788685545.391432482,0 %, 2392 MHz, 53, 12.94 W
1788685545.492153326,0 %, 2392 MHz, 53, 12.94 W
1788685545.592325754,0 %, 2392 MHz, 53, 12.94 W
1788685545.693111638,0 %, 2392 MHz, 53, 12.94 W
1788685545.793555058,0 %, 2392 MHz, 53, 12.94 W
1788685545.893309695,0 %, 2392 MHz, 53, 12.94 W
1788685545.993528363,0 %, 2392 MHz, 53, 12.94 W
1788685546.093447655,0 %, 2392 MHz, 53, 12.94 W
1788685546.193848500,0 %, 2392 MHz, 53, 12.92 W
1788685546.295100288,0 %, 2392 MHz, 53, 12.92 W
1788685546.394868572,0 %, 2392 MHz, 53, 12.92 W
1788685546.495033512,0 %, 2392 MHz, 53, 12.92 W
1788685546.595183781,0 %, 2392 MHz, 53, 12.92 W
1788685546.696220337,0 %, 2392 MHz, 53, 12.89 W
1788685546.796714301,0 %, 2392 MHz, 53, 12.89 W
1788685546.896698889,0 %, 2392 MHz, 53, 12.89 W
1788685546.996927094,0 %, 2392 MHz, 53, 12.89 W
1788685547.097105778,0 %, 2392 MHz, 53, 12.89 W
1788685547.197324142,0 %, 2392 MHz, 53, 12.88 W
1788685547.298156411,0 %, 2392 MHz, 53, 12.88 W
1788685547.398724023,0 %, 2392 MHz, 53, 12.88 W
1788685547.498557123,0 %, 2392 MHz, 53, 12.88 W
1788685547.598963935,0 %, 2392 MHz, 53, 12.88 W
1788685547.699343372,0 %, 2392 MHz, 53, 12.87 W
1788685547.799292936,0 %, 2392 MHz, 53, 12.87 W
1788685547.899650932,0 %, 2392 MHz, 53, 12.87 W
1788685548.000312177,0 %, 2392 MHz, 53, 12.87 W
1788685548.099978141,0 %, 2392 MHz, 53, 12.87 W
1788685548.200713593,0 %, 2392 MHz, 53, 12.89 W
1788685548.301498390,0 %, 2392 MHz, 53, 12.89 W
1788685548.401729314,0 %, 2392 MHz, 53, 12.89 W
1788685548.501615502,0 %, 2392 MHz, 53, 12.89 W
1788685548.601959451,0 %, 2392 MHz, 53, 12.89 W
1788685548.702739895,0 %, 2392 MHz, 53, 12.89 W
1788685548.803016163,0 %, 2392 MHz, 53, 12.89 W
1788685548.903708816,0 %, 2392 MHz, 53, 12.89 W
1788685549.004115596,0 %, 2392 MHz, 53, 12.89 W
1788685549.104009896,0 %, 2392 MHz, 53, 12.89 W
1788685549.204030261,0 %, 2392 MHz, 53, 12.85 W
1788685549.304774001,0 %, 2392 MHz, 53, 12.85 W
1788685549.404943053,0 %, 2392 MHz, 53, 12.85 W
1788685549.505196826,0 %, 2392 MHz, 53, 12.85 W
1788685549.605609942,0 %, 2392 MHz, 53, 12.85 W
1788685549.705870707,0 %, 2392 MHz, 53, 12.85 W
1788685549.806093535,0 %, 2392 MHz, 53, 12.85 W
1788685549.906557291,0 %, 2392 MHz, 53, 12.85 W
1788685550.006862552,0 %, 2392 MHz, 53, 12.85 W
1788685550.107535348,0 %, 2392 MHz, 53, 12.85 W
1788685550.207609793,0 %, 2405 MHz, 53, 12.86 W
1788685550.308402893,0 %, 2405 MHz, 53, 12.86 W
1788685550.408128329,0 %, 2405 MHz, 53, 12.86 W
1788685550.508401334,0 %, 2405 MHz, 53, 12.86 W
1788685550.608552146,0 %, 2405 MHz, 53, 12.86 W
1788685550.708811183,0 %, 2405 MHz, 52, 12.85 W
1788685550.809036091,0 %, 2405 MHz, 52, 12.85 W
1788685550.909870583,0 %, 2405 MHz, 52, 12.85 W
1788685551.009843668,0 %, 2405 MHz, 52, 12.85 W
1788685551.109760320,0 %, 2405 MHz, 52, 12.85 W
1788685551.210529181,0 %, 2405 MHz, 52, 12.83 W
1788685551.311151929,0 %, 2405 MHz, 52, 12.83 W
1788685551.411191942,0 %, 2405 MHz, 52, 12.83 W
1788685551.512517810,0 %, 2405 MHz, 52, 12.83 W
1788685551.612260814,0 %, 2405 MHz, 52, 12.83 W
1788685551.712583003,0 %, 2405 MHz, 52, 12.82 W
1788685551.813792839,0 %, 2405 MHz, 52, 12.82 W
1788685551.913349764,0 %, 2405 MHz, 52, 12.82 W
1788685552.013555760,0 %, 2405 MHz, 52, 12.82 W
1788685552.113578221,0 %, 2405 MHz, 52, 12.82 W
1788685552.214569673,0 %, 2405 MHz, 52, 12.82 W
1788685552.314643861,0 %, 2405 MHz, 52, 12.82 W
1788685552.414971858,0 %, 2405 MHz, 52, 12.82 W
1788685552.515147678,0 %, 2405 MHz, 52, 12.82 W
1788685552.615539003,0 %, 2405 MHz, 52, 12.82 W
1788685552.715855623,0 %, 2405 MHz, 52, 12.81 W
1788685552.815922660,0 %, 2405 MHz, 52, 12.81 W
1788685552.915973760,0 %, 2405 MHz, 52, 12.81 W
1788685553.016749421,0 %, 2405 MHz, 52, 12.81 W
1788685553.116772649,0 %, 2405 MHz, 52, 12.81 W
1788685553.217532198,0 %, 2405 MHz, 52, 12.82 W
1788685553.317772274,0 %, 2405 MHz, 52, 12.82 W
1788685553.417807647,0 %, 2405 MHz, 52, 12.82 W
1788685553.517906667,0 %, 2405 MHz, 52, 12.82 W
1788685553.618420376,0 %, 2405 MHz, 52, 12.82 W
1788685553.718383124,0 %, 2405 MHz, 52, 12.81 W
1788685553.818669985,0 %, 2405 MHz, 52, 12.81 W
1788685553.919864973,0 %, 2405 MHz, 52, 12.81 W
1788685554.019311450,0 %, 2405 MHz, 52, 12.81 W
1788685554.119689974,0 %, 2405 MHz, 52, 12.81 W
1788685554.220078179,0 %, 2405 MHz, 52, 12.78 W
1788685554.319952063,0 %, 2405 MHz, 52, 12.78 W
1788685554.420542412,0 %, 2405 MHz, 52, 12.78 W
1788685554.520764936,0 %, 2405 MHz, 52, 12.78 W
1788685554.620547589,0 %, 2405 MHz, 52, 12.78 W
1788685554.721019474,0 %, 2405 MHz, 52, 12.78 W
1788685554.821757646,0 %, 2405 MHz, 52, 12.78 W
1788685554.921379083,0 %, 2405 MHz, 52, 12.78 W
1788685555.021631751,0 %, 2405 MHz, 52, 12.78 W
1788685555.121975972,0 %, 2405 MHz, 52, 12.78 W
1788685555.222557216,0 %, 2405 MHz, 52, 12.78 W
1788685555.323603277,0 %, 2405 MHz, 52, 12.78 W
1788685555.423491401,0 %, 2405 MHz, 52, 12.78 W
1788685555.524270694,0 %, 2405 MHz, 52, 12.78 W
1788685555.623682595,0 %, 2405 MHz, 52, 12.78 W
1788685555.724126767,0 %, 2405 MHz, 52, 12.78 W
1788685555.824492828,0 %, 2405 MHz, 52, 12.78 W
1788685555.924694120,0 %, 2405 MHz, 52, 12.78 W
1788685556.024702901,0 %, 2405 MHz, 52, 12.78 W
1788685556.125426033,0 %, 2405 MHz, 52, 12.78 W
1788685556.225129566,0 %, 2405 MHz, 52, 12.77 W
1788685556.325392091,0 %, 2405 MHz, 52, 12.77 W
1788685556.425869463,0 %, 2405 MHz, 52, 12.77 W
1788685556.526282948,0 %, 2405 MHz, 52, 12.77 W
1788685556.626540288,0 %, 2405 MHz, 52, 12.77 W
1788685556.726791405,0 %, 2405 MHz, 52, 12.75 W
1788685556.827301354,0 %, 2405 MHz, 52, 12.75 W
1788685556.927547526,0 %, 2405 MHz, 52, 12.75 W
1788685557.028713187,0 %, 2405 MHz, 52, 12.75 W
1788685557.128396863,0 %, 2405 MHz, 52, 12.75 W
1788685557.228514220,0 %, 2405 MHz, 52, 12.74 W
1788685557.329623769,0 %, 2405 MHz, 52, 12.74 W
1788685557.429212885,0 %, 2405 MHz, 52, 12.74 W
1788685557.529341490,0 %, 2405 MHz, 52, 12.74 W
1788685557.629665551,0 %, 2405 MHz, 52, 12.74 W
1788685557.729802731,0 %, 2405 MHz, 52, 12.74 W
1788685557.830014264,0 %, 2405 MHz, 52, 12.74 W
1788685557.930260629,0 %, 2405 MHz, 52, 12.74 W
1788685558.030886929,0 %, 2405 MHz, 52, 12.74 W
1788685558.131015422,0 %, 2405 MHz, 52, 12.74 W
1788685558.231932586,0 %, 2405 MHz, 52, 12.70 W
1788685558.332331543,0 %, 2405 MHz, 52, 12.70 W
1788685558.432139716,0 %, 2405 MHz, 52, 12.70 W
1788685558.532562880,0 %, 2405 MHz, 52, 12.70 W
1788685558.632715261,0 %, 2405 MHz, 52, 12.70 W
1788685558.733541178,0 %, 2405 MHz, 51, 12.64 W
1788685558.833738918,0 %, 2405 MHz, 51, 12.64 W
1788685558.934309171,0 %, 2405 MHz, 51, 12.64 W
1788685559.034053536,0 %, 2405 MHz, 51, 12.64 W
1788685559.134153772,0 %, 2405 MHz, 51, 12.64 W
1788685559.234018025,0 %, 2405 MHz, 51, 12.62 W
1788685559.334291990,0 %, 2405 MHz, 51, 12.62 W
1788685559.434909875,0 %, 2405 MHz, 51, 12.62 W
1788685559.535765887,0 %, 2405 MHz, 51, 12.62 W
1788685559.636115420,0 %, 2405 MHz, 51, 12.62 W
1788685559.736726296,0 %, 2405 MHz, 51, 12.61 W
1788685559.837564325,0 %, 2405 MHz, 51, 12.61 W
1788685559.937875570,0 %, 2405 MHz, 51, 12.61 W
1788685560.038132526,0 %, 2405 MHz, 51, 12.61 W
1788685560.138901675,0 %, 2405 MHz, 51, 12.61 W
1788685560.238957400,2 %, 2405 MHz, 51, 12.61 W
1788685560.339062085,2 %, 2405 MHz, 51, 12.61 W
1788685560.439214945,2 %, 2405 MHz, 51, 12.61 W
1788685560.539971982,2 %, 2405 MHz, 51, 12.61 W
1788685560.640544587,2 %, 2405 MHz, 51, 12.61 W
1788685560.741219207,2 %, 2405 MHz, 51, 12.61 W
1788685560.841498436,2 %, 2405 MHz, 51, 12.61 W
1788685560.941727681,2 %, 2405 MHz, 51, 12.61 W
1788685561.042212157,2 %, 2405 MHz, 51, 12.61 W
1788685561.143021210,2 %, 2405 MHz, 51, 12.61 W
1788685561.243035783,0 %, 2405 MHz, 51, 12.59 W
1788685561.343548932,0 %, 2405 MHz, 51, 12.59 W
1788685561.444082960,0 %, 2405 MHz, 51, 12.59 W
1788685561.544849901,0 %, 2405 MHz, 51, 12.59 W
1788685561.645070922,0 %, 2405 MHz, 51, 12.59 W
1788685561.745899062,0 %, 2405 MHz, 51, 12.58 W
1788685561.846387203,0 %, 2405 MHz, 51, 12.58 W
1788685561.946522736,0 %, 2405 MHz, 51, 12.58 W
1788685562.046759373,0 %, 2405 MHz, 51, 12.58 W
1788685562.147701481,0 %, 2405 MHz, 51, 12.58 W
1788685562.247535606,0 %, 2405 MHz, 51, 12.57 W
1788685562.348511187,0 %, 2405 MHz, 51, 12.57 W
1788685562.449039360,0 %, 2405 MHz, 51, 12.57 W
1788685562.549867964,0 %, 2405 MHz, 51, 12.57 W
1788685562.650686297,0 %, 2405 MHz, 51, 12.57 W
1788685562.751074374,0 %, 2405 MHz, 51, 12.57 W
1788685562.850763683,0 %, 2405 MHz, 51, 12.57 W
1788685562.951413903,0 %, 2405 MHz, 51, 12.57 W
1788685563.051835820,0 %, 2405 MHz, 51, 12.57 W
1788685563.152734105,0 %, 2405 MHz, 51, 12.57 W
1788685563.253199414,0 %, 2405 MHz, 51, 12.59 W
1788685563.354075394,0 %, 2405 MHz, 51, 12.59 W
1788685563.454334943,0 %, 2405 MHz, 51, 12.59 W
1788685563.554044476,0 %, 2405 MHz, 51, 12.59 W
1788685563.654511321,0 %, 2405 MHz, 51, 12.59 W
1788685563.755535366,0 %, 2405 MHz, 51, 12.59 W
1788685563.855261027,0 %, 2405 MHz, 51, 12.59 W
1788685563.955614143,0 %, 2405 MHz, 51, 12.59 W
1788685564.056425084,0 %, 2405 MHz, 51, 12.59 W
1788685564.156883145,0 %, 2405 MHz, 51, 12.59 W
1788685564.257142582,0 %, 2405 MHz, 51, 12.56 W
1788685564.357929970,0 %, 2405 MHz, 51, 12.56 W
1788685564.458521599,0 %, 2405 MHz, 51, 12.56 W
1788685564.558551564,0 %, 2405 MHz, 51, 12.56 W
1788685564.659300233,0 %, 2405 MHz, 51, 12.56 W
1788685564.759656966,0 %, 2405 MHz, 51, 12.55 W
1788685564.860718850,0 %, 2405 MHz, 51, 12.55 W
1788685564.960713503,0 %, 2405 MHz, 51, 12.55 W
1788685565.062141948,0 %, 2405 MHz, 51, 12.55 W
1788685565.161714553,0 %, 2405 MHz, 51, 12.55 W
1788685565.262340486,0 %, 2405 MHz, 51, 12.55 W
1788685565.362742243,0 %, 2405 MHz, 51, 12.55 W
1788685565.463934815,0 %, 2405 MHz, 51, 12.55 W
1788685565.562569453,0 %, 2405 MHz, 51, 12.55 W
1788685565.663530729,0 %, 2405 MHz, 51, 12.57 W
1788685565.763714998,0 %, 2405 MHz, 51, 12.57 W
1788685565.863806723,0 %, 2405 MHz, 51, 12.57 W
1788685565.963595184,0 %, 2405 MHz, 51, 12.57 W
1788685566.064715629,0 %, 2405 MHz, 51, 12.57 W
1788685566.164513162,0 %, 2405 MHz, 51, 12.58 W
1788685566.265841975,0 %, 2405 MHz, 51, 12.58 W
1788685566.364954324,0 %, 2405 MHz, 51, 12.58 W
1788685566.465338625,0 %, 2405 MHz, 51, 12.58 W
1788685566.565186366,0 %, 2405 MHz, 51, 12.58 W
1788685566.665391707,0 %, 2405 MHz, 51, 12.57 W
1788685566.765599016,0 %, 2405 MHz, 51, 12.57 W
1788685566.865772228,0 %, 2405 MHz, 51, 12.57 W
1788685566.965965569,0 %, 2405 MHz, 51, 12.57 W
1788685567.066504014,0 %, 2405 MHz, 51, 12.57 W
1788685567.167178427,0 %, 2405 MHz, 51, 12.56 W
1788685567.267526360,0 %, 2405 MHz, 51, 12.56 W
1788685567.367850373,0 %, 2405 MHz, 51, 12.56 W
1788685567.468101714,0 %, 2405 MHz, 51, 12.56 W
1788685567.568293679,0 %, 2405 MHz, 51, 12.56 W
1788685567.668579660,0 %, 2405 MHz, 51, 12.53 W
1788685567.769273545,0 %, 2405 MHz, 51, 12.53 W
1788685567.869537190,0 %, 2405 MHz, 51, 12.53 W
1788685567.969363875,0 %, 2405 MHz, 51, 12.53 W
1788685568.070002176,0 %, 2405 MHz, 51, 12.53 W
1788685568.170513725,0 %, 2405 MHz, 51, 12.53 W
1788685568.270547002,0 %, 2405 MHz, 51, 12.53 W
1788685568.370959431,0 %, 2405 MHz, 51, 12.53 W
1788685568.471141524,0 %, 2405 MHz, 51, 12.53 W
1788685568.571812704,0 %, 2405 MHz, 51, 12.53 W
1788685568.672824349,0 %, 2405 MHz, 50, 12.54 W
1788685568.772500650,0 %, 2405 MHz, 50, 12.54 W
1788685568.872638807,0 %, 2405 MHz, 50, 12.54 W
1788685568.973025812,0 %, 2405 MHz, 50, 12.54 W
1788685569.074595841,0 %, 2405 MHz, 50, 12.54 W
1788685569.174617454,0 %, 2405 MHz, 50, 12.53 W
1788685569.273913723,0 %, 2405 MHz, 50, 12.53 W
1788685569.374688584,0 %, 2405 MHz, 50, 12.53 W
1788685569.474877589,0 %, 2405 MHz, 50, 12.53 W
1788685569.575119666,0 %, 2405 MHz, 50, 12.53 W
1788685569.675513343,0 %, 2405 MHz, 50, 12.55 W
1788685569.776109820,0 %, 2405 MHz, 50, 12.55 W
1788685569.876517769,0 %, 2405 MHz, 50, 12.55 W
1788685569.976698470,0 %, 2405 MHz, 50, 12.55 W
1788685570.077270355,0 %, 2405 MHz, 50, 12.55 W
1788685570.177675040,0 %, 2405 MHz, 50, 12.54 W
1788685570.277169293,0 %, 2405 MHz, 50, 12.54 W
1788685570.378240250,0 %, 2405 MHz, 50, 12.54 W
1788685570.478810599,0 %, 2405 MHz, 50, 12.54 W
1788685570.579776004,0 %, 2405 MHz, 50, 12.54 W
1788685570.680327921,0 %, 2405 MHz, 50, 12.52 W
1788685570.780696590,0 %, 2405 MHz, 50, 12.52 W
1788685570.881084459,0 %, 2405 MHz, 50, 12.52 W
1788685570.981751064,0 %, 2405 MHz, 50, 12.52 W
1788685571.082251221,0 %, 2405 MHz, 50, 12.52 W
1788685571.182842562,0 %, 2405 MHz, 50, 12.51 W
1788685571.282660559,0 %, 2405 MHz, 50, 12.51 W
1788685571.384145852,0 %, 2405 MHz, 50, 12.51 W
1788685571.484975129,0 %, 2405 MHz, 50, 12.51 W
1788685571.584909046,0 %, 2405 MHz, 50, 12.51 W
1788685571.685338739,0 %, 2405 MHz, 50, 12.51 W
1788685571.785759776,0 %, 2405 MHz, 50, 12.51 W
1788685571.886543261,0 %, 2405 MHz, 50, 12.51 W
1788685571.986717194,0 %, 2405 MHz, 50, 12.51 W
1788685572.088103223,0 %, 2405 MHz, 50, 12.51 W
1788685572.188201412,0 %, 2405 MHz, 50, 12.51 W
1788685572.288722561,0 %, 2405 MHz, 50, 12.51 W
1788685572.389401534,0 %, 2405 MHz, 50, 12.51 W
1788685572.490116892,0 %, 2405 MHz, 50, 12.51 W
1788685572.590739097,0 %, 2405 MHz, 50, 12.51 W
1788685572.691234870,0 %, 2405 MHz, 50, 12.51 W
1788685572.791637091,0 %, 2405 MHz, 50, 12.51 W
1788685572.891464864,0 %, 2405 MHz, 50, 12.51 W
1788685572.992537165,0 %, 2405 MHz, 50, 12.51 W
1788685573.092934890,0 %, 2405 MHz, 50, 12.51 W
1788685573.193666935,0 %, 2405 MHz, 50, 12.53 W
1788685573.294527332,0 %, 2405 MHz, 50, 12.53 W
1788685573.394380113,0 %, 2405 MHz, 50, 12.53 W
1788685573.495458750,0 %, 2405 MHz, 50, 12.53 W
1788685573.595884123,0 %, 2405 MHz, 50, 12.53 W
1788685573.696665128,0 %, 2405 MHz, 50, 12.52 W
1788685573.797239925,0 %, 2405 MHz, 50, 12.52 W
1788685573.897675778,0 %, 2405 MHz, 50, 12.52 W
1788685573.998433056,0 %, 2405 MHz, 50, 12.52 W
1788685574.098767341,0 %, 2405 MHz, 50, 12.52 W
1788685574.199225242,0 %, 2405 MHz, 50, 12.50 W
1788685574.299924903,0 %, 2405 MHz, 50, 12.50 W
1788685574.400302180,0 %, 2405 MHz, 50, 12.50 W
1788685574.501401105,0 %, 2405 MHz, 50, 12.50 W
1788685574.601677758,0 %, 2405 MHz, 50, 12.50 W
1788685574.702195563,0 %, 2405 MHz, 50, 12.49 W
1788685574.802771256,0 %, 2405 MHz, 50, 12.49 W
1788685574.903248710,0 %, 2405 MHz, 50, 12.49 W
1788685575.003796803,0 %, 2405 MHz, 50, 12.49 W
1788685575.104626944,0 %, 2405 MHz, 50, 12.49 W
1788685575.204883853,0 %, 2405 MHz, 50, 12.49 W
1788685575.305321066,0 %, 2405 MHz, 50, 12.49 W
1788685575.406107479,0 %, 2405 MHz, 50, 12.49 W
1788685575.506535812,0 %, 2405 MHz, 50, 12.49 W
1788685575.606819410,0 %, 2405 MHz, 50, 12.49 W
1788685575.707754927,0 %, 2405 MHz, 50, 12.49 W
1788685575.808208988,0 %, 2405 MHz, 50, 12.49 W
1788685575.908571497,0 %, 2405 MHz, 50, 12.49 W
1788685576.009368886,0 %, 2405 MHz, 50, 12.49 W
1788685576.109773955,0 %, 2405 MHz, 50, 12.49 W
1788685576.210551936,0 %, 2405 MHz, 50, 12.49 W
1788685576.310969902,0 %, 2405 MHz, 50, 12.49 W
1788685576.411182219,0 %, 2405 MHz, 50, 12.49 W
1788685576.511799864,0 %, 2405 MHz, 50, 12.49 W
1788685576.612186917,0 %, 2405 MHz, 50, 12.49 W
1788685576.712936210,0 %, 2405 MHz, 50, 12.48 W
1788685576.814002655,0 %, 2405 MHz, 50, 12.48 W
1788685576.914232477,0 %, 2405 MHz, 50, 12.48 W
1788685577.014568170,0 %, 2405 MHz, 50, 12.48 W
1788685577.114182903,0 %, 2405 MHz, 50, 12.48 W
1788685577.215528580,0 %, 2405 MHz, 50, 12.45 W
1788685577.316229345,0 %, 2405 MHz, 50, 12.45 W
1788685577.416887695,0 %, 2405 MHz, 50, 12.45 W
1788685577.517587868,0 %, 2405 MHz, 50, 12.45 W
1788685577.618327193,0 %, 2405 MHz, 50, 12.45 W
1788685577.718710998,0 %, 2405 MHz, 50, 12.46 W
1788685577.819835779,0 %, 2405 MHz, 50, 12.46 W
1788685577.918877665,0 %, 2405 MHz, 50, 12.46 W
1788685578.020141118,0 %, 2405 MHz, 50, 12.46 W
1788685578.119631099,0 %, 2405 MHz, 50, 12.46 W
1788685578.220676408,0 %, 2405 MHz, 50, 12.49 W
1788685578.321450374,0 %, 2405 MHz, 50, 12.49 W
1788685578.421498035,0 %, 2405 MHz, 50, 12.49 W
1788685578.522265840,0 %, 2405 MHz, 50, 12.49 W
1788685578.622848301,0 %, 2405 MHz, 50, 12.49 W
1788685578.723746618,0 %, 2405 MHz, 50, 12.49 W
1788685578.824720344,0 %, 2405 MHz, 50, 12.49 W
1788685578.924831365,0 %, 2405 MHz, 50, 12.49 W
1788685579.025255570,0 %, 2405 MHz, 50, 12.49 W
1788685579.124911232,0 %, 2405 MHz, 50, 12.49 W
1788685579.225106669,0 %, 2405 MHz, 50, 12.47 W
1788685579.326764602,0 %, 2405 MHz, 50, 12.47 W
1788685579.426959655,0 %, 2405 MHz, 50, 12.47 W
1788685579.528086917,0 %, 2405 MHz, 50, 12.47 W
1788685579.627925026,0 %, 2405 MHz, 50, 12.47 W
1788685579.728611567,0 %, 2405 MHz, 50, 12.45 W
1788685579.829448460,0 %, 2405 MHz, 50, 12.45 W
1788685579.929788938,0 %, 2405 MHz, 50, 12.45 W
1788685580.030979287,0 %, 2405 MHz, 50, 12.45 W
1788685580.130094772,0 %, 2405 MHz, 50, 12.45 W
1788685580.230697810,0 %, 2405 MHz, 50, 12.44 W
1788685580.331765439,0 %, 2405 MHz, 50, 12.44 W
1788685580.431509564,0 %, 2405 MHz, 50, 12.44 W
1788685580.532154730,0 %, 2405 MHz, 50, 12.44 W
1788685580.632759287,0 %, 2405 MHz, 50, 12.44 W
1788685580.733509380,0 %, 2405 MHz, 50, 12.44 W
1788685580.834417585,0 %, 2405 MHz, 50, 12.44 W
1788685580.934752591,0 %, 2405 MHz, 50, 12.44 W
1788685581.035292396,0 %, 2405 MHz, 50, 12.44 W
1788685581.134613322,0 %, 2405 MHz, 50, 12.44 W
1788685581.235887527,0 %, 2405 MHz, 49, 12.44 W
1788685581.336376452,0 %, 2405 MHz, 49, 12.44 W
1788685581.436539217,0 %, 2405 MHz, 49, 12.44 W
1788685581.537588207,0 %, 2405 MHz, 49, 12.44 W
1788685581.637884396,0 %, 2405 MHz, 49, 12.44 W
1788685581.738295321,0 %, 2405 MHz, 49, 12.44 W
1788685581.838838711,0 %, 2405 MHz, 49, 12.44 W
1788685581.939472868,0 %, 2405 MHz, 49, 12.44 W
1788685582.039770513,0 %, 2405 MHz, 49, 12.44 W
1788685582.139730111,0 %, 2405 MHz, 49, 12.44 W
1788685582.240785932,0 %, 2405 MHz, 49, 12.43 W
1788685582.341647945,0 %, 2405 MHz, 49, 12.43 W
1788685582.441407767,0 %, 2405 MHz, 49, 12.43 W
1788685582.542531412,0 %, 2405 MHz, 49, 12.43 W
1788685582.642812274,0 %, 2405 MHz, 49, 12.43 W
1788685582.743104975,0 %, 2405 MHz, 49, 12.42 W
1788685582.843360124,0 %, 2405 MHz, 49, 12.42 W
1788685582.943378170,0 %, 2405 MHz, 49, 12.42 W
1788685583.044443575,0 %, 2405 MHz, 49, 12.42 W
1788685583.143873237,0 %, 2405 MHz, 49, 12.42 W
1788685583.244520306,0 %, 2405 MHz, 49, 12.43 W
1788685583.345296527,0 %, 2405 MHz, 49, 12.43 W
1788685583.446444477,0 %, 2405 MHz, 49, 12.43 W
1788685583.546535466,0 %, 2405 MHz, 49, 12.43 W
1788685583.646951704,0 %, 2405 MHz, 49, 12.43 W
1788685583.747761989,0 %, 2405 MHz, 49, 12.44 W
1788685583.848212482,0 %, 2405 MHz, 49, 12.44 W
1788685583.948323312,0 %, 2405 MHz, 49, 12.44 W
1788685584.048699389,0 %, 2405 MHz, 49, 12.44 W
1788685584.148377291,0 %, 2405 MHz, 49, 12.44 W
1788685584.248540216,0 %, 2405 MHz, 49, 12.41 W
1788685584.349920741,0 %, 2405 MHz, 49, 12.41 W
1788685584.450258227,0 %, 2405 MHz, 49, 12.41 W
1788685584.549616113,0 %, 2405 MHz, 49, 12.41 W
1788685584.649957870,0 %, 2405 MHz, 49, 12.41 W
1788685584.750502475,0 %, 2405 MHz, 49, 12.43 W
1788685584.851217561,0 %, 2405 MHz, 49, 12.43 W
1788685584.951637542,0 %, 2405 MHz, 49, 12.43 W
1788685585.051908788,0 %, 2405 MHz, 49, 12.43 W
1788685585.152029169,0 %, 2405 MHz, 49, 12.43 W
1788685585.252616367,0 %, 2405 MHz, 49, 12.44 W
1788685585.352808892,0 %, 2405 MHz, 49, 12.44 W
1788685585.452872314,0 %, 2405 MHz, 49, 12.44 W
1788685585.553680535,0 %, 2405 MHz, 49, 12.44 W
1788685585.653625301,0 %, 2405 MHz, 49, 12.44 W
1788685585.754182018,0 %, 2405 MHz, 49, 12.40 W
1788685585.854603056,0 %, 2405 MHz, 49, 12.40 W
1788685585.955682701,0 %, 2405 MHz, 49, 12.40 W
1788685586.055785754,0 %, 2405 MHz, 49, 12.40 W
1788685586.155479736,0 %, 2405 MHz, 49, 12.40 W
1788685586.256551877,0 %, 2405 MHz, 49, 12.39 W
1788685586.357141731,0 %, 2405 MHz, 49, 12.39 W
1788685586.457508832,0 %, 2405 MHz, 49, 12.39 W
1788685586.557902318,0 %, 2405 MHz, 49, 12.39 W
1788685586.658147947,0 %, 2405 MHz, 49, 12.39 W
1788685586.758633433,0 %, 2405 MHz, 49, 12.39 W
1788685586.859255430,0 %, 2405 MHz, 49, 12.39 W
1788685586.959686788,0 %, 2405 MHz, 49, 12.39 W
1788685587.060521345,0 %, 2405 MHz, 49, 12.39 W
1788685587.159911183,0 %, 2405 MHz, 49, 12.39 W
1788685587.260932572,0 %, 2405 MHz, 49, 12.38 W
1788685587.361038170,0 %, 2405 MHz, 49, 12.38 W
1788685587.461495144,0 %, 2405 MHz, 49, 12.38 W
1788685587.562527141,0 %, 2405 MHz, 49, 12.38 W
1788685587.662852803,0 %, 2405 MHz, 49, 12.38 W
1788685587.763164624,0 %, 2405 MHz, 49, 12.39 W
1788685587.863728206,0 %, 2405 MHz, 49, 12.39 W
1788685587.963542187,0 %, 2405 MHz, 49, 12.39 W
1788685588.064555497,0 %, 2405 MHz, 49, 12.39 W
1788685588.164289126,0 %, 2405 MHz, 49, 12.39 W
1788685588.265400532,0 %, 2405 MHz, 49, 12.41 W
1788685588.365206529,0 %, 2405 MHz, 49, 12.41 W
1788685588.466093039,0 %, 2405 MHz, 49, 12.41 W
1788685588.566470941,0 %, 2405 MHz, 49, 12.41 W
1788685588.667103578,0 %, 2405 MHz, 49, 12.42 W
1788685588.767795400,0 %, 2405 MHz, 49, 12.42 W
1788685588.869032277,0 %, 2405 MHz, 49, 12.42 W
1788685588.969338371,0 %, 2405 MHz, 49, 12.42 W
1788685589.069715440,0 %, 2405 MHz, 49, 12.42 W
1788685589.169637886,0 %, 2405 MHz, 49, 12.40 W
1788685589.270958763,0 %, 2405 MHz, 49, 12.40 W
1788685589.371146633,0 %, 2405 MHz, 49, 12.40 W
1788685589.471349510,0 %, 2405 MHz, 49, 12.40 W
1788685589.571556884,0 %, 2405 MHz, 49, 12.40 W
1788685589.672281362,0 %, 2405 MHz, 49, 12.39 W
1788685589.771983295,0 %, 2405 MHz, 49, 12.39 W
1788685589.872081981,0 %, 2405 MHz, 49, 12.39 W
1788685589.972168235,0 %, 2405 MHz, 49, 12.39 W
1788685590.072529096,0 %, 2405 MHz, 49, 12.39 W
1788685590.172257782,0 %, 2405 MHz, 49, 12.39 W
1788685590.273209475,0 %, 2405 MHz, 49, 12.39 W
1788685590.372927985,0 %, 2405 MHz, 49, 12.39 W
1788685590.473665823,0 %, 2405 MHz, 49, 12.39 W
1788685590.573512845,0 %, 2405 MHz, 49, 12.39 W
1788685590.673923130,0 %, 2405 MHz, 49, 12.37 W
1788685590.774022024,0 %, 2405 MHz, 49, 12.37 W
1788685590.873864022,0 %, 2405 MHz, 49, 12.37 W
1788685590.974326227,0 %, 2405 MHz, 49, 12.37 W
1788685591.074933489,0 %, 2405 MHz, 49, 12.37 W
1788685591.174493327,0 %, 2405 MHz, 49, 12.36 W
1788685591.276154396,0 %, 2405 MHz, 49, 12.36 W
1788685591.375757994,0 %, 2405 MHz, 49, 12.36 W
1788685591.475767383,0 %, 2405 MHz, 49, 12.36 W
1788685591.576103605,0 %, 2405 MHz, 49, 12.36 W
1788685591.676538227,0 %, 2405 MHz, 49, 12.35 W
1788685591.776890384,0 %, 2405 MHz, 49, 12.35 W
1788685591.877545566,0 %, 2405 MHz, 49, 12.35 W
1788685591.977307756,0 %, 2405 MHz, 49, 12.35 W
1788685592.078017305,0 %, 2405 MHz, 49, 12.35 W
1788685592.177679015,0 %, 2405 MHz, 49, 12.37 W
1788685592.278965013,0 %, 2405 MHz, 49, 12.37 W
1788685592.380025410,0 %, 2405 MHz, 49, 12.37 W
1788685592.479028128,0 %, 2405 MHz, 49, 12.37 W
1788685592.580352174,0 %, 2405 MHz, 49, 12.37 W
1788685592.680040428,0 %, 2405 MHz, 49, 12.37 W
1788685592.780189817,0 %, 2405 MHz, 49, 12.37 W
1788685592.880464183,0 %, 2405 MHz, 49, 12.37 W
1788685592.980368197,0 %, 2405 MHz, 49, 12.37 W
1788685593.081029346,0 %, 2405 MHz, 49, 12.37 W
1788685593.180690656,0 %, 2405 MHz, 49, 12.38 W
1788685593.281751646,0 %, 2405 MHz, 49, 12.38 W
1788685593.382431900,0 %, 2405 MHz, 49, 12.38 W
1788685593.482728617,0 %, 2405 MHz, 49, 12.38 W
1788685593.582514119,0 %, 2405 MHz, 49, 12.38 W
1788685593.682949557,0 %, 2405 MHz, 49, 12.38 W
1788685593.782889603,0 %, 2405 MHz, 49, 12.38 W
1788685593.883545792,0 %, 2405 MHz, 49, 12.38 W
1788685593.984382174,0 %, 2405 MHz, 49, 12.38 W
1788685594.084651964,0 %, 2405 MHz, 49, 12.38 W
1788685594.184497113,0 %, 2405 MHz, 49, 12.35 W
1788685594.284895031,0 %, 2405 MHz, 49, 12.35 W
1788685594.385776325,0 %, 2405 MHz, 49, 12.35 W
1788685594.485828003,0 %, 2405 MHz, 49, 12.35 W
1788685594.586559072,0 %, 2405 MHz, 49, 12.35 W
1788685594.686518798,0 %, 2405 MHz, 49, 12.36 W
1788685594.786986380,0 %, 2405 MHz, 49, 12.36 W
1788685594.887245242,0 %, 2405 MHz, 49, 12.36 W
1788685594.987499911,0 %, 2405 MHz, 49, 12.36 W
1788685595.088280357,0 %, 2405 MHz, 49, 12.36 W
1788685595.188063459,0 %, 2405 MHz, 49, 12.36 W
1788685595.288005953,0 %, 2405 MHz, 49, 12.36 W
1788685595.388858718,0 %, 2405 MHz, 49, 12.36 W
1788685595.489083772,0 %, 2405 MHz, 49, 12.36 W
1788685595.590070554,0 %, 2405 MHz, 49, 12.36 W
1788685595.689725512,0 %, 2405 MHz, 49, 12.36 W
1788685595.790410806,0 %, 2405 MHz, 49, 12.36 W
1788685595.890577779,0 %, 2405 MHz, 49, 12.36 W
1788685595.990015361,0 %, 2405 MHz, 49, 12.36 W
1788685596.090341791,0 %, 2405 MHz, 49, 12.36 W
1788685596.190428957,0 %, 2405 MHz, 49, 12.38 W
1788685596.291635435,0 %, 2405 MHz, 49, 12.38 W
1788685596.390753657,0 %, 2405 MHz, 49, 12.38 W
1788685596.491728870,0 %, 2405 MHz, 49, 12.38 W
1788685596.591719316,0 %, 2405 MHz, 49, 12.38 W
1788685596.692274050,0 %, 2405 MHz, 49, 12.36 W
1788685596.792496336,0 %, 2405 MHz, 49, 12.36 W
1788685596.892754798,0 %, 2405 MHz, 49, 12.36 W
1788685596.993544459,0 %, 2405 MHz, 49, 12.36 W
1788685597.093912505,0 %, 2405 MHz, 49, 12.36 W
1788685597.193508487,0 %, 2405 MHz, 49, 12.33 W
1788685597.294371253,0 %, 2405 MHz, 49, 12.33 W
1788685597.394594179,0 %, 2405 MHz, 49, 12.33 W
1788685597.494742865,0 %, 2405 MHz, 49, 12.33 W
1788685597.594701375,0 %, 2405 MHz, 49, 12.33 W
1788685597.695655932,0 %, 2405 MHz, 48, 12.31 W
1788685597.795728746,0 %, 2405 MHz, 48, 12.31 W
1788685597.896398824,0 %, 2405 MHz, 48, 12.31 W
1788685597.995866838,0 %, 2405 MHz, 48, 12.31 W
1788685598.096924964,0 %, 2405 MHz, 48, 12.31 W
1788685598.196573954,0 %, 2405 MHz, 48, 12.32 W
1788685598.297373151,0 %, 2405 MHz, 48, 12.32 W
1788685598.397447837,0 %, 2405 MHz, 48, 12.32 W
1788685598.497723707,0 %, 2405 MHz, 48, 12.32 W
1788685598.598683561,0 %, 2405 MHz, 48, 12.32 W
1788685598.698414039,0 %, 2405 MHz, 48, 12.32 W
1788685598.798717397,0 %, 2405 MHz, 48, 12.32 W
1788685598.899172259,0 %, 2405 MHz, 48, 12.32 W
1788685598.999820209,0 %, 2405 MHz, 48, 12.32 W
1788685599.099756382,0 %, 2405 MHz, 48, 12.32 W
1788685599.199382028,0 %, 2405 MHz, 48, 12.31 W
1788685599.300578970,0 %, 2405 MHz, 48, 12.31 W
1788685599.400766840,0 %, 2405 MHz, 48, 12.31 W
1788685599.501095046,0 %, 2405 MHz, 48, 12.31 W
1788685599.601009236,0 %, 2405 MHz, 48, 12.31 W
1788685599.701717538,0 %, 2405 MHz, 48, 12.31 W
1788685599.801741984,0 %, 2405 MHz, 48, 12.31 W
1788685599.902447678,0 %, 2405 MHz, 48, 12.31 W
1788685600.002457340,0 %, 2405 MHz, 48, 12.31 W
1788685600.102698218,0 %, 2405 MHz, 48, 12.31 W
1788685600.202580456,0 %, 2405 MHz, 48, 12.31 W
1788685600.303592373,0 %, 2405 MHz, 48, 12.31 W
1788685600.402864659,0 %, 2405 MHz, 48, 12.31 W
1788685600.504185729,0 %, 2405 MHz, 48, 12.31 W
1788685600.604433631,0 %, 2405 MHz, 48, 12.31 W
1788685600.704205597,0 %, 2405 MHz, 48, 12.31 W
1788685600.804565259,0 %, 2405 MHz, 48, 12.31 W
1788685600.905244825,0 %, 2405 MHz, 48, 12.31 W
1788685601.005448599,0 %, 2405 MHz, 48, 12.31 W
1788685601.105719381,0 %, 2405 MHz, 48, 12.31 W
1788685601.205419219,0 %, 2405 MHz, 48, 12.31 W
1788685601.306551857,0 %, 2405 MHz, 48, 12.31 W
1788685601.406598655,0 %, 2405 MHz, 48, 12.31 W
1788685601.506593501,0 %, 2405 MHz, 48, 12.31 W
1788685601.607343707,0 %, 2405 MHz, 48, 12.31 W
1788685601.707640377,0 %, 2405 MHz, 48, 12.31 W
1788685601.807342071,0 %, 2405 MHz, 48, 12.31 W
1788685601.908386309,0 %, 2405 MHz, 48, 12.31 W
1788685602.008804754,0 %, 2405 MHz, 48, 12.31 W
1788685602.109391856,0 %, 2405 MHz, 48, 12.31 W
1788685602.209122558,0 %, 2405 MHz, 48, 12.29 W
1788685602.309826620,0 %, 2405 MHz, 48, 12.29 W
1788685602.409818538,0 %, 2405 MHz, 48, 12.29 W
1788685602.510751528,0 %, 2405 MHz, 48, 12.29 W
1788685602.611147830,0 %, 2405 MHz, 48, 12.29 W
1788685602.711212308,0 %, 2405 MHz, 48, 12.29 W
1788685602.811632482,0 %, 2405 MHz, 48, 12.29 W
1788685602.911790624,0 %, 2405 MHz, 48, 12.29 W
1788685603.012585038,0 %, 2405 MHz, 48, 12.29 W
1788685603.112986044,0 %, 2405 MHz, 48, 12.29 W
1788685603.212312346,0 %, 2405 MHz, 48, 12.31 W
1788685603.312990216,0 %, 2405 MHz, 48, 12.31 W
1788685603.413702150,0 %, 2405 MHz, 48, 12.31 W
1788685603.513821508,0 %, 2405 MHz, 48, 12.31 W
1788685603.614248354,0 %, 2405 MHz, 48, 12.31 W
1788685603.714515536,0 %, 2405 MHz, 48, 12.31 W
1788685603.814735406,0 %, 2405 MHz, 48, 12.31 W
1788685603.915675132,0 %, 2405 MHz, 48, 12.31 W
1788685604.015659578,0 %, 2405 MHz, 48, 12.31 W
1788685604.115914216,0 %, 2405 MHz, 48, 12.31 W
1788685604.215395159,0 %, 2405 MHz, 48, 12.30 W
1788685604.316012773,0 %, 2405 MHz, 48, 12.30 W
1788685604.416017043,0 %, 2405 MHz, 48, 12.30 W
1788685604.516298513,0 %, 2405 MHz, 48, 12.30 W
1788685604.616206447,0 %, 2405 MHz, 48, 12.30 W
1788685604.716669261,0 %, 2405 MHz, 48, 12.33 W
1788685604.817124203,0 %, 2405 MHz, 48, 12.33 W
1788685604.917622921,0 %, 2405 MHz, 48, 12.33 W
1788685605.017494903,0 %, 2405 MHz, 48, 12.33 W
1788685605.118101877,0 %, 2405 MHz, 48, 12.33 W
1788685605.217947395,0 %, 2405 MHz, 48, 12.34 W
1788685605.318648801,0 %, 2405 MHz, 48, 12.34 W
1788685605.417917920,0 %, 2405 MHz, 48, 12.34 W
1788685605.518782461,0 %, 2405 MHz, 48, 12.34 W
1788685605.619301067,0 %, 2405 MHz, 48, 12.34 W
1788685605.719292010,0 %, 2405 MHz, 48, 12.35 W
1788685605.818937288,0 %, 2405 MHz, 48, 12.35 W
1788685605.920240278,0 %, 2405 MHz, 48, 12.35 W
1788685606.020166452,0 %, 2405 MHz, 48, 12.35 W
1788685606.120566178,0 %, 2405 MHz, 48, 12.35 W
1788685606.220435472,0 %, 2405 MHz, 48, 12.35 W
1788685606.321668878,0 %, 2405 MHz, 48, 12.35 W
1788685606.421624172,0 %, 2405 MHz, 48, 12.35 W
1788685606.522080154,0 %, 2405 MHz, 48, 12.35 W
1788685606.622131496,0 %, 2405 MHz, 48, 12.35 W
1788685606.722439847,0 %, 2405 MHz, 48, 12.32 W
1788685606.822733461,0 %, 2405 MHz, 48, 12.32 W
1788685606.922814675,0 %, 2405 MHz, 48, 12.32 W
1788685607.022999777,0 %, 2405 MHz, 48, 12.32 W
1788685607.123328671,0 %, 2405 MHz, 48, 12.32 W
1788685607.223408269,0 %, 2405 MHz, 48, 12.29 W
1788685607.323842939,0 %, 2405 MHz, 48, 12.29 W
1788685607.424030842,0 %, 2405 MHz, 48, 12.29 W
1788685607.524782296,0 %, 2405 MHz, 48, 12.29 W
1788685607.625040550,0 %, 2405 MHz, 48, 12.29 W
1788685607.725429684,0 %, 2405 MHz, 48, 12.29 W
1788685607.825312642,0 %, 2405 MHz, 48, 12.29 W
1788685607.925911456,0 %, 2405 MHz, 48, 12.29 W
1788685608.025985006,0 %, 2405 MHz, 48, 12.29 W
1788685608.126506652,0 %, 2405 MHz, 48, 12.29 W
1788685608.226618475,0 %, 2405 MHz, 48, 12.31 W
1788685608.327760185,0 %, 2405 MHz, 48, 12.31 W
1788685608.427808855,0 %, 2405 MHz, 48, 12.31 W
1788685608.528261509,0 %, 2405 MHz, 48, 12.31 W
1788685608.628667331,0 %, 2405 MHz, 48, 12.31 W
1788685608.728419745,0 %, 2405 MHz, 48, 12.31 W
1788685608.828764512,0 %, 2405 MHz, 48, 12.31 W
1788685608.929777678,0 %, 2405 MHz, 48, 12.31 W
1788685609.029560732,0 %, 2405 MHz, 48, 12.31 W
1788685609.129199098,0 %, 2405 MHz, 48, 12.31 W
1788685609.229466840,0 %, 2405 MHz, 48, 12.30 W
1788685609.330231334,0 %, 2405 MHz, 48, 12.30 W
1788685609.430828293,0 %, 2405 MHz, 48, 12.30 W
1788685609.532110403,0 %, 2405 MHz, 48, 12.30 W
1788685609.630868865,0 %, 2405 MHz, 48, 12.30 W
1788685609.731723183,0 %, 2405 MHz, 48, 12.30 W
1788685609.831945053,0 %, 2405 MHz, 48, 12.30 W
1788685609.932173980,0 %, 2405 MHz, 48, 12.30 W
1788685610.032976554,0 %, 2405 MHz, 48, 12.30 W
1788685610.133347208,0 %, 2405 MHz, 48, 12.30 W
1788685610.232594806,0 %, 2405 MHz, 48, 12.30 W
1788685610.333727940,0 %, 2405 MHz, 48, 12.30 W
1788685610.433836915,0 %, 2405 MHz, 48, 12.30 W
1788685610.534377281,0 %, 2405 MHz, 48, 12.30 W
1788685610.635295231,0 %, 2405 MHz, 48, 12.30 W
1788685610.735405741,0 %, 2405 MHz, 48, 12.30 W
1788685610.835818187,0 %, 2405 MHz, 48, 12.30 W
1788685610.935918666,0 %, 2405 MHz, 48, 12.30 W
1788685611.036536280,0 %, 2405 MHz, 48, 12.30 W
1788685611.136386870,0 %, 2405 MHz, 48, 12.30 W
1788685611.236215572,0 %, 2405 MHz, 48, 12.30 W
1788685611.337275939,0 %, 2405 MHz, 48, 12.30 W
1788685611.437583249,0 %, 2405 MHz, 48, 12.30 W
1788685611.538110431,0 %, 2405 MHz, 48, 12.30 W
1788685611.639092045,0 %, 2405 MHz, 48, 12.30 W
1788685611.738513452,0 %, 2405 MHz, 48, 12.30 W
1788685611.838797850,0 %, 2405 MHz, 48, 12.30 W
1788685611.939568120,0 %, 2405 MHz, 48, 12.30 W
1788685612.039710102,0 %, 2405 MHz, 48, 12.30 W
1788685612.139817029,0 %, 2405 MHz, 48, 12.30 W
1788685612.239628819,0 %, 2405 MHz, 48, 12.28 W
1788685612.340254161,0 %, 2405 MHz, 48, 12.28 W
1788685612.440708159,0 %, 2405 MHz, 48, 12.28 W
1788685612.541767694,0 %, 2405 MHz, 48, 12.28 W
1788685612.640611628,0 %, 2405 MHz, 48, 12.28 W
1788685612.742242570,0 %, 2405 MHz, 48, 12.29 W
1788685612.842836296,0 %, 2405 MHz, 48, 12.29 W
1788685612.942083415,0 %, 2405 MHz, 48, 12.29 W
1788685613.042402501,0 %, 2405 MHz, 48, 12.29 W
1788685613.142831235,0 %, 2405 MHz, 48, 12.29 W
1788685613.242816898,0 %, 2405 MHz, 48, 12.33 W
1788685613.343581504,0 %, 2405 MHz, 48, 12.33 W
1788685613.443711406,0 %, 2405 MHz, 48, 12.33 W
1788685613.544709292,0 %, 2405 MHz, 48, 12.33 W
1788685613.644574491,0 %, 2405 MHz, 48, 12.33 W
1788685613.744748233,0 %, 2405 MHz, 48, 12.33 W
1788685613.845349799,0 %, 2405 MHz, 48, 12.33 W
1788685613.945666598,0 %, 2405 MHz, 48, 12.33 W
1788685614.045780852,0 %, 2405 MHz, 48, 12.33 W
1788685614.146673794,0 %, 2405 MHz, 48, 12.33 W
1788685614.246021505,0 %, 2405 MHz, 48, 12.29 W
1788685614.346841711,0 %, 2405 MHz, 48, 12.29 W
1788685614.447300221,0 %, 2405 MHz, 48, 12.29 W
1788685614.547559500,0 %, 2405 MHz, 48, 12.29 W
1788685614.647803386,0 %, 2405 MHz, 48, 12.29 W
1788685614.747765384,0 %, 2405 MHz, 48, 12.28 W
1788685614.848336167,0 %, 2405 MHz, 48, 12.28 W
1788685614.948615349,0 %, 2405 MHz, 48, 12.28 W
1788685615.049331107,0 %, 2405 MHz, 48, 12.28 W
1788685615.149908386,0 %, 2405 MHz, 48, 12.28 W
1788685615.249357600,0 %, 2405 MHz, 48, 12.28 W
1788685615.350711070,0 %, 2405 MHz, 48, 12.28 W
1788685615.450941693,0 %, 2405 MHz, 48, 12.28 W
1788685615.551718539,0 %, 2405 MHz, 48, 12.28 W
1788685615.651797513,0 %, 2405 MHz, 48, 12.28 W
1788685615.752047592,0 %, 2405 MHz, 48, 12.29 W
1788685615.852282070,0 %, 2405 MHz, 48, 12.29 W
1788685615.952854308,0 %, 2405 MHz, 48, 12.29 W
1788685616.053634003,0 %, 2405 MHz, 48, 12.29 W
1788685616.153536369,0 %, 2405 MHz, 48, 12.29 W
1788685616.253198208,0 %, 2405 MHz, 48, 12.29 W
1788685616.353849486,0 %, 2405 MHz, 48, 12.29 W
1788685616.454812044,0 %, 2405 MHz, 48, 12.29 W
1788685616.555422491,0 %, 2405 MHz, 48, 12.29 W
1788685616.655497385,0 %, 2405 MHz, 48, 12.29 W
1788685616.755793799,0 %, 2405 MHz, 48, 12.29 W
1788685616.855794886,0 %, 2405 MHz, 48, 12.29 W
1788685616.956385012,0 %, 2405 MHz, 48, 12.29 W
1788685617.055945731,0 %, 2405 MHz, 48, 12.29 W
1788685617.156123681,0 %, 2405 MHz, 48, 12.29 W
1788685617.256131984,0 %, 2405 MHz, 48, 12.27 W
1788685617.356444830,0 %, 2405 MHz, 48, 12.27 W
1788685617.456761789,0 %, 2405 MHz, 48, 12.27 W
1788685617.557663723,0 %, 2405 MHz, 48, 12.27 W
1788685617.658653705,0 %, 2405 MHz, 48, 12.27 W
1788685617.758054616,0 %, 2405 MHz, 48, 12.26 W
1788685617.858488454,0 %, 2405 MHz, 48, 12.26 W
1788685617.958896565,0 %, 2405 MHz, 48, 12.26 W
1788685618.058531603,0 %, 2405 MHz, 48, 12.26 W
1788685618.159819889,0 %, 2405 MHz, 48, 12.26 W
1788685618.259390816,0 %, 2405 MHz, 48, 12.28 W
1788685618.360151262,0 %, 2405 MHz, 48, 12.28 W
1788685618.460664589,0 %, 2405 MHz, 48, 12.28 W
1788685618.561279355,0 %, 2405 MHz, 48, 12.28 W
1788685618.661102858,0 %, 2405 MHz, 48, 12.28 W
1788685618.761690104,0 %, 2405 MHz, 48, 12.29 W
1788685618.861839942,0 %, 2405 MHz, 48, 12.29 W
1788685618.962443429,0 %, 2405 MHz, 48, 12.29 W
1788685619.062658067,0 %, 2405 MHz, 48, 12.29 W
1788685619.163580514,0 %, 2405 MHz, 48, 12.29 W
1788685619.262819904,0 %, 2405 MHz, 48, 12.27 W
1788685619.362908351,0 %, 2405 MHz, 48, 12.27 W
1788685619.463737101,0 %, 2405 MHz, 48, 12.27 W
1788685619.564078684,0 %, 2405 MHz, 48, 12.27 W
1788685619.664671978,0 %, 2405 MHz, 48, 12.27 W
1788685619.765236585,0 %, 2405 MHz, 48, 12.27 W
1788685619.865735287,0 %, 2405 MHz, 48, 12.27 W
1788685619.965846453,0 %, 2405 MHz, 48, 12.27 W
1788685620.066259060,0 %, 2405 MHz, 48, 12.27 W
1788685620.166963122,0 %, 2405 MHz, 48, 12.27 W
1788685620.266379905,2 %, 2405 MHz, 48, 12.27 W
1788685620.367103183,2 %, 2405 MHz, 48, 12.27 W
1788685620.467255390,2 %, 2405 MHz, 48, 12.27 W
1788685620.568032172,2 %, 2405 MHz, 48, 12.27 W
1788685620.668299691,2 %, 2405 MHz, 48, 12.27 W
1788685620.768189209,2 %, 2405 MHz, 48, 12.26 W
1788685620.868940920,2 %, 2405 MHz, 48, 12.26 W
1788685620.969267910,2 %, 2405 MHz, 48, 12.26 W
1788685621.069457557,2 %, 2405 MHz, 48, 12.26 W
1788685621.170353811,0 %, 2405 MHz, 47, 12.25 W
1788685621.270027826,0 %, 2405 MHz, 47, 12.25 W
1788685621.370233345,0 %, 2405 MHz, 47, 12.25 W
1788685621.470426991,0 %, 2405 MHz, 47, 12.25 W
1788685621.570903790,0 %, 2405 MHz, 47, 12.25 W
1788685621.671347036,0 %, 2405 MHz, 47, 12.26 W
1788685621.771728523,0 %, 2405 MHz, 47, 12.26 W
1788685621.871984713,0 %, 2405 MHz, 47, 12.26 W
1788685621.972247960,0 %, 2405 MHz, 47, 12.26 W
1788685622.072861654,0 %, 2405 MHz, 47, 12.26 W
1788685622.172805253,0 %, 2405 MHz, 47, 12.27 W
1788685622.272662611,0 %, 2405 MHz, 47, 12.27 W
1788685622.373108210,0 %, 2405 MHz, 47, 12.27 W
1788685622.474002416,0 %, 2405 MHz, 47, 12.27 W
1788685622.574075583,0 %, 2405 MHz, 47, 12.27 W
1788685622.675114653,0 %, 2405 MHz, 47, 12.26 W
1788685622.775305644,0 %, 2405 MHz, 47, 12.26 W
1788685622.875196395,0 %, 2405 MHz, 47, 12.26 W
1788685622.975723369,0 %, 2405 MHz, 47, 12.26 W
1788685623.075987864,0 %, 2405 MHz, 47, 12.26 W
1788685623.176296486,0 %, 2405 MHz, 47, 12.27 W
1788685623.276034325,0 %, 2405 MHz, 47, 12.27 W
1788685623.377443283,0 %, 2405 MHz, 47, 12.27 W
1788685623.477195154,0 %, 2405 MHz, 47, 12.27 W
1788685623.577687121,0 %, 2405 MHz, 47, 12.27 W
1788685623.678165183,0 %, 2405 MHz, 47, 12.24 W
1788685623.778320766,0 %, 2405 MHz, 47, 12.24 W
1788685623.878731116,0 %, 2405 MHz, 47, 12.24 W
1788685623.979539803,0 %, 2405 MHz, 47, 12.24 W
1788685624.079432074,0 %, 2405 MHz, 47, 12.24 W
1788685624.179767704,0 %, 2405 MHz, 47, 12.23 W
1788685624.279473927,0 %, 2405 MHz, 47, 12.23 W
1788685624.380292469,0 %, 2405 MHz, 47, 12.23 W
1788685624.480821076,0 %, 2405 MHz, 47, 12.23 W
1788685624.579900851,0 %, 2405 MHz, 47, 12.23 W
1788685624.680909665,0 %, 2405 MHz, 47, 12.25 W
1788685624.781232496,0 %, 2405 MHz, 47, 12.25 W
1788685624.880596399,0 %, 2405 MHz, 47, 12.25 W
1788685624.981195085,0 %, 2405 MHz, 47, 12.25 W
1788685625.081554780,0 %, 2405 MHz, 47, 12.25 W
1788685625.181334363,0 %, 2405 MHz, 47, 12.26 W
1788685625.281521257,0 %, 2405 MHz, 47, 12.26 W
1788685625.382371816,0 %, 2405 MHz, 47, 12.26 W
1788685625.482754374,0 %, 2405 MHz, 47, 12.26 W
1788685625.583556101,0 %, 2405 MHz, 47, 12.26 W
1788685625.683540148,0 %, 2405 MHz, 47, 12.25 W
1788685625.783770482,0 %, 2405 MHz, 47, 12.25 W
1788685625.883949617,0 %, 2405 MHz, 47, 12.25 W
1788685625.984389456,0 %, 2405 MHz, 47, 12.25 W
1788685626.084818462,0 %, 2405 MHz, 47, 12.25 W
1788685626.184636813,0 %, 2405 MHz, 47, 12.24 W
1788685626.284622236,0 %, 2405 MHz, 47, 12.24 W
1788685626.384420762,0 %, 2405 MHz, 47, 12.24 W
1788685626.485422409,0 %, 2405 MHz, 47, 12.24 W
1788685626.586326024,0 %, 2405 MHz, 47, 12.24 W
1788685626.686762550,0 %, 2405 MHz, 47, 12.26 W
1788685626.786204405,0 %, 2405 MHz, 47, 12.26 W
1788685626.887185156,0 %, 2405 MHz, 47, 12.26 W
1788685626.987516690,0 %, 2405 MHz, 47, 12.26 W
1788685627.087529377,0 %, 2405 MHz, 47, 12.26 W
1788685627.187650000,0 %, 2405 MHz, 47, 12.26 W
1788685627.287578494,0 %, 2405 MHz, 47, 12.26 W
1788685627.388633693,0 %, 2405 MHz, 47, 12.26 W
1788685627.489262268,0 %, 2405 MHz, 47, 12.26 W
1788685627.590326730,0 %, 2405 MHz, 47, 12.26 W
1788685627.690151529,0 %, 2405 MHz, 47, 12.23 W
1788685627.790722632,0 %, 2405 MHz, 47, 12.23 W
1788685627.890648614,0 %, 2405 MHz, 47, 12.23 W
1788685627.990414165,0 %, 2405 MHz, 47, 12.23 W
1788685628.090560148,0 %, 2405 MHz, 47, 12.23 W
1788685628.191126323,0 %, 2405 MHz, 47, 12.24 W
1788685628.290791986,0 %, 2405 MHz, 47, 12.24 W
1788685628.391981680,0 %, 2405 MHz, 47, 12.24 W
1788685628.492256799,0 %, 2405 MHz, 47, 12.24 W
1788685628.593058637,0 %, 2405 MHz, 47, 12.24 W
1788685628.693246684,0 %, 2405 MHz, 47, 12.25 W
1788685628.793413723,0 %, 2405 MHz, 47, 12.25 W
1788685628.894351194,0 %, 2405 MHz, 47, 12.25 W
1788685628.994220408,0 %, 2405 MHz, 47, 12.25 W
1788685629.094985351,0 %, 2405 MHz, 47, 12.25 W
1788685629.195078550,0 %, 2405 MHz, 47, 12.24 W
1788685629.294729269,0 %, 2405 MHz, 47, 12.24 W
1788685629.396144147,0 %, 2405 MHz, 47, 12.24 W
1788685629.496209698,0 %, 2405 MHz, 47, 12.24 W
1788685629.596838513,0 %, 2405 MHz, 47, 12.24 W
1788685629.697262287,0 %, 2405 MHz, 47, 12.23 W
1788685629.797043198,0 %, 2405 MHz, 47, 12.23 W
1788685629.897897357,0 %, 2405 MHz, 47, 12.23 W
1788685629.998389820,0 %, 2405 MHz, 47, 12.23 W
1788685630.098979226,0 %, 2405 MHz, 47, 12.23 W
1788685630.198944393,0 %, 2405 MHz, 47, 12.22 W
1788685630.298840792,0 %, 2405 MHz, 47, 12.22 W
1788685630.399203127,0 %, 2405 MHz, 47, 12.22 W
1788685630.499397286,0 %, 2405 MHz, 47, 12.22 W
1788685630.600300468,0 %, 2405 MHz, 47, 12.22 W
1788685630.700503539,0 %, 2405 MHz, 47, 12.23 W
1788685630.801206994,0 %, 2405 MHz, 47, 12.23 W
1788685630.901101121,0 %, 2405 MHz, 47, 12.23 W
1788685631.001709967,0 %, 2405 MHz, 47, 12.23 W
1788685631.102058926,0 %, 2405 MHz, 47, 12.23 W
1788685631.202283453,0 %, 2405 MHz, 47, 12.22 W
1788685631.301952668,0 %, 2405 MHz, 47, 12.22 W
1788685631.403308619,0 %, 2405 MHz, 47, 12.22 W
1788685631.503163289,0 %, 2405 MHz, 47, 12.22 W
1788685631.603846696,0 %, 2405 MHz, 47, 12.22 W
1788685631.703790759,0 %, 2405 MHz, 47, 12.21 W
1788685631.804252406,0 %, 2405 MHz, 47, 12.21 W
1788685631.904708053,0 %, 2405 MHz, 47, 12.21 W
1788685632.004953331,0 %, 2405 MHz, 47, 12.21 W
1788685632.105162898,0 %, 2405 MHz, 47, 12.21 W
1788685632.205962337,0 %, 2405 MHz, 47, 12.20 W
1788685632.305516768,0 %, 2405 MHz, 47, 12.20 W
1788685632.406443071,0 %, 2405 MHz, 47, 12.20 W
1788685632.506906701,0 %, 2405 MHz, 47, 12.20 W
1788685632.607617244,0 %, 2405 MHz, 47, 12.20 W
1788685632.707882699,0 %, 2405 MHz, 47, 12.20 W
1788685632.807863226,0 %, 2405 MHz, 47, 12.20 W
1788685632.908070793,0 %, 2405 MHz, 47, 12.20 W
1788685633.008298696,0 %, 2405 MHz, 47, 12.20 W
1788685633.109175062,0 %, 2405 MHz, 47, 12.20 W
1788685633.208471877,0 %, 2405 MHz, 47, 12.21 W
1788685633.308697604,0 %, 2405 MHz, 47, 12.21 W
1788685633.409020563,0 %, 2405 MHz, 47, 12.21 W
1788685633.509884754,0 %, 2405 MHz, 47, 12.21 W
1788685633.610710529,0 %, 2405 MHz, 47, 12.21 W
1788685633.709776288,0 %, 2405 MHz, 47, 12.22 W
1788685633.809967535,0 %, 2405 MHz, 47, 12.22 W
1788685633.910318718,0 %, 2405 MHz, 47, 12.22 W
1788685634.010565212,0 %, 2405 MHz, 47, 12.22 W
1788685634.111097643,0 %, 2405 MHz, 47, 12.22 W
1788685634.210961898,0 %, 2405 MHz, 47, 12.20 W
1788685634.311458809,0 %, 2405 MHz, 47, 12.20 W
1788685634.412754280,0 %, 2405 MHz, 47, 12.20 W
1788685634.512980087,0 %, 2405 MHz, 47, 12.20 W
1788685634.612775302,0 %, 2405 MHz, 47, 12.20 W
1788685634.713604500,0 %, 2405 MHz, 47, 12.20 W
1788685634.814177827,0 %, 2405 MHz, 47, 12.20 W
1788685634.915071202,0 %, 2405 MHz, 47, 12.20 W
1788685635.014956593,0 %, 2405 MHz, 47, 12.20 W
1788685635.115570048,0 %, 2405 MHz, 47, 12.20 W
1788685635.215830079,0 %, 2405 MHz, 47, 12.20 W
1788685635.315610270,0 %, 2405 MHz, 47, 12.20 W
1788685635.416240253,0 %, 2405 MHz, 47, 12.20 W
1788685635.516656812,0 %, 2405 MHz, 47, 12.20 W
1788685635.617346730,0 %, 2405 MHz, 47, 12.20 W
1788685635.717720985,0 %, 2405 MHz, 47, 12.20 W
1788685635.817967368,0 %, 2405 MHz, 47, 12.20 W
1788685635.918184327,0 %, 2405 MHz, 47, 12.20 W
1788685636.018967286,0 %, 2405 MHz, 47, 12.20 W
1788685636.119196533,0 %, 2405 MHz, 47, 12.20 W
1788685636.219088244,0 %, 2405 MHz, 47, 12.19 W
1788685636.319043539,0 %, 2405 MHz, 47, 12.19 W
1788685636.419764354,0 %, 2405 MHz, 47, 12.19 W
1788685636.520246625,0 %, 2405 MHz, 47, 12.19 W
1788685636.621035520,0 %, 2405 MHz, 47, 12.19 W
1788685636.720779855,0 %, 2405 MHz, 47, 12.18 W
1788685636.821126622,0 %, 2405 MHz, 47, 12.18 W
1788685636.921634365,0 %, 2405 MHz, 47, 12.18 W
1788685637.022209867,0 %, 2405 MHz, 47, 12.18 W
1788685637.122561722,0 %, 2405 MHz, 47, 12.18 W
1788685637.223231993,0 %, 2405 MHz, 47, 12.19 W
1788685637.323095896,0 %, 2405 MHz, 47, 12.19 W
1788685637.423719383,0 %, 2405 MHz, 47, 12.19 W
1788685637.524207798,0 %, 2405 MHz, 47, 12.19 W
1788685637.624933269,0 %, 2405 MHz, 47, 12.19 W
1788685637.725061476,0 %, 2405 MHz, 47, 12.19 W
1788685637.826041235,0 %, 2405 MHz, 47, 12.19 W
1788685637.925238530,0 %, 2405 MHz, 47, 12.19 W
1788685638.026279601,0 %, 2405 MHz, 47, 12.19 W
1788685638.126059792,0 %, 2405 MHz, 47, 12.19 W
1788685638.227078927,0 %, 2405 MHz, 47, 12.20 W
1788685638.326374510,0 %, 2405 MHz, 47, 12.20 W
1788685638.427343341,0 %, 2405 MHz, 47, 12.20 W
1788685638.527591228,0 %, 2405 MHz, 47, 12.20 W
1788685638.627775739,0 %, 2405 MHz, 47, 12.20 W
1788685638.728290746,0 %, 2405 MHz, 47, 12.20 W
1788685638.828624953,0 %, 2405 MHz, 47, 12.20 W
1788685638.928883320,0 %, 2405 MHz, 47, 12.20 W
1788685639.029112999,0 %, 2405 MHz, 47, 12.20 W
1788685639.128980534,0 %, 2405 MHz, 47, 12.20 W
1788685639.228709077,0 %, 2405 MHz, 47, 12.17 W
1788685639.329125396,0 %, 2405 MHz, 47, 12.17 W
1788685639.430360819,0 %, 2405 MHz, 47, 12.17 W
1788685639.530191538,0 %, 2405 MHz, 47, 12.17 W
1788685639.630970113,0 %, 2405 MHz, 47, 12.17 W
1788685639.731217296,0 %, 2405 MHz, 47, 12.19 W
1788685639.832049295,0 %, 2405 MHz, 47, 12.19 W
1788685639.932439454,0 %, 2405 MHz, 47, 12.19 W
1788685640.032291565,0 %, 2405 MHz, 47, 12.19 W
1788685640.132559900,0 %, 2405 MHz, 47, 12.19 W
1788685640.232773739,0 %, 2405 MHz, 47, 12.19 W
1788685640.332714298,0 %, 2405 MHz, 47, 12.19 W
1788685640.433400121,0 %, 2405 MHz, 47, 12.19 W
1788685640.533915032,0 %, 2405 MHz, 47, 12.19 W
1788685640.634617063,0 %, 2405 MHz, 47, 12.19 W
1788685640.734119798,0 %, 2405 MHz, 47, 12.16 W
1788685640.833996070,0 %, 2405 MHz, 47, 12.16 W
1788685640.934784165,0 %, 2405 MHz, 47, 12.16 W
1788685641.034701076,0 %, 2405 MHz, 47, 12.16 W
1788685641.134874115,0 %, 2405 MHz, 47, 12.16 W
1788685641.235304514,0 %, 2405 MHz, 47, 12.18 W
1788685641.335757169,0 %, 2405 MHz, 47, 12.18 W
1788685641.435917152,0 %, 2405 MHz, 47, 12.18 W
1788685641.536777119,0 %, 2405 MHz, 47, 12.18 W
1788685641.637452446,0 %, 2405 MHz, 47, 12.18 W
1788685641.737161261,0 %, 2405 MHz, 47, 12.17 W
1788685641.837652428,0 %, 2405 MHz, 47, 12.17 W
1788685641.938038459,0 %, 2405 MHz, 47, 12.17 W
1788685642.038454298,0 %, 2405 MHz, 47, 12.17 W
1788685642.138833209,0 %, 2405 MHz, 47, 12.17 W
1788685642.239363641,0 %, 2405 MHz, 47, 12.15 W
1788685642.339056664,0 %, 2405 MHz, 47, 12.15 W
1788685642.440083799,0 %, 2405 MHz, 47, 12.15 W
1788685642.539969110,0 %, 2405 MHz, 47, 12.15 W
1788685642.640113701,0 %, 2405 MHz, 47, 12.15 W
1788685642.740452004,0 %, 2405 MHz, 47, 12.17 W
1788685642.841265219,0 %, 2405 MHz, 47, 12.17 W
1788685642.941379074,0 %, 2405 MHz, 47, 12.17 W
1788685643.040998401,0 %, 2405 MHz, 47, 12.17 W
1788685643.141385825,0 %, 2405 MHz, 47, 12.17 W
1788685643.241955584,0 %, 2405 MHz, 47, 12.18 W
1788685643.342111807,0 %, 2405 MHz, 47, 12.18 W
1788685643.442665534,0 %, 2405 MHz, 47, 12.18 W
1788685643.543227261,0 %, 2405 MHz, 47, 12.18 W
1788685643.643676812,0 %, 2405 MHz, 47, 12.18 W
1788685643.744327899,0 %, 2405 MHz, 47, 12.16 W
1788685643.844078522,0 %, 2405 MHz, 47, 12.16 W
1788685643.944628297,0 %, 2405 MHz, 47, 12.16 W
1788685644.044892265,0 %, 2405 MHz, 47, 12.16 W
1788685644.145036456,0 %, 2405 MHz, 47, 12.16 W
1788685644.245636263,0 %, 2405 MHz, 47, 12.15 W
1788685644.345718230,0 %, 2405 MHz, 47, 12.15 W
1788685644.445975957,0 %, 2405 MHz, 47, 12.15 W
1788685644.546773908,0 %, 2405 MHz, 47, 12.15 W
1788685644.647345763,0 %, 2405 MHz, 47, 12.15 W
1788685644.747507075,0 %, 2405 MHz, 47, 12.14 W
1788685644.847553554,0 %, 2405 MHz, 47, 12.14 W
1788685644.947841377,0 %, 2405 MHz, 47, 12.14 W
1788685645.048274016,0 %, 2405 MHz, 47, 12.14 W
1788685645.148156767,0 %, 2405 MHz, 47, 12.14 W
1788685645.249290270,0 %, 2405 MHz, 47, 12.19 W
1788685645.349252446,0 %, 2405 MHz, 47, 12.19 W
1788685645.448754125,0 %, 2405 MHz, 47, 12.19 W
1788685645.549792860,0 %, 2405 MHz, 47, 12.19 W
1788685645.650221339,0 %, 2405 MHz, 47, 12.19 W
1788685645.751185690,0 %, 2405 MHz, 47, 12.20 W
1788685645.850577674,0 %, 2405 MHz, 47, 12.20 W
1788685645.951457513,0 %, 2405 MHz, 47, 12.20 W
1788685646.051916792,0 %, 2405 MHz, 47, 12.20 W
1788685646.152361943,0 %, 2405 MHz, 47, 12.20 W
1788685646.252319478,0 %, 2405 MHz, 47, 12.17 W
1788685646.352531222,0 %, 2405 MHz, 47, 12.17 W
1788685646.452928341,0 %, 2405 MHz, 47, 12.17 W
1788685646.553285780,0 %, 2405 MHz, 47, 12.17 W
1788685646.653689795,0 %, 2405 MHz, 47, 12.17 W
1788685646.753928786,0 %, 2405 MHz, 47, 12.17 W
1788685646.854079378,0 %, 2405 MHz, 47, 12.17 W
1788685646.954704001,0 %, 2405 MHz, 47, 12.17 W
1788685647.054926784,0 %, 2405 MHz, 47, 12.17 W
1788685647.155170655,0 %, 2405 MHz, 47, 12.17 W
1788685647.255397454,0 %, 2405 MHz, 47, 12.17 W
1788685647.355758046,0 %, 2405 MHz, 47, 12.17 W
1788685647.456396733,0 %, 2405 MHz, 47, 12.17 W
1788685647.556839228,0 %, 2405 MHz, 47, 12.17 W
1788685647.656827595,0 %, 2405 MHz, 47, 12.17 W
1788685647.757565723,0 %, 2405 MHz, 47, 12.16 W
1788685647.858335530,0 %, 2405 MHz, 47, 12.16 W
1788685647.958683609,0 %, 2405 MHz, 47, 12.16 W
1788685648.058916600,0 %, 2405 MHz, 47, 12.16 W
1788685648.158703448,0 %, 2405 MHz, 47, 12.16 W
1788685648.259845079,0 %, 2405 MHz, 47, 12.18 W
1788685648.359901798,0 %, 2405 MHz, 47, 12.18 W
1788685648.460059301,0 %, 2405 MHz, 47, 12.18 W
1788685648.560294053,0 %, 2405 MHz, 47, 12.18 W
1788685648.660590868,0 %, 2405 MHz, 47, 12.18 W
1788685648.761012819,0 %, 2405 MHz, 47, 12.16 W
1788685648.861238338,0 %, 2405 MHz, 47, 12.16 W
1788685648.961701202,0 %, 2405 MHz, 47, 12.16 W
1788685649.062463761,0 %, 2405 MHz, 47, 12.16 W
1788685649.162049600,0 %, 2405 MHz, 47, 12.16 W
1788685649.262916015,0 %, 2405 MHz, 47, 12.13 W
1788685649.362376287,0 %, 2405 MHz, 47, 12.13 W
1788685649.463503406,0 %, 2405 MHz, 47, 12.13 W
1788685649.563723389,0 %, 2405 MHz, 47, 12.13 W
1788685649.663740541,0 %, 2405 MHz, 47, 12.13 W
1788685649.763844668,0 %, 2405 MHz, 47, 12.14 W
1788685649.864196203,0 %, 2405 MHz, 47, 12.14 W
1788685649.964514410,0 %, 2405 MHz, 47, 12.14 W
1788685650.064857306,0 %, 2405 MHz, 47, 12.14 W
1788685650.165516105,0 %, 2405 MHz, 47, 12.14 W
1788685650.265530920,0 %, 2405 MHz, 47, 12.14 W
1788685650.365985992,0 %, 2405 MHz, 47, 12.14 W
1788685650.466727159,0 %, 2405 MHz, 47, 12.14 W
1788685650.567114950,0 %, 2405 MHz, 47, 12.14 W
1788685650.667227286,0 %, 2405 MHz, 47, 12.14 W
1788685650.767441093,0 %, 2405 MHz, 47, 12.14 W
1788685650.867667604,0 %, 2405 MHz, 47, 12.14 W
1788685650.968399907,0 %, 2405 MHz, 47, 12.14 W
1788685651.068672371,0 %, 2405 MHz, 47, 12.14 W
1788685651.168736466,0 %, 2405 MHz, 47, 12.14 W
1788685651.269215025,0 %, 2405 MHz, 47, 12.15 W
1788685651.369715569,0 %, 2405 MHz, 47, 12.15 W
1788685651.470473136,0 %, 2405 MHz, 47, 12.15 W
1788685651.570103616,0 %, 2405 MHz, 47, 12.15 W
1788685651.670443775,0 %, 2405 MHz, 47, 12.15 W
1788685651.770614910,0 %, 2405 MHz, 47, 12.14 W
1788685651.871366046,0 %, 2405 MHz, 47, 12.14 W
1788685651.971522861,0 %, 2405 MHz, 47, 12.14 W
1788685652.071839772,0 %, 2405 MHz, 47, 12.14 W
1788685652.171649516,0 %, 2405 MHz, 47, 12.14 W
1788685652.271822891,0 %, 2405 MHz, 47, 12.14 W
1788685652.373147834,0 %, 2405 MHz, 47, 12.14 W
1788685652.473156826,0 %, 2405 MHz, 47, 12.14 W
1788685652.573614361,0 %, 2405 MHz, 47, 12.14 W
1788685652.674103432,0 %, 2405 MHz, 47, 12.15 W
1788685652.773687432,0 %, 2405 MHz, 47, 12.15 W
1788685652.874318023,0 %, 2405 MHz, 47, 12.15 W
1788685652.974124023,0 %, 2405 MHz, 47, 12.15 W
1788685653.074653830,0 %, 2405 MHz, 47, 12.15 W
1788685653.175276373,0 %, 2405 MHz, 47, 12.14 W
1788685653.276386277,0 %, 2405 MHz, 47, 12.14 W
1788685653.375554212,0 %, 2405 MHz, 47, 12.14 W
1788685653.476748019,0 %, 2405 MHz, 47, 12.14 W
1788685653.576778803,0 %, 2405 MHz, 47, 12.14 W
1788685653.677520802,0 %, 2405 MHz, 46, 12.12 W
1788685653.777686274,0 %, 2405 MHz, 46, 12.12 W
1788685653.878305713,0 %, 2405 MHz, 46, 12.12 W
1788685653.978242528,0 %, 2405 MHz, 46, 12.12 W
1788685654.078794080,0 %, 2405 MHz, 46, 12.12 W
1788685654.178407167,0 %, 2405 MHz, 46, 12.11 W
1788685654.278684415,0 %, 2405 MHz, 46, 12.11 W
1788685654.378504254,0 %, 2405 MHz, 46, 12.11 W
1788685654.479180142,0 %, 2405 MHz, 46, 12.11 W
1788685654.579578701,0 %, 2405 MHz, 46, 12.11 W
1788685654.679776764,0 %, 2405 MHz, 46, 12.12 W
1788685654.780293180,0 %, 2405 MHz, 46, 12.12 W
1788685654.880678811,0 %, 2405 MHz, 46, 12.12 W
1788685654.980912379,0 %, 2405 MHz, 46, 12.12 W
1788685655.080870634,0 %, 2405 MHz, 46, 12.12 W
1788685655.181656457,0 %, 2405 MHz, 46, 12.13 W
1788685655.281809625,0 %, 2405 MHz, 46, 12.13 W
1788685655.382306584,0 %, 2405 MHz, 46, 12.13 W
1788685655.482795400,0 %, 2405 MHz, 46, 12.13 W
1788685655.583040999,0 %, 2405 MHz, 46, 12.13 W
1788685655.683592263,0 %, 2405 MHz, 46, 12.13 W
1788685655.783896262,0 %, 2405 MHz, 46, 12.13 W
1788685655.884306790,0 %, 2405 MHz, 46, 12.13 W
1788685655.984229125,0 %, 2405 MHz, 46, 12.13 W
1788685656.084930068,0 %, 2405 MHz, 46, 12.13 W
1788685656.185361508,0 %, 2405 MHz, 46, 12.13 W
1788685656.284874900,0 %, 2405 MHz, 46, 12.13 W
1788685656.385561747,0 %, 2405 MHz, 46, 12.13 W
1788685656.486342898,0 %, 2405 MHz, 46, 12.13 W
1788685656.586186242,0 %, 2405 MHz, 46, 12.13 W
1788685656.686314097,0 %, 2405 MHz, 46, 12.13 W
1788685656.785719249,0 %, 2405 MHz, 46, 12.13 W
1788685656.886682352,0 %, 2405 MHz, 46, 12.13 W
1788685656.986880096,0 %, 2405 MHz, 46, 12.13 W
1788685657.087099855,0 %, 2405 MHz, 46, 12.13 W
1788685657.186646975,0 %, 2405 MHz, 46, 12.15 W
1788685657.286714718,0 %, 2405 MHz, 46, 12.15 W
1788685657.387068622,0 %, 2405 MHz, 46, 12.15 W
1788685657.487218990,0 %, 2405 MHz, 46, 12.15 W
1788685657.587885341,0 %, 2405 MHz, 46, 12.15 W
1788685657.688430108,0 %, 2405 MHz, 46, 12.16 W
1788685657.788980732,0 %, 2405 MHz, 46, 12.16 W
1788685657.889801851,0 %, 2405 MHz, 46, 12.16 W
1788685657.989587147,0 %, 2405 MHz, 46, 12.16 W
1788685658.089220778,0 %, 2405 MHz, 46, 12.16 W
1788685658.189361626,0 %, 2405 MHz, 46, 12.17 W
1788685658.289846010,0 %, 2405 MHz, 46, 12.17 W
1788685658.389751977,0 %, 2405 MHz, 46, 12.17 W
1788685658.489974889,0 %, 2405 MHz, 46, 12.17 W
1788685658.590205208,0 %, 2405 MHz, 46, 12.17 W
1788685658.690364088,0 %, 2405 MHz, 46, 12.19 W
1788685658.791448311,0 %, 2405 MHz, 46, 12.19 W
1788685658.891647623,0 %, 2405 MHz, 46, 12.19 W
1788685658.991882966,0 %, 2405 MHz, 46, 12.19 W
1788685659.092096566,0 %, 2405 MHz, 46, 12.19 W
1788685659.192996021,0 %, 2405 MHz, 46, 12.19 W
1788685659.292605557,0 %, 2405 MHz, 46, 12.19 W
1788685659.392260309,0 %, 2405 MHz, 46, 12.19 W
1788685659.493129172,0 %, 2405 MHz, 46, 12.19 W
1788685659.593719668,0 %, 2405 MHz, 46, 12.19 W
1788685659.693800483,0 %, 2405 MHz, 46, 12.12 W
1788685659.794388099,0 %, 2405 MHz, 46, 12.12 W
1788685659.894574786,0 %, 2405 MHz, 46, 12.12 W
1788685659.994900146,0 %, 2405 MHz, 46, 12.12 W
1788685660.094800657,0 %, 2405 MHz, 46, 12.12 W
1788685660.195651521,0 %, 2405 MHz, 46, 12.11 W
1788685660.295910224,0 %, 2405 MHz, 46, 12.11 W
1788685660.395256592,0 %, 2405 MHz, 46, 12.11 W
1788685660.495814640,0 %, 2405 MHz, 46, 12.11 W
1788685660.596737663,0 %, 2405 MHz, 46, 12.11 W
1788685660.696783791,0 %, 2405 MHz, 46, 12.11 W
1788685660.796773102,0 %, 2405 MHz, 46, 12.11 W
1788685660.897271038,0 %, 2405 MHz, 46, 12.11 W
1788685660.997606974,0 %, 2405 MHz, 46, 12.11 W
1788685661.098472285,0 %, 2405 MHz, 46, 12.11 W
1788685661.198929885,0 %, 2405 MHz, 46, 12.10 W
1788685661.298797820,0 %, 2405 MHz, 46, 12.10 W
1788685661.399685340,0 %, 2405 MHz, 46, 12.10 W
1788685661.499704507,0 %, 2405 MHz, 46, 12.10 W
1788685661.600076123,0 %, 2405 MHz, 46, 12.10 W
1788685661.700860507,0 %, 2405 MHz, 46, 12.12 W
1788685661.800966970,0 %, 2405 MHz, 46, 12.12 W
1788685661.901227882,0 %, 2405 MHz, 46, 12.12 W
1788685662.001457321,0 %, 2405 MHz, 46, 12.12 W
1788685662.102393673,0 %, 2405 MHz, 46, 12.12 W
1788685662.202517913,0 %, 2405 MHz, 46, 12.13 W
1788685662.302305864,0 %, 2405 MHz, 46, 12.13 W
1788685662.403281720,0 %, 2405 MHz, 46, 12.13 W
1788685662.503346519,0 %, 2405 MHz, 46, 12.13 W
1788685662.603604663,0 %, 2405 MHz, 46, 12.13 W
1788685662.704543735,0 %, 2405 MHz, 46, 12.12 W
1788685662.804834870,0 %, 2405 MHz, 46, 12.12 W
1788685662.904821606,0 %, 2405 MHz, 46, 12.12 W
1788685663.004454774,0 %, 2405 MHz, 46, 12.12 W
1788685663.104510325,0 %, 2405 MHz, 46, 12.12 W
1788685663.204464661,0 %, 2405 MHz, 46, 12.15 W
1788685663.305949797,0 %, 2405 MHz, 46, 12.15 W
1788685663.405804884,0 %, 2405 MHz, 46, 12.15 W
1788685663.506388660,0 %, 2405 MHz, 46, 12.15 W
1788685663.607239171,0 %, 2405 MHz, 46, 12.15 W
1788685663.707503587,0 %, 2405 MHz, 46, 12.16 W
1788685663.806482227,0 %, 2405 MHz, 46, 12.16 W
1788685663.907231027,0 %, 2405 MHz, 46, 12.16 W
1788685664.008267314,0 %, 2405 MHz, 46, 12.16 W
1788685664.108331826,0 %, 2405 MHz, 46, 12.16 W
1788685664.208586770,0 %, 2405 MHz, 46, 12.13 W
1788685664.308654961,0 %, 2405 MHz, 46, 12.13 W
1788685664.408542145,0 %, 2405 MHz, 46, 12.13 W
1788685664.509436529,0 %, 2405 MHz, 46, 12.13 W
1788685664.609940720,0 %, 2405 MHz, 46, 12.13 W
1788685664.710162032,0 %, 2405 MHz, 46, 12.12 W
1788685664.810538784,0 %, 2405 MHz, 46, 12.12 W
1788685664.910505471,0 %, 2405 MHz, 46, 12.12 W
1788685665.010763311,0 %, 2405 MHz, 46, 12.12 W
1788685665.110815919,0 %, 2405 MHz, 46, 12.12 W
1788685665.211615678,0 %, 2405 MHz, 46, 12.11 W
1788685665.311695806,0 %, 2405 MHz, 46, 12.11 W
1788685665.411404926,0 %, 2405 MHz, 46, 12.11 W
1788685665.512411149,0 %, 2405 MHz, 46, 12.11 W
1788685665.612771629,0 %, 2405 MHz, 46, 12.11 W
1788685665.712424269,0 %, 2405 MHz, 46, 12.11 W
1788685665.812298925,0 %, 2405 MHz, 46, 12.11 W
1788685665.913347340,0 %, 2405 MHz, 46, 12.11 W
1788685666.013703196,0 %, 2405 MHz, 46, 12.11 W
1788685666.113747692,0 %, 2405 MHz, 46, 12.11 W
1788685666.213499228,0 %, 2405 MHz, 46, 12.13 W
1788685666.314499307,0 %, 2405 MHz, 46, 12.13 W
1788685666.414215627,0 %, 2405 MHz, 46, 12.13 W
1788685666.514800155,0 %, 2405 MHz, 46, 12.13 W
1788685666.614213195,0 %, 2405 MHz, 46, 12.13 W
1788685666.714807866,0 %, 2405 MHz, 46, 12.13 W
1788685666.814729914,0 %, 2405 MHz, 46, 12.13 W
1788685666.916037386,0 %, 2405 MHz, 46, 12.13 W
1788685667.016615273,0 %, 2405 MHz, 46, 12.13 W
1788685667.116723849,0 %, 2405 MHz, 46, 12.13 W
1788685667.216808857,0 %, 2405 MHz, 46, 12.11 W
1788685667.316564857,0 %, 2405 MHz, 46, 12.11 W
1788685667.416802089,0 %, 2405 MHz, 46, 12.11 W
1788685667.517700328,0 %, 2405 MHz, 46, 12.11 W
1788685667.617763864,0 %, 2405 MHz, 46, 12.11 W
1788685667.718164488,0 %, 2405 MHz, 46, 12.11 W
1788685667.817973000,0 %, 2405 MHz, 46, 12.11 W
1788685667.918374759,0 %, 2405 MHz, 46, 12.11 W
1788685668.019236183,0 %, 2405 MHz, 46, 12.11 W
1788685668.119825751,0 %, 2405 MHz, 46, 12.11 W
1788685668.219154391,0 %, 2405 MHz, 46, 12.11 W
1788685668.320003222,0 %, 2405 MHz, 46, 12.11 W
1788685668.419683046,0 %, 2405 MHz, 46, 12.11 W
1788685668.520708358,0 %, 2405 MHz, 46, 12.11 W
1788685668.620785222,0 %, 2405 MHz, 46, 12.11 W
1788685668.721096934,0 %, 2405 MHz, 46, 12.11 W
1788685668.822009893,0 %, 2405 MHz, 46, 12.11 W
1788685668.921795413,0 %, 2405 MHz, 46, 12.11 W
1788685669.022256437,0 %, 2405 MHz, 46, 12.11 W
1788685669.122457973,0 %, 2405 MHz, 46, 12.11 W
1788685669.222783044,0 %, 2405 MHz, 46, 12.10 W
1788685669.323124596,0 %, 2405 MHz, 46, 12.10 W
1788685669.423246516,0 %, 2405 MHz, 46, 12.10 W
1788685669.523738180,0 %, 2405 MHz, 46, 12.10 W
1788685669.624268004,0 %, 2405 MHz, 46, 12.10 W
1788685669.724136228,0 %, 2405 MHz, 46, 12.09 W
1788685669.824549107,0 %, 2405 MHz, 46, 12.09 W
1788685669.924639859,0 %, 2405 MHz, 46, 12.09 W
1788685670.025728035,0 %, 2405 MHz, 46, 12.09 W
1788685670.125139235,0 %, 2405 MHz, 46, 12.09 W
1788685670.225365635,0 %, 2405 MHz, 46, 12.11 W
1788685670.325581811,0 %, 2405 MHz, 46, 12.11 W
1788685670.426393682,0 %, 2405 MHz, 46, 12.11 W
1788685670.526668018,0 %, 2405 MHz, 46, 12.11 W
1788685670.626896626,0 %, 2405 MHz, 46, 12.11 W
1788685670.727144802,0 %, 2405 MHz, 46, 12.11 W
1788685670.827571730,0 %, 2405 MHz, 46, 12.11 W
1788685670.927933873,0 %, 2405 MHz, 46, 12.11 W
1788685671.028554225,0 %, 2405 MHz, 46, 12.11 W
1788685671.128303857,0 %, 2405 MHz, 46, 12.11 W
1788685671.229044641,0 %, 2405 MHz, 46, 12.11 W
1788685671.329289537,0 %, 2405 MHz, 46, 12.11 W
1788685671.429550241,0 %, 2405 MHz, 46, 12.11 W
1788685671.529927344,0 %, 2405 MHz, 46, 12.11 W
1788685671.630574160,0 %, 2405 MHz, 46, 12.11 W
1788685671.730673840,0 %, 2405 MHz, 46, 12.11 W
1788685671.831099792,0 %, 2405 MHz, 46, 12.11 W
1788685671.931288240,0 %, 2405 MHz, 46, 12.11 W
1788685672.031556912,0 %, 2405 MHz, 46, 12.11 W
1788685672.131634496,0 %, 2405 MHz, 46, 12.11 W
1788685672.231715600,0 %, 2405 MHz, 46, 12.11 W
1788685672.332252111,0 %, 2405 MHz, 46, 12.11 W
1788685672.432433535,0 %, 2405 MHz, 46, 12.11 W
1788685672.532849391,0 %, 2405 MHz, 46, 12.11 W
1788685672.633440687,0 %, 2405 MHz, 46, 12.11 W
1788685672.733711455,0 %, 2405 MHz, 46, 12.12 W
1788685672.833877871,0 %, 2405 MHz, 46, 12.12 W
1788685672.934404847,0 %, 2405 MHz, 46, 12.12 W
1788685673.034520575,0 %, 2405 MHz, 46, 12.12 W
1788685673.134788623,0 %, 2405 MHz, 46, 12.12 W
1788685673.235060302,0 %, 2405 MHz, 46, 12.15 W
1788685673.335764830,0 %, 2405 MHz, 46, 12.15 W
1788685673.436704814,0 %, 2405 MHz, 46, 12.15 W
1788685673.537094094,0 %, 2405 MHz, 46, 12.15 W
1788685673.637115214,0 %, 2405 MHz, 46, 12.15 W
1788685673.736794654,0 %, 2405 MHz, 46, 12.15 W
1788685673.837498126,0 %, 2405 MHz, 46, 12.15 W
1788685673.938448414,0 %, 2405 MHz, 46, 12.15 W
1788685674.038858590,0 %, 2405 MHz, 46, 12.15 W
1788685674.138490734,0 %, 2405 MHz, 46, 12.15 W
1788685674.238891101,0 %, 2405 MHz, 46, 12.20 W
1788685674.338808221,0 %, 2405 MHz, 46, 12.20 W
1788685674.438788589,0 %, 2405 MHz, 46, 12.20 W
1788685674.539814205,0 %, 2405 MHz, 46, 12.20 W
1788685674.639892973,0 %, 2405 MHz, 46, 12.20 W
1788685674.740542381,0 %, 2405 MHz, 46, 12.21 W
1788685674.840815613,0 %, 2405 MHz, 46, 12.21 W
1788685674.941001165,0 %, 2405 MHz, 46, 12.21 W
1788685675.041777133,0 %, 2405 MHz, 46, 12.21 W
1788685675.141808797,0 %, 2405 MHz, 46, 12.21 W
1788685675.241893165,0 %, 2405 MHz, 46, 12.12 W
1788685675.342629085,0 %, 2405 MHz, 46, 12.12 W
1788685675.442622269,0 %, 2405 MHz, 46, 12.12 W
1788685675.543061709,0 %, 2405 MHz, 46, 12.12 W
1788685675.643870365,0 %, 2405 MHz, 46, 12.12 W
1788685675.744093261,0 %, 2405 MHz, 46, 12.10 W
1788685675.844010861,0 %, 2405 MHz, 46, 12.10 W
1788685675.944185453,0 %, 2405 MHz, 46, 12.10 W
1788685676.044830828,0 %, 2405 MHz, 46, 12.10 W
1788685676.145131180,0 %, 2405 MHz, 46, 12.10 W
1788685676.245464892,0 %, 2405 MHz, 46, 12.10 W
1788685676.346221180,0 %, 2405 MHz, 46, 12.10 W
1788685676.446451596,0 %, 2405 MHz, 46, 12.10 W
1788685676.546826956,0 %, 2405 MHz, 46, 12.10 W
1788685676.647011772,0 %, 2405 MHz, 46, 12.10 W
1788685676.746549548,0 %, 2405 MHz, 46, 12.09 W
1788685676.847061516,0 %, 2405 MHz, 46, 12.09 W
1788685676.947361868,0 %, 2405 MHz, 46, 12.09 W
1788685677.047759020,0 %, 2405 MHz, 46, 12.09 W
1788685677.147963900,0 %, 2405 MHz, 46, 12.09 W
1788685677.247777772,0 %, 2405 MHz, 46, 12.16 W
1788685677.348015756,0 %, 2405 MHz, 46, 12.16 W
1788685677.448139452,0 %, 2405 MHz, 46, 12.16 W
1788685677.548588588,0 %, 2405 MHz, 46, 12.16 W
1788685677.648696413,0 %, 2405 MHz, 46, 12.16 W
1788685677.748490973,0 %, 2405 MHz, 46, 12.20 W
1788685677.848872701,0 %, 2405 MHz, 46, 12.20 W
1788685677.948778573,0 %, 2405 MHz, 46, 12.20 W
1788685678.049455453,0 %, 2405 MHz, 46, 12.20 W
1788685678.149867757,0 %, 2405 MHz, 46, 12.20 W
1788685678.249450029,0 %, 2405 MHz, 46, 12.17 W
1788685678.349862765,0 %, 2405 MHz, 46, 12.17 W
1788685678.450108109,0 %, 2405 MHz, 46, 12.17 W
1788685678.550352205,0 %, 2405 MHz, 46, 12.17 W
1788685678.650340989,0 %, 2405 MHz, 46, 12.17 W
1788685678.750380221,0 %, 2405 MHz, 46, 12.19 W
1788685678.850861933,0 %, 2405 MHz, 46, 12.19 W
1788685678.951605453,0 %, 2405 MHz, 46, 12.19 W
1788685679.051403725,0 %, 2405 MHz, 46, 12.19 W
1788685679.151447453,0 %, 2405 MHz, 46, 12.19 W
1788685679.251599181,0 %, 2405 MHz, 46, 12.19 W
1788685679.352091133,0 %, 2405 MHz, 46, 12.19 W
1788685679.452643117,0 %, 2405 MHz, 46, 12.19 W
1788685679.553965197,0 %, 2405 MHz, 46, 12.19 W
1788685679.653440221,0 %, 2405 MHz, 46, 12.19 W
1788685679.752860094,0 %, 2405 MHz, 46, 12.19 W
1788685679.853256382,0 %, 2405 MHz, 46, 12.19 W
1788685679.953506318,0 %, 2405 MHz, 46, 12.19 W
1788685680.053652558,0 %, 2405 MHz, 46, 12.19 W
1788685680.154464094,0 %, 2405 MHz, 46, 12.19 W
1788685680.254599614,2 %, 2405 MHz, 46, 12.18 W
1788685680.355088494,2 %, 2405 MHz, 46, 12.18 W
1788685680.455726798,2 %, 2405 MHz, 46, 12.18 W
1788685680.555492798,2 %, 2405 MHz, 46, 12.18 W
1788685680.655662078,2 %, 2405 MHz, 46, 12.18 W
1788685680.755774702,2 %, 2405 MHz, 46, 12.14 W
1788685680.856681726,2 %, 2405 MHz, 46, 12.14 W
1788685680.957125342,2 %, 2405 MHz, 46, 12.14 W
1788685681.056788463,2 %, 2405 MHz, 46, 12.14 W
1788685681.156971631,2 %, 2405 MHz, 46, 12.14 W
1788685681.257541871,0 %, 2405 MHz, 46, 12.21 W
1788685681.357403551,0 %, 2405 MHz, 46, 12.21 W
1788685681.457449039,0 %, 2405 MHz, 46, 12.21 W
1788685681.558068415,0 %, 2405 MHz, 46, 12.21 W
1788685681.658277423,0 %, 2405 MHz, 46, 12.21 W
1788685681.758467376,0 %, 2405 MHz, 46, 12.32 W
1788685681.858704656,0 %, 2405 MHz, 46, 12.32 W
1788685681.958905584,0 %, 2405 MHz, 46, 12.32 W
1788685682.059332160,0 %, 2405 MHz, 46, 12.32 W
1788685682.159341056,0 %, 2405 MHz, 46, 12.32 W
1788685682.259531872,0 %, 2405 MHz, 46, 12.36 W
1788685682.359489984,0 %, 2405 MHz, 46, 12.36 W
1788685682.459971857,0 %, 2405 MHz, 46, 12.36 W
1788685682.560070321,0 %, 2405 MHz, 46, 12.36 W
1788685682.660752417,0 %, 2405 MHz, 46, 12.36 W
1788685682.760723745,0 %, 2405 MHz, 47, 12.35 W
1788685682.860928689,0 %, 2405 MHz, 47, 12.35 W
1788685682.961165521,0 %, 2405 MHz, 47, 12.35 W
1788685683.061367153,0 %, 2405 MHz, 47, 12.35 W
1788685683.161689618,0 %, 2405 MHz, 47, 12.35 W
1788685683.261743858,0 %, 2405 MHz, 47, 12.34 W
1788685683.361750370,0 %, 2405 MHz, 47, 12.34 W
1788685683.462167922,0 %, 2405 MHz, 47, 12.34 W
1788685683.562411058,0 %, 2405 MHz, 47, 12.34 W
1788685683.661718531,0 %, 2405 MHz, 47, 12.34 W
1788685683.762863443,0 %, 2405 MHz, 47, 12.35 W
1788685683.863700611,0 %, 2405 MHz, 47, 12.35 W
1788685683.963969763,0 %, 2405 MHz, 47, 12.35 W
1788685684.064307859,0 %, 2405 MHz, 47, 12.35 W
1788685684.164572563,0 %, 2405 MHz, 47, 12.35 W
1788685684.264801363,0 %, 2405 MHz, 47, 12.28 W
1788685684.364898612,0 %, 2405 MHz, 47, 12.28 W
1788685684.465065604,0 %, 2405 MHz, 47, 12.28 W
1788685684.565818212,0 %, 2405 MHz, 47, 12.28 W
1788685684.665589620,0 %, 2405 MHz, 47, 12.28 W
1788685684.766551764,0 %, 2405 MHz, 47, 12.17 W
1788685684.867008164,0 %, 2405 MHz, 47, 12.17 W
1788685684.967669301,0 %, 2405 MHz, 47, 12.17 W
1788685685.067529365,0 %, 2405 MHz, 47, 12.17 W
1788685685.167967733,0 %, 2405 MHz, 47, 12.17 W
1788685685.268588405,0 %, 2405 MHz, 47, 12.15 W
1788685685.368819893,0 %, 2405 MHz, 47, 12.15 W
1788685685.468815286,0 %, 2405 MHz, 47, 12.15 W
1788685685.569237750,0 %, 2405 MHz, 47, 12.15 W
1788685685.668970294,0 %, 2405 MHz, 47, 12.15 W
1788685685.769608630,0 %, 2405 MHz, 47, 12.14 W
1788685685.869886102,0 %, 2405 MHz, 47, 12.14 W
1788685685.970143111,0 %, 2405 MHz, 47, 12.14 W
1788685686.070742823,0 %, 2405 MHz, 47, 12.14 W
1788685686.170236791,0 %, 2405 MHz, 47, 12.14 W
1788685686.271364727,0 %, 2405 MHz, 47, 12.14 W
1788685686.371794999,0 %, 2405 MHz, 47, 12.14 W
1788685686.471687176,0 %, 2405 MHz, 47, 12.14 W
1788685686.572275656,0 %, 2405 MHz, 47, 12.14 W
1788685686.672538136,0 %, 2405 MHz, 47, 12.14 W
1788685686.772748088,0 %, 2405 MHz, 46, 12.14 W
1788685686.873314857,0 %, 2405 MHz, 46, 12.14 W
1788685686.973753465,0 %, 2405 MHz, 46, 12.14 W
1788685687.073739833,0 %, 2405 MHz, 46, 12.14 W
1788685687.173075530,0 %, 2405 MHz, 46, 12.14 W
1788685687.274445866,0 %, 2405 MHz, 46, 12.15 W
1788685687.374969306,0 %, 2405 MHz, 46, 12.15 W
1788685687.474506810,0 %, 2405 MHz, 46, 12.15 W
1788685687.574688539,0 %, 2405 MHz, 46, 12.15 W
1788685687.675369595,0 %, 2405 MHz, 46, 12.17 W
1788685687.776088587,0 %, 2405 MHz, 46, 12.17 W
1788685687.876370331,0 %, 2405 MHz, 46, 12.17 W
1788685687.976755115,0 %, 2405 MHz, 46, 12.17 W
1788685688.076797596,0 %, 2405 MHz, 46, 12.17 W
1788685688.176950620,0 %, 2405 MHz, 46, 12.21 W
1788685688.276724380,0 %, 2405 MHz, 46, 12.21 W
1788685688.377905965,0 %, 2405 MHz, 46, 12.21 W
1788685688.477834397,0 %, 2405 MHz, 46, 12.21 W
1788685688.578631917,0 %, 2405 MHz, 46, 12.21 W
1788685688.678963469,0 %, 2405 MHz, 46, 12.21 W
1788685688.779202318,0 %, 2405 MHz, 46, 12.21 W
1788685688.879436894,0 %, 2405 MHz, 46, 12.21 W
1788685688.979762734,0 %, 2405 MHz, 46, 12.21 W
1788685689.080010814,0 %, 2405 MHz, 46, 12.21 W
1788685689.179801375,0 %, 2405 MHz, 46, 12.13 W
1788685689.280414143,0 %, 2405 MHz, 46, 12.13 W
1788685689.380968303,0 %, 2405 MHz, 46, 12.13 W
1788685689.481360688,0 %, 2405 MHz, 46, 12.13 W
1788685689.581796896,0 %, 2405 MHz, 46, 12.13 W
1788685689.681799248,0 %, 2405 MHz, 46, 12.11 W
1788685689.782375745,0 %, 2405 MHz, 46, 12.11 W
1788685689.882467537,0 %, 2405 MHz, 46, 12.11 W
1788685689.982847649,0 %, 2405 MHz, 46, 12.11 W
1788685690.082982354,0 %, 2405 MHz, 46, 12.11 W
1788685690.182882514,0 %, 2405 MHz, 46, 12.11 W
1788685690.283348802,0 %, 2405 MHz, 46, 12.11 W
1788685690.383839459,0 %, 2405 MHz, 46, 12.11 W
1788685690.484059971,0 %, 2405 MHz, 46, 12.11 W
1788685690.584522803,0 %, 2405 MHz, 46, 12.11 W
1788685690.684056900,0 %, 2405 MHz, 46, 12.10 W
1788685690.784461380,0 %, 2405 MHz, 46, 12.10 W
1788685690.884787380,0 %, 2405 MHz, 46, 12.10 W
1788685690.985028085,0 %, 2405 MHz, 46, 12.10 W
1788685691.085447285,0 %, 2405 MHz, 46, 12.10 W
1788685691.185530133,0 %, 2405 MHz, 46, 12.16 W
1788685691.285381526,0 %, 2405 MHz, 46, 12.16 W
1788685691.385937542,0 %, 2405 MHz, 46, 12.16 W
1788685691.485979319,0 %, 2405 MHz, 46, 12.16 W
1788685691.585869127,0 %, 2405 MHz, 46, 12.16 W
1788685691.686316999,0 %, 2405 MHz, 46, 12.21 W
1788685691.786209736,0 %, 2405 MHz, 46, 12.21 W
1788685691.886660376,0 %, 2405 MHz, 46, 12.21 W
1788685691.986994104,0 %, 2405 MHz, 46, 12.21 W
1788685692.086933401,0 %, 2405 MHz, 46, 12.21 W
1788685692.187022585,0 %, 2405 MHz, 46, 12.18 W
1788685692.287268122,0 %, 2405 MHz, 46, 12.18 W
1788685692.387339066,0 %, 2405 MHz, 46, 12.18 W
1788685692.487779306,0 %, 2405 MHz, 46, 12.18 W
1788685692.587590235,0 %, 2405 MHz, 46, 12.18 W
1788685692.687731371,0 %, 2405 MHz, 46, 12.18 W
1788685692.788404476,0 %, 2405 MHz, 46, 12.18 W
1788685692.888634444,0 %, 2405 MHz, 46, 12.18 W
1788685692.988735372,0 %, 2405 MHz, 46, 12.18 W
1788685693.088859101,0 %, 2405 MHz, 46, 12.18 W
1788685693.188774525,0 %, 2405 MHz, 46, 12.18 W
1788685693.289748174,0 %, 2405 MHz, 46, 12.18 W
1788685693.389744542,0 %, 2405 MHz, 46, 12.18 W
1788685693.490178494,0 %, 2405 MHz, 46, 12.18 W
1788685693.589950159,0 %, 2405 MHz, 46, 12.18 W
1788685693.690826719,0 %, 2405 MHz, 46, 12.20 W
1788685693.790729664,0 %, 2405 MHz, 46, 12.20 W
1788685693.891686032,0 %, 2405 MHz, 46, 12.20 W
1788685693.991583024,0 %, 2405 MHz, 46, 12.20 W
1788685694.091508193,0 %, 2405 MHz, 46, 12.20 W
1788685694.191905457,0 %, 2405 MHz, 46, 12.16 W
1788685694.292276130,0 %, 2405 MHz, 46, 12.16 W
1788685694.392561202,0 %, 2405 MHz, 46, 12.16 W
1788685694.493271794,0 %, 2405 MHz, 46, 12.16 W
1788685694.593259875,0 %, 2405 MHz, 46, 12.16 W
1788685694.693626595,0 %, 2405 MHz, 46, 12.11 W
1788685694.793775796,0 %, 2405 MHz, 46, 12.11 W
1788685694.894008948,0 %, 2405 MHz, 46, 12.11 W
1788685694.994221061,0 %, 2405 MHz, 46, 12.11 W
1788685695.094460261,0 %, 2405 MHz, 46, 12.11 W
1788685695.194329782,0 %, 2405 MHz, 46, 12.22 W
1788685695.294569270,0 %, 2405 MHz, 46, 12.22 W
1788685695.394695927,0 %, 2405 MHz, 46, 12.22 W
1788685695.495280615,0 %, 2405 MHz, 46, 12.22 W
1788685695.595224232,0 %, 2405 MHz, 46, 12.22 W
1788685695.695420344,0 %, 2405 MHz, 47, 12.34 W
1788685695.795672872,0 %, 2405 MHz, 47, 12.34 W
1788685695.895904073,0 %, 2405 MHz, 47, 12.34 W
1788685695.996077449,0 %, 2405 MHz, 47, 12.34 W
1788685696.096262970,0 %, 2405 MHz, 47, 12.34 W
1788685696.196502426,0 %, 2405 MHz, 47, 12.35 W
1788685696.296662875,0 %, 2405 MHz, 47, 12.35 W
1788685696.396687163,0 %, 2405 MHz, 47, 12.35 W
1788685696.496658492,0 %, 2405 MHz, 47, 12.35 W
1788685696.597410172,0 %, 2405 MHz, 47, 12.35 W
1788685696.697646349,0 %, 2405 MHz, 47, 12.34 W
1788685696.797867133,0 %, 2405 MHz, 47, 12.34 W
1788685696.898089278,0 %, 2405 MHz, 47, 12.34 W
1788685696.998304718,0 %, 2405 MHz, 47, 12.34 W
1788685697.098522127,0 %, 2405 MHz, 47, 12.34 W
1788685697.198354783,0 %, 2405 MHz, 47, 12.36 W
1788685697.298711728,0 %, 2405 MHz, 47, 12.36 W
1788685697.399140256,0 %, 2405 MHz, 47, 12.36 W
1788685697.499336097,0 %, 2405 MHz, 47, 12.36 W
1788685697.599182993,0 %, 2405 MHz, 47, 12.36 W
1788685697.700176178,0 %, 2405 MHz, 47, 12.36 W
1788685697.800647522,0 %, 2405 MHz, 47, 12.36 W
1788685697.900455587,0 %, 2405 MHz, 47, 12.36 W
1788685698.001216227,0 %, 2405 MHz, 47, 12.36 W
1788685698.101771588,0 %, 2405 MHz, 47, 12.36 W
1788685698.201968708,0 %, 2405 MHz, 47, 12.26 W
1788685698.301707989,0 %, 2405 MHz, 47, 12.26 W
1788685698.402606933,0 %, 2405 MHz, 47, 12.26 W
1788685698.502430854,0 %, 2405 MHz, 47, 12.26 W
1788685698.602409270,0 %, 2405 MHz, 47, 12.26 W
1788685698.703228135,0 %, 2405 MHz, 47, 12.18 W
1788685698.803426983,0 %, 2405 MHz, 47, 12.18 W
1788685698.903516216,0 %, 2405 MHz, 47, 12.18 W
1788685699.004713928,0 %, 2405 MHz, 47, 12.18 W
1788685699.104704665,0 %, 2405 MHz, 47, 12.18 W
1788685699.204539530,0 %, 2405 MHz, 47, 12.17 W
1788685699.304515450,0 %, 2405 MHz, 47, 12.17 W
1788685699.405634379,0 %, 2405 MHz, 47, 12.17 W
1788685699.505879931,0 %, 2405 MHz, 47, 12.17 W
1788685699.606167788,0 %, 2405 MHz, 47, 12.17 W
1788685699.706905532,0 %, 2405 MHz, 47, 12.16 W
1788685699.807213949,0 %, 2405 MHz, 47, 12.16 W
1788685699.907605565,0 %, 2405 MHz, 47, 12.16 W
1788685700.008485262,0 %, 2405 MHz, 47, 12.16 W
1788685700.108673902,0 %, 2405 MHz, 47, 12.16 W
1788685700.209113471,0 %, 2405 MHz, 47, 12.16 W
1788685700.309385039,0 %, 2405 MHz, 47, 12.16 W
1788685700.409999376,0 %, 2405 MHz, 47, 12.16 W
1788685700.510331841,0 %, 2405 MHz, 47, 12.16 W
1788685700.610513281,0 %, 2405 MHz, 47, 12.16 W
1788685700.711105186,0 %, 2405 MHz, 47, 12.16 W
1788685700.811802514,0 %, 2405 MHz, 47, 12.16 W
1788685700.912294051,0 %, 2405 MHz, 47, 12.16 W
1788685701.012532067,0 %, 2405 MHz, 47, 12.16 W
1788685701.112712388,0 %, 2405 MHz, 47, 12.16 W
1788685701.213420516,0 %, 2405 MHz, 47, 12.16 W
1788685701.313996037,0 %, 2405 MHz, 47, 12.16 W
1788685701.414584358,0 %, 2405 MHz, 47, 12.16 W
1788685701.514775334,0 %, 2405 MHz, 47, 12.16 W
1788685701.614574743,0 %, 2405 MHz, 47, 12.16 W
1788685701.715067511,0 %, 2405 MHz, 47, 12.15 W
1788685701.815933928,0 %, 2405 MHz, 47, 12.15 W
1788685701.916360648,0 %, 2405 MHz, 47, 12.15 W
1788685702.016659353,0 %, 2405 MHz, 47, 12.15 W
1788685702.117377994,0 %, 2405 MHz, 47, 12.15 W
1788685702.217431642,0 %, 2405 MHz, 47, 12.17 W
1788685702.317526267,0 %, 2405 MHz, 47, 12.17 W
1788685702.418921675,0 %, 2405 MHz, 47, 12.17 W
1788685702.518024988,0 %, 2405 MHz, 47, 12.17 W
1788685702.619435757,0 %, 2405 MHz, 47, 12.17 W
1788685702.719896621,0 %, 2405 MHz, 47, 12.15 W
1788685702.819918718,0 %, 2405 MHz, 47, 12.15 W
1788685702.920728094,0 %, 2405 MHz, 47, 12.15 W
1788685703.021332207,0 %, 2405 MHz, 47, 12.15 W
1788685703.121557632,0 %, 2405 MHz, 47, 12.15 W
1788685703.221283088,0 %, 2405 MHz, 47, 12.12 W
1788685703.322023233,0 %, 2405 MHz, 47, 12.12 W
1788685703.421646626,0 %, 2405 MHz, 47, 12.12 W
1788685703.522300082,0 %, 2405 MHz, 47, 12.12 W
1788685703.623240099,0 %, 2405 MHz, 47, 12.12 W
1788685703.723589588,0 %, 2405 MHz, 46, 12.16 W
1788685703.822956180,0 %, 2405 MHz, 46, 12.16 W
1788685703.923985269,0 %, 2405 MHz, 46, 12.16 W
1788685704.024898261,0 %, 2405 MHz, 46, 12.16 W
1788685704.125022726,0 %, 2405 MHz, 46, 12.16 W
1788685704.225202807,0 %, 2405 MHz, 46, 12.20 W
1788685704.325627207,0 %, 2405 MHz, 46, 12.20 W
1788685704.426548088,0 %, 2405 MHz, 46, 12.20 W
1788685704.526770521,0 %, 2405 MHz, 46, 12.20 W
1788685704.627197033,0 %, 2405 MHz, 46, 12.20 W
1788685704.727608922,0 %, 2405 MHz, 46, 12.15 W
1788685704.828407515,0 %, 2405 MHz, 46, 12.15 W
1788685704.928810747,0 %, 2405 MHz, 46, 12.15 W
1788685705.029007468,0 %, 2405 MHz, 46, 12.15 W
1788685705.129375357,0 %, 2405 MHz, 46, 12.15 W
1788685705.229563565,0 %, 2405 MHz, 46, 12.11 W
1788685705.330400462,0 %, 2405 MHz, 46, 12.11 W
1788685705.430398655,0 %, 2405 MHz, 46, 12.11 W
1788685705.530348303,0 %, 2405 MHz, 46, 12.11 W
1788685705.630356592,0 %, 2405 MHz, 46, 12.11 W
1788685705.731042993,0 %, 2405 MHz, 46, 12.13 W
1788685705.831312017,0 %, 2405 MHz, 46, 12.13 W
1788685705.931841634,0 %, 2405 MHz, 46, 12.13 W
1788685706.032067907,0 %, 2405 MHz, 46, 12.13 W
1788685706.131838116,0 %, 2405 MHz, 46, 12.13 W
1788685706.232608580,0 %, 2405 MHz, 46, 12.13 W
1788685706.332837269,0 %, 2405 MHz, 46, 12.13 W
1788685706.433217318,0 %, 2405 MHz, 46, 12.13 W
1788685706.532590551,0 %, 2405 MHz, 46, 12.13 W
1788685706.633996759,0 %, 2405 MHz, 46, 12.13 W
1788685706.734316808,0 %, 2405 MHz, 46, 12.11 W
1788685706.835056456,0 %, 2405 MHz, 46, 12.11 W
1788685706.935576521,0 %, 2405 MHz, 46, 12.11 W
1788685707.035720602,0 %, 2405 MHz, 46, 12.11 W
1788685707.136087467,0 %, 2405 MHz, 46, 12.11 W
1788685707.236800267,0 %, 2405 MHz, 46, 12.11 W
1788685707.336925740,0 %, 2405 MHz, 46, 12.11 W
1788685707.437279197,0 %, 2405 MHz, 46, 12.11 W
1788685707.537552749,0 %, 2405 MHz, 46, 12.11 W
1788685707.637921166,0 %, 2405 MHz, 46, 12.11 W
1788685707.738261839,0 %, 2405 MHz, 46, 12.09 W
1788685707.838416064,0 %, 2405 MHz, 46, 12.09 W
1788685707.939296336,0 %, 2405 MHz, 46, 12.09 W
1788685708.039536721,0 %, 2405 MHz, 46, 12.09 W
1788685708.139960242,0 %, 2405 MHz, 46, 12.09 W
1788685708.240714962,0 %, 2405 MHz, 46, 12.10 W
1788685708.340097795,0 %, 2405 MHz, 46, 12.10 W
1788685708.440307236,0 %, 2405 MHz, 46, 12.10 W
1788685708.541277941,0 %, 2405 MHz, 46, 12.10 W
1788685708.641359622,0 %, 2405 MHz, 46, 12.10 W
1788685708.741869046,0 %, 2405 MHz, 46, 12.12 W
1788685708.842721911,0 %, 2405 MHz, 46, 12.12 W
1788685708.942471592,0 %, 2405 MHz, 46, 12.12 W
1788685709.042961897,0 %, 2405 MHz, 46, 12.12 W
1788685709.143393977,0 %, 2405 MHz, 46, 12.12 W
1788685709.243913546,0 %, 2405 MHz, 46, 12.11 W
1788685709.344902299,0 %, 2405 MHz, 46, 12.11 W
1788685709.444387868,0 %, 2405 MHz, 46, 12.11 W
1788685709.545014508,0 %, 2405 MHz, 46, 12.11 W
1788685709.645636989,0 %, 2405 MHz, 46, 12.11 W
1788685709.745820654,0 %, 2405 MHz, 46, 12.09 W
1788685709.846143487,0 %, 2405 MHz, 46, 12.09 W
1788685709.946908656,0 %, 2405 MHz, 46, 12.09 W
1788685710.046385968,0 %, 2405 MHz, 46, 12.09 W
1788685710.146574513,0 %, 2405 MHz, 46, 12.09 W
1788685710.247579714,0 %, 2405 MHz, 46, 12.10 W
1788685710.347905667,0 %, 2405 MHz, 46, 12.10 W
1788685710.447826020,0 %, 2405 MHz, 46, 12.10 W
1788685710.548300676,0 %, 2405 MHz, 46, 12.10 W
1788685710.648667557,0 %, 2405 MHz, 46, 12.10 W
1788685710.749384886,0 %, 2405 MHz, 46, 12.09 W
1788685710.849729351,0 %, 2405 MHz, 46, 12.09 W
1788685710.949960264,0 %, 2405 MHz, 46, 12.09 W
1788685711.050310200,0 %, 2405 MHz, 46, 12.09 W
1788685711.151035177,0 %, 2405 MHz, 46, 12.09 W
1788685711.251384538,0 %, 2405 MHz, 46, 12.08 W
1788685711.350975995,0 %, 2405 MHz, 46, 12.08 W
1788685711.451701804,0 %, 2405 MHz, 46, 12.08 W
1788685711.552182028,0 %, 2405 MHz, 46, 12.08 W
1788685711.652523037,0 %, 2405 MHz, 46, 12.08 W
1788685711.753243390,0 %, 2405 MHz, 46, 12.09 W
1788685711.853610015,0 %, 2405 MHz, 46, 12.09 W
1788685711.953960256,0 %, 2405 MHz, 46, 12.09 W
1788685712.054260465,0 %, 2405 MHz, 46, 12.09 W
1788685712.154955201,0 %, 2405 MHz, 46, 12.09 W
1788685712.255300322,0 %, 2405 MHz, 46, 12.10 W
1788685712.355648947,0 %, 2405 MHz, 46, 12.10 W
1788685712.455403092,0 %, 2405 MHz, 46, 12.10 W
1788685712.556169461,0 %, 2405 MHz, 46, 12.10 W
1788685712.656872374,0 %, 2405 MHz, 46, 12.10 W
1788685712.757070966,0 %, 2405 MHz, 46, 12.11 W
1788685712.857872311,0 %, 2405 MHz, 46, 12.11 W
1788685712.957876072,0 %, 2405 MHz, 46, 12.11 W
1788685713.058797241,0 %, 2405 MHz, 46, 12.11 W
1788685713.159024378,0 %, 2405 MHz, 46, 12.11 W
1788685713.258616491,0 %, 2405 MHz, 46, 12.11 W
1788685713.359657324,0 %, 2405 MHz, 46, 12.11 W
1788685713.459821452,0 %, 2405 MHz, 46, 12.11 W
1788685713.560761869,0 %, 2405 MHz, 46, 12.11 W
1788685713.660843966,0 %, 2405 MHz, 46, 12.11 W
1788685713.761070863,0 %, 2405 MHz, 46, 12.11 W
1788685713.861351008,0 %, 2405 MHz, 46, 12.11 W
1788685713.961862993,0 %, 2405 MHz, 46, 12.11 W
1788685714.062638786,0 %, 2405 MHz, 46, 12.11 W
1788685714.162180131,0 %, 2405 MHz, 46, 12.11 W
1788685714.263338451,0 %, 2405 MHz, 46, 12.09 W
1788685714.363295764,0 %, 2405 MHz, 46, 12.09 W
1788685714.463349781,0 %, 2405 MHz, 46, 12.09 W
1788685714.564406086,0 %, 2405 MHz, 46, 12.09 W
1788685714.664786967,0 %, 2405 MHz, 46, 12.09 W
1788685714.765139688,0 %, 2405 MHz, 46, 12.08 W
1788685714.865418233,0 %, 2405 MHz, 46, 12.08 W
1788685714.965535498,0 %, 2405 MHz, 46, 12.08 W
1788685715.066498362,0 %, 2405 MHz, 46, 12.08 W
1788685715.166891851,0 %, 2405 MHz, 46, 12.08 W
1788685715.267208524,0 %, 2405 MHz, 46, 12.09 W
1788685715.368024461,0 %, 2405 MHz, 46, 12.09 W
1788685715.468347790,0 %, 2405 MHz, 46, 12.09 W
1788685715.567932831,0 %, 2405 MHz, 46, 12.09 W
1788685715.669009840,0 %, 2405 MHz, 46, 12.09 W
1788685715.769742817,0 %, 2405 MHz, 46, 12.07 W
1788685715.870091010,0 %, 2405 MHz, 46, 12.07 W
1788685715.970373299,0 %, 2405 MHz, 46, 12.07 W
1788685716.070786276,0 %, 2405 MHz, 46, 12.07 W
1788685716.171650900,0 %, 2405 MHz, 46, 12.07 W
1788685716.271698661,0 %, 2405 MHz, 46, 12.07 W
1788685716.372088502,0 %, 2405 MHz, 46, 12.07 W
1788685716.472465991,0 %, 2405 MHz, 46, 12.07 W
1788685716.573241752,0 %, 2405 MHz, 46, 12.07 W
1788685716.673663145,0 %, 2405 MHz, 46, 12.07 W
1788685716.773951306,0 %, 2405 MHz, 46, 12.07 W
1788685716.874776923,0 %, 2405 MHz, 46, 12.07 W
1788685716.975097212,0 %, 2405 MHz, 46, 12.07 W
1788685717.075435581,0 %, 2405 MHz, 46, 12.07 W
1788685717.175780462,0 %, 2405 MHz, 46, 12.07 W
1788685717.276003231,0 %, 2405 MHz, 46, 12.06 W
1788685717.376886736,0 %, 2405 MHz, 46, 12.06 W
1788685717.477177809,0 %, 2405 MHz, 46, 12.06 W
1788685717.576488626,0 %, 2405 MHz, 46, 12.06 W
1788685717.677355235,0 %, 2405 MHz, 46, 12.06 W
1788685717.777604804,0 %, 2405 MHz, 46, 12.08 W
1788685717.877932500,0 %, 2405 MHz, 46, 12.08 W
1788685717.977541766,0 %, 2405 MHz, 46, 12.08 W
1788685718.078547286,0 %, 2405 MHz, 46, 12.08 W
1788685718.178742087,0 %, 2405 MHz, 46, 12.09 W
1788685718.279489656,0 %, 2405 MHz, 46, 12.09 W
1788685718.379139113,0 %, 2405 MHz, 46, 12.09 W
1788685718.478896619,0 %, 2405 MHz, 46, 12.09 W
1788685718.580014427,0 %, 2405 MHz, 46, 12.09 W
1788685718.680353436,0 %, 2405 MHz, 46, 12.07 W
1788685718.780645373,0 %, 2405 MHz, 46, 12.07 W
1788685718.880916894,0 %, 2405 MHz, 46, 12.07 W
1788685718.981742239,0 %, 2405 MHz, 46, 12.07 W
1788685719.081315632,0 %, 2405 MHz, 46, 12.07 W
1788685719.182184049,0 %, 2405 MHz, 46, 12.06 W
1788685719.282619906,0 %, 2405 MHz, 46, 12.06 W
1788685719.382836963,0 %, 2405 MHz, 46, 12.06 W
1788685719.483164580,0 %, 2405 MHz, 46, 12.06 W
1788685719.583963829,0 %, 2405 MHz, 46, 12.06 W
1788685719.684132550,0 %, 2405 MHz, 46, 12.06 W
1788685719.784621927,0 %, 2405 MHz, 46, 12.06 W
1788685719.884863608,0 %, 2405 MHz, 46, 12.06 W
1788685719.985676009,0 %, 2405 MHz, 46, 12.06 W
1788685720.085996202,0 %, 2405 MHz, 46, 12.06 W
1788685720.186404907,0 %, 2405 MHz, 46, 12.07 W
1788685720.287161756,0 %, 2405 MHz, 46, 12.07 W
1788685720.386832862,0 %, 2405 MHz, 46, 12.07 W
1788685720.486716591,0 %, 2405 MHz, 46, 12.07 W
1788685720.587861072,0 %, 2405 MHz, 46, 12.07 W
1788685720.688192721,0 %, 2405 MHz, 46, 12.07 W
1788685720.788547266,0 %, 2405 MHz, 46, 12.07 W
1788685720.888791843,0 %, 2405 MHz, 46, 12.07 W
1788685720.989763492,0 %, 2405 MHz, 46, 12.07 W
1788685721.090094453,0 %, 2405 MHz, 46, 12.07 W
1788685721.190284438,0 %, 2405 MHz, 46, 12.07 W
1788685721.290441591,0 %, 2405 MHz, 46, 12.07 W
1788685721.391206456,0 %, 2405 MHz, 46, 12.07 W
1788685721.490293945,0 %, 2405 MHz, 46, 12.07 W
1788685721.591714346,0 %, 2405 MHz, 46, 12.07 W
1788685721.691921899,0 %, 2405 MHz, 46, 12.07 W
1788685721.792226908,0 %, 2405 MHz, 46, 12.07 W
1788685721.892592973,0 %, 2405 MHz, 46, 12.07 W
1788685721.993494526,0 %, 2405 MHz, 46, 12.07 W
1788685722.093688143,0 %, 2405 MHz, 46, 12.07 W
1788685722.193020544,0 %, 2405 MHz, 46, 12.07 W
1788685722.294076929,0 %, 2405 MHz, 46, 12.07 W
1788685722.394722866,0 %, 2405 MHz, 46, 12.07 W
1788685722.494246340,0 %, 2405 MHz, 46, 12.07 W
1788685722.595633861,0 %, 2405 MHz, 46, 12.07 W
1788685722.695800902,0 %, 2405 MHz, 46, 12.09 W
1788685722.795802663,0 %, 2405 MHz, 46, 12.09 W
1788685722.896320760,0 %, 2405 MHz, 46, 12.09 W
1788685722.996853209,0 %, 2405 MHz, 46, 12.09 W
1788685723.097422474,0 %, 2405 MHz, 46, 12.09 W
1788685723.197041515,0 %, 2405 MHz, 46, 12.09 W
1788685723.297006908,0 %, 2405 MHz, 46, 12.09 W
1788685723.397455725,0 %, 2405 MHz, 46, 12.09 W
1788685723.497426543,0 %, 2405 MHz, 46, 12.09 W
1788685723.598726656,0 %, 2405 MHz, 46, 12.09 W
1788685723.699052513,0 %, 2405 MHz, 46, 12.08 W
1788685723.799994754,0 %, 2405 MHz, 46, 12.08 W
1788685723.899928691,0 %, 2405 MHz, 46, 12.08 W
1788685724.000038340,0 %, 2405 MHz, 46, 12.08 W
1788685724.100427013,0 %, 2405 MHz, 46, 12.08 W
1788685724.200895926,0 %, 2405 MHz, 46, 12.07 W
1788685724.301799143,0 %, 2405 MHz, 46, 12.07 W
1788685724.401932840,0 %, 2405 MHz, 46, 12.07 W
1788685724.501642154,0 %, 2405 MHz, 46, 12.07 W
1788685724.602392379,0 %, 2405 MHz, 46, 12.07 W
1788685724.702883516,0 %, 2405 MHz, 46, 12.06 W
1788685724.803466061,0 %, 2405 MHz, 46, 12.06 W
1788685724.904118286,0 %, 2405 MHz, 46, 12.06 W
1788685725.004440703,0 %, 2405 MHz, 46, 12.06 W
1788685725.104925232,0 %, 2405 MHz, 46, 12.06 W
1788685725.205749297,0 %, 2405 MHz, 46, 12.08 W
1788685725.304733731,0 %, 2405 MHz, 46, 12.08 W
1788685725.405751476,0 %, 2405 MHz, 46, 12.08 W
1788685725.505262277,0 %, 2405 MHz, 46, 12.08 W
1788685725.606019222,0 %, 2405 MHz, 46, 12.08 W
1788685725.705760055,0 %, 2405 MHz, 46, 12.07 W
1788685725.806663704,0 %, 2405 MHz, 46, 12.07 W
1788685725.906759834,0 %, 2405 MHz, 46, 12.07 W
1788685726.007651195,0 %, 2405 MHz, 46, 12.07 W
1788685726.108040556,0 %, 2405 MHz, 46, 12.07 W
1788685726.208371325,0 %, 2405 MHz, 46, 12.06 W
1788685726.307766846,0 %, 2405 MHz, 46, 12.06 W
1788685726.408872383,0 %, 2405 MHz, 46, 12.06 W
1788685726.508111201,0 %, 2405 MHz, 46, 12.06 W
1788685726.609379650,0 %, 2405 MHz, 46, 12.06 W
1788685726.709854547,0 %, 2405 MHz, 46, 12.07 W
1788685726.810415748,0 %, 2405 MHz, 46, 12.07 W
1788685726.909831845,0 %, 2405 MHz, 46, 12.07 W
1788685727.011237606,0 %, 2405 MHz, 46, 12.07 W
1788685727.111896343,0 %, 2405 MHz, 46, 12.07 W
1788685727.212205865,0 %, 2405 MHz, 46, 12.07 W
1788685727.311831226,0 %, 2405 MHz, 46, 12.07 W
1788685727.412603947,0 %, 2405 MHz, 46, 12.07 W
1788685727.512078108,0 %, 2405 MHz, 46, 12.07 W
1788685727.613251293,0 %, 2405 MHz, 46, 12.07 W
1788685727.714183967,0 %, 2405 MHz, 46, 12.06 W
1788685727.814397408,0 %, 2405 MHz, 46, 12.06 W
1788685727.914656321,0 %, 2405 MHz, 46, 12.06 W
1788685728.015089250,0 %, 2405 MHz, 46, 12.06 W
1788685728.115268035,0 %, 2405 MHz, 46, 12.06 W
1788685728.216096180,0 %, 2405 MHz, 46, 12.06 W
1788685728.315867894,0 %, 2405 MHz, 46, 12.06 W
1788685728.416728455,0 %, 2405 MHz, 46, 12.06 W
1788685728.516300712,0 %, 2405 MHz, 46, 12.06 W
1788685728.617807721,0 %, 2405 MHz, 46, 12.06 W
1788685728.718007995,0 %, 2405 MHz, 46, 12.07 W
1788685728.818340604,0 %, 2405 MHz, 46, 12.07 W
1788685728.918398733,0 %, 2405 MHz, 46, 12.07 W
1788685729.018862430,0 %, 2405 MHz, 46, 12.07 W
1788685729.119159584,0 %, 2405 MHz, 46, 12.07 W
1788685729.219857505,0 %, 2405 MHz, 46, 12.07 W
1788685729.320308706,0 %, 2405 MHz, 46, 12.07 W
1788685729.420561059,0 %, 2405 MHz, 46, 12.07 W
1788685729.520318948,0 %, 2405 MHz, 46, 12.07 W
1788685729.621641558,0 %, 2405 MHz, 46, 12.07 W
1788685729.721952711,0 %, 2405 MHz, 46, 12.05 W
1788685729.822301912,0 %, 2405 MHz, 46, 12.05 W
1788685729.922507865,0 %, 2405 MHz, 46, 12.05 W
1788685730.022853307,0 %, 2405 MHz, 46, 12.05 W
1788685730.123617820,0 %, 2405 MHz, 46, 12.05 W
1788685730.223936957,0 %, 2405 MHz, 46, 12.05 W
1788685730.324499630,0 %, 2405 MHz, 46, 12.05 W
1788685730.425047519,0 %, 2405 MHz, 46, 12.05 W
1788685730.524295185,0 %, 2405 MHz, 46, 12.05 W
1788685730.624829330,0 %, 2405 MHz, 46, 12.05 W
1788685730.725711283,0 %, 2405 MHz, 46, 12.05 W
1788685730.826018421,0 %, 2405 MHz, 46, 12.05 W
1788685730.926503910,0 %, 2405 MHz, 46, 12.05 W
1788685731.026546839,0 %, 2405 MHz, 46, 12.05 W
1788685731.126444392,0 %, 2405 MHz, 46, 12.05 W
1788685731.226866458,0 %, 2405 MHz, 45, 12.04 W
1788685731.327294427,0 %, 2405 MHz, 45, 12.04 W
1788685731.427445212,0 %, 2405 MHz, 45, 12.04 W
1788685731.527434174,0 %, 2405 MHz, 45, 12.04 W
1788685731.628664591,0 %, 2405 MHz, 45, 12.04 W
1788685731.728888176,0 %, 2405 MHz, 46, 12.04 W
1788685731.829756401,0 %, 2405 MHz, 46, 12.04 W
1788685731.929591267,0 %, 2405 MHz, 46, 12.04 W
1788685732.030170644,0 %, 2405 MHz, 46, 12.04 W
1788685732.129922453,0 %, 2405 MHz, 46, 12.04 W
1788685732.230692423,0 %, 2405 MHz, 45, 12.03 W
1788685732.331024744,0 %, 2405 MHz, 45, 12.03 W
1788685732.431343033,0 %, 2405 MHz, 45, 12.03 W
1788685732.531345723,0 %, 2405 MHz, 45, 12.03 W
1788685732.632506524,0 %, 2405 MHz, 45, 12.03 W
1788685732.732660717,0 %, 2405 MHz, 45, 12.02 W
1788685732.832989134,0 %, 2405 MHz, 45, 12.02 W
1788685732.933460320,0 %, 2405 MHz, 45, 12.02 W
1788685733.033470881,0 %, 2405 MHz, 45, 12.02 W
1788685733.133877138,0 %, 2405 MHz, 45, 12.02 W
1788685733.234423572,0 %, 2405 MHz, 45, 12.03 W
1788685733.333946725,0 %, 2405 MHz, 45, 12.03 W
1788685733.434870198,0 %, 2405 MHz, 45, 12.03 W
1788685733.534315544,0 %, 2405 MHz, 45, 12.03 W
1788685733.635376569,0 %, 2405 MHz, 45, 12.03 W
1788685733.735788074,0 %, 2405 MHz, 45, 12.04 W
1788685733.836520988,0 %, 2405 MHz, 45, 12.04 W
1788685733.936802157,0 %, 2405 MHz, 45, 12.04 W
1788685734.037265342,0 %, 2405 MHz, 45, 12.04 W
1788685734.137381296,0 %, 2405 MHz, 45, 12.04 W
1788685734.237808161,0 %, 2405 MHz, 45, 12.04 W
1788685734.338628834,0 %, 2405 MHz, 45, 12.04 W
1788685734.438755572,0 %, 2405 MHz, 45, 12.04 W
1788685734.538204501,0 %, 2405 MHz, 45, 12.04 W
1788685734.639603702,0 %, 2405 MHz, 45, 12.04 W
1788685734.740236904,0 %, 2405 MHz, 45, 12.04 W
1788685734.840269321,0 %, 2405 MHz, 45, 12.04 W
1788685734.940864442,0 %, 2405 MHz, 45, 12.04 W
1788685735.041209260,0 %, 2405 MHz, 45, 12.04 W
1788685735.141401805,0 %, 2405 MHz, 45, 12.04 W
1788685735.242276302,0 %, 2405 MHz, 45, 12.04 W
1788685735.342785536,0 %, 2405 MHz, 45, 12.04 W
1788685735.442678161,0 %, 2405 MHz, 45, 12.04 W
1788685735.542608403,0 %, 2405 MHz, 45, 12.04 W
1788685735.644016100,0 %, 2405 MHz, 45, 12.04 W
1788685735.744138709,0 %, 2405 MHz, 45, 12.02 W
1788685735.844581399,0 %, 2405 MHz, 45, 12.02 W
1788685735.944289080,0 %, 2405 MHz, 45, 12.02 W
1788685736.044425833,0 %, 2405 MHz, 45, 12.02 W
1788685736.144803435,0 %, 2405 MHz, 45, 12.02 W
1788685736.245232428,0 %, 2405 MHz, 45, 12.02 W
1788685736.345608462,0 %, 2405 MHz, 45, 12.02 W
1788685736.446232847,0 %, 2405 MHz, 45, 12.02 W
1788685736.545963744,0 %, 2405 MHz, 45, 12.02 W
1788685736.647193858,0 %, 2405 MHz, 45, 12.02 W
1788685736.747910275,0 %, 2405 MHz, 45, 12.02 W
1788685736.848220660,0 %, 2405 MHz, 45, 12.02 W
1788685736.948606022,0 %, 2405 MHz, 45, 12.02 W
1788685737.048942343,0 %, 2405 MHz, 45, 12.02 W
1788685737.149700617,0 %, 2405 MHz, 45, 12.02 W
1788685737.249772970,0 %, 2405 MHz, 45, 12.03 W
1788685737.350548427,0 %, 2405 MHz, 45, 12.03 W
1788685737.450715421,0 %, 2405 MHz, 45, 12.03 W
1788685737.550305470,0 %, 2405 MHz, 45, 12.03 W
1788685737.651763904,0 %, 2405 MHz, 45, 12.03 W
1788685737.751699457,0 %, 2405 MHz, 45, 12.04 W
1788685737.852357587,0 %, 2405 MHz, 45, 12.04 W
1788685737.952449828,0 %, 2405 MHz, 45, 12.04 W
1788685738.052029461,0 %, 2405 MHz, 45, 12.04 W
1788685738.153091111,0 %, 2405 MHz, 45, 12.04 W
1788685738.253268984,0 %, 2405 MHz, 45, 12.06 W
1788685738.352981354,0 %, 2405 MHz, 45, 12.06 W
1788685738.454226651,0 %, 2405 MHz, 45, 12.06 W
1788685738.553675693,0 %, 2405 MHz, 45, 12.06 W
1788685738.654773822,0 %, 2405 MHz, 45, 12.06 W
1788685738.755126400,0 %, 2405 MHz, 45, 12.08 W
1788685738.855885233,0 %, 2405 MHz, 45, 12.08 W
1788685738.956099314,0 %, 2405 MHz, 45, 12.08 W
1788685739.055589268,0 %, 2405 MHz, 45, 12.08 W
1788685739.155821493,0 %, 2405 MHz, 45, 12.08 W
1788685739.256809687,0 %, 2405 MHz, 45, 12.06 W
1788685739.356941320,0 %, 2405 MHz, 45, 12.06 W
1788685739.457094362,0 %, 2405 MHz, 45, 12.06 W
1788685739.556565051,0 %, 2405 MHz, 45, 12.06 W
1788685739.657557901,0 %, 2405 MHz, 45, 12.06 W
1788685739.757645870,0 %, 2405 MHz, 45, 12.04 W
1788685739.858153776,0 %, 2405 MHz, 45, 12.04 W
1788685739.958573185,0 %, 2405 MHz, 45, 12.04 W
1788685740.059184483,0 %, 2405 MHz, 45, 12.04 W
1788685740.159519828,0 %, 2405 MHz, 45, 12.04 W
1788685740.259840374,2 %, 2405 MHz, 45, 12.07 W
1788685740.360133063,2 %, 2405 MHz, 45, 12.07 W
1788685740.460450169,2 %, 2405 MHz, 45, 12.07 W
1788685740.560117642,2 %, 2405 MHz, 45, 12.07 W
1788685740.661405739,2 %, 2405 MHz, 45, 12.07 W
1788685740.761711181,2 %, 2405 MHz, 45, 12.08 W
1788685740.861936350,2 %, 2405 MHz, 45, 12.08 W
1788685740.962369216,2 %, 2405 MHz, 45, 12.08 W
1788685741.062584945,2 %, 2405 MHz, 45, 12.08 W
1788685741.163369955,2 %, 2405 MHz, 45, 12.08 W
1788685741.263347860,0 %, 2405 MHz, 45, 12.06 W
1788685741.363949350,0 %, 2405 MHz, 45, 12.06 W
1788685741.464249159,0 %, 2405 MHz, 45, 12.06 W
1788685741.563660345,0 %, 2405 MHz, 45, 12.06 W
1788685741.664525418,0 %, 2405 MHz, 45, 12.06 W
1788685741.764833772,0 %, 2405 MHz, 45, 12.04 W
1788685741.865624285,0 %, 2405 MHz, 45, 12.04 W
1788685741.965916879,0 %, 2405 MHz, 45, 12.04 W
1788685742.066160288,0 %, 2405 MHz, 45, 12.04 W
1788685742.166592274,0 %, 2405 MHz, 45, 12.04 W
1788685742.266728212,0 %, 2405 MHz, 45, 12.03 W
1788685742.367730373,0 %, 2405 MHz, 45, 12.03 W
1788685742.467924199,0 %, 2405 MHz, 45, 12.03 W
1788685742.567618792,0 %, 2405 MHz, 45, 12.03 W
1788685742.668568570,0 %, 2405 MHz, 45, 12.03 W
1788685742.769345003,0 %, 2405 MHz, 45, 12.03 W
1788685742.869529533,0 %, 2405 MHz, 45, 12.03 W
1788685742.970011086,0 %, 2405 MHz, 45, 12.03 W
1788685743.070319584,0 %, 2405 MHz, 45, 12.03 W
1788685743.171099521,0 %, 2405 MHz, 45, 12.03 W
1788685743.271420067,0 %, 2405 MHz, 45, 12.02 W
1788685743.371307988,0 %, 2405 MHz, 45, 12.02 W
1788685743.472041078,0 %, 2405 MHz, 45, 12.02 W
1788685743.571711447,0 %, 2405 MHz, 45, 12.02 W
1788685743.673038041,0 %, 2405 MHz, 45, 12.02 W
1788685743.773391578,0 %, 2405 MHz, 45, 12.02 W
1788685743.873704908,0 %, 2405 MHz, 45, 12.02 W
1788685743.974470333,0 %, 2405 MHz, 45, 12.02 W
1788685744.074824527,0 %, 2405 MHz, 45, 12.02 W
1788685744.175160273,0 %, 2405 MHz, 45, 12.02 W
1788685744.275417074,0 %, 2405 MHz, 45, 12.02 W
1788685744.376296260,0 %, 2405 MHz, 45, 12.02 W
1788685744.476247621,0 %, 2405 MHz, 45, 12.02 W
1788685744.576225415,0 %, 2405 MHz, 45, 12.02 W
1788685744.677226104,0 %, 2405 MHz, 45, 12.02 W
1788685744.777430986,0 %, 2405 MHz, 45, 12.01 W
1788685744.877215708,0 %, 2405 MHz, 45, 12.01 W
1788685744.978514589,0 %, 2405 MHz, 45, 12.01 W
1788685745.078647039,0 %, 2405 MHz, 45, 12.01 W
1788685745.178410192,0 %, 2405 MHz, 45, 12.01 W
1788685745.279138370,0 %, 2405 MHz, 45, 12.01 W
1788685745.379526323,0 %, 2405 MHz, 45, 12.01 W
1788685745.480240997,0 %, 2405 MHz, 45, 12.01 W
1788685745.579433303,0 %, 2405 MHz, 45, 12.01 W
1788685745.680179400,0 %, 2405 MHz, 45, 12.01 W
1788685745.780906074,0 %, 2405 MHz, 45, 12.01 W
1788685745.881256923,0 %, 2405 MHz, 45, 12.01 W
1788685745.981681597,0 %, 2405 MHz, 45, 12.01 W
1788685746.081927711,0 %, 2405 MHz, 45, 12.01 W
1788685746.182336416,0 %, 2405 MHz, 45, 12.01 W
1788685746.283065522,0 %, 2405 MHz, 45, 12.01 W
1788685746.383513331,0 %, 2405 MHz, 45, 12.01 W
1788685746.483790469,0 %, 2405 MHz, 45, 12.01 W
1788685746.583689095,0 %, 2405 MHz, 45, 12.01 W
1788685746.684781448,0 %, 2405 MHz, 45, 12.02 W
1788685746.785202618,0 %, 2405 MHz, 45, 12.02 W
1788685746.885174940,0 %, 2405 MHz, 45, 12.02 W
1788685746.985603197,0 %, 2405 MHz, 45, 12.02 W
1788685747.086292639,0 %, 2405 MHz, 45, 12.02 W
1788685747.185577681,0 %, 2405 MHz, 45, 12.02 W
1788685747.286565458,0 %, 2405 MHz, 45, 12.02 W
1788685747.386934564,0 %, 2405 MHz, 45, 12.02 W
1788685747.486986021,0 %, 2405 MHz, 45, 12.02 W
1788685747.586976439,0 %, 2405 MHz, 45, 12.02 W
1788685747.687932393,0 %, 2405 MHz, 45, 12.01 W
1788685747.788747626,0 %, 2405 MHz, 45, 12.01 W
1788685747.888895804,0 %, 2405 MHz, 45, 12.01 W
1788685747.988708414,0 %, 2405 MHz, 45, 12.01 W
1788685748.089528623,0 %, 2405 MHz, 45, 12.01 W
1788685748.189595345,0 %, 2405 MHz, 45, 12.02 W
1788685748.290517458,0 %, 2405 MHz, 45, 12.02 W
1788685748.390300036,0 %, 2405 MHz, 45, 12.02 W
1788685748.491171942,0 %, 2405 MHz, 45, 12.02 W
1788685748.590830823,0 %, 2405 MHz, 45, 12.02 W
1788685748.691572473,0 %, 2405 MHz, 45, 12.03 W
1788685748.792535051,0 %, 2405 MHz, 45, 12.03 W
1788685748.892874700,0 %, 2405 MHz, 45, 12.03 W
1788685748.993038734,0 %, 2405 MHz, 45, 12.03 W
1788685749.093322656,0 %, 2405 MHz, 45, 12.03 W
1788685749.193680369,0 %, 2405 MHz, 45, 12.02 W
1788685749.294455203,0 %, 2405 MHz, 45, 12.02 W
1788685749.394828181,0 %, 2405 MHz, 45, 12.02 W
1788685749.495156438,0 %, 2405 MHz, 45, 12.02 W
1788685749.594788184,0 %, 2405 MHz, 45, 12.02 W
1788685749.696154042,0 %, 2405 MHz, 45, 12.00 W
1788685749.796565979,0 %, 2405 MHz, 45, 12.00 W
1788685749.896647773,0 %, 2405 MHz, 45, 12.00 W
1788685749.996528927,0 %, 2405 MHz, 45, 12.00 W
1788685750.096692017,0 %, 2405 MHz, 45, 12.00 W
1788685750.196765986,0 %, 2405 MHz, 45, 12.00 W
1788685750.297378004,0 %, 2405 MHz, 45, 12.00 W
1788685750.397930966,0 %, 2405 MHz, 45, 12.00 W
1788685750.497520775,0 %, 2405 MHz, 45, 12.00 W
1788685750.598235801,0 %, 2405 MHz, 45, 12.00 W
1788685750.698534411,0 %, 2405 MHz, 45, 12.02 W
1788685750.799266236,0 %, 2405 MHz, 45, 12.02 W
1788685750.899605438,0 %, 2405 MHz, 45, 12.02 W
1788685750.999898496,0 %, 2405 MHz, 45, 12.02 W
1788685751.100234706,0 %, 2405 MHz, 45, 12.02 W
1788685751.200971971,0 %, 2405 MHz, 45, 12.02 W
1788685751.301027349,0 %, 2405 MHz, 45, 12.02 W
1788685751.401379655,0 %, 2405 MHz, 45, 12.02 W
1788685751.501906424,0 %, 2405 MHz, 45, 12.02 W
1788685751.601728602,0 %, 2405 MHz, 45, 12.02 W
1788685751.702938428,0 %, 2405 MHz, 45, 12.00 W
1788685751.803321054,0 %, 2405 MHz, 45, 12.00 W
1788685751.903680143,0 %, 2405 MHz, 45, 12.00 W
1788685752.004011505,0 %, 2405 MHz, 45, 12.00 W
1788685752.104694963,0 %, 2405 MHz, 45, 12.00 W
1788685752.205032420,0 %, 2405 MHz, 45, 12.00 W
1788685752.305510358,0 %, 2405 MHz, 45, 12.00 W
1788685752.405848776,0 %, 2405 MHz, 45, 12.00 W
1788685752.506504506,0 %, 2405 MHz, 45, 12.00 W
1788685752.605852188,0 %, 2405 MHz, 45, 12.00 W
1788685752.707029373,0 %, 2405 MHz, 45, 12.00 W
1788685752.807353919,0 %, 2405 MHz, 45, 12.00 W
1788685752.907322097,0 %, 2405 MHz, 45, 12.00 W
1788685753.007796754,0 %, 2405 MHz, 45, 12.00 W
1788685753.108614532,0 %, 2405 MHz, 45, 12.00 W
1788685753.208830582,0 %, 2405 MHz, 45, 11.99 W
1788685753.309188712,0 %, 2405 MHz, 45, 11.99 W
1788685753.409369497,0 %, 2405 MHz, 45, 11.99 W
1788685753.510159947,0 %, 2405 MHz, 45, 11.99 W
1788685753.609766685,0 %, 2405 MHz, 45, 11.99 W
1788685753.710760687,0 %, 2405 MHz, 45, 12.00 W
1788685753.810915217,0 %, 2405 MHz, 45, 12.00 W
1788685753.911266386,0 %, 2405 MHz, 45, 12.00 W
1788685754.011711940,0 %, 2405 MHz, 45, 12.00 W
1788685754.111951638,0 %, 2405 MHz, 45, 12.00 W
1788685754.212661352,0 %, 2405 MHz, 45, 12.00 W
1788685754.313026265,0 %, 2405 MHz, 45, 12.00 W
1788685754.413407435,0 %, 2405 MHz, 45, 12.00 W
1788685754.513533597,0 %, 2405 MHz, 45, 12.00 W
1788685754.613371391,0 %, 2405 MHz, 45, 12.00 W
1788685754.714646624,0 %, 2405 MHz, 45, 11.99 W
1788685754.814763586,0 %, 2405 MHz, 45, 11.99 W
1788685754.915467044,0 %, 2405 MHz, 45, 11.99 W
1788685755.015507734,0 %, 2405 MHz, 45, 11.99 W
1788685755.115757144,0 %, 2405 MHz, 45, 11.99 W
1788685755.216568793,0 %, 2405 MHz, 45, 12.00 W
1788685755.316716827,0 %, 2405 MHz, 45, 12.00 W
1788685755.416364989,0 %, 2405 MHz, 45, 12.00 W
1788685755.516948463,0 %, 2405 MHz, 45, 12.00 W
1788685755.616168945,0 %, 2405 MHz, 45, 12.00 W
1788685755.717439395,0 %, 2405 MHz, 45, 12.01 W
1788685755.817871460,0 %, 2405 MHz, 45, 12.01 W
1788685755.918098422,0 %, 2405 MHz, 45, 12.01 W
1788685756.018698456,0 %, 2405 MHz, 45, 12.01 W
1788685756.119214298,0 %, 2405 MHz, 45, 12.01 W
1788685756.219525180,0 %, 2405 MHz, 45, 12.01 W
1788685756.319700510,0 %, 2405 MHz, 45, 12.01 W
1788685756.419916735,0 %, 2405 MHz, 45, 12.01 W
1788685756.520353105,0 %, 2405 MHz, 45, 12.01 W
1788685756.620254467,0 %, 2405 MHz, 45, 12.01 W
1788685756.721417461,0 %, 2405 MHz, 45, 11.99 W
1788685756.821620727,0 %, 2405 MHz, 45, 11.99 W
1788685756.922274200,0 %, 2405 MHz, 45, 11.99 W
1788685757.022924666,0 %, 2405 MHz, 45, 11.99 W
1788685757.123075612,0 %, 2405 MHz, 45, 11.99 W
1788685757.223291566,0 %, 2405 MHz, 45, 11.98 W
1788685757.323523168,0 %, 2405 MHz, 45, 11.98 W
1788685757.423876338,0 %, 2405 MHz, 45, 11.98 W
1788685757.524169380,0 %, 2405 MHz, 45, 11.98 W
1788685757.624087301,0 %, 2405 MHz, 45, 11.98 W
1788685757.725299735,0 %, 2405 MHz, 45, 11.98 W
1788685757.825270729,0 %, 2405 MHz, 45, 11.98 W
1788685757.925923515,0 %, 2405 MHz, 45, 11.98 W
1788685758.026202173,0 %, 2405 MHz, 45, 11.98 W
1788685758.126420047,0 %, 2405 MHz, 45, 11.98 W
1788685758.227155857,0 %, 2405 MHz, 45, 11.98 W
1788685758.327337746,0 %, 2405 MHz, 45, 11.98 W
1788685758.427321108,0 %, 2405 MHz, 45, 11.98 W
1788685758.527864838,0 %, 2405 MHz, 45, 11.98 W
1788685758.627485208,0 %, 2405 MHz, 45, 11.98 W
1788685758.728529930,0 %, 2405 MHz, 45, 11.98 W
1788685758.829290076,0 %, 2405 MHz, 45, 11.98 W
1788685758.929583934,0 %, 2405 MHz, 45, 11.98 W
1788685759.029951759,0 %, 2405 MHz, 45, 11.98 W
1788685759.129652146,0 %, 2405 MHz, 45, 11.98 W
1788685759.230405651,0 %, 2405 MHz, 45, 11.98 W
1788685759.331119509,0 %, 2405 MHz, 45, 11.98 W
1788685759.431469943,0 %, 2405 MHz, 45, 11.98 W
1788685759.531651177,0 %, 2405 MHz, 45, 11.98 W
1788685759.631663371,0 %, 2405 MHz, 45, 11.98 W
1788685759.732405069,0 %, 2405 MHz, 45, 11.97 W
1788685759.832767087,0 %, 2405 MHz, 45, 11.97 W
1788685759.933554273,0 %, 2405 MHz, 45, 11.97 W
1788685760.033584003,0 %, 2405 MHz, 45, 11.97 W
1788685760.133732916,0 %, 2405 MHz, 45, 11.97 W
1788685760.233059270,0 %, 2405 MHz, 45, 11.98 W
1788685760.333399144,0 %, 2405 MHz, 45, 11.98 W
1788685760.433807482,0 %, 2405 MHz, 45, 11.98 W
1788685760.534671292,0 %, 2405 MHz, 45, 11.98 W
1788685760.633974254,0 %, 2405 MHz, 45, 11.98 W
1788685760.735065712,0 %, 2405 MHz, 45, 12.04 W
1788685760.834989618,0 %, 2405 MHz, 45, 12.04 W
1788685760.935738100,0 %, 2405 MHz, 45, 12.04 W
1788685761.036642022,0 %, 2405 MHz, 45, 12.04 W
1788685761.136698344,0 %, 2405 MHz, 45, 12.04 W
1788685761.237009914,0 %, 2405 MHz, 45, 12.03 W
1788685761.337371116,0 %, 2405 MHz, 45, 12.03 W
1788685761.437682286,0 %, 2405 MHz, 45, 12.03 W
1788685761.538414927,0 %, 2405 MHz, 45, 12.03 W
1788685761.637876913,0 %, 2405 MHz, 45, 12.03 W
1788685761.738959587,0 %, 2405 MHz, 45, 11.99 W
1788685761.839376597,0 %, 2405 MHz, 45, 11.99 W
1788685761.939599495,0 %, 2405 MHz, 45, 11.99 W
1788685762.040080793,0 %, 2405 MHz, 45, 11.99 W
1788685762.140619259,0 %, 2405 MHz, 45, 11.99 W
1788685762.240946637,0 %, 2405 MHz, 45, 11.98 W
1788685762.341313871,0 %, 2405 MHz, 45, 11.98 W
1788685762.441788321,0 %, 2405 MHz, 45, 11.98 W
1788685762.542168867,0 %, 2405 MHz, 45, 11.98 W
1788685762.641836613,0 %, 2405 MHz, 45, 11.98 W
1788685762.742898951,0 %, 2405 MHz, 45, 11.99 W
1788685762.843254089,0 %, 2405 MHz, 45, 11.99 W
1788685762.943935723,0 %, 2405 MHz, 45, 11.99 W
1788685763.043892749,0 %, 2405 MHz, 45, 11.99 W
1788685763.144022031,0 %, 2405 MHz, 45, 11.99 W
1788685763.244646817,0 %, 2405 MHz, 45, 12.01 W
1788685763.344948035,0 %, 2405 MHz, 45, 12.01 W
1788685763.444912901,0 %, 2405 MHz, 45, 12.01 W
1788685763.545129559,0 %, 2405 MHz, 45, 12.01 W
1788685763.645134857,0 %, 2405 MHz, 45, 12.01 W
1788685763.746441915,0 %, 2405 MHz, 45, 12.02 W
1788685763.846728829,0 %, 2405 MHz, 45, 12.02 W
1788685763.947217614,0 %, 2405 MHz, 45, 12.02 W
1788685764.047404128,0 %, 2405 MHz, 45, 12.02 W
1788685764.148179874,0 %, 2405 MHz, 45, 12.02 W
1788685764.248497124,0 %, 2405 MHz, 45, 12.01 W
1788685764.348918806,0 %, 2405 MHz, 45, 12.01 W
1788685764.449205720,0 %, 2405 MHz, 45, 12.01 W
1788685764.549391754,0 %, 2405 MHz, 45, 12.01 W
1788685764.650042476,0 %, 2405 MHz, 45, 12.01 W
1788685764.750492366,0 %, 2405 MHz, 45, 11.98 W
1788685764.850657568,0 %, 2405 MHz, 45, 11.98 W
1788685764.951006162,0 %, 2405 MHz, 45, 11.98 W
1788685765.051362964,0 %, 2405 MHz, 45, 11.98 W
1788685765.152120566,0 %, 2405 MHz, 45, 11.98 W
1788685765.252449720,0 %, 2405 MHz, 45, 11.95 W
1788685765.352870746,0 %, 2405 MHz, 45, 11.95 W
1788685765.453473388,0 %, 2405 MHz, 45, 11.95 W
1788685765.553347935,0 %, 2405 MHz, 45, 11.95 W
1788685765.653324417,0 %, 2405 MHz, 45, 11.95 W
1788685765.754423219,0 %, 2405 MHz, 45, 11.95 W
1788685765.854802437,0 %, 2405 MHz, 45, 11.95 W
1788685765.955218999,0 %, 2405 MHz, 45, 11.95 W
1788685766.055184841,0 %, 2405 MHz, 45, 11.95 W
1788685766.156074331,0 %, 2405 MHz, 45, 11.95 W
1788685766.256395165,0 %, 2405 MHz, 45, 11.95 W
1788685766.356898607,0 %, 2405 MHz, 45, 11.95 W
1788685766.457552385,0 %, 2405 MHz, 45, 11.95 W
1788685766.557701779,0 %, 2405 MHz, 45, 11.95 W
1788685766.656920645,0 %, 2405 MHz, 45, 11.95 W
1788685766.757836311,0 %, 2405 MHz, 45, 11.94 W
1788685766.858515817,0 %, 2405 MHz, 45, 11.94 W
1788685766.958892299,0 %, 2405 MHz, 45, 11.94 W
1788685767.059744109,0 %, 2405 MHz, 45, 11.94 W
1788685767.159724575,0 %, 2405 MHz, 45, 11.94 W
1788685767.260040321,0 %, 2405 MHz, 45, 11.93 W
1788685767.360089955,0 %, 2405 MHz, 45, 11.93 W
1788685767.460474085,0 %, 2405 MHz, 45, 11.93 W
1788685767.560291495,0 %, 2405 MHz, 45, 11.93 W
1788685767.660609833,0 %, 2405 MHz, 45, 11.93 W
1788685767.761366059,0 %, 2405 MHz, 45, 11.94 W
1788685767.861750142,0 %, 2405 MHz, 45, 11.94 W
1788685767.962591504,0 %, 2405 MHz, 45, 11.94 W
1788685768.062769842,0 %, 2405 MHz, 45, 11.94 W
1788685768.162852180,0 %, 2405 MHz, 45, 11.94 W
1788685768.263295174,0 %, 2405 MHz, 45, 11.94 W
1788685768.363283224,0 %, 2405 MHz, 45, 11.94 W
1788685768.463113578,0 %, 2405 MHz, 45, 11.94 W
1788685768.564449868,0 %, 2405 MHz, 45, 11.94 W
1788685768.663925918,0 %, 2405 MHz, 45, 11.94 W
1788685768.765120688,0 %, 2405 MHz, 45, 11.95 W
1788685768.865412386,0 %, 2405 MHz, 45, 11.95 W
1788685768.965509237,0 %, 2405 MHz, 45, 11.95 W
1788685769.066660918,0 %, 2405 MHz, 45, 11.95 W
1788685769.166669673,0 %, 2405 MHz, 45, 11.95 W
1788685769.267116651,0 %, 2405 MHz, 45, 11.94 W
1788685769.367627677,0 %, 2405 MHz, 45, 11.94 W
1788685769.466989583,0 %, 2405 MHz, 45, 11.94 W
1788685769.567772657,0 %, 2405 MHz, 45, 11.94 W
1788685769.667652995,0 %, 2405 MHz, 45, 11.94 W
1788685769.768763701,0 %, 2405 MHz, 45, 11.92 W
1788685769.869201031,0 %, 2405 MHz, 45, 11.92 W
1788685769.969606618,0 %, 2405 MHz, 45, 11.92 W
1788685770.069635020,0 %, 2405 MHz, 45, 11.92 W
1788685770.169846974,0 %, 2405 MHz, 45, 11.92 W
1788685770.270178832,0 %, 2405 MHz, 45, 11.94 W
1788685770.370867698,0 %, 2405 MHz, 45, 11.94 W
1788685770.471126644,0 %, 2405 MHz, 45, 11.94 W
1788685770.571607062,0 %, 2405 MHz, 45, 11.94 W
1788685770.671411000,0 %, 2405 MHz, 45, 11.94 W
1788685770.772679514,0 %, 2405 MHz, 45, 11.96 W
1788685770.872785085,0 %, 2405 MHz, 45, 11.96 W
1788685770.973503375,0 %, 2405 MHz, 45, 11.96 W
1788685771.073654241,0 %, 2405 MHz, 45, 11.96 W
1788685771.173473491,0 %, 2405 MHz, 45, 11.96 W
1788685771.273976181,0 %, 2405 MHz, 45, 11.95 W
1788685771.374436007,0 %, 2405 MHz, 45, 11.95 W
1788685771.475074041,0 %, 2405 MHz, 45, 11.95 W
1788685771.575512556,0 %, 2405 MHz, 45, 11.95 W
1788685771.675210462,0 %, 2405 MHz, 45, 11.95 W
1788685771.776490944,0 %, 2405 MHz, 45, 11.95 W
1788685771.876810466,0 %, 2405 MHz, 45, 11.95 W
1788685771.977361412,0 %, 2405 MHz, 45, 11.95 W
1788685772.077452710,0 %, 2405 MHz, 45, 11.95 W
1788685772.177605736,0 %, 2405 MHz, 45, 11.95 W
1788685772.278347563,0 %, 2405 MHz, 45, 11.95 W
1788685772.378798941,0 %, 2405 MHz, 45, 11.95 W
1788685772.479072879,0 %, 2405 MHz, 45, 11.95 W
1788685772.579395121,0 %, 2405 MHz, 45, 11.95 W
1788685772.679769539,0 %, 2405 MHz, 45, 11.95 W
1788685772.780166165,0 %, 2405 MHz, 45, 11.95 W
1788685772.880693848,0 %, 2405 MHz, 45, 11.95 W
1788685772.980991082,0 %, 2405 MHz, 45, 11.95 W
1788685773.081273884,0 %, 2405 MHz, 45, 11.95 W
1788685773.181413550,0 %, 2405 MHz, 45, 11.95 W
1788685773.282084064,0 %, 2405 MHz, 45, 11.95 W
1788685773.382722563,0 %, 2405 MHz, 45, 11.95 W
1788685773.482435941,0 %, 2405 MHz, 45, 11.95 W
1788685773.583180887,0 %, 2405 MHz, 45, 11.95 W
1788685773.682968857,0 %, 2405 MHz, 45, 11.95 W
1788685773.784270747,0 %, 2405 MHz, 45, 11.96 W
1788685773.884543117,0 %, 2405 MHz, 45, 11.96 W
1788685773.984928352,0 %, 2405 MHz, 45, 11.96 W
1788685774.085279666,0 %, 2405 MHz, 45, 11.96 W
1788685774.185010324,0 %, 2405 MHz, 45, 11.96 W
1788685774.285789334,0 %, 2405 MHz, 45, 11.96 W
1788685774.386367480,0 %, 2405 MHz, 45, 11.96 W
1788685774.486745563,0 %, 2405 MHz, 45, 11.96 W
1788685774.587002781,0 %, 2405 MHz, 45, 11.96 W
1788685774.686555599,0 %, 2405 MHz, 45, 11.94 W
1788685774.787576001,0 %, 2405 MHz, 45, 11.94 W
1788685774.888335924,0 %, 2405 MHz, 45, 11.94 W
1788685774.988734422,0 %, 2405 MHz, 45, 11.94 W
1788685775.088946104,0 %, 2405 MHz, 45, 11.94 W
1788685775.189275226,0 %, 2405 MHz, 45, 11.94 W
1788685775.289498924,0 %, 2405 MHz, 45, 11.94 W
1788685775.389909679,0 %, 2405 MHz, 45, 11.94 W
1788685775.490329953,0 %, 2405 MHz, 45, 11.94 W
1788685775.590923395,0 %, 2405 MHz, 45, 11.94 W
1788685775.691653397,0 %, 2405 MHz, 45, 11.94 W
1788685775.791242456,0 %, 2405 MHz, 45, 11.94 W
1788685775.891789386,0 %, 2405 MHz, 45, 11.94 W
1788685775.992247516,0 %, 2405 MHz, 45, 11.94 W
1788685776.092696126,0 %, 2405 MHz, 45, 11.94 W
1788685776.193027264,0 %, 2405 MHz, 45, 11.94 W
1788685776.293365059,0 %, 2405 MHz, 45, 11.94 W
1788685776.393556117,0 %, 2405 MHz, 45, 11.94 W
1788685776.494251527,0 %, 2405 MHz, 45, 11.94 W
1788685776.594619641,0 %, 2405 MHz, 45, 11.94 W
1788685776.694714700,0 %, 2405 MHz, 45, 11.95 W
1788685776.795329934,0 %, 2405 MHz, 45, 11.95 W
1788685776.895699392,0 %, 2405 MHz, 45, 11.95 W
1788685776.996407250,0 %, 2405 MHz, 45, 11.95 W
1788685777.096617509,0 %, 2405 MHz, 45, 11.95 W
1788685777.196958967,0 %, 2405 MHz, 45, 11.94 W
1788685777.297274393,0 %, 2405 MHz, 45, 11.94 W
1788685777.398300539,0 %, 2405 MHz, 45, 11.94 W
1788685777.498633166,0 %, 2405 MHz, 45, 11.94 W
1788685777.598393520,0 %, 2405 MHz, 45, 11.94 W
1788685777.698912978,0 %, 2405 MHz, 45, 11.92 W
1788685777.799677813,0 %, 2405 MHz, 45, 11.92 W
1788685777.899887655,0 %, 2405 MHz, 45, 11.92 W
1788685778.000457497,0 %, 2405 MHz, 45, 11.92 W
1788685778.100647371,0 %, 2405 MHz, 45, 11.92 W
1788685778.201424062,0 %, 2405 MHz, 45, 11.91 W
1788685778.301744864,0 %, 2405 MHz, 45, 11.91 W
1788685778.401581842,0 %, 2405 MHz, 45, 11.91 W
1788685778.501618517,0 %, 2405 MHz, 45, 11.91 W
1788685778.602209591,0 %, 2405 MHz, 45, 11.91 W
1788685778.702514809,0 %, 2405 MHz, 45, 11.95 W
1788685778.802909515,0 %, 2405 MHz, 45, 11.95 W
1788685778.903513294,0 %, 2405 MHz, 45, 11.95 W
1788685779.003429776,0 %, 2405 MHz, 45, 11.95 W
1788685779.104067490,0 %, 2405 MHz, 45, 11.95 W
1788685779.204209381,0 %, 2405 MHz, 45, 11.95 W
1788685779.304618551,0 %, 2405 MHz, 45, 11.95 W
1788685779.404688681,0 %, 2405 MHz, 45, 11.95 W
1788685779.505191484,0 %, 2405 MHz, 45, 11.95 W
1788685779.605422750,0 %, 2405 MHz, 45, 11.95 W
1788685779.706120352,0 %, 2405 MHz, 45, 11.92 W
1788685779.806664723,0 %, 2405 MHz, 45, 11.92 W
1788685779.906971877,0 %, 2405 MHz, 45, 11.92 W
1788685780.007322567,0 %, 2405 MHz, 45, 11.92 W
1788685780.108103721,0 %, 2405 MHz, 45, 11.92 W
1788685780.208394268,0 %, 2405 MHz, 45, 11.92 W
1788685780.308361246,0 %, 2405 MHz, 45, 11.92 W
1788685780.409196464,0 %, 2405 MHz, 45, 11.92 W
1788685780.509566003,0 %, 2405 MHz, 45, 11.92 W
1788685780.610234229,0 %, 2405 MHz, 45, 11.92 W
1788685780.710464695,0 %, 2405 MHz, 45, 11.94 W
1788685780.810820890,0 %, 2405 MHz, 45, 11.94 W
1788685780.911522700,0 %, 2405 MHz, 45, 11.94 W
1788685781.011740398,0 %, 2405 MHz, 45, 11.94 W
1788685781.111987953,0 %, 2405 MHz, 45, 11.94 W
1788685781.212316051,0 %, 2405 MHz, 45, 11.95 W
1788685781.312652981,0 %, 2405 MHz, 45, 11.95 W
1788685781.412998136,0 %, 2405 MHz, 45, 11.95 W
1788685781.513686634,0 %, 2405 MHz, 45, 11.95 W
1788685781.614070748,0 %, 2405 MHz, 45, 11.95 W
1788685781.714098575,0 %, 2405 MHz, 45, 11.96 W
1788685781.814565553,0 %, 2405 MHz, 45, 11.96 W
1788685781.914903108,0 %, 2405 MHz, 45, 11.96 W
1788685782.015645286,0 %, 2405 MHz, 45, 11.96 W
1788685782.115983144,0 %, 2405 MHz, 45, 11.96 W
1788685782.216309595,0 %, 2405 MHz, 45, 11.96 W
1788685782.316646045,0 %, 2405 MHz, 45, 11.96 W
1788685782.417425695,0 %, 2405 MHz, 45, 11.96 W
1788685782.517718546,0 %, 2405 MHz, 45, 11.96 W
1788685782.618070020,0 %, 2405 MHz, 45, 11.96 W
1788685782.718386582,0 %, 2405 MHz, 45, 11.96 W
1788685782.818777721,0 %, 2405 MHz, 45, 11.96 W
1788685782.919472571,0 %, 2405 MHz, 45, 11.96 W
1788685783.019629310,0 %, 2405 MHz, 45, 11.96 W
1788685783.119964032,0 %, 2405 MHz, 45, 11.96 W
1788685783.220218450,0 %, 2405 MHz, 45, 11.94 W
1788685783.320437429,0 %, 2405 MHz, 45, 11.94 W
1788685783.420679383,0 %, 2405 MHz, 45, 11.94 W
1788685783.520957466,0 %, 2405 MHz, 45, 11.94 W
1788685783.621728700,0 %, 2405 MHz, 45, 11.94 W
1788685783.721909950,0 %, 2405 MHz, 45, 11.94 W
1788685783.822143473,0 %, 2405 MHz, 45, 11.94 W
1788685783.922653619,0 %, 2405 MHz, 45, 11.94 W
1788685784.022848262,0 %, 2405 MHz, 45, 11.94 W
1788685784.123635672,0 %, 2405 MHz, 45, 11.94 W
1788685784.223973178,0 %, 2405 MHz, 45, 11.95 W
1788685784.323807277,0 %, 2405 MHz, 45, 11.95 W
1788685784.424305663,0 %, 2405 MHz, 45, 11.95 W
1788685784.524636146,0 %, 2405 MHz, 45, 11.95 W
1788685784.624948148,0 %, 2405 MHz, 45, 11.95 W
1788685784.725676902,0 %, 2405 MHz, 45, 11.93 W
1788685784.826014281,0 %, 2405 MHz, 45, 11.93 W
1788685784.926206795,0 %, 2405 MHz, 45, 11.93 W
1788685785.026665854,0 %, 2405 MHz, 45, 11.93 W
1788685785.127637312,0 %, 2405 MHz, 45, 11.93 W
1788685785.227724691,0 %, 2405 MHz, 45, 11.92 W
1788685785.327902565,0 %, 2405 MHz, 45, 11.92 W
1788685785.428425991,0 %, 2405 MHz, 45, 11.92 W
1788685785.528627354,0 %, 2405 MHz, 45, 11.92 W
1788685785.629165164,0 %, 2405 MHz, 45, 11.92 W
1788685785.729803679,0 %, 2405 MHz, 45, 11.92 W
1788685785.829798577,0 %, 2405 MHz, 45, 11.92 W
1788685785.930379332,0 %, 2405 MHz, 45, 11.92 W
1788685786.030804118,0 %, 2405 MHz, 45, 11.92 W
1788685786.131185496,0 %, 2405 MHz, 45, 11.92 W
1788685786.231648299,0 %, 2405 MHz, 45, 11.90 W
1788685786.331329325,0 %, 2405 MHz, 45, 11.90 W
1788685786.432515648,0 %, 2405 MHz, 45, 11.90 W
1788685786.532469554,0 %, 2405 MHz, 45, 11.90 W
1788685786.633250725,0 %, 2405 MHz, 45, 11.90 W
1788685786.732872903,0 %, 2405 MHz, 45, 11.92 W
1788685786.833747674,0 %, 2405 MHz, 45, 11.92 W
1788685786.934195132,0 %, 2405 MHz, 45, 11.92 W
1788685787.033553023,0 %, 2405 MHz, 45, 11.92 W
1788685787.134579185,0 %, 2405 MHz, 45, 11.92 W
1788685787.235303075,0 %, 2405 MHz, 44, 11.95 W
1788685787.335518262,0 %, 2405 MHz, 44, 11.95 W
1788685787.436058040,0 %, 2405 MHz, 44, 11.95 W
1788685787.535485483,0 %, 2405 MHz, 44, 11.95 W
1788685787.636429085,0 %, 2405 MHz, 44, 11.95 W
1788685787.736653840,0 %, 2405 MHz, 45, 11.96 W
1788685787.836930050,0 %, 2405 MHz, 45, 11.96 W
1788685787.936936741,0 %, 2405 MHz, 45, 11.96 W
1788685788.037881703,0 %, 2405 MHz, 45, 11.96 W
1788685788.138229082,0 %, 2405 MHz, 45, 11.96 W
1788685788.238525532,0 %, 2405 MHz, 45, 11.95 W
1788685788.339316831,0 %, 2405 MHz, 45, 11.95 W
1788685788.439872929,0 %, 2405 MHz, 45, 11.95 W
1788685788.539160564,0 %, 2405 MHz, 45, 11.95 W
1788685788.640252566,0 %, 2405 MHz, 45, 11.95 W
1788685788.740549977,0 %, 2405 MHz, 44, 11.97 W
1788685788.841273403,0 %, 2405 MHz, 44, 11.97 W
1788685788.941745150,0 %, 2405 MHz, 44, 11.97 W
1788685789.041947328,0 %, 2405 MHz, 44, 11.97 W
1788685789.141775251,0 %, 2405 MHz, 44, 11.97 W
1788685789.242397285,0 %, 2405 MHz, 44, 11.97 W
1788685789.342622952,0 %, 2405 MHz, 44, 11.97 W
1788685789.443623114,0 %, 2405 MHz, 44, 11.97 W
1788685789.543674397,0 %, 2405 MHz, 44, 11.97 W
1788685789.643824383,0 %, 2405 MHz, 44, 11.97 W
1788685789.744142002,0 %, 2405 MHz, 44, 11.94 W
1788685789.844391604,0 %, 2405 MHz, 44, 11.94 W
1788685789.944827751,0 %, 2405 MHz, 44, 11.94 W
1788685790.045509145,0 %, 2405 MHz, 44, 11.94 W
1788685790.145893404,0 %, 2405 MHz, 44, 11.94 W
1788685790.246117502,0 %, 2405 MHz, 44, 11.93 W
1788685790.346502017,0 %, 2405 MHz, 44, 11.93 W
1788685790.447286147,0 %, 2405 MHz, 44, 11.93 W
1788685790.547645350,0 %, 2405 MHz, 44, 11.93 W
1788685790.647945896,0 %, 2405 MHz, 44, 11.93 W
1788685790.748279083,0 %, 2405 MHz, 44, 11.93 W
1788685790.848970094,0 %, 2405 MHz, 44, 11.93 W
1788685790.949505088,0 %, 2405 MHz, 44, 11.93 W
1788685791.049503603,0 %, 2405 MHz, 44, 11.93 W
1788685791.149686885,0 %, 2405 MHz, 44, 11.93 W
1788685791.249819688,0 %, 2405 MHz, 44, 11.92 W
1788685791.349746778,0 %, 2405 MHz, 44, 11.92 W
1788685791.450472157,0 %, 2405 MHz, 44, 11.92 W
1788685791.550882159,0 %, 2405 MHz, 44, 11.92 W
1788685791.651713506,0 %, 2405 MHz, 44, 11.92 W
1788685791.751830837,0 %, 2405 MHz, 44, 11.92 W
1788685791.852201895,0 %, 2405 MHz, 44, 11.92 W
1788685791.952420186,0 %, 2405 MHz, 44, 11.92 W
1788685792.052470124,0 %, 2405 MHz, 44, 11.92 W
1788685792.152685647,0 %, 2405 MHz, 44, 11.92 W
1788685792.253807201,0 %, 2405 MHz, 44, 11.92 W
1788685792.354265236,0 %, 2405 MHz, 44, 11.92 W
1788685792.454546071,0 %, 2405 MHz, 44, 11.92 W
1788685792.554746441,0 %, 2405 MHz, 44, 11.92 W
1788685792.655611740,0 %, 2405 MHz, 44, 11.92 W
1788685792.755960494,0 %, 2405 MHz, 44, 11.93 W
1788685792.856287313,0 %, 2405 MHz, 44, 11.93 W
1788685792.957073027,0 %, 2405 MHz, 44, 11.93 W
1788685793.057382054,0 %, 2405 MHz, 44, 11.93 W
1788685793.157717480,0 %, 2405 MHz, 44, 11.93 W
1788685793.258055995,0 %, 2405 MHz, 44, 11.94 W
1788685793.358877966,0 %, 2405 MHz, 44, 11.94 W
1788685793.458599920,0 %, 2405 MHz, 44, 11.94 W
1788685793.558821955,0 %, 2405 MHz, 44, 11.94 W
1788685793.659222853,0 %, 2405 MHz, 44, 11.94 W
1788685793.759729064,0 %, 2405 MHz, 44, 11.95 W
1788685793.860068587,0 %, 2405 MHz, 44, 11.95 W
1788685793.960382173,0 %, 2405 MHz, 44, 11.95 W
1788685794.060762032,0 %, 2405 MHz, 44, 11.95 W
1788685794.161201619,0 %, 2405 MHz, 44, 11.95 W
1788685794.261262325,0 %, 2405 MHz, 44, 11.96 W
1788685794.361499080,0 %, 2405 MHz, 44, 11.96 W
1788685794.462242138,0 %, 2405 MHz, 44, 11.96 W
1788685794.562449549,0 %, 2405 MHz, 44, 11.96 W
1788685794.663164528,0 %, 2405 MHz, 44, 11.96 W
1788685794.763525058,0 %, 2405 MHz, 44, 11.94 W
1788685794.863706533,0 %, 2405 MHz, 44, 11.94 W
1788685794.964071047,0 %, 2405 MHz, 44, 11.94 W
1788685795.064363274,0 %, 2405 MHz, 44, 11.94 W
1788685795.164632077,0 %, 2405 MHz, 44, 11.94 W
1788685795.265452127,0 %, 2405 MHz, 44, 11.95 W
1788685795.365918082,0 %, 2405 MHz, 44, 11.95 W
1788685795.466241012,0 %, 2405 MHz, 44, 11.95 W
1788685795.566837031,0 %, 2405 MHz, 44, 11.95 W
1788685795.667148730,0 %, 2405 MHz, 44, 11.95 W
1788685795.767566892,0 %, 2405 MHz, 44, 11.94 W
1788685795.867917183,0 %, 2405 MHz, 44, 11.94 W
1788685795.968683906,0 %, 2405 MHz, 44, 11.94 W
1788685796.068836308,0 %, 2405 MHz, 44, 11.94 W
1788685796.169186007,0 %, 2405 MHz, 44, 11.94 W
1788685796.269548426,0 %, 2405 MHz, 44, 11.93 W
1788685796.369819468,0 %, 2405 MHz, 44, 11.93 W
1788685796.470690335,0 %, 2405 MHz, 44, 11.93 W
1788685796.571014801,0 %, 2405 MHz, 44, 11.93 W
1788685796.671367924,0 %, 2405 MHz, 44, 11.93 W
1788685796.771827319,0 %, 2405 MHz, 44, 11.93 W
1788685796.872365609,0 %, 2405 MHz, 44, 11.93 W
1788685796.972797612,0 %, 2405 MHz, 44, 11.93 W
1788685797.072966511,0 %, 2405 MHz, 44, 11.93 W
1788685797.173324849,0 %, 2405 MHz, 44, 11.93 W
1788685797.273533716,0 %, 2405 MHz, 44, 11.92 W
1788685797.373843079,0 %, 2405 MHz, 44, 11.92 W
1788685797.474629609,0 %, 2405 MHz, 44, 11.92 W
1788685797.574967532,0 %, 2405 MHz, 44, 11.92 W
1788685797.675302911,0 %, 2405 MHz, 44, 11.92 W
1788685797.775467345,0 %, 2405 MHz, 44, 11.91 W
1788685797.875955620,0 %, 2405 MHz, 44, 11.91 W
1788685797.976786455,0 %, 2405 MHz, 44, 11.91 W
1788685798.076961561,0 %, 2405 MHz, 44, 11.91 W
1788685798.177279164,0 %, 2405 MHz, 44, 11.91 W
1788685798.277953535,0 %, 2405 MHz, 44, 11.93 W
1788685798.378187778,0 %, 2405 MHz, 44, 11.93 W
1788685798.478670532,0 %, 2405 MHz, 44, 11.93 W
1788685798.578651639,0 %, 2405 MHz, 44, 11.93 W
1788685798.679269450,0 %, 2405 MHz, 44, 11.93 W
1788685798.779627580,0 %, 2405 MHz, 44, 11.95 W
1788685798.880190383,0 %, 2405 MHz, 44, 11.95 W
1788685798.980659218,0 %, 2405 MHz, 44, 11.95 W
1788685799.080866660,0 %, 2405 MHz, 44, 11.95 W
1788685799.181189399,0 %, 2405 MHz, 44, 11.95 W
1788685799.281910650,0 %, 2405 MHz, 44, 11.96 W
1788685799.382403468,0 %, 2405 MHz, 44, 11.96 W
1788685799.481788511,0 %, 2405 MHz, 44, 11.96 W
1788685799.582391778,0 %, 2405 MHz, 44, 11.96 W
1788685799.682961893,0 %, 2405 MHz, 44, 11.96 W
1788685799.783307927,0 %, 2405 MHz, 44, 11.93 W
1788685799.884094058,0 %, 2405 MHz, 44, 11.93 W
1788685799.984392093,0 %, 2405 MHz, 44, 11.93 W
1788685800.084764816,0 %, 2405 MHz, 44, 11.93 W
1788685800.185077266,0 %, 2405 MHz, 44, 11.93 W
1788685800.285854981,2 %, 2405 MHz, 44, 11.94 W
1788685800.386358248,2 %, 2405 MHz, 44, 11.94 W
1788685800.486558362,2 %, 2405 MHz, 44, 11.94 W
1788685800.587305405,2 %, 2405 MHz, 44, 11.94 W
1788685800.687079328,2 %, 2405 MHz, 44, 11.95 W
1788685800.787787075,2 %, 2405 MHz, 44, 11.95 W
1788685800.888100085,2 %, 2405 MHz, 44, 11.95 W
1788685800.988552040,2 %, 2405 MHz, 44, 11.95 W
1788685801.088722395,2 %, 2405 MHz, 44, 11.95 W
1788685801.189350766,0 %, 2405 MHz, 44, 11.94 W
1788685801.289833664,0 %, 2405 MHz, 44, 11.94 W
1788685801.390203955,0 %, 2405 MHz, 44, 11.94 W
1788685801.490951606,0 %, 2405 MHz, 44, 11.94 W
1788685801.591209513,0 %, 2405 MHz, 44, 11.94 W
1788685801.690659931,0 %, 2405 MHz, 44, 11.94 W
1788685801.791793342,0 %, 2405 MHz, 44, 11.94 W
1788685801.892088321,0 %, 2405 MHz, 44, 11.94 W
1788685801.992585668,0 %, 2405 MHz, 44, 11.94 W
1788685802.092842758,0 %, 2405 MHz, 44, 11.94 W
1788685802.193211177,0 %, 2405 MHz, 44, 11.95 W
1788685802.293839180,0 %, 2405 MHz, 44, 11.95 W
1788685802.394094751,0 %, 2405 MHz, 44, 11.95 W
1788685802.494406657,0 %, 2405 MHz, 44, 11.95 W
1788685802.594647188,0 %, 2405 MHz, 44, 11.95 W
1788685802.694507415,0 %, 2405 MHz, 44, 11.97 W
1788685802.794896090,0 %, 2405 MHz, 44, 11.97 W
1788685802.894872461,0 %, 2405 MHz, 44, 11.97 W
1788685802.995019519,0 %, 2405 MHz, 44, 11.97 W
1788685803.094860882,0 %, 2405 MHz, 44, 11.97 W
1788685803.195563013,0 %, 2405 MHz, 44, 11.99 W
1788685803.296353704,0 %, 2405 MHz, 44, 11.99 W
1788685803.395945291,0 %, 2405 MHz, 44, 11.99 W
1788685803.496107773,0 %, 2405 MHz, 44, 11.99 W
1788685803.596866240,0 %, 2405 MHz, 44, 11.99 W
1788685803.696440387,0 %, 2405 MHz, 44, 11.99 W
1788685803.797332230,0 %, 2405 MHz, 44, 11.99 W
1788685803.898088825,0 %, 2405 MHz, 44, 11.99 W
1788685803.998662619,0 %, 2405 MHz, 44, 11.99 W
1788685804.099062462,0 %, 2405 MHz, 44, 11.99 W
1788685804.199416705,0 %, 2405 MHz, 44, 11.96 W
1788685804.299728196,0 %, 2405 MHz, 44, 11.96 W
1788685804.400465430,0 %, 2405 MHz, 44, 11.96 W
1788685804.500623737,0 %, 2405 MHz, 44, 11.96 W
1788685804.600746060,0 %, 2405 MHz, 44, 11.96 W
1788685804.700486847,0 %, 2405 MHz, 44, 11.94 W
1788685804.801435282,0 %, 2405 MHz, 44, 11.94 W
1788685804.901902165,0 %, 2405 MHz, 44, 11.94 W
1788685805.002004407,0 %, 2405 MHz, 44, 11.94 W
1788685805.103015482,0 %, 2405 MHz, 44, 11.94 W
1788685805.203360733,0 %, 2405 MHz, 44, 11.94 W
1788685805.303133056,0 %, 2405 MHz, 44, 11.94 W
1788685805.404379923,0 %, 2405 MHz, 44, 11.94 W
1788685805.504685189,0 %, 2405 MHz, 44, 11.94 W
1788685805.605004568,0 %, 2405 MHz, 44, 11.94 W
1788685805.704732555,0 %, 2405 MHz, 44, 11.93 W
1788685805.805177710,0 %, 2405 MHz, 44, 11.93 W
1788685805.905532225,0 %, 2405 MHz, 44, 11.93 W
1788685806.005927908,0 %, 2405 MHz, 44, 11.93 W
1788685806.106664007,0 %, 2405 MHz, 44, 11.93 W
1788685806.206998681,0 %, 2405 MHz, 44, 11.92 W
1788685806.307283772,0 %, 2405 MHz, 44, 11.92 W
1788685806.407897519,0 %, 2405 MHz, 44, 11.92 W
1788685806.508578322,0 %, 2405 MHz, 44, 11.92 W
1788685806.608703957,0 %, 2405 MHz, 44, 11.92 W
1788685806.708087128,0 %, 2405 MHz, 44, 11.92 W
1788685806.809191994,0 %, 2405 MHz, 44, 11.92 W
1788685806.909539757,0 %, 2405 MHz, 44, 11.92 W
1788685807.010462576,0 %, 2405 MHz, 44, 11.92 W
1788685807.110639827,0 %, 2405 MHz, 44, 11.92 W
1788685807.210980870,0 %, 2405 MHz, 44, 11.90 W
1788685807.311004729,0 %, 2405 MHz, 44, 11.90 W
1788685807.411644780,0 %, 2405 MHz, 44, 11.90 W
1788685807.512282014,0 %, 2405 MHz, 44, 11.90 W
1788685807.612661041,0 %, 2405 MHz, 44, 11.90 W
1788685807.712067940,0 %, 2405 MHz, 44, 11.90 W
1788685807.813156055,0 %, 2405 MHz, 44, 11.90 W
1788685807.912983642,0 %, 2405 MHz, 44, 11.90 W
1788685808.013437645,0 %, 2405 MHz, 44, 11.90 W
1788685808.113731328,0 %, 2405 MHz, 44, 11.90 W
1788685808.214575139,0 %, 2405 MHz, 44, 11.92 W
1788685808.314784294,0 %, 2405 MHz, 44, 11.92 W
1788685808.414955928,0 %, 2405 MHz, 44, 11.92 W
1788685808.515296075,0 %, 2405 MHz, 44, 11.92 W
1788685808.615728126,0 %, 2405 MHz, 44, 11.92 W
1788685808.715179281,0 %, 2405 MHz, 44, 11.95 W
1788685808.815761604,0 %, 2405 MHz, 44, 11.95 W
1788685808.916358567,0 %, 2405 MHz, 44, 11.95 W
1788685809.016542586,0 %, 2405 MHz, 44, 11.95 W
1788685809.116923981,0 %, 2405 MHz, 44, 11.95 W
1788685809.217645088,0 %, 2405 MHz, 44, 11.98 W
1788685809.318083091,0 %, 2405 MHz, 44, 11.98 W
1788685809.418379430,0 %, 2405 MHz, 44, 11.98 W
1788685809.519037096,0 %, 2405 MHz, 44, 11.98 W
1788685809.619545771,0 %, 2405 MHz, 44, 11.98 W
1788685809.719186366,0 %, 2405 MHz, 44, 11.95 W
1788685809.820630865,0 %, 2405 MHz, 44, 11.95 W
1788685809.920841652,0 %, 2405 MHz, 44, 11.95 W
1788685810.021558983,0 %, 2405 MHz, 44, 11.95 W
1788685810.121537722,0 %, 2405 MHz, 44, 11.95 W
1788685810.222020461,0 %, 2405 MHz, 44, 11.91 W
1788685810.322497184,0 %, 2405 MHz, 44, 11.91 W
1788685810.422887891,0 %, 2405 MHz, 44, 11.91 W
1788685810.523144533,0 %, 2405 MHz, 44, 11.91 W
1788685810.623523352,0 %, 2405 MHz, 44, 11.91 W
1788685810.723443307,0 %, 2405 MHz, 44, 11.90 W
1788685810.824616286,0 %, 2405 MHz, 44, 11.90 W
1788685810.924922481,0 %, 2405 MHz, 44, 11.90 W
1788685811.025069572,0 %, 2405 MHz, 44, 11.90 W
1788685811.124945191,0 %, 2405 MHz, 44, 11.90 W
1788685811.225373482,0 %, 2405 MHz, 44, 11.91 W
1788685811.325805389,0 %, 2405 MHz, 44, 11.91 W
1788685811.426619488,0 %, 2405 MHz, 44, 11.91 W
1788685811.526468419,0 %, 2405 MHz, 44, 11.91 W
1788685811.627133894,0 %, 2405 MHz, 44, 11.91 W
1788685811.726799769,0 %, 2405 MHz, 44, 11.89 W
1788685811.827605036,0 %, 2405 MHz, 44, 11.89 W
1788685811.927973279,0 %, 2405 MHz, 44, 11.89 W
1788685812.028723346,0 %, 2405 MHz, 44, 11.89 W
1788685812.129043109,0 %, 2405 MHz, 44, 11.89 W
1788685812.229381896,0 %, 2405 MHz, 44, 11.88 W
1788685812.329328475,0 %, 2405 MHz, 44, 11.88 W
1788685812.429583054,0 %, 2405 MHz, 44, 11.88 W
1788685812.530091744,0 %, 2405 MHz, 44, 11.88 W
1788685812.630852195,0 %, 2405 MHz, 44, 11.88 W
1788685812.730443030,0 %, 2405 MHz, 44, 11.90 W
1788685812.831541577,0 %, 2405 MHz, 44, 11.90 W
1788685812.931382956,0 %, 2405 MHz, 44, 11.90 W
1788685813.031959359,0 %, 2405 MHz, 44, 11.90 W
1788685813.132281762,0 %, 2405 MHz, 44, 11.90 W
1788685813.232946453,0 %, 2405 MHz, 44, 11.90 W
1788685813.332554968,0 %, 2405 MHz, 44, 11.90 W
1788685813.433408059,0 %, 2405 MHz, 44, 11.90 W
1788685813.532725518,0 %, 2405 MHz, 44, 11.90 W
1788685813.633822961,0 %, 2405 MHz, 44, 11.90 W
1788685813.733130660,0 %, 2405 MHz, 44, 11.92 W
1788685813.834312983,0 %, 2405 MHz, 44, 11.92 W
1788685813.934695194,0 %, 2405 MHz, 44, 11.92 W
1788685814.035402413,0 %, 2405 MHz, 44, 11.92 W
1788685814.135833552,0 %, 2405 MHz, 44, 11.92 W
1788685814.235230659,0 %, 2405 MHz, 44, 11.92 W
1788685814.336218342,0 %, 2405 MHz, 44, 11.92 W
1788685814.436874921,0 %, 2405 MHz, 44, 11.92 W
1788685814.536560812,0 %, 2405 MHz, 44, 11.92 W
1788685814.637754367,0 %, 2405 MHz, 44, 11.92 W
1788685814.737082514,0 %, 2405 MHz, 44, 11.94 W
1788685814.838292405,0 %, 2405 MHz, 44, 11.94 W
1788685814.937712824,0 %, 2405 MHz, 44, 11.94 W
1788685815.038629611,0 %, 2405 MHz, 44, 11.94 W
1788685815.138696814,0 %, 2405 MHz, 44, 11.94 W
1788685815.239662417,0 %, 2405 MHz, 44, 11.93 W
1788685815.339954212,0 %, 2405 MHz, 44, 11.93 W
1788685815.440299447,0 %, 2405 MHz, 44, 11.93 W
1788685815.540444810,0 %, 2405 MHz, 44, 11.93 W
1788685815.640690285,0 %, 2405 MHz, 44, 11.93 W
1788685815.740368929,0 %, 2405 MHz, 44, 11.89 W
1788685815.841271060,0 %, 2405 MHz, 44, 11.89 W
1788685815.941632695,0 %, 2405 MHz, 44, 11.89 W
1788685816.042210042,0 %, 2405 MHz, 44, 11.89 W
1788685816.142281389,0 %, 2405 MHz, 44, 11.89 W
1788685816.242907312,0 %, 2405 MHz, 44, 11.89 W
1788685816.343464147,0 %, 2405 MHz, 44, 11.89 W
1788685816.443893462,0 %, 2405 MHz, 44, 11.89 W
1788685816.544122729,0 %, 2405 MHz, 44, 11.89 W
1788685816.644694812,0 %, 2405 MHz, 44, 11.89 W
1788685816.744323727,0 %, 2405 MHz, 44, 11.89 W
1788685816.845191922,0 %, 2405 MHz, 44, 11.89 W
1788685816.945916837,0 %, 2405 MHz, 44, 11.89 W
1788685817.046261560,0 %, 2405 MHz, 44, 11.89 W
1788685817.146589643,0 %, 2405 MHz, 44, 11.89 W
1788685817.246948110,0 %, 2405 MHz, 44, 11.88 W
1788685817.347713425,0 %, 2405 MHz, 44, 11.88 W
1788685817.447864884,0 %, 2405 MHz, 44, 11.88 W
1788685817.548205751,0 %, 2405 MHz, 44, 11.88 W
1788685817.648505770,0 %, 2405 MHz, 44, 11.88 W
1788685817.748349005,0 %, 2405 MHz, 44, 11.88 W
1788685817.849590752,0 %, 2405 MHz, 44, 11.88 W
1788685817.949908563,0 %, 2405 MHz, 44, 11.88 W
1788685818.050227655,0 %, 2405 MHz, 44, 11.88 W
1788685818.150605178,0 %, 2405 MHz, 44, 11.88 W
1788685818.251261101,0 %, 2405 MHz, 44, 11.90 W
1788685818.351655776,0 %, 2405 MHz, 44, 11.90 W
1788685818.451774707,0 %, 2405 MHz, 44, 11.90 W
1788685818.552177766,0 %, 2405 MHz, 44, 11.90 W
1788685818.652494601,0 %, 2405 MHz, 44, 11.90 W
1788685818.752306860,0 %, 2405 MHz, 44, 11.92 W
1788685818.853538143,0 %, 2405 MHz, 44, 11.92 W
1788685818.953896754,0 %, 2405 MHz, 44, 11.92 W
1788685819.054026789,0 %, 2405 MHz, 44, 11.92 W
1788685819.153672520,0 %, 2405 MHz, 44, 11.92 W
1788685819.254422700,0 %, 2405 MHz, 44, 11.92 W
1788685819.354420047,0 %, 2405 MHz, 44, 11.92 W
1788685819.454997874,0 %, 2405 MHz, 44, 11.92 W
1788685819.555761701,0 %, 2405 MHz, 44, 11.92 W
1788685819.656054904,0 %, 2405 MHz, 44, 11.92 W
1788685819.755115899,0 %, 2405 MHz, 44, 11.89 W
1788685819.856419406,0 %, 2405 MHz, 44, 11.89 W
1788685819.956824897,0 %, 2405 MHz, 44, 11.89 W
1788685820.056964660,0 %, 2405 MHz, 44, 11.89 W
1788685820.157447592,0 %, 2405 MHz, 44, 11.89 W
1788685820.258216635,0 %, 2405 MHz, 44, 11.89 W
1788685820.358609870,0 %, 2405 MHz, 44, 11.89 W
1788685820.458903809,0 %, 2405 MHz, 44, 11.89 W
1788685820.559150644,0 %, 2405 MHz, 44, 11.89 W
1788685820.659337127,0 %, 2405 MHz, 44, 11.89 W
1788685820.759431194,0 %, 2405 MHz, 44, 11.89 W
1788685820.860305917,0 %, 2405 MHz, 44, 11.89 W
1788685820.960677376,0 %, 2405 MHz, 44, 11.89 W
1788685821.060131876,0 %, 2405 MHz, 44, 11.89 W
1788685821.161164951,0 %, 2405 MHz, 44, 11.89 W
1788685821.261398218,0 %, 2405 MHz, 44, 11.89 W
1788685821.362000157,0 %, 2405 MHz, 44, 11.89 W
1788685821.462408368,0 %, 2405 MHz, 44, 11.89 W
1788685821.562708707,0 %, 2405 MHz, 44, 11.89 W
1788685821.662361879,0 %, 2405 MHz, 44, 11.89 W
1788685821.761875850,0 %, 2405 MHz, 44, 11.88 W
1788685821.862383277,0 %, 2405 MHz, 44, 11.88 W
1788685821.963324128,0 %, 2405 MHz, 44, 11.88 W
1788685822.063454883,0 %, 2405 MHz, 44, 11.88 W
1788685822.163929734,0 %, 2405 MHz, 44, 11.88 W
1788685822.264184649,0 %, 2405 MHz, 44, 11.89 W
1788685822.364099997,0 %, 2405 MHz, 44, 11.89 W
1788685822.464661040,0 %, 2405 MHz, 44, 11.89 W
1788685822.565398835,0 %, 2405 MHz, 44, 11.89 W
1788685822.665667846,0 %, 2405 MHz, 44, 11.89 W
1788685822.765287177,0 %, 2405 MHz, 44, 11.88 W
1788685822.866185228,0 %, 2405 MHz, 44, 11.88 W
1788685822.966544064,0 %, 2405 MHz, 44, 11.88 W
1788685823.067026451,0 %, 2405 MHz, 44, 11.88 W
1788685823.167612054,0 %, 2405 MHz, 44, 11.88 W
1788685823.267570937,0 %, 2405 MHz, 44, 11.87 W
1788685823.367755820,0 %, 2405 MHz, 44, 11.87 W
1788685823.468637679,0 %, 2405 MHz, 44, 11.87 W
1788685823.568427347,0 %, 2405 MHz, 44, 11.87 W
1788685823.669456518,0 %, 2405 MHz, 44, 11.87 W
1788685823.768875161,0 %, 2405 MHz, 44, 11.90 W
1788685823.870094412,0 %, 2405 MHz, 44, 11.90 W
1788685823.970558815,0 %, 2405 MHz, 44, 11.90 W
1788685824.071184530,0 %, 2405 MHz, 44, 11.90 W
1788685824.171326470,0 %, 2405 MHz, 44, 11.90 W
1788685824.270665945,0 %, 2405 MHz, 44, 11.89 W
1788685824.371860588,0 %, 2405 MHz, 44, 11.89 W
1788685824.472256767,0 %, 2405 MHz, 44, 11.89 W
1788685824.572552722,0 %, 2405 MHz, 44, 11.89 W
1788685824.673297254,0 %, 2405 MHz, 44, 11.89 W
1788685824.772861753,0 %, 2405 MHz, 44, 11.86 W
1788685824.872870332,0 %, 2405 MHz, 44, 11.86 W
1788685824.973812463,0 %, 2405 MHz, 44, 11.86 W
1788685825.073938194,0 %, 2405 MHz, 44, 11.86 W
1788685825.174517286,0 %, 2405 MHz, 44, 11.86 W
1788685825.275110873,0 %, 2405 MHz, 44, 11.87 W
1788685825.375427180,0 %, 2405 MHz, 44, 11.87 W
1788685825.475402703,0 %, 2405 MHz, 44, 11.87 W
1788685825.576029234,0 %, 2405 MHz, 44, 11.87 W
1788685825.676563366,0 %, 2405 MHz, 44, 11.87 W
1788685825.776413833,0 %, 2405 MHz, 44, 11.87 W
1788685825.877720284,0 %, 2405 MHz, 44, 11.87 W
1788685825.978062719,0 %, 2405 MHz, 44, 11.87 W
1788685826.078830963,0 %, 2405 MHz, 44, 11.87 W
1788685826.178901142,0 %, 2405 MHz, 44, 11.87 W
1788685826.279266585,0 %, 2405 MHz, 44, 11.86 W
1788685826.379762636,0 %, 2405 MHz, 44, 11.86 W
1788685826.480734783,0 %, 2405 MHz, 44, 11.86 W
1788685826.580834211,0 %, 2405 MHz, 44, 11.86 W
1788685826.680448070,0 %, 2405 MHz, 44, 11.86 W
1788685826.780820153,0 %, 2405 MHz, 44, 11.86 W
1788685826.881382956,0 %, 2405 MHz, 44, 11.86 W
1788685826.981792688,0 %, 2405 MHz, 44, 11.86 W
1788685827.081894003,0 %, 2405 MHz, 44, 11.86 W
1788685827.181964614,0 %, 2405 MHz, 44, 11.86 W
1788685827.282557289,0 %, 2405 MHz, 44, 11.86 W
1788685827.383322029,0 %, 2405 MHz, 44, 11.86 W
1788685827.483723168,0 %, 2405 MHz, 44, 11.86 W
1788685827.584056531,0 %, 2405 MHz, 44, 11.86 W
1788685827.684467014,0 %, 2405 MHz, 44, 11.86 W
1788685827.784450362,0 %, 2405 MHz, 44, 11.87 W
1788685827.885229101,0 %, 2405 MHz, 44, 11.87 W
1788685827.985664624,0 %, 2405 MHz, 44, 11.87 W
1788685828.086049139,0 %, 2405 MHz, 44, 11.87 W
1788685828.186351479,0 %, 2405 MHz, 44, 11.87 W
1788685828.286852026,0 %, 2405 MHz, 44, 11.87 W
1788685828.387628797,0 %, 2405 MHz, 44, 11.87 W
1788685828.487890560,0 %, 2405 MHz, 44, 11.87 W
1788685828.587767156,0 %, 2405 MHz, 44, 11.87 W
1788685828.688956663,0 %, 2405 MHz, 44, 11.87 W
1788685828.788190714,0 %, 2405 MHz, 44, 11.90 W
1788685828.889042381,0 %, 2405 MHz, 44, 11.90 W
1788685828.989288993,0 %, 2405 MHz, 44, 11.90 W
1788685829.089662372,0 %, 2405 MHz, 44, 11.90 W
1788685829.189759047,0 %, 2405 MHz, 44, 11.89 W
1788685829.289232907,0 %, 2405 MHz, 44, 11.89 W
1788685829.390791166,0 %, 2405 MHz, 44, 11.89 W
1788685829.490273073,0 %, 2405 MHz, 44, 11.89 W
1788685829.590996261,0 %, 2405 MHz, 44, 11.89 W
1788685829.691732168,0 %, 2405 MHz, 44, 11.85 W
1788685829.791311739,0 %, 2405 MHz, 44, 11.85 W
1788685829.892369278,0 %, 2405 MHz, 44, 11.85 W
1788685829.992571122,0 %, 2405 MHz, 44, 11.85 W
1788685830.092902741,0 %, 2405 MHz, 44, 11.85 W
1788685830.193016216,0 %, 2405 MHz, 44, 11.84 W
1788685830.294023788,0 %, 2405 MHz, 44, 11.84 W
1788685830.394495871,0 %, 2405 MHz, 44, 11.84 W
1788685830.494601362,0 %, 2405 MHz, 44, 11.84 W
1788685830.595079797,0 %, 2405 MHz, 44, 11.84 W
1788685830.695664281,0 %, 2405 MHz, 44, 11.85 W
1788685830.795396300,0 %, 2405 MHz, 44, 11.85 W
1788685830.895909567,0 %, 2405 MHz, 44, 11.85 W
1788685830.996229939,0 %, 2405 MHz, 44, 11.85 W
1788685831.096708726,0 %, 2405 MHz, 44, 11.85 W
1788685831.196987961,0 %, 2405 MHz, 44, 11.85 W
1788685831.297762461,0 %, 2405 MHz, 44, 11.85 W
1788685831.398523568,0 %, 2405 MHz, 44, 11.85 W
1788685831.498505379,0 %, 2405 MHz, 44, 11.85 W
1788685831.598804919,0 %, 2405 MHz, 44, 11.85 W
1788685831.698964106,0 %, 2405 MHz, 44, 11.84 W
1788685831.798915021,0 %, 2405 MHz, 44, 11.84 W
1788685831.900049265,0 %, 2405 MHz, 44, 11.84 W
1788685832.000325556,0 %, 2405 MHz, 44, 11.84 W
1788685832.100731943,0 %, 2405 MHz, 44, 11.84 W
1788685832.201525210,0 %, 2405 MHz, 44, 11.83 W
1788685832.301814830,0 %, 2405 MHz, 44, 11.83 W
1788685832.401744865,0 %, 2405 MHz, 44, 11.83 W
1788685832.502395301,0 %, 2405 MHz, 44, 11.83 W
1788685832.602572856,0 %, 2405 MHz, 44, 11.83 W
1788685832.703250907,0 %, 2405 MHz, 44, 11.83 W
1788685832.802818911,0 %, 2405 MHz, 44, 11.83 W
1788685832.903818450,0 %, 2405 MHz, 44, 11.83 W
1788685833.004034949,0 %, 2405 MHz, 44, 11.83 W
1788685833.104439529,0 %, 2405 MHz, 44, 11.83 W
1788685833.204597388,0 %, 2405 MHz, 44, 11.84 W
1788685833.304615711,0 %, 2405 MHz, 44, 11.84 W
1788685833.405654403,0 %, 2405 MHz, 44, 11.84 W
1788685833.505874438,0 %, 2405 MHz, 44, 11.84 W
1788685833.605188282,0 %, 2405 MHz, 44, 11.84 W
1788685833.706229965,0 %, 2405 MHz, 44, 11.86 W
1788685833.806108400,0 %, 2405 MHz, 44, 11.86 W
1788685833.907100324,0 %, 2405 MHz, 44, 11.86 W
1788685834.007462311,0 %, 2405 MHz, 44, 11.86 W
1788685834.107441898,0 %, 2405 MHz, 44, 11.86 W
1788685834.207654990,0 %, 2405 MHz, 44, 11.84 W
1788685834.308172353,0 %, 2405 MHz, 44, 11.84 W
1788685834.408785108,0 %, 2405 MHz, 44, 11.84 W
1788685834.509107320,0 %, 2405 MHz, 44, 11.84 W
1788685834.609408091,0 %, 2405 MHz, 44, 11.84 W
1788685834.709578095,0 %, 2405 MHz, 44, 11.82 W
1788685834.809473602,0 %, 2405 MHz, 44, 11.82 W
1788685834.910143173,0 %, 2405 MHz, 44, 11.82 W
1788685835.010705913,0 %, 2405 MHz, 44, 11.82 W
1788685835.111035132,0 %, 2405 MHz, 44, 11.82 W
1788685835.211330352,0 %, 2405 MHz, 44, 11.84 W
1788685835.311550643,0 %, 2405 MHz, 44, 11.84 W
1788685835.411868966,0 %, 2405 MHz, 44, 11.84 W
1788685835.512641338,0 %, 2405 MHz, 44, 11.84 W
1788685835.612579837,0 %, 2405 MHz, 44, 11.84 W
1788685835.713225009,0 %, 2405 MHz, 44, 11.87 W
1788685835.812769764,0 %, 2405 MHz, 44, 11.87 W
1788685835.913535271,0 %, 2405 MHz, 44, 11.87 W
1788685836.014551515,0 %, 2405 MHz, 44, 11.87 W
1788685836.114720974,0 %, 2405 MHz, 44, 11.87 W
1788685836.215048274,0 %, 2405 MHz, 44, 11.88 W
1788685836.314584037,0 %, 2405 MHz, 44, 11.88 W
1788685836.415120969,0 %, 2405 MHz, 44, 11.88 W
1788685836.515712108,0 %, 2405 MHz, 44, 11.88 W
1788685836.616116399,0 %, 2405 MHz, 44, 11.88 W
1788685836.716897747,0 %, 2405 MHz, 44, 11.86 W
1788685836.816496502,0 %, 2405 MHz, 44, 11.86 W
1788685836.917655994,0 %, 2405 MHz, 44, 11.86 W
1788685837.017502573,0 %, 2405 MHz, 44, 11.86 W
1788685837.118065712,0 %, 2405 MHz, 44, 11.86 W
1788685837.218761972,0 %, 2405 MHz, 44, 11.85 W
1788685837.319053335,0 %, 2405 MHz, 44, 11.85 W
1788685837.419798779,0 %, 2405 MHz, 44, 11.85 W
1788685837.519759838,0 %, 2405 MHz, 44, 11.85 W
1788685837.620580930,0 %, 2405 MHz, 44, 11.85 W
1788685837.720770661,0 %, 2405 MHz, 44, 11.86 W
1788685837.820409337,0 %, 2405 MHz, 44, 11.86 W
1788685837.921587660,0 %, 2405 MHz, 44, 11.86 W
1788685838.021663919,0 %, 2405 MHz, 44, 11.86 W
1788685838.122726947,0 %, 2405 MHz, 44, 11.86 W
1788685838.222594294,0 %, 2405 MHz, 44, 11.87 W
1788685838.323151386,0 %, 2405 MHz, 44, 11.87 W
1788685838.423559565,0 %, 2405 MHz, 44, 11.87 W
1788685838.524292880,0 %, 2405 MHz, 44, 11.87 W
1788685838.623606356,0 %, 2405 MHz, 44, 11.87 W
1788685838.724534888,0 %, 2405 MHz, 44, 11.86 W
1788685838.823864411,0 %, 2405 MHz, 44, 11.86 W
1788685838.925066798,0 %, 2405 MHz, 44, 11.86 W
1788685839.025306226,0 %, 2405 MHz, 44, 11.86 W
1788685839.125277301,0 %, 2405 MHz, 44, 11.86 W
1788685839.225922233,0 %, 2405 MHz, 44, 11.89 W
1788685839.325697228,0 %, 2405 MHz, 44, 11.89 W
1788685839.426180576,0 %, 2405 MHz, 44, 11.89 W
1788685839.527144243,0 %, 2405 MHz, 44, 11.89 W
1788685839.627450743,0 %, 2405 MHz, 44, 11.89 W
1788685839.727229978,0 %, 2405 MHz, 44, 11.90 W
1788685839.827354606,0 %, 2405 MHz, 44, 11.90 W
1788685839.928436193,0 %, 2405 MHz, 44, 11.90 W
1788685840.029042229,0 %, 2405 MHz, 44, 11.90 W
1788685840.129359832,0 %, 2405 MHz, 44, 11.90 W
1788685840.229667724,0 %, 2405 MHz, 44, 11.87 W
1788685840.330023535,0 %, 2405 MHz, 44, 11.87 W
1788685840.430827042,0 %, 2405 MHz, 44, 11.87 W
1788685840.531143462,0 %, 2405 MHz, 44, 11.87 W
1788685840.631524697,0 %, 2405 MHz, 44, 11.87 W
1788685840.731669133,0 %, 2405 MHz, 44, 11.86 W
1788685840.831734353,0 %, 2405 MHz, 44, 11.86 W
1788685840.932751860,0 %, 2405 MHz, 44, 11.86 W
1788685841.032840679,0 %, 2405 MHz, 44, 11.86 W
1788685841.133200379,0 %, 2405 MHz, 44, 11.86 W
1788685841.233710078,0 %, 2411 MHz, 44, 11.82 W
1788685841.333575346,0 %, 2411 MHz, 44, 11.82 W
1788685841.434118853,0 %, 2411 MHz, 44, 11.82 W
1788685841.533911321,0 %, 2411 MHz, 44, 11.82 W
1788685841.634417629,0 %, 2411 MHz, 44, 11.82 W
1788685841.734621344,0 %, 2411 MHz, 44, 11.74 W
1788685841.834595012,0 %, 2411 MHz, 44, 11.74 W
1788685841.935121095,0 %, 2411 MHz, 44, 11.74 W
1788685842.035169835,0 %, 2411 MHz, 44, 11.74 W
1788685842.135529358,0 %, 2411 MHz, 44, 11.74 W
1788685842.235779378,0 %, 2411 MHz, 44, 11.73 W
1788685842.335582213,0 %, 2411 MHz, 44, 11.73 W
1788685842.436581401,0 %, 2411 MHz, 44, 11.73 W
1788685842.536930924,0 %, 2411 MHz, 44, 11.73 W
1788685842.637449952,0 %, 2411 MHz, 44, 11.73 W
1788685842.738032307,0 %, 2411 MHz, 44, 11.74 W
1788685842.837638295,0 %, 2411 MHz, 44, 11.74 W
1788685842.938679402,0 %, 2411 MHz, 44, 11.74 W
1788685843.039208830,0 %, 2411 MHz, 44, 11.74 W
1788685843.139269714,0 %, 2411 MHz, 44, 11.74 W
1788685843.239875733,0 %, 2411 MHz, 44, 11.76 W
1788685843.339673737,0 %, 2411 MHz, 44, 11.76 W
1788685843.440319388,0 %, 2411 MHz, 44, 11.76 W
1788685843.540824384,0 %, 2411 MHz, 44, 11.76 W
1788685843.640293011,0 %, 2411 MHz, 44, 11.76 W
1788685843.741332647,0 %, 2411 MHz, 44, 11.81 W
1788685843.841237386,0 %, 2411 MHz, 44, 11.81 W
1788685843.942604190,0 %, 2411 MHz, 44, 11.81 W
1788685844.042720289,0 %, 2411 MHz, 44, 11.81 W
1788685844.143087301,0 %, 2411 MHz, 44, 11.81 W
1788685844.243857688,0 %, 2411 MHz, 44, 11.80 W
1788685844.343606652,0 %, 2411 MHz, 44, 11.80 W
1788685844.444186448,0 %, 2411 MHz, 44, 11.80 W
1788685844.544686643,0 %, 2411 MHz, 44, 11.80 W
1788685844.645199943,0 %, 2411 MHz, 44, 11.80 W
1788685844.745868330,0 %, 2411 MHz, 44, 11.77 W
1788685844.845398558,0 %, 2411 MHz, 44, 11.77 W
1788685844.946612417,0 %, 2411 MHz, 44, 11.77 W
1788685845.046416005,0 %, 2411 MHz, 44, 11.77 W
1788685845.146962489,0 %, 2411 MHz, 44, 11.77 W
1788685845.247243100,0 %, 2411 MHz, 44, 11.76 W
1788685845.347373344,0 %, 2411 MHz, 44, 11.76 W
1788685845.448185619,0 %, 2411 MHz, 44, 11.76 W
1788685845.548529303,0 %, 2411 MHz, 44, 11.76 W
1788685845.648857130,0 %, 2411 MHz, 44, 11.76 W
1788685845.749191070,0 %, 2411 MHz, 44, 11.77 W
1788685845.849164642,0 %, 2411 MHz, 44, 11.77 W
1788685845.950182245,0 %, 2411 MHz, 44, 11.77 W
1788685846.050641801,0 %, 2411 MHz, 44, 11.77 W
1788685846.150725660,0 %, 2411 MHz, 44, 11.77 W
1788685846.250962560,0 %, 2411 MHz, 44, 11.76 W
1788685846.351156500,0 %, 2411 MHz, 44, 11.76 W
1788685846.451450247,0 %, 2411 MHz, 44, 11.76 W
1788685846.551603435,0 %, 2411 MHz, 44, 11.76 W
1788685846.652408878,0 %, 2411 MHz, 44, 11.76 W
1788685846.752660034,0 %, 2411 MHz, 44, 11.75 W
1788685846.852396630,0 %, 2411 MHz, 44, 11.75 W
1788685846.953472121,0 %, 2411 MHz, 44, 11.75 W
1788685847.054218253,0 %, 2411 MHz, 44, 11.75 W
1788685847.154344064,0 %, 2411 MHz, 44, 11.75 W
1788685847.254644372,0 %, 2411 MHz, 44, 11.78 W
1788685847.354801304,0 %, 2411 MHz, 44, 11.78 W
1788685847.454140571,0 %, 2411 MHz, 44, 11.78 W
1788685847.555284255,0 %, 2411 MHz, 44, 11.78 W
1788685847.655451091,0 %, 2411 MHz, 44, 11.78 W
1788685847.755604214,0 %, 2411 MHz, 44, 11.79 W
1788685847.855590554,0 %, 2411 MHz, 44, 11.79 W
1788685847.956220685,0 %, 2411 MHz, 44, 11.79 W
1788685848.056393697,0 %, 2411 MHz, 44, 11.79 W
1788685848.157218485,0 %, 2411 MHz, 44, 11.79 W
1788685848.257313464,0 %, 2411 MHz, 44, 11.76 W
1788685848.358219836,0 %, 2411 MHz, 44, 11.76 W
1788685848.458666544,0 %, 2411 MHz, 44, 11.76 W
1788685848.558843763,0 %, 2411 MHz, 44, 11.76 W
1788685848.658781175,0 %, 2411 MHz, 44, 11.76 W
1788685848.759572666,0 %, 2411 MHz, 44, 11.78 W
1788685848.859367822,0 %, 2411 MHz, 44, 11.78 W
1788685848.960678962,0 %, 2411 MHz, 44, 11.78 W
1788685849.061182853,0 %, 2411 MHz, 44, 11.78 W
1788685849.160637257,0 %, 2411 MHz, 44, 11.78 W
1788685849.261463341,0 %, 2411 MHz, 44, 11.79 W
1788685849.361997120,0 %, 2411 MHz, 44, 11.79 W
1788685849.462673700,0 %, 2411 MHz, 44, 11.79 W
1788685849.562895928,0 %, 2411 MHz, 44, 11.79 W
1788685849.662194203,0 %, 2411 MHz, 44, 11.79 W
1788685849.763360639,0 %, 2411 MHz, 44, 11.77 W
1788685849.863132019,0 %, 2411 MHz, 44, 11.77 W
1788685849.963208774,0 %, 2411 MHz, 44, 11.77 W
1788685850.064341882,0 %, 2411 MHz, 44, 11.77 W
1788685850.164318878,0 %, 2411 MHz, 44, 11.77 W
1788685850.264429825,0 %, 2411 MHz, 44, 11.77 W
1788685850.365324437,0 %, 2411 MHz, 44, 11.77 W
1788685850.465571593,0 %, 2411 MHz, 44, 11.77 W
1788685850.565936684,0 %, 2411 MHz, 44, 11.77 W
1788685850.666164544,0 %, 2411 MHz, 44, 11.77 W
1788685850.767097700,0 %, 2411 MHz, 44, 11.76 W
1788685850.866211063,0 %, 2411 MHz, 44, 11.76 W
1788685850.967385723,0 %, 2411 MHz, 44, 11.76 W
1788685851.067632927,0 %, 2411 MHz, 44, 11.76 W
1788685851.167809186,0 %, 2411 MHz, 44, 11.76 W
1788685851.268150582,0 %, 2411 MHz, 44, 11.76 W
1788685851.367739962,0 %, 2411 MHz, 44, 11.76 W
1788685851.468634126,0 %, 2411 MHz, 44, 11.76 W
1788685851.568968033,0 %, 2411 MHz, 44, 11.76 W
1788685851.669779637,0 %, 2411 MHz, 44, 11.76 W
1788685851.770078489,0 %, 2411 MHz, 44, 11.75 W
1788685851.869875132,0 %, 2411 MHz, 44, 11.75 W
1788685851.970679456,0 %, 2411 MHz, 44, 11.75 W
1788685852.071552964,0 %, 2411 MHz, 44, 11.75 W
1788685852.171709863,0 %, 2411 MHz, 44, 11.75 W
1788685852.272032795,0 %, 2411 MHz, 44, 11.73 W
1788685852.372094303,0 %, 2411 MHz, 44, 11.73 W
1788685852.472535762,0 %, 2411 MHz, 44, 11.73 W
1788685852.572659142,0 %, 2411 MHz, 44, 11.73 W
1788685852.673406986,0 %, 2411 MHz, 44, 11.73 W
1788685852.773961054,0 %, 2411 MHz, 44, 11.73 W
1788685852.873696417,0 %, 2411 MHz, 44, 11.73 W
1788685852.974593941,0 %, 2411 MHz, 44, 11.73 W
1788685853.074808393,0 %, 2411 MHz, 44, 11.73 W
1788685853.175564972,0 %, 2411 MHz, 44, 11.73 W
1788685853.275935120,0 %, 2411 MHz, 44, 11.73 W
1788685853.376280612,0 %, 2411 MHz, 44, 11.73 W
1788685853.476497224,0 %, 2411 MHz, 44, 11.73 W
1788685853.577295019,0 %, 2411 MHz, 44, 11.73 W
1788685853.676890159,0 %, 2411 MHz, 44, 11.73 W
1788685853.777809683,0 %, 2411 MHz, 44, 11.75 W
1788685853.877515927,0 %, 2411 MHz, 44, 11.75 W
1788685853.978646970,0 %, 2411 MHz, 44, 11.75 W
1788685854.079235870,0 %, 2411 MHz, 44, 11.75 W
1788685854.179751458,0 %, 2411 MHz, 44, 11.75 W
1788685854.279712741,0 %, 2411 MHz, 44, 11.74 W
1788685854.380116761,0 %, 2411 MHz, 44, 11.74 W
1788685854.480343261,0 %, 2411 MHz, 44, 11.74 W
1788685854.581154928,0 %, 2411 MHz, 44, 11.74 W
1788685854.681497444,0 %, 2411 MHz, 44, 11.74 W
1788685854.781768472,0 %, 2411 MHz, 44, 11.74 W
1788685854.881570380,0 %, 2411 MHz, 44, 11.74 W
1788685854.982696255,0 %, 2411 MHz, 44, 11.74 W
1788685855.082848243,0 %, 2411 MHz, 44, 11.74 W
1788685855.183227767,0 %, 2411 MHz, 44, 11.74 W
1788685855.283775851,0 %, 2411 MHz, 44, 11.74 W
1788685855.384000063,0 %, 2411 MHz, 44, 11.74 W
1788685855.484335650,0 %, 2411 MHz, 44, 11.74 W
1788685855.585105670,0 %, 2411 MHz, 44, 11.74 W
1788685855.685410090,0 %, 2411 MHz, 44, 11.74 W
1788685855.785688702,0 %, 2411 MHz, 44, 11.75 W
1788685855.885608065,0 %, 2411 MHz, 44, 11.75 W
1788685855.985799365,0 %, 2411 MHz, 44, 11.75 W
1788685856.087084857,0 %, 2411 MHz, 44, 11.75 W
1788685856.187552173,0 %, 2411 MHz, 44, 11.75 W
1788685856.287733280,0 %, 2411 MHz, 44, 11.76 W
1788685856.387211652,0 %, 2411 MHz, 44, 11.76 W
1788685856.488094088,0 %, 2411 MHz, 44, 11.76 W
1788685856.588334876,0 %, 2411 MHz, 44, 11.76 W
1788685856.688709072,0 %, 2411 MHz, 44, 11.76 W
1788685856.789415395,0 %, 2411 MHz, 44, 11.76 W
1788685856.888861927,0 %, 2411 MHz, 44, 11.76 W
1788685856.989938539,0 %, 2411 MHz, 44, 11.76 W
1788685857.090319679,0 %, 2411 MHz, 44, 11.76 W
1788685857.190516162,0 %, 2411 MHz, 44, 11.76 W
1788685857.291292118,0 %, 2411 MHz, 44, 11.77 W
1788685857.390729098,0 %, 2411 MHz, 44, 11.77 W
1788685857.491652318,0 %, 2411 MHz, 44, 11.77 W
1788685857.591984210,0 %, 2411 MHz, 44, 11.77 W
1788685857.692317237,0 %, 2411 MHz, 44, 11.78 W
1788685857.792660553,0 %, 2411 MHz, 44, 11.78 W
1788685857.892635949,0 %, 2411 MHz, 44, 11.78 W
1788685857.993760177,0 %, 2411 MHz, 44, 11.78 W
1788685858.094324292,0 %, 2411 MHz, 44, 11.78 W
1788685858.193890520,0 %, 2411 MHz, 44, 11.76 W
1788685858.294722460,0 %, 2411 MHz, 44, 11.76 W
1788685858.394502640,0 %, 2411 MHz, 44, 11.76 W
1788685858.494990532,0 %, 2411 MHz, 44, 11.76 W
1788685858.595212168,0 %, 2411 MHz, 44, 11.76 W
1788685858.695377356,0 %, 2411 MHz, 44, 11.74 W
1788685858.795897327,0 %, 2411 MHz, 44, 11.74 W
1788685858.896322867,0 %, 2411 MHz, 44, 11.74 W
1788685858.996859527,0 %, 2411 MHz, 44, 11.74 W
1788685859.097155899,0 %, 2411 MHz, 44, 11.74 W
1788685859.197768063,0 %, 2411 MHz, 44, 11.75 W
1788685859.298162594,0 %, 2411 MHz, 44, 11.75 W
1788685859.397850918,0 %, 2411 MHz, 44, 11.75 W
1788685859.497740618,0 %, 2411 MHz, 44, 11.75 W
1788685859.598715870,0 %, 2411 MHz, 44, 11.75 W
1788685859.699128738,0 %, 2411 MHz, 44, 11.76 W
1788685859.799332086,0 %, 2411 MHz, 44, 11.76 W
1788685859.899158698,0 %, 2411 MHz, 44, 11.76 W
1788685860.000682141,0 %, 2411 MHz, 44, 11.76 W
1788685860.100758817,0 %, 2411 MHz, 44, 11.76 W
1788685860.201045845,3 %, 2411 MHz, 44, 11.77 W
1788685860.301619001,3 %, 2411 MHz, 44, 11.77 W
1788685860.401795181,3 %, 2411 MHz, 44, 11.77 W
1788685860.502243648,3 %, 2411 MHz, 44, 11.77 W
1788685860.602428436,3 %, 2411 MHz, 44, 11.77 W
1788685860.702743800,3 %, 2411 MHz, 44, 11.78 W
1788685860.803195580,3 %, 2411 MHz, 44, 11.78 W
1788685860.903454560,3 %, 2411 MHz, 44, 11.78 W
1788685861.004392996,3 %, 2411 MHz, 44, 11.78 W
1788685861.104620232,3 %, 2411 MHz, 44, 11.78 W
1788685861.204547563,0 %, 2411 MHz, 44, 11.77 W
1788685861.304807103,0 %, 2411 MHz, 44, 11.77 W
1788685861.405398643,0 %, 2411 MHz, 44, 11.77 W
1788685861.505595111,0 %, 2411 MHz, 44, 11.77 W
1788685861.606326587,0 %, 2411 MHz, 44, 11.77 W
1788685861.706614031,0 %, 2411 MHz, 44, 11.77 W
1788685861.806922579,0 %, 2411 MHz, 44, 11.77 W
1788685861.906703367,0 %, 2411 MHz, 44, 11.77 W
1788685862.007622490,0 %, 2411 MHz, 44, 11.77 W
1788685862.108357214,0 %, 2411 MHz, 44, 11.77 W
1788685862.208701522,0 %, 2411 MHz, 44, 11.77 W
1788685862.309086262,0 %, 2411 MHz, 44, 11.77 W
1788685862.409820362,0 %, 2411 MHz, 44, 11.77 W
1788685862.510110958,0 %, 2411 MHz, 44, 11.77 W
1788685862.610459906,0 %, 2411 MHz, 44, 11.77 W
1788685862.710805045,0 %, 2411 MHz, 44, 11.76 W
1788685862.811558905,0 %, 2411 MHz, 44, 11.76 W
1788685862.911616493,0 %, 2411 MHz, 44, 11.76 W
1788685863.012416625,0 %, 2411 MHz, 44, 11.76 W
1788685863.112357109,0 %, 2411 MHz, 44, 11.76 W
1788685863.212631321,0 %, 2411 MHz, 44, 11.77 W
1788685863.313631165,0 %, 2411 MHz, 44, 11.77 W
1788685863.413962849,0 %, 2411 MHz, 44, 11.77 W
1788685863.513886885,0 %, 2411 MHz, 44, 11.77 W
1788685863.614441544,0 %, 2411 MHz, 44, 11.77 W
1788685863.714303468,0 %, 2411 MHz, 44, 11.78 W
1788685863.814962272,0 %, 2411 MHz, 44, 11.78 W
1788685863.914716884,0 %, 2411 MHz, 44, 11.78 W
1788685864.015792472,0 %, 2411 MHz, 44, 11.78 W
1788685864.115656908,0 %, 2411 MHz, 44, 11.78 W
1788685864.216376224,0 %, 2411 MHz, 44, 11.77 W
1788685864.316701252,0 %, 2411 MHz, 44, 11.77 W
1788685864.417605304,0 %, 2411 MHz, 44, 11.77 W
1788685864.517671484,0 %, 2411 MHz, 44, 11.77 W
1788685864.617470096,0 %, 2411 MHz, 44, 11.77 W
1788685864.718188067,0 %, 2411 MHz, 44, 11.76 W
1788685864.818653767,0 %, 2411 MHz, 44, 11.76 W
1788685864.918693435,0 %, 2411 MHz, 44, 11.76 W
1788685865.019108383,0 %, 2411 MHz, 44, 11.76 W
1788685865.119388595,0 %, 2411 MHz, 44, 11.76 W
1788685865.219565623,0 %, 2411 MHz, 44, 11.76 W
1788685865.320301195,0 %, 2411 MHz, 44, 11.76 W
1788685865.420717647,0 %, 2411 MHz, 44, 11.76 W
1788685865.520984451,0 %, 2411 MHz, 44, 11.76 W
1788685865.621320407,0 %, 2411 MHz, 44, 11.76 W
1788685865.722112571,0 %, 2411 MHz, 44, 11.78 W
1788685865.822421231,0 %, 2411 MHz, 44, 11.78 W
1788685865.922513651,0 %, 2411 MHz, 44, 11.78 W
1788685866.023102087,0 %, 2411 MHz, 44, 11.78 W
1788685866.123849354,0 %, 2411 MHz, 44, 11.78 W
1788685866.224344974,0 %, 2411 MHz, 44, 11.79 W
1788685866.324568418,0 %, 2411 MHz, 44, 11.79 W
1788685866.424852230,0 %, 2411 MHz, 44, 11.79 W
1788685866.525719930,0 %, 2411 MHz, 44, 11.79 W
1788685866.626023454,0 %, 2411 MHz, 44, 11.79 W
1788685866.726361714,0 %, 2411 MHz, 44, 11.78 W
1788685866.826751830,0 %, 2411 MHz, 44, 11.78 W
1788685866.927319418,0 %, 2411 MHz, 44, 11.78 W
1788685867.027680238,0 %, 2411 MHz, 44, 11.78 W
1788685867.127391698,0 %, 2411 MHz, 44, 11.78 W
1788685867.228239894,0 %, 2411 MHz, 44, 11.77 W
1788685867.328471706,0 %, 2411 MHz, 44, 11.77 W
1788685867.429274910,0 %, 2411 MHz, 44, 11.77 W
1788685867.529555346,0 %, 2411 MHz, 44, 11.77 W
1788685867.629652118,0 %, 2411 MHz, 44, 11.77 W
1788685867.730057002,0 %, 2411 MHz, 44, 11.79 W
1788685867.830363902,0 %, 2411 MHz, 44, 11.79 W
1788685867.931170866,0 %, 2411 MHz, 44, 11.79 W
1788685868.031561526,0 %, 2411 MHz, 44, 11.79 W
1788685868.131820250,0 %, 2411 MHz, 44, 11.79 W
1788685868.231984062,0 %, 2411 MHz, 44, 11.79 W
1788685868.332469314,0 %, 2411 MHz, 44, 11.79 W
1788685868.433398533,0 %, 2411 MHz, 44, 11.79 W
1788685868.533242106,0 %, 2411 MHz, 44, 11.79 W
1788685868.633824493,0 %, 2411 MHz, 44, 11.79 W
1788685868.733806162,0 %, 2411 MHz, 44, 11.79 W
1788685868.834498022,0 %, 2411 MHz, 44, 11.79 W
1788685868.935433625,0 %, 2411 MHz, 44, 11.79 W
1788685869.035489149,0 %, 2411 MHz, 44, 11.79 W
1788685869.135722337,0 %, 2411 MHz, 44, 11.79 W
1788685869.236582549,0 %, 2411 MHz, 44, 11.81 W
1788685869.337003913,0 %, 2411 MHz, 44, 11.81 W
1788685869.437275629,0 %, 2411 MHz, 44, 11.81 W
1788685869.537127169,0 %, 2411 MHz, 44, 11.81 W
1788685869.637433269,0 %, 2411 MHz, 44, 11.81 W
1788685869.737930457,0 %, 2411 MHz, 44, 11.85 W
1788685869.838683549,0 %, 2411 MHz, 44, 11.85 W
1788685869.938236545,0 %, 2411 MHz, 44, 11.85 W
1788685870.038767317,0 %, 2411 MHz, 44, 11.85 W
1788685870.138242474,0 %, 2411 MHz, 44, 11.85 W
1788685870.238627870,0 %, 2411 MHz, 44, 11.84 W
1788685870.338974658,0 %, 2411 MHz, 44, 11.84 W
1788685870.439160166,0 %, 2411 MHz, 44, 11.84 W
1788685870.540112442,0 %, 2411 MHz, 44, 11.84 W
1788685870.639568862,0 %, 2411 MHz, 44, 11.84 W
1788685870.740347922,0 %, 2411 MHz, 44, 11.81 W
1788685870.840897430,0 %, 2411 MHz, 44, 11.81 W
1788685870.941342922,0 %, 2411 MHz, 44, 11.81 W
1788685871.041432750,0 %, 2411 MHz, 44, 11.81 W
1788685871.141793986,0 %, 2411 MHz, 44, 11.81 W
1788685871.242494726,0 %, 2411 MHz, 44, 11.81 W
1788685871.342105018,0 %, 2411 MHz, 44, 11.81 W
1788685871.442873950,0 %, 2411 MHz, 44, 11.81 W
1788685871.543337074,0 %, 2411 MHz, 44, 11.81 W
1788685871.643664182,0 %, 2411 MHz, 44, 11.81 W
1788685871.744243002,0 %, 2411 MHz, 44, 11.81 W
1788685871.844474270,0 %, 2411 MHz, 44, 11.81 W
1788685871.944118194,0 %, 2411 MHz, 44, 11.81 W
1788685872.045281462,0 %, 2411 MHz, 44, 11.81 W
1788685872.145355722,0 %, 2411 MHz, 44, 11.81 W
1788685872.245695998,0 %, 2411 MHz, 44, 11.80 W
1788685872.345565074,0 %, 2411 MHz, 44, 11.80 W
1788685872.446663607,0 %, 2411 MHz, 44, 11.80 W
1788685872.546944987,0 %, 2411 MHz, 44, 11.80 W
1788685872.647443631,0 %, 2411 MHz, 44, 11.80 W
1788685872.747575715,0 %, 2411 MHz, 44, 11.80 W
1788685872.848419943,0 %, 2411 MHz, 44, 11.80 W
1788685872.948454635,0 %, 2411 MHz, 44, 11.80 W
1788685873.049025663,0 %, 2411 MHz, 44, 11.80 W
1788685873.149566195,0 %, 2411 MHz, 44, 11.80 W
1788685873.249765575,0 %, 2411 MHz, 44, 11.80 W
1788685873.349617691,0 %, 2411 MHz, 44, 11.80 W
1788685873.450633279,0 %, 2411 MHz, 44, 11.80 W
1788685873.550824915,0 %, 2411 MHz, 44, 11.80 W
1788685873.651103943,0 %, 2411 MHz, 44, 11.80 W
1788685873.751701835,0 %, 2411 MHz, 44, 11.81 W
1788685873.852316127,0 %, 2411 MHz, 44, 11.81 W
1788685873.952693907,0 %, 2411 MHz, 44, 11.81 W
1788685874.052924392,0 %, 2411 MHz, 44, 11.81 W
1788685874.153036588,0 %, 2411 MHz, 44, 11.81 W
1788685874.253348528,0 %, 2411 MHz, 44, 11.83 W
1788685874.353354404,0 %, 2411 MHz, 44, 11.83 W
1788685874.454281736,0 %, 2411 MHz, 44, 11.83 W
1788685874.554536348,0 %, 2411 MHz, 44, 11.83 W
1788685874.654953008,0 %, 2411 MHz, 44, 11.83 W
1788685874.755361508,0 %, 2411 MHz, 43, 11.82 W
1788685874.855566664,0 %, 2411 MHz, 43, 11.82 W
1788685874.956262044,0 %, 2411 MHz, 43, 11.82 W
1788685875.056701488,0 %, 2411 MHz, 43, 11.82 W
1788685875.157109413,0 %, 2411 MHz, 43, 11.82 W
1788685875.257300345,0 %, 2411 MHz, 44, 11.80 W
1788685875.357673053,0 %, 2411 MHz, 44, 11.80 W
1788685875.458235425,0 %, 2411 MHz, 44, 11.80 W
1788685875.558337029,0 %, 2411 MHz, 44, 11.80 W
1788685875.659149769,0 %, 2411 MHz, 44, 11.80 W
1788685875.759254269,0 %, 2411 MHz, 43, 11.80 W
1788685875.860016993,0 %, 2411 MHz, 43, 11.80 W
1788685875.960502885,0 %, 2411 MHz, 43, 11.80 W
1788685876.060588729,0 %, 2411 MHz, 43, 11.80 W
1788685876.160669630,0 %, 2411 MHz, 43, 11.80 W
1788685876.261139810,0 %, 2411 MHz, 44, 11.79 W
1788685876.361405254,0 %, 2411 MHz, 44, 11.79 W
1788685876.461846010,0 %, 2411 MHz, 44, 11.79 W
1788685876.562463678,0 %, 2411 MHz, 44, 11.79 W
1788685876.662589669,0 %, 2411 MHz, 44, 11.79 W
1788685876.762733612,0 %, 2411 MHz, 43, 11.78 W
1788685876.862552243,0 %, 2411 MHz, 43, 11.78 W
1788685876.963354345,0 %, 2411 MHz, 43, 11.78 W
1788685877.064170659,0 %, 2411 MHz, 43, 11.78 W
1788685877.164391255,0 %, 2411 MHz, 43, 11.78 W
1788685877.264762348,0 %, 2411 MHz, 44, 11.77 W
1788685877.365308481,0 %, 2411 MHz, 44, 11.77 W
1788685877.465445477,0 %, 2411 MHz, 44, 11.77 W
1788685877.566168922,0 %, 2411 MHz, 44, 11.77 W
1788685877.666229247,0 %, 2411 MHz, 44, 11.77 W
1788685877.766850547,0 %, 2411 MHz, 43, 11.78 W
1788685877.867179880,0 %, 2411 MHz, 43, 11.78 W
1788685877.967902877,0 %, 2411 MHz, 43, 11.78 W
1788685878.068362945,0 %, 2411 MHz, 43, 11.78 W
1788685878.168522422,0 %, 2411 MHz, 43, 11.78 W
1788685878.268919562,0 %, 2411 MHz, 43, 11.78 W
1788685878.369655311,0 %, 2411 MHz, 43, 11.78 W
1788685878.469976419,0 %, 2411 MHz, 43, 11.78 W
1788685878.570524024,0 %, 2411 MHz, 43, 11.78 W
1788685878.670492620,0 %, 2411 MHz, 43, 11.78 W
1788685878.770582577,0 %, 2411 MHz, 43, 11.78 W
1788685878.871624998,0 %, 2411 MHz, 43, 11.78 W
1788685878.971853338,0 %, 2411 MHz, 43, 11.78 W
1788685879.072153055,0 %, 2411 MHz, 43, 11.78 W
1788685879.172471843,0 %, 2411 MHz, 43, 11.78 W
1788685879.272804616,0 %, 2411 MHz, 43, 11.80 W
1788685879.373544924,0 %, 2411 MHz, 43, 11.80 W
1788685879.473757617,0 %, 2411 MHz, 43, 11.80 W
1788685879.574111973,0 %, 2411 MHz, 43, 11.80 W
1788685879.674541642,0 %, 2411 MHz, 43, 11.80 W
1788685879.775266751,0 %, 2411 MHz, 43, 11.81 W
1788685879.875606851,0 %, 2411 MHz, 43, 11.81 W
1788685879.975968872,0 %, 2411 MHz, 43, 11.81 W
1788685880.076324412,0 %, 2411 MHz, 43, 11.81 W
1788685880.176276721,0 %, 2411 MHz, 43, 11.81 W
1788685880.277244277,0 %, 2411 MHz, 43, 11.80 W
1788685880.377349722,0 %, 2411 MHz, 43, 11.80 W
1788685880.478013550,0 %, 2411 MHz, 43, 11.80 W
1788685880.578758515,0 %, 2411 MHz, 43, 11.80 W
1788685880.679019367,0 %, 2411 MHz, 43, 11.80 W
1788685880.779263292,0 %, 2411 MHz, 43, 11.79 W
1788685880.879440992,0 %, 2411 MHz, 43, 11.79 W
1788685880.979353973,0 %, 2411 MHz, 43, 11.79 W
1788685881.079341945,0 %, 2411 MHz, 43, 11.79 W
1788685881.179333117,0 %, 2411 MHz, 43, 11.79 W
1788685881.280301250,0 %, 2411 MHz, 43, 11.80 W
1788685881.380303846,0 %, 2411 MHz, 43, 11.80 W
1788685881.481370123,0 %, 2411 MHz, 43, 11.80 W
1788685881.580981279,0 %, 2411 MHz, 43, 11.80 W
1788685881.681089155,0 %, 2411 MHz, 43, 11.80 W
1788685881.781678760,0 %, 2411 MHz, 43, 11.79 W
1788685881.882403068,0 %, 2411 MHz, 43, 11.79 W
1788685881.982358865,0 %, 2411 MHz, 43, 11.79 W
1788685882.082924389,0 %, 2411 MHz, 43, 11.79 W
1788685882.182867146,0 %, 2411 MHz, 43, 11.79 W
1788685882.284040494,0 %, 2411 MHz, 43, 11.78 W
1788685882.384096194,0 %, 2411 MHz, 43, 11.78 W
1788685882.484248903,0 %, 2411 MHz, 43, 11.78 W
1788685882.584872891,0 %, 2411 MHz, 43, 11.78 W
1788685882.685229664,0 %, 2411 MHz, 43, 11.78 W
1788685882.785394356,0 %, 2411 MHz, 43, 11.78 W
1788685882.885815864,0 %, 2411 MHz, 43, 11.78 W
1788685882.986469293,0 %, 2411 MHz, 43, 11.78 W
1788685883.086672897,0 %, 2411 MHz, 43, 11.78 W
1788685883.187236342,0 %, 2411 MHz, 43, 11.78 W
1788685883.287321258,0 %, 2411 MHz, 43, 11.78 W
1788685883.387706862,0 %, 2411 MHz, 43, 11.78 W
1788685883.487645331,0 %, 2411 MHz, 43, 11.78 W
1788685883.588429655,0 %, 2411 MHz, 43, 11.78 W
1788685883.688789931,0 %, 2411 MHz, 43, 11.78 W
1788685883.789095808,0 %, 2411 MHz, 43, 11.79 W
1788685883.889612948,0 %, 2411 MHz, 43, 11.79 W
1788685883.990201513,0 %, 2411 MHz, 43, 11.79 W
1788685884.090547981,0 %, 2411 MHz, 43, 11.79 W
1788685884.190874801,0 %, 2411 MHz, 43, 11.79 W
1788685884.291186454,0 %, 2411 MHz, 43, 11.80 W
1788685884.391068154,0 %, 2411 MHz, 43, 11.80 W
1788685884.491406926,0 %, 2411 MHz, 43, 11.80 W
1788685884.592291730,0 %, 2411 MHz, 43, 11.80 W
1788685884.692651447,0 %, 2411 MHz, 43, 11.80 W
1788685884.792944347,0 %, 2411 MHz, 43, 11.80 W
1788685884.893418400,0 %, 2411 MHz, 43, 11.80 W
1788685884.994229796,0 %, 2411 MHz, 43, 11.80 W
1788685885.094522360,0 %, 2411 MHz, 43, 11.80 W
1788685885.194869532,0 %, 2411 MHz, 43, 11.79 W
1788685885.295633281,0 %, 2411 MHz, 43, 11.79 W
1788685885.395322789,0 %, 2411 MHz, 43, 11.79 W
1788685885.496186265,0 %, 2411 MHz, 43, 11.79 W
1788685885.596450606,0 %, 2411 MHz, 43, 11.79 W
1788685885.696776018,0 %, 2411 MHz, 43, 11.79 W
1788685885.797568694,0 %, 2411 MHz, 43, 11.79 W
1788685885.897743115,0 %, 2411 MHz, 43, 11.79 W
1788685885.997856415,0 %, 2411 MHz, 43, 11.79 W
1788685886.098145043,0 %, 2411 MHz, 43, 11.79 W
1788685886.198507463,0 %, 2411 MHz, 43, 11.79 W
1788685886.298942123,0 %, 2411 MHz, 43, 11.79 W
1788685886.399074784,0 %, 2411 MHz, 43, 11.79 W
1788685886.500034900,0 %, 2411 MHz, 43, 11.79 W
1788685886.600360664,0 %, 2411 MHz, 43, 11.79 W
1788685886.700498588,0 %, 2411 MHz, 43, 11.79 W
1788685886.801394881,0 %, 2411 MHz, 43, 11.79 W
1788685886.901679125,0 %, 2411 MHz, 43, 11.79 W
1788685887.002006873,0 %, 2411 MHz, 43, 11.79 W
1788685887.102308381,0 %, 2411 MHz, 43, 11.79 W
1788685887.201932065,0 %, 2411 MHz, 43, 11.80 W
1788685887.302660950,0 %, 2411 MHz, 43, 11.80 W
1788685887.402503370,0 %, 2411 MHz, 43, 11.80 W
1788685887.503052750,0 %, 2411 MHz, 43, 11.80 W
1788685887.603939954,0 %, 2411 MHz, 43, 11.80 W
1788685887.703353686,0 %, 2411 MHz, 43, 11.78 W
1788685887.804408923,0 %, 2411 MHz, 43, 11.78 W
1788685887.904760527,0 %, 2411 MHz, 43, 11.78 W
1788685888.005031155,0 %, 2411 MHz, 43, 11.78 W
1788685888.105898823,0 %, 2411 MHz, 43, 11.78 W
1788685888.205440299,0 %, 2411 MHz, 43, 11.76 W
1788685888.306328208,0 %, 2411 MHz, 43, 11.76 W
1788685888.405879332,0 %, 2411 MHz, 43, 11.76 W
1788685888.506672568,0 %, 2411 MHz, 43, 11.76 W
1788685888.606929884,0 %, 2411 MHz, 43, 11.76 W
1788685888.707170576,0 %, 2411 MHz, 43, 11.76 W
1788685888.806907924,0 %, 2411 MHz, 43, 11.76 W
1788685888.907812440,0 %, 2411 MHz, 43, 11.76 W
1788685889.007815997,0 %, 2411 MHz, 43, 11.76 W
1788685889.108841025,0 %, 2411 MHz, 43, 11.76 W
1788685889.209091541,0 %, 2411 MHz, 43, 11.78 W
1788685889.309451177,0 %, 2411 MHz, 43, 11.78 W
1788685889.409189389,0 %, 2411 MHz, 43, 11.78 W
1788685889.510550369,0 %, 2411 MHz, 43, 11.78 W
1788685889.610727573,0 %, 2411 MHz, 43, 11.78 W
1788685889.711012602,0 %, 2411 MHz, 43, 11.78 W
1788685889.810946622,0 %, 2411 MHz, 43, 11.78 W
1788685889.910806818,0 %, 2411 MHz, 43, 11.78 W
1788685890.011869014,0 %, 2411 MHz, 43, 11.78 W
1788685890.112661594,0 %, 2411 MHz, 43, 11.78 W
1788685890.212856606,0 %, 2411 MHz, 43, 11.77 W
1788685890.313466498,0 %, 2411 MHz, 43, 11.77 W
1788685890.413656502,0 %, 2411 MHz, 43, 11.77 W
1788685890.514311994,0 %, 2411 MHz, 43, 11.77 W
1788685890.614792958,0 %, 2411 MHz, 43, 11.77 W
1788685890.714870146,0 %, 2411 MHz, 43, 11.77 W
1788685890.815223015,0 %, 2411 MHz, 43, 11.77 W
1788685890.914811706,0 %, 2411 MHz, 43, 11.77 W
1788685891.015655727,0 %, 2411 MHz, 43, 11.77 W
1788685891.116502851,0 %, 2411 MHz, 43, 11.77 W
1788685891.216696007,0 %, 2411 MHz, 43, 11.77 W
1788685891.316854187,0 %, 2411 MHz, 43, 11.77 W
1788685891.417285775,0 %, 2411 MHz, 43, 11.77 W
1788685891.517661971,0 %, 2411 MHz, 43, 11.77 W
1788685891.618456567,0 %, 2411 MHz, 43, 11.77 W
1788685891.718643771,0 %, 2411 MHz, 43, 11.78 W
1788685891.818952495,0 %, 2411 MHz, 43, 11.78 W
1788685891.918374675,0 %, 2411 MHz, 43, 11.78 W
1788685892.019505415,0 %, 2411 MHz, 43, 11.78 W
1788685892.119852731,0 %, 2411 MHz, 43, 11.78 W
1788685892.220606831,0 %, 2411 MHz, 43, 11.77 W
1788685892.320713011,0 %, 2411 MHz, 43, 11.77 W
1788685892.421413431,0 %, 2411 MHz, 43, 11.77 W
1788685892.521606427,0 %, 2411 MHz, 43, 11.77 W
1788685892.622354943,0 %, 2411 MHz, 43, 11.77 W
1788685892.722781363,0 %, 2411 MHz, 43, 11.77 W
1788685892.823020855,0 %, 2411 MHz, 43, 11.77 W
1788685892.922555115,0 %, 2411 MHz, 43, 11.77 W
1788685893.023535935,0 %, 2411 MHz, 43, 11.77 W
1788685893.124260883,0 %, 2411 MHz, 43, 11.77 W
1788685893.224522087,0 %, 2411 MHz, 43, 11.77 W
1788685893.324883147,0 %, 2411 MHz, 43, 11.77 W
1788685893.425304767,0 %, 2411 MHz, 43, 11.77 W
1788685893.525456291,0 %, 2411 MHz, 43, 11.77 W
1788685893.626180135,0 %, 2411 MHz, 43, 11.77 W
1788685893.725553179,0 %, 2411 MHz, 43, 11.78 W
1788685893.825859135,0 %, 2411 MHz, 43, 11.78 W
1788685893.926046291,0 %, 2411 MHz, 43, 11.78 W
1788685894.026864231,0 %, 2411 MHz, 43, 11.78 W
1788685894.126891514,0 %, 2411 MHz, 43, 11.78 W
1788685894.227219214,0 %, 2411 MHz, 43, 11.84 W
1788685894.327081234,0 %, 2411 MHz, 43, 11.84 W
1788685894.427221158,0 %, 2411 MHz, 43, 11.84 W
1788685894.527279786,0 %, 2411 MHz, 43, 11.84 W
1788685894.627912110,0 %, 2411 MHz, 43, 11.84 W
1788685894.727834274,0 %, 2411 MHz, 43, 11.89 W
1788685894.828544982,0 %, 2411 MHz, 43, 11.89 W
1788685894.928309834,0 %, 2411 MHz, 43, 11.89 W
1788685895.028464973,0 %, 2411 MHz, 43, 11.89 W
1788685895.128529841,0 %, 2411 MHz, 43, 11.89 W
1788685895.229047989,0 %, 2411 MHz, 43, 11.87 W
1788685895.329202873,0 %, 2411 MHz, 43, 11.87 W
1788685895.428959741,0 %, 2411 MHz, 43, 11.87 W
1788685895.529377105,0 %, 2411 MHz, 43, 11.87 W
1788685895.629926101,0 %, 2411 MHz, 43, 11.87 W
1788685895.730412664,0 %, 2411 MHz, 43, 11.86 W
1788685895.830277452,0 %, 2411 MHz, 43, 11.86 W
1788685895.930210640,0 %, 2411 MHz, 43, 11.86 W
1788685896.030287556,0 %, 2411 MHz, 43, 11.86 W
1788685896.130976232,0 %, 2411 MHz, 43, 11.86 W
1788685896.231117259,0 %, 2411 MHz, 43, 11.87 W
1788685896.331339759,0 %, 2411 MHz, 43, 11.87 W
1788685896.431269283,0 %, 2411 MHz, 43, 11.87 W
1788685896.531413719,0 %, 2411 MHz, 43, 11.87 W
1788685896.632062619,0 %, 2411 MHz, 43, 11.87 W
1788685896.732999007,0 %, 2411 MHz, 44, 11.87 W
1788685896.833339523,0 %, 2411 MHz, 44, 11.87 W
1788685896.932951046,0 %, 2411 MHz, 44, 11.87 W
1788685897.033708762,0 %, 2411 MHz, 44, 11.87 W
1788685897.134106766,0 %, 2411 MHz, 44, 11.87 W
1788685897.234416354,0 %, 2411 MHz, 44, 11.83 W
1788685897.334604949,0 %, 2411 MHz, 44, 11.83 W
1788685897.435403385,0 %, 2411 MHz, 44, 11.83 W
1788685897.535613741,0 %, 2411 MHz, 44, 11.83 W
1788685897.636054913,0 %, 2411 MHz, 44, 11.83 W
1788685897.736331813,0 %, 2411 MHz, 44, 11.79 W
1788685897.837108697,0 %, 2411 MHz, 44, 11.79 W
1788685897.936357564,0 %, 2411 MHz, 44, 11.79 W
1788685898.037568272,0 %, 2411 MHz, 44, 11.79 W
1788685898.137902596,0 %, 2411 MHz, 44, 11.79 W
1788685898.238289608,0 %, 2411 MHz, 44, 11.78 W
1788685898.339010267,0 %, 2411 MHz, 44, 11.78 W
1788685898.439386159,0 %, 2411 MHz, 44, 11.78 W
1788685898.539645907,0 %, 2411 MHz, 44, 11.78 W
1788685898.640020983,0 %, 2411 MHz, 44, 11.78 W
1788685898.740651099,0 %, 2411 MHz, 43, 11.77 W
1788685898.840379086,0 %, 2411 MHz, 43, 11.77 W
1788685898.940531890,0 %, 2411 MHz, 43, 11.77 W
1788685899.041470326,0 %, 2411 MHz, 43, 11.77 W
1788685899.141245849,0 %, 2411 MHz, 43, 11.77 W
1788685899.241985085,0 %, 2411 MHz, 44, 11.79 W
1788685899.342120273,0 %, 2411 MHz, 44, 11.79 W
1788685899.442420805,0 %, 2411 MHz, 44, 11.79 W
1788685899.542793608,0 %, 2411 MHz, 44, 11.79 W
1788685899.643581228,0 %, 2411 MHz, 44, 11.79 W
1788685899.743912224,0 %, 2411 MHz, 43, 11.79 W
1788685899.844256563,0 %, 2411 MHz, 43, 11.79 W
1788685899.943989863,0 %, 2411 MHz, 43, 11.79 W
1788685900.044595291,0 %, 2411 MHz, 43, 11.79 W
1788685900.145473951,0 %, 2411 MHz, 43, 11.79 W
1788685900.245469506,0 %, 2411 MHz, 43, 11.79 W
1788685900.345721094,0 %, 2411 MHz, 43, 11.79 W
1788685900.446136778,0 %, 2411 MHz, 43, 11.79 W
1788685900.546024413,0 %, 2411 MHz, 43, 11.79 W
1788685900.645814241,0 %, 2411 MHz, 43, 11.79 W
1788685900.746761973,0 %, 2411 MHz, 43, 11.81 W
1788685900.846533512,0 %, 2411 MHz, 43, 11.81 W
1788685900.946934956,0 %, 2411 MHz, 43, 11.81 W
1788685901.047431631,0 %, 2411 MHz, 43, 11.81 W
1788685901.148000579,0 %, 2411 MHz, 43, 11.81 W
1788685901.248534519,0 %, 2411 MHz, 43, 11.80 W
1788685901.348663050,0 %, 2411 MHz, 43, 11.80 W
1788685901.449025934,0 %, 2411 MHz, 43, 11.80 W
1788685901.549340978,0 %, 2411 MHz, 43, 11.80 W
1788685901.649604981,0 %, 2411 MHz, 43, 11.80 W
1788685901.749899593,0 %, 2411 MHz, 43, 11.77 W
1788685901.850737277,0 %, 2411 MHz, 43, 11.77 W
1788685901.949970720,0 %, 2411 MHz, 43, 11.77 W
1788685902.050955652,0 %, 2411 MHz, 43, 11.77 W
1788685902.151426439,0 %, 2411 MHz, 43, 11.77 W
1788685902.251694779,0 %, 2411 MHz, 43, 11.77 W
1788685902.352566447,0 %, 2411 MHz, 43, 11.77 W
1788685902.452756178,0 %, 2411 MHz, 43, 11.77 W
1788685902.552731974,0 %, 2411 MHz, 43, 11.77 W
1788685902.652945945,0 %, 2411 MHz, 43, 11.77 W
1788685902.753524173,0 %, 2411 MHz, 43, 11.78 W
1788685902.853570673,0 %, 2411 MHz, 43, 11.78 W
1788685902.953355060,0 %, 2411 MHz, 43, 11.78 W
1788685903.054629080,0 %, 2411 MHz, 43, 11.78 W
1788685903.155113419,0 %, 2411 MHz, 43, 11.78 W
1788685903.255436239,0 %, 2411 MHz, 43, 11.78 W
1788685903.355361810,0 %, 2411 MHz, 43, 11.78 W
1788685903.455951094,0 %, 2411 MHz, 43, 11.78 W
1788685903.556636858,0 %, 2411 MHz, 43, 11.78 W
1788685903.657054541,0 %, 2411 MHz, 43, 11.78 W
1788685903.756645025,0 %, 2411 MHz, 43, 11.77 W
1788685903.857634660,0 %, 2411 MHz, 43, 11.77 W
1788685903.956872232,0 %, 2411 MHz, 43, 11.77 W
1788685904.057962411,0 %, 2411 MHz, 43, 11.77 W
1788685904.158954335,0 %, 2411 MHz, 43, 11.77 W
1788685904.258879650,0 %, 2411 MHz, 43, 11.78 W
1788685904.359432070,0 %, 2411 MHz, 43, 11.78 W
1788685904.459718569,0 %, 2411 MHz, 43, 11.78 W
1788685904.560024125,0 %, 2411 MHz, 43, 11.78 W
1788685904.660333376,0 %, 2411 MHz, 43, 11.78 W
1788685904.761122212,0 %, 2411 MHz, 43, 11.79 W
1788685904.860586199,0 %, 2411 MHz, 43, 11.79 W
1788685904.960557883,0 %, 2411 MHz, 43, 11.79 W
1788685905.061123022,0 %, 2411 MHz, 43, 11.79 W
1788685905.161807330,0 %, 2411 MHz, 43, 11.79 W
1788685905.262119109,0 %, 2411 MHz, 43, 11.78 W
1788685905.362068201,0 %, 2411 MHz, 43, 11.78 W
1788685905.462029100,0 %, 2411 MHz, 43, 11.78 W
1788685905.562893696,0 %, 2411 MHz, 43, 11.78 W
1788685905.663669171,0 %, 2411 MHz, 43, 11.78 W
1788685905.763344999,0 %, 2411 MHz, 43, 11.79 W
1788685905.863584634,0 %, 2411 MHz, 43, 11.79 W
1788685905.963416046,0 %, 2411 MHz, 43, 11.79 W
1788685906.064719553,0 %, 2411 MHz, 43, 11.79 W
1788685906.164662117,0 %, 2411 MHz, 43, 11.79 W
1788685906.265134696,0 %, 2411 MHz, 43, 11.77 W
1788685906.365136219,0 %, 2411 MHz, 43, 11.77 W
1788685906.465915039,0 %, 2411 MHz, 43, 11.77 W
1788685906.566641490,0 %, 2411 MHz, 43, 11.77 W
1788685906.666659398,0 %, 2411 MHz, 43, 11.77 W
1788685906.767117401,0 %, 2411 MHz, 43, 11.76 W
1788685906.867374765,0 %, 2411 MHz, 43, 11.76 W
1788685906.967339280,0 %, 2411 MHz, 43, 11.76 W
1788685907.068413684,0 %, 2411 MHz, 43, 11.76 W
1788685907.168630903,0 %, 2411 MHz, 43, 11.76 W
1788685907.269074058,0 %, 2411 MHz, 43, 11.76 W
1788685907.369093598,0 %, 2411 MHz, 43, 11.76 W
1788685907.468840833,0 %, 2411 MHz, 43, 11.76 W
1788685907.569543732,0 %, 2411 MHz, 43, 11.76 W
1788685907.669548728,0 %, 2411 MHz, 43, 11.76 W
1788685907.770076379,0 %, 2411 MHz, 43, 11.78 W
1788685907.869720223,0 %, 2411 MHz, 43, 11.78 W
1788685907.970217682,0 %, 2411 MHz, 43, 11.78 W
1788685908.070578069,0 %, 2411 MHz, 43, 11.78 W
1788685908.171295449,0 %, 2411 MHz, 43, 11.78 W
1788685908.271581532,0 %, 2411 MHz, 43, 11.78 W
1788685908.371275103,0 %, 2411 MHz, 43, 11.78 W
1788685908.472015539,0 %, 2411 MHz, 43, 11.78 W
1788685908.572219654,0 %, 2411 MHz, 43, 11.78 W
1788685908.672826938,0 %, 2411 MHz, 43, 11.78 W
1788685908.773470477,0 %, 2411 MHz, 43, 11.76 W
1788685908.872667232,0 %, 2411 MHz, 43, 11.76 W
1788685908.973177171,0 %, 2411 MHz, 43, 11.76 W
1788685909.074165559,0 %, 2411 MHz, 43, 11.76 W
1788685909.174303178,0 %, 2411 MHz, 43, 11.76 W
1788685909.274693726,0 %, 2411 MHz, 43, 11.78 W
1788685909.374777553,0 %, 2411 MHz, 43, 11.78 W
1788685909.475158612,0 %, 2411 MHz, 43, 11.78 W
1788685909.575957192,0 %, 2411 MHz, 43, 11.78 W
1788685909.676281723,0 %, 2411 MHz, 43, 11.78 W
1788685909.776613006,0 %, 2411 MHz, 43, 11.77 W
1788685909.876940034,0 %, 2411 MHz, 43, 11.77 W
1788685909.976545397,0 %, 2411 MHz, 43, 11.77 W
1788685910.077204296,0 %, 2411 MHz, 43, 11.77 W
1788685910.177284443,0 %, 2411 MHz, 43, 11.77 W
1788685910.278158591,0 %, 2411 MHz, 43, 11.76 W
1788685910.378789458,0 %, 2411 MHz, 43, 11.76 W
1788685910.478950997,0 %, 2411 MHz, 43, 11.76 W
1788685910.579305865,0 %, 2411 MHz, 43, 11.76 W
1788685910.679570172,0 %, 2411 MHz, 43, 11.76 W
1788685910.779759295,0 %, 2411 MHz, 43, 11.76 W
1788685910.880313634,0 %, 2411 MHz, 43, 11.76 W
1788685910.980220742,0 %, 2411 MHz, 43, 11.76 W
1788685911.080866153,0 %, 2411 MHz, 43, 11.76 W
1788685911.180947436,0 %, 2411 MHz, 43, 11.76 W
1788685911.280647711,0 %, 2411 MHz, 43, 11.76 W
1788685911.381263763,0 %, 2411 MHz, 43, 11.76 W
1788685911.481887590,0 %, 2411 MHz, 43, 11.76 W
1788685911.582173017,0 %, 2411 MHz, 43, 11.76 W
1788685911.682130284,0 %, 2411 MHz, 43, 11.76 W
1788685911.783329680,0 %, 2411 MHz, 43, 11.77 W
1788685911.883111907,0 %, 2411 MHz, 43, 11.77 W
1788685911.983189910,0 %, 2411 MHz, 43, 11.77 W
1788685912.084137433,0 %, 2411 MHz, 43, 11.77 W
1788685912.184827565,0 %, 2411 MHz, 43, 11.77 W
1788685912.285191952,0 %, 2411 MHz, 43, 11.77 W
1788685912.385561555,0 %, 2411 MHz, 43, 11.77 W
1788685912.485647494,0 %, 2411 MHz, 43, 11.77 W
1788685912.585997097,0 %, 2411 MHz, 43, 11.77 W
1788685912.686276605,0 %, 2411 MHz, 43, 11.77 W
1788685912.786961200,0 %, 2411 MHz, 43, 11.75 W
1788685912.887338691,0 %, 2411 MHz, 43, 11.75 W
1788685912.986704950,0 %, 2411 MHz, 43, 11.75 W
1788685913.087621465,0 %, 2411 MHz, 43, 11.75 W
1788685913.187807676,0 %, 2411 MHz, 43, 11.75 W
1788685913.288125104,0 %, 2411 MHz, 43, 11.74 W
1788685913.388528099,0 %, 2411 MHz, 43, 11.74 W
1788685913.489314070,0 %, 2411 MHz, 43, 11.74 W
1788685913.589508537,0 %, 2411 MHz, 43, 11.74 W
1788685913.689903356,0 %, 2411 MHz, 43, 11.74 W
1788685913.789796703,0 %, 2411 MHz, 43, 11.74 W
1788685913.890450259,0 %, 2411 MHz, 43, 11.74 W
1788685913.989929654,0 %, 2411 MHz, 43, 11.74 W
1788685914.090875705,0 %, 2411 MHz, 43, 11.74 W
1788685914.190929612,0 %, 2411 MHz, 43, 11.74 W
1788685914.291734255,0 %, 2411 MHz, 43, 11.76 W
1788685914.391449362,0 %, 2411 MHz, 43, 11.76 W
1788685914.492302613,0 %, 2411 MHz, 43, 11.76 W
1788685914.592699401,0 %, 2411 MHz, 43, 11.76 W
1788685914.693028604,0 %, 2411 MHz, 43, 11.76 W
1788685914.793790079,0 %, 2411 MHz, 43, 11.76 W
1788685914.893165218,0 %, 2411 MHz, 43, 11.76 W
1788685914.993431845,0 %, 2411 MHz, 43, 11.76 W
1788685915.094505288,0 %, 2411 MHz, 43, 11.76 W
1788685915.194820539,0 %, 2411 MHz, 43, 11.76 W
1788685915.295151006,0 %, 2411 MHz, 43, 11.75 W
1788685915.395311201,0 %, 2411 MHz, 43, 11.75 W
1788685915.495752533,0 %, 2411 MHz, 43, 11.75 W
1788685915.596448376,0 %, 2411 MHz, 43, 11.75 W
1788685915.696825179,0 %, 2411 MHz, 43, 11.75 W
1788685915.796754974,0 %, 2411 MHz, 43, 11.75 W
1788685915.897763665,0 %, 2411 MHz, 43, 11.75 W
1788685915.997290452,0 %, 2411 MHz, 43, 11.75 W
1788685916.098330775,0 %, 2411 MHz, 43, 11.75 W
1788685916.198688010,0 %, 2411 MHz, 43, 11.75 W
1788685916.299540317,0 %, 2411 MHz, 43, 11.75 W
1788685916.399972704,0 %, 2411 MHz, 43, 11.75 W
1788685916.500088675,0 %, 2411 MHz, 43, 11.75 W
1788685916.600421975,0 %, 2411 MHz, 43, 11.75 W
1788685916.700697850,0 %, 2411 MHz, 43, 11.74 W
1788685916.801543981,0 %, 2411 MHz, 43, 11.74 W
1788685916.901694080,0 %, 2411 MHz, 43, 11.74 W
1788685917.001152643,0 %, 2411 MHz, 43, 11.74 W
1788685917.102212886,0 %, 2411 MHz, 43, 11.74 W
1788685917.202448505,0 %, 2411 MHz, 43, 11.74 W
1788685917.302804732,0 %, 2411 MHz, 43, 11.74 W
1788685917.403088703,0 %, 2411 MHz, 43, 11.74 W
1788685917.503973474,0 %, 2411 MHz, 43, 11.74 W
1788685917.604238165,0 %, 2411 MHz, 43, 11.74 W
1788685917.704524456,0 %, 2411 MHz, 43, 11.74 W
1788685917.804901515,0 %, 2411 MHz, 43, 11.74 W
1788685917.905454062,0 %, 2411 MHz, 43, 11.74 W
1788685918.004914225,0 %, 2411 MHz, 43, 11.74 W
1788685918.106028468,0 %, 2411 MHz, 43, 11.74 W
1788685918.206398215,0 %, 2411 MHz, 43, 11.74 W
1788685918.306632746,0 %, 2411 MHz, 43, 11.74 W
1788685918.407511069,0 %, 2411 MHz, 43, 11.74 W
1788685918.507701328,0 %, 2411 MHz, 43, 11.74 W
1788685918.608026819,0 %, 2411 MHz, 43, 11.74 W
1788685918.707781750,0 %, 2411 MHz, 43, 11.74 W
1788685918.808267881,0 %, 2411 MHz, 43, 11.74 W
1788685918.907581051,0 %, 2411 MHz, 43, 11.74 W
1788685919.007688862,0 %, 2411 MHz, 43, 11.74 W
1788685919.108112065,0 %, 2411 MHz, 43, 11.74 W
1788685919.209125428,0 %, 2411 MHz, 43, 11.77 W
1788685919.309376519,0 %, 2411 MHz, 43, 11.77 W
1788685919.409653210,0 %, 2411 MHz, 43, 11.77 W
1788685919.510040957,0 %, 2411 MHz, 43, 11.77 W
1788685919.610519632,0 %, 2411 MHz, 43, 11.77 W
1788685919.711026579,0 %, 2411 MHz, 43, 11.77 W
1788685919.811117110,0 %, 2411 MHz, 43, 11.77 W
1788685919.911396569,0 %, 2411 MHz, 43, 11.77 W
1788685920.011293132,0 %, 2411 MHz, 43, 11.77 W
1788685920.112017151,0 %, 2411 MHz, 43, 11.77 W
1788685920.212374546,3 %, 2411 MHz, 43, 11.76 W
1788685920.312790661,3 %, 2411 MHz, 43, 11.76 W
1788685920.412814887,3 %, 2411 MHz, 43, 11.76 W
1788685920.513668986,3 %, 2411 MHz, 43, 11.76 W
1788685920.613902461,3 %, 2411 MHz, 43, 11.76 W
1788685920.714795072,3 %, 2411 MHz, 43, 11.77 W
1788685920.815109155,3 %, 2411 MHz, 43, 11.77 W
1788685920.915237622,3 %, 2411 MHz, 43, 11.77 W
1788685921.014984233,3 %, 2411 MHz, 43, 11.77 W
1788685921.115978764,3 %, 2411 MHz, 43, 11.77 W
1788685921.216206911,0 %, 2411 MHz, 43, 11.77 W
1788685921.316988050,0 %, 2411 MHz, 43, 11.77 W
1788685921.416594900,0 %, 2411 MHz, 43, 11.77 W
1788685921.517244807,0 %, 2411 MHz, 43, 11.77 W
1788685921.617821994,0 %, 2411 MHz, 43, 11.77 W
1788685921.718165597,0 %, 2411 MHz, 43, 11.76 W
1788685921.818906320,0 %, 2411 MHz, 43, 11.76 W
1788685921.919215891,0 %, 2411 MHz, 43, 11.76 W
1788685922.018966182,0 %, 2411 MHz, 43, 11.76 W
1788685922.120436537,0 %, 2411 MHz, 43, 11.76 W
1788685922.220090395,0 %, 2411 MHz, 43, 11.75 W
1788685922.320887838,0 %, 2411 MHz, 43, 11.75 W
1788685922.420931985,0 %, 2411 MHz, 43, 11.75 W
1788685922.521666676,0 %, 2411 MHz, 43, 11.75 W
1788685922.622449383,0 %, 2411 MHz, 43, 11.75 W
1788685922.722567738,0 %, 2411 MHz, 43, 11.74 W
1788685922.823126044,0 %, 2411 MHz, 43, 11.74 W
1788685922.923925711,0 %, 2411 MHz, 43, 11.74 W
1788685923.023220162,0 %, 2411 MHz, 43, 11.74 W
1788685923.123494421,0 %, 2411 MHz, 43, 11.74 W
1788685923.224510200,0 %, 2411 MHz, 43, 11.75 W
1788685923.324800378,0 %, 2411 MHz, 43, 11.75 W
1788685923.425209229,0 %, 2411 MHz, 43, 11.75 W
1788685923.525520384,0 %, 2411 MHz, 43, 11.75 W
1788685923.626279075,0 %, 2411 MHz, 43, 11.75 W
1788685923.726531942,0 %, 2411 MHz, 43, 11.75 W
1788685923.826497960,0 %, 2411 MHz, 43, 11.75 W
1788685923.927331339,0 %, 2411 MHz, 43, 11.75 W
1788685924.026860174,0 %, 2411 MHz, 43, 11.75 W
1788685924.128174625,0 %, 2411 MHz, 43, 11.75 W
1788685924.228494179,0 %, 2411 MHz, 43, 11.77 W
1788685924.328817206,0 %, 2411 MHz, 43, 11.77 W
1788685924.429152649,0 %, 2411 MHz, 43, 11.77 W
1788685924.529903452,0 %, 2411 MHz, 43, 11.77 W
1788685924.629919695,0 %, 2411 MHz, 43, 11.77 W
1788685924.730239521,0 %, 2411 MHz, 43, 11.77 W
1788685924.830846036,0 %, 2411 MHz, 43, 11.77 W
1788685924.931208983,0 %, 2411 MHz, 43, 11.77 W
1788685925.031129097,0 %, 2411 MHz, 43, 11.77 W
1788685925.131546924,0 %, 2411 MHz, 43, 11.77 W
1788685925.232289839,0 %, 2411 MHz, 43, 11.76 W
1788685925.332548178,0 %, 2411 MHz, 43, 11.76 W
1788685925.432732628,0 %, 2411 MHz, 43, 11.76 W
1788685925.532864311,0 %, 2411 MHz, 43, 11.76 W
1788685925.633455866,0 %, 2411 MHz, 43, 11.76 W
1788685925.734183389,0 %, 2411 MHz, 43, 11.77 W
1788685925.834488367,0 %, 2411 MHz, 43, 11.77 W
1788685925.934633954,0 %, 2411 MHz, 43, 11.77 W
1788685926.034105348,0 %, 2411 MHz, 43, 11.77 W
1788685926.134884007,0 %, 2411 MHz, 43, 11.77 W
1788685926.235321850,0 %, 2411 MHz, 43, 11.77 W
1788685926.335240076,0 %, 2411 MHz, 43, 11.77 W
1788685926.435418175,0 %, 2411 MHz, 43, 11.77 W
1788685926.535880258,0 %, 2411 MHz, 43, 11.77 W
1788685926.636353365,0 %, 2411 MHz, 43, 11.77 W
1788685926.737108919,0 %, 2411 MHz, 43, 11.76 W
1788685926.837195546,0 %, 2411 MHz, 43, 11.76 W
1788685926.937814221,0 %, 2411 MHz, 43, 11.76 W
1788685927.037674559,0 %, 2411 MHz, 43, 11.76 W
1788685927.137941058,0 %, 2411 MHz, 43, 11.76 W
1788685927.238315668,0 %, 2411 MHz, 43, 11.74 W
1788685927.339402983,0 %, 2411 MHz, 43, 11.74 W
1788685927.438978762,0 %, 2411 MHz, 43, 11.74 W
1788685927.539952076,0 %, 2411 MHz, 43, 11.74 W
1788685927.640214383,0 %, 2411 MHz, 43, 11.74 W
1788685927.740377394,0 %, 2411 MHz, 43, 11.74 W
1788685927.841159476,0 %, 2411 MHz, 43, 11.74 W
1788685927.941284343,0 %, 2411 MHz, 43, 11.74 W
1788685928.041148170,0 %, 2411 MHz, 43, 11.74 W
1788685928.142315452,0 %, 2411 MHz, 43, 11.74 W
1788685928.242888831,0 %, 2411 MHz, 43, 11.74 W
1788685928.343230753,0 %, 2411 MHz, 43, 11.74 W
1788685928.443663396,0 %, 2411 MHz, 43, 11.74 W
1788685928.543882711,0 %, 2411 MHz, 43, 11.74 W
1788685928.644669865,0 %, 2411 MHz, 43, 11.74 W
1788685928.744951644,0 %, 2411 MHz, 43, 11.73 W
1788685928.845274319,0 %, 2411 MHz, 43, 11.73 W
1788685928.945099233,0 %, 2411 MHz, 43, 11.73 W
1788685929.045328868,0 %, 2411 MHz, 43, 11.73 W
1788685929.146576774,0 %, 2411 MHz, 43, 11.73 W
1788685929.246802505,0 %, 2411 MHz, 43, 11.74 W
1788685929.347097147,0 %, 2411 MHz, 43, 11.74 W
1788685929.447508174,0 %, 2411 MHz, 43, 11.74 W
1788685929.547794193,0 %, 2411 MHz, 43, 11.74 W
1788685929.648543235,0 %, 2411 MHz, 43, 11.74 W
1788685929.748746566,0 %, 2411 MHz, 43, 11.75 W
1788685929.849064600,0 %, 2411 MHz, 43, 11.75 W
1788685929.949597051,0 %, 2411 MHz, 43, 11.75 W
1788685930.049287389,0 %, 2411 MHz, 43, 11.75 W
1788685930.149914304,0 %, 2411 MHz, 43, 11.75 W
1788685930.250622146,0 %, 2411 MHz, 43, 11.73 W
1788685930.350409253,0 %, 2411 MHz, 43, 11.73 W
1788685930.451154951,0 %, 2411 MHz, 43, 11.73 W
1788685930.551318938,0 %, 2411 MHz, 43, 11.73 W
1788685930.651339740,0 %, 2411 MHz, 43, 11.73 W
1788685930.751369599,0 %, 2411 MHz, 43, 11.75 W
1788685930.852042369,0 %, 2411 MHz, 43, 11.75 W
1788685930.952385364,0 %, 2411 MHz, 43, 11.75 W
1788685931.052435910,0 %, 2411 MHz, 43, 11.75 W
1788685931.153186969,0 %, 2411 MHz, 43, 11.75 W
1788685931.253861052,0 %, 2411 MHz, 43, 11.75 W
1788685931.354155486,0 %, 2411 MHz, 43, 11.75 W
1788685931.454375920,0 %, 2411 MHz, 43, 11.75 W
1788685931.554721763,0 %, 2411 MHz, 43, 11.75 W
1788685931.655275029,0 %, 2411 MHz, 43, 11.75 W
1788685931.755554040,0 %, 2411 MHz, 43, 11.73 W
1788685931.855850778,0 %, 2411 MHz, 43, 11.73 W
1788685931.955322237,0 %, 2411 MHz, 43, 11.73 W
1788685932.055806431,0 %, 2411 MHz, 43, 11.73 W
1788685932.156527362,0 %, 2411 MHz, 43, 11.73 W
1788685932.256401588,0 %, 2411 MHz, 43, 11.75 W
1788685932.356230150,0 %, 2411 MHz, 43, 11.75 W
1788685932.457273049,0 %, 2411 MHz, 43, 11.75 W
1788685932.557995596,0 %, 2411 MHz, 43, 11.75 W
1788685932.658326094,0 %, 2411 MHz, 43, 11.75 W
1788685932.758271024,0 %, 2411 MHz, 43, 11.76 W
1788685932.858858627,0 %, 2411 MHz, 43, 11.76 W
1788685932.959295893,0 %, 2411 MHz, 43, 11.76 W
1788685933.059137336,0 %, 2411 MHz, 43, 11.76 W
1788685933.160281210,0 %, 2411 MHz, 43, 11.76 W
1788685933.260607917,0 %, 2411 MHz, 43, 11.74 W
1788685933.360926383,0 %, 2411 MHz, 43, 11.74 W
1788685933.461637730,0 %, 2411 MHz, 43, 11.74 W
1788685933.561909316,0 %, 2411 MHz, 43, 11.74 W
1788685933.661853142,0 %, 2411 MHz, 43, 11.74 W
1788685933.762355209,0 %, 2411 MHz, 43, 11.73 W
1788685933.862022731,0 %, 2411 MHz, 43, 11.73 W
1788685933.962810430,0 %, 2411 MHz, 43, 11.73 W
1788685934.062532224,0 %, 2411 MHz, 43, 11.73 W
1788685934.163766418,0 %, 2411 MHz, 43, 11.73 W
1788685934.264205061,0 %, 2411 MHz, 43, 11.74 W
1788685934.364193175,0 %, 2411 MHz, 43, 11.74 W
1788685934.464875177,0 %, 2411 MHz, 43, 11.74 W
1788685934.565196124,0 %, 2411 MHz, 43, 11.74 W
1788685934.665369726,0 %, 2411 MHz, 43, 11.74 W
1788685934.765768641,0 %, 2411 MHz, 43, 11.75 W
1788685934.866207907,0 %, 2411 MHz, 43, 11.75 W
1788685934.966829813,0 %, 2411 MHz, 43, 11.75 W
1788685935.066686744,0 %, 2411 MHz, 43, 11.75 W
1788685935.167864714,0 %, 2411 MHz, 43, 11.75 W
1788685935.268420764,0 %, 2411 MHz, 43, 11.74 W
1788685935.368546351,0 %, 2411 MHz, 43, 11.74 W
1788685935.468875089,0 %, 2411 MHz, 43, 11.74 W
1788685935.569619076,0 %, 2411 MHz, 43, 11.74 W
1788685935.669950998,0 %, 2411 MHz, 43, 11.74 W
1788685935.770274776,0 %, 2411 MHz, 43, 11.72 W
1788685935.870496234,0 %, 2411 MHz, 43, 11.72 W
1788685935.970868285,0 %, 2411 MHz, 43, 11.72 W
1788685936.070380367,0 %, 2411 MHz, 43, 11.72 W
1788685936.171331521,0 %, 2411 MHz, 43, 11.72 W
1788685936.271157396,0 %, 2411 MHz, 43, 11.71 W
1788685936.372157494,0 %, 2411 MHz, 43, 11.71 W
1788685936.472462264,0 %, 2411 MHz, 43, 11.71 W
1788685936.572794379,0 %, 2411 MHz, 43, 11.71 W
1788685936.673121021,0 %, 2411 MHz, 43, 11.71 W
1788685936.773311919,0 %, 2411 MHz, 43, 11.72 W
1788685936.874087970,0 %, 2411 MHz, 43, 11.72 W
1788685936.974575444,0 %, 2411 MHz, 43, 11.72 W
1788685937.074212054,0 %, 2411 MHz, 43, 11.72 W
1788685937.175076456,0 %, 2411 MHz, 43, 11.72 W
1788685937.275278843,0 %, 2411 MHz, 43, 11.73 W
1788685937.376022605,0 %, 2411 MHz, 43, 11.73 W
1788685937.476369279,0 %, 2411 MHz, 43, 11.73 W
1788685937.576436145,0 %, 2411 MHz, 43, 11.73 W
1788685937.676863764,0 %, 2411 MHz, 43, 11.73 W
1788685937.776777638,0 %, 2411 MHz, 43, 11.72 W
1788685937.877338840,0 %, 2411 MHz, 43, 11.72 W
1788685937.977901067,0 %, 2411 MHz, 43, 11.72 W
1788685938.077642493,0 %, 2411 MHz, 43, 11.72 W
1788685938.178744495,0 %, 2411 MHz, 43, 11.72 W
1788685938.278979137,0 %, 2411 MHz, 43, 11.73 W
1788685938.379281283,0 %, 2411 MHz, 43, 11.73 W
1788685938.479678790,0 %, 2411 MHz, 43, 11.73 W
1788685938.580251208,0 %, 2411 MHz, 43, 11.73 W
1788685938.680231946,0 %, 2411 MHz, 43, 11.73 W
1788685938.780868732,0 %, 2411 MHz, 43, 11.74 W
1788685938.881729871,0 %, 2411 MHz, 43, 11.74 W
1788685938.981412225,0 %, 2411 MHz, 43, 11.74 W
1788685939.081273395,0 %, 2411 MHz, 43, 11.74 W
1788685939.182450629,0 %, 2411 MHz, 43, 11.74 W
1788685939.282641527,0 %, 2411 MHz, 43, 11.75 W
1788685939.382949434,0 %, 2411 MHz, 43, 11.75 W
1788685939.483379180,0 %, 2411 MHz, 43, 11.75 W
1788685939.583473854,0 %, 2411 MHz, 43, 11.75 W
1788685939.684272560,0 %, 2411 MHz, 43, 11.75 W
1788685939.784624898,0 %, 2411 MHz, 43, 11.76 W
1788685939.884962901,0 %, 2411 MHz, 43, 11.76 W
1788685939.985411271,0 %, 2411 MHz, 43, 11.76 W
1788685940.085254249,0 %, 2411 MHz, 43, 11.76 W
1788685940.186230171,0 %, 2411 MHz, 43, 11.76 W
1788685940.286579469,0 %, 2411 MHz, 43, 11.75 W
1788685940.386832975,0 %, 2411 MHz, 43, 11.75 W
1788685940.487253586,0 %, 2411 MHz, 43, 11.75 W
1788685940.587916420,0 %, 2411 MHz, 43, 11.75 W
1788685940.688301414,0 %, 2411 MHz, 43, 11.75 W
1788685940.788657992,0 %, 2411 MHz, 43, 11.76 W
1788685940.889373626,0 %, 2411 MHz, 43, 11.76 W
1788685940.989784381,0 %, 2411 MHz, 43, 11.76 W
1788685941.089432767,0 %, 2411 MHz, 43, 11.76 W
1788685941.190583121,0 %, 2411 MHz, 43, 11.76 W
1788685941.291297923,0 %, 2411 MHz, 43, 11.76 W
1788685941.391550805,0 %, 2411 MHz, 43, 11.76 W
1788685941.491766519,0 %, 2411 MHz, 43, 11.76 W
1788685941.592069721,0 %, 2411 MHz, 43, 11.76 W
1788685941.692422635,0 %, 2411 MHz, 43, 11.76 W
1788685941.793198878,0 %, 2411 MHz, 43, 11.74 W
1788685941.893321712,0 %, 2411 MHz, 43, 11.74 W
1788685941.993893570,0 %, 2411 MHz, 43, 11.74 W
1788685942.093680148,0 %, 2411 MHz, 43, 11.74 W
1788685942.193844934,0 %, 2411 MHz, 43, 11.74 W
1788685942.295153112,0 %, 2411 MHz, 43, 11.73 W
1788685942.394554954,0 %, 2411 MHz, 43, 11.73 W
1788685942.495016316,0 %, 2411 MHz, 43, 11.73 W
1788685942.594761134,0 %, 2411 MHz, 43, 11.73 W
1788685942.695205248,0 %, 2411 MHz, 43, 11.73 W
1788685942.795797058,0 %, 2411 MHz, 43, 11.76 W
1788685942.896182276,0 %, 2411 MHz, 43, 11.76 W
1788685942.996858887,0 %, 2411 MHz, 43, 11.76 W
1788685943.095954456,0 %, 2411 MHz, 43, 11.76 W
1788685943.196831403,0 %, 2411 MHz, 43, 11.76 W
1788685943.297237645,0 %, 2411 MHz, 43, 11.76 W
1788685943.397600911,0 %, 2411 MHz, 43, 11.76 W
1788685943.497915329,0 %, 2411 MHz, 43, 11.76 W
1788685943.598646083,0 %, 2411 MHz, 43, 11.76 W
1788685943.698962357,0 %, 2411 MHz, 43, 11.76 W
1788685943.799320039,0 %, 2411 MHz, 43, 11.73 W
1788685943.898899097,0 %, 2411 MHz, 43, 11.73 W
1788685943.999785675,0 %, 2411 MHz, 43, 11.73 W
1788685944.099768317,0 %, 2411 MHz, 43, 11.73 W
1788685944.200817087,0 %, 2411 MHz, 43, 11.74 W
1788685944.301368145,0 %, 2411 MHz, 43, 11.74 W
1788685944.401376211,0 %, 2411 MHz, 43, 11.74 W
1788685944.501464277,0 %, 2411 MHz, 43, 11.74 W
1788685944.601639383,0 %, 2411 MHz, 43, 11.74 W
1788685944.702190633,0 %, 2411 MHz, 43, 11.74 W
1788685944.802723739,0 %, 2411 MHz, 43, 11.74 W
1788685944.903113149,0 %, 2411 MHz, 43, 11.74 W
1788685945.003421487,0 %, 2411 MHz, 43, 11.74 W
1788685945.103344705,0 %, 2411 MHz, 43, 11.74 W
1788685945.204509011,0 %, 2411 MHz, 43, 11.72 W
1788685945.304240421,0 %, 2411 MHz, 43, 11.72 W
1788685945.404455255,0 %, 2411 MHz, 43, 11.72 W
1788685945.504666969,0 %, 2411 MHz, 43, 11.72 W
1788685945.605430971,0 %, 2411 MHz, 43, 11.72 W
1788685945.705684541,0 %, 2411 MHz, 43, 11.72 W
1788685945.806030607,0 %, 2411 MHz, 43, 11.72 W
1788685945.906382929,0 %, 2411 MHz, 43, 11.72 W
1788685946.007312867,0 %, 2411 MHz, 43, 11.72 W
1788685946.106713893,0 %, 2411 MHz, 43, 11.72 W
1788685946.207256359,0 %, 2411 MHz, 43, 11.73 W
1788685946.308133993,0 %, 2411 MHz, 43, 11.73 W
1788685946.407889386,0 %, 2411 MHz, 43, 11.73 W
1788685946.508639996,0 %, 2411 MHz, 43, 11.73 W
1788685946.609208238,0 %, 2411 MHz, 43, 11.73 W
1788685946.709592704,0 %, 2411 MHz, 43, 11.74 W
1788685946.809906050,0 %, 2411 MHz, 43, 11.74 W
1788685946.910367732,0 %, 2411 MHz, 43, 11.74 W
1788685947.010986518,0 %, 2411 MHz, 43, 11.74 W
1788685947.110558360,0 %, 2411 MHz, 43, 11.74 W
1788685947.211646266,0 %, 2411 MHz, 43, 11.75 W
1788685947.312001628,0 %, 2411 MHz, 43, 11.75 W
1788685947.411648238,0 %, 2411 MHz, 43, 11.75 W
1788685947.512434688,0 %, 2411 MHz, 43, 11.75 W
1788685947.613114946,0 %, 2411 MHz, 43, 11.75 W
1788685947.712677331,0 %, 2411 MHz, 43, 11.76 W
1788685947.813561461,0 %, 2411 MHz, 43, 11.76 W
1788685947.913933191,0 %, 2411 MHz, 43, 11.76 W
1788685948.014297625,0 %, 2411 MHz, 43, 11.76 W
1788685948.114925291,0 %, 2411 MHz, 43, 11.76 W
1788685948.214468029,0 %, 2411 MHz, 43, 11.77 W
1788685948.315526415,0 %, 2411 MHz, 43, 11.77 W
1788685948.414868000,0 %, 2411 MHz, 43, 11.77 W
1788685948.515376354,0 %, 2411 MHz, 43, 11.77 W
1788685948.616053588,0 %, 2411 MHz, 43, 11.77 W
1788685948.716343606,0 %, 2411 MHz, 43, 11.76 W
1788685948.816192168,0 %, 2411 MHz, 43, 11.76 W
1788685948.917006138,0 %, 2411 MHz, 43, 11.76 W
1788685949.016629852,0 %, 2411 MHz, 43, 11.76 W
1788685949.116972397,0 %, 2411 MHz, 43, 11.76 W
1788685949.218146799,0 %, 2411 MHz, 43, 11.75 W
1788685949.318461681,0 %, 2411 MHz, 43, 11.75 W
1788685949.418734035,0 %, 2411 MHz, 43, 11.75 W
1788685949.519135925,0 %, 2411 MHz, 43, 11.75 W
1788685949.619752407,0 %, 2411 MHz, 43, 11.75 W
1788685949.719951465,0 %, 2411 MHz, 43, 11.74 W
1788685949.820506666,0 %, 2411 MHz, 43, 11.74 W
1788685949.920818732,0 %, 2411 MHz, 43, 11.74 W
1788685950.021631246,0 %, 2411 MHz, 43, 11.74 W
1788685950.121202784,0 %, 2411 MHz, 43, 11.74 W
1788685950.222498882,0 %, 2411 MHz, 43, 11.73 W
1788685950.322364099,0 %, 2411 MHz, 43, 11.73 W
1788685950.422144133,0 %, 2411 MHz, 43, 11.73 W
1788685950.523102375,0 %, 2411 MHz, 43, 11.73 W
1788685950.623247129,0 %, 2411 MHz, 43, 11.73 W
1788685950.724092011,0 %, 2411 MHz, 43, 11.74 W
1788685950.824197628,0 %, 2411 MHz, 43, 11.74 W
1788685950.924603198,0 %, 2411 MHz, 43, 11.74 W
1788685951.025678464,0 %, 2411 MHz, 43, 11.74 W
1788685951.124926930,0 %, 2411 MHz, 43, 11.74 W
1788685951.224717251,0 %, 2411 MHz, 43, 11.73 W
1788685951.325543605,0 %, 2411 MHz, 43, 11.73 W
1788685951.425887799,0 %, 2411 MHz, 43, 11.73 W
1788685951.526570937,0 %, 2411 MHz, 43, 11.73 W
1788685951.626873626,0 %, 2411 MHz, 43, 11.73 W
1788685951.727201164,0 %, 2411 MHz, 43, 11.73 W
1788685951.827953870,0 %, 2411 MHz, 43, 11.73 W
1788685951.928179744,0 %, 2411 MHz, 43, 11.73 W
1788685952.028136113,0 %, 2411 MHz, 43, 11.73 W
1788685952.127866947,0 %, 2411 MHz, 43, 11.73 W
1788685952.228999253,0 %, 2411 MHz, 43, 11.73 W
1788685952.328528647,0 %, 2411 MHz, 43, 11.73 W
1788685952.429414776,0 %, 2411 MHz, 43, 11.73 W
1788685952.529688026,0 %, 2411 MHz, 43, 11.73 W
1788685952.630511276,0 %, 2411 MHz, 43, 11.73 W
1788685952.729795213,0 %, 2411 MHz, 43, 11.73 W
1788685952.830906719,0 %, 2411 MHz, 43, 11.73 W
1788685952.931352033,0 %, 2411 MHz, 43, 11.73 W
1788685953.031146579,0 %, 2411 MHz, 43, 11.73 W
1788685953.131527060,0 %, 2411 MHz, 43, 11.73 W
1788685953.232635222,0 %, 2411 MHz, 43, 11.74 W
1788685953.332803720,0 %, 2411 MHz, 43, 11.74 W
1788685953.433126217,0 %, 2411 MHz, 43, 11.74 W
1788685953.533454779,0 %, 2411 MHz, 43, 11.74 W
1788685953.633789789,0 %, 2411 MHz, 43, 11.74 W
1788685953.734560527,0 %, 2411 MHz, 43, 11.73 W
1788685953.834827216,0 %, 2411 MHz, 43, 11.73 W
1788685953.934345922,0 %, 2411 MHz, 43, 11.73 W
1788685954.035555316,0 %, 2411 MHz, 43, 11.73 W
1788685954.134863029,0 %, 2411 MHz, 43, 11.73 W
1788685954.235881079,0 %, 2411 MHz, 43, 11.73 W
1788685954.336662617,0 %, 2411 MHz, 43, 11.73 W
1788685954.436808026,0 %, 2411 MHz, 43, 11.73 W
1788685954.537585100,0 %, 2411 MHz, 43, 11.73 W
1788685954.637511165,0 %, 2411 MHz, 43, 11.73 W
1788685954.737824543,0 %, 2411 MHz, 43, 11.73 W
1788685954.838615153,0 %, 2411 MHz, 43, 11.73 W
1788685954.938755314,0 %, 2411 MHz, 43, 11.73 W
1788685955.039081316,0 %, 2411 MHz, 43, 11.73 W
1788685955.138435173,0 %, 2411 MHz, 43, 11.73 W
1788685955.239314279,0 %, 2411 MHz, 43, 11.71 W
1788685955.339982169,0 %, 2411 MHz, 43, 11.71 W
1788685955.440724619,0 %, 2411 MHz, 43, 11.71 W
1788685955.541077724,0 %, 2411 MHz, 43, 11.71 W
1788685955.641545406,0 %, 2411 MHz, 43, 11.71 W
1788685955.742468479,0 %, 2411 MHz, 43, 11.72 W
1788685955.842454001,0 %, 2411 MHz, 43, 11.72 W
1788685955.942946883,0 %, 2411 MHz, 43, 11.72 W
1788685956.043260356,0 %, 2411 MHz, 43, 11.72 W
1788685956.143208358,0 %, 2411 MHz, 43, 11.72 W
1788685956.244248584,0 %, 2411 MHz, 43, 11.74 W
1788685956.344534297,0 %, 2411 MHz, 43, 11.74 W
1788685956.444361611,0 %, 2411 MHz, 43, 11.74 W
1788685956.545430668,0 %, 2411 MHz, 43, 11.74 W
1788685956.645632318,0 %, 2411 MHz, 43, 11.74 W
1788685956.746326079,0 %, 2411 MHz, 43, 11.74 W
1788685956.846815969,0 %, 2411 MHz, 43, 11.74 W
1788685956.946695747,0 %, 2411 MHz, 43, 11.74 W
1788685957.047734692,0 %, 2411 MHz, 43, 11.74 W
1788685957.146809270,0 %, 2411 MHz, 43, 11.74 W
1788685957.247564407,0 %, 2411 MHz, 43, 11.73 W
1788685957.348319641,0 %, 2411 MHz, 43, 11.73 W
1788685957.448183994,0 %, 2411 MHz, 43, 11.73 W
1788685957.548149580,0 %, 2411 MHz, 43, 11.73 W
1788685957.649102701,0 %, 2411 MHz, 43, 11.73 W
1788685957.749439567,0 %, 2411 MHz, 43, 11.73 W
1788685957.849842304,0 %, 2411 MHz, 43, 11.73 W
1788685957.950665810,0 %, 2411 MHz, 43, 11.73 W
1788685958.050849444,0 %, 2411 MHz, 43, 11.73 W
1788685958.151139765,0 %, 2411 MHz, 43, 11.73 W
1788685958.251876375,0 %, 2411 MHz, 43, 11.73 W
1788685958.352258680,0 %, 2411 MHz, 43, 11.73 W
1788685958.452247498,0 %, 2411 MHz, 43, 11.73 W
1788685958.552445851,0 %, 2411 MHz, 43, 11.73 W
1788685958.652832413,0 %, 2411 MHz, 43, 11.73 W
1788685958.753190398,0 %, 2411 MHz, 43, 11.73 W
1788685958.853086127,0 %, 2411 MHz, 43, 11.73 W
1788685958.953254785,0 %, 2411 MHz, 43, 11.73 W
1788685959.053921827,0 %, 2411 MHz, 43, 11.73 W
1788685959.153662116,0 %, 2411 MHz, 43, 11.73 W
1788685959.254331109,0 %, 2411 MHz, 43, 11.75 W
1788685959.354744167,0 %, 2411 MHz, 43, 11.75 W
1788685959.455504552,0 %, 2411 MHz, 43, 11.75 W
1788685959.555727050,0 %, 2411 MHz, 43, 11.75 W
1788685959.656577531,0 %, 2411 MHz, 43, 11.75 W
1788685959.756746765,0 %, 2411 MHz, 43, 11.75 W
1788685959.857080878,0 %, 2411 MHz, 43, 11.75 W
1788685959.957618096,0 %, 2411 MHz, 43, 11.75 W
1788685960.057819425,0 %, 2411 MHz, 43, 11.75 W
1788685960.158446355,0 %, 2411 MHz, 43, 11.75 W
1788685960.258723044,0 %, 2411 MHz, 43, 11.74 W
1788685960.359032982,0 %, 2411 MHz, 43, 11.74 W
1788685960.459406375,0 %, 2411 MHz, 43, 11.74 W
1788685960.559716137,0 %, 2411 MHz, 43, 11.74 W
1788685960.659299450,0 %, 2411 MHz, 43, 11.74 W
1788685960.759753323,0 %, 2411 MHz, 43, 11.74 W
1788685960.860763869,0 %, 2411 MHz, 43, 11.74 W
1788685960.960842078,0 %, 2411 MHz, 43, 11.74 W
1788685961.061429344,0 %, 2411 MHz, 43, 11.74 W
1788685961.161618673,0 %, 2411 MHz, 43, 11.74 W
1788685961.262111570,0 %, 2411 MHz, 43, 11.75 W
1788685961.362294356,0 %, 2411 MHz, 43, 11.75 W
1788685961.463093157,0 %, 2411 MHz, 43, 11.75 W
1788685961.563379223,0 %, 2411 MHz, 43, 11.75 W
1788685961.663705448,0 %, 2411 MHz, 43, 11.75 W
1788685961.763931482,0 %, 2411 MHz, 43, 11.75 W
1788685961.864240907,0 %, 2411 MHz, 43, 11.75 W
1788685961.965011996,0 %, 2411 MHz, 43, 11.75 W
1788685962.064528862,0 %, 2411 MHz, 43, 11.75 W
1788685962.164959487,0 %, 2411 MHz, 43, 11.75 W
1788685962.265532016,0 %, 2411 MHz, 43, 11.73 W
1788685962.365989378,0 %, 2411 MHz, 43, 11.73 W
1788685962.466422339,0 %, 2411 MHz, 43, 11.73 W
1788685962.566305188,0 %, 2411 MHz, 43, 11.73 W
1788685962.667259798,0 %, 2411 MHz, 43, 11.73 W
1788685962.767645143,0 %, 2411 MHz, 43, 11.73 W
1788685962.867958153,0 %, 2411 MHz, 43, 11.73 W
1788685962.968455626,0 %, 2411 MHz, 43, 11.73 W
1788685963.069090315,0 %, 2411 MHz, 43, 11.73 W
1788685963.169135949,0 %, 2411 MHz, 43, 11.73 W
1788685963.269464894,0 %, 2411 MHz, 43, 11.73 W
1788685963.370027119,0 %, 2411 MHz, 43, 11.73 W
1788685963.470909729,0 %, 2411 MHz, 43, 11.73 W
1788685963.570918162,0 %, 2411 MHz, 43, 11.73 W
1788685963.671544243,0 %, 2411 MHz, 43, 11.73 W
1788685963.771415621,0 %, 2411 MHz, 43, 11.73 W
1788685963.871857974,0 %, 2411 MHz, 43, 11.73 W
1788685963.971376503,0 %, 2411 MHz, 43, 11.73 W
1788685964.072397865,0 %, 2411 MHz, 43, 11.73 W
1788685964.172601402,0 %, 2411 MHz, 43, 11.73 W
1788685964.273340091,0 %, 2411 MHz, 43, 11.74 W
1788685964.373775165,0 %, 2411 MHz, 43, 11.74 W
1788685964.474136158,0 %, 2411 MHz, 43, 11.74 W
1788685964.574776783,0 %, 2411 MHz, 43, 11.74 W
1788685964.675227137,0 %, 2411 MHz, 43, 11.74 W
1788685964.775553186,0 %, 2411 MHz, 43, 11.75 W
1788685964.875902131,0 %, 2411 MHz, 43, 11.75 W
1788685964.976649509,0 %, 2411 MHz, 43, 11.75 W
1788685965.076995222,0 %, 2411 MHz, 43, 11.75 W
1788685965.177405287,0 %, 2411 MHz, 43, 11.75 W
1788685965.277528824,0 %, 2411 MHz, 43, 11.73 W
1788685965.377686954,0 %, 2411 MHz, 43, 11.73 W
1788685965.478655691,0 %, 2411 MHz, 43, 11.73 W
1788685965.578182732,0 %, 2411 MHz, 43, 11.73 W
1788685965.679078829,0 %, 2411 MHz, 43, 11.73 W
1788685965.779567647,0 %, 2411 MHz, 43, 11.73 W
1788685965.879650480,0 %, 2411 MHz, 43, 11.73 W
1788685965.979545153,0 %, 2411 MHz, 43, 11.73 W
1788685966.079933938,0 %, 2411 MHz, 43, 11.73 W
1788685966.180508212,0 %, 2411 MHz, 43, 11.73 W
1788685966.280508309,0 %, 2411 MHz, 43, 11.72 W
1788685966.381278854,0 %, 2411 MHz, 43, 11.72 W
1788685966.481688119,0 %, 2411 MHz, 43, 11.72 W
1788685966.581310728,0 %, 2411 MHz, 43, 11.72 W
1788685966.682230890,0 %, 2411 MHz, 43, 11.72 W
1788685966.782431291,0 %, 2411 MHz, 43, 11.70 W
1788685966.882754748,0 %, 2411 MHz, 43, 11.70 W
1788685966.983638173,0 %, 2411 MHz, 43, 11.70 W
1788685967.083677599,0 %, 2411 MHz, 43, 11.70 W
1788685967.183850608,0 %, 2411 MHz, 43, 11.70 W
1788685967.284182673,0 %, 2411 MHz, 43, 11.71 W
1788685967.383771138,0 %, 2411 MHz, 43, 11.71 W
1788685967.484637603,0 %, 2411 MHz, 43, 11.71 W
1788685967.584763268,0 %, 2411 MHz, 43, 11.71 W
1788685967.685566646,0 %, 2411 MHz, 43, 11.71 W
1788685967.785230599,0 %, 2411 MHz, 43, 11.77 W
1788685967.885293416,0 %, 2411 MHz, 43, 11.77 W
1788685967.986474057,0 %, 2411 MHz, 43, 11.77 W
1788685968.086376922,0 %, 2411 MHz, 43, 11.77 W
1788685968.186669564,0 %, 2411 MHz, 43, 11.77 W
1788685968.286359613,0 %, 2411 MHz, 43, 11.80 W
1788685968.387211902,0 %, 2411 MHz, 43, 11.80 W
1788685968.487549935,0 %, 2411 MHz, 43, 11.80 W
1788685968.588195984,0 %, 2411 MHz, 43, 11.80 W
1788685968.688632753,0 %, 2411 MHz, 43, 11.80 W
1788685968.788774066,0 %, 2411 MHz, 43, 11.75 W
1788685968.889520788,0 %, 2411 MHz, 43, 11.75 W
1788685968.988841445,0 %, 2411 MHz, 43, 11.75 W
1788685969.089651142,0 %, 2411 MHz, 43, 11.75 W
1788685969.190420023,0 %, 2411 MHz, 43, 11.75 W
1788685969.290681848,0 %, 2411 MHz, 43, 11.74 W
1788685969.390992889,0 %, 2411 MHz, 43, 11.74 W
1788685969.491368234,0 %, 2411 MHz, 43, 11.74 W
1788685969.591691787,0 %, 2411 MHz, 43, 11.74 W
1788685969.692419165,0 %, 2411 MHz, 43, 11.74 W
1788685969.792760686,0 %, 2411 MHz, 43, 11.74 W
1788685969.893083775,0 %, 2411 MHz, 43, 11.74 W
1788685969.993579520,0 %, 2411 MHz, 43, 11.74 W
1788685970.093540449,0 %, 2411 MHz, 43, 11.74 W
1788685970.194149522,0 %, 2411 MHz, 43, 11.74 W
1788685970.294583075,0 %, 2411 MHz, 43, 11.73 W
1788685970.394908340,0 %, 2411 MHz, 43, 11.73 W
1788685970.495259814,0 %, 2411 MHz, 43, 11.73 W
1788685970.595514887,0 %, 2411 MHz, 43, 11.73 W
1788685970.696346376,0 %, 2411 MHz, 43, 11.73 W
1788685970.796558473,0 %, 2411 MHz, 43, 11.72 W
1788685970.896920394,0 %, 2411 MHz, 43, 11.72 W
1788685970.997299579,0 %, 2411 MHz, 43, 11.72 W
1788685971.098062156,0 %, 2411 MHz, 43, 11.72 W
1788685971.198686477,0 %, 2411 MHz, 43, 11.72 W
1788685971.298582862,0 %, 2411 MHz, 43, 11.73 W
1788685971.399534335,0 %, 2411 MHz, 43, 11.73 W
1788685971.499865968,0 %, 2411 MHz, 43, 11.73 W
1788685971.600219265,0 %, 2411 MHz, 43, 11.73 W
1788685971.700545699,0 %, 2411 MHz, 43, 11.73 W
1788685971.801292548,0 %, 2411 MHz, 43, 11.73 W
1788685971.901601301,0 %, 2411 MHz, 43, 11.73 W
1788685972.001938406,0 %, 2411 MHz, 43, 11.73 W
1788685972.102248103,0 %, 2411 MHz, 43, 11.73 W
1788685972.203026968,0 %, 2411 MHz, 43, 11.73 W
1788685972.302442969,0 %, 2411 MHz, 43, 11.72 W
1788685972.403546346,0 %, 2411 MHz, 43, 11.72 W
1788685972.503708315,0 %, 2411 MHz, 43, 11.72 W
1788685972.604203676,0 %, 2411 MHz, 43, 11.72 W
1788685972.704462525,0 %, 2411 MHz, 43, 11.71 W
1788685972.805228478,0 %, 2411 MHz, 43, 11.71 W
1788685972.905742687,0 %, 2411 MHz, 43, 11.71 W
1788685973.005362384,0 %, 2411 MHz, 43, 11.71 W
1788685973.105676577,0 %, 2411 MHz, 43, 11.71 W
1788685973.206399650,0 %, 2411 MHz, 43, 11.72 W
1788685973.306867987,0 %, 2411 MHz, 43, 11.72 W
1788685973.407081380,0 %, 2411 MHz, 43, 11.72 W
1788685973.507696885,0 %, 2411 MHz, 43, 11.72 W
1788685973.608165990,0 %, 2411 MHz, 43, 11.72 W
1788685973.707878903,0 %, 2411 MHz, 43, 11.72 W
1788685973.808728952,0 %, 2411 MHz, 43, 11.72 W
1788685973.909244233,0 %, 2411 MHz, 43, 11.72 W
1788685974.008937418,0 %, 2411 MHz, 43, 11.72 W
1788685974.109820587,0 %, 2411 MHz, 43, 11.72 W
1788685974.210027372,0 %, 2411 MHz, 43, 11.71 W
1788685974.310275229,0 %, 2411 MHz, 43, 11.71 W
1788685974.411136734,0 %, 2411 MHz, 43, 11.71 W
1788685974.511351615,0 %, 2411 MHz, 43, 11.71 W
1788685974.611724160,0 %, 2411 MHz, 43, 11.71 W
1788685974.711855808,0 %, 2411 MHz, 43, 11.70 W
1788685974.812241089,0 %, 2411 MHz, 43, 11.70 W
1788685974.912560514,0 %, 2411 MHz, 43, 11.70 W
1788685975.013534195,0 %, 2411 MHz, 43, 11.70 W
1788685975.113593700,0 %, 2411 MHz, 43, 11.70 W
1788685975.213536757,0 %, 2411 MHz, 43, 11.68 W
1788685975.313810806,0 %, 2411 MHz, 43, 11.68 W
1788685975.413979239,0 %, 2411 MHz, 43, 11.68 W
1788685975.514704024,0 %, 2411 MHz, 43, 11.68 W
1788685975.615114441,0 %, 2411 MHz, 43, 11.68 W
1788685975.714950938,0 %, 2411 MHz, 43, 11.72 W
1788685975.816015771,0 %, 2411 MHz, 43, 11.72 W
1788685975.916471612,0 %, 2411 MHz, 43, 11.72 W
1788685976.016685725,0 %, 2411 MHz, 43, 11.72 W
1788685976.117356989,0 %, 2411 MHz, 43, 11.72 W
1788685976.217603582,0 %, 2411 MHz, 43, 11.74 W
1788685976.317924335,0 %, 2411 MHz, 43, 11.74 W
1788685976.418271760,0 %, 2411 MHz, 43, 11.74 W
1788685976.518472545,0 %, 2411 MHz, 43, 11.74 W
1788685976.619281634,0 %, 2411 MHz, 43, 11.74 W
1788685976.719582083,0 %, 2411 MHz, 43, 11.72 W
1788685976.819929828,0 %, 2411 MHz, 43, 11.72 W
1788685976.920360533,0 %, 2411 MHz, 43, 11.72 W
1788685977.020437717,0 %, 2411 MHz, 43, 11.72 W
1788685977.121197446,0 %, 2411 MHz, 43, 11.72 W
1788685977.221559815,0 %, 2411 MHz, 43, 11.73 W
1788685977.321882680,0 %, 2411 MHz, 43, 11.73 W
1788685977.422196073,0 %, 2411 MHz, 43, 11.73 W
1788685977.523028714,0 %, 2411 MHz, 43, 11.73 W
1788685977.623015051,0 %, 2411 MHz, 43, 11.73 W
1788685977.723642859,0 %, 2411 MHz, 43, 11.72 W
1788685977.823987180,0 %, 2411 MHz, 43, 11.72 W
1788685977.924754813,0 %, 2411 MHz, 43, 11.72 W
1788685978.024853182,0 %, 2411 MHz, 43, 11.72 W
1788685978.125339503,0 %, 2411 MHz, 43, 11.72 W
1788685978.225512224,0 %, 2411 MHz, 43, 11.72 W
1788685978.326525393,0 %, 2411 MHz, 43, 11.72 W
1788685978.426149153,0 %, 2411 MHz, 43, 11.72 W
1788685978.526811058,0 %, 2411 MHz, 43, 11.72 W
1788685978.627138019,0 %, 2411 MHz, 43, 11.72 W
1788685978.727343076,0 %, 2411 MHz, 43, 11.71 W
1788685978.827515605,0 %, 2411 MHz, 43, 11.71 W
1788685978.927825701,0 %, 2411 MHz, 43, 11.71 W
1788685979.027444630,0 %, 2411 MHz, 43, 11.71 W
1788685979.127416375,0 %, 2411 MHz, 43, 11.71 W
1788685979.228270776,0 %, 2411 MHz, 43, 11.73 W
1788685979.328515576,0 %, 2411 MHz, 43, 11.73 W
1788685979.429038441,0 %, 2411 MHz, 43, 11.73 W
1788685979.529759834,0 %, 2411 MHz, 43, 11.73 W
1788685979.630015291,0 %, 2411 MHz, 43, 11.73 W
1788685979.730328764,0 %, 2411 MHz, 43, 11.73 W
1788685979.830263340,0 %, 2411 MHz, 43, 11.73 W
1788685979.930811741,0 %, 2411 MHz, 43, 11.73 W
1788685980.031686446,0 %, 2411 MHz, 43, 11.73 W
1788685980.131334591,0 %, 2411 MHz, 43, 11.73 W
1788685980.232169567,0 %, 2411 MHz, 43, 11.72 W
1788685980.332508960,0 %, 2411 MHz, 43, 11.72 W
1788685980.432860353,0 %, 2411 MHz, 43, 11.72 W
1788685980.533732866,0 %, 2411 MHz, 43, 11.72 W
1788685980.633790162,0 %, 2411 MHz, 43, 11.72 W
1788685980.734103827,0 %, 2411 MHz, 43, 11.72 W
1788685980.834437636,0 %, 2411 MHz, 43, 11.72 W
1788685980.934563445,0 %, 2411 MHz, 43, 11.72 W
1788685981.035675525,0 %, 2411 MHz, 43, 11.72 W
1788685981.135728678,0 %, 2411 MHz, 43, 11.72 W
1788685981.235970407,0 %, 2411 MHz, 43, 11.70 W
1788685981.336328439,0 %, 2411 MHz, 43, 11.70 W
1788685981.436338648,0 %, 2411 MHz, 43, 11.70 W
1788685981.536923273,0 %, 2411 MHz, 43, 11.70 W
1788685981.637762730,0 %, 2411 MHz, 43, 11.70 W
1788685981.737786714,0 %, 2411 MHz, 43, 11.70 W
1788685981.838392411,0 %, 2411 MHz, 43, 11.70 W
1788685981.938594844,0 %, 2411 MHz, 43, 11.70 W
1788685982.038898285,0 %, 2411 MHz, 43, 11.70 W
1788685982.139828413,0 %, 2411 MHz, 43, 11.70 W
1788685982.239763614,0 %, 2411 MHz, 43, 11.70 W
1788685982.340240911,0 %, 2411 MHz, 43, 11.70 W
1788685982.439900943,0 %, 2411 MHz, 43, 11.70 W
1788685982.540822752,0 %, 2411 MHz, 43, 11.70 W
1788685982.641395089,0 %, 2411 MHz, 43, 11.70 W
1788685982.741732177,0 %, 2411 MHz, 43, 11.69 W
1788685982.842053570,0 %, 2411 MHz, 43, 11.69 W
1788685982.942520723,0 %, 2411 MHz, 43, 11.69 W
1788685983.042364915,0 %, 2411 MHz, 43, 11.69 W
1788685983.142839572,0 %, 2411 MHz, 43, 11.69 W
1788685983.243787845,0 %, 2411 MHz, 43, 11.68 W
1788685983.343368997,0 %, 2411 MHz, 43, 11.68 W
1788685983.443488486,0 %, 2411 MHz, 43, 11.68 W
1788685983.544578791,0 %, 2411 MHz, 43, 11.68 W
1788685983.644732679,0 %, 2411 MHz, 43, 11.68 W
1788685983.745111576,0 %, 2411 MHz, 43, 11.69 W
1788685983.845936105,0 %, 2411 MHz, 43, 11.69 W
1788685983.946292585,0 %, 2411 MHz, 43, 11.69 W
1788685984.045677546,0 %, 2411 MHz, 43, 11.69 W
1788685984.146581050,0 %, 2411 MHz, 43, 11.69 W
1788685984.246886811,0 %, 2411 MHz, 43, 11.72 W
1788685984.347249420,0 %, 2411 MHz, 43, 11.72 W
1788685984.447323020,0 %, 2411 MHz, 43, 11.72 W
1788685984.547732093,0 %, 2411 MHz, 43, 11.72 W
1788685984.648345069,0 %, 2411 MHz, 43, 11.72 W
1788685984.748551166,0 %, 2411 MHz, 43, 11.71 W
1788685984.849011215,0 %, 2411 MHz, 43, 11.71 W
1788685984.949256767,0 %, 2411 MHz, 43, 11.71 W
1788685985.049362592,0 %, 2411 MHz, 43, 11.71 W
1788685985.149494016,0 %, 2411 MHz, 43, 11.71 W
1788685985.250571329,0 %, 2411 MHz, 43, 11.70 W
1788685985.350744114,0 %, 2411 MHz, 43, 11.70 W
1788685985.450889634,0 %, 2411 MHz, 43, 11.70 W
1788685985.551500515,0 %, 2411 MHz, 43, 11.70 W
1788685985.651598611,0 %, 2411 MHz, 43, 11.70 W
1788685985.752287844,0 %, 2411 MHz, 43, 11.70 W
1788685985.852702885,0 %, 2411 MHz, 43, 11.70 W
1788685985.953059173,0 %, 2411 MHz, 43, 11.70 W
1788685986.052785990,0 %, 2411 MHz, 43, 11.70 W
1788685986.153562342,0 %, 2411 MHz, 43, 11.70 W
1788685986.254284807,0 %, 2411 MHz, 43, 11.70 W
1788685986.354632023,0 %, 2411 MHz, 43, 11.70 W
1788685986.454806008,0 %, 2411 MHz, 43, 11.70 W
1788685986.555116840,0 %, 2411 MHz, 43, 11.70 W
1788685986.655449401,0 %, 2411 MHz, 43, 11.70 W
1788685986.755829385,0 %, 2411 MHz, 43, 11.71 W
1788685986.856527930,0 %, 2411 MHz, 43, 11.71 W
1788685986.956575131,0 %, 2411 MHz, 43, 11.71 W
1788685987.057154843,0 %, 2411 MHz, 43, 11.71 W
1788685987.156542763,0 %, 2411 MHz, 43, 11.71 W
1788685987.256937676,0 %, 2411 MHz, 43, 11.71 W
1788685987.357548797,0 %, 2411 MHz, 43, 11.71 W
1788685987.457913149,0 %, 2411 MHz, 43, 11.71 W
1788685987.558206862,0 %, 2411 MHz, 43, 11.71 W
1788685987.658411582,0 %, 2411 MHz, 43, 11.71 W
1788685987.758761583,0 %, 2411 MHz, 43, 11.70 W
1788685987.859453583,0 %, 2411 MHz, 43, 11.70 W
1788685987.959570656,0 %, 2411 MHz, 43, 11.70 W
1788685988.060003344,0 %, 2411 MHz, 43, 11.70 W
1788685988.160379553,0 %, 2411 MHz, 43, 11.70 W
1788685988.260519937,0 %, 2411 MHz, 43, 11.70 W
1788685988.361276290,0 %, 2411 MHz, 43, 11.70 W
1788685988.461293010,0 %, 2411 MHz, 43, 11.70 W
1788685988.561591778,0 %, 2411 MHz, 43, 11.70 W
1788685988.662018211,0 %, 2411 MHz, 43, 11.70 W
1788685988.762448179,0 %, 2411 MHz, 43, 11.70 W
1788685988.863228004,0 %, 2411 MHz, 43, 11.70 W
1788685988.963462949,0 %, 2411 MHz, 43, 11.70 W
1788685989.063008997,0 %, 2411 MHz, 43, 11.70 W
1788685989.163492997,0 %, 2411 MHz, 43, 11.70 W
1788685989.264432134,0 %, 2411 MHz, 43, 11.73 W
1788685989.364828486,0 %, 2411 MHz, 43, 11.73 W
1788685989.465231015,0 %, 2411 MHz, 43, 11.73 W
1788685989.565686727,0 %, 2411 MHz, 43, 11.73 W
1788685989.666014200,0 %, 2411 MHz, 43, 11.73 W
1788685989.766326216,0 %, 2411 MHz, 43, 11.73 W
1788685989.867124313,0 %, 2411 MHz, 43, 11.73 W
1788685989.967734425,0 %, 2411 MHz, 43, 11.73 W
1788685990.067551801,0 %, 2411 MHz, 43, 11.73 W
1788685990.167335242,0 %, 2411 MHz, 43, 11.73 W
1788685990.268714522,0 %, 2411 MHz, 43, 11.72 W
1788685990.369275547,0 %, 2411 MHz, 43, 11.72 W
1788685990.469291067,0 %, 2411 MHz, 43, 11.72 W
1788685990.569244715,0 %, 2411 MHz, 43, 11.72 W
1788685990.669872028,0 %, 2411 MHz, 43, 11.72 W
1788685990.770210396,0 %, 2411 MHz, 43, 11.71 W
1788685990.870928269,0 %, 2411 MHz, 43, 11.71 W
1788685990.971451181,0 %, 2411 MHz, 43, 11.71 W
1788685991.071638174,0 %, 2411 MHz, 43, 11.71 W
1788685991.171540158,0 %, 2411 MHz, 43, 11.71 W
1788685991.272273374,0 %, 2411 MHz, 43, 11.74 W
1788685991.372909535,0 %, 2411 MHz, 43, 11.74 W
1788685991.473281551,0 %, 2411 MHz, 43, 11.74 W
1788685991.573527952,0 %, 2411 MHz, 43, 11.74 W
1788685991.673949232,0 %, 2411 MHz, 43, 11.74 W
1788685991.774711664,0 %, 2411 MHz, 43, 11.74 W
1788685991.874990833,0 %, 2411 MHz, 43, 11.74 W
1788685991.975508737,0 %, 2411 MHz, 43, 11.74 W
1788685992.075616433,0 %, 2411 MHz, 43, 11.74 W
1788685992.175611810,0 %, 2411 MHz, 43, 11.74 W
1788685992.276846578,0 %, 2411 MHz, 43, 11.71 W
1788685992.377073251,0 %, 2411 MHz, 43, 11.71 W
1788685992.477346643,0 %, 2411 MHz, 43, 11.71 W
1788685992.578112883,0 %, 2411 MHz, 43, 11.71 W
1788685992.678428420,0 %, 2411 MHz, 43, 11.71 W
1788685992.778723012,0 %, 2411 MHz, 43, 11.71 W
1788685992.879097924,0 %, 2411 MHz, 43, 11.71 W
1788685992.979902277,0 %, 2411 MHz, 43, 11.71 W
1788685993.079887861,0 %, 2411 MHz, 43, 11.71 W
1788685993.180220597,0 %, 2411 MHz, 43, 11.71 W
1788685993.280860438,0 %, 2411 MHz, 43, 11.72 W
1788685993.380795142,0 %, 2411 MHz, 43, 11.72 W
1788685993.480764166,0 %, 2411 MHz, 43, 11.72 W
1788685993.581392119,0 %, 2411 MHz, 43, 11.72 W
1788685993.682157527,0 %, 2411 MHz, 43, 11.72 W
1788685993.781886039,0 %, 2411 MHz, 43, 11.73 W
1788685993.882664071,0 %, 2411 MHz, 43, 11.73 W
1788685993.982971464,0 %, 2411 MHz, 43, 11.73 W
1788685994.083018712,0 %, 2411 MHz, 43, 11.73 W
1788685994.182803240,0 %, 2411 MHz, 43, 11.73 W
1788685994.283627145,0 %, 2411 MHz, 43, 11.73 W
1788685994.384496953,0 %, 2411 MHz, 43, 11.73 W
1788685994.484724697,0 %, 2411 MHz, 43, 11.73 W
1788685994.584753241,0 %, 2411 MHz, 43, 11.73 W
1788685994.684868938,0 %, 2411 MHz, 43, 11.73 W
1788685994.785200970,0 %, 2411 MHz, 43, 11.73 W
1788685994.885584970,0 %, 2411 MHz, 43, 11.73 W
1788685994.986513227,0 %, 2411 MHz, 43, 11.73 W
1788685995.086432539,0 %, 2411 MHz, 43, 11.73 W
1788685995.186303547,0 %, 2411 MHz, 43, 11.73 W
1788685995.287343707,0 %, 2411 MHz, 43, 11.72 W
1788685995.387673500,0 %, 2411 MHz, 43, 11.72 W
1788685995.488100188,0 %, 2411 MHz, 43, 11.72 W
1788685995.588729036,0 %, 2411 MHz, 43, 11.72 W
1788685995.689357932,0 %, 2411 MHz, 43, 11.72 W
1788685995.789466285,0 %, 2411 MHz, 43, 11.72 W
1788685995.890344029,0 %, 2411 MHz, 43, 11.72 W
1788685995.990533997,0 %, 2411 MHz, 43, 11.72 W
1788685996.090917309,0 %, 2411 MHz, 43, 11.72 W
1788685996.190499149,0 %, 2411 MHz, 43, 11.72 W
1788685996.291471934,0 %, 2411 MHz, 43, 11.72 W
1788685996.392362510,0 %, 2411 MHz, 43, 11.72 W
1788685996.492628862,0 %, 2411 MHz, 43, 11.72 W
1788685996.592904510,0 %, 2411 MHz, 43, 11.72 W
1788685996.693271599,0 %, 2411 MHz, 43, 11.72 W
1788685996.793402127,0 %, 2411 MHz, 43, 11.71 W
1788685996.894040399,0 %, 2411 MHz, 43, 11.71 W
1788685996.994539375,0 %, 2411 MHz, 43, 11.71 W
1788685997.094673024,0 %, 2411 MHz, 43, 11.71 W
1788685997.194154432,0 %, 2411 MHz, 43, 11.71 W
1788685997.295102704,0 %, 2411 MHz, 43, 11.71 W
1788685997.395556160,0 %, 2411 MHz, 43, 11.71 W
1788685997.496389904,0 %, 2411 MHz, 43, 11.71 W
1788685997.596671296,0 %, 2411 MHz, 43, 11.71 W
1788685997.697012929,0 %, 2411 MHz, 43, 11.71 W
1788685997.797333553,0 %, 2411 MHz, 43, 11.71 W
1788685997.897734593,0 %, 2411 MHz, 43, 11.71 W
1788685997.998153809,0 %, 2411 MHz, 43, 11.71 W
1788685998.098627969,0 %, 2411 MHz, 43, 11.71 W
1788685998.198424657,0 %, 2411 MHz, 43, 11.71 W
1788685998.299316786,0 %, 2411 MHz, 43, 11.70 W
1788685998.399694706,0 %, 2411 MHz, 43, 11.70 W
1788685998.500405554,0 %, 2411 MHz, 43, 11.70 W
1788685998.600696402,0 %, 2411 MHz, 43, 11.70 W
1788685998.701060434,0 %, 2411 MHz, 43, 11.70 W
1788685998.801797234,0 %, 2411 MHz, 43, 11.70 W
1788685998.902121075,0 %, 2411 MHz, 43, 11.70 W
1788685999.002607635,0 %, 2411 MHz, 43, 11.70 W
1788685999.102234179,0 %, 2411 MHz, 43, 11.70 W
1788685999.202397907,0 %, 2411 MHz, 43, 11.70 W
1788685999.303716979,0 %, 2411 MHz, 43, 11.72 W
1788685999.404010595,0 %, 2411 MHz, 43, 11.72 W
1788685999.504357139,0 %, 2411 MHz, 43, 11.72 W
1788685999.604517140,0 %, 2411 MHz, 43, 11.72 W
1788685999.705441284,0 %, 2411 MHz, 43, 11.72 W
1788685999.805695924,0 %, 2411 MHz, 43, 11.72 W
1788685999.906013316,0 %, 2411 MHz, 43, 11.72 W
1788686000.006314468,0 %, 2411 MHz, 43, 11.72 W
1788686000.106524148,0 %, 2411 MHz, 43, 11.72 W
1788686000.206343188,0 %, 2411 MHz, 43, 11.71 W
1788686000.307612260,0 %, 2411 MHz, 43, 11.71 W
1788686000.407937028,0 %, 2411 MHz, 43, 11.71 W
1788686000.508257460,0 %, 2411 MHz, 43, 11.71 W
1788686000.608459557,0 %, 2411 MHz, 43, 11.71 W
1788686000.708471557,0 %, 2411 MHz, 43, 11.70 W
1788686000.808918981,0 %, 2411 MHz, 43, 11.70 W
1788686000.909746517,0 %, 2411 MHz, 43, 11.70 W
1788686001.010035541,0 %, 2411 MHz, 43, 11.70 W
1788686001.110409477,0 %, 2411 MHz, 43, 11.70 W
1788686001.210273797,0 %, 2411 MHz, 43, 11.70 W
1788686001.311512949,0 %, 2411 MHz, 43, 11.70 W
1788686001.411681893,0 %, 2411 MHz, 43, 11.70 W
1788686001.511845509,0 %, 2411 MHz, 43, 11.70 W
1788686001.611672981,0 %, 2411 MHz, 43, 11.70 W
1788686001.712292469,0 %, 2411 MHz, 43, 11.69 W
1788686001.812612341,0 %, 2411 MHz, 43, 11.69 W
1788686001.912938085,0 %, 2411 MHz, 43, 11.69 W
1788686002.013451685,0 %, 2411 MHz, 43, 11.69 W
1788686002.114028245,0 %, 2411 MHz, 43, 11.69 W
1788686002.213636069,0 %, 2411 MHz, 43, 11.68 W
1788686002.314705381,0 %, 2411 MHz, 43, 11.68 W
1788686002.415025557,0 %, 2411 MHz, 43, 11.68 W
1788686002.515632598,0 %, 2411 MHz, 43, 11.68 W
1788686002.616092454,0 %, 2411 MHz, 43, 11.68 W
1788686002.716393350,0 %, 2411 MHz, 43, 11.69 W
1788686002.816658902,0 %, 2411 MHz, 43, 11.69 W
1788686002.917696150,0 %, 2411 MHz, 43, 11.69 W
1788686003.017797206,0 %, 2411 MHz, 43, 11.69 W
1788686003.118155142,0 %, 2411 MHz, 43, 11.69 W
1788686003.217686181,0 %, 2411 MHz, 43, 11.70 W
1788686003.318645638,0 %, 2411 MHz, 43, 11.70 W
1788686003.419517270,0 %, 2411 MHz, 43, 11.70 W
1788686003.519762742,0 %, 2411 MHz, 43, 11.70 W
1788686003.620079526,0 %, 2411 MHz, 43, 11.70 W
1788686003.720362166,0 %, 2411 MHz, 43, 11.70 W
1788686003.821142086,0 %, 2411 MHz, 43, 11.70 W
1788686003.921459206,0 %, 2411 MHz, 43, 11.70 W
1788686004.021628246,0 %, 2411 MHz, 43, 11.70 W
1788686004.122169398,0 %, 2411 MHz, 43, 11.70 W
1788686004.221801765,0 %, 2411 MHz, 43, 11.71 W
1788686004.323120005,0 %, 2411 MHz, 43, 11.71 W
1788686004.423132069,0 %, 2411 MHz, 43, 11.71 W
1788686004.523809877,0 %, 2411 MHz, 43, 11.71 W
1788686004.624101861,0 %, 2411 MHz, 43, 11.71 W
1788686004.724872981,0 %, 2411 MHz, 43, 11.71 W
1788686004.824921957,0 %, 2411 MHz, 43, 11.71 W
1788686004.925680997,0 %, 2411 MHz, 43, 11.71 W
1788686005.025863557,0 %, 2411 MHz, 43, 11.71 W
1788686005.126635173,0 %, 2411 MHz, 43, 11.71 W
1788686005.226246021,0 %, 2411 MHz, 43, 11.70 W
1788686005.327283397,0 %, 2411 MHz, 43, 11.70 W
1788686005.427443109,0 %, 2411 MHz, 43, 11.70 W
1788686005.527523557,0 %, 2411 MHz, 43, 11.70 W
1788686005.628005781,0 %, 2411 MHz, 43, 11.70 W
1788686005.728819093,0 %, 2411 MHz, 43, 11.70 W
1788686005.829001413,0 %, 2411 MHz, 43, 11.70 W
1788686005.929296293,0 %, 2411 MHz, 43, 11.70 W
1788686006.029615428,0 %, 2411 MHz, 43, 11.70 W
1788686006.129536052,0 %, 2411 MHz, 43, 11.70 W
1788686006.229747684,0 %, 2411 MHz, 43, 11.69 W
1788686006.330725716,0 %, 2411 MHz, 43, 11.69 W
1788686006.431323620,0 %, 2411 MHz, 43, 11.69 W
1788686006.531516788,0 %, 2411 MHz, 43, 11.69 W
1788686006.632256260,0 %, 2411 MHz, 43, 11.69 W
1788686006.732637460,0 %, 2411 MHz, 43, 11.70 W
1788686006.832964660,0 %, 2411 MHz, 43, 11.70 W
1788686006.933277907,0 %, 2411 MHz, 43, 11.70 W
1788686007.033166947,0 %, 2411 MHz, 43, 11.70 W
1788686007.133404899,0 %, 2411 MHz, 43, 11.70 W
1788686007.233502995,0 %, 2411 MHz, 43, 11.71 W
1788686007.334236979,0 %, 2411 MHz, 43, 11.71 W
1788686007.435016243,0 %, 2411 MHz, 43, 11.71 W
1788686007.535277827,0 %, 2411 MHz, 43, 11.71 W
1788686007.635615059,0 %, 2411 MHz, 43, 11.71 W
1788686007.736436338,0 %, 2411 MHz, 43, 11.70 W
1788686007.836758418,0 %, 2411 MHz, 43, 11.70 W
1788686007.937229682,0 %, 2411 MHz, 43, 11.70 W
1788686008.037413106,0 %, 2411 MHz, 43, 11.70 W
1788686008.137752354,0 %, 2411 MHz, 43, 11.70 W
1788686008.237522674,0 %, 2411 MHz, 43, 11.70 W
1788686008.337964305,0 %, 2411 MHz, 43, 11.70 W
1788686008.438845345,0 %, 2411 MHz, 43, 11.70 W
1788686008.538493521,0 %, 2411 MHz, 43, 11.70 W
1788686008.639333297,0 %, 2411 MHz, 43, 11.70 W
1788686008.739876609,0 %, 2411 MHz, 43, 11.73 W
1788686008.840528241,0 %, 2411 MHz, 43, 11.73 W
1788686008.940816352,0 %, 2411 MHz, 43, 11.73 W
1788686009.041072448,0 %, 2411 MHz, 43, 11.73 W
1788686009.140912768,0 %, 2411 MHz, 43, 11.73 W
1788686009.241063920,0 %, 2411 MHz, 43, 11.75 W
1788686009.341955296,0 %, 2411 MHz, 43, 11.75 W
1788686009.441977407,0 %, 2411 MHz, 43, 11.75 W
1788686009.542774367,0 %, 2411 MHz, 43, 11.75 W
1788686009.642690719,0 %, 2411 MHz, 43, 11.75 W
1788686009.743089055,0 %, 2411 MHz, 43, 11.72 W
1788686009.843575310,0 %, 2411 MHz, 43, 11.72 W
1788686009.943944750,0 %, 2411 MHz, 43, 11.72 W
1788686010.044239326,0 %, 2411 MHz, 43, 11.72 W
1788686010.145022542,0 %, 2411 MHz, 43, 11.72 W
1788686010.244646798,0 %, 2411 MHz, 43, 11.69 W
1788686010.345574125,0 %, 2411 MHz, 43, 11.69 W
1788686010.445830733,0 %, 2411 MHz, 43, 11.69 W
1788686010.546268045,0 %, 2411 MHz, 43, 11.69 W
1788686010.646936093,0 %, 2411 MHz, 43, 11.69 W
1788686010.746903228,0 %, 2411 MHz, 43, 11.67 W
1788686010.847237708,0 %, 2411 MHz, 43, 11.67 W
1788686010.947900204,0 %, 2411 MHz, 43, 11.67 W
1788686011.048179852,0 %, 2411 MHz, 43, 11.67 W
1788686011.148942748,0 %, 2411 MHz, 43, 11.67 W
1788686011.248602379,0 %, 2411 MHz, 43, 11.68 W
1788686011.349438747,0 %, 2411 MHz, 43, 11.68 W
1788686011.449983803,0 %, 2411 MHz, 43, 11.68 W
1788686011.550639178,0 %, 2411 MHz, 43, 11.68 W
1788686011.650891674,0 %, 2411 MHz, 43, 11.68 W
1788686011.751274986,0 %, 2411 MHz, 43, 11.70 W
1788686011.851640778,0 %, 2411 MHz, 43, 11.70 W
1788686011.952486634,0 %, 2411 MHz, 43, 11.70 W
1788686012.052640281,0 %, 2411 MHz, 43, 11.70 W
1788686012.152748505,0 %, 2411 MHz, 43, 11.70 W
1788686012.252456520,0 %, 2411 MHz, 43, 11.71 W
1788686012.353500744,0 %, 2411 MHz, 43, 11.71 W
1788686012.453877304,0 %, 2411 MHz, 43, 11.71 W
1788686012.554433880,0 %, 2411 MHz, 43, 11.71 W
1788686012.654800711,0 %, 2411 MHz, 43, 11.71 W
1788686012.755102103,0 %, 2411 MHz, 43, 11.71 W
1788686012.855298695,0 %, 2411 MHz, 43, 11.71 W
1788686012.955739990,0 %, 2411 MHz, 43, 11.71 W
1788686013.055848054,0 %, 2411 MHz, 43, 11.71 W
1788686013.156599462,0 %, 2411 MHz, 43, 11.71 W
1788686013.256084581,0 %, 2411 MHz, 43, 11.71 W
1788686013.356711637,0 %, 2411 MHz, 43, 11.71 W
1788686013.457167781,0 %, 2411 MHz, 43, 11.71 W
1788686013.557468324,0 %, 2411 MHz, 43, 11.71 W
1788686013.658063572,0 %, 2411 MHz, 43, 11.71 W
1788686013.757956148,0 %, 2411 MHz, 43, 11.70 W
1788686013.857921075,0 %, 2411 MHz, 43, 11.70 W
1788686013.958809571,0 %, 2411 MHz, 43, 11.70 W
1788686014.058426803,0 %, 2411 MHz, 43, 11.70 W
1788686014.158770386,0 %, 2411 MHz, 43, 11.70 W
1788686014.258779314,0 %, 2411 MHz, 43, 11.71 W
1788686014.360020306,0 %, 2411 MHz, 43, 11.71 W
1788686014.460249697,0 %, 2411 MHz, 43, 11.71 W
1788686014.560606897,0 %, 2411 MHz, 43, 11.71 W
1788686014.660923776,0 %, 2411 MHz, 43, 11.71 W
1788686014.761685904,0 %, 2411 MHz, 43, 11.72 W
1788686014.861991312,0 %, 2411 MHz, 43, 11.72 W
1788686014.962463183,0 %, 2411 MHz, 43, 11.72 W
1788686015.062308991,0 %, 2411 MHz, 43, 11.72 W
1788686015.162524287,0 %, 2411 MHz, 43, 11.72 W
1788686015.262526094,0 %, 2411 MHz, 43, 11.71 W
1788686015.363822782,0 %, 2411 MHz, 43, 11.71 W
1788686015.463905437,0 %, 2411 MHz, 43, 11.71 W
1788686015.564237293,0 %, 2411 MHz, 43, 11.71 W
1788686015.664315661,0 %, 2411 MHz, 43, 11.71 W
1788686015.764920316,0 %, 2411 MHz, 43, 11.69 W
1788686015.865201884,0 %, 2411 MHz, 43, 11.69 W
1788686015.966013819,0 %, 2411 MHz, 43, 11.69 W
1788686016.065850523,0 %, 2411 MHz, 43, 11.69 W
1788686016.166591995,0 %, 2411 MHz, 43, 11.69 W
1788686016.266140666,0 %, 2411 MHz, 43, 11.69 W
1788686016.366613722,0 %, 2411 MHz, 43, 11.69 W
1788686016.467331017,0 %, 2411 MHz, 43, 11.69 W
1788686016.567505817,0 %, 2411 MHz, 43, 11.69 W
1788686016.668208680,0 %, 2411 MHz, 43, 11.69 W
1788686016.768527544,0 %, 2411 MHz, 43, 11.70 W
1788686016.868711544,0 %, 2411 MHz, 43, 11.70 W
1788686016.969033479,0 %, 2411 MHz, 43, 11.70 W
1788686017.069373607,0 %, 2411 MHz, 43, 11.70 W
1788686017.169456630,0 %, 2411 MHz, 43, 11.70 W
1788686017.269015750,0 %, 2411 MHz, 43, 11.69 W
1788686017.369988613,0 %, 2411 MHz, 43, 11.69 W
1788686017.470841717,0 %, 2411 MHz, 43, 11.69 W
1788686017.570884868,0 %, 2411 MHz, 43, 11.69 W
1788686017.671365380,0 %, 2411 MHz, 43, 11.69 W
1788686017.771686323,0 %, 2411 MHz, 43, 11.69 W
1788686017.872447747,0 %, 2411 MHz, 43, 11.69 W
1788686017.972832083,0 %, 2411 MHz, 43, 11.69 W
1788686018.073120962,0 %, 2411 MHz, 43, 11.69 W
1788686018.172890001,0 %, 2411 MHz, 43, 11.69 W
1788686018.273243665,0 %, 2411 MHz, 43, 11.69 W
1788686018.374582833,0 %, 2411 MHz, 43, 11.69 W
1788686018.474701680,0 %, 2411 MHz, 43, 11.69 W
1788686018.575049744,0 %, 2411 MHz, 43, 11.69 W
1788686018.675337663,0 %, 2411 MHz, 43, 11.69 W
1788686018.775540751,0 %, 2411 MHz, 43, 11.69 W
1788686018.876222254,0 %, 2411 MHz, 43, 11.69 W
1788686018.976745886,0 %, 2411 MHz, 43, 11.69 W
1788686019.076967213,0 %, 2411 MHz, 43, 11.69 W
1788686019.176531996,0 %, 2411 MHz, 43, 11.69 W
1788686019.276967116,0 %, 2411 MHz, 43, 11.71 W
1788686019.377403067,0 %, 2411 MHz, 43, 11.71 W
1788686019.477509739,0 %, 2411 MHz, 43, 11.71 W
1788686019.578075530,0 %, 2411 MHz, 43, 11.71 W
1788686019.678738346,0 %, 2411 MHz, 43, 11.71 W
1788686019.778531465,0 %, 2411 MHz, 43, 11.72 W
1788686019.879280617,0 %, 2411 MHz, 43, 11.72 W
1788686019.979269992,0 %, 2411 MHz, 43, 11.72 W
1788686020.079625672,0 %, 2411 MHz, 43, 11.72 W
1788686020.180259319,0 %, 2411 MHz, 43, 11.72 W
1788686020.279905127,0 %, 2411 MHz, 43, 11.70 W
1788686020.380738086,0 %, 2411 MHz, 43, 11.70 W
1788686020.481189974,0 %, 2411 MHz, 43, 11.70 W
1788686020.581053381,0 %, 2411 MHz, 43, 11.70 W
1788686020.681904036,0 %, 2411 MHz, 43, 11.70 W
1788686020.781842596,0 %, 2411 MHz, 43, 11.71 W
1788686020.882225395,0 %, 2411 MHz, 43, 11.71 W
1788686020.982558403,0 %, 2411 MHz, 43, 11.71 W
1788686021.082886098,0 %, 2411 MHz, 43, 11.71 W
1788686021.182937586,0 %, 2411 MHz, 43, 11.71 W
1788686021.283214529,0 %, 2411 MHz, 43, 11.72 W
1788686021.383961376,0 %, 2411 MHz, 43, 11.72 W
1788686021.484674848,0 %, 2411 MHz, 43, 11.72 W
1788686021.585465263,0 %, 2411 MHz, 43, 11.72 W
1788686021.685667503,0 %, 2411 MHz, 43, 11.72 W
1788686021.786041934,0 %, 2411 MHz, 43, 11.73 W
1788686021.885795373,0 %, 2411 MHz, 43, 11.73 W
1788686021.986587277,0 %, 2411 MHz, 43, 11.73 W
1788686022.086271964,0 %, 2411 MHz, 43, 11.73 W
1788686022.186625196,0 %, 2411 MHz, 43, 11.73 W
1788686022.286828251,2 %, 2411 MHz, 43, 11.74 W
1788686022.387852010,2 %, 2411 MHz, 43, 11.74 W
1788686022.488072234,2 %, 2411 MHz, 43, 11.74 W
1788686022.588622857,2 %, 2411 MHz, 43, 11.74 W
1788686022.688956025,2 %, 2411 MHz, 43, 11.74 W
1788686022.789743688,2 %, 2411 MHz, 43, 11.72 W
1788686022.890054551,2 %, 2411 MHz, 43, 11.72 W
1788686022.990385639,2 %, 2411 MHz, 43, 11.72 W
1788686023.090498614,2 %, 2411 MHz, 43, 11.72 W
1788686023.190829381,2 %, 2411 MHz, 43, 11.72 W
1788686023.290903381,2 %, 2411 MHz, 43, 11.71 W
1788686023.392006676,2 %, 2411 MHz, 43, 11.71 W
1788686023.492417972,2 %, 2411 MHz, 43, 11.71 W
1788686023.592582499,2 %, 2411 MHz, 43, 11.71 W
1788686023.693310578,2 %, 2411 MHz, 43, 11.71 W
1788686023.793647490,2 %, 2411 MHz, 43, 11.73 W
1788686023.893966369,2 %, 2411 MHz, 43, 11.73 W
1788686023.994321568,2 %, 2411 MHz, 43, 11.73 W
1788686024.094164672,2 %, 2411 MHz, 43, 11.73 W
1788686024.195298143,2 %, 2411 MHz, 43, 11.73 W
1788686024.294755998,0 %, 2411 MHz, 43, 11.74 W
1788686024.395967758,0 %, 2411 MHz, 43, 11.74 W
1788686024.496363325,0 %, 2411 MHz, 43, 11.74 W
1788686024.596911708,0 %, 2411 MHz, 43, 11.74 W
1788686024.697091932,0 %, 2411 MHz, 43, 11.74 W
1788686024.797396715,0 %, 2411 MHz, 43, 11.72 W
1788686024.898027754,0 %, 2411 MHz, 43, 11.72 W
1788686024.998803946,0 %, 2411 MHz, 43, 11.72 W
1788686025.098991801,0 %, 2411 MHz, 43, 11.72 W
1788686025.199336632,0 %, 2411 MHz, 43, 11.72 W
1788686025.298770375,0 %, 2411 MHz, 43, 11.68 W
1788686025.399848631,0 %, 2411 MHz, 43, 11.68 W
1788686025.500719174,0 %, 2411 MHz, 43, 11.68 W
1788686025.600911845,0 %, 2411 MHz, 43, 11.68 W
1788686025.701374181,0 %, 2411 MHz, 43, 11.68 W
1788686025.801607284,0 %, 2411 MHz, 43, 11.68 W
1788686025.902472595,0 %, 2411 MHz, 43, 11.68 W
1788686026.002843219,0 %, 2411 MHz, 43, 11.68 W
1788686026.102912594,0 %, 2411 MHz, 43, 11.68 W
1788686026.203352049,0 %, 2411 MHz, 43, 11.68 W
1788686026.303101632,0 %, 2411 MHz, 43, 11.68 W
1788686026.404398960,0 %, 2411 MHz, 43, 11.68 W
1788686026.504869151,0 %, 2411 MHz, 43, 11.68 W
1788686026.605127422,0 %, 2411 MHz, 43, 11.68 W
1788686026.705450286,0 %, 2411 MHz, 43, 11.68 W
1788686026.806185661,0 %, 2411 MHz, 43, 11.69 W
1788686026.905901916,0 %, 2411 MHz, 43, 11.69 W
1788686027.006725227,0 %, 2411 MHz, 43, 11.69 W
1788686027.107037243,0 %, 2411 MHz, 43, 11.69 W
1788686027.207394650,0 %, 2411 MHz, 43, 11.69 W
1788686027.307251673,0 %, 2411 MHz, 43, 11.69 W
1788686027.408503224,0 %, 2411 MHz, 43, 11.69 W
1788686027.508726984,0 %, 2411 MHz, 43, 11.69 W
1788686027.609040711,0 %, 2411 MHz, 43, 11.69 W
1788686027.709349014,0 %, 2411 MHz, 43, 11.69 W
1788686027.809950997,0 %, 2411 MHz, 43, 11.69 W
1788686027.910429796,0 %, 2411 MHz, 43, 11.69 W
1788686028.010612244,0 %, 2411 MHz, 43, 11.69 W
1788686028.110987939,0 %, 2411 MHz, 43, 11.69 W
1788686028.211296914,0 %, 2411 MHz, 43, 11.69 W
1788686028.311258049,0 %, 2411 MHz, 43, 11.69 W
1788686028.412119936,0 %, 2411 MHz, 43, 11.69 W
1788686028.512584816,0 %, 2411 MHz, 43, 11.69 W
1788686028.612975231,0 %, 2411 MHz, 43, 11.69 W
1788686028.712930318,0 %, 2411 MHz, 43, 11.72 W
1788686028.813291469,0 %, 2411 MHz, 43, 11.72 W
1788686028.913753772,0 %, 2411 MHz, 43, 11.72 W
1788686029.014275676,0 %, 2411 MHz, 43, 11.72 W
1788686029.114576107,0 %, 2411 MHz, 43, 11.72 W
1788686029.214234410,0 %, 2411 MHz, 43, 11.74 W
1788686029.314413801,0 %, 2411 MHz, 43, 11.74 W
1788686029.415368616,0 %, 2411 MHz, 43, 11.74 W
1788686029.515820343,0 %, 2411 MHz, 43, 11.74 W
1788686029.616370103,0 %, 2411 MHz, 43, 11.74 W
1788686029.716599590,0 %, 2411 MHz, 43, 11.72 W
1788686029.817010021,0 %, 2411 MHz, 43, 11.72 W
1788686029.917394084,0 %, 2411 MHz, 43, 11.72 W
1788686030.017505779,0 %, 2411 MHz, 43, 11.72 W
1788686030.117647714,0 %, 2411 MHz, 43, 11.72 W
1788686030.217988593,0 %, 2411 MHz, 43, 11.70 W
1788686030.317783281,0 %, 2411 MHz, 43, 11.70 W
1788686030.418843616,0 %, 2411 MHz, 43, 11.70 W
1788686030.519391455,0 %, 2411 MHz, 43, 11.70 W
1788686030.619550878,0 %, 2411 MHz, 43, 11.70 W
1788686030.719524589,0 %, 2411 MHz, 43, 11.70 W
1788686030.819957372,0 %, 2411 MHz, 43, 11.70 W
1788686030.920819308,0 %, 2411 MHz, 43, 11.70 W
1788686031.021149083,0 %, 2411 MHz, 43, 11.70 W
1788686031.121504986,0 %, 2411 MHz, 43, 11.70 W
1788686031.221816873,0 %, 2411 MHz, 43, 11.70 W
1788686031.321700264,0 %, 2411 MHz, 43, 11.70 W
1788686031.422729287,0 %, 2411 MHz, 43, 11.70 W
1788686031.523164518,0 %, 2411 MHz, 43, 11.70 W
1788686031.623443205,0 %, 2411 MHz, 43, 11.70 W
1788686031.723826788,0 %, 2411 MHz, 43, 11.69 W
1788686031.824679492,0 %, 2411 MHz, 43, 11.69 W
1788686031.924270979,0 %, 2411 MHz, 43, 11.69 W
1788686032.024945218,0 %, 2411 MHz, 43, 11.69 W
1788686032.125338145,0 %, 2411 MHz, 43, 11.69 W
1788686032.225597568,0 %, 2411 MHz, 43, 11.69 W
1788686032.325438063,0 %, 2411 MHz, 43, 11.69 W
1788686032.426708110,0 %, 2411 MHz, 43, 11.69 W
1788686032.526964109,0 %, 2411 MHz, 43, 11.69 W
1788686032.627367436,0 %, 2411 MHz, 43, 11.69 W
1788686032.727699147,0 %, 2411 MHz, 43, 11.68 W
1788686032.828444986,0 %, 2411 MHz, 43, 11.68 W
1788686032.928811545,0 %, 2411 MHz, 43, 11.68 W
1788686033.029133625,0 %, 2411 MHz, 43, 11.68 W
1788686033.129444712,0 %, 2411 MHz, 43, 11.68 W
1788686033.230119799,0 %, 2411 MHz, 43, 11.67 W
1788686033.329855238,0 %, 2411 MHz, 43, 11.67 W
1788686033.430936181,0 %, 2411 MHz, 43, 11.67 W
1788686033.531200820,0 %, 2411 MHz, 43, 11.67 W
1788686033.631394499,0 %, 2411 MHz, 43, 11.67 W
1788686033.731796114,0 %, 2411 MHz, 43, 11.67 W
1788686033.832511937,0 %, 2411 MHz, 43, 11.67 W
1788686033.932664624,0 %, 2411 MHz, 43, 11.67 W
1788686034.033034831,0 %, 2411 MHz, 43, 11.67 W
1788686034.133175262,0 %, 2411 MHz, 43, 11.67 W
1788686034.233580189,0 %, 2411 MHz, 43, 11.69 W
1788686034.333270268,0 %, 2411 MHz, 43, 11.69 W
1788686034.433782763,0 %, 2411 MHz, 43, 11.69 W
1788686034.534724922,0 %, 2411 MHz, 43, 11.69 W
1788686034.634924473,0 %, 2411 MHz, 43, 11.69 W
1788686034.734446376,0 %, 2411 MHz, 43, 11.70 W
1788686034.835346215,0 %, 2411 MHz, 43, 11.70 W
1788686034.935718454,0 %, 2411 MHz, 43, 11.70 W
1788686035.036539157,0 %, 2411 MHz, 43, 11.70 W
1788686035.136728068,0 %, 2411 MHz, 43, 11.70 W
1788686035.237040419,0 %, 2411 MHz, 43, 11.69 W
1788686035.337264706,0 %, 2411 MHz, 43, 11.69 W
1788686035.437737377,0 %, 2411 MHz, 43, 11.69 W
1788686035.538502128,0 %, 2411 MHz, 43, 11.69 W
1788686035.638799807,0 %, 2411 MHz, 43, 11.69 W
1788686035.739050158,0 %, 2411 MHz, 43, 11.68 W
1788686035.839495485,0 %, 2411 MHz, 43, 11.68 W
1788686035.940362652,0 %, 2411 MHz, 43, 11.68 W
1788686036.040238219,0 %, 2411 MHz, 43, 11.68 W
1788686036.140919370,0 %, 2411 MHz, 43, 11.68 W
1788686036.241731305,0 %, 2411 MHz, 43, 11.66 W
1788686036.341100968,0 %, 2411 MHz, 43, 11.66 W
1788686036.442300007,0 %, 2411 MHz, 43, 11.66 W
1788686036.542670134,0 %, 2411 MHz, 43, 11.66 W
1788686036.643027621,0 %, 2411 MHz, 43, 11.66 W
1788686036.743706212,0 %, 2411 MHz, 43, 11.64 W
1788686036.844018227,0 %, 2411 MHz, 43, 11.64 W
1788686036.944338002,0 %, 2411 MHz, 43, 11.64 W
1788686037.044443505,0 %, 2411 MHz, 43, 11.64 W
1788686037.144872447,0 %, 2411 MHz, 43, 11.64 W
1788686037.245645630,0 %, 2411 MHz, 43, 11.65 W
1788686037.345771773,0 %, 2411 MHz, 43, 11.65 W
1788686037.446266508,0 %, 2411 MHz, 43, 11.65 W
1788686037.546517307,0 %, 2411 MHz, 43, 11.65 W
1788686037.646824122,0 %, 2411 MHz, 43, 11.65 W
1788686037.747424681,0 %, 2411 MHz, 43, 11.66 W
1788686037.847857880,0 %, 2411 MHz, 43, 11.66 W
1788686037.948360775,0 %, 2411 MHz, 43, 11.66 W
1788686038.048571766,0 %, 2411 MHz, 43, 11.66 W
1788686038.148519829,0 %, 2411 MHz, 43, 11.66 W
1788686038.249315252,0 %, 2411 MHz, 43, 11.67 W
1788686038.349865603,0 %, 2411 MHz, 43, 11.67 W
1788686038.450130545,0 %, 2411 MHz, 43, 11.67 W
1788686038.550463728,0 %, 2411 MHz, 43, 11.67 W
1788686038.650686799,0 %, 2411 MHz, 43, 11.67 W
1788686038.751446638,0 %, 2411 MHz, 43, 11.66 W
1788686038.851815325,0 %, 2411 MHz, 43, 11.66 W
1788686038.952286396,0 %, 2411 MHz, 43, 11.66 W
1788686039.052418875,0 %, 2411 MHz, 43, 11.66 W
1788686039.153156538,0 %, 2411 MHz, 43, 11.66 W
1788686039.253497241,0 %, 2411 MHz, 43, 11.67 W
1788686039.353688759,0 %, 2411 MHz, 43, 11.67 W
1788686039.454071990,0 %, 2411 MHz, 43, 11.67 W
1788686039.554288501,0 %, 2411 MHz, 43, 11.67 W
1788686039.654785636,0 %, 2411 MHz, 43, 11.67 W
1788686039.755395603,0 %, 2411 MHz, 43, 11.68 W
1788686039.855734178,0 %, 2411 MHz, 43, 11.68 W
1788686039.956144705,0 %, 2411 MHz, 43, 11.68 W
1788686040.056249743,0 %, 2411 MHz, 43, 11.68 W
1788686040.156414894,0 %, 2411 MHz, 43, 11.68 W
1788686040.256616285,0 %, 2411 MHz, 43, 11.69 W
1788686040.357340908,0 %, 2411 MHz, 43, 11.69 W
1788686040.457762107,0 %, 2411 MHz, 43, 11.69 W
1788686040.558089066,0 %, 2411 MHz, 43, 11.69 W
1788686040.658433624,0 %, 2411 MHz, 43, 11.69 W
1788686040.759200119,0 %, 2411 MHz, 43, 11.69 W
1788686040.859472518,0 %, 2411 MHz, 43, 11.69 W
1788686040.959819333,0 %, 2411 MHz, 43, 11.69 W
1788686041.059988900,0 %, 2411 MHz, 43, 11.69 W
1788686041.160344531,0 %, 2411 MHz, 43, 11.69 W
1788686041.261157409,0 %, 2411 MHz, 43, 11.68 W
1788686041.361332496,0 %, 2411 MHz, 43, 11.68 W
1788686041.462215887,0 %, 2411 MHz, 43, 11.68 W
1788686041.562151294,0 %, 2411 MHz, 43, 11.68 W
1788686041.662941341,0 %, 2411 MHz, 43, 11.68 W
1788686041.762917755,0 %, 2411 MHz, 43, 11.68 W
1788686041.863280058,0 %, 2411 MHz, 43, 11.68 W
1788686041.963574489,0 %, 2411 MHz, 43, 11.68 W
1788686042.064026584,0 %, 2411 MHz, 43, 11.68 W
1788686042.164344311,0 %, 2411 MHz, 43, 11.68 W
1788686042.264534357,0 %, 2411 MHz, 43, 11.67 W
1788686042.365250788,0 %, 2411 MHz, 43, 11.67 W
1788686042.464905043,0 %, 2411 MHz, 43, 11.67 W
1788686042.565149650,0 %, 2411 MHz, 43, 11.67 W
1788686042.665284192,0 %, 2411 MHz, 43, 11.67 W
1788686042.766093407,0 %, 2411 MHz, 43, 11.65 W
1788686042.866390238,0 %, 2411 MHz, 43, 11.65 W
1788686042.966239293,0 %, 2411 MHz, 43, 11.65 W
1788686043.066629659,0 %, 2411 MHz, 43, 11.65 W
1788686043.167027498,0 %, 2411 MHz, 43, 11.65 W
1788686043.267343705,0 %, 2411 MHz, 43, 11.65 W
1788686043.367492664,0 %, 2411 MHz, 43, 11.65 W
1788686043.467353142,0 %, 2411 MHz, 43, 11.65 W
1788686043.568515045,0 %, 2411 MHz, 43, 11.65 W
1788686043.668797348,0 %, 2411 MHz, 43, 11.65 W
1788686043.769132675,0 %, 2411 MHz, 43, 11.65 W
1788686043.869403041,0 %, 2411 MHz, 43, 11.65 W
1788686043.970197952,0 %, 2411 MHz, 43, 11.65 W
1788686044.070251231,0 %, 2411 MHz, 43, 11.65 W
1788686044.170181821,0 %, 2411 MHz, 43, 11.65 W
1788686044.270748876,0 %, 2411 MHz, 43, 11.67 W
1788686044.371256331,0 %, 2411 MHz, 43, 11.67 W
1788686044.471136442,0 %, 2411 MHz, 43, 11.67 W
1788686044.572296904,0 %, 2411 MHz, 43, 11.67 W
1788686044.672670183,0 %, 2411 MHz, 43, 11.67 W
1788686044.772941942,0 %, 2411 MHz, 43, 11.68 W
1788686044.873132948,0 %, 2411 MHz, 43, 11.68 W
1788686044.973641011,0 %, 2411 MHz, 43, 11.68 W
1788686045.073771330,0 %, 2411 MHz, 43, 11.68 W
1788686045.174303873,0 %, 2411 MHz, 43, 11.68 W
1788686045.274064015,0 %, 2411 MHz, 43, 11.66 W
1788686045.374527598,0 %, 2411 MHz, 43, 11.66 W
1788686045.474852029,0 %, 2411 MHz, 43, 11.66 W
1788686045.575737403,0 %, 2411 MHz, 43, 11.66 W
1788686045.675560906,0 %, 2411 MHz, 43, 11.66 W
1788686045.776037545,0 %, 2411 MHz, 43, 11.66 W
1788686045.876801911,0 %, 2411 MHz, 43, 11.66 W
1788686045.977122150,0 %, 2411 MHz, 43, 11.66 W
1788686046.077566357,0 %, 2411 MHz, 43, 11.66 W
1788686046.177720387,0 %, 2411 MHz, 43, 11.66 W
1788686046.278014946,0 %, 2411 MHz, 43, 11.67 W
1788686046.378679601,0 %, 2411 MHz, 43, 11.67 W
1788686046.478354751,0 %, 2411 MHz, 43, 11.67 W
1788686046.579119326,0 %, 2411 MHz, 43, 11.67 W
1788686046.679435869,0 %, 2411 MHz, 43, 11.67 W
1788686046.779760427,0 %, 2411 MHz, 42, 11.68 W
1788686046.880102250,0 %, 2411 MHz, 42, 11.68 W
1788686046.980884617,0 %, 2411 MHz, 42, 11.68 W
1788686047.081217527,0 %, 2411 MHz, 42, 11.68 W
1788686047.180906854,0 %, 2411 MHz, 42, 11.68 W
1788686047.281308772,0 %, 2411 MHz, 43, 11.69 W
1788686047.381716051,0 %, 2411 MHz, 43, 11.69 W
1788686047.482840706,0 %, 2411 MHz, 43, 11.69 W
1788686047.583031808,0 %, 2411 MHz, 43, 11.69 W
1788686047.683539743,0 %, 2411 MHz, 43, 11.69 W
1788686047.783805950,0 %, 2411 MHz, 43, 11.67 W
1788686047.884647276,0 %, 2411 MHz, 43, 11.67 W
1788686047.984972507,0 %, 2411 MHz, 43, 11.67 W
1788686048.085157929,0 %, 2411 MHz, 43, 11.67 W
1788686048.184763144,0 %, 2411 MHz, 43, 11.67 W
1788686048.285637319,0 %, 2411 MHz, 43, 11.67 W
1788686048.386521509,0 %, 2411 MHz, 43, 11.67 W
1788686048.486643556,0 %, 2411 MHz, 43, 11.67 W
1788686048.587193667,0 %, 2411 MHz, 43, 11.67 W
1788686048.688130769,0 %, 2411 MHz, 43, 11.67 W
1788686048.787254288,0 %, 2411 MHz, 43, 11.66 W
1788686048.888087262,0 %, 2411 MHz, 43, 11.66 W
1788686048.988790237,0 %, 2411 MHz, 43, 11.66 W
1788686049.088852235,0 %, 2411 MHz, 43, 11.66 W
1788686049.189268842,0 %, 2411 MHz, 43, 11.66 W
1788686049.288825512,0 %, 2411 MHz, 42, 11.66 W
1788686049.389942903,0 %, 2411 MHz, 42, 11.66 W
1788686049.490401238,0 %, 2411 MHz, 42, 11.66 W
1788686049.589976868,0 %, 2411 MHz, 42, 11.66 W
1788686049.689956787,0 %, 2411 MHz, 42, 11.66 W
1788686049.790593185,0 %, 2411 MHz, 43, 11.68 W
1788686049.891338224,0 %, 2411 MHz, 43, 11.68 W
1788686049.991720782,0 %, 2411 MHz, 43, 11.68 W
1788686050.091919341,0 %, 2411 MHz, 43, 11.68 W
1788686050.191389163,0 %, 2411 MHz, 43, 11.68 W
1788686050.292301594,0 %, 2411 MHz, 42, 11.68 W
1788686050.392667480,0 %, 2411 MHz, 42, 11.68 W
1788686050.492936039,0 %, 2411 MHz, 42, 11.68 W
1788686050.593640390,0 %, 2411 MHz, 42, 11.68 W
1788686050.693949220,0 %, 2411 MHz, 42, 11.68 W
1788686050.794275507,0 %, 2411 MHz, 43, 11.66 W
1788686050.895111777,0 %, 2411 MHz, 43, 11.66 W
1788686050.994791408,0 %, 2411 MHz, 43, 11.66 W
1788686051.095802478,0 %, 2411 MHz, 43, 11.66 W
1788686051.195943885,0 %, 2411 MHz, 43, 11.66 W
1788686051.296154203,0 %, 2411 MHz, 43, 11.65 W
1788686051.396790954,0 %, 2411 MHz, 43, 11.65 W
1788686051.496435240,0 %, 2411 MHz, 43, 11.65 W
1788686051.597530775,0 %, 2411 MHz, 43, 11.65 W
1788686051.697792133,0 %, 2411 MHz, 43, 11.65 W
1788686051.798132068,0 %, 2411 MHz, 42, 11.65 W
1788686051.897490450,0 %, 2411 MHz, 42, 11.65 W
1788686051.998643649,0 %, 2411 MHz, 42, 11.65 W
1788686052.098807247,0 %, 2411 MHz, 42, 11.65 W
1788686052.199918718,0 %, 2411 MHz, 42, 11.65 W
1788686052.299041580,0 %, 2411 MHz, 42, 11.69 W
1788686052.400093227,0 %, 2411 MHz, 42, 11.69 W
1788686052.500634297,0 %, 2411 MHz, 42, 11.69 W
1788686052.601362632,0 %, 2411 MHz, 42, 11.69 W
1788686052.701704886,0 %, 2411 MHz, 42, 11.69 W
1788686052.802027781,0 %, 2411 MHz, 42, 11.69 W
1788686052.902584355,0 %, 2411 MHz, 42, 11.69 W
1788686053.002760754,0 %, 2411 MHz, 42, 11.69 W
1788686053.103325072,0 %, 2411 MHz, 42, 11.69 W
1788686053.203575663,0 %, 2411 MHz, 42, 11.69 W
1788686053.303958013,0 %, 2411 MHz, 42, 11.65 W
1788686053.404605211,0 %, 2411 MHz, 42, 11.65 W
1788686053.505276938,0 %, 2411 MHz, 42, 11.65 W
1788686053.605511800,0 %, 2411 MHz, 42, 11.65 W
1788686053.704939287,0 %, 2411 MHz, 42, 11.65 W
1788686053.805641109,0 %, 2411 MHz, 42, 11.65 W
1788686053.905800836,0 %, 2411 MHz, 42, 11.65 W
1788686054.006399218,0 %, 2411 MHz, 42, 11.65 W
1788686054.106651936,0 %, 2411 MHz, 42, 11.65 W
1788686054.206465919,0 %, 2411 MHz, 42, 11.65 W
1788686054.307584573,0 %, 2411 MHz, 43, 11.68 W
1788686054.407724172,0 %, 2411 MHz, 43, 11.68 W
1788686054.508186762,0 %, 2411 MHz, 43, 11.68 W
1788686054.608491177,0 %, 2411 MHz, 43, 11.68 W
1788686054.708725351,0 %, 2411 MHz, 43, 11.68 W
1788686054.808293493,0 %, 2411 MHz, 42, 11.67 W
1788686054.909818260,0 %, 2411 MHz, 42, 11.67 W
1788686055.010114098,0 %, 2411 MHz, 42, 11.67 W
1788686055.110394033,0 %, 2411 MHz, 42, 11.67 W
1788686055.211248751,0 %, 2411 MHz, 42, 11.67 W
1788686055.311394237,0 %, 2411 MHz, 42, 11.66 W
1788686055.411495788,0 %, 2411 MHz, 42, 11.66 W
1788686055.512332234,0 %, 2411 MHz, 42, 11.66 W
1788686055.613057753,0 %, 2411 MHz, 42, 11.66 W
1788686055.713279623,0 %, 2411 MHz, 42, 11.68 W
1788686055.813699557,0 %, 2411 MHz, 42, 11.68 W
1788686055.913967092,0 %, 2411 MHz, 42, 11.68 W
1788686056.014266818,0 %, 2411 MHz, 42, 11.68 W
1788686056.114879953,0 %, 2411 MHz, 42, 11.68 W
1788686056.214906479,0 %, 2411 MHz, 42, 11.68 W
1788686056.315566269,0 %, 2411 MHz, 42, 11.68 W
1788686056.415976892,0 %, 2411 MHz, 42, 11.68 W
1788686056.516797210,0 %, 2411 MHz, 42, 11.68 W
1788686056.617073112,0 %, 2411 MHz, 42, 11.68 W
1788686056.717398855,0 %, 2411 MHz, 42, 11.68 W
1788686056.817769365,0 %, 2411 MHz, 42, 11.68 W
1788686056.918495076,0 %, 2411 MHz, 42, 11.68 W
1788686057.018885778,0 %, 2411 MHz, 42, 11.68 W
1788686057.119144848,0 %, 2411 MHz, 42, 11.68 W
1788686057.219520687,0 %, 2411 MHz, 42, 11.68 W
1788686057.320244061,0 %, 2411 MHz, 42, 11.68 W
1788686057.420606123,0 %, 2411 MHz, 42, 11.68 W
1788686057.520888474,0 %, 2411 MHz, 42, 11.68 W
1788686057.621145560,0 %, 2411 MHz, 42, 11.68 W
1788686057.721901590,0 %, 2411 MHz, 42, 11.68 W
1788686057.822226405,0 %, 2411 MHz, 42, 11.68 W
1788686057.922596243,0 %, 2411 MHz, 42, 11.68 W
1788686058.022934305,0 %, 2411 MHz, 42, 11.68 W
1788686058.123663344,0 %, 2411 MHz, 42, 11.68 W
1788686058.223852750,0 %, 2411 MHz, 42, 11.68 W
1788686058.323703996,0 %, 2411 MHz, 42, 11.68 W
1788686058.424513947,0 %, 2411 MHz, 42, 11.68 W
1788686058.524620361,0 %, 2411 MHz, 42, 11.68 W
1788686058.625093831,0 %, 2411 MHz, 42, 11.68 W
1788686058.725836261,0 %, 2411 MHz, 42, 11.68 W
1788686058.826139188,0 %, 2411 MHz, 42, 11.68 W
1788686058.926557186,0 %, 2411 MHz, 42, 11.68 W
1788686059.026896288,0 %, 2411 MHz, 42, 11.68 W
1788686059.127015487,0 %, 2411 MHz, 42, 11.68 W
1788686059.226899021,0 %, 2411 MHz, 42, 11.69 W
1788686059.327832235,0 %, 2411 MHz, 42, 11.69 W
1788686059.428254873,0 %, 2411 MHz, 42, 11.69 W
1788686059.528417400,0 %, 2411 MHz, 42, 11.69 W
1788686059.628918294,0 %, 2411 MHz, 42, 11.69 W
1788686059.729232548,0 %, 2411 MHz, 42, 11.71 W
1788686059.829403746,0 %, 2411 MHz, 42, 11.71 W
1788686059.929462385,0 %, 2411 MHz, 42, 11.71 W
1788686060.030287887,0 %, 2411 MHz, 42, 11.71 W
1788686060.130623661,0 %, 2411 MHz, 42, 11.71 W
1788686060.230953531,0 %, 2411 MHz, 42, 11.71 W
1788686060.331318346,0 %, 2411 MHz, 42, 11.71 W
1788686060.431451160,0 %, 2411 MHz, 42, 11.71 W
1788686060.531998550,0 %, 2411 MHz, 42, 11.71 W
1788686060.632628980,0 %, 2411 MHz, 42, 11.71 W
1788686060.732932851,0 %, 2411 MHz, 42, 11.69 W
1788686060.833291825,0 %, 2411 MHz, 42, 11.69 W
1788686060.933865839,0 %, 2411 MHz, 42, 11.69 W
1788686061.034593534,0 %, 2411 MHz, 42, 11.69 W
1788686061.134219292,0 %, 2411 MHz, 42, 11.69 W
1788686061.234892842,0 %, 2411 MHz, 42, 11.67 W
1788686061.335630680,0 %, 2411 MHz, 42, 11.67 W
1788686061.435381990,0 %, 2411 MHz, 42, 11.67 W
1788686061.535572036,0 %, 2411 MHz, 42, 11.67 W
1788686061.636473907,0 %, 2411 MHz, 42, 11.67 W
1788686061.736620369,0 %, 2411 MHz, 42, 11.66 W
1788686061.837122703,0 %, 2411 MHz, 42, 11.66 W
1788686061.937896845,0 %, 2411 MHz, 42, 11.66 W
1788686062.038164860,0 %, 2411 MHz, 42, 11.66 W
1788686062.137893130,0 %, 2411 MHz, 42, 11.66 W
1788686062.238203384,0 %, 2411 MHz, 42, 11.68 W
1788686062.338675798,0 %, 2411 MHz, 42, 11.68 W
1788686062.438846596,0 %, 2411 MHz, 42, 11.68 W
1788686062.539322626,0 %, 2411 MHz, 42, 11.68 W
1788686062.639945137,0 %, 2411 MHz, 42, 11.68 W
1788686062.740250063,0 %, 2411 MHz, 42, 11.71 W
1788686062.840797421,0 %, 2411 MHz, 42, 11.71 W
1788686062.941395339,0 %, 2411 MHz, 42, 11.71 W
1788686063.041317737,0 %, 2411 MHz, 42, 11.71 W
1788686063.141391624,0 %, 2411 MHz, 42, 11.71 W
1788686063.242816326,0 %, 2411 MHz, 42, 11.70 W
1788686063.342634196,0 %, 2411 MHz, 42, 11.70 W
1788686063.442923890,0 %, 2411 MHz, 42, 11.70 W
1788686063.543351536,0 %, 2411 MHz, 42, 11.70 W
1788686063.643313406,0 %, 2411 MHz, 42, 11.70 W
1788686063.744243948,0 %, 2411 MHz, 42, 11.69 W
1788686063.844550939,0 %, 2411 MHz, 42, 11.69 W
1788686063.944712041,0 %, 2411 MHz, 42, 11.69 W
1788686064.045195975,0 %, 2411 MHz, 42, 11.69 W
1788686064.145418133,0 %, 2411 MHz, 42, 11.69 W
1788686064.244985283,0 %, 2411 MHz, 42, 11.69 W
1788686064.345525681,0 %, 2411 MHz, 42, 11.69 W
1788686064.446507535,0 %, 2411 MHz, 42, 11.69 W
1788686064.547114830,0 %, 2411 MHz, 42, 11.69 W
1788686064.647349996,0 %, 2411 MHz, 42, 11.69 W
1788686064.747442042,0 %, 2411 MHz, 42, 11.70 W
1788686064.848232888,0 %, 2411 MHz, 42, 11.70 W
1788686064.948555814,0 %, 2411 MHz, 42, 11.70 W
1788686065.048622164,0 %, 2411 MHz, 42, 11.70 W
1788686065.149208178,0 %, 2411 MHz, 42, 11.70 W
1788686065.249515120,0 %, 2411 MHz, 42, 11.70 W
1788686065.348984654,0 %, 2411 MHz, 42, 11.70 W
1788686065.450261965,0 %, 2411 MHz, 42, 11.70 W
1788686065.550742123,0 %, 2411 MHz, 42, 11.70 W
1788686065.651022329,0 %, 2411 MHz, 42, 11.70 W
1788686065.751177991,0 %, 2411 MHz, 42, 11.68 W
1788686065.851538869,0 %, 2411 MHz, 42, 11.68 W
1788686065.951915171,0 %, 2411 MHz, 42, 11.68 W
1788686066.052617617,0 %, 2411 MHz, 42, 11.68 W
1788686066.152773247,0 %, 2411 MHz, 42, 11.68 W
1788686066.253006941,0 %, 2411 MHz, 42, 11.67 W
1788686066.352608859,0 %, 2411 MHz, 42, 11.67 W
1788686066.453327193,0 %, 2411 MHz, 42, 11.67 W
1788686066.553615079,0 %, 2411 MHz, 42, 11.67 W
1788686066.653596837,0 %, 2411 MHz, 42, 11.67 W
1788686066.754099572,0 %, 2411 MHz, 42, 11.66 W
1788686066.854414066,0 %, 2411 MHz, 42, 11.66 W
1788686066.955297376,0 %, 2411 MHz, 42, 11.66 W
1788686067.055537310,0 %, 2411 MHz, 42, 11.66 W
1788686067.155918572,0 %, 2411 MHz, 42, 11.66 W
1788686067.256709402,0 %, 2411 MHz, 42, 11.68 W
1788686067.355982456,0 %, 2411 MHz, 42, 11.68 W
1788686067.457209750,0 %, 2411 MHz, 42, 11.68 W
1788686067.557718660,0 %, 2411 MHz, 42, 11.68 W
1788686067.658040290,0 %, 2411 MHz, 42, 11.68 W
1788686067.758782304,0 %, 2411 MHz, 42, 11.68 W
1788686067.859155086,0 %, 2411 MHz, 42, 11.68 W
1788686067.959667964,0 %, 2411 MHz, 42, 11.68 W
1788686068.060231466,0 %, 2411 MHz, 42, 11.68 W
1788686068.160808552,0 %, 2411 MHz, 42, 11.68 W
1788686068.260968662,0 %, 2411 MHz, 42, 11.66 W
1788686068.360230612,0 %, 2411 MHz, 42, 11.66 W
1788686068.461298018,0 %, 2411 MHz, 42, 11.66 W
1788686068.561620400,0 %, 2411 MHz, 42, 11.66 W
1788686068.661797822,0 %, 2411 MHz, 42, 11.66 W
1788686068.762653820,0 %, 2411 MHz, 42, 11.67 W
1788686068.862347498,0 %, 2411 MHz, 42, 11.67 W
1788686068.963080712,0 %, 2411 MHz, 42, 11.67 W
1788686069.063466566,0 %, 2411 MHz, 42, 11.67 W
1788686069.163814788,0 %, 2411 MHz, 42, 11.67 W
1788686069.263512402,0 %, 2411 MHz, 42, 11.69 W
1788686069.364016304,0 %, 2411 MHz, 42, 11.69 W
1788686069.464944766,0 %, 2411 MHz, 42, 11.69 W
1788686069.565737932,0 %, 2411 MHz, 42, 11.69 W
1788686069.665182218,0 %, 2411 MHz, 42, 11.69 W
1788686069.765878376,0 %, 2411 MHz, 42, 11.71 W
1788686069.866716710,0 %, 2411 MHz, 42, 11.71 W
1788686069.967067044,0 %, 2411 MHz, 42, 11.71 W
1788686070.067403266,0 %, 2411 MHz, 42, 11.71 W
1788686070.167613424,0 %, 2411 MHz, 42, 11.71 W
1788686070.268331518,0 %, 2411 MHz, 42, 11.70 W
1788686070.367681708,0 %, 2411 MHz, 42, 11.70 W
1788686070.468773578,0 %, 2411 MHz, 42, 11.70 W
1788686070.569014056,0 %, 2411 MHz, 42, 11.70 W
1788686070.669338006,0 %, 2411 MHz, 42, 11.70 W
1788686070.769309348,0 %, 2411 MHz, 42, 11.68 W
1788686070.869913922,0 %, 2411 MHz, 42, 11.68 W
1788686070.970861728,0 %, 2411 MHz, 42, 11.68 W
1788686071.070893502,0 %, 2411 MHz, 42, 11.68 W
1788686071.170580108,0 %, 2411 MHz, 42, 11.68 W
1788686071.270822394,0 %, 2411 MHz, 42, 11.68 W
1788686071.370998999,0 %, 2411 MHz, 42, 11.68 W
1788686071.471065573,0 %, 2411 MHz, 42, 11.68 W
1788686071.571222291,0 %, 2411 MHz, 42, 11.68 W
1788686071.671684209,0 %, 2411 MHz, 42, 11.68 W
1788686071.771596287,0 %, 2411 MHz, 42, 11.71 W
1788686071.871740653,0 %, 2411 MHz, 42, 11.71 W
1788686071.972062939,0 %, 2411 MHz, 42, 11.71 W
1788686072.072198729,0 %, 2411 MHz, 42, 11.71 W
1788686072.172759047,0 %, 2411 MHz, 42, 11.71 W
1788686072.272683253,0 %, 2411 MHz, 42, 11.75 W
1788686072.372977346,0 %, 2411 MHz, 42, 11.75 W
1788686072.473160640,0 %, 2411 MHz, 42, 11.75 W
1788686072.574302158,0 %, 2411 MHz, 42, 11.75 W
1788686072.674177308,0 %, 2411 MHz, 42, 11.75 W
1788686072.774495530,0 %, 2411 MHz, 42, 11.75 W
1788686072.874340792,0 %, 2411 MHz, 42, 11.75 W
1788686072.974598646,0 %, 2411 MHz, 42, 11.75 W
1788686073.075186148,0 %, 2411 MHz, 42, 11.75 W
1788686073.175447809,0 %, 2411 MHz, 42, 11.75 W
1788686073.276340015,0 %, 2411 MHz, 43, 11.75 W
1788686073.376458925,0 %, 2411 MHz, 43, 11.75 W
1788686073.476648747,0 %, 2411 MHz, 43, 11.75 W
1788686073.577213785,0 %, 2411 MHz, 43, 11.75 W
1788686073.676986551,0 %, 2411 MHz, 43, 11.75 W
1788686073.777507509,0 %, 2411 MHz, 43, 11.79 W
1788686073.878076947,0 %, 2411 MHz, 43, 11.79 W
1788686073.977996144,0 %, 2411 MHz, 43, 11.79 W
1788686074.078749326,0 %, 2411 MHz, 43, 11.79 W
1788686074.178679068,0 %, 2411 MHz, 43, 11.79 W
1788686074.278428026,0 %, 2411 MHz, 43, 11.77 W
1788686074.378925240,0 %, 2411 MHz, 43, 11.77 W
1788686074.479676118,0 %, 2411 MHz, 43, 11.77 W
1788686074.579945059,0 %, 2411 MHz, 43, 11.77 W
1788686074.680634593,0 %, 2411 MHz, 43, 11.77 W
1788686074.780813695,0 %, 2411 MHz, 43, 11.72 W
1788686074.881131293,0 %, 2411 MHz, 43, 11.72 W
1788686074.981658891,0 %, 2411 MHz, 43, 11.72 W
1788686075.081862457,0 %, 2411 MHz, 43, 11.72 W
1788686075.182738503,0 %, 2411 MHz, 43, 11.72 W
1788686075.282911156,0 %, 2411 MHz, 43, 11.70 W
1788686075.382223554,0 %, 2411 MHz, 43, 11.70 W
1788686075.483206256,0 %, 2411 MHz, 43, 11.70 W
1788686075.583441998,0 %, 2411 MHz, 43, 11.70 W
1788686075.683305627,0 %, 2411 MHz, 43, 11.70 W
1788686075.783812729,0 %, 2411 MHz, 43, 11.70 W
1788686075.884383943,0 %, 2411 MHz, 43, 11.70 W
1788686075.985319701,0 %, 2411 MHz, 43, 11.70 W
1788686076.084843203,0 %, 2411 MHz, 43, 11.70 W
1788686076.185302880,0 %, 2411 MHz, 43, 11.70 W
1788686076.285007886,0 %, 2411 MHz, 43, 11.70 W
1788686076.385363068,0 %, 2411 MHz, 43, 11.70 W
1788686076.485836922,0 %, 2411 MHz, 43, 11.70 W
1788686076.586315304,0 %, 2411 MHz, 43, 11.70 W
1788686076.686531941,0 %, 2411 MHz, 43, 11.70 W
1788686076.786297331,0 %, 2411 MHz, 43, 11.76 W
1788686076.886857633,0 %, 2411 MHz, 43, 11.76 W
1788686076.987367807,0 %, 2411 MHz, 43, 11.76 W
1788686077.087264572,0 %, 2411 MHz, 43, 11.76 W
1788686077.187341306,0 %, 2411 MHz, 43, 11.76 W
1788686077.287770392,0 %, 2411 MHz, 43, 11.85 W
1788686077.387821350,0 %, 2411 MHz, 43, 11.85 W
1788686077.488422723,0 %, 2411 MHz, 43, 11.85 W
1788686077.588066209,0 %, 2411 MHz, 43, 11.85 W
1788686077.687895919,0 %, 2411 MHz, 43, 11.85 W
1788686077.788391708,0 %, 2411 MHz, 43, 11.88 W
1788686077.888909402,0 %, 2411 MHz, 43, 11.88 W
1788686077.988576424,0 %, 2411 MHz, 43, 11.88 W
1788686078.089071046,0 %, 2411 MHz, 43, 11.88 W
1788686078.189025043,0 %, 2411 MHz, 43, 11.88 W
1788686078.289570129,0 %, 2411 MHz, 43, 11.88 W
1788686078.389613455,0 %, 2411 MHz, 43, 11.88 W
1788686078.489917708,0 %, 2411 MHz, 43, 11.88 W
1788686078.589741402,0 %, 2411 MHz, 43, 11.88 W
1788686078.689973368,0 %, 2411 MHz, 43, 11.88 W
1788686078.790108406,0 %, 2411 MHz, 43, 11.87 W
1788686078.890200723,0 %, 2411 MHz, 43, 11.87 W
1788686078.990995441,0 %, 2411 MHz, 43, 11.87 W
1788686079.091128671,0 %, 2411 MHz, 43, 11.87 W
1788686079.190920684,0 %, 2411 MHz, 43, 11.87 W
1788686079.291210010,0 %, 2411 MHz, 43, 11.88 W
1788686079.391631368,0 %, 2411 MHz, 43, 11.88 W
1788686079.491699957,0 %, 2411 MHz, 43, 11.88 W
1788686079.591964051,0 %, 2411 MHz, 43, 11.88 W
1788686079.692639249,0 %, 2411 MHz, 43, 11.88 W
1788686079.792704686,0 %, 2411 MHz, 43, 11.89 W
1788686079.892986988,0 %, 2411 MHz, 43, 11.89 W
1788686079.992944986,0 %, 2411 MHz, 43, 11.89 W
1788686080.093571000,0 %, 2411 MHz, 43, 11.89 W
1788686080.193251845,0 %, 2411 MHz, 43, 11.89 W
1788686080.293982371,0 %, 2411 MHz, 43, 11.91 W
1788686080.394116160,0 %, 2411 MHz, 43, 11.91 W
1788686080.494187678,0 %, 2411 MHz, 43, 11.91 W
1788686080.594865516,0 %, 2411 MHz, 43, 11.91 W
1788686080.695247898,0 %, 2411 MHz, 43, 11.91 W
1788686080.795764599,0 %, 2411 MHz, 43, 11.92 W
1788686080.896249205,0 %, 2411 MHz, 43, 11.92 W
1788686080.996726723,0 %, 2411 MHz, 43, 11.92 W
1788686081.097124560,0 %, 2411 MHz, 43, 11.92 W
1788686081.197738494,0 %, 2411 MHz, 43, 11.92 W
1788686081.297887756,0 %, 2411 MHz, 43, 11.93 W
1788686081.397904457,0 %, 2411 MHz, 43, 11.93 W
1788686081.498580151,0 %, 2411 MHz, 43, 11.93 W
1788686081.598686292,0 %, 2411 MHz, 43, 11.93 W
1788686081.699197810,0 %, 2411 MHz, 43, 11.93 W
1788686081.799223376,0 %, 2411 MHz, 43, 11.94 W
1788686081.899718605,0 %, 2411 MHz, 43, 11.94 W
1788686082.000333675,0 %, 2411 MHz, 43, 11.94 W
1788686082.100590089,0 %, 2411 MHz, 43, 11.94 W
1788686082.200828582,0 %, 2411 MHz, 43, 11.94 W
1788686082.300936436,0 %, 2411 MHz, 44, 11.96 W
1788686082.401149409,0 %, 2411 MHz, 44, 11.96 W
1788686082.501986191,0 %, 2411 MHz, 44, 11.96 W
1788686082.602427133,0 %, 2411 MHz, 44, 11.96 W
1788686082.702190730,0 %, 2411 MHz, 44, 11.96 W
1788686082.802438168,0 %, 2411 MHz, 44, 11.98 W
1788686082.902912902,0 %, 2411 MHz, 44, 11.98 W
1788686083.002913203,0 %, 2411 MHz, 44, 11.98 W
1788686083.103438305,0 %, 2411 MHz, 44, 11.98 W
1788686083.202932222,0 %, 2411 MHz, 44, 11.98 W
1788686083.303702812,0 %, 2411 MHz, 44, 11.97 W
1788686083.403587161,0 %, 2411 MHz, 44, 11.97 W
1788686083.504259031,0 %, 2411 MHz, 44, 11.97 W
1788686083.604681605,0 %, 2411 MHz, 44, 11.97 W
1788686083.704648194,0 %, 2411 MHz, 44, 11.97 W
1788686083.804589824,0 %, 2411 MHz, 44, 11.91 W
1788686083.905416765,0 %, 2411 MHz, 44, 11.91 W
1788686084.005768491,0 %, 2411 MHz, 44, 11.91 W
1788686084.106193817,0 %, 2411 MHz, 44, 11.91 W
1788686084.206414102,0 %, 2411 MHz, 44, 11.91 W
1788686084.306307716,0 %, 2411 MHz, 44, 11.91 W
1788686084.406422097,0 %, 2411 MHz, 44, 11.91 W
1788686084.506849791,0 %, 2411 MHz, 44, 11.91 W
1788686084.606931036,0 %, 2411 MHz, 44, 11.91 W
1788686084.707314970,0 %, 2411 MHz, 44, 11.91 W
1788686084.807817591,0 %, 2411 MHz, 44, 11.96 W
1788686084.908204789,0 %, 2411 MHz, 44, 11.96 W
1788686085.008410002,0 %, 2411 MHz, 44, 11.96 W
1788686085.108720128,0 %, 2411 MHz, 44, 11.96 W
1788686085.209332654,0 %, 2411 MHz, 44, 11.96 W
1788686085.309543851,0 %, 2411 MHz, 44, 11.97 W
1788686085.409562361,0 %, 2411 MHz, 44, 11.97 W
1788686085.509957926,0 %, 2411 MHz, 44, 11.97 W
1788686085.610731204,0 %, 2411 MHz, 44, 11.97 W
1788686085.710810497,0 %, 2411 MHz, 44, 11.97 W
1788686085.810876287,0 %, 2411 MHz, 44, 11.95 W
1788686085.911171212,0 %, 2411 MHz, 44, 11.95 W
1788686086.011211850,0 %, 2411 MHz, 44, 11.95 W
1788686086.111227047,0 %, 2411 MHz, 44, 11.95 W
1788686086.211942981,0 %, 2411 MHz, 44, 11.95 W
1788686086.312390802,0 %, 2411 MHz, 44, 11.93 W
1788686086.412160832,0 %, 2411 MHz, 44, 11.93 W
1788686086.512011053,0 %, 2411 MHz, 44, 11.93 W
1788686086.612732715,0 %, 2411 MHz, 44, 11.93 W
1788686086.712578584,0 %, 2411 MHz, 44, 11.93 W
1788686086.813086022,0 %, 2411 MHz, 44, 11.91 W
1788686086.913373859,0 %, 2411 MHz, 44, 11.91 W
1788686087.013420801,0 %, 2411 MHz, 44, 11.91 W
1788686087.113298702,0 %, 2411 MHz, 44, 11.91 W
1788686087.213906060,0 %, 2411 MHz, 44, 11.91 W
1788686087.314399273,0 %, 2411 MHz, 44, 11.92 W
1788686087.414092454,0 %, 2411 MHz, 44, 11.92 W
1788686087.514323300,0 %, 2411 MHz, 44, 11.92 W
1788686087.614989089,0 %, 2411 MHz, 44, 11.92 W
1788686087.714881647,0 %, 2411 MHz, 44, 11.92 W
1788686087.815412924,0 %, 2411 MHz, 44, 11.93 W
1788686087.914905402,0 %, 2411 MHz, 44, 11.93 W
1788686088.015326807,0 %, 2411 MHz, 44, 11.93 W
1788686088.115636629,0 %, 2411 MHz, 44, 11.93 W
1788686088.215865634,0 %, 2411 MHz, 44, 11.95 W
1788686088.315728191,0 %, 2411 MHz, 44, 11.95 W
1788686088.415716189,0 %, 2411 MHz, 44, 11.95 W
1788686088.516602202,0 %, 2411 MHz, 44, 11.95 W
1788686088.616118840,0 %, 2411 MHz, 44, 11.95 W
1788686088.716054517,0 %, 2411 MHz, 44, 11.98 W
1788686088.816830147,0 %, 2411 MHz, 44, 11.98 W
1788686088.917280224,0 %, 2411 MHz, 44, 11.98 W
1788686089.017828061,0 %, 2411 MHz, 44, 11.98 W
1788686089.117923899,0 %, 2411 MHz, 44, 11.98 W
1788686089.218604200,0 %, 2411 MHz, 44, 11.98 W
1788686089.318757286,0 %, 2411 MHz, 44, 11.98 W
1788686089.418628403,0 %, 2411 MHz, 44, 11.98 W
1788686089.518719809,0 %, 2411 MHz, 44, 11.98 W
1788686089.618708478,0 %, 2411 MHz, 44, 11.98 W
1788686089.719255179,0 %, 2411 MHz, 45, 12.00 W
1788686089.819228297,0 %, 2411 MHz, 45, 12.00 W
1788686089.920050550,0 %, 2411 MHz, 45, 12.00 W
1788686090.019966708,0 %, 2411 MHz, 45, 12.00 W
1788686090.120232033,0 %, 2411 MHz, 45, 12.00 W
1788686090.220395822,0 %, 2411 MHz, 45, 11.98 W
1788686090.320279228,0 %, 2411 MHz, 45, 11.98 W
1788686090.420884089,0 %, 2411 MHz, 45, 11.98 W
1788686090.520531462,0 %, 2411 MHz, 45, 11.98 W
1788686090.620731796,0 %, 2411 MHz, 45, 11.98 W
1788686090.721273105,0 %, 2411 MHz, 45, 11.99 W
1788686090.821989855,0 %, 2411 MHz, 45, 11.99 W
1788686090.922452684,0 %, 2411 MHz, 45, 11.99 W
1788686091.022531273,0 %, 2411 MHz, 45, 11.99 W
1788686091.122654039,0 %, 2411 MHz, 45, 11.99 W
1788686091.222945220,0 %, 2411 MHz, 45, 12.00 W
1788686091.323117377,0 %, 2411 MHz, 45, 12.00 W
1788686091.423209935,0 %, 2411 MHz, 45, 12.00 W
1788686091.523681228,0 %, 2411 MHz, 45, 12.00 W
1788686091.624865914,0 %, 2411 MHz, 45, 12.00 W
1788686091.725325815,0 %, 2411 MHz, 45, 11.98 W
1788686091.824926212,0 %, 2411 MHz, 45, 11.98 W
1788686091.925149346,0 %, 2411 MHz, 45, 11.98 W
1788686092.025331535,0 %, 2411 MHz, 45, 11.98 W
1788686092.125362140,0 %, 2411 MHz, 45, 11.98 W
1788686092.225307818,0 %, 2411 MHz, 45, 11.98 W
1788686092.326422391,0 %, 2411 MHz, 45, 11.98 W
1788686092.426155092,0 %, 2411 MHz, 45, 11.98 W
1788686092.526252882,0 %, 2411 MHz, 45, 11.98 W
1788686092.626694639,0 %, 2411 MHz, 45, 11.98 W
1788686092.726676236,0 %, 2411 MHz, 45, 11.99 W
1788686092.826978650,0 %, 2411 MHz, 45, 11.99 W
1788686092.927238103,0 %, 2411 MHz, 45, 11.99 W
1788686093.027649044,0 %, 2411 MHz, 45, 11.99 W
1788686093.127856050,0 %, 2411 MHz, 45, 11.99 W
1788686093.227844847,0 %, 2411 MHz, 45, 12.00 W
1788686093.328494140,0 %, 2411 MHz, 45, 12.00 W
1788686093.428788474,0 %, 2411 MHz, 45, 12.00 W
1788686093.528426615,0 %, 2411 MHz, 45, 12.00 W
1788686093.628701012,0 %, 2411 MHz, 45, 12.00 W
1788686093.728394785,0 %, 2405 MHz, 45, 12.05 W
1788686093.829159839,0 %, 2405 MHz, 45, 12.05 W
1788686093.929786908,0 %, 2405 MHz, 45, 12.05 W
1788686094.029196921,0 %, 2405 MHz, 45, 12.05 W
1788686094.129719575,0 %, 2405 MHz, 45, 12.05 W
1788686094.229918020,0 %, 2405 MHz, 45, 12.10 W
1788686094.329693889,0 %, 2405 MHz, 45, 12.10 W
1788686094.430267166,0 %, 2405 MHz, 45, 12.10 W
1788686094.530547548,0 %, 2405 MHz, 45, 12.10 W
1788686094.630779433,0 %, 2405 MHz, 45, 12.10 W
1788686094.730795590,0 %, 2405 MHz, 45, 12.12 W
1788686094.831209571,0 %, 2405 MHz, 45, 12.12 W
1788686094.931407361,0 %, 2405 MHz, 45, 12.12 W
1788686095.031868878,0 %, 2405 MHz, 45, 12.12 W
1788686095.131866699,0 %, 2405 MHz, 45, 12.12 W
1788686095.232008232,0 %, 2405 MHz, 45, 12.13 W
1788686095.332718566,0 %, 2405 MHz, 45, 12.13 W
1788686095.433133315,0 %, 2405 MHz, 45, 12.13 W
1788686095.533012336,0 %, 2405 MHz, 45, 12.13 W
1788686095.633228413,0 %, 2405 MHz, 45, 12.13 W
1788686095.733239563,0 %, 2405 MHz, 45, 12.14 W
1788686095.833537096,0 %, 2405 MHz, 45, 12.14 W
1788686095.933898213,0 %, 2405 MHz, 45, 12.14 W
1788686096.033860210,0 %, 2405 MHz, 45, 12.14 W
1788686096.134226864,0 %, 2405 MHz, 45, 12.14 W
1788686096.234809741,0 %, 2405 MHz, 45, 12.16 W
1788686096.334965578,0 %, 2405 MHz, 45, 12.16 W
1788686096.435131431,0 %, 2405 MHz, 45, 12.16 W
1788686096.535490853,0 %, 2405 MHz, 45, 12.16 W
1788686096.635585842,0 %, 2405 MHz, 45, 12.16 W
1788686096.735469503,0 %, 2405 MHz, 45, 12.14 W
1788686096.836048204,0 %, 2405 MHz, 45, 12.14 W
1788686096.936520169,0 %, 2405 MHz, 45, 12.14 W
1788686097.036950567,0 %, 2405 MHz, 45, 12.14 W
1788686097.137449860,0 %, 2405 MHz, 45, 12.14 W
1788686097.237637025,0 %, 2405 MHz, 45, 12.11 W
1788686097.338028542,0 %, 2405 MHz, 45, 12.11 W
1788686097.438511948,0 %, 2405 MHz, 45, 12.11 W
1788686097.538923273,0 %, 2405 MHz, 45, 12.11 W
1788686097.639671366,0 %, 2405 MHz, 45, 12.11 W
1788686097.739923123,0 %, 2405 MHz, 45, 12.10 W
1788686097.840269376,0 %, 2405 MHz, 45, 12.10 W
1788686097.940844462,0 %, 2405 MHz, 45, 12.10 W
1788686098.041063531,0 %, 2405 MHz, 45, 12.10 W
1788686098.141631816,0 %, 2405 MHz, 45, 12.10 W
1788686098.242345621,0 %, 2405 MHz, 45, 12.13 W
1788686098.342258162,0 %, 2405 MHz, 45, 12.13 W
1788686098.443111760,0 %, 2405 MHz, 45, 12.13 W
1788686098.542795709,0 %, 2405 MHz, 45, 12.13 W
1788686098.642859962,0 %, 2405 MHz, 45, 12.13 W
1788686098.743355815,0 %, 2405 MHz, 45, 12.15 W
1788686098.843529780,0 %, 2405 MHz, 45, 12.15 W
1788686098.943386817,0 %, 2405 MHz, 45, 12.15 W
1788686099.043742462,0 %, 2405 MHz, 45, 12.15 W
1788686099.144020028,0 %, 2405 MHz, 45, 12.15 W
1788686099.244615449,0 %, 2405 MHz, 45, 12.13 W
1788686099.344211270,0 %, 2405 MHz, 45, 12.13 W
1788686099.445208451,0 %, 2405 MHz, 45, 12.13 W
1788686099.545017728,0 %, 2405 MHz, 45, 12.13 W
1788686099.645921149,0 %, 2405 MHz, 45, 12.13 W
1788686099.746366651,0 %, 2405 MHz, 45, 12.13 W
1788686099.846160600,0 %, 2405 MHz, 45, 12.13 W
1788686099.947046805,0 %, 2405 MHz, 45, 12.13 W
1788686100.046994370,0 %, 2405 MHz, 45, 12.13 W
1788686100.147434831,0 %, 2405 MHz, 45, 12.13 W
1788686100.247853244,0 %, 2405 MHz, 45, 12.14 W
1788686100.348011961,0 %, 2405 MHz, 45, 12.14 W
1788686100.448366262,0 %, 2405 MHz, 45, 12.14 W
1788686100.548198068,0 %, 2405 MHz, 45, 12.14 W
1788686100.648949969,0 %, 2405 MHz, 45, 12.14 W
1788686100.748970542,0 %, 2405 MHz, 46, 12.15 W
1788686100.848964043,0 %, 2405 MHz, 46, 12.15 W
1788686100.949673256,0 %, 2405 MHz, 46, 12.15 W
1788686101.049591109,0 %, 2405 MHz, 46, 12.15 W
1788686101.149571842,0 %, 2405 MHz, 46, 12.15 W
1788686101.249719471,0 %, 2405 MHz, 46, 12.12 W
1788686101.349876876,0 %, 2405 MHz, 46, 12.12 W
1788686101.449725945,0 %, 2405 MHz, 46, 12.12 W
1788686101.550038838,0 %, 2405 MHz, 46, 12.12 W
1788686101.650261716,0 %, 2405 MHz, 46, 12.12 W
1788686101.750398673,0 %, 2405 MHz, 46, 12.10 W
1788686101.850885822,0 %, 2405 MHz, 46, 12.10 W
1788686101.951014891,0 %, 2405 MHz, 46, 12.10 W
1788686102.051124424,0 %, 2405 MHz, 46, 12.10 W
1788686102.151213429,0 %, 2405 MHz, 46, 12.10 W
1788686102.251731906,0 %, 2405 MHz, 46, 12.10 W
1788686102.352122831,0 %, 2405 MHz, 46, 12.10 W
1788686102.452185516,0 %, 2405 MHz, 46, 12.10 W
1788686102.553138441,0 %, 2405 MHz, 46, 12.10 W
1788686102.652993670,0 %, 2405 MHz, 46, 12.10 W
1788686102.753833779,0 %, 2405 MHz, 46, 12.12 W
1788686102.854290353,0 %, 2405 MHz, 46, 12.12 W
1788686102.954312654,0 %, 2405 MHz, 46, 12.12 W
1788686103.055038955,0 %, 2405 MHz, 46, 12.12 W
1788686103.155053240,0 %, 2405 MHz, 46, 12.12 W
1788686103.255001637,0 %, 2405 MHz, 46, 12.13 W
1788686103.354988674,0 %, 2405 MHz, 46, 12.13 W
1788686103.455296959,0 %, 2405 MHz, 46, 12.13 W
1788686103.555924092,0 %, 2405 MHz, 46, 12.13 W
1788686103.656170169,0 %, 2405 MHz, 46, 12.13 W
1788686103.756835350,0 %, 2405 MHz, 46, 12.11 W
1788686103.857303155,0 %, 2405 MHz, 46, 12.11 W
1788686103.957214896,0 %, 2405 MHz, 46, 12.11 W
1788686104.057774525,0 %, 2405 MHz, 46, 12.11 W
1788686104.158096234,0 %, 2405 MHz, 46, 12.11 W
1788686104.257707703,0 %, 2405 MHz, 46, 12.07 W
1788686104.357810852,0 %, 2405 MHz, 46, 12.07 W
1788686104.458271649,0 %, 2405 MHz, 46, 12.07 W
1788686104.558176606,0 %, 2405 MHz, 46, 12.07 W
1788686104.658831115,0 %, 2405 MHz, 46, 12.07 W
1788686104.759327032,0 %, 2405 MHz, 46, 12.10 W
1788686104.859409733,0 %, 2405 MHz, 46, 12.10 W
1788686104.960001906,0 %, 2405 MHz, 46, 12.10 W
1788686105.060549023,0 %, 2405 MHz, 46, 12.10 W
1788686105.160621852,0 %, 2405 MHz, 46, 12.10 W
1788686105.260824649,0 %, 2405 MHz, 46, 12.15 W
1788686105.360998438,0 %, 2405 MHz, 46, 12.15 W
1788686105.461116643,0 %, 2405 MHz, 46, 12.15 W
1788686105.561471680,0 %, 2405 MHz, 46, 12.15 W
1788686105.661605741,0 %, 2405 MHz, 46, 12.15 W
1788686105.761328154,0 %, 2405 MHz, 46, 12.16 W
1788686105.861970823,0 %, 2405 MHz, 46, 12.16 W
1788686105.962605092,0 %, 2405 MHz, 46, 12.16 W
1788686106.062646689,0 %, 2405 MHz, 46, 12.16 W
1788686106.162965630,0 %, 2405 MHz, 46, 12.16 W
1788686106.263294459,0 %, 2405 MHz, 46, 12.15 W
1788686106.363528360,0 %, 2405 MHz, 46, 12.15 W
1788686106.464044069,0 %, 2405 MHz, 46, 12.15 W
1788686106.564083890,0 %, 2405 MHz, 46, 12.15 W
1788686106.664448847,0 %, 2405 MHz, 46, 12.15 W
1788686106.764363948,0 %, 2405 MHz, 46, 12.16 W
1788686106.864713800,0 %, 2405 MHz, 46, 12.16 W
1788686106.965011973,0 %, 2405 MHz, 46, 12.16 W
1788686107.065736818,0 %, 2405 MHz, 46, 12.16 W
1788686107.166401935,0 %, 2405 MHz, 46, 12.16 W
1788686107.266022860,0 %, 2405 MHz, 46, 12.16 W
1788686107.366302777,0 %, 2405 MHz, 46, 12.16 W
1788686107.466598678,0 %, 2405 MHz, 46, 12.16 W
1788686107.566660803,0 %, 2405 MHz, 46, 12.16 W
1788686107.667077184,0 %, 2405 MHz, 46, 12.16 W
1788686107.767231085,0 %, 2405 MHz, 46, 12.13 W
1788686107.867166890,0 %, 2405 MHz, 46, 12.13 W
1788686107.967658727,0 %, 2405 MHz, 46, 12.13 W
1788686108.068072292,0 %, 2405 MHz, 46, 12.13 W
1788686108.168219105,0 %, 2405 MHz, 46, 12.13 W
1788686108.268431742,0 %, 2405 MHz, 46, 12.14 W
1788686108.368947962,0 %, 2405 MHz, 46, 12.14 W
1788686108.469587111,0 %, 2405 MHz, 46, 12.14 W
1788686108.568987412,0 %, 2405 MHz, 46, 12.14 W
1788686108.669269521,0 %, 2405 MHz, 46, 12.14 W
1788686108.769326446,0 %, 2405 MHz, 46, 12.16 W
1788686108.869396219,0 %, 2405 MHz, 46, 12.16 W
1788686108.969773448,0 %, 2405 MHz, 46, 12.16 W
1788686109.070097317,0 %, 2405 MHz, 46, 12.16 W
1788686109.170345457,0 %, 2405 MHz, 46, 12.16 W
1788686109.270239086,0 %, 2405 MHz, 46, 12.17 W
1788686109.370673707,0 %, 2405 MHz, 46, 12.17 W
1788686109.471186360,0 %, 2405 MHz, 46, 12.17 W
1788686109.571209093,0 %, 2405 MHz, 46, 12.17 W
1788686109.671308002,0 %, 2405 MHz, 46, 12.17 W
1788686109.771533759,0 %, 2405 MHz, 46, 12.18 W
1788686109.871958860,0 %, 2405 MHz, 46, 12.18 W
1788686109.972038552,0 %, 2405 MHz, 46, 12.18 W
1788686110.071990053,0 %, 2405 MHz, 46, 12.18 W
1788686110.172457442,0 %, 2405 MHz, 46, 12.18 W
1788686110.272614863,0 %, 2405 MHz, 46, 12.19 W
1788686110.372564524,0 %, 2405 MHz, 46, 12.19 W
1788686110.472895561,0 %, 2405 MHz, 46, 12.19 W
1788686110.572902437,0 %, 2405 MHz, 46, 12.19 W
1788686110.673257746,0 %, 2405 MHz, 46, 12.19 W
1788686110.773508511,0 %, 2405 MHz, 46, 12.18 W
1788686110.873292012,0 %, 2405 MHz, 46, 12.18 W
1788686110.973839625,0 %, 2405 MHz, 46, 12.18 W
1788686111.074038726,0 %, 2405 MHz, 46, 12.18 W
1788686111.174186178,0 %, 2405 MHz, 46, 12.18 W
1788686111.274465679,0 %, 2405 MHz, 46, 12.17 W
1788686111.374993276,0 %, 2405 MHz, 46, 12.17 W
1788686111.475138921,0 %, 2405 MHz, 46, 12.17 W
1788686111.575999894,0 %, 2405 MHz, 46, 12.17 W
1788686111.676010611,0 %, 2405 MHz, 46, 12.17 W
1788686111.776223696,0 %, 2405 MHz, 46, 12.16 W
1788686111.876817436,0 %, 2405 MHz, 46, 12.16 W
1788686111.976847737,0 %, 2405 MHz, 46, 12.16 W
1788686112.077513862,0 %, 2405 MHz, 46, 12.16 W
1788686112.177977379,0 %, 2405 MHz, 46, 12.16 W
1788686112.277922864,0 %, 2405 MHz, 46, 12.17 W
1788686112.378356892,0 %, 2405 MHz, 46, 12.17 W
1788686112.478857369,0 %, 2405 MHz, 46, 12.17 W
1788686112.579296710,0 %, 2405 MHz, 46, 12.17 W
1788686112.679570323,0 %, 2405 MHz, 46, 12.17 W
1788686112.779519792,0 %, 2405 MHz, 46, 12.18 W
1788686112.880070621,0 %, 2405 MHz, 46, 12.18 W
1788686112.980253097,0 %, 2405 MHz, 46, 12.18 W
1788686113.080792630,0 %, 2405 MHz, 46, 12.18 W
1788686113.180733219,0 %, 2405 MHz, 46, 12.18 W
1788686113.281231136,0 %, 2405 MHz, 46, 12.16 W
1788686113.381143996,0 %, 2405 MHz, 46, 12.16 W
1788686113.481455529,0 %, 2405 MHz, 46, 12.16 W
1788686113.582071974,0 %, 2405 MHz, 46, 12.16 W
1788686113.682646835,0 %, 2405 MHz, 46, 12.16 W
1788686113.782676400,0 %, 2405 MHz, 46, 12.15 W
1788686113.883277468,0 %, 2405 MHz, 46, 12.15 W
1788686113.983747385,0 %, 2405 MHz, 46, 12.15 W
1788686114.083536662,0 %, 2405 MHz, 46, 12.15 W
1788686114.183853907,0 %, 2405 MHz, 46, 12.15 W
1788686114.284157663,0 %, 2405 MHz, 46, 12.18 W
1788686114.384189868,0 %, 2405 MHz, 46, 12.18 W
1788686114.484139785,0 %, 2405 MHz, 46, 12.18 W
1788686114.584849718,0 %, 2405 MHz, 46, 12.18 W
1788686114.684962034,0 %, 2405 MHz, 46, 12.18 W
1788686114.785904175,0 %, 2405 MHz, 46, 12.21 W
1788686114.885624076,0 %, 2405 MHz, 46, 12.21 W
1788686114.986163625,0 %, 2405 MHz, 46, 12.21 W
1788686115.086530245,0 %, 2405 MHz, 46, 12.21 W
1788686115.187262962,0 %, 2405 MHz, 46, 12.21 W
1788686115.287243695,0 %, 2405 MHz, 46, 12.17 W
1788686115.388013948,0 %, 2405 MHz, 46, 12.17 W
1788686115.488186040,0 %, 2405 MHz, 46, 12.17 W
1788686115.588746645,0 %, 2405 MHz, 46, 12.17 W
1788686115.688412818,0 %, 2405 MHz, 46, 12.17 W
1788686115.789560974,0 %, 2405 MHz, 46, 12.14 W
1788686115.889936155,0 %, 2405 MHz, 46, 12.14 W
1788686115.990381592,0 %, 2405 MHz, 46, 12.14 W
1788686116.090250213,0 %, 2405 MHz, 46, 12.14 W
1788686116.190403201,0 %, 2405 MHz, 46, 12.14 W
1788686116.290784990,0 %, 2405 MHz, 47, 12.17 W
1788686116.391084987,0 %, 2405 MHz, 47, 12.17 W
1788686116.491414375,0 %, 2405 MHz, 47, 12.17 W
1788686116.592040884,0 %, 2405 MHz, 47, 12.17 W
1788686116.692027313,0 %, 2405 MHz, 47, 12.17 W
1788686116.792117422,0 %, 2405 MHz, 47, 12.21 W
1788686116.892402250,0 %, 2405 MHz, 47, 12.21 W
1788686116.992466423,0 %, 2405 MHz, 47, 12.21 W
1788686117.092904996,0 %, 2405 MHz, 47, 12.21 W
1788686117.193503616,0 %, 2405 MHz, 47, 12.21 W
1788686117.293560349,0 %, 2405 MHz, 47, 12.23 W
1788686117.393626889,0 %, 2405 MHz, 47, 12.23 W
1788686117.494208198,0 %, 2405 MHz, 47, 12.23 W
1788686117.594357283,0 %, 2405 MHz, 47, 12.23 W
1788686117.694624288,0 %, 2405 MHz, 47, 12.23 W
1788686117.795072172,0 %, 2405 MHz, 47, 12.22 W
1788686117.895269257,0 %, 2405 MHz, 47, 12.22 W
1788686117.995744454,0 %, 2405 MHz, 47, 12.22 W
1788686118.096114082,0 %, 2405 MHz, 47, 12.22 W
1788686118.196640239,0 %, 2405 MHz, 47, 12.22 W
1788686118.296394188,0 %, 2405 MHz, 47, 12.22 W
1788686118.396525144,0 %, 2405 MHz, 47, 12.22 W
1788686118.497352277,0 %, 2405 MHz, 47, 12.22 W
1788686118.597057505,0 %, 2405 MHz, 47, 12.22 W
1788686118.697380654,0 %, 2405 MHz, 47, 12.22 W
1788686118.797724459,0 %, 2405 MHz, 47, 12.23 W
1788686118.897444871,0 %, 2405 MHz, 47, 12.23 W
1788686118.998558500,0 %, 2405 MHz, 47, 12.23 W
1788686119.098666977,0 %, 2405 MHz, 47, 12.23 W
1788686119.198965277,0 %, 2405 MHz, 47, 12.23 W
1788686119.299245914,0 %, 2405 MHz, 47, 12.25 W
1788686119.399531159,0 %, 2405 MHz, 47, 12.25 W
1788686119.500001891,0 %, 2405 MHz, 47, 12.25 W
1788686119.599867952,0 %, 2405 MHz, 47, 12.25 W
1788686119.700420684,0 %, 2405 MHz, 47, 12.25 W
1788686119.800389865,0 %, 2405 MHz, 47, 12.27 W
1788686119.901046742,0 %, 2405 MHz, 47, 12.27 W
1788686120.001131730,0 %, 2405 MHz, 47, 12.27 W
1788686120.101376319,0 %, 2405 MHz, 47, 12.27 W
1788686120.202209099,0 %, 2405 MHz, 47, 12.27 W
1788686120.302206488,0 %, 2405 MHz, 47, 12.24 W
1788686120.402629285,0 %, 2405 MHz, 47, 12.24 W
1788686120.502923825,0 %, 2405 MHz, 47, 12.24 W
1788686120.603468110,0 %, 2405 MHz, 47, 12.24 W
1788686120.703764379,0 %, 2405 MHz, 47, 12.24 W
1788686120.803534023,0 %, 2405 MHz, 47, 12.23 W
1788686120.904162948,0 %, 2405 MHz, 47, 12.23 W
1788686121.004408320,0 %, 2405 MHz, 47, 12.23 W
1788686121.104621613,0 %, 2405 MHz, 47, 12.23 W
1788686121.205051721,0 %, 2405 MHz, 47, 12.23 W
1788686121.305093686,0 %, 2405 MHz, 47, 12.22 W
1788686121.405544338,0 %, 2405 MHz, 47, 12.22 W
1788686121.506115183,0 %, 2405 MHz, 47, 12.22 W
