1788686121.859725042,0 %, 1690 MHz, 40, 7.13 W
1788686121.960575033,0 %, 1690 MHz, 40, 7.13 W
1788686122.060991440,0 %, 1690 MHz, 40, 7.13 W
1788686122.161053702,0 %, 1690 MHz, 40, 7.13 W
1788686122.261637356,0 %, 1690 MHz, 40, 7.13 W
1788686122.361707395,0 %, 1690 MHz, 40, 7.13 W
1788686122.462042393,0 %, 1690 MHz, 40, 7.13 W
1788686122.562357983,0 %, 1690 MHz, 40, 7.13 W
1788686122.662634534,0 %, 1690 MHz, 40, 7.13 W
1788686122.762686540,0 %, 1690 MHz, 40, 7.05 W
1788686122.863015154,0 %, 1690 MHz, 40, 7.05 W
1788686122.963252409,0 %, 1690 MHz, 40, 7.05 W
1788686123.063610463,0 %, 1690 MHz, 40, 7.05 W
1788686123.164017350,7 %, 1690 MHz, 40, 7.05 W
1788686123.264572140,7 %, 1690 MHz, 40, 7.05 W
1788686123.364674083,7 %, 1690 MHz, 40, 7.05 W
1788686123.465325594,7 %, 1690 MHz, 40, 7.05 W
1788686123.565379040,7 %, 1690 MHz, 40, 7.05 W
1788686123.665955031,7 %, 1690 MHz, 40, 7.07 W
1788686123.765985149,7 %, 1690 MHz, 40, 7.07 W
1788686123.866553716,7 %, 1690 MHz, 40, 7.07 W
1788686123.966620570,7 %, 1690 MHz, 40, 7.07 W
1788686124.066996752,7 %, 1690 MHz, 40, 7.07 W
1788686124.167269527,0 %, 1690 MHz, 40, 7.04 W
1788686124.268115326,0 %, 1690 MHz, 40, 7.04 W
1788686124.368157956,0 %, 1690 MHz, 40, 7.04 W
1788686124.468720331,0 %, 1690 MHz, 40, 7.04 W
1788686124.568761266,0 %, 1690 MHz, 40, 7.04 W
1788686124.669268680,0 %, 1690 MHz, 40, 7.08 W
1788686124.769298879,0 %, 1690 MHz, 40, 7.08 W
1788686124.869887510,0 %, 1690 MHz, 40, 7.08 W
1788686124.969930860,0 %, 1690 MHz, 40, 7.08 W
1788686125.070282659,0 %, 1690 MHz, 40, 7.08 W
1788686125.170422345,0 %, 1690 MHz, 40, 7.09 W
1788686125.271267968,0 %, 1690 MHz, 40, 7.09 W
1788686125.371311687,0 %, 1690 MHz, 40, 7.09 W
1788686125.471516686,0 %, 1690 MHz, 40, 7.09 W
1788686125.571616084,0 %, 1690 MHz, 40, 7.09 W
1788686125.672250443,0 %, 1690 MHz, 40, 7.05 W
1788686125.772320386,0 %, 1690 MHz, 40, 7.05 W
1788686125.872907688,0 %, 1690 MHz, 40, 7.05 W
1788686125.972990031,0 %, 1690 MHz, 40, 7.05 W
1788686126.073612614,0 %, 1690 MHz, 40, 7.05 W
1788686126.173621437,0 %, 1690 MHz, 40, 7.02 W
1788686126.274016259,0 %, 1690 MHz, 40, 7.02 W
1788686126.373890042,0 %, 1690 MHz, 40, 7.02 W
1788686126.474722049,0 %, 1690 MHz, 40, 7.02 W
1788686126.575138088,0 %, 1690 MHz, 40, 7.02 W
1788686126.675383791,0 %, 1690 MHz, 40, 7.01 W
1788686126.775908822,0 %, 1690 MHz, 40, 7.01 W
1788686126.876264573,0 %, 1690 MHz, 40, 7.01 W
1788686126.976472851,0 %, 1690 MHz, 40, 7.01 W
1788686127.077063963,0 %, 1690 MHz, 40, 7.01 W
1788686127.177478018,0 %, 1690 MHz, 40, 7.02 W
1788686127.277946697,0 %, 1690 MHz, 40, 7.02 W
1788686127.378443216,0 %, 1690 MHz, 40, 7.02 W
1788686127.478974567,0 %, 1690 MHz, 40, 7.02 W
1788686127.579335614,0 %, 1690 MHz, 40, 7.02 W
1788686127.679907813,0 %, 1690 MHz, 41, 7.04 W
1788686127.780454588,0 %, 1690 MHz, 41, 7.04 W
1788686127.880769795,0 %, 1690 MHz, 41, 7.04 W
1788686127.981240154,0 %, 1690 MHz, 41, 7.04 W
1788686128.081766289,0 %, 1690 MHz, 41, 7.04 W
1788686128.182175208,2 %, 1690 MHz, 41, 7.05 W
1788686128.282644991,2 %, 1690 MHz, 41, 7.05 W
1788686128.383135431,2 %, 1690 MHz, 41, 7.05 W
1788686128.483626494,2 %, 1690 MHz, 41, 7.05 W
1788686128.584091365,2 %, 1690 MHz, 41, 7.05 W
1788686128.684717564,2 %, 1690 MHz, 41, 7.06 W
1788686128.785043587,2 %, 1690 MHz, 41, 7.06 W
1788686128.885515899,2 %, 1690 MHz, 41, 7.06 W
1788686128.985990690,2 %, 1690 MHz, 41, 7.06 W
1788686129.086449161,2 %, 1690 MHz, 41, 7.06 W
1788686129.186935376,1 %, 1690 MHz, 41, 7.06 W
1788686129.287402007,1 %, 1690 MHz, 41, 7.06 W
1788686129.387564366,1 %, 1690 MHz, 41, 7.06 W
1788686129.487319733,1 %, 1690 MHz, 41, 7.06 W
1788686129.588115245,1 %, 1690 MHz, 41, 7.06 W
1788686129.687983939,1 %, 1690 MHz, 41, 7.10 W
1788686129.787674442,1 %, 1690 MHz, 41, 7.10 W
1788686129.888400753,1 %, 1690 MHz, 41, 7.10 W
1788686129.989062009,1 %, 1690 MHz, 41, 7.10 W
1788686130.089617424,1 %, 1690 MHz, 41, 7.10 W
1788686130.190022632,1 %, 1690 MHz, 41, 7.14 W
1788686130.290488255,1 %, 1690 MHz, 41, 7.14 W
1788686130.390938822,1 %, 1690 MHz, 41, 7.14 W
1788686130.491401694,1 %, 1690 MHz, 41, 7.14 W
1788686130.591876981,1 %, 1690 MHz, 41, 7.14 W
1788686130.692545437,1 %, 1690 MHz, 42, 7.11 W
1788686130.792835700,1 %, 1690 MHz, 42, 7.11 W
1788686130.893596987,1 %, 1690 MHz, 42, 7.11 W
1788686130.993555378,1 %, 1690 MHz, 42, 7.11 W
1788686131.094251018,1 %, 1690 MHz, 42, 7.11 W
1788686131.194634625,1 %, 1690 MHz, 42, 7.09 W
1788686131.294907513,1 %, 1690 MHz, 42, 7.09 W
1788686131.395368560,1 %, 1690 MHz, 42, 7.09 W
1788686131.495972568,1 %, 1690 MHz, 42, 7.09 W
1788686131.596343151,1 %, 1690 MHz, 42, 7.09 W
1788686131.696823687,1 %, 1690 MHz, 42, 7.08 W
1788686131.797289742,1 %, 1690 MHz, 42, 7.08 W
1788686131.897493141,1 %, 1690 MHz, 42, 7.08 W
1788686131.998019789,1 %, 1690 MHz, 42, 7.08 W
1788686132.098450485,1 %, 1690 MHz, 42, 7.08 W
1788686132.198949244,2 %, 1690 MHz, 42, 7.06 W
1788686132.299420004,2 %, 1690 MHz, 42, 7.06 W
1788686132.399908747,2 %, 1690 MHz, 42, 7.06 W
1788686132.500411891,2 %, 1690 MHz, 42, 7.06 W
1788686132.600911131,2 %, 1690 MHz, 42, 7.06 W
1788686132.701404354,2 %, 1690 MHz, 42, 7.01 W
1788686132.801812618,2 %, 1690 MHz, 42, 7.01 W
1788686132.902277649,2 %, 1690 MHz, 42, 7.01 W
1788686133.002818601,2 %, 1690 MHz, 42, 7.01 W
1788686133.103277857,2 %, 1690 MHz, 42, 7.01 W
1788686133.203841368,1 %, 1690 MHz, 42, 6.95 W
1788686133.304197168,1 %, 1690 MHz, 42, 6.95 W
1788686133.404653751,1 %, 1690 MHz, 42, 6.95 W
1788686133.505136383,1 %, 1690 MHz, 42, 6.95 W
1788686133.605450359,1 %, 1690 MHz, 42, 6.95 W
1788686133.705932270,1 %, 1690 MHz, 42, 6.95 W
1788686133.806382246,1 %, 1690 MHz, 42, 6.95 W
1788686133.906893518,1 %, 1690 MHz, 42, 6.95 W
1788686134.007348742,1 %, 1690 MHz, 42, 6.95 W
1788686134.107548733,1 %, 1690 MHz, 42, 6.95 W
1788686134.208070661,1 %, 1690 MHz, 43, 7.01 W
1788686134.308500429,1 %, 1690 MHz, 43, 7.01 W
1788686134.408987876,1 %, 1690 MHz, 43, 7.01 W
1788686134.509415132,1 %, 1690 MHz, 43, 7.01 W
1788686134.609919076,1 %, 1690 MHz, 43, 7.01 W
1788686134.710593708,1 %, 1690 MHz, 43, 7.03 W
1788686134.810899636,1 %, 1690 MHz, 43, 7.03 W
1788686134.911509948,1 %, 1690 MHz, 43, 7.03 W
1788686135.011812723,1 %, 1690 MHz, 43, 7.03 W
1788686135.112335723,1 %, 1690 MHz, 43, 7.03 W
1788686135.212824819,1 %, 1690 MHz, 43, 7.02 W
1788686135.313269067,1 %, 1690 MHz, 43, 7.02 W
1788686135.413722003,1 %, 1690 MHz, 43, 7.02 W
1788686135.514200363,1 %, 1690 MHz, 43, 7.02 W
1788686135.614454690,1 %, 1690 MHz, 43, 7.02 W
1788686135.714930106,1 %, 1690 MHz, 43, 7.01 W
1788686135.815384802,1 %, 1690 MHz, 43, 7.01 W
1788686135.915891178,1 %, 1690 MHz, 43, 7.01 W
1788686136.016339314,1 %, 1690 MHz, 43, 7.01 W
1788686136.116776730,1 %, 1690 MHz, 43, 7.01 W
1788686136.217274242,1 %, 1690 MHz, 43, 7.03 W
1788686136.317768714,1 %, 1690 MHz, 43, 7.03 W
1788686136.418237970,1 %, 1690 MHz, 43, 7.03 W
1788686136.518466618,1 %, 1690 MHz, 43, 7.03 W
1788686136.618915138,1 %, 1690 MHz, 43, 7.03 W
1788686136.719545370,1 %, 1690 MHz, 43, 7.06 W
1788686136.819872706,1 %, 1690 MHz, 43, 7.06 W
1788686136.920304186,1 %, 1690 MHz, 43, 7.06 W
1788686137.020855154,1 %, 1690 MHz, 43, 7.06 W
1788686137.121166314,1 %, 1690 MHz, 43, 7.06 W
1788686137.221808514,2 %, 1690 MHz, 43, 7.07 W
1788686137.322267162,2 %, 1690 MHz, 43, 7.07 W
1788686137.422068098,2 %, 1690 MHz, 43, 7.07 W
1788686137.522400554,2 %, 1690 MHz, 43, 7.07 W
1788686137.622738290,2 %, 1690 MHz, 43, 7.07 W
1788686137.722392617,2 %, 1690 MHz, 43, 7.11 W
1788686137.823217473,2 %, 1690 MHz, 43, 7.11 W
1788686137.923962474,2 %, 1690 MHz, 43, 7.11 W
1788686138.024179986,2 %, 1690 MHz, 43, 7.11 W
1788686138.124720474,2 %, 1690 MHz, 43, 7.11 W
1788686138.225364386,1 %, 1690 MHz, 44, 7.12 W
1788686138.325907162,1 %, 1690 MHz, 44, 7.12 W
1788686138.426113458,1 %, 1690 MHz, 44, 7.12 W
1788686138.526571963,1 %, 1690 MHz, 44, 7.12 W
1788686138.626917155,1 %, 1690 MHz, 44, 7.12 W
1788686138.727456731,1 %, 1690 MHz, 44, 7.06 W
1788686138.827510227,1 %, 1690 MHz, 44, 7.06 W
1788686138.927980203,1 %, 1690 MHz, 44, 7.06 W
1788686139.028669187,1 %, 1690 MHz, 44, 7.06 W
1788686139.128989388,1 %, 1690 MHz, 44, 7.06 W
1788686139.229363620,2 %, 1690 MHz, 44, 7.06 W
1788686139.329893500,2 %, 1690 MHz, 44, 7.06 W
1788686139.430587893,2 %, 1690 MHz, 44, 7.06 W
1788686139.530875277,2 %, 1690 MHz, 44, 7.06 W
1788686139.631323685,2 %, 1690 MHz, 44, 7.06 W
1788686139.731518525,2 %, 1690 MHz, 44, 7.78 W
1788686139.832065541,2 %, 1690 MHz, 44, 7.78 W
1788686139.932114861,2 %, 1690 MHz, 44, 7.78 W
1788686140.032155429,2 %, 1690 MHz, 44, 7.78 W
1788686140.132736302,2 %, 1690 MHz, 44, 7.78 W
1788686140.233173990,0 %, 1690 MHz, 44, 7.78 W
1788686140.333390526,0 %, 1690 MHz, 44, 7.78 W
1788686140.433792647,0 %, 1690 MHz, 44, 7.78 W
1788686140.534213327,0 %, 1690 MHz, 44, 7.78 W
1788686140.634460839,0 %, 1690 MHz, 44, 7.78 W
1788686140.734870672,0 %, 1690 MHz, 44, 7.10 W
1788686140.835075848,0 %, 1690 MHz, 44, 7.10 W
1788686140.935737937,0 %, 1690 MHz, 44, 7.10 W
1788686141.036091337,0 %, 1690 MHz, 44, 7.10 W
1788686141.136324865,0 %, 1690 MHz, 44, 7.10 W
1788686141.236806586,0 %, 1690 MHz, 44, 7.09 W
1788686141.337229362,0 %, 1690 MHz, 44, 7.09 W
1788686141.437609339,0 %, 1690 MHz, 44, 7.09 W
1788686141.538046435,0 %, 1690 MHz, 44, 7.09 W
1788686141.638560524,0 %, 1690 MHz, 44, 7.09 W
1788686141.738911716,0 %, 1690 MHz, 44, 7.06 W
1788686141.839253180,0 %, 1690 MHz, 44, 7.06 W
1788686141.939684293,0 %, 1690 MHz, 44, 7.06 W
1788686142.040137613,0 %, 1690 MHz, 44, 7.06 W
1788686142.140412230,0 %, 1690 MHz, 44, 7.06 W
1788686142.240845054,0 %, 1690 MHz, 44, 7.06 W
1788686142.341276983,0 %, 1690 MHz, 44, 7.06 W
1788686142.441747008,0 %, 1690 MHz, 44, 7.06 W
1788686142.542180216,0 %, 1690 MHz, 44, 7.06 W
1788686142.642602033,0 %, 1690 MHz, 44, 7.06 W
1788686142.743082201,0 %, 1690 MHz, 44, 7.07 W
1788686142.843327650,0 %, 1690 MHz, 44, 7.07 W
1788686142.943755626,0 %, 1690 MHz, 44, 7.07 W
1788686143.044272419,0 %, 1690 MHz, 44, 7.07 W
1788686143.144517260,0 %, 1690 MHz, 44, 7.07 W
1788686143.244640308,0 %, 1690 MHz, 43, 7.05 W
1788686143.344417260,0 %, 1690 MHz, 43, 7.05 W
1788686143.444572452,0 %, 1690 MHz, 43, 7.05 W
1788686143.545872062,0 %, 1690 MHz, 43, 7.05 W
1788686143.646229174,0 %, 1690 MHz, 43, 7.05 W
1788686143.746905455,0 %, 1690 MHz, 43, 7.05 W
1788686143.847048424,0 %, 1690 MHz, 43, 7.05 W
1788686143.947577329,0 %, 1690 MHz, 43, 7.05 W
1788686144.047961033,0 %, 1690 MHz, 43, 7.05 W
1788686144.148618626,0 %, 1690 MHz, 43, 7.05 W
1788686144.248841115,0 %, 1690 MHz, 43, 7.06 W
1788686144.349002243,0 %, 1690 MHz, 43, 7.06 W
1788686144.449332972,0 %, 1690 MHz, 43, 7.06 W
1788686144.549614677,0 %, 1690 MHz, 43, 7.06 W
1788686144.650011997,0 %, 1690 MHz, 43, 7.06 W
1788686144.750322118,0 %, 1690 MHz, 43, 7.06 W
1788686144.851033823,0 %, 1690 MHz, 43, 7.06 W
1788686144.951360520,0 %, 1690 MHz, 43, 7.06 W
1788686145.051610497,0 %, 1690 MHz, 43, 7.06 W
1788686145.151981305,0 %, 1690 MHz, 43, 7.06 W
1788686145.252305858,0 %, 1690 MHz, 43, 7.07 W
1788686145.352315387,0 %, 1690 MHz, 43, 7.07 W
1788686145.453205140,0 %, 1690 MHz, 43, 7.07 W
1788686145.553505277,0 %, 1690 MHz, 43, 7.07 W
1788686145.653682901,0 %, 1690 MHz, 43, 7.07 W
1788686145.754085998,0 %, 1690 MHz, 43, 7.05 W
1788686145.854402679,0 %, 1690 MHz, 43, 7.05 W
1788686145.955136608,0 %, 1690 MHz, 43, 7.05 W
1788686146.055445257,0 %, 1690 MHz, 43, 7.05 W
1788686146.155646178,0 %, 1690 MHz, 43, 7.05 W
1788686146.255982523,0 %, 1690 MHz, 43, 7.03 W
1788686146.356334852,0 %, 1690 MHz, 43, 7.03 W
1788686146.457042701,0 %, 1690 MHz, 43, 7.03 W
1788686146.557348006,0 %, 1690 MHz, 43, 7.03 W
1788686146.657729647,0 %, 1690 MHz, 43, 7.03 W
1788686146.758088888,0 %, 1690 MHz, 43, 7.04 W
1788686146.858761889,0 %, 1690 MHz, 43, 7.04 W
1788686146.959080634,0 %, 1690 MHz, 43, 7.04 W
1788686147.059459539,0 %, 1690 MHz, 43, 7.04 W
1788686147.159655931,0 %, 1690 MHz, 43, 7.04 W
1788686147.259984500,0 %, 1690 MHz, 43, 7.07 W
1788686147.360703502,0 %, 1690 MHz, 43, 7.07 W
1788686147.461036279,0 %, 1690 MHz, 43, 7.07 W
1788686147.561388160,0 %, 1690 MHz, 43, 7.07 W
1788686147.661611657,0 %, 1690 MHz, 43, 7.07 W
1788686147.761991858,0 %, 1690 MHz, 43, 7.08 W
1788686147.862608651,0 %, 1690 MHz, 43, 7.08 W
1788686147.962793348,0 %, 1690 MHz, 43, 7.08 W
1788686148.063334525,0 %, 1690 MHz, 43, 7.08 W
1788686148.163662262,0 %, 1690 MHz, 43, 7.08 W
1788686148.263961263,0 %, 1690 MHz, 43, 7.10 W
1788686148.364688249,0 %, 1690 MHz, 43, 7.10 W
1788686148.465039730,0 %, 1690 MHz, 43, 7.10 W
1788686148.565411227,0 %, 1690 MHz, 43, 7.10 W
1788686148.666109444,0 %, 1690 MHz, 43, 7.10 W
1788686148.766409021,0 %, 1690 MHz, 43, 7.06 W
1788686148.866863079,0 %, 1690 MHz, 43, 7.06 W
1788686148.967043792,0 %, 1690 MHz, 43, 7.06 W
1788686149.067387929,0 %, 1690 MHz, 43, 7.06 W
1788686149.168061058,0 %, 1690 MHz, 42, 7.00 W
1788686149.267150522,0 %, 1690 MHz, 42, 7.00 W
1788686149.367561668,0 %, 1690 MHz, 42, 7.00 W
1788686149.467817629,0 %, 1690 MHz, 42, 7.00 W
1788686149.568718102,0 %, 1690 MHz, 42, 7.00 W
1788686149.669205024,0 %, 1690 MHz, 42, 7.00 W
1788686149.769537849,0 %, 1690 MHz, 42, 7.00 W
1788686149.869945874,0 %, 1690 MHz, 42, 7.00 W
1788686149.970604636,0 %, 1690 MHz, 42, 7.00 W
1788686150.070794261,0 %, 1690 MHz, 42, 7.00 W
1788686150.171104830,0 %, 1690 MHz, 42, 6.99 W
1788686150.271466855,0 %, 1690 MHz, 42, 6.99 W
1788686150.371841473,0 %, 1690 MHz, 42, 6.99 W
1788686150.472550059,0 %, 1690 MHz, 42, 6.99 W
1788686150.572731044,0 %, 1690 MHz, 42, 6.99 W
1788686150.673048141,0 %, 1690 MHz, 42, 6.99 W
1788686150.773407542,0 %, 1690 MHz, 42, 6.99 W
1788686150.873563199,0 %, 1690 MHz, 42, 6.99 W
1788686150.973972649,0 %, 1690 MHz, 42, 6.99 W
1788686151.074674626,0 %, 1690 MHz, 42, 6.99 W
1788686151.174836252,0 %, 1690 MHz, 42, 7.00 W
1788686151.275140469,0 %, 1690 MHz, 42, 7.00 W
1788686151.375512351,0 %, 1690 MHz, 42, 7.00 W
1788686151.475849048,0 %, 1690 MHz, 42, 7.00 W
1788686151.576611154,0 %, 1690 MHz, 42, 7.00 W
1788686151.676913819,0 %, 1690 MHz, 42, 6.97 W
1788686151.777222228,0 %, 1690 MHz, 42, 6.97 W
1788686151.877576286,0 %, 1690 MHz, 42, 6.97 W
1788686151.978280616,0 %, 1690 MHz, 42, 6.97 W
1788686152.078623473,0 %, 1690 MHz, 42, 6.97 W
1788686152.178942827,0 %, 1690 MHz, 42, 6.95 W
1788686152.279309284,0 %, 1690 MHz, 42, 6.95 W
1788686152.380012910,0 %, 1690 MHz, 42, 6.95 W
1788686152.480335927,0 %, 1690 MHz, 42, 6.95 W
1788686152.580608449,0 %, 1690 MHz, 42, 6.95 W
1788686152.680999962,0 %, 1690 MHz, 42, 6.97 W
1788686152.781347348,0 %, 1690 MHz, 42, 6.97 W
1788686152.881499533,0 %, 1690 MHz, 42, 6.97 W
1788686152.982226263,0 %, 1690 MHz, 42, 6.97 W
1788686153.082542337,0 %, 1690 MHz, 42, 6.97 W
1788686153.182937146,0 %, 1690 MHz, 42, 6.97 W
1788686153.283265220,0 %, 1690 MHz, 42, 6.97 W
1788686153.383473549,0 %, 1690 MHz, 42, 6.97 W
1788686153.484187399,0 %, 1690 MHz, 42, 6.97 W
1788686153.584489713,0 %, 1690 MHz, 42, 6.97 W
1788686153.684672442,0 %, 1690 MHz, 42, 6.99 W
1788686153.785080100,0 %, 1690 MHz, 42, 6.99 W
1788686153.885408030,0 %, 1690 MHz, 42, 6.99 W
1788686153.986101800,0 %, 1690 MHz, 42, 6.99 W
1788686154.086420145,0 %, 1690 MHz, 42, 6.99 W
1788686154.186826299,0 %, 1690 MHz, 42, 6.98 W
1788686154.287176693,0 %, 1690 MHz, 42, 6.98 W
1788686154.387846239,0 %, 1690 MHz, 42, 6.98 W
1788686154.488155528,0 %, 1690 MHz, 42, 6.98 W
1788686154.588515810,0 %, 1690 MHz, 42, 6.98 W
1788686154.688903324,0 %, 1690 MHz, 42, 6.95 W
1788686154.789563782,0 %, 1690 MHz, 42, 6.95 W
1788686154.889818255,0 %, 1690 MHz, 42, 6.95 W
1788686154.989318152,0 %, 1690 MHz, 42, 6.95 W
1788686155.090493843,0 %, 1690 MHz, 42, 6.95 W
1788686155.190637613,0 %, 1690 MHz, 42, 6.95 W
1788686155.291012422,0 %, 1690 MHz, 42, 6.95 W
1788686155.391740161,0 %, 1690 MHz, 42, 6.95 W
1788686155.492008282,0 %, 1690 MHz, 42, 6.95 W
1788686155.592350100,0 %, 1690 MHz, 42, 6.95 W
1788686155.692611054,0 %, 1690 MHz, 42, 6.95 W
1788686155.792948440,0 %, 1690 MHz, 42, 6.95 W
1788686155.893627394,0 %, 1690 MHz, 42, 6.95 W
1788686155.993820475,0 %, 1690 MHz, 42, 6.95 W
1788686156.094142293,0 %, 1690 MHz, 42, 6.95 W
1788686156.194482207,0 %, 1690 MHz, 42, 6.98 W
1788686156.294660297,0 %, 1690 MHz, 42, 6.98 W
1788686156.395041859,0 %, 1690 MHz, 42, 6.98 W
1788686156.495786765,0 %, 1690 MHz, 42, 6.98 W
1788686156.596085639,0 %, 1690 MHz, 42, 6.98 W
1788686156.696394273,0 %, 1690 MHz, 42, 6.99 W
1788686156.796775691,0 %, 1690 MHz, 42, 6.99 W
1788686156.897071349,0 %, 1690 MHz, 42, 6.99 W
1788686156.997785103,0 %, 1690 MHz, 42, 6.99 W
1788686157.098121833,0 %, 1690 MHz, 42, 6.99 W
1788686157.198074547,0 %, 1690 MHz, 42, 6.99 W
1788686157.298258316,0 %, 1690 MHz, 42, 6.99 W
1788686157.398476182,0 %, 1690 MHz, 42, 6.99 W
1788686157.498972464,0 %, 1690 MHz, 42, 6.99 W
1788686157.599224154,0 %, 1690 MHz, 42, 6.99 W
1788686157.700077941,0 %, 1690 MHz, 42, 7.01 W
1788686157.799503982,0 %, 1690 MHz, 42, 7.01 W
1788686157.899682056,0 %, 1690 MHz, 42, 7.01 W
1788686158.000205970,0 %, 1690 MHz, 42, 7.01 W
1788686158.099911676,0 %, 1690 MHz, 42, 7.01 W
1788686158.200530758,0 %, 1690 MHz, 42, 6.97 W
1788686158.300988128,0 %, 1690 MHz, 42, 6.97 W
1788686158.401274858,0 %, 1690 MHz, 42, 6.97 W
1788686158.502078309,0 %, 1690 MHz, 42, 6.97 W
1788686158.602566959,0 %, 1690 MHz, 42, 6.97 W
1788686158.703100713,0 %, 1690 MHz, 42, 6.96 W
1788686158.803448179,0 %, 1690 MHz, 42, 6.96 W
1788686158.903399629,0 %, 1690 MHz, 42, 6.96 W
1788686159.003747031,0 %, 1690 MHz, 42, 6.96 W
1788686159.104423410,0 %, 1690 MHz, 42, 6.96 W
1788686159.204867724,0 %, 1690 MHz, 42, 7.00 W
1788686159.305123894,0 %, 1690 MHz, 42, 7.00 W
1788686159.405317536,0 %, 1690 MHz, 42, 7.00 W
1788686159.505857035,0 %, 1690 MHz, 42, 7.00 W
1788686159.606345125,0 %, 1690 MHz, 42, 7.00 W
1788686159.706957375,0 %, 1690 MHz, 42, 7.01 W
1788686159.806949961,0 %, 1690 MHz, 42, 7.01 W
1788686159.907220723,0 %, 1690 MHz, 42, 7.01 W
1788686160.007587070,0 %, 1690 MHz, 42, 7.01 W
1788686160.108003576,0 %, 1690 MHz, 42, 7.01 W
1788686160.208305778,0 %, 1690 MHz, 42, 7.04 W
1788686160.308446940,0 %, 1690 MHz, 42, 7.04 W
1788686160.409162999,0 %, 1690 MHz, 42, 7.04 W
1788686160.509496033,0 %, 1690 MHz, 42, 7.04 W
1788686160.609487195,0 %, 1690 MHz, 42, 7.04 W
1788686160.710104582,0 %, 1690 MHz, 42, 7.06 W
1788686160.810563104,0 %, 1690 MHz, 42, 7.06 W
1788686160.911109115,0 %, 1690 MHz, 42, 7.06 W
1788686161.011434133,0 %, 1690 MHz, 42, 7.06 W
1788686161.111458143,0 %, 1690 MHz, 42, 7.06 W
1788686161.212021594,0 %, 1690 MHz, 42, 7.02 W
1788686161.312174404,0 %, 1690 MHz, 42, 7.02 W
1788686161.413075343,0 %, 1690 MHz, 42, 7.02 W
1788686161.513172921,0 %, 1690 MHz, 42, 7.02 W
1788686161.613401091,0 %, 1690 MHz, 42, 7.02 W
1788686161.714049438,0 %, 1690 MHz, 41, 6.98 W
1788686161.814646921,0 %, 1690 MHz, 41, 6.98 W
1788686161.914903075,0 %, 1690 MHz, 41, 6.98 W
1788686162.015216413,0 %, 1690 MHz, 41, 6.98 W
1788686162.115332248,0 %, 1690 MHz, 41, 6.98 W
1788686162.215669986,0 %, 1690 MHz, 41, 6.98 W
1788686162.315932604,0 %, 1690 MHz, 41, 6.98 W
1788686162.416409879,0 %, 1690 MHz, 41, 6.98 W
1788686162.516965826,0 %, 1690 MHz, 41, 6.98 W
1788686162.617596797,0 %, 1690 MHz, 41, 6.98 W
1788686162.717597495,0 %, 1690 MHz, 41, 6.99 W
1788686162.818119185,0 %, 1690 MHz, 41, 6.99 W
1788686162.918845724,0 %, 1690 MHz, 41, 6.99 W
1788686163.018953927,0 %, 1690 MHz, 41, 6.99 W
1788686163.119565297,0 %, 1690 MHz, 41, 6.99 W
1788686163.219710940,0 %, 1690 MHz, 41, 6.99 W
1788686163.320404167,0 %, 1690 MHz, 41, 6.99 W
1788686163.420801617,0 %, 1690 MHz, 41, 6.99 W
1788686163.520924892,0 %, 1690 MHz, 41, 6.99 W
1788686163.620511270,0 %, 1690 MHz, 41, 6.99 W
1788686163.720461040,0 %, 1690 MHz, 41, 7.00 W
1788686163.820953051,0 %, 1690 MHz, 41, 7.00 W
1788686163.921114405,0 %, 1690 MHz, 41, 7.00 W
1788686164.022115184,0 %, 1690 MHz, 41, 7.00 W
1788686164.121270554,0 %, 1690 MHz, 41, 7.00 W
1788686164.221446276,0 %, 1690 MHz, 41, 7.00 W
1788686164.321558623,0 %, 1690 MHz, 41, 7.00 W
1788686164.422260234,0 %, 1690 MHz, 41, 7.00 W
1788686164.522662901,0 %, 1690 MHz, 41, 7.00 W
1788686164.623245568,0 %, 1690 MHz, 41, 7.00 W
1788686164.723444282,0 %, 1690 MHz, 41, 6.97 W
1788686164.823538661,0 %, 1690 MHz, 41, 6.97 W
1788686164.924192240,0 %, 1690 MHz, 41, 6.97 W
1788686165.024460778,0 %, 1690 MHz, 41, 6.97 W
1788686165.125033285,0 %, 1690 MHz, 41, 6.97 W
1788686165.225577088,0 %, 1690 MHz, 41, 6.97 W
1788686165.326355739,0 %, 1690 MHz, 41, 6.97 W
1788686165.426497638,0 %, 1690 MHz, 41, 6.97 W
1788686165.526343232,0 %, 1690 MHz, 41, 6.97 W
1788686165.626941531,0 %, 1690 MHz, 41, 6.97 W
1788686165.726546710,0 %, 1690 MHz, 41, 6.98 W
1788686165.826790720,0 %, 1690 MHz, 41, 6.98 W
1788686165.927061899,0 %, 1690 MHz, 41, 6.98 W
1788686166.027086885,0 %, 1690 MHz, 41, 6.98 W
1788686166.128147505,0 %, 1690 MHz, 41, 6.98 W
1788686166.227614875,0 %, 1690 MHz, 41, 7.01 W
1788686166.327769830,0 %, 1690 MHz, 41, 7.01 W
1788686166.428281425,0 %, 1690 MHz, 41, 7.01 W
1788686166.528416204,0 %, 1690 MHz, 41, 7.01 W
1788686166.629421111,0 %, 1690 MHz, 41, 7.01 W
1788686166.729988514,0 %, 1690 MHz, 41, 7.05 W
1788686166.830281309,0 %, 1690 MHz, 41, 7.05 W
1788686166.930642904,0 %, 1690 MHz, 41, 7.05 W
1788686167.030484050,0 %, 1690 MHz, 41, 7.05 W
1788686167.131107822,0 %, 1690 MHz, 41, 7.05 W
1788686167.231174056,0 %, 1690 MHz, 41, 7.01 W
1788686167.332202612,0 %, 1690 MHz, 41, 7.01 W
1788686167.432589967,0 %, 1690 MHz, 41, 7.01 W
1788686167.532788058,0 %, 1690 MHz, 41, 7.01 W
1788686167.633084197,0 %, 1690 MHz, 41, 7.01 W
1788686167.733124159,0 %, 1690 MHz, 41, 6.98 W
1788686167.834029803,0 %, 1690 MHz, 41, 6.98 W
1788686167.934260582,0 %, 1690 MHz, 41, 6.98 W
1788686168.034723969,0 %, 1690 MHz, 41, 6.98 W
1788686168.135042588,0 %, 1690 MHz, 41, 6.98 W
1788686168.235776423,0 %, 1690 MHz, 41, 7.01 W
1788686168.335964226,0 %, 1690 MHz, 41, 7.01 W
1788686168.436275021,0 %, 1690 MHz, 41, 7.01 W
1788686168.536650953,0 %, 1690 MHz, 41, 7.01 W
1788686168.637517924,0 %, 1690 MHz, 41, 7.01 W
1788686168.737737823,0 %, 1690 MHz, 41, 7.04 W
1788686168.837230137,0 %, 1690 MHz, 41, 7.04 W
1788686168.938081717,0 %, 1690 MHz, 41, 7.04 W
1788686169.038648304,0 %, 1690 MHz, 41, 7.04 W
1788686169.138790667,0 %, 1690 MHz, 41, 7.04 W
1788686169.238937478,0 %, 1690 MHz, 41, 7.02 W
1788686169.339803666,0 %, 1690 MHz, 41, 7.02 W
1788686169.439342092,0 %, 1690 MHz, 41, 7.02 W
1788686169.540279928,0 %, 1690 MHz, 41, 7.02 W
1788686169.640567347,0 %, 1690 MHz, 41, 7.02 W
1788686169.740984798,0 %, 1690 MHz, 41, 7.02 W
1788686169.841113657,0 %, 1690 MHz, 41, 7.02 W
1788686169.941971525,0 %, 1690 MHz, 41, 7.02 W
1788686170.042430032,0 %, 1690 MHz, 41, 7.02 W
1788686170.142638812,0 %, 1690 MHz, 41, 7.02 W
1788686170.242826215,0 %, 1690 MHz, 41, 7.02 W
1788686170.342575953,0 %, 1690 MHz, 41, 7.02 W
1788686170.443105917,0 %, 1690 MHz, 41, 7.02 W
1788686170.543252696,0 %, 1690 MHz, 41, 7.02 W
1788686170.644439540,0 %, 1690 MHz, 41, 7.02 W
1788686170.744615375,0 %, 1690 MHz, 41, 6.99 W
1788686170.844787578,0 %, 1690 MHz, 41, 6.99 W
1788686170.945108854,0 %, 1690 MHz, 41, 6.99 W
1788686171.046052865,0 %, 1690 MHz, 41, 6.99 W
1788686171.146150813,0 %, 1690 MHz, 41, 6.99 W
1788686171.246619912,0 %, 1690 MHz, 41, 6.97 W
1788686171.346992835,0 %, 1690 MHz, 41, 6.97 W
1788686171.447262383,0 %, 1690 MHz, 41, 6.97 W
1788686171.547261994,0 %, 1690 MHz, 41, 6.97 W
1788686171.648174982,0 %, 1690 MHz, 41, 6.97 W
1788686171.748640961,0 %, 1690 MHz, 41, 6.99 W
1788686171.848646380,0 %, 1690 MHz, 41, 6.99 W
1788686171.949166936,0 %, 1690 MHz, 41, 6.99 W
1788686172.049825283,0 %, 1690 MHz, 41, 6.99 W
1788686172.149945071,0 %, 1690 MHz, 41, 6.99 W
1788686172.250446122,0 %, 1690 MHz, 41, 7.01 W
1788686172.350618246,0 %, 1690 MHz, 41, 7.01 W
1788686172.451002401,0 %, 1690 MHz, 41, 7.01 W
1788686172.551299869,0 %, 1690 MHz, 41, 7.01 W
1788686172.652050056,0 %, 1690 MHz, 41, 7.01 W
1788686172.752353268,0 %, 1690 MHz, 41, 7.00 W
1788686172.852546863,0 %, 1690 MHz, 41, 7.00 W
1788686172.953059643,0 %, 1690 MHz, 41, 7.00 W
1788686173.053887863,0 %, 1690 MHz, 41, 7.00 W
1788686173.153881186,0 %, 1690 MHz, 41, 7.00 W
1788686173.254430894,0 %, 1690 MHz, 41, 6.99 W
1788686173.354748585,0 %, 1690 MHz, 41, 6.99 W
1788686173.454330036,0 %, 1690 MHz, 41, 6.99 W
1788686173.554560704,0 %, 1690 MHz, 41, 6.99 W
1788686173.654976299,0 %, 1690 MHz, 41, 6.99 W
1788686173.754841254,0 %, 1690 MHz, 41, 6.97 W
1788686173.856419731,0 %, 1690 MHz, 41, 6.97 W
1788686173.956610158,0 %, 1690 MHz, 41, 6.97 W
1788686174.056601946,0 %, 1690 MHz, 41, 6.97 W
1788686174.157140998,0 %, 1690 MHz, 41, 6.97 W
1788686174.257275697,0 %, 1690 MHz, 41, 6.99 W
1788686174.357992605,0 %, 1690 MHz, 41, 6.99 W
1788686174.458500217,0 %, 1690 MHz, 41, 6.99 W
1788686174.558664052,0 %, 1690 MHz, 41, 6.99 W
1788686174.658181455,0 %, 1690 MHz, 41, 6.99 W
1788686174.757924666,0 %, 1690 MHz, 41, 7.01 W
1788686174.858525910,0 %, 1690 MHz, 41, 7.01 W
1788686174.958772226,0 %, 1690 MHz, 41, 7.01 W
1788686175.059166558,0 %, 1690 MHz, 41, 7.01 W
1788686175.160056346,0 %, 1690 MHz, 41, 7.01 W
1788686175.259558981,0 %, 1690 MHz, 41, 7.01 W
1788686175.359424608,0 %, 1690 MHz, 41, 7.01 W
1788686175.459953228,0 %, 1690 MHz, 41, 7.01 W
1788686175.560552392,0 %, 1690 MHz, 41, 7.01 W
1788686175.660585764,0 %, 1690 MHz, 41, 7.01 W
1788686175.760675519,0 %, 1690 MHz, 41, 7.01 W
1788686175.860955771,0 %, 1690 MHz, 41, 7.01 W
1788686175.961054486,0 %, 1690 MHz, 41, 7.01 W
1788686176.061385666,0 %, 1690 MHz, 41, 7.01 W
1788686176.161545086,0 %, 1690 MHz, 41, 7.01 W
1788686176.261632825,0 %, 1690 MHz, 41, 7.01 W
1788686176.362109621,0 %, 1690 MHz, 41, 7.01 W
1788686176.463237218,0 %, 1690 MHz, 41, 7.01 W
1788686176.563320974,0 %, 1690 MHz, 41, 7.01 W
1788686176.663908474,0 %, 1690 MHz, 41, 7.01 W
1788686176.764024725,0 %, 1690 MHz, 41, 7.03 W
1788686176.864877778,0 %, 1690 MHz, 41, 7.03 W
1788686176.964955325,0 %, 1690 MHz, 41, 7.03 W
1788686177.065619033,0 %, 1690 MHz, 41, 7.03 W
1788686177.165612725,0 %, 1690 MHz, 41, 7.03 W
1788686177.265880817,0 %, 1690 MHz, 41, 7.03 W
1788686177.366319037,0 %, 1690 MHz, 41, 7.03 W
1788686177.467057721,0 %, 1690 MHz, 41, 7.03 W
1788686177.567163141,0 %, 1690 MHz, 41, 7.03 W
1788686177.667533457,0 %, 1690 MHz, 41, 7.03 W
1788686177.768077581,0 %, 1690 MHz, 41, 7.00 W
1788686177.868773241,0 %, 1690 MHz, 41, 7.00 W
1788686177.969062533,0 %, 1690 MHz, 41, 7.00 W
1788686178.069417857,0 %, 1690 MHz, 41, 7.00 W
1788686178.169593661,0 %, 1690 MHz, 41, 7.00 W
1788686178.270004793,0 %, 1690 MHz, 41, 7.01 W
1788686178.370657254,0 %, 1690 MHz, 41, 7.01 W
1788686178.470983330,0 %, 1690 MHz, 41, 7.01 W
1788686178.570454349,0 %, 1690 MHz, 41, 7.01 W
1788686178.670884153,0 %, 1690 MHz, 41, 7.00 W
1788686178.771031509,0 %, 1690 MHz, 41, 7.00 W
1788686178.871943921,0 %, 1690 MHz, 41, 7.00 W
1788686178.970842956,0 %, 1690 MHz, 41, 7.00 W
1788686179.071177176,0 %, 1690 MHz, 41, 7.00 W
1788686179.171415172,0 %, 1690 MHz, 41, 7.01 W
1788686179.272764929,0 %, 1690 MHz, 41, 7.01 W
1788686179.373096541,0 %, 1690 MHz, 41, 7.01 W
1788686179.473827674,0 %, 1690 MHz, 41, 7.01 W
1788686179.573995094,0 %, 1690 MHz, 41, 7.01 W
1788686179.674324402,0 %, 1690 MHz, 41, 7.03 W
1788686179.774649454,0 %, 1690 MHz, 41, 7.03 W
1788686179.875007866,0 %, 1690 MHz, 41, 7.03 W
1788686179.975045910,0 %, 1690 MHz, 41, 7.03 W
1788686180.076126515,0 %, 1690 MHz, 41, 7.03 W
1788686180.176238351,0 %, 1690 MHz, 41, 7.01 W
1788686180.277320348,0 %, 1690 MHz, 41, 7.01 W
1788686180.377612664,0 %, 1690 MHz, 41, 7.01 W
1788686180.477847636,0 %, 1690 MHz, 41, 7.01 W
1788686180.578128096,0 %, 1690 MHz, 41, 7.01 W
1788686180.678367261,0 %, 1690 MHz, 41, 6.99 W
1788686180.779245017,0 %, 1690 MHz, 41, 6.99 W
1788686180.879260773,0 %, 1690 MHz, 41, 6.99 W
1788686180.979500641,0 %, 1690 MHz, 41, 6.99 W
1788686181.079998846,0 %, 1690 MHz, 41, 6.99 W
1788686181.180194794,0 %, 1690 MHz, 41, 7.00 W
1788686181.281108151,0 %, 1690 MHz, 41, 7.00 W
1788686181.381420371,0 %, 1690 MHz, 41, 7.00 W
1788686181.481727311,0 %, 1690 MHz, 41, 7.00 W
1788686181.581766156,0 %, 1690 MHz, 41, 7.00 W
1788686181.682422344,0 %, 1690 MHz, 41, 7.02 W
1788686181.783039669,0 %, 1690 MHz, 41, 7.02 W
1788686181.883325281,0 %, 1690 MHz, 41, 7.02 W
1788686181.983675853,0 %, 1690 MHz, 41, 7.02 W
1788686182.083653369,0 %, 1690 MHz, 41, 7.02 W
1788686182.184365254,0 %, 1690 MHz, 41, 6.99 W
1788686182.285066787,0 %, 1690 MHz, 41, 6.99 W
1788686182.385398111,0 %, 1690 MHz, 41, 6.99 W
1788686182.485406891,0 %, 1690 MHz, 41, 6.99 W
1788686182.585791464,0 %, 1690 MHz, 41, 6.99 W
1788686182.685472452,0 %, 1690 MHz, 41, 6.98 W
1788686182.787013313,0 %, 1690 MHz, 41, 6.98 W
1788686182.887109405,0 %, 1690 MHz, 41, 6.98 W
1788686182.986821849,0 %, 1690 MHz, 41, 6.98 W
1788686183.087748646,0 %, 1690 MHz, 41, 6.98 W
1788686183.188747923,0 %, 1690 MHz, 41, 7.00 W
1788686183.288216895,0 %, 1690 MHz, 41, 7.00 W
1788686183.389165116,0 %, 1690 MHz, 41, 7.00 W
1788686183.489490665,0 %, 1690 MHz, 41, 7.00 W
1788686183.589859429,0 %, 1690 MHz, 41, 7.00 W
1788686183.690191586,0 %, 1690 MHz, 41, 7.00 W
1788686183.790922159,0 %, 1690 MHz, 41, 7.00 W
1788686183.891210059,0 %, 1690 MHz, 41, 7.00 W
1788686183.991554664,0 %, 1690 MHz, 41, 7.00 W
1788686184.091620276,0 %, 1690 MHz, 41, 7.00 W
1788686184.192619185,0 %, 1690 MHz, 41, 7.03 W
1788686184.292561117,0 %, 1690 MHz, 41, 7.03 W
1788686184.393028106,0 %, 1690 MHz, 41, 7.03 W
1788686184.493500727,0 %, 1690 MHz, 41, 7.03 W
1788686184.593614019,0 %, 1690 MHz, 41, 7.03 W
1788686184.694037008,0 %, 1690 MHz, 41, 7.04 W
1788686184.794671821,0 %, 1690 MHz, 41, 7.04 W
1788686184.894714745,0 %, 1690 MHz, 41, 7.04 W
1788686184.995224310,0 %, 1690 MHz, 41, 7.04 W
1788686185.095534258,0 %, 1690 MHz, 41, 7.04 W
1788686185.195912799,0 %, 1690 MHz, 41, 7.01 W
1788686185.296228668,0 %, 1690 MHz, 41, 7.01 W
1788686185.396921689,0 %, 1690 MHz, 41, 7.01 W
1788686185.497234054,0 %, 1690 MHz, 41, 7.01 W
1788686185.597605554,0 %, 1690 MHz, 41, 7.01 W
1788686185.697991935,0 %, 1690 MHz, 41, 7.03 W
1788686185.798625500,0 %, 1690 MHz, 41, 7.03 W
1788686185.898783241,0 %, 1690 MHz, 41, 7.03 W
1788686185.999175461,0 %, 1690 MHz, 41, 7.03 W
1788686186.099524498,0 %, 1690 MHz, 41, 7.03 W
1788686186.199906031,0 %, 1690 MHz, 41, 7.06 W
1788686186.300373836,0 %, 1690 MHz, 41, 7.06 W
1788686186.400784841,0 %, 1690 MHz, 41, 7.06 W
1788686186.501066613,0 %, 1690 MHz, 41, 7.06 W
1788686186.601474354,0 %, 1690 MHz, 41, 7.06 W
1788686186.701786095,0 %, 1690 MHz, 41, 7.04 W
1788686186.801881788,0 %, 1690 MHz, 41, 7.04 W
1788686186.902715385,0 %, 1690 MHz, 41, 7.04 W
1788686187.002850165,0 %, 1690 MHz, 41, 7.04 W
1788686187.103396963,0 %, 1690 MHz, 41, 7.04 W
1788686187.203738223,0 %, 1690 MHz, 41, 7.01 W
1788686187.304200492,0 %, 1690 MHz, 41, 7.01 W
1788686187.404569737,0 %, 1690 MHz, 41, 7.01 W
1788686187.505130870,0 %, 1690 MHz, 41, 7.01 W
1788686187.605332627,0 %, 1690 MHz, 41, 7.01 W
1788686187.706169729,0 %, 1690 MHz, 40, 7.00 W
1788686187.806327245,0 %, 1690 MHz, 40, 7.00 W
1788686187.906679866,0 %, 1690 MHz, 40, 7.00 W
1788686188.007050135,0 %, 1690 MHz, 40, 7.00 W
1788686188.107394948,0 %, 1690 MHz, 40, 7.00 W
1788686188.207553697,0 %, 1690 MHz, 41, 7.01 W
1788686188.308081966,0 %, 1690 MHz, 41, 7.01 W
1788686188.408558779,0 %, 1690 MHz, 41, 7.01 W
1788686188.508344216,0 %, 1690 MHz, 41, 7.01 W
1788686188.609234485,0 %, 1690 MHz, 41, 7.01 W
1788686188.709534402,0 %, 1690 MHz, 41, 7.03 W
1788686188.810294607,0 %, 1690 MHz, 41, 7.03 W
1788686188.910578028,0 %, 1690 MHz, 41, 7.03 W
1788686189.010983865,0 %, 1690 MHz, 41, 7.03 W
1788686189.111277094,0 %, 1690 MHz, 41, 7.03 W
1788686189.211501283,0 %, 1690 MHz, 40, 7.01 W
1788686189.312187969,0 %, 1690 MHz, 40, 7.01 W
1788686189.412478782,0 %, 1690 MHz, 40, 7.01 W
1788686189.512889163,0 %, 1690 MHz, 40, 7.01 W
1788686189.613000920,0 %, 1690 MHz, 40, 7.01 W
1788686189.713629365,0 %, 1690 MHz, 40, 7.05 W
1788686189.814018882,0 %, 1690 MHz, 40, 7.05 W
1788686189.914212719,0 %, 1690 MHz, 40, 7.05 W
1788686190.014638636,0 %, 1690 MHz, 40, 7.05 W
1788686190.114400553,0 %, 1690 MHz, 40, 7.05 W
1788686190.214170806,0 %, 1690 MHz, 40, 7.05 W
1788686190.314228323,0 %, 1690 MHz, 40, 7.05 W
1788686190.414597232,0 %, 1690 MHz, 40, 7.05 W
1788686190.514923245,0 %, 1690 MHz, 40, 7.05 W
1788686190.615718426,0 %, 1690 MHz, 40, 7.05 W
1788686190.716071832,0 %, 1690 MHz, 40, 7.01 W
1788686190.815730244,0 %, 1690 MHz, 40, 7.01 W
1788686190.916573378,0 %, 1690 MHz, 40, 7.01 W
1788686191.016687471,0 %, 1690 MHz, 40, 7.01 W
1788686191.117595901,0 %, 1690 MHz, 40, 7.01 W
1788686191.217771402,0 %, 1690 MHz, 40, 7.00 W
1788686191.318103815,0 %, 1690 MHz, 40, 7.00 W
1788686191.418318196,0 %, 1690 MHz, 40, 7.00 W
1788686191.518608001,0 %, 1690 MHz, 40, 7.00 W
1788686191.618985695,0 %, 1690 MHz, 40, 7.00 W
1788686191.719821692,0 %, 1690 MHz, 40, 6.99 W
1788686191.819977673,0 %, 1690 MHz, 40, 6.99 W
1788686191.919602454,0 %, 1690 MHz, 40, 6.99 W
1788686192.020325524,0 %, 1690 MHz, 40, 6.99 W
1788686192.120862609,0 %, 1690 MHz, 40, 6.99 W
1788686192.221549791,0 %, 1690 MHz, 40, 7.01 W
1788686192.321763836,0 %, 1690 MHz, 40, 7.01 W
1788686192.421913545,0 %, 1690 MHz, 40, 7.01 W
1788686192.522319767,0 %, 1690 MHz, 40, 7.01 W
1788686192.622597988,0 %, 1690 MHz, 40, 7.01 W
1788686192.722834417,0 %, 1690 MHz, 40, 7.03 W
1788686192.823844623,0 %, 1690 MHz, 40, 7.03 W
1788686192.923802092,0 %, 1690 MHz, 40, 7.03 W
1788686193.024142441,0 %, 1690 MHz, 40, 7.03 W
1788686193.124649015,0 %, 1690 MHz, 40, 7.03 W
1788686193.225050837,0 %, 1690 MHz, 40, 7.02 W
1788686193.325705026,0 %, 1690 MHz, 40, 7.02 W
1788686193.426038224,0 %, 1690 MHz, 40, 7.02 W
1788686193.526214253,0 %, 1690 MHz, 40, 7.02 W
1788686193.626416010,0 %, 1690 MHz, 40, 7.02 W
1788686193.726791416,0 %, 1690 MHz, 40, 7.03 W
1788686193.827771062,0 %, 1690 MHz, 40, 7.03 W
1788686193.927607267,0 %, 1690 MHz, 40, 7.03 W
1788686194.028158336,0 %, 1690 MHz, 40, 7.03 W
1788686194.128542110,0 %, 1690 MHz, 40, 7.03 W
1788686194.228827724,0 %, 1690 MHz, 40, 7.03 W
1788686194.329514697,0 %, 1690 MHz, 40, 7.03 W
1788686194.429844151,0 %, 1690 MHz, 40, 7.03 W
1788686194.530201396,0 %, 1690 MHz, 40, 7.03 W
1788686194.630528706,0 %, 1690 MHz, 40, 7.03 W
1788686194.730487311,0 %, 1690 MHz, 40, 7.02 W
1788686194.831812334,0 %, 1690 MHz, 40, 7.02 W
1788686194.931747659,0 %, 1690 MHz, 40, 7.02 W
1788686195.032044872,0 %, 1690 MHz, 40, 7.02 W
1788686195.132401478,0 %, 1690 MHz, 40, 7.02 W
1788686195.233154148,0 %, 1690 MHz, 40, 6.99 W
1788686195.333472738,0 %, 1690 MHz, 40, 6.99 W
1788686195.433832911,0 %, 1690 MHz, 40, 6.99 W
1788686195.534136941,0 %, 1690 MHz, 40, 6.99 W
1788686195.634469354,0 %, 1690 MHz, 40, 6.99 W
1788686195.735176040,0 %, 1690 MHz, 40, 6.98 W
1788686195.835573446,0 %, 1690 MHz, 40, 6.98 W
1788686195.935146051,0 %, 1690 MHz, 40, 6.98 W
1788686196.036074337,0 %, 1690 MHz, 40, 6.98 W
1788686196.135763358,0 %, 1690 MHz, 40, 6.98 W
1788686196.236505052,0 %, 1690 MHz, 40, 6.98 W
1788686196.336884506,0 %, 1690 MHz, 40, 6.98 W
1788686196.437555528,0 %, 1690 MHz, 40, 6.98 W
1788686196.537719302,0 %, 1690 MHz, 40, 6.98 W
1788686196.637848531,0 %, 1690 MHz, 40, 6.98 W
1788686196.738083153,0 %, 1690 MHz, 40, 6.98 W
1788686196.838483023,0 %, 1690 MHz, 40, 6.98 W
1788686196.938723724,0 %, 1690 MHz, 40, 6.98 W
1788686197.039561210,0 %, 1690 MHz, 40, 6.98 W
1788686197.139686088,0 %, 1690 MHz, 40, 6.98 W
1788686197.240153958,0 %, 1690 MHz, 40, 7.02 W
1788686197.340497780,0 %, 1690 MHz, 40, 7.02 W
1788686197.440937154,0 %, 1690 MHz, 40, 7.02 W
1788686197.541537584,0 %, 1690 MHz, 40, 7.02 W
1788686197.641756462,0 %, 1690 MHz, 40, 7.02 W
1788686197.742106267,0 %, 1690 MHz, 40, 7.04 W
1788686197.842256313,0 %, 1690 MHz, 40, 7.04 W
1788686197.942427911,0 %, 1690 MHz, 40, 7.04 W
1788686198.042964421,0 %, 1690 MHz, 40, 7.04 W
1788686198.143077602,0 %, 1690 MHz, 40, 7.04 W
1788686198.243930641,0 %, 1690 MHz, 40, 7.02 W
1788686198.344190895,0 %, 1690 MHz, 40, 7.02 W
1788686198.444594957,0 %, 1690 MHz, 40, 7.02 W
1788686198.544991626,0 %, 1690 MHz, 40, 7.02 W
1788686198.645636105,0 %, 1690 MHz, 40, 7.02 W
1788686198.746069031,0 %, 1690 MHz, 40, 7.00 W
1788686198.846182612,0 %, 1690 MHz, 40, 7.00 W
1788686198.946510242,0 %, 1690 MHz, 40, 7.00 W
1788686199.046758912,0 %, 1690 MHz, 40, 7.00 W
1788686199.146430973,0 %, 1690 MHz, 40, 7.00 W
1788686199.246574027,0 %, 1690 MHz, 40, 7.02 W
1788686199.346619545,0 %, 1690 MHz, 40, 7.02 W
1788686199.447063111,0 %, 1690 MHz, 40, 7.02 W
1788686199.547142869,0 %, 1690 MHz, 40, 7.02 W
1788686199.646943586,0 %, 1690 MHz, 40, 7.02 W
1788686199.747331296,0 %, 1690 MHz, 40, 7.04 W
1788686199.847346078,0 %, 1690 MHz, 40, 7.04 W
1788686199.948490685,0 %, 1690 MHz, 40, 7.04 W
1788686200.049147003,0 %, 1690 MHz, 40, 7.04 W
1788686200.149525737,0 %, 1690 MHz, 40, 7.04 W
1788686200.249670727,0 %, 1690 MHz, 40, 7.08 W
1788686200.349829717,0 %, 1690 MHz, 40, 7.08 W
1788686200.450192723,0 %, 1690 MHz, 40, 7.08 W
1788686200.550489921,0 %, 1690 MHz, 40, 7.08 W
1788686200.650903295,0 %, 1690 MHz, 40, 7.08 W
1788686200.751132813,0 %, 1690 MHz, 40, 7.07 W
1788686200.852557484,0 %, 1690 MHz, 40, 7.07 W
1788686200.952045514,0 %, 1690 MHz, 40, 7.07 W
1788686201.052452232,0 %, 1690 MHz, 40, 7.07 W
1788686201.152548150,0 %, 1690 MHz, 40, 7.07 W
1788686201.252784628,0 %, 1690 MHz, 40, 7.03 W
1788686201.353100626,0 %, 1690 MHz, 40, 7.03 W
1788686201.453827889,0 %, 1690 MHz, 40, 7.03 W
1788686201.553959631,0 %, 1690 MHz, 40, 7.03 W
1788686201.654459549,0 %, 1690 MHz, 40, 7.03 W
1788686201.754669835,0 %, 1690 MHz, 40, 7.00 W
1788686201.855177481,0 %, 1690 MHz, 40, 7.00 W
1788686201.955764424,0 %, 1690 MHz, 40, 7.00 W
1788686202.056093750,0 %, 1690 MHz, 40, 7.00 W
1788686202.156575988,0 %, 1690 MHz, 40, 7.00 W
1788686202.256786066,0 %, 1690 MHz, 40, 7.01 W
1788686202.356954993,0 %, 1690 MHz, 40, 7.01 W
1788686202.457777055,0 %, 1690 MHz, 40, 7.01 W
1788686202.557938941,0 %, 1690 MHz, 40, 7.01 W
1788686202.658439196,0 %, 1690 MHz, 40, 7.01 W
1788686202.758610554,0 %, 1690 MHz, 40, 7.01 W
1788686202.858984376,0 %, 1690 MHz, 40, 7.01 W
1788686202.959659895,0 %, 1690 MHz, 40, 7.01 W
1788686203.059784533,0 %, 1690 MHz, 40, 7.01 W
1788686203.160297555,0 %, 1690 MHz, 40, 7.01 W
1788686203.260471298,0 %, 1690 MHz, 40, 6.98 W
1788686203.361028160,0 %, 1690 MHz, 40, 6.98 W
1788686203.461745055,0 %, 1690 MHz, 40, 6.98 W
1788686203.561854061,0 %, 1690 MHz, 40, 6.98 W
1788686203.662378956,0 %, 1690 MHz, 40, 6.98 W
1788686203.762374058,0 %, 1690 MHz, 40, 7.00 W
1788686203.862958296,0 %, 1690 MHz, 40, 7.00 W
1788686203.962641990,0 %, 1690 MHz, 40, 7.00 W
1788686204.063101748,0 %, 1690 MHz, 40, 7.00 W
1788686204.162918162,0 %, 1690 MHz, 40, 7.00 W
1788686204.263621745,0 %, 1690 MHz, 40, 7.04 W
1788686204.364355024,0 %, 1690 MHz, 40, 7.04 W
1788686204.464604094,0 %, 1690 MHz, 40, 7.04 W
1788686204.564818525,0 %, 1690 MHz, 40, 7.04 W
1788686204.665339595,0 %, 1690 MHz, 40, 7.04 W
1788686204.765352345,0 %, 1690 MHz, 40, 7.03 W
1788686204.866251768,0 %, 1690 MHz, 40, 7.03 W
1788686204.966519511,0 %, 1690 MHz, 40, 7.03 W
1788686205.066732613,0 %, 1690 MHz, 40, 7.03 W
1788686205.167085620,0 %, 1690 MHz, 40, 7.03 W
1788686205.267213490,0 %, 1690 MHz, 40, 7.00 W
1788686205.368155681,0 %, 1690 MHz, 40, 7.00 W
1788686205.468337328,0 %, 1690 MHz, 40, 7.00 W
1788686205.568477102,0 %, 1690 MHz, 40, 7.00 W
1788686205.669010125,0 %, 1690 MHz, 40, 7.00 W
1788686205.769187147,0 %, 1690 MHz, 40, 6.99 W
1788686205.869681786,0 %, 1690 MHz, 40, 6.99 W
1788686205.970386728,0 %, 1690 MHz, 40, 6.99 W
1788686206.070672631,0 %, 1690 MHz, 40, 6.99 W
1788686206.170889318,0 %, 1690 MHz, 40, 6.99 W
1788686206.271193812,0 %, 1690 MHz, 40, 7.04 W
1788686206.372109491,0 %, 1690 MHz, 40, 7.04 W
1788686206.472415538,0 %, 1690 MHz, 40, 7.04 W
1788686206.572593728,0 %, 1690 MHz, 40, 7.04 W
1788686206.672998239,0 %, 1690 MHz, 40, 7.04 W
1788686206.773346958,0 %, 1690 MHz, 40, 7.08 W
1788686206.873550556,0 %, 1690 MHz, 40, 7.08 W
1788686206.973729707,0 %, 1690 MHz, 40, 7.08 W
1788686207.073891849,0 %, 1690 MHz, 40, 7.08 W
1788686207.174069784,0 %, 1690 MHz, 40, 7.09 W
1788686207.274268534,0 %, 1690 MHz, 40, 7.09 W
1788686207.374417109,0 %, 1690 MHz, 40, 7.09 W
1788686207.474601187,0 %, 1690 MHz, 40, 7.09 W
1788686207.574786642,0 %, 1690 MHz, 40, 7.09 W
1788686207.675631217,0 %, 1690 MHz, 40, 7.10 W
1788686207.775545312,0 %, 1690 MHz, 40, 7.10 W
1788686207.875855518,0 %, 1690 MHz, 40, 7.10 W
1788686207.976395981,0 %, 1690 MHz, 40, 7.10 W
1788686208.076525020,0 %, 1690 MHz, 40, 7.10 W
1788686208.177266635,0 %, 1690 MHz, 40, 7.10 W
1788686208.277783930,0 %, 1690 MHz, 40, 7.10 W
1788686208.377970057,0 %, 1690 MHz, 40, 7.10 W
1788686208.478491607,0 %, 1690 MHz, 40, 7.10 W
1788686208.579170855,0 %, 1690 MHz, 40, 7.10 W
1788686208.679637366,0 %, 1690 MHz, 40, 7.10 W
1788686208.779666404,0 %, 1690 MHz, 40, 7.10 W
1788686208.879846403,0 %, 1690 MHz, 40, 7.10 W
1788686208.980384242,0 %, 1690 MHz, 40, 7.10 W
1788686209.081095249,0 %, 1690 MHz, 40, 7.10 W
1788686209.181510448,0 %, 1690 MHz, 40, 7.09 W
1788686209.281641839,0 %, 1690 MHz, 40, 7.09 W
1788686209.381861981,0 %, 1690 MHz, 40, 7.09 W
1788686209.482373564,0 %, 1690 MHz, 40, 7.09 W
1788686209.582493531,0 %, 1690 MHz, 40, 7.09 W
1788686209.681904105,0 %, 1690 MHz, 40, 7.08 W
1788686209.782291992,0 %, 1690 MHz, 40, 7.08 W
1788686209.882477095,0 %, 1690 MHz, 40, 7.08 W
1788686209.983163414,0 %, 1690 MHz, 40, 7.08 W
1788686210.083507909,0 %, 1690 MHz, 40, 7.08 W
1788686210.184224452,0 %, 1690 MHz, 40, 7.07 W
1788686210.284528243,0 %, 1690 MHz, 40, 7.07 W
1788686210.384925154,0 %, 1690 MHz, 40, 7.07 W
1788686210.485282865,0 %, 1690 MHz, 40, 7.07 W
1788686210.585797936,0 %, 1690 MHz, 40, 7.07 W
1788686210.686419808,0 %, 1690 MHz, 40, 7.03 W
1788686210.786793839,0 %, 1690 MHz, 40, 7.03 W
1788686210.886972750,0 %, 1690 MHz, 40, 7.03 W
1788686210.986750540,0 %, 1690 MHz, 40, 7.03 W
1788686211.087877100,0 %, 1690 MHz, 40, 7.03 W
1788686211.188152203,0 %, 1690 MHz, 40, 7.04 W
1788686211.288481162,0 %, 1690 MHz, 40, 7.04 W
1788686211.388647689,0 %, 1690 MHz, 40, 7.04 W
1788686211.489539608,0 %, 1690 MHz, 40, 7.04 W
1788686211.589793719,0 %, 1690 MHz, 40, 7.04 W
1788686211.690124502,0 %, 1690 MHz, 40, 7.09 W
1788686211.790387750,0 %, 1690 MHz, 40, 7.09 W
1788686211.890408708,0 %, 1690 MHz, 40, 7.09 W
1788686211.990979124,0 %, 1690 MHz, 40, 7.09 W
1788686212.091299427,0 %, 1690 MHz, 40, 7.09 W
1788686212.191471234,0 %, 1690 MHz, 40, 7.12 W
1788686212.292009217,0 %, 1690 MHz, 40, 7.12 W
1788686212.392299216,0 %, 1690 MHz, 40, 7.12 W
1788686212.492853743,0 %, 1690 MHz, 40, 7.12 W
1788686212.593001791,0 %, 1690 MHz, 40, 7.12 W
1788686212.693194461,0 %, 1690 MHz, 40, 7.11 W
1788686212.793981357,0 %, 1690 MHz, 40, 7.11 W
1788686212.894267020,0 %, 1690 MHz, 40, 7.11 W
1788686212.994879500,0 %, 1690 MHz, 40, 7.11 W
1788686213.095196731,0 %, 1690 MHz, 40, 7.11 W
1788686213.195899707,0 %, 1690 MHz, 40, 7.10 W
1788686213.296039162,0 %, 1690 MHz, 40, 7.10 W
1788686213.396357977,0 %, 1690 MHz, 40, 7.10 W
1788686213.496901208,0 %, 1690 MHz, 40, 7.10 W
1788686213.597400504,0 %, 1690 MHz, 40, 7.10 W
1788686213.697902055,0 %, 1690 MHz, 40, 7.11 W
1788686213.798317782,0 %, 1690 MHz, 40, 7.11 W
1788686213.898554598,0 %, 1690 MHz, 40, 7.11 W
1788686213.998876933,0 %, 1690 MHz, 40, 7.11 W
1788686214.099374532,0 %, 1690 MHz, 40, 7.11 W
1788686214.199875636,0 %, 1690 MHz, 40, 7.11 W
1788686214.300031667,0 %, 1690 MHz, 40, 7.11 W
1788686214.400506082,0 %, 1690 MHz, 40, 7.11 W
1788686214.501243746,0 %, 1690 MHz, 40, 7.11 W
1788686214.601359905,0 %, 1690 MHz, 40, 7.11 W
1788686214.701863425,0 %, 1690 MHz, 40, 7.11 W
1788686214.801995680,0 %, 1690 MHz, 40, 7.11 W
1788686214.902392143,0 %, 1690 MHz, 40, 7.11 W
1788686215.003056383,0 %, 1690 MHz, 40, 7.11 W
1788686215.103391214,0 %, 1690 MHz, 40, 7.11 W
1788686215.203933790,0 %, 1690 MHz, 40, 7.10 W
1788686215.304267293,0 %, 1690 MHz, 40, 7.10 W
1788686215.404949005,0 %, 1690 MHz, 40, 7.10 W
1788686215.505115388,0 %, 1690 MHz, 40, 7.10 W
1788686215.605381148,0 %, 1690 MHz, 40, 7.10 W
1788686215.705962763,0 %, 1690 MHz, 40, 7.07 W
1788686215.806057067,0 %, 1690 MHz, 40, 7.07 W
1788686215.906985131,0 %, 1690 MHz, 40, 7.07 W
1788686216.007102330,0 %, 1690 MHz, 40, 7.07 W
1788686216.107625593,0 %, 1690 MHz, 40, 7.07 W
1788686216.207984345,0 %, 1690 MHz, 40, 7.05 W
1788686216.308687929,0 %, 1690 MHz, 40, 7.05 W
1788686216.409042600,0 %, 1690 MHz, 40, 7.05 W
1788686216.509286024,0 %, 1690 MHz, 40, 7.05 W
1788686216.609380919,0 %, 1690 MHz, 40, 7.05 W
1788686216.709902263,0 %, 1690 MHz, 40, 7.06 W
1788686216.810415910,0 %, 1690 MHz, 40, 7.06 W
1788686216.910798454,0 %, 1690 MHz, 40, 7.06 W
1788686217.010925349,0 %, 1690 MHz, 40, 7.06 W
1788686217.111465797,0 %, 1690 MHz, 40, 7.06 W
1788686217.211601748,0 %, 1690 MHz, 40, 7.11 W
1788686217.311987556,0 %, 1690 MHz, 40, 7.11 W
1788686217.412709332,0 %, 1690 MHz, 40, 7.11 W
1788686217.512875732,0 %, 1690 MHz, 40, 7.11 W
1788686217.613209763,0 %, 1690 MHz, 40, 7.11 W
1788686217.713745811,0 %, 1690 MHz, 40, 7.13 W
1788686217.813929874,0 %, 1690 MHz, 40, 7.13 W
1788686217.914583858,0 %, 1690 MHz, 40, 7.13 W
1788686218.014622002,0 %, 1690 MHz, 40, 7.13 W
1788686218.115093170,0 %, 1690 MHz, 40, 7.13 W
1788686218.215443105,0 %, 1690 MHz, 40, 7.12 W
1788686218.315627217,0 %, 1690 MHz, 40, 7.12 W
1788686218.416030353,0 %, 1690 MHz, 40, 7.12 W
1788686218.516127664,0 %, 1690 MHz, 40, 7.12 W
1788686218.617017504,0 %, 1690 MHz, 40, 7.12 W
1788686218.717163904,0 %, 1690 MHz, 40, 7.11 W
1788686218.817784880,0 %, 1690 MHz, 40, 7.11 W
1788686218.917518047,0 %, 1690 MHz, 40, 7.11 W
1788686219.017975231,0 %, 1690 MHz, 40, 7.11 W
1788686219.118451151,0 %, 1690 MHz, 40, 7.11 W
1788686219.218995839,0 %, 1690 MHz, 40, 7.11 W
1788686219.319292286,0 %, 1690 MHz, 40, 7.11 W
1788686219.419631406,0 %, 1690 MHz, 40, 7.11 W
1788686219.519829566,0 %, 1690 MHz, 40, 7.11 W
1788686219.620366622,0 %, 1690 MHz, 40, 7.11 W
1788686219.720537133,0 %, 1690 MHz, 40, 7.12 W
1788686219.820154508,0 %, 1690 MHz, 40, 7.12 W
1788686219.920508092,0 %, 1690 MHz, 40, 7.12 W
1788686220.020711292,0 %, 1690 MHz, 40, 7.12 W
1788686220.120453787,0 %, 1690 MHz, 40, 7.12 W
1788686220.221486108,0 %, 1690 MHz, 40, 7.13 W
1788686220.321330235,0 %, 1690 MHz, 40, 7.13 W
1788686220.421411723,0 %, 1690 MHz, 40, 7.13 W
1788686220.521348490,0 %, 1690 MHz, 40, 7.13 W
1788686220.622575851,0 %, 1690 MHz, 40, 7.13 W
1788686220.723101595,0 %, 1690 MHz, 40, 7.15 W
1788686220.823215115,0 %, 1690 MHz, 40, 7.15 W
1788686220.923415018,0 %, 1690 MHz, 40, 7.15 W
1788686221.023943578,0 %, 1690 MHz, 40, 7.15 W
1788686221.124659419,0 %, 1690 MHz, 40, 7.15 W
1788686221.224604362,0 %, 1690 MHz, 40, 7.16 W
1788686221.325130090,0 %, 1690 MHz, 40, 7.16 W
1788686221.425480586,0 %, 1690 MHz, 40, 7.16 W
1788686221.525446874,0 %, 1690 MHz, 40, 7.16 W
1788686221.624984073,0 %, 1690 MHz, 40, 7.16 W
1788686221.726045690,0 %, 1690 MHz, 40, 7.13 W
1788686221.826471834,0 %, 1690 MHz, 40, 7.13 W
1788686221.927211946,0 %, 1690 MHz, 40, 7.13 W
1788686222.027497162,0 %, 1690 MHz, 40, 7.13 W
1788686222.127714954,0 %, 1690 MHz, 40, 7.13 W
1788686222.227891002,0 %, 1690 MHz, 40, 7.09 W
1788686222.328360698,0 %, 1690 MHz, 40, 7.09 W
1788686222.428679082,0 %, 1690 MHz, 40, 7.09 W
1788686222.529347626,0 %, 1690 MHz, 40, 7.09 W
1788686222.629601290,0 %, 1690 MHz, 40, 7.09 W
1788686222.730018331,0 %, 1690 MHz, 40, 7.07 W
1788686222.830104506,0 %, 1690 MHz, 40, 7.07 W
1788686222.930489610,0 %, 1690 MHz, 40, 7.07 W
1788686223.031209979,0 %, 1690 MHz, 40, 7.07 W
1788686223.131540779,0 %, 1690 MHz, 40, 7.07 W
1788686223.231528571,0 %, 1690 MHz, 40, 7.10 W
1788686223.332072363,0 %, 1690 MHz, 40, 7.10 W
1788686223.432200427,0 %, 1690 MHz, 40, 7.10 W
1788686223.532551755,0 %, 1690 MHz, 40, 7.10 W
1788686223.633326412,0 %, 1690 MHz, 40, 7.10 W
1788686223.733642012,0 %, 1690 MHz, 40, 7.10 W
1788686223.833736956,0 %, 1690 MHz, 40, 7.10 W
1788686223.934338012,0 %, 1690 MHz, 40, 7.10 W
1788686224.034520028,0 %, 1690 MHz, 40, 7.10 W
1788686224.135224221,0 %, 1690 MHz, 40, 7.10 W
1788686224.235524653,0 %, 1690 MHz, 40, 7.10 W
1788686224.335704237,0 %, 1690 MHz, 40, 7.10 W
1788686224.436056989,0 %, 1690 MHz, 40, 7.10 W
1788686224.536385725,0 %, 1690 MHz, 40, 7.10 W
1788686224.637292734,0 %, 1690 MHz, 40, 7.10 W
1788686224.737582462,0 %, 1690 MHz, 40, 7.11 W
1788686224.837704446,0 %, 1690 MHz, 40, 7.11 W
1788686224.938014222,0 %, 1690 MHz, 40, 7.11 W
1788686225.038358879,0 %, 1690 MHz, 40, 7.11 W
1788686225.138536751,0 %, 1690 MHz, 40, 7.11 W
1788686225.238897903,0 %, 1690 MHz, 40, 7.10 W
1788686225.339750576,0 %, 1690 MHz, 40, 7.10 W
1788686225.439720032,0 %, 1690 MHz, 40, 7.10 W
1788686225.540245216,0 %, 1690 MHz, 40, 7.10 W
1788686225.640503025,0 %, 1690 MHz, 40, 7.10 W
1788686225.741214961,0 %, 1690 MHz, 40, 7.06 W
1788686225.841367681,0 %, 1690 MHz, 40, 7.06 W
1788686225.941762994,0 %, 1690 MHz, 40, 7.06 W
1788686226.041882978,0 %, 1690 MHz, 40, 7.06 W
1788686226.142464051,0 %, 1690 MHz, 40, 7.06 W
1788686226.242763971,0 %, 1690 MHz, 40, 7.04 W
1788686226.343486020,0 %, 1690 MHz, 40, 7.04 W
1788686226.443714868,0 %, 1690 MHz, 40, 7.04 W
1788686226.544010900,0 %, 1690 MHz, 40, 7.04 W
1788686226.644383621,0 %, 1690 MHz, 40, 7.04 W
1788686226.744541461,0 %, 1690 MHz, 40, 7.04 W
1788686226.844819621,0 %, 1690 MHz, 40, 7.04 W
1788686226.945514918,0 %, 1690 MHz, 40, 7.04 W
1788686227.045610550,0 %, 1690 MHz, 40, 7.04 W
1788686227.145942119,0 %, 1690 MHz, 40, 7.04 W
1788686227.246285191,0 %, 1690 MHz, 40, 7.05 W
1788686227.346842232,0 %, 1690 MHz, 40, 7.05 W
1788686227.447590249,0 %, 1690 MHz, 40, 7.05 W
1788686227.547765833,0 %, 1690 MHz, 40, 7.05 W
1788686227.648045625,0 %, 1690 MHz, 40, 7.05 W
1788686227.748522394,0 %, 1690 MHz, 40, 7.06 W
1788686227.848543386,0 %, 1690 MHz, 40, 7.06 W
1788686227.949258315,0 %, 1690 MHz, 40, 7.06 W
1788686228.049673628,0 %, 1690 MHz, 40, 7.06 W
1788686228.149841548,0 %, 1690 MHz, 40, 7.06 W
1788686228.250387549,0 %, 1690 MHz, 40, 7.06 W
1788686228.350515581,0 %, 1690 MHz, 40, 7.06 W
1788686228.450907422,0 %, 1690 MHz, 40, 7.06 W
1788686228.551627775,0 %, 1690 MHz, 40, 7.06 W
1788686228.651939455,0 %, 1690 MHz, 40, 7.06 W
1788686228.752056304,0 %, 1690 MHz, 40, 7.07 W
1788686228.852416256,0 %, 1690 MHz, 40, 7.07 W
1788686228.953320481,0 %, 1690 MHz, 40, 7.07 W
1788686229.053622994,0 %, 1690 MHz, 40, 7.07 W
1788686229.154021491,0 %, 1690 MHz, 40, 7.07 W
1788686229.254323475,0 %, 1690 MHz, 40, 7.05 W
1788686229.354498148,0 %, 1690 MHz, 40, 7.05 W
1788686229.455239221,0 %, 1690 MHz, 40, 7.05 W
1788686229.555371589,0 %, 1690 MHz, 40, 7.05 W
1788686229.655762054,0 %, 1690 MHz, 40, 7.05 W
1788686229.755882326,0 %, 1690 MHz, 40, 7.04 W
1788686229.856597911,0 %, 1690 MHz, 40, 7.04 W
1788686229.957185832,0 %, 1690 MHz, 40, 7.04 W
1788686230.057454105,0 %, 1690 MHz, 40, 7.04 W
1788686230.157800345,0 %, 1690 MHz, 40, 7.04 W
1788686230.258184410,0 %, 1690 MHz, 40, 7.05 W
1788686230.358872011,0 %, 1690 MHz, 40, 7.05 W
1788686230.459211340,0 %, 1690 MHz, 40, 7.05 W
1788686230.559506189,0 %, 1690 MHz, 40, 7.05 W
1788686230.659677181,0 %, 1690 MHz, 40, 7.05 W
1788686230.759894526,0 %, 1690 MHz, 40, 7.03 W
1788686230.860091023,0 %, 1690 MHz, 40, 7.03 W
1788686230.960707984,0 %, 1690 MHz, 40, 7.03 W
1788686231.060279376,0 %, 1690 MHz, 40, 7.03 W
1788686231.161409329,0 %, 1690 MHz, 40, 7.03 W
1788686231.261745282,0 %, 1690 MHz, 40, 7.03 W
1788686231.361978227,0 %, 1690 MHz, 40, 7.03 W
1788686231.462468052,0 %, 1690 MHz, 40, 7.03 W
1788686231.562994373,0 %, 1690 MHz, 40, 7.03 W
1788686231.663508022,0 %, 1690 MHz, 40, 7.03 W
1788686231.763680278,0 %, 1690 MHz, 40, 7.04 W
1788686231.864060711,0 %, 1690 MHz, 40, 7.04 W
1788686231.964178824,0 %, 1690 MHz, 40, 7.04 W
1788686232.064348041,0 %, 1690 MHz, 40, 7.04 W
1788686232.165267290,0 %, 1690 MHz, 40, 7.04 W
1788686232.265566587,0 %, 1690 MHz, 40, 7.03 W
1788686232.365795212,0 %, 1690 MHz, 40, 7.03 W
1788686232.466123725,0 %, 1690 MHz, 40, 7.03 W
1788686232.566273629,0 %, 1690 MHz, 40, 7.03 W
1788686232.667210543,0 %, 1690 MHz, 40, 7.03 W
1788686232.767311343,0 %, 1690 MHz, 40, 7.01 W
1788686232.867711088,0 %, 1690 MHz, 40, 7.01 W
1788686232.967891009,0 %, 1690 MHz, 40, 7.01 W
1788686233.068539090,0 %, 1690 MHz, 40, 7.01 W
1788686233.168747523,0 %, 1690 MHz, 40, 7.01 W
1788686233.269256020,0 %, 1690 MHz, 40, 7.02 W
1788686233.369732982,0 %, 1690 MHz, 40, 7.02 W
1788686233.470138535,0 %, 1690 MHz, 40, 7.02 W
1788686233.570460680,0 %, 1690 MHz, 40, 7.02 W
1788686233.671146105,0 %, 1690 MHz, 40, 7.02 W
1788686233.771460826,0 %, 1690 MHz, 40, 7.02 W
1788686233.871857467,0 %, 1690 MHz, 40, 7.02 W
1788686233.972022540,0 %, 1690 MHz, 40, 7.02 W
1788686234.072873213,0 %, 1690 MHz, 40, 7.02 W
1788686234.173023406,0 %, 1690 MHz, 40, 7.02 W
1788686234.273484607,0 %, 1690 MHz, 40, 7.03 W
1788686234.373072608,0 %, 1690 MHz, 40, 7.03 W
1788686234.472955968,0 %, 1690 MHz, 40, 7.03 W
1788686234.573382722,0 %, 1690 MHz, 40, 7.03 W
1788686234.674346579,0 %, 1690 MHz, 40, 7.03 W
1788686234.774355012,0 %, 1690 MHz, 40, 7.06 W
1788686234.874770213,0 %, 1690 MHz, 40, 7.06 W
1788686234.974961878,0 %, 1690 MHz, 40, 7.06 W
1788686235.075791032,0 %, 1690 MHz, 40, 7.06 W
1788686235.175933369,0 %, 1690 MHz, 40, 7.06 W
1788686235.276299178,0 %, 1690 MHz, 40, 7.09 W
1788686235.376758219,0 %, 1690 MHz, 40, 7.09 W
1788686235.477070364,0 %, 1690 MHz, 40, 7.09 W
1788686235.577744446,0 %, 1690 MHz, 40, 7.09 W
1788686235.678086815,0 %, 1690 MHz, 40, 7.09 W
1788686235.778424800,0 %, 1690 MHz, 40, 7.09 W
1788686235.878515265,0 %, 1690 MHz, 40, 7.09 W
1788686235.979416131,0 %, 1690 MHz, 40, 7.09 W
1788686236.079659700,0 %, 1690 MHz, 40, 7.09 W
1788686236.179785861,0 %, 1690 MHz, 40, 7.10 W
1788686236.280325606,0 %, 1690 MHz, 40, 7.10 W
1788686236.380684087,0 %, 1690 MHz, 40, 7.10 W
1788686236.481413385,0 %, 1690 MHz, 40, 7.10 W
1788686236.581713274,0 %, 1690 MHz, 40, 7.10 W
1788686236.682116108,0 %, 1690 MHz, 40, 7.09 W
1788686236.782394237,0 %, 1690 MHz, 40, 7.09 W
1788686236.883106542,0 %, 1690 MHz, 40, 7.09 W
1788686236.983259296,0 %, 1690 MHz, 40, 7.09 W
1788686237.083794337,0 %, 1690 MHz, 40, 7.09 W
1788686237.183929202,0 %, 1690 MHz, 40, 7.08 W
1788686237.284888772,0 %, 1690 MHz, 40, 7.08 W
1788686237.385134325,0 %, 1690 MHz, 40, 7.08 W
1788686237.485493111,0 %, 1690 MHz, 40, 7.08 W
1788686237.585645448,0 %, 1690 MHz, 40, 7.08 W
1788686237.686539210,0 %, 1690 MHz, 39, 7.07 W
1788686237.786705643,0 %, 1690 MHz, 39, 7.07 W
1788686237.887205116,0 %, 1690 MHz, 39, 7.07 W
1788686237.987570222,0 %, 1690 MHz, 39, 7.07 W
1788686238.087929295,0 %, 1690 MHz, 39, 7.07 W
1788686238.188599121,0 %, 1690 MHz, 40, 7.03 W
1788686238.288909170,0 %, 1690 MHz, 40, 7.03 W
1788686238.389272900,0 %, 1690 MHz, 40, 7.03 W
1788686238.489650757,0 %, 1690 MHz, 40, 7.03 W
1788686238.590157095,0 %, 1690 MHz, 40, 7.03 W
1788686238.690800248,0 %, 1690 MHz, 39, 7.03 W
1788686238.791026090,0 %, 1690 MHz, 39, 7.03 W
1788686238.891175931,0 %, 1690 MHz, 39, 7.03 W
1788686238.991865309,0 %, 1690 MHz, 39, 7.03 W
1788686239.092521678,0 %, 1690 MHz, 39, 7.03 W
1788686239.192597184,0 %, 1690 MHz, 39, 7.04 W
1788686239.292964609,0 %, 1690 MHz, 39, 7.04 W
1788686239.393321251,0 %, 1690 MHz, 39, 7.04 W
1788686239.493519460,0 %, 1690 MHz, 39, 7.04 W
1788686239.594217702,0 %, 1690 MHz, 39, 7.04 W
1788686239.694499447,0 %, 1690 MHz, 40, 7.03 W
1788686239.794678617,0 %, 1690 MHz, 40, 7.03 W
1788686239.895203402,0 %, 1690 MHz, 40, 7.03 W
1788686239.995268572,0 %, 1690 MHz, 40, 7.03 W
1788686240.096202782,0 %, 1690 MHz, 40, 7.03 W
1788686240.196557887,0 %, 1690 MHz, 39, 7.01 W
1788686240.296656705,0 %, 1690 MHz, 39, 7.01 W
1788686240.397067298,0 %, 1690 MHz, 39, 7.01 W
1788686240.496440467,0 %, 1690 MHz, 39, 7.01 W
1788686240.596520708,0 %, 1690 MHz, 39, 7.01 W
1788686240.696912918,0 %, 1690 MHz, 39, 7.03 W
1788686240.796675159,0 %, 1690 MHz, 39, 7.03 W
1788686240.897101321,0 %, 1690 MHz, 39, 7.03 W
1788686240.997412090,0 %, 1690 MHz, 39, 7.03 W
1788686241.097352956,0 %, 1690 MHz, 39, 7.03 W
1788686241.198675726,0 %, 1690 MHz, 40, 7.07 W
1788686241.299181200,0 %, 1690 MHz, 40, 7.07 W
1788686241.399357889,0 %, 1690 MHz, 40, 7.07 W
1788686241.499904099,0 %, 1690 MHz, 40, 7.07 W
1788686241.600164613,0 %, 1690 MHz, 40, 7.07 W
1788686241.700552999,0 %, 1690 MHz, 39, 7.08 W
1788686241.800776136,0 %, 1690 MHz, 39, 7.08 W
1788686241.901424938,0 %, 1690 MHz, 39, 7.08 W
1788686242.001677404,0 %, 1690 MHz, 39, 7.08 W
1788686242.101818701,0 %, 1690 MHz, 39, 7.08 W
1788686242.202499743,0 %, 1690 MHz, 39, 7.05 W
1788686242.302512465,0 %, 1690 MHz, 39, 7.05 W
1788686242.403520803,0 %, 1690 MHz, 39, 7.05 W
1788686242.503814149,0 %, 1690 MHz, 39, 7.05 W
1788686242.603954215,0 %, 1690 MHz, 39, 7.05 W
1788686242.704514777,0 %, 1690 MHz, 39, 7.01 W
1788686242.804661082,0 %, 1690 MHz, 39, 7.01 W
1788686242.905367196,0 %, 1690 MHz, 39, 7.01 W
1788686243.005419630,0 %, 1690 MHz, 39, 7.01 W
1788686243.105762272,0 %, 1690 MHz, 39, 7.01 W
1788686243.206456402,0 %, 1690 MHz, 39, 6.99 W
1788686243.307210996,0 %, 1690 MHz, 39, 6.99 W
1788686243.407464438,0 %, 1690 MHz, 39, 6.99 W
1788686243.507791080,0 %, 1690 MHz, 39, 6.99 W
1788686243.608100777,0 %, 1690 MHz, 39, 6.99 W
1788686243.708285851,0 %, 1690 MHz, 39, 6.99 W
1788686243.809048557,0 %, 1690 MHz, 39, 6.99 W
1788686243.909047903,0 %, 1690 MHz, 39, 6.99 W
1788686244.009382065,0 %, 1690 MHz, 39, 6.99 W
1788686244.109656066,0 %, 1690 MHz, 39, 6.99 W
1788686244.210792597,0 %, 1690 MHz, 39, 7.01 W
1788686244.310756199,0 %, 1690 MHz, 39, 7.01 W
1788686244.411428009,0 %, 1690 MHz, 39, 7.01 W
1788686244.511797483,0 %, 1690 MHz, 39, 7.01 W
1788686244.612069773,0 %, 1690 MHz, 39, 7.01 W
1788686244.712089886,0 %, 1690 MHz, 39, 7.06 W
1788686244.812986721,0 %, 1690 MHz, 39, 7.06 W
1788686244.913292579,0 %, 1690 MHz, 39, 7.06 W
1788686245.013751461,0 %, 1690 MHz, 39, 7.06 W
1788686245.114060615,0 %, 1690 MHz, 39, 7.06 W
1788686245.214075848,0 %, 1690 MHz, 39, 7.09 W
1788686245.314934763,0 %, 1690 MHz, 39, 7.09 W
1788686245.415223725,0 %, 1690 MHz, 39, 7.09 W
1788686245.515265295,0 %, 1690 MHz, 39, 7.09 W
1788686245.615851569,0 %, 1690 MHz, 39, 7.09 W
1788686245.715956483,0 %, 1690 MHz, 39, 7.09 W
1788686245.816164100,0 %, 1690 MHz, 39, 7.09 W
1788686245.917215639,0 %, 1690 MHz, 39, 7.09 W
1788686246.017399481,0 %, 1690 MHz, 39, 7.09 W
1788686246.117941147,0 %, 1690 MHz, 39, 7.09 W
1788686246.217915581,0 %, 1690 MHz, 39, 7.07 W
1788686246.318954976,0 %, 1690 MHz, 39, 7.07 W
1788686246.419191042,0 %, 1690 MHz, 39, 7.07 W
1788686246.519666916,0 %, 1690 MHz, 39, 7.07 W
1788686246.620357750,0 %, 1690 MHz, 39, 7.07 W
1788686246.721296633,0 %, 1690 MHz, 39, 7.06 W
1788686246.821058763,0 %, 1690 MHz, 39, 7.06 W
1788686246.921164940,0 %, 1690 MHz, 39, 7.06 W
1788686247.021324078,0 %, 1690 MHz, 39, 7.06 W
1788686247.122234961,0 %, 1690 MHz, 39, 7.06 W
1788686247.222218979,0 %, 1690 MHz, 39, 7.06 W
1788686247.322875061,0 %, 1690 MHz, 39, 7.06 W
1788686247.422971719,0 %, 1690 MHz, 39, 7.06 W
1788686247.523939114,0 %, 1690 MHz, 39, 7.06 W
1788686247.624150428,0 %, 1690 MHz, 39, 7.06 W
1788686247.724310622,0 %, 1690 MHz, 39, 7.07 W
1788686247.824835072,0 %, 1690 MHz, 39, 7.07 W
1788686247.924294034,0 %, 1690 MHz, 39, 7.07 W
1788686248.024994900,0 %, 1690 MHz, 39, 7.07 W
1788686248.126075991,0 %, 1690 MHz, 39, 7.07 W
1788686248.226307289,0 %, 1690 MHz, 39, 7.07 W
1788686248.326610460,0 %, 1690 MHz, 39, 7.07 W
1788686248.426619486,0 %, 1690 MHz, 39, 7.07 W
1788686248.527302656,0 %, 1690 MHz, 39, 7.07 W
1788686248.628026147,0 %, 1690 MHz, 39, 7.07 W
1788686248.727651268,0 %, 1690 MHz, 39, 7.07 W
1788686248.828671959,0 %, 1690 MHz, 39, 7.07 W
1788686248.929046058,0 %, 1690 MHz, 39, 7.07 W
1788686249.029229692,0 %, 1690 MHz, 39, 7.07 W
1788686249.130091375,0 %, 1690 MHz, 39, 7.07 W
1788686249.230410481,0 %, 1690 MHz, 39, 7.09 W
1788686249.330787747,0 %, 1690 MHz, 39, 7.09 W
1788686249.431126470,0 %, 1690 MHz, 39, 7.09 W
1788686249.531799176,0 %, 1690 MHz, 39, 7.09 W
1788686249.632112843,0 %, 1690 MHz, 39, 7.09 W
1788686249.732492269,0 %, 1690 MHz, 39, 7.08 W
1788686249.832858255,0 %, 1690 MHz, 39, 7.08 W
1788686249.933454130,0 %, 1690 MHz, 39, 7.08 W
1788686250.033730420,0 %, 1690 MHz, 39, 7.08 W
1788686250.134227447,0 %, 1690 MHz, 39, 7.08 W
1788686250.234551017,0 %, 1690 MHz, 39, 7.04 W
1788686250.334578219,0 %, 1690 MHz, 39, 7.04 W
1788686250.435625518,0 %, 1690 MHz, 39, 7.04 W
1788686250.535833777,0 %, 1690 MHz, 39, 7.04 W
1788686250.634748498,0 %, 1690 MHz, 39, 7.04 W
1788686250.735547493,0 %, 1690 MHz, 39, 7.03 W
1788686250.835347686,0 %, 1690 MHz, 39, 7.03 W
1788686250.935566697,0 %, 1690 MHz, 39, 7.03 W
1788686251.036570780,0 %, 1690 MHz, 39, 7.03 W
1788686251.137142975,0 %, 1690 MHz, 39, 7.03 W
1788686251.237448897,0 %, 1690 MHz, 39, 6.99 W
1788686251.338019972,0 %, 1690 MHz, 39, 6.99 W
1788686251.438332582,0 %, 1690 MHz, 39, 6.99 W
1788686251.538685241,0 %, 1690 MHz, 39, 6.99 W
1788686251.639080491,0 %, 1690 MHz, 39, 6.99 W
1788686251.739587230,0 %, 1690 MHz, 39, 6.99 W
1788686251.839919280,0 %, 1690 MHz, 39, 6.99 W
1788686251.940236067,0 %, 1690 MHz, 39, 6.99 W
1788686252.040772022,0 %, 1690 MHz, 39, 6.99 W
1788686252.141091416,0 %, 1690 MHz, 39, 6.99 W
1788686252.241840891,0 %, 1690 MHz, 39, 7.03 W
1788686252.341980382,0 %, 1690 MHz, 39, 7.03 W
1788686252.442285392,0 %, 1690 MHz, 39, 7.03 W
1788686252.542426931,0 %, 1690 MHz, 39, 7.03 W
1788686252.643045669,0 %, 1690 MHz, 39, 7.03 W
1788686252.743557800,0 %, 1690 MHz, 39, 7.01 W
1788686252.843315786,0 %, 1690 MHz, 39, 7.01 W
1788686252.944239373,0 %, 1690 MHz, 39, 7.01 W
1788686253.044509024,0 %, 1690 MHz, 39, 7.01 W
1788686253.144979203,0 %, 1690 MHz, 39, 7.01 W
1788686253.245282277,0 %, 1690 MHz, 39, 7.00 W
1788686253.345288840,0 %, 1690 MHz, 39, 7.00 W
1788686253.446136875,0 %, 1690 MHz, 39, 7.00 W
1788686253.546309693,0 %, 1690 MHz, 39, 7.00 W
1788686253.646873760,0 %, 1690 MHz, 39, 7.00 W
1788686253.747221011,0 %, 1690 MHz, 39, 7.03 W
1788686253.847920582,0 %, 1690 MHz, 39, 7.03 W
1788686253.948142568,0 %, 1690 MHz, 39, 7.03 W
1788686254.048433611,0 %, 1690 MHz, 39, 7.03 W
1788686254.148667662,0 %, 1690 MHz, 39, 7.03 W
1788686254.249184561,0 %, 1690 MHz, 39, 7.03 W
1788686254.349972708,0 %, 1690 MHz, 39, 7.03 W
1788686254.450188102,0 %, 1690 MHz, 39, 7.03 W
1788686254.550508201,0 %, 1690 MHz, 39, 7.03 W
1788686254.650896508,0 %, 1690 MHz, 39, 7.03 W
1788686254.751441231,0 %, 1690 MHz, 39, 7.01 W
1788686254.851911074,0 %, 1690 MHz, 39, 7.01 W
1788686254.952124644,0 %, 1690 MHz, 39, 7.01 W
1788686255.052281575,0 %, 1690 MHz, 39, 7.01 W
1788686255.152585178,0 %, 1690 MHz, 39, 7.01 W
1788686255.253459901,0 %, 1690 MHz, 39, 7.02 W
1788686255.353619728,0 %, 1690 MHz, 39, 7.02 W
1788686255.454185971,0 %, 1690 MHz, 39, 7.02 W
1788686255.554522358,0 %, 1690 MHz, 39, 7.02 W
1788686255.655194329,0 %, 1690 MHz, 39, 7.02 W
1788686255.755588812,0 %, 1690 MHz, 39, 7.00 W
1788686255.855745550,0 %, 1690 MHz, 39, 7.00 W
1788686255.955889377,0 %, 1690 MHz, 39, 7.00 W
1788686256.056254148,0 %, 1690 MHz, 39, 7.00 W
1788686256.157142823,0 %, 1690 MHz, 39, 7.00 W
1788686256.257417370,0 %, 1690 MHz, 39, 6.99 W
1788686256.357573885,0 %, 1690 MHz, 39, 6.99 W
1788686256.458141200,0 %, 1690 MHz, 39, 6.99 W
1788686256.558276899,0 %, 1690 MHz, 39, 6.99 W
1788686256.659195398,0 %, 1690 MHz, 39, 6.99 W
1788686256.759713513,0 %, 1690 MHz, 39, 7.00 W
1788686256.859495788,0 %, 1690 MHz, 39, 7.00 W
1788686256.959935215,0 %, 1690 MHz, 39, 7.00 W
1788686257.060176738,0 %, 1690 MHz, 39, 7.00 W
1788686257.161084565,0 %, 1690 MHz, 39, 7.00 W
1788686257.261510360,0 %, 1690 MHz, 39, 7.03 W
1788686257.361557803,0 %, 1690 MHz, 39, 7.03 W
1788686257.462144078,0 %, 1690 MHz, 39, 7.03 W
1788686257.562635649,0 %, 1690 MHz, 39, 7.03 W
1788686257.663093604,0 %, 1690 MHz, 39, 7.03 W
1788686257.764037432,0 %, 1690 MHz, 39, 7.03 W
1788686257.863594346,0 %, 1690 MHz, 39, 7.03 W
1788686257.964043229,0 %, 1690 MHz, 39, 7.03 W
1788686258.064311120,0 %, 1690 MHz, 39, 7.03 W
1788686258.164859843,0 %, 1690 MHz, 39, 7.03 W
1788686258.265229031,0 %, 1690 MHz, 39, 7.01 W
1788686258.365535114,0 %, 1690 MHz, 39, 7.01 W
1788686258.465144540,0 %, 1690 MHz, 39, 7.01 W
1788686258.565710895,0 %, 1690 MHz, 39, 7.01 W
1788686258.665758338,0 %, 1690 MHz, 39, 7.01 W
1788686258.766005381,0 %, 1690 MHz, 39, 7.01 W
1788686258.867327737,0 %, 1690 MHz, 39, 7.01 W
1788686258.967590764,0 %, 1690 MHz, 39, 7.01 W
1788686259.068062271,0 %, 1690 MHz, 39, 7.01 W
1788686259.168315282,0 %, 1690 MHz, 39, 7.01 W
1788686259.269053014,0 %, 1690 MHz, 39, 7.04 W
1788686259.369346953,0 %, 1690 MHz, 39, 7.04 W
1788686259.469576428,0 %, 1690 MHz, 39, 7.04 W
1788686259.569980079,0 %, 1690 MHz, 39, 7.04 W
1788686259.670280450,0 %, 1690 MHz, 39, 7.04 W
1788686259.770249989,0 %, 1690 MHz, 39, 7.06 W
1788686259.871162681,0 %, 1690 MHz, 39, 7.06 W
1788686259.971645116,0 %, 1690 MHz, 39, 7.06 W
1788686260.071824495,0 %, 1690 MHz, 39, 7.06 W
1788686260.172032018,0 %, 1690 MHz, 39, 7.06 W
1788686260.272725718,0 %, 1690 MHz, 39, 7.05 W
1788686260.373205305,0 %, 1690 MHz, 39, 7.05 W
1788686260.473608957,0 %, 1690 MHz, 39, 7.05 W
1788686260.573932400,0 %, 1690 MHz, 39, 7.05 W
1788686260.674613891,0 %, 1690 MHz, 39, 7.05 W
1788686260.774814423,0 %, 1690 MHz, 39, 7.04 W
1788686260.874913066,0 %, 1690 MHz, 39, 7.04 W
1788686260.975426765,0 %, 1690 MHz, 39, 7.04 W
1788686261.075856960,0 %, 1690 MHz, 39, 7.04 W
1788686261.176558676,0 %, 1690 MHz, 39, 7.04 W
1788686261.275613110,0 %, 1690 MHz, 39, 7.02 W
1788686261.376038169,0 %, 1690 MHz, 39, 7.02 W
1788686261.476155548,0 %, 1690 MHz, 39, 7.02 W
1788686261.576482480,0 %, 1690 MHz, 39, 7.02 W
1788686261.676441107,0 %, 1690 MHz, 39, 7.02 W
1788686261.776865542,0 %, 1690 MHz, 39, 7.00 W
1788686261.878009578,0 %, 1690 MHz, 39, 7.00 W
1788686261.978331982,0 %, 1690 MHz, 39, 7.00 W
1788686262.078650081,0 %, 1690 MHz, 39, 7.00 W
1788686262.179358405,0 %, 1690 MHz, 39, 7.00 W
1788686262.279671208,0 %, 1690 MHz, 39, 7.03 W
1788686262.380011275,0 %, 1690 MHz, 39, 7.03 W
1788686262.480373455,0 %, 1690 MHz, 39, 7.03 W
1788686262.580565970,0 %, 1690 MHz, 39, 7.03 W
1788686262.680948230,0 %, 1690 MHz, 39, 7.03 W
1788686262.781563849,0 %, 1690 MHz, 39, 7.03 W
1788686262.881894093,0 %, 1690 MHz, 39, 7.03 W
1788686262.981615727,0 %, 1690 MHz, 39, 7.03 W
1788686263.082601828,0 %, 1690 MHz, 39, 7.03 W
1788686263.183317559,0 %, 1690 MHz, 39, 7.03 W
1788686263.283623947,0 %, 1690 MHz, 39, 7.03 W
1788686263.383883902,0 %, 1690 MHz, 39, 7.03 W
1788686263.484561634,0 %, 1690 MHz, 39, 7.03 W
1788686263.585105846,0 %, 1690 MHz, 39, 7.03 W
1788686263.685554249,0 %, 1690 MHz, 39, 7.04 W
1788686263.785771517,0 %, 1690 MHz, 39, 7.04 W
1788686263.886077376,0 %, 1690 MHz, 39, 7.04 W
1788686263.986815924,0 %, 1690 MHz, 39, 7.04 W
1788686264.087083095,0 %, 1690 MHz, 39, 7.04 W
1788686264.187247707,0 %, 1690 MHz, 39, 7.03 W
1788686264.287569502,0 %, 1690 MHz, 39, 7.03 W
1788686264.387823634,0 %, 1690 MHz, 39, 7.03 W
1788686264.488296134,0 %, 1690 MHz, 39, 7.03 W
1788686264.587950360,0 %, 1690 MHz, 39, 7.03 W
1788686264.688020012,0 %, 1690 MHz, 39, 7.04 W
1788686264.788496623,0 %, 1690 MHz, 39, 7.04 W
1788686264.888272194,0 %, 1690 MHz, 39, 7.04 W
1788686264.988715990,0 %, 1690 MHz, 39, 7.04 W
1788686265.090041403,0 %, 1690 MHz, 39, 7.04 W
1788686265.190192862,0 %, 1690 MHz, 39, 7.06 W
1788686265.290584258,0 %, 1690 MHz, 39, 7.06 W
1788686265.390762725,0 %, 1690 MHz, 39, 7.06 W
1788686265.491609929,0 %, 1690 MHz, 39, 7.06 W
1788686265.591927549,0 %, 1690 MHz, 39, 7.06 W
1788686265.692464881,0 %, 1690 MHz, 39, 7.06 W
1788686265.792619396,0 %, 1690 MHz, 39, 7.06 W
1788686265.893177752,0 %, 1690 MHz, 39, 7.06 W
1788686265.992885483,0 %, 1690 MHz, 39, 7.06 W
1788686266.092729182,0 %, 1690 MHz, 39, 7.06 W
1788686266.192929394,0 %, 1690 MHz, 39, 7.06 W
1788686266.294270855,0 %, 1690 MHz, 39, 7.06 W
1788686266.394521066,0 %, 1690 MHz, 39, 7.06 W
1788686266.494933646,0 %, 1690 MHz, 39, 7.06 W
1788686266.595289842,0 %, 1690 MHz, 39, 7.06 W
1788686266.695852390,0 %, 1690 MHz, 39, 7.07 W
1788686266.796188505,0 %, 1690 MHz, 39, 7.07 W
1788686266.896466877,0 %, 1690 MHz, 39, 7.07 W
1788686266.996613025,0 %, 1690 MHz, 39, 7.07 W
1788686267.096655604,0 %, 1690 MHz, 39, 7.07 W
1788686267.197815305,0 %, 1690 MHz, 39, 7.04 W
1788686267.297968316,0 %, 1690 MHz, 39, 7.04 W
1788686267.398471616,0 %, 1690 MHz, 39, 7.04 W
1788686267.498832484,0 %, 1690 MHz, 39, 7.04 W
1788686267.599343992,0 %, 1690 MHz, 39, 7.04 W
1788686267.699739628,0 %, 1690 MHz, 39, 7.05 W
1788686267.800220192,0 %, 1690 MHz, 39, 7.05 W
1788686267.900464116,0 %, 1690 MHz, 39, 7.05 W
1788686268.000795191,0 %, 1690 MHz, 39, 7.05 W
1788686268.101297451,0 %, 1690 MHz, 39, 7.05 W
1788686268.201806207,0 %, 1690 MHz, 39, 7.05 W
1788686268.301962435,0 %, 1690 MHz, 39, 7.05 W
1788686268.402510775,0 %, 1690 MHz, 39, 7.05 W
1788686268.503243868,0 %, 1690 MHz, 39, 7.05 W
1788686268.603533423,0 %, 1690 MHz, 39, 7.05 W
1788686268.703901747,0 %, 1690 MHz, 39, 7.01 W
1788686268.804220839,0 %, 1690 MHz, 39, 7.01 W
1788686268.904308523,0 %, 1690 MHz, 39, 7.01 W
1788686269.005228079,0 %, 1690 MHz, 39, 7.01 W
1788686269.105343203,0 %, 1690 MHz, 39, 7.01 W
1788686269.205842279,0 %, 1690 MHz, 39, 7.03 W
1788686269.306023739,0 %, 1690 MHz, 39, 7.03 W
1788686269.406921087,0 %, 1690 MHz, 39, 7.03 W
1788686269.507281139,0 %, 1690 MHz, 39, 7.03 W
1788686269.607543687,0 %, 1690 MHz, 39, 7.03 W
1788686269.707963467,0 %, 1690 MHz, 39, 7.07 W
1788686269.808080031,0 %, 1690 MHz, 39, 7.07 W
1788686269.908850675,0 %, 1690 MHz, 39, 7.07 W
1788686270.009125991,0 %, 1690 MHz, 39, 7.07 W
1788686270.108796251,0 %, 1690 MHz, 39, 7.07 W
1788686270.208625870,0 %, 1690 MHz, 39, 7.09 W
1788686270.309188562,0 %, 1690 MHz, 39, 7.09 W
1788686270.410144711,0 %, 1690 MHz, 39, 7.09 W
1788686270.510461739,0 %, 1690 MHz, 39, 7.09 W
1788686270.610623775,0 %, 1690 MHz, 39, 7.09 W
1788686270.711170771,0 %, 1690 MHz, 39, 7.09 W
1788686270.810835463,0 %, 1690 MHz, 39, 7.09 W
1788686270.911851611,0 %, 1690 MHz, 39, 7.09 W
1788686271.012182223,0 %, 1690 MHz, 39, 7.09 W
1788686271.112586531,0 %, 1690 MHz, 39, 7.09 W
1788686271.212938600,0 %, 1690 MHz, 39, 7.08 W
1788686271.313594924,0 %, 1690 MHz, 39, 7.08 W
1788686271.413932288,0 %, 1690 MHz, 39, 7.08 W
1788686271.514124196,0 %, 1690 MHz, 39, 7.08 W
1788686271.614545976,0 %, 1690 MHz, 39, 7.08 W
1788686271.715464381,0 %, 1690 MHz, 39, 7.04 W
1788686271.815556209,0 %, 1690 MHz, 39, 7.04 W
1788686271.915802101,0 %, 1690 MHz, 39, 7.04 W
1788686272.016248441,0 %, 1690 MHz, 39, 7.04 W
1788686272.116573805,0 %, 1690 MHz, 39, 7.04 W
1788686272.217346930,0 %, 1690 MHz, 39, 7.00 W
1788686272.317605846,0 %, 1690 MHz, 39, 7.00 W
1788686272.418031338,0 %, 1690 MHz, 39, 7.00 W
1788686272.518308142,0 %, 1690 MHz, 39, 7.00 W
1788686272.618497634,0 %, 1690 MHz, 39, 7.00 W
1788686272.719060983,0 %, 1690 MHz, 39, 7.01 W
1788686272.819535115,0 %, 1690 MHz, 39, 7.01 W
1788686272.919743391,0 %, 1690 MHz, 39, 7.01 W
1788686273.020097603,0 %, 1690 MHz, 39, 7.01 W
1788686273.120405032,0 %, 1690 MHz, 39, 7.01 W
1788686273.220931420,0 %, 1690 MHz, 39, 7.07 W
1788686273.321436433,0 %, 1690 MHz, 39, 7.07 W
1788686273.421631381,0 %, 1690 MHz, 39, 7.07 W
1788686273.522013305,0 %, 1690 MHz, 39, 7.07 W
1788686273.622322685,0 %, 1690 MHz, 39, 7.07 W
1788686273.722860978,0 %, 1690 MHz, 39, 7.09 W
1788686273.823557734,0 %, 1690 MHz, 39, 7.09 W
1788686273.923431322,0 %, 1690 MHz, 39, 7.09 W
1788686274.023806255,0 %, 1690 MHz, 39, 7.09 W
1788686274.124486755,0 %, 1690 MHz, 39, 7.09 W
1788686274.224302967,0 %, 1690 MHz, 39, 7.09 W
1788686274.325183244,0 %, 1690 MHz, 39, 7.09 W
1788686274.425361488,0 %, 1690 MHz, 39, 7.09 W
1788686274.525891701,0 %, 1690 MHz, 39, 7.09 W
1788686274.625998681,0 %, 1690 MHz, 39, 7.09 W
1788686274.726862334,0 %, 1690 MHz, 39, 7.06 W
1788686274.827166738,0 %, 1690 MHz, 39, 7.06 W
1788686274.927498086,0 %, 1690 MHz, 39, 7.06 W
1788686275.027498010,0 %, 1690 MHz, 39, 7.06 W
1788686275.128076671,0 %, 1690 MHz, 39, 7.06 W
1788686275.228221059,0 %, 1690 MHz, 39, 7.02 W
1788686275.329089064,0 %, 1690 MHz, 39, 7.02 W
1788686275.429241340,0 %, 1690 MHz, 39, 7.02 W
1788686275.529823937,0 %, 1690 MHz, 39, 7.02 W
1788686275.630151126,0 %, 1690 MHz, 39, 7.02 W
1788686275.730932410,0 %, 1690 MHz, 39, 7.04 W
1788686275.830948815,0 %, 1690 MHz, 39, 7.04 W
1788686275.930814787,0 %, 1690 MHz, 39, 7.04 W
1788686276.031633431,0 %, 1690 MHz, 39, 7.04 W
1788686276.132009436,0 %, 1690 MHz, 39, 7.04 W
1788686276.232515729,0 %, 1690 MHz, 39, 7.07 W
1788686276.332968581,0 %, 1690 MHz, 39, 7.07 W
1788686276.433324250,0 %, 1690 MHz, 39, 7.07 W
1788686276.533655198,0 %, 1690 MHz, 39, 7.07 W
1788686276.634044835,0 %, 1690 MHz, 39, 7.07 W
1788686276.734886328,0 %, 1690 MHz, 39, 7.07 W
1788686276.835049564,0 %, 1690 MHz, 39, 7.07 W
1788686276.935422257,0 %, 1690 MHz, 39, 7.07 W
1788686277.035752773,0 %, 1690 MHz, 39, 7.07 W
1788686277.136584298,0 %, 1690 MHz, 39, 7.07 W
1788686277.236562527,0 %, 1690 MHz, 39, 7.05 W
1788686277.337093267,0 %, 1690 MHz, 39, 7.05 W
1788686277.437222408,0 %, 1690 MHz, 39, 7.05 W
1788686277.537576988,0 %, 1690 MHz, 39, 7.05 W
1788686277.637784897,0 %, 1690 MHz, 39, 7.05 W
1788686277.737963989,0 %, 1690 MHz, 39, 7.03 W
1788686277.838111978,0 %, 1690 MHz, 39, 7.03 W
1788686277.938261518,0 %, 1690 MHz, 39, 7.03 W
1788686278.039073075,0 %, 1690 MHz, 39, 7.03 W
1788686278.139349208,0 %, 1690 MHz, 39, 7.03 W
1788686278.239053964,0 %, 1690 MHz, 39, 7.03 W
1788686278.339553409,0 %, 1690 MHz, 39, 7.03 W
1788686278.440061205,0 %, 1690 MHz, 39, 7.03 W
1788686278.540412186,0 %, 1690 MHz, 39, 7.03 W
1788686278.639820366,0 %, 1690 MHz, 39, 7.03 W
1788686278.740315283,0 %, 1690 MHz, 39, 7.05 W
1788686278.840456455,0 %, 1690 MHz, 39, 7.05 W
1788686278.941174604,0 %, 1690 MHz, 39, 7.05 W
1788686279.041844497,0 %, 1690 MHz, 39, 7.05 W
1788686279.142317014,0 %, 1690 MHz, 39, 7.05 W
1788686279.242654987,0 %, 1690 MHz, 39, 7.07 W
1788686279.343088784,0 %, 1690 MHz, 39, 7.07 W
1788686279.443732597,0 %, 1690 MHz, 39, 7.07 W
1788686279.544051849,0 %, 1690 MHz, 39, 7.07 W
1788686279.644620542,0 %, 1690 MHz, 39, 7.07 W
1788686279.744604403,0 %, 1690 MHz, 39, 7.05 W
1788686279.844769799,0 %, 1690 MHz, 39, 7.05 W
1788686279.945682221,0 %, 1690 MHz, 39, 7.05 W
1788686280.046014001,0 %, 1690 MHz, 39, 7.05 W
1788686280.146361110,0 %, 1690 MHz, 39, 7.05 W
1788686280.246544715,0 %, 1690 MHz, 39, 7.05 W
1788686280.346786544,0 %, 1690 MHz, 39, 7.05 W
1788686280.447627589,0 %, 1690 MHz, 39, 7.05 W
1788686280.547604905,0 %, 1690 MHz, 39, 7.05 W
1788686280.648104078,0 %, 1690 MHz, 39, 7.05 W
1788686280.748623091,0 %, 1690 MHz, 39, 7.10 W
1788686280.848613752,0 %, 1690 MHz, 39, 7.10 W
1788686280.949571165,0 %, 1690 MHz, 39, 7.10 W
1788686281.049632146,0 %, 1690 MHz, 39, 7.10 W
1788686281.150150151,0 %, 1690 MHz, 39, 7.10 W
1788686281.250528940,0 %, 1690 MHz, 39, 7.11 W
1788686281.350715601,0 %, 1690 MHz, 39, 7.11 W
1788686281.451516102,0 %, 1690 MHz, 39, 7.11 W
1788686281.551532539,0 %, 1690 MHz, 39, 7.11 W
1788686281.652054496,0 %, 1690 MHz, 39, 7.11 W
1788686281.752417845,0 %, 1690 MHz, 39, 7.10 W
1788686281.852591881,0 %, 1690 MHz, 39, 7.10 W
1788686281.952317902,0 %, 1690 MHz, 39, 7.10 W
1788686282.052319026,0 %, 1690 MHz, 39, 7.10 W
1788686282.152281991,0 %, 1690 MHz, 39, 7.10 W
1788686282.252367339,0 %, 1690 MHz, 39, 7.08 W
1788686282.352791041,0 %, 1690 MHz, 39, 7.08 W
1788686282.452956133,0 %, 1690 MHz, 39, 7.08 W
1788686282.553735691,0 %, 1690 MHz, 39, 7.08 W
1788686282.654096256,0 %, 1690 MHz, 39, 7.08 W
1788686282.754433637,0 %, 1690 MHz, 39, 7.07 W
1788686282.855105706,0 %, 1690 MHz, 39, 7.07 W
1788686282.955414607,0 %, 1690 MHz, 39, 7.07 W
1788686283.055598020,0 %, 1690 MHz, 39, 7.07 W
1788686283.156136377,0 %, 1690 MHz, 39, 7.07 W
1788686283.256820479,0 %, 1690 MHz, 39, 7.07 W
1788686283.357035123,0 %, 1690 MHz, 39, 7.07 W
1788686283.457323208,0 %, 1690 MHz, 39, 7.07 W
1788686283.557916798,0 %, 1690 MHz, 39, 7.07 W
1788686283.658544675,0 %, 1690 MHz, 39, 7.07 W
1788686283.758924504,0 %, 1690 MHz, 39, 7.04 W
1788686283.858903645,0 %, 1690 MHz, 39, 7.04 W
1788686283.959421730,0 %, 1690 MHz, 39, 7.04 W
1788686284.059407655,0 %, 1690 MHz, 39, 7.04 W
1788686284.159993356,0 %, 1690 MHz, 39, 7.04 W
1788686284.260687234,0 %, 1690 MHz, 39, 7.02 W
1788686284.361031271,0 %, 1690 MHz, 39, 7.02 W
1788686284.461476748,0 %, 1690 MHz, 39, 7.02 W
1788686284.561571233,0 %, 1690 MHz, 39, 7.02 W
1788686284.661921046,0 %, 1690 MHz, 39, 7.02 W
1788686284.762468043,0 %, 1690 MHz, 39, 7.02 W
1788686284.862792161,0 %, 1690 MHz, 39, 7.02 W
1788686284.963335606,0 %, 1690 MHz, 39, 7.02 W
1788686285.063365579,0 %, 1690 MHz, 39, 7.02 W
1788686285.163931904,0 %, 1690 MHz, 39, 7.02 W
1788686285.264571894,0 %, 1690 MHz, 39, 7.02 W
1788686285.364975915,0 %, 1690 MHz, 39, 7.02 W
1788686285.465293088,0 %, 1690 MHz, 39, 7.02 W
1788686285.565586469,0 %, 1690 MHz, 39, 7.02 W
1788686285.666314523,0 %, 1690 MHz, 39, 7.02 W
1788686285.766447840,0 %, 1690 MHz, 39, 7.00 W
1788686285.867157734,0 %, 1690 MHz, 39, 7.00 W
1788686285.967341259,0 %, 1690 MHz, 39, 7.00 W
1788686286.067319440,0 %, 1690 MHz, 39, 7.00 W
1788686286.168232165,0 %, 1690 MHz, 39, 7.00 W
1788686286.268536139,0 %, 1690 MHz, 39, 7.02 W
1788686286.368881312,0 %, 1690 MHz, 39, 7.02 W
1788686286.469279893,0 %, 1690 MHz, 39, 7.02 W
1788686286.569499306,0 %, 1690 MHz, 39, 7.02 W
1788686286.670187872,0 %, 1690 MHz, 39, 7.02 W
1788686286.770656085,0 %, 1690 MHz, 39, 7.05 W
1788686286.870836347,0 %, 1690 MHz, 39, 7.05 W
1788686286.971248784,0 %, 1690 MHz, 39, 7.05 W
1788686287.071263333,0 %, 1690 MHz, 39, 7.05 W
1788686287.172159339,0 %, 1690 MHz, 39, 7.05 W
1788686287.272472064,0 %, 1690 MHz, 39, 7.05 W
1788686287.372859734,0 %, 1690 MHz, 39, 7.05 W
1788686287.473241563,0 %, 1690 MHz, 39, 7.05 W
1788686287.572972784,0 %, 1690 MHz, 39, 7.05 W
1788686287.674088182,0 %, 1690 MHz, 39, 7.05 W
1788686287.774220987,0 %, 1690 MHz, 39, 7.05 W
1788686287.874661440,0 %, 1690 MHz, 39, 7.05 W
1788686287.974287285,0 %, 1690 MHz, 39, 7.05 W
1788686288.075263147,0 %, 1690 MHz, 39, 7.05 W
1788686288.175528801,0 %, 1690 MHz, 39, 7.05 W
1788686288.276237206,0 %, 1690 MHz, 39, 7.04 W
1788686288.376571660,0 %, 1690 MHz, 39, 7.04 W
1788686288.477003777,0 %, 1690 MHz, 39, 7.04 W
1788686288.577279463,0 %, 1690 MHz, 39, 7.04 W
1788686288.677623388,0 %, 1690 MHz, 39, 7.04 W
1788686288.778194930,0 %, 1690 MHz, 39, 7.01 W
1788686288.878484935,0 %, 1690 MHz, 39, 7.01 W
1788686288.978679005,0 %, 1690 MHz, 39, 7.01 W
1788686289.079083506,0 %, 1690 MHz, 39, 7.01 W
1788686289.179454440,0 %, 1690 MHz, 39, 7.01 W
1788686289.280110189,0 %, 1690 MHz, 39, 7.01 W
1788686289.380449171,0 %, 1690 MHz, 39, 7.01 W
1788686289.480661560,0 %, 1690 MHz, 39, 7.01 W
1788686289.581054094,0 %, 1690 MHz, 39, 7.01 W
1788686289.681372835,0 %, 1690 MHz, 39, 7.01 W
1788686289.781600121,0 %, 1690 MHz, 39, 7.02 W
1788686289.882234303,0 %, 1690 MHz, 39, 7.02 W
1788686289.982399572,0 %, 1690 MHz, 39, 7.02 W
1788686290.082973738,0 %, 1690 MHz, 39, 7.02 W
1788686290.183173967,0 %, 1690 MHz, 39, 7.06 W
1788686290.283502021,0 %, 1690 MHz, 39, 7.06 W
1788686290.384039163,0 %, 1690 MHz, 39, 7.06 W
1788686290.484352320,0 %, 1690 MHz, 39, 7.06 W
1788686290.584709478,0 %, 1690 MHz, 39, 7.06 W
1788686290.685077547,0 %, 1690 MHz, 39, 7.07 W
1788686290.785653873,0 %, 1690 MHz, 39, 7.07 W
1788686290.886134903,0 %, 1690 MHz, 39, 7.07 W
1788686290.985448252,0 %, 1690 MHz, 39, 7.07 W
1788686291.086602610,0 %, 1690 MHz, 39, 7.07 W
1788686291.186969416,0 %, 1690 MHz, 39, 7.03 W
1788686291.287325965,0 %, 1690 MHz, 39, 7.03 W
1788686291.387499923,0 %, 1690 MHz, 39, 7.03 W
1788686291.488223385,0 %, 1690 MHz, 39, 7.03 W
1788686291.588528335,0 %, 1690 MHz, 39, 7.03 W
1788686291.688688132,0 %, 1690 MHz, 39, 7.05 W
1788686291.789078970,0 %, 1690 MHz, 39, 7.05 W
1788686291.889270431,0 %, 1690 MHz, 39, 7.05 W
1788686291.989764517,0 %, 1690 MHz, 39, 7.05 W
1788686292.090436155,0 %, 1690 MHz, 39, 7.05 W
1788686292.190494161,0 %, 1690 MHz, 39, 7.08 W
1788686292.291015991,0 %, 1690 MHz, 39, 7.08 W
1788686292.391428812,0 %, 1690 MHz, 39, 7.08 W
1788686292.491548690,0 %, 1690 MHz, 39, 7.08 W
1788686292.591932776,0 %, 1690 MHz, 39, 7.08 W
1788686292.692556494,0 %, 1690 MHz, 39, 7.11 W
1788686292.792764067,0 %, 1690 MHz, 39, 7.11 W
1788686292.892797129,0 %, 1690 MHz, 39, 7.11 W
1788686292.993248831,0 %, 1690 MHz, 39, 7.11 W
1788686293.093449924,0 %, 1690 MHz, 39, 7.11 W
1788686293.193624426,0 %, 1690 MHz, 39, 7.07 W
1788686293.294190752,0 %, 1690 MHz, 39, 7.07 W
1788686293.394608838,0 %, 1690 MHz, 39, 7.07 W
1788686293.495096524,0 %, 1690 MHz, 39, 7.07 W
1788686293.595427346,0 %, 1690 MHz, 39, 7.07 W
1788686293.695820216,0 %, 1690 MHz, 39, 7.03 W
1788686293.796159421,0 %, 1690 MHz, 39, 7.03 W
1788686293.896851748,0 %, 1690 MHz, 39, 7.03 W
1788686293.997190665,0 %, 1690 MHz, 39, 7.03 W
1788686294.097367743,0 %, 1690 MHz, 39, 7.03 W
1788686294.197465109,0 %, 1690 MHz, 39, 7.06 W
1788686294.297716827,0 %, 1690 MHz, 39, 7.06 W
1788686294.397938592,0 %, 1690 MHz, 39, 7.06 W
1788686294.498124742,0 %, 1690 MHz, 39, 7.06 W
1788686294.598259740,0 %, 1690 MHz, 39, 7.06 W
1788686294.698300785,0 %, 1690 MHz, 39, 7.05 W
1788686294.798548967,0 %, 1690 MHz, 39, 7.05 W
1788686294.899029645,0 %, 1690 MHz, 39, 7.05 W
1788686294.999102563,0 %, 1690 MHz, 39, 7.05 W
1788686295.098890984,0 %, 1690 MHz, 39, 7.05 W
1788686295.199565679,0 %, 1690 MHz, 39, 7.04 W
1788686295.299577748,0 %, 1690 MHz, 39, 7.04 W
1788686295.399636634,0 %, 1690 MHz, 39, 7.04 W
1788686295.500571568,0 %, 1690 MHz, 39, 7.04 W
1788686295.600060806,0 %, 1690 MHz, 39, 7.04 W
1788686295.700599884,0 %, 1690 MHz, 39, 7.08 W
1788686295.800864802,0 %, 1690 MHz, 39, 7.08 W
1788686295.901027479,0 %, 1690 MHz, 39, 7.08 W
1788686296.001218253,0 %, 1690 MHz, 39, 7.08 W
1788686296.102185428,0 %, 1690 MHz, 39, 7.08 W
1788686296.201659945,0 %, 1690 MHz, 39, 7.06 W
1788686296.301938223,0 %, 1690 MHz, 39, 7.06 W
1788686296.402404869,0 %, 1690 MHz, 39, 7.06 W
1788686296.502653803,0 %, 1690 MHz, 39, 7.06 W
1788686296.603122593,0 %, 1690 MHz, 39, 7.06 W
1788686296.703305655,0 %, 1690 MHz, 39, 7.05 W
1788686296.803884062,0 %, 1690 MHz, 39, 7.05 W
1788686296.904459684,0 %, 1690 MHz, 39, 7.05 W
1788686297.004349273,0 %, 1690 MHz, 39, 7.05 W
1788686297.104473407,0 %, 1690 MHz, 39, 7.05 W
1788686297.205217622,0 %, 1690 MHz, 39, 7.06 W
1788686297.305434284,0 %, 1690 MHz, 39, 7.06 W
1788686297.406321763,0 %, 1690 MHz, 39, 7.06 W
1788686297.506507625,0 %, 1690 MHz, 39, 7.06 W
1788686297.606900671,0 %, 1690 MHz, 39, 7.06 W
1788686297.707241845,0 %, 1690 MHz, 39, 7.05 W
1788686297.807994315,0 %, 1690 MHz, 39, 7.05 W
1788686297.908361778,0 %, 1690 MHz, 39, 7.05 W
1788686298.008531880,0 %, 1690 MHz, 39, 7.05 W
1788686298.108950318,0 %, 1690 MHz, 39, 7.05 W
1788686298.209774148,0 %, 1690 MHz, 39, 7.06 W
1788686298.310094283,0 %, 1690 MHz, 39, 7.06 W
1788686298.410560689,0 %, 1690 MHz, 39, 7.06 W
1788686298.510924311,0 %, 1690 MHz, 39, 7.06 W
1788686298.611612766,0 %, 1690 MHz, 39, 7.06 W
1788686298.711802916,0 %, 1690 MHz, 39, 7.05 W
1788686298.812123450,0 %, 1690 MHz, 39, 7.05 W
1788686298.912481264,0 %, 1690 MHz, 39, 7.05 W
1788686299.012505926,0 %, 1690 MHz, 39, 7.05 W
1788686299.113039965,0 %, 1690 MHz, 39, 7.05 W
1788686299.213743635,0 %, 1690 MHz, 39, 7.07 W
1788686299.314067353,0 %, 1690 MHz, 39, 7.07 W
1788686299.414383200,0 %, 1690 MHz, 39, 7.07 W
1788686299.514612630,0 %, 1690 MHz, 39, 7.07 W
1788686299.614579068,0 %, 1690 MHz, 39, 7.07 W
1788686299.715129634,0 %, 1690 MHz, 39, 7.08 W
1788686299.815795577,0 %, 1690 MHz, 39, 7.08 W
1788686299.916128591,0 %, 1690 MHz, 39, 7.08 W
1788686300.016457637,0 %, 1690 MHz, 39, 7.08 W
1788686300.116605548,0 %, 1690 MHz, 39, 7.08 W
1788686300.217039634,0 %, 1690 MHz, 39, 7.06 W
1788686300.317764185,0 %, 1690 MHz, 39, 7.06 W
1788686300.418067039,0 %, 1690 MHz, 39, 7.06 W
1788686300.518376997,0 %, 1690 MHz, 39, 7.06 W
1788686300.618785212,0 %, 1690 MHz, 39, 7.06 W
1788686300.719092674,0 %, 1690 MHz, 39, 7.06 W
1788686300.819593081,0 %, 1690 MHz, 39, 7.06 W
1788686300.920128399,0 %, 1690 MHz, 39, 7.06 W
1788686301.020494693,0 %, 1690 MHz, 39, 7.06 W
1788686301.120837244,0 %, 1690 MHz, 39, 7.06 W
1788686301.221527107,0 %, 1690 MHz, 39, 7.06 W
1788686301.321747033,0 %, 1690 MHz, 39, 7.06 W
1788686301.422065631,0 %, 1690 MHz, 39, 7.06 W
1788686301.522394534,0 %, 1690 MHz, 39, 7.06 W
1788686301.622746812,0 %, 1690 MHz, 39, 7.06 W
1788686301.723489923,0 %, 1690 MHz, 39, 7.03 W
1788686301.823672089,0 %, 1690 MHz, 39, 7.03 W
1788686301.924054736,0 %, 1690 MHz, 39, 7.03 W
1788686302.024331894,0 %, 1690 MHz, 39, 7.03 W
1788686302.124534237,0 %, 1690 MHz, 39, 7.03 W
1788686302.224921907,0 %, 1690 MHz, 39, 7.04 W
1788686302.325555594,0 %, 1690 MHz, 39, 7.04 W
1788686302.425917344,0 %, 1690 MHz, 39, 7.04 W
1788686302.526282023,0 %, 1690 MHz, 39, 7.04 W
1788686302.625965421,0 %, 1690 MHz, 39, 7.04 W
1788686302.726081171,0 %, 1690 MHz, 39, 7.07 W
1788686302.825962825,0 %, 1690 MHz, 39, 7.07 W
1788686302.926346912,0 %, 1690 MHz, 39, 7.07 W
1788686303.026497398,0 %, 1690 MHz, 39, 7.07 W
1788686303.126490412,0 %, 1690 MHz, 39, 7.07 W
1788686303.227471667,0 %, 1690 MHz, 39, 7.10 W
1788686303.327812138,0 %, 1690 MHz, 39, 7.10 W
1788686303.427853936,0 %, 1690 MHz, 39, 7.10 W
1788686303.528002071,0 %, 1690 MHz, 39, 7.10 W
1788686303.628532029,0 %, 1690 MHz, 39, 7.10 W
1788686303.728705172,0 %, 1690 MHz, 39, 7.10 W
1788686303.829597755,0 %, 1690 MHz, 39, 7.10 W
1788686303.929574865,0 %, 1690 MHz, 39, 7.10 W
1788686304.030705960,0 %, 1690 MHz, 39, 7.10 W
1788686304.130866431,0 %, 1690 MHz, 39, 7.10 W
1788686304.230385093,0 %, 1690 MHz, 39, 7.07 W
1788686304.330535227,0 %, 1690 MHz, 39, 7.07 W
1788686304.430732994,0 %, 1690 MHz, 39, 7.07 W
1788686304.531719321,0 %, 1690 MHz, 39, 7.07 W
1788686304.631597887,0 %, 1690 MHz, 39, 7.07 W
1788686304.731685606,0 %, 1690 MHz, 39, 7.07 W
1788686304.832073308,0 %, 1690 MHz, 39, 7.07 W
1788686304.932532147,0 %, 1690 MHz, 39, 7.07 W
1788686305.032660441,0 %, 1690 MHz, 39, 7.07 W
1788686305.133000032,0 %, 1690 MHz, 39, 7.07 W
1788686305.233081703,0 %, 1690 MHz, 39, 7.07 W
1788686305.333260093,0 %, 1690 MHz, 39, 7.07 W
1788686305.433494020,0 %, 1690 MHz, 39, 7.07 W
1788686305.534037995,0 %, 1690 MHz, 39, 7.07 W
1788686305.634188497,0 %, 1690 MHz, 39, 7.07 W
1788686305.734469544,0 %, 1690 MHz, 39, 7.02 W
1788686305.834747759,0 %, 1690 MHz, 39, 7.02 W
1788686305.934753365,0 %, 1690 MHz, 39, 7.02 W
1788686306.035204636,0 %, 1690 MHz, 39, 7.02 W
1788686306.135265058,0 %, 1690 MHz, 39, 7.02 W
1788686306.235484681,0 %, 1690 MHz, 39, 7.01 W
1788686306.336011664,0 %, 1690 MHz, 39, 7.01 W
1788686306.436389351,0 %, 1690 MHz, 39, 7.01 W
1788686306.536659006,0 %, 1690 MHz, 39, 7.01 W
1788686306.636538484,0 %, 1690 MHz, 39, 7.01 W
1788686306.737003003,0 %, 1690 MHz, 39, 7.04 W
1788686306.837366610,0 %, 1690 MHz, 39, 7.04 W
1788686306.937430008,0 %, 1690 MHz, 39, 7.04 W
1788686307.037033870,0 %, 1690 MHz, 39, 7.04 W
1788686307.137709573,0 %, 1690 MHz, 39, 7.04 W
1788686307.237985692,0 %, 1690 MHz, 39, 7.08 W
1788686307.338052739,0 %, 1690 MHz, 39, 7.08 W
1788686307.438259978,0 %, 1690 MHz, 39, 7.08 W
1788686307.539051025,0 %, 1690 MHz, 39, 7.08 W
1788686307.639629960,0 %, 1690 MHz, 39, 7.08 W
1788686307.739492350,0 %, 1690 MHz, 39, 7.09 W
1788686307.839845605,0 %, 1690 MHz, 39, 7.09 W
1788686307.939855692,0 %, 1690 MHz, 39, 7.09 W
1788686308.040129523,0 %, 1690 MHz, 39, 7.09 W
1788686308.140173273,0 %, 1690 MHz, 39, 7.09 W
1788686308.240494976,0 %, 1690 MHz, 39, 7.08 W
1788686308.340591975,0 %, 1690 MHz, 39, 7.08 W
1788686308.441000798,0 %, 1690 MHz, 39, 7.08 W
1788686308.541147925,0 %, 1690 MHz, 39, 7.08 W
1788686308.641285227,0 %, 1690 MHz, 39, 7.08 W
1788686308.741604546,0 %, 1690 MHz, 39, 7.08 W
1788686308.841872633,0 %, 1690 MHz, 39, 7.08 W
1788686308.942113296,0 %, 1690 MHz, 39, 7.08 W
1788686309.042475367,0 %, 1690 MHz, 39, 7.08 W
1788686309.142902686,0 %, 1690 MHz, 39, 7.08 W
1788686309.243056933,0 %, 1690 MHz, 40, 7.06 W
1788686309.343232044,0 %, 1690 MHz, 40, 7.06 W
1788686309.443381331,0 %, 1690 MHz, 40, 7.06 W
1788686309.543424761,0 %, 1690 MHz, 40, 7.06 W
1788686309.644336241,0 %, 1690 MHz, 40, 7.06 W
1788686309.744387512,0 %, 1690 MHz, 40, 7.06 W
1788686309.844592414,0 %, 1690 MHz, 40, 7.06 W
1788686309.944787925,0 %, 1690 MHz, 40, 7.06 W
1788686310.045170940,0 %, 1690 MHz, 40, 7.06 W
1788686310.145150067,0 %, 1690 MHz, 40, 7.06 W
1788686310.245517002,0 %, 1690 MHz, 40, 7.09 W
1788686310.345424753,0 %, 1690 MHz, 40, 7.09 W
1788686310.445476344,0 %, 1690 MHz, 40, 7.09 W
1788686310.546121775,0 %, 1690 MHz, 40, 7.09 W
1788686310.646194262,0 %, 1690 MHz, 40, 7.09 W
1788686310.746985597,0 %, 1690 MHz, 40, 7.10 W
1788686310.847139508,0 %, 1690 MHz, 40, 7.10 W
1788686310.947729756,0 %, 1690 MHz, 40, 7.10 W
1788686311.048205251,0 %, 1690 MHz, 40, 7.10 W
1788686311.148035066,0 %, 1690 MHz, 40, 7.10 W
1788686311.248718897,0 %, 1690 MHz, 40, 7.11 W
1788686311.349361241,0 %, 1690 MHz, 40, 7.11 W
1788686311.449214431,0 %, 1690 MHz, 40, 7.11 W
1788686311.550042407,0 %, 1690 MHz, 40, 7.11 W
1788686311.649897822,0 %, 1690 MHz, 40, 7.11 W
1788686311.750137733,0 %, 1690 MHz, 40, 7.12 W
1788686311.850602796,0 %, 1690 MHz, 40, 7.12 W
1788686311.951082019,0 %, 1690 MHz, 40, 7.12 W
1788686312.051078858,0 %, 1690 MHz, 40, 7.12 W
1788686312.151290545,0 %, 1690 MHz, 40, 7.12 W
1788686312.251379016,0 %, 1690 MHz, 40, 7.11 W
1788686312.351585759,0 %, 1690 MHz, 40, 7.11 W
1788686312.451931622,0 %, 1690 MHz, 40, 7.11 W
1788686312.552355230,0 %, 1690 MHz, 40, 7.11 W
1788686312.652635477,0 %, 1690 MHz, 40, 7.11 W
1788686312.753052748,0 %, 1690 MHz, 40, 7.10 W
1788686312.853533300,0 %, 1690 MHz, 40, 7.10 W
1788686312.953849835,0 %, 1690 MHz, 40, 7.10 W
1788686313.054195730,0 %, 1690 MHz, 40, 7.10 W
1788686313.154614602,0 %, 1690 MHz, 40, 7.10 W
1788686313.254804657,0 %, 1690 MHz, 40, 7.06 W
1788686313.354893144,0 %, 1690 MHz, 40, 7.06 W
1788686313.455708800,0 %, 1690 MHz, 40, 7.06 W
1788686313.555860551,0 %, 1690 MHz, 40, 7.06 W
1788686313.655981982,0 %, 1690 MHz, 40, 7.06 W
1788686313.756210853,0 %, 1690 MHz, 40, 7.01 W
1788686313.856050780,0 %, 1690 MHz, 40, 7.01 W
1788686313.956922228,0 %, 1690 MHz, 40, 7.01 W
1788686314.057370683,0 %, 1690 MHz, 40, 7.01 W
1788686314.157371522,0 %, 1690 MHz, 40, 7.01 W
1788686314.257865994,0 %, 1690 MHz, 40, 7.00 W
1788686314.357804177,0 %, 1690 MHz, 40, 7.00 W
1788686314.458451672,0 %, 1690 MHz, 40, 7.00 W
1788686314.558605999,0 %, 1690 MHz, 40, 7.00 W
1788686314.658887319,0 %, 1690 MHz, 40, 7.00 W
1788686314.759078814,0 %, 1690 MHz, 40, 7.01 W
1788686314.859043141,0 %, 1690 MHz, 40, 7.01 W
1788686314.959458269,0 %, 1690 MHz, 40, 7.01 W
1788686315.059451268,0 %, 1690 MHz, 40, 7.01 W
1788686315.160134875,0 %, 1690 MHz, 40, 7.01 W
1788686315.260628243,0 %, 1690 MHz, 41, 7.06 W
1788686315.361164683,0 %, 1690 MHz, 41, 7.06 W
1788686315.461611394,0 %, 1690 MHz, 41, 7.06 W
1788686315.561663897,0 %, 1690 MHz, 41, 7.06 W
1788686315.661624880,0 %, 1690 MHz, 41, 7.06 W
1788686315.762291736,0 %, 1690 MHz, 41, 7.06 W
1788686315.862768224,0 %, 1690 MHz, 41, 7.06 W
1788686315.963450360,0 %, 1690 MHz, 41, 7.06 W
1788686316.063907407,0 %, 1690 MHz, 41, 7.06 W
1788686316.164400279,0 %, 1690 MHz, 41, 7.06 W
1788686316.264418382,0 %, 1690 MHz, 41, 7.01 W
1788686316.364677686,0 %, 1690 MHz, 41, 7.01 W
1788686316.465081037,0 %, 1690 MHz, 41, 7.01 W
1788686316.565048324,0 %, 1690 MHz, 41, 7.01 W
1788686316.665911980,0 %, 1690 MHz, 41, 7.01 W
1788686316.765866019,0 %, 1690 MHz, 41, 7.03 W
1788686316.866347643,0 %, 1690 MHz, 41, 7.03 W
1788686316.966570195,0 %, 1690 MHz, 41, 7.03 W
1788686317.066797882,0 %, 1690 MHz, 41, 7.03 W
1788686317.166873889,0 %, 1690 MHz, 41, 7.03 W
1788686317.267403273,0 %, 1690 MHz, 41, 7.09 W
1788686317.367602369,0 %, 1690 MHz, 41, 7.09 W
1788686317.467751112,0 %, 1690 MHz, 41, 7.09 W
1788686317.568492080,0 %, 1690 MHz, 41, 7.09 W
1788686317.668347303,0 %, 1690 MHz, 41, 7.09 W
1788686317.768461518,0 %, 1690 MHz, 41, 7.10 W
1788686317.868831590,0 %, 1690 MHz, 41, 7.10 W
1788686317.969189758,0 %, 1690 MHz, 41, 7.10 W
1788686318.069652293,0 %, 1690 MHz, 41, 7.10 W
1788686318.170053613,0 %, 1690 MHz, 41, 7.10 W
1788686318.270560597,0 %, 1690 MHz, 41, 7.08 W
1788686318.371067901,0 %, 1690 MHz, 41, 7.08 W
1788686318.471215348,0 %, 1690 MHz, 41, 7.08 W
1788686318.571153212,0 %, 1690 MHz, 41, 7.08 W
1788686318.671998436,0 %, 1690 MHz, 41, 7.08 W
1788686318.772105707,0 %, 1690 MHz, 41, 7.06 W
1788686318.872396163,0 %, 1690 MHz, 41, 7.06 W
1788686318.972658762,0 %, 1690 MHz, 41, 7.06 W
1788686319.073074850,0 %, 1690 MHz, 41, 7.06 W
1788686319.173366522,0 %, 1690 MHz, 41, 7.06 W
1788686319.273786802,0 %, 1690 MHz, 41, 7.05 W
1788686319.373725017,0 %, 1690 MHz, 41, 7.05 W
1788686319.474337937,0 %, 1690 MHz, 41, 7.05 W
1788686319.574885001,0 %, 1690 MHz, 41, 7.05 W
1788686319.674996945,0 %, 1690 MHz, 41, 7.05 W
1788686319.775677449,0 %, 1690 MHz, 41, 7.03 W
1788686319.875658944,0 %, 1690 MHz, 41, 7.03 W
1788686319.976157448,0 %, 1690 MHz, 41, 7.03 W
1788686320.076246336,0 %, 1690 MHz, 41, 7.03 W
1788686320.176298679,0 %, 1690 MHz, 41, 7.03 W
1788686320.277267951,0 %, 1690 MHz, 41, 7.02 W
1788686320.377475447,0 %, 1690 MHz, 41, 7.02 W
1788686320.477650319,0 %, 1690 MHz, 41, 7.02 W
1788686320.578103319,0 %, 1690 MHz, 41, 7.02 W
1788686320.678596159,0 %, 1690 MHz, 41, 7.02 W
1788686320.779042071,0 %, 1690 MHz, 41, 6.99 W
1788686320.879517023,0 %, 1690 MHz, 41, 6.99 W
1788686320.979717878,0 %, 1690 MHz, 41, 6.99 W
1788686321.080176526,0 %, 1690 MHz, 41, 6.99 W
1788686321.180647910,0 %, 1690 MHz, 41, 6.99 W
1788686321.280701982,0 %, 1690 MHz, 41, 6.98 W
1788686321.381129206,0 %, 1690 MHz, 41, 6.98 W
1788686321.481640286,0 %, 1690 MHz, 41, 6.98 W
1788686321.582108870,0 %, 1690 MHz, 41, 6.98 W
1788686321.682553822,0 %, 1690 MHz, 41, 6.98 W
1788686321.783089382,0 %, 1690 MHz, 41, 6.99 W
1788686321.883107950,0 %, 1690 MHz, 41, 6.99 W
1788686321.983548758,0 %, 1690 MHz, 41, 6.99 W
1788686322.084037422,0 %, 1690 MHz, 41, 6.99 W
1788686322.184252358,0 %, 1690 MHz, 41, 6.99 W
1788686322.284728542,0 %, 1690 MHz, 41, 7.01 W
1788686322.384781893,0 %, 1690 MHz, 41, 7.01 W
1788686322.485324605,0 %, 1690 MHz, 41, 7.01 W
1788686322.585653781,0 %, 1690 MHz, 41, 7.01 W
1788686322.686098109,0 %, 1690 MHz, 41, 7.02 W
1788686322.786576038,0 %, 1690 MHz, 42, 7.02 W
1788686322.886995006,0 %, 1690 MHz, 42, 7.02 W
1788686322.987118805,0 %, 1690 MHz, 42, 7.02 W
1788686323.087590637,0 %, 1690 MHz, 42, 7.02 W
1788686323.187823029,0 %, 1690 MHz, 42, 7.03 W
1788686323.288256158,0 %, 1690 MHz, 42, 7.03 W
1788686323.387940677,0 %, 1690 MHz, 42, 7.03 W
1788686323.488158461,0 %, 1690 MHz, 42, 7.03 W
1788686323.588948325,0 %, 1690 MHz, 42, 7.03 W
1788686323.689030205,0 %, 1690 MHz, 42, 7.05 W
1788686323.789176117,0 %, 1690 MHz, 42, 7.05 W
1788686323.889407917,0 %, 1690 MHz, 42, 7.05 W
1788686323.990127717,0 %, 1690 MHz, 42, 7.05 W
1788686324.090043837,0 %, 1690 MHz, 42, 7.05 W
1788686324.189924453,0 %, 1690 MHz, 42, 7.06 W
1788686324.290292877,0 %, 1690 MHz, 42, 7.06 W
1788686324.390766661,0 %, 1690 MHz, 42, 7.06 W
1788686324.491184909,0 %, 1690 MHz, 42, 7.06 W
1788686324.591743061,0 %, 1690 MHz, 42, 7.06 W
1788686324.692181902,0 %, 1690 MHz, 42, 7.10 W
1788686324.792704518,0 %, 1690 MHz, 42, 7.10 W
1788686324.893735471,0 %, 1690 MHz, 42, 7.10 W
1788686324.993274806,0 %, 1690 MHz, 42, 7.10 W
1788686325.093716318,0 %, 1690 MHz, 42, 7.10 W
1788686325.194437191,0 %, 1690 MHz, 42, 7.07 W
1788686325.294353055,0 %, 1690 MHz, 42, 7.07 W
1788686325.394865863,0 %, 1690 MHz, 42, 7.07 W
1788686325.494277374,0 %, 1690 MHz, 42, 7.07 W
1788686325.594320822,0 %, 1690 MHz, 42, 7.07 W
1788686325.694976718,0 %, 1690 MHz, 42, 7.00 W
1788686325.795292679,0 %, 1690 MHz, 42, 7.00 W
1788686325.895625823,0 %, 1690 MHz, 42, 7.00 W
1788686325.995834807,0 %, 1690 MHz, 42, 7.00 W
1788686326.095786447,0 %, 1690 MHz, 42, 7.00 W
1788686326.196179671,0 %, 1690 MHz, 42, 7.04 W
1788686326.296705519,0 %, 1690 MHz, 42, 7.04 W
1788686326.397198440,0 %, 1690 MHz, 42, 7.04 W
1788686326.497698640,0 %, 1690 MHz, 42, 7.04 W
1788686326.598207465,0 %, 1690 MHz, 42, 7.04 W
1788686326.698468225,0 %, 1690 MHz, 42, 7.10 W
1788686326.798814537,0 %, 1690 MHz, 42, 7.10 W
1788686326.899134241,0 %, 1690 MHz, 42, 7.10 W
1788686326.999408745,0 %, 1690 MHz, 42, 7.10 W
1788686327.100111026,0 %, 1690 MHz, 42, 7.10 W
1788686327.200716427,0 %, 1690 MHz, 42, 7.09 W
1788686327.300841251,0 %, 1690 MHz, 42, 7.09 W
1788686327.400979067,0 %, 1690 MHz, 42, 7.09 W
1788686327.501187379,0 %, 1690 MHz, 42, 7.09 W
1788686327.601867772,0 %, 1690 MHz, 42, 7.09 W
1788686327.702923445,0 %, 1690 MHz, 42, 7.06 W
1788686327.803136893,0 %, 1690 MHz, 42, 7.06 W
1788686327.902930469,0 %, 1690 MHz, 42, 7.06 W
1788686328.002955085,0 %, 1690 MHz, 42, 7.06 W
1788686328.103771862,0 %, 1690 MHz, 42, 7.06 W
1788686328.204215502,0 %, 1690 MHz, 42, 7.03 W
1788686328.304685559,0 %, 1690 MHz, 42, 7.03 W
1788686328.404984991,0 %, 1690 MHz, 42, 7.03 W
1788686328.505293927,0 %, 1690 MHz, 42, 7.03 W
1788686328.605846256,0 %, 1690 MHz, 42, 7.03 W
1788686328.706030792,0 %, 1690 MHz, 42, 7.02 W
1788686328.806261728,0 %, 1690 MHz, 42, 7.02 W
1788686328.906356937,0 %, 1690 MHz, 42, 7.02 W
1788686329.006554993,0 %, 1690 MHz, 42, 7.02 W
1788686329.106509289,0 %, 1690 MHz, 42, 7.02 W
1788686329.207318226,0 %, 1690 MHz, 42, 7.01 W
1788686329.307816058,0 %, 1690 MHz, 42, 7.01 W
1788686329.408050355,0 %, 1690 MHz, 42, 7.01 W
1788686329.508528539,0 %, 1690 MHz, 42, 7.01 W
1788686329.608726548,0 %, 1690 MHz, 42, 7.01 W
1788686329.708943308,0 %, 1690 MHz, 42, 7.03 W
1788686329.808959268,0 %, 1690 MHz, 42, 7.03 W
1788686329.908754700,0 %, 1690 MHz, 42, 7.03 W
1788686330.009360357,0 %, 1690 MHz, 42, 7.03 W
1788686330.109825869,0 %, 1690 MHz, 42, 7.03 W
1788686330.210277334,0 %, 1690 MHz, 42, 7.01 W
1788686330.310728143,0 %, 1690 MHz, 42, 7.01 W
1788686330.410592599,0 %, 1690 MHz, 42, 7.01 W
1788686330.510908479,0 %, 1690 MHz, 42, 7.01 W
1788686330.611090136,0 %, 1690 MHz, 42, 7.01 W
1788686330.711676432,0 %, 1690 MHz, 42, 6.95 W
1788686330.811511432,0 %, 1690 MHz, 42, 6.95 W
1788686330.912337953,0 %, 1690 MHz, 42, 6.95 W
1788686331.011919273,0 %, 1690 MHz, 42, 6.95 W
1788686331.112745442,0 %, 1690 MHz, 42, 6.95 W
1788686331.213040507,0 %, 1690 MHz, 42, 6.94 W
1788686331.313474836,0 %, 1690 MHz, 42, 6.94 W
1788686331.413788588,0 %, 1690 MHz, 42, 6.94 W
1788686331.514223365,0 %, 1690 MHz, 42, 6.94 W
1788686331.614325165,0 %, 1690 MHz, 42, 6.94 W
1788686331.714889382,0 %, 1690 MHz, 42, 6.95 W
1788686331.814979518,0 %, 1690 MHz, 42, 6.95 W
1788686331.915212935,0 %, 1690 MHz, 42, 6.95 W
1788686332.015658400,0 %, 1690 MHz, 42, 6.95 W
1788686332.115780200,0 %, 1690 MHz, 42, 6.95 W
1788686332.216056449,0 %, 1690 MHz, 42, 6.97 W
1788686332.316266153,0 %, 1690 MHz, 42, 6.97 W
1788686332.416538882,0 %, 1690 MHz, 42, 6.97 W
1788686332.516628442,0 %, 1690 MHz, 42, 6.97 W
1788686332.617033715,0 %, 1690 MHz, 42, 6.97 W
1788686332.717581436,0 %, 1690 MHz, 42, 6.97 W
1788686332.817859972,0 %, 1690 MHz, 42, 6.97 W
1788686332.918351453,0 %, 1690 MHz, 42, 6.97 W
1788686333.018778054,0 %, 1690 MHz, 42, 6.97 W
1788686333.119644719,0 %, 1690 MHz, 42, 6.97 W
1788686333.219590168,0 %, 1690 MHz, 43, 6.96 W
1788686333.320283681,0 %, 1690 MHz, 43, 6.96 W
1788686333.420038345,0 %, 1690 MHz, 43, 6.96 W
1788686333.521087810,0 %, 1690 MHz, 43, 6.96 W
1788686333.620609402,0 %, 1690 MHz, 43, 6.96 W
1788686333.720960083,0 %, 1690 MHz, 43, 6.97 W
1788686333.821301420,0 %, 1690 MHz, 43, 6.97 W
1788686333.921181108,0 %, 1690 MHz, 43, 6.97 W
1788686334.021607565,0 %, 1690 MHz, 43, 6.97 W
1788686334.121972822,0 %, 1690 MHz, 43, 6.97 W
1788686334.222631503,0 %, 1690 MHz, 43, 6.99 W
1788686334.322570119,0 %, 1690 MHz, 43, 6.99 W
1788686334.422741440,0 %, 1690 MHz, 43, 6.99 W
1788686334.522768088,0 %, 1690 MHz, 43, 6.99 W
1788686334.622918193,0 %, 1690 MHz, 43, 6.99 W
1788686334.723208970,0 %, 1690 MHz, 43, 7.00 W
1788686334.823542754,0 %, 1690 MHz, 43, 7.00 W
1788686334.924056731,0 %, 1690 MHz, 43, 7.00 W
1788686335.024447604,0 %, 1690 MHz, 43, 7.00 W
1788686335.125133165,0 %, 1690 MHz, 43, 7.00 W
1788686335.225601783,0 %, 1690 MHz, 43, 6.98 W
1788686335.326229216,0 %, 1690 MHz, 43, 6.98 W
1788686335.425585480,0 %, 1690 MHz, 43, 6.98 W
1788686335.526022785,0 %, 1690 MHz, 43, 6.98 W
1788686335.625933977,0 %, 1690 MHz, 43, 6.98 W
1788686335.726115026,0 %, 1690 MHz, 43, 6.96 W
1788686335.826773547,0 %, 1690 MHz, 43, 6.96 W
1788686335.926854931,0 %, 1690 MHz, 43, 6.96 W
1788686336.027603341,0 %, 1690 MHz, 43, 6.96 W
1788686336.127534869,0 %, 1690 MHz, 43, 6.96 W
1788686336.227257038,0 %, 1690 MHz, 43, 6.91 W
1788686336.327715159,0 %, 1690 MHz, 43, 6.91 W
1788686336.428054112,0 %, 1690 MHz, 43, 6.91 W
1788686336.528138360,0 %, 1690 MHz, 43, 6.91 W
1788686336.628703186,0 %, 1690 MHz, 43, 6.91 W
1788686336.728433642,0 %, 1690 MHz, 43, 6.90 W
1788686336.828688003,0 %, 1690 MHz, 43, 6.90 W
1788686336.929558540,0 %, 1690 MHz, 43, 6.90 W
1788686337.029862309,0 %, 1690 MHz, 43, 6.90 W
1788686337.130318542,0 %, 1690 MHz, 43, 6.90 W
1788686337.230443143,0 %, 1690 MHz, 43, 6.91 W
1788686337.331022288,0 %, 1690 MHz, 43, 6.91 W
1788686337.431356473,0 %, 1690 MHz, 43, 6.91 W
1788686337.530947666,0 %, 1690 MHz, 43, 6.91 W
1788686337.631602715,0 %, 1690 MHz, 43, 6.91 W
1788686337.731561540,0 %, 1690 MHz, 43, 6.93 W
1788686337.831587196,0 %, 1690 MHz, 43, 6.93 W
1788686337.931990149,0 %, 1690 MHz, 43, 6.93 W
1788686338.032606463,0 %, 1690 MHz, 43, 6.93 W
1788686338.133042520,0 %, 1690 MHz, 43, 6.93 W
1788686338.233317905,0 %, 1690 MHz, 43, 6.95 W
1788686338.333901738,0 %, 1690 MHz, 43, 6.95 W
1788686338.434098355,0 %, 1690 MHz, 43, 6.95 W
1788686338.534445900,0 %, 1690 MHz, 43, 6.95 W
1788686338.634711621,0 %, 1690 MHz, 43, 6.95 W
1788686338.735388799,0 %, 1690 MHz, 43, 6.95 W
1788686338.835145415,0 %, 1690 MHz, 43, 6.95 W
1788686338.935796097,0 %, 1690 MHz, 43, 6.95 W
1788686339.036164938,0 %, 1690 MHz, 43, 6.95 W
1788686339.136481859,0 %, 1690 MHz, 43, 6.95 W
1788686339.237000940,0 %, 1690 MHz, 43, 6.96 W
1788686339.337426517,0 %, 1690 MHz, 43, 6.96 W
1788686339.437950095,0 %, 1690 MHz, 43, 6.96 W
1788686339.538139752,0 %, 1690 MHz, 43, 6.96 W
1788686339.638375793,0 %, 1690 MHz, 43, 6.96 W
1788686339.738879722,0 %, 1690 MHz, 43, 6.92 W
1788686339.839261811,0 %, 1690 MHz, 43, 6.92 W
1788686339.939411596,0 %, 1690 MHz, 43, 6.92 W
1788686340.039953638,0 %, 1690 MHz, 43, 6.92 W
1788686340.140388399,0 %, 1690 MHz, 43, 6.92 W
1788686340.240624536,0 %, 1690 MHz, 43, 6.92 W
1788686340.340780753,0 %, 1690 MHz, 43, 6.92 W
1788686340.440813738,0 %, 1690 MHz, 43, 6.92 W
1788686340.541467716,0 %, 1690 MHz, 43, 6.92 W
1788686340.641976333,0 %, 1690 MHz, 43, 6.92 W
1788686340.742388390,0 %, 1690 MHz, 43, 6.99 W
1788686340.842897424,0 %, 1690 MHz, 43, 6.99 W
1788686340.943346969,0 %, 1690 MHz, 43, 6.99 W
1788686341.043521266,0 %, 1690 MHz, 43, 6.99 W
1788686341.143991004,0 %, 1690 MHz, 43, 6.99 W
1788686341.244957910,0 %, 1690 MHz, 43, 7.01 W
1788686341.344425406,0 %, 1690 MHz, 43, 7.01 W
1788686341.444958120,0 %, 1690 MHz, 43, 7.01 W
1788686341.544855632,0 %, 1690 MHz, 43, 7.01 W
1788686341.645580010,0 %, 1690 MHz, 43, 7.01 W
1788686341.746031491,0 %, 1690 MHz, 43, 6.99 W
1788686341.846215005,0 %, 1690 MHz, 43, 6.99 W
1788686341.946680838,0 %, 1690 MHz, 43, 6.99 W
1788686342.046979807,0 %, 1690 MHz, 43, 6.99 W
1788686342.147083448,0 %, 1690 MHz, 43, 6.99 W
1788686342.247594770,0 %, 1690 MHz, 43, 7.01 W
1788686342.348154668,0 %, 1690 MHz, 43, 7.01 W
1788686342.448571669,0 %, 1690 MHz, 43, 7.01 W
1788686342.549012014,0 %, 1690 MHz, 43, 7.01 W
1788686342.649525608,0 %, 1690 MHz, 43, 7.01 W
1788686342.749634385,0 %, 1690 MHz, 43, 7.01 W
1788686342.850568043,0 %, 1690 MHz, 43, 7.01 W
1788686342.950618836,0 %, 1690 MHz, 43, 7.01 W
1788686343.051090190,0 %, 1690 MHz, 43, 7.01 W
1788686343.152014088,0 %, 1690 MHz, 43, 7.01 W
1788686343.251457888,0 %, 1690 MHz, 43, 7.02 W
1788686343.351703946,0 %, 1690 MHz, 43, 7.02 W
1788686343.452328723,0 %, 1690 MHz, 43, 7.02 W
1788686343.552306316,0 %, 1690 MHz, 43, 7.02 W
1788686343.652398582,0 %, 1690 MHz, 43, 7.02 W
1788686343.752203406,0 %, 1690 MHz, 43, 7.01 W
1788686343.852598376,0 %, 1690 MHz, 43, 7.01 W
1788686343.953095906,0 %, 1690 MHz, 43, 7.01 W
1788686344.053615467,0 %, 1690 MHz, 43, 7.01 W
1788686344.153969333,0 %, 1690 MHz, 43, 7.01 W
1788686344.254190142,0 %, 1690 MHz, 43, 6.97 W
1788686344.354534264,0 %, 1690 MHz, 43, 6.97 W
1788686344.454887201,0 %, 1690 MHz, 43, 6.97 W
1788686344.554774394,0 %, 1690 MHz, 43, 6.97 W
1788686344.655410532,0 %, 1690 MHz, 43, 6.97 W
1788686344.755715005,0 %, 1690 MHz, 43, 7.01 W
1788686344.856078903,0 %, 1690 MHz, 43, 7.01 W
1788686344.956518864,0 %, 1690 MHz, 43, 7.01 W
1788686345.056976378,0 %, 1690 MHz, 43, 7.01 W
1788686345.157195940,0 %, 1690 MHz, 43, 7.01 W
1788686345.257231453,0 %, 1690 MHz, 43, 7.03 W
1788686345.357921351,0 %, 1690 MHz, 43, 7.03 W
1788686345.458233728,0 %, 1690 MHz, 43, 7.03 W
1788686345.558947738,0 %, 1690 MHz, 43, 7.03 W
1788686345.659097092,0 %, 1690 MHz, 43, 7.03 W
1788686345.759553917,0 %, 1690 MHz, 43, 7.02 W
1788686345.859870983,0 %, 1690 MHz, 43, 7.02 W
1788686345.960239152,0 %, 1690 MHz, 43, 7.02 W
1788686346.060722586,0 %, 1690 MHz, 43, 7.02 W
1788686346.160749092,0 %, 1690 MHz, 43, 7.02 W
1788686346.260707565,0 %, 1690 MHz, 43, 7.00 W
1788686346.361250311,0 %, 1690 MHz, 43, 7.00 W
1788686346.461450720,0 %, 1690 MHz, 43, 7.00 W
1788686346.561873562,0 %, 1690 MHz, 43, 7.00 W
1788686346.662382084,0 %, 1690 MHz, 43, 7.00 W
1788686346.762239437,0 %, 1690 MHz, 43, 7.01 W
1788686346.863017767,0 %, 1690 MHz, 43, 7.01 W
1788686346.963453729,0 %, 1690 MHz, 43, 7.01 W
1788686347.063635706,0 %, 1690 MHz, 43, 7.01 W
1788686347.164127348,0 %, 1690 MHz, 43, 7.01 W
1788686347.264351470,0 %, 1690 MHz, 43, 7.03 W
1788686347.364458951,0 %, 1690 MHz, 43, 7.03 W
1788686347.464258448,0 %, 1690 MHz, 43, 7.03 W
1788686347.564389818,0 %, 1690 MHz, 43, 7.03 W
1788686347.665371284,0 %, 1690 MHz, 43, 7.03 W
1788686347.766135166,0 %, 1690 MHz, 43, 7.02 W
1788686347.866235192,0 %, 1690 MHz, 43, 7.02 W
1788686347.966437953,0 %, 1690 MHz, 43, 7.02 W
1788686348.066658827,0 %, 1690 MHz, 43, 7.02 W
1788686348.166894229,0 %, 1690 MHz, 43, 7.02 W
1788686348.266677742,0 %, 1690 MHz, 43, 7.04 W
1788686348.367190520,0 %, 1690 MHz, 43, 7.04 W
1788686348.467657730,0 %, 1690 MHz, 43, 7.04 W
1788686348.567766683,0 %, 1690 MHz, 43, 7.04 W
1788686348.667712933,0 %, 1690 MHz, 43, 7.04 W
1788686348.768387855,0 %, 1690 MHz, 43, 7.05 W
1788686348.868469160,0 %, 1690 MHz, 43, 7.05 W
1788686348.968544306,0 %, 1690 MHz, 43, 7.05 W
1788686349.068564859,0 %, 1690 MHz, 43, 7.05 W
1788686349.169147493,0 %, 1690 MHz, 43, 7.05 W
1788686349.269789967,0 %, 1690 MHz, 44, 7.07 W
1788686349.370166633,0 %, 1690 MHz, 44, 7.07 W
1788686349.470426435,0 %, 1690 MHz, 44, 7.07 W
1788686349.570769805,0 %, 1690 MHz, 44, 7.07 W
1788686349.671186823,0 %, 1690 MHz, 44, 7.07 W
1788686349.771626657,0 %, 1690 MHz, 44, 7.10 W
1788686349.872105355,0 %, 1690 MHz, 44, 7.10 W
1788686349.972265652,0 %, 1690 MHz, 44, 7.10 W
1788686350.072860783,0 %, 1690 MHz, 44, 7.10 W
1788686350.173293609,0 %, 1690 MHz, 44, 7.10 W
1788686350.273915123,0 %, 1690 MHz, 44, 7.08 W
1788686350.374768493,0 %, 1690 MHz, 44, 7.08 W
1788686350.474544151,0 %, 1690 MHz, 44, 7.08 W
1788686350.574984465,0 %, 1690 MHz, 44, 7.08 W
1788686350.675706699,0 %, 1690 MHz, 44, 7.08 W
1788686350.775474884,0 %, 1690 MHz, 44, 7.06 W
1788686350.876034638,0 %, 1690 MHz, 44, 7.06 W
1788686350.976263848,0 %, 1690 MHz, 44, 7.06 W
1788686351.076617634,0 %, 1690 MHz, 44, 7.06 W
1788686351.177445165,0 %, 1690 MHz, 44, 7.06 W
1788686351.277668855,0 %, 1690 MHz, 44, 7.04 W
1788686351.378401041,0 %, 1690 MHz, 44, 7.04 W
1788686351.478131658,0 %, 1690 MHz, 44, 7.04 W
1788686351.579030885,0 %, 1690 MHz, 44, 7.04 W
1788686351.678883086,0 %, 1690 MHz, 44, 7.04 W
1788686351.779129192,0 %, 1690 MHz, 44, 7.05 W
1788686351.879706370,0 %, 1690 MHz, 44, 7.05 W
1788686351.979995756,0 %, 1690 MHz, 44, 7.05 W
1788686352.080180054,0 %, 1690 MHz, 44, 7.05 W
1788686352.180635664,0 %, 1690 MHz, 44, 7.05 W
1788686352.280819002,0 %, 1690 MHz, 44, 7.06 W
1788686352.380924692,0 %, 1690 MHz, 44, 7.06 W
1788686352.480824766,0 %, 1690 MHz, 44, 7.06 W
1788686352.581624184,0 %, 1690 MHz, 44, 7.06 W
1788686352.681788642,0 %, 1690 MHz, 44, 7.06 W
1788686352.781808444,0 %, 1690 MHz, 44, 7.06 W
1788686352.882650998,0 %, 1690 MHz, 44, 7.06 W
1788686352.983117969,0 %, 1690 MHz, 44, 7.06 W
1788686353.083566939,0 %, 1690 MHz, 44, 7.06 W
1788686353.183912725,0 %, 1690 MHz, 44, 7.06 W
1788686353.284216495,0 %, 1690 MHz, 44, 7.06 W
1788686353.384033896,0 %, 1690 MHz, 44, 7.06 W
1788686353.484352339,0 %, 1690 MHz, 44, 7.06 W
1788686353.584706781,0 %, 1690 MHz, 44, 7.06 W
1788686353.684508502,0 %, 1690 MHz, 44, 7.06 W
1788686353.785125361,0 %, 1690 MHz, 44, 7.10 W
1788686353.885818811,0 %, 1690 MHz, 44, 7.10 W
1788686353.986252869,0 %, 1690 MHz, 44, 7.10 W
1788686354.086378575,0 %, 1690 MHz, 44, 7.10 W
1788686354.186162137,0 %, 1690 MHz, 44, 7.10 W
1788686354.286776627,0 %, 1690 MHz, 44, 7.09 W
1788686354.386886477,0 %, 1690 MHz, 44, 7.09 W
1788686354.487028679,0 %, 1690 MHz, 44, 7.09 W
1788686354.587199473,0 %, 1690 MHz, 44, 7.09 W
1788686354.687386523,0 %, 1690 MHz, 44, 7.09 W
1788686354.787950134,0 %, 1690 MHz, 44, 7.07 W
1788686354.888678576,0 %, 1690 MHz, 44, 7.07 W
1788686354.988421194,0 %, 1690 MHz, 44, 7.07 W
1788686355.088170148,0 %, 1690 MHz, 44, 7.07 W
1788686355.188595262,0 %, 1690 MHz, 44, 7.07 W
1788686355.288913416,0 %, 1690 MHz, 44, 7.09 W
1788686355.389124226,0 %, 1690 MHz, 44, 7.09 W
1788686355.489439452,0 %, 1690 MHz, 44, 7.09 W
1788686355.589747527,0 %, 1690 MHz, 44, 7.09 W
1788686355.690070817,0 %, 1690 MHz, 44, 7.12 W
1788686355.789976331,0 %, 1690 MHz, 44, 7.12 W
1788686355.890126549,0 %, 1690 MHz, 44, 7.12 W
1788686355.990206719,0 %, 1690 MHz, 44, 7.12 W
1788686356.090753801,0 %, 1690 MHz, 44, 7.12 W
1788686356.190816003,0 %, 1690 MHz, 44, 7.15 W
1788686356.291047261,0 %, 1690 MHz, 44, 7.15 W
1788686356.391213672,0 %, 1690 MHz, 44, 7.15 W
1788686356.491828466,0 %, 1690 MHz, 44, 7.15 W
1788686356.592233356,0 %, 1690 MHz, 44, 7.15 W
1788686356.692739319,0 %, 1690 MHz, 44, 7.15 W
1788686356.792848145,0 %, 1690 MHz, 44, 7.15 W
1788686356.893235163,0 %, 1690 MHz, 44, 7.15 W
1788686356.993247749,0 %, 1690 MHz, 44, 7.15 W
1788686357.093599408,0 %, 1690 MHz, 44, 7.15 W
1788686357.193931082,0 %, 1690 MHz, 44, 7.12 W
1788686357.294297173,0 %, 1690 MHz, 44, 7.12 W
1788686357.394907119,0 %, 1690 MHz, 44, 7.12 W
1788686357.495163834,0 %, 1690 MHz, 44, 7.12 W
1788686357.595019043,0 %, 1690 MHz, 44, 7.12 W
1788686357.695614974,0 %, 1690 MHz, 44, 7.09 W
1788686357.796116345,0 %, 1690 MHz, 44, 7.09 W
1788686357.896680163,0 %, 1690 MHz, 44, 7.09 W
1788686357.996751613,0 %, 1690 MHz, 44, 7.09 W
1788686358.096934920,0 %, 1690 MHz, 44, 7.09 W
1788686358.197866803,0 %, 1690 MHz, 44, 7.09 W
1788686358.298476269,0 %, 1690 MHz, 44, 7.09 W
1788686358.398851656,0 %, 1690 MHz, 44, 7.09 W
1788686358.498839970,0 %, 1690 MHz, 44, 7.09 W
1788686358.599170988,0 %, 1690 MHz, 44, 7.09 W
1788686358.699591879,0 %, 1690 MHz, 44, 7.07 W
1788686358.799802641,0 %, 1690 MHz, 44, 7.07 W
1788686358.900112044,0 %, 1690 MHz, 44, 7.07 W
1788686359.000347894,0 %, 1690 MHz, 44, 7.07 W
1788686359.100713377,0 %, 1690 MHz, 44, 7.07 W
1788686359.201152987,0 %, 1690 MHz, 44, 7.09 W
1788686359.301760342,0 %, 1690 MHz, 44, 7.09 W
1788686359.401912320,0 %, 1690 MHz, 44, 7.09 W
1788686359.502747243,0 %, 1690 MHz, 44, 7.09 W
1788686359.603201782,0 %, 1690 MHz, 44, 7.09 W
1788686359.703718529,0 %, 1690 MHz, 44, 7.12 W
1788686359.804276203,0 %, 1690 MHz, 44, 7.12 W
1788686359.904182997,0 %, 1690 MHz, 44, 7.12 W
1788686360.004983073,0 %, 1690 MHz, 44, 7.12 W
1788686360.104981819,0 %, 1690 MHz, 44, 7.12 W
1788686360.205660438,0 %, 1690 MHz, 44, 7.12 W
1788686360.305394816,0 %, 1690 MHz, 44, 7.12 W
1788686360.406419115,0 %, 1690 MHz, 44, 7.12 W
1788686360.506592341,0 %, 1690 MHz, 44, 7.12 W
1788686360.606636560,0 %, 1690 MHz, 44, 7.12 W
1788686360.706957962,0 %, 1690 MHz, 44, 7.14 W
1788686360.807378677,0 %, 1690 MHz, 44, 7.14 W
1788686360.907655567,0 %, 1690 MHz, 44, 7.14 W
1788686361.008596443,0 %, 1690 MHz, 44, 7.14 W
1788686361.108609445,0 %, 1690 MHz, 44, 7.14 W
1788686361.208422175,0 %, 1690 MHz, 44, 7.13 W
1788686361.308659594,0 %, 1690 MHz, 44, 7.13 W
1788686361.408930260,0 %, 1690 MHz, 44, 7.13 W
1788686361.509188895,0 %, 1690 MHz, 44, 7.13 W
1788686361.609294857,0 %, 1690 MHz, 44, 7.13 W
1788686361.709548324,0 %, 1690 MHz, 44, 7.10 W
1788686361.809356638,0 %, 1690 MHz, 44, 7.10 W
1788686361.909921321,0 %, 1690 MHz, 44, 7.10 W
1788686362.010329315,0 %, 1690 MHz, 44, 7.10 W
1788686362.110182861,0 %, 1690 MHz, 44, 7.10 W
1788686362.210632136,0 %, 1690 MHz, 44, 7.11 W
1788686362.310937843,0 %, 1690 MHz, 44, 7.11 W
1788686362.411084782,0 %, 1690 MHz, 44, 7.11 W
1788686362.511359704,0 %, 1690 MHz, 44, 7.11 W
1788686362.611932099,0 %, 1690 MHz, 44, 7.11 W
1788686362.712534318,0 %, 1690 MHz, 44, 7.13 W
1788686362.812721337,0 %, 1690 MHz, 44, 7.13 W
1788686362.913356052,0 %, 1690 MHz, 44, 7.13 W
1788686363.013624366,0 %, 1690 MHz, 44, 7.13 W
1788686363.114149161,0 %, 1690 MHz, 44, 7.13 W
1788686363.214420324,0 %, 1690 MHz, 44, 7.12 W
1788686363.314685727,0 %, 1690 MHz, 44, 7.12 W
1788686363.414777977,0 %, 1690 MHz, 44, 7.12 W
1788686363.515466804,0 %, 1690 MHz, 44, 7.12 W
1788686363.615921359,0 %, 1690 MHz, 44, 7.12 W
1788686363.716132058,0 %, 1690 MHz, 44, 7.11 W
1788686363.816644453,0 %, 1690 MHz, 44, 7.11 W
1788686363.916749264,0 %, 1690 MHz, 44, 7.11 W
1788686364.016665290,0 %, 1690 MHz, 44, 7.11 W
1788686364.116886069,0 %, 1690 MHz, 44, 7.11 W
1788686364.217080287,0 %, 1690 MHz, 44, 7.12 W
1788686364.317406010,0 %, 1690 MHz, 44, 7.12 W
1788686364.417910389,0 %, 1690 MHz, 44, 7.12 W
1788686364.517970880,0 %, 1690 MHz, 44, 7.12 W
1788686364.618387323,0 %, 1690 MHz, 44, 7.12 W
1788686364.718362517,0 %, 1690 MHz, 44, 7.14 W
1788686364.818774560,0 %, 1690 MHz, 44, 7.14 W
1788686364.919248843,0 %, 1690 MHz, 44, 7.14 W
1788686365.019519686,0 %, 1690 MHz, 44, 7.14 W
1788686365.119942609,0 %, 1690 MHz, 44, 7.14 W
1788686365.220009243,0 %, 1690 MHz, 44, 7.11 W
1788686365.320328278,0 %, 1690 MHz, 44, 7.11 W
1788686365.420801633,0 %, 1690 MHz, 44, 7.11 W
1788686365.521242956,0 %, 1690 MHz, 44, 7.11 W
1788686365.621761671,0 %, 1690 MHz, 44, 7.11 W
1788686365.722192322,0 %, 1690 MHz, 44, 7.08 W
1788686365.822326653,0 %, 1690 MHz, 44, 7.08 W
1788686365.922381640,0 %, 1690 MHz, 44, 7.08 W
1788686366.023037155,0 %, 1690 MHz, 44, 7.08 W
1788686366.123398190,0 %, 1690 MHz, 44, 7.08 W
1788686366.223519657,0 %, 1690 MHz, 44, 7.08 W
1788686366.324221860,0 %, 1690 MHz, 44, 7.08 W
1788686366.424503119,0 %, 1690 MHz, 44, 7.08 W
1788686366.524966698,0 %, 1690 MHz, 44, 7.08 W
1788686366.625472325,0 %, 1690 MHz, 44, 7.08 W
1788686366.725490912,0 %, 1690 MHz, 44, 7.05 W
1788686366.826194091,0 %, 1690 MHz, 44, 7.05 W
1788686366.926055286,0 %, 1690 MHz, 44, 7.05 W
1788686367.026946274,0 %, 1690 MHz, 44, 7.05 W
1788686367.127389197,0 %, 1690 MHz, 44, 7.05 W
1788686367.227567927,0 %, 1690 MHz, 44, 7.05 W
1788686367.328190163,0 %, 1690 MHz, 44, 7.05 W
1788686367.428121757,0 %, 1690 MHz, 44, 7.05 W
1788686367.528928137,0 %, 1690 MHz, 44, 7.05 W
1788686367.629622196,0 %, 1690 MHz, 44, 7.05 W
1788686367.730189792,0 %, 1690 MHz, 44, 7.07 W
1788686367.829916634,0 %, 1690 MHz, 44, 7.07 W
1788686367.930034453,0 %, 1690 MHz, 44, 7.07 W
1788686368.030066464,0 %, 1690 MHz, 44, 7.07 W
1788686368.130409403,0 %, 1690 MHz, 44, 7.07 W
1788686368.230574758,0 %, 1690 MHz, 44, 7.06 W
1788686368.331619698,0 %, 1690 MHz, 44, 7.06 W
1788686368.432122893,0 %, 1690 MHz, 44, 7.06 W
1788686368.532626984,0 %, 1690 MHz, 44, 7.06 W
1788686368.632755331,0 %, 1690 MHz, 44, 7.06 W
1788686368.732921790,0 %, 1690 MHz, 44, 7.08 W
1788686368.833227865,0 %, 1690 MHz, 44, 7.08 W
1788686368.933466788,0 %, 1690 MHz, 44, 7.08 W
1788686369.033995935,0 %, 1690 MHz, 44, 7.08 W
1788686369.134187146,0 %, 1690 MHz, 44, 7.08 W
1788686369.234719670,0 %, 1690 MHz, 45, 7.08 W
1788686369.335221569,0 %, 1690 MHz, 45, 7.08 W
1788686369.435732828,0 %, 1690 MHz, 45, 7.08 W
1788686369.536269880,0 %, 1690 MHz, 45, 7.08 W
1788686369.636722035,0 %, 1690 MHz, 45, 7.08 W
1788686369.737452415,0 %, 1690 MHz, 45, 7.07 W
1788686369.837656778,0 %, 1690 MHz, 45, 7.07 W
1788686369.938190725,0 %, 1690 MHz, 45, 7.07 W
1788686370.038623552,0 %, 1690 MHz, 45, 7.07 W
1788686370.139404140,0 %, 1690 MHz, 45, 7.07 W
1788686370.239212023,0 %, 1690 MHz, 45, 7.10 W
1788686370.339713378,0 %, 1690 MHz, 45, 7.10 W
1788686370.440014781,0 %, 1690 MHz, 45, 7.10 W
1788686370.540448489,0 %, 1690 MHz, 45, 7.10 W
1788686370.640643972,0 %, 1690 MHz, 45, 7.10 W
1788686370.741559968,0 %, 1690 MHz, 45, 7.10 W
1788686370.841426122,0 %, 1690 MHz, 45, 7.10 W
1788686370.941820902,0 %, 1690 MHz, 45, 7.10 W
1788686371.042455697,0 %, 1690 MHz, 45, 7.10 W
1788686371.142913949,0 %, 1690 MHz, 45, 7.10 W
1788686371.242755784,0 %, 1690 MHz, 45, 7.08 W
1788686371.343554915,0 %, 1690 MHz, 45, 7.08 W
1788686371.443618510,0 %, 1690 MHz, 45, 7.08 W
1788686371.543927226,0 %, 1690 MHz, 45, 7.08 W
1788686371.644089685,0 %, 1690 MHz, 45, 7.08 W
1788686371.744102016,0 %, 1690 MHz, 45, 7.09 W
1788686371.844629163,0 %, 1690 MHz, 45, 7.09 W
1788686371.944756838,0 %, 1690 MHz, 45, 7.09 W
1788686372.044876145,0 %, 1690 MHz, 45, 7.09 W
1788686372.145404525,0 %, 1690 MHz, 45, 7.09 W
1788686372.245833128,0 %, 1690 MHz, 45, 7.12 W
1788686372.346121764,0 %, 1690 MHz, 45, 7.12 W
1788686372.446489583,0 %, 1690 MHz, 45, 7.12 W
1788686372.546378906,0 %, 1690 MHz, 45, 7.12 W
1788686372.647038310,0 %, 1690 MHz, 45, 7.12 W
1788686372.746945121,0 %, 1690 MHz, 45, 7.14 W
1788686372.847756589,0 %, 1690 MHz, 45, 7.14 W
1788686372.948158296,0 %, 1690 MHz, 45, 7.14 W
1788686373.048702340,0 %, 1690 MHz, 45, 7.14 W
1788686373.149255039,0 %, 1690 MHz, 45, 7.14 W
1788686373.249428923,0 %, 1690 MHz, 45, 7.15 W
1788686373.349640966,0 %, 1690 MHz, 45, 7.15 W
1788686373.450282930,0 %, 1690 MHz, 45, 7.15 W
1788686373.550314925,0 %, 1690 MHz, 45, 7.15 W
1788686373.650868584,0 %, 1690 MHz, 45, 7.15 W
1788686373.751334804,0 %, 1690 MHz, 45, 7.12 W
1788686373.851143215,0 %, 1690 MHz, 45, 7.12 W
1788686373.951203866,0 %, 1690 MHz, 45, 7.12 W
1788686374.051455493,0 %, 1690 MHz, 45, 7.12 W
1788686374.151999905,0 %, 1690 MHz, 45, 7.12 W
1788686374.252204301,0 %, 1690 MHz, 45, 7.12 W
1788686374.352730984,0 %, 1690 MHz, 45, 7.12 W
1788686374.453198548,0 %, 1690 MHz, 45, 7.12 W
1788686374.553716240,0 %, 1690 MHz, 45, 7.12 W
1788686374.653982667,0 %, 1690 MHz, 45, 7.12 W
1788686374.754743159,0 %, 1690 MHz, 45, 7.14 W
1788686374.855032722,0 %, 1690 MHz, 45, 7.14 W
1788686374.955757838,0 %, 1690 MHz, 45, 7.14 W
1788686375.056002378,0 %, 1690 MHz, 45, 7.14 W
1788686375.156442565,0 %, 1690 MHz, 45, 7.14 W
1788686375.257005905,0 %, 1690 MHz, 45, 7.15 W
1788686375.357378605,0 %, 1690 MHz, 45, 7.15 W
1788686375.457706632,0 %, 1690 MHz, 45, 7.15 W
1788686375.558375988,0 %, 1690 MHz, 45, 7.15 W
1788686375.658219583,0 %, 1690 MHz, 45, 7.15 W
1788686375.759370268,0 %, 1690 MHz, 45, 7.13 W
1788686375.859052167,0 %, 1690 MHz, 45, 7.13 W
1788686375.959595650,0 %, 1690 MHz, 45, 7.13 W
1788686376.060349790,0 %, 1690 MHz, 45, 7.13 W
1788686376.160924314,0 %, 1690 MHz, 45, 7.13 W
1788686376.260712197,0 %, 1690 MHz, 45, 7.08 W
1788686376.361985106,0 %, 1690 MHz, 45, 7.08 W
1788686376.461463085,0 %, 1690 MHz, 45, 7.08 W
1788686376.562137753,0 %, 1690 MHz, 45, 7.08 W
1788686376.662936565,0 %, 1690 MHz, 45, 7.08 W
1788686376.763392113,0 %, 1690 MHz, 45, 7.04 W
1788686376.863279484,0 %, 1690 MHz, 45, 7.04 W
1788686376.963372679,0 %, 1690 MHz, 45, 7.04 W
1788686377.063485475,0 %, 1690 MHz, 45, 7.04 W
1788686377.163866494,0 %, 1690 MHz, 45, 7.04 W
1788686377.264080506,0 %, 1690 MHz, 45, 7.04 W
1788686377.364401814,0 %, 1690 MHz, 45, 7.04 W
1788686377.465217458,0 %, 1690 MHz, 45, 7.04 W
1788686377.565196253,0 %, 1690 MHz, 45, 7.04 W
1788686377.665550713,0 %, 1690 MHz, 45, 7.04 W
1788686377.765726340,0 %, 1690 MHz, 45, 7.04 W
1788686377.865718784,0 %, 1690 MHz, 45, 7.04 W
1788686377.966684236,0 %, 1690 MHz, 45, 7.04 W
1788686378.067149752,0 %, 1690 MHz, 45, 7.04 W
1788686378.166724243,0 %, 1690 MHz, 45, 7.04 W
1788686378.267586111,0 %, 1690 MHz, 45, 7.03 W
1788686378.367346202,0 %, 1690 MHz, 45, 7.03 W
1788686378.468268919,0 %, 1690 MHz, 45, 7.03 W
1788686378.568111522,0 %, 1690 MHz, 45, 7.03 W
1788686378.668470942,0 %, 1690 MHz, 45, 7.03 W
1788686378.768431113,0 %, 1690 MHz, 45, 7.02 W
1788686378.869081477,0 %, 1690 MHz, 45, 7.02 W
1788686378.969208273,0 %, 1690 MHz, 45, 7.02 W
1788686379.069342876,0 %, 1690 MHz, 45, 7.02 W
1788686379.169163783,0 %, 1690 MHz, 45, 7.02 W
1788686379.270166452,0 %, 1690 MHz, 45, 7.01 W
1788686379.370169183,0 %, 1690 MHz, 45, 7.01 W
1788686379.470684332,0 %, 1690 MHz, 45, 7.01 W
1788686379.570710151,0 %, 1690 MHz, 45, 7.01 W
1788686379.671132771,0 %, 1690 MHz, 45, 7.01 W
1788686379.771365999,0 %, 1690 MHz, 45, 6.99 W
1788686379.871935083,0 %, 1690 MHz, 45, 6.99 W
1788686379.972378439,0 %, 1690 MHz, 45, 6.99 W
1788686380.072805091,0 %, 1690 MHz, 45, 6.99 W
1788686380.172557790,0 %, 1690 MHz, 45, 6.99 W
1788686380.273151658,0 %, 1690 MHz, 45, 7.07 W
1788686380.372918069,0 %, 1690 MHz, 45, 7.07 W
1788686380.473490177,0 %, 1690 MHz, 45, 7.07 W
1788686380.573826621,0 %, 1690 MHz, 45, 7.07 W
1788686380.674219001,0 %, 1690 MHz, 45, 7.07 W
1788686380.774708469,0 %, 1690 MHz, 45, 7.11 W
1788686380.874830113,0 %, 1690 MHz, 45, 7.11 W
1788686380.975248621,0 %, 1690 MHz, 45, 7.11 W
1788686381.075194472,0 %, 1690 MHz, 45, 7.11 W
1788686381.175647908,0 %, 1690 MHz, 45, 7.11 W
1788686381.276216577,0 %, 1690 MHz, 45, 7.10 W
1788686381.376308476,0 %, 1690 MHz, 45, 7.10 W
1788686381.476860073,0 %, 1690 MHz, 45, 7.10 W
1788686381.577354229,0 %, 1690 MHz, 45, 7.10 W
1788686381.677813153,0 %, 1690 MHz, 45, 7.10 W
1788686381.778276013,0 %, 1690 MHz, 45, 7.12 W
1788686381.878467161,0 %, 1690 MHz, 45, 7.12 W
1788686381.978975109,0 %, 1690 MHz, 45, 7.12 W
1788686382.079337441,0 %, 1690 MHz, 45, 7.12 W
1788686382.179986941,0 %, 1690 MHz, 45, 7.12 W
1788686382.280361465,0 %, 1690 MHz, 45, 7.12 W
1788686382.380840245,0 %, 1690 MHz, 45, 7.12 W
1788686382.481230002,0 %, 1690 MHz, 45, 7.12 W
1788686382.581817502,0 %, 1690 MHz, 45, 7.12 W
1788686382.682209386,0 %, 1690 MHz, 45, 7.12 W
1788686382.782763078,0 %, 1690 MHz, 45, 7.11 W
1788686382.883217714,0 %, 1690 MHz, 45, 7.11 W
1788686382.983339630,0 %, 1690 MHz, 45, 7.11 W
1788686383.083805146,0 %, 1690 MHz, 45, 7.11 W
1788686383.184263206,0 %, 1690 MHz, 45, 7.11 W
1788686383.284834531,0 %, 1690 MHz, 45, 7.12 W
1788686383.385207215,0 %, 1690 MHz, 45, 7.12 W
1788686383.485807627,0 %, 1690 MHz, 45, 7.12 W
1788686383.585608455,0 %, 1690 MHz, 45, 7.12 W
1788686383.686498915,0 %, 1690 MHz, 45, 7.12 W
1788686383.786975440,0 %, 1690 MHz, 45, 7.10 W
1788686383.887401788,0 %, 1690 MHz, 45, 7.10 W
1788686383.987880888,0 %, 1690 MHz, 45, 7.10 W
1788686384.088131284,0 %, 1690 MHz, 45, 7.10 W
1788686384.188231200,0 %, 1690 MHz, 45, 7.10 W
1788686384.288912972,0 %, 1690 MHz, 45, 7.07 W
1788686384.388602440,0 %, 1690 MHz, 45, 7.07 W
1788686384.488679972,0 %, 1690 MHz, 45, 7.07 W
1788686384.589160768,0 %, 1690 MHz, 45, 7.07 W
1788686384.690013021,0 %, 1690 MHz, 45, 7.07 W
1788686384.790438025,0 %, 1690 MHz, 45, 7.06 W
1788686384.890905461,0 %, 1690 MHz, 45, 7.06 W
1788686384.990950785,0 %, 1690 MHz, 45, 7.06 W
1788686385.091380717,0 %, 1690 MHz, 45, 7.06 W
1788686385.191865882,0 %, 1690 MHz, 45, 7.06 W
1788686385.292323510,0 %, 1690 MHz, 45, 7.06 W
1788686385.392871203,0 %, 1690 MHz, 45, 7.06 W
1788686385.493207711,0 %, 1690 MHz, 45, 7.06 W
1788686385.593663883,0 %, 1690 MHz, 45, 7.06 W
1788686385.694093191,0 %, 1690 MHz, 45, 7.06 W
1788686385.794246419,0 %, 1690 MHz, 45, 7.06 W
1788686385.894890880,0 %, 1690 MHz, 45, 7.06 W
1788686385.995343516,0 %, 1690 MHz, 45, 7.06 W
1788686386.095847097,0 %, 1690 MHz, 45, 7.06 W
1788686386.195926197,0 %, 1690 MHz, 45, 7.07 W
1788686386.296078913,0 %, 1690 MHz, 45, 7.07 W
1788686386.395894748,0 %, 1690 MHz, 45, 7.07 W
1788686386.496281961,0 %, 1690 MHz, 45, 7.07 W
1788686386.596348021,0 %, 1690 MHz, 45, 7.07 W
1788686386.696809105,0 %, 1690 MHz, 45, 7.12 W
1788686386.797395646,0 %, 1690 MHz, 45, 7.12 W
1788686386.897649818,0 %, 1690 MHz, 45, 7.12 W
1788686386.998119510,0 %, 1690 MHz, 45, 7.12 W
1788686387.098787347,0 %, 1690 MHz, 45, 7.12 W
1788686387.199233135,0 %, 1690 MHz, 45, 7.13 W
1788686387.299429020,0 %, 1690 MHz, 45, 7.13 W
1788686387.399719624,0 %, 1690 MHz, 45, 7.13 W
1788686387.500372757,0 %, 1690 MHz, 45, 7.13 W
1788686387.600664993,0 %, 1690 MHz, 45, 7.13 W
1788686387.701135165,0 %, 1690 MHz, 45, 7.14 W
1788686387.801442762,0 %, 1690 MHz, 45, 7.14 W
1788686387.902271527,0 %, 1690 MHz, 45, 7.14 W
1788686388.002176290,0 %, 1690 MHz, 45, 7.14 W
1788686388.102448463,0 %, 1690 MHz, 45, 7.14 W
1788686388.203136539,0 %, 1690 MHz, 45, 7.18 W
1788686388.303545720,0 %, 1690 MHz, 45, 7.18 W
1788686388.403843620,0 %, 1690 MHz, 45, 7.18 W
1788686388.504288897,0 %, 1690 MHz, 45, 7.18 W
1788686388.604772045,0 %, 1690 MHz, 45, 7.18 W
1788686388.705226826,0 %, 1690 MHz, 45, 7.20 W
1788686388.805464902,0 %, 1690 MHz, 45, 7.20 W
1788686388.905909859,0 %, 1690 MHz, 45, 7.20 W
1788686389.006406943,0 %, 1690 MHz, 45, 7.20 W
1788686389.106840092,0 %, 1690 MHz, 45, 7.20 W
1788686389.207268760,0 %, 1690 MHz, 45, 7.17 W
1788686389.307758661,0 %, 1690 MHz, 45, 7.17 W
1788686389.407961265,0 %, 1690 MHz, 45, 7.17 W
1788686389.508516286,0 %, 1690 MHz, 45, 7.17 W
1788686389.608922347,0 %, 1690 MHz, 45, 7.17 W
1788686389.709320407,0 %, 1690 MHz, 45, 7.15 W
1788686389.809446531,0 %, 1690 MHz, 45, 7.15 W
1788686389.909665056,0 %, 1690 MHz, 45, 7.15 W
1788686390.010236332,0 %, 1690 MHz, 45, 7.15 W
1788686390.110703881,0 %, 1690 MHz, 45, 7.15 W
1788686390.211078613,0 %, 1690 MHz, 45, 7.18 W
1788686390.311404354,0 %, 1690 MHz, 45, 7.18 W
1788686390.411426990,0 %, 1690 MHz, 45, 7.18 W
1788686390.512040443,0 %, 1690 MHz, 45, 7.18 W
1788686390.612509160,0 %, 1690 MHz, 45, 7.18 W
1788686390.712958100,0 %, 1690 MHz, 45, 7.20 W
1788686390.813472769,0 %, 1690 MHz, 45, 7.20 W
1788686390.913239469,0 %, 1690 MHz, 45, 7.20 W
1788686391.012946121,0 %, 1690 MHz, 45, 7.20 W
1788686391.113496694,0 %, 1690 MHz, 45, 7.20 W
1788686391.214002466,0 %, 1690 MHz, 45, 7.20 W
1788686391.314164927,0 %, 1690 MHz, 45, 7.20 W
1788686391.414425947,0 %, 1690 MHz, 45, 7.20 W
1788686391.514830408,0 %, 1690 MHz, 45, 7.20 W
1788686391.615228165,0 %, 1690 MHz, 45, 7.20 W
1788686391.715680993,0 %, 1690 MHz, 45, 7.17 W
1788686391.816155438,0 %, 1690 MHz, 45, 7.17 W
1788686391.916589403,0 %, 1690 MHz, 45, 7.17 W
1788686392.017153559,0 %, 1690 MHz, 45, 7.17 W
1788686392.117541988,0 %, 1690 MHz, 45, 7.17 W
1788686392.218054433,0 %, 1690 MHz, 45, 7.12 W
1788686392.318347614,0 %, 1690 MHz, 45, 7.12 W
1788686392.418841610,0 %, 1690 MHz, 45, 7.12 W
1788686392.519267831,0 %, 1690 MHz, 45, 7.12 W
1788686392.619808916,0 %, 1690 MHz, 45, 7.12 W
1788686392.720231745,0 %, 1690 MHz, 45, 7.14 W
1788686392.820437277,0 %, 1690 MHz, 45, 7.14 W
1788686392.920907290,0 %, 1690 MHz, 45, 7.14 W
1788686393.021188519,0 %, 1690 MHz, 45, 7.14 W
1788686393.121405779,0 %, 1690 MHz, 45, 7.14 W
1788686393.221900016,0 %, 1690 MHz, 45, 7.21 W
1788686393.321679004,0 %, 1690 MHz, 45, 7.21 W
1788686393.422358905,0 %, 1690 MHz, 45, 7.21 W
1788686393.522890390,0 %, 1690 MHz, 45, 7.21 W
1788686393.623307123,0 %, 1690 MHz, 45, 7.21 W
1788686393.723812336,0 %, 1690 MHz, 45, 7.25 W
1788686393.824235117,0 %, 1690 MHz, 45, 7.25 W
1788686393.924458537,0 %, 1690 MHz, 45, 7.25 W
1788686394.024967350,0 %, 1690 MHz, 45, 7.25 W
1788686394.125407379,0 %, 1690 MHz, 45, 7.25 W
1788686394.225899568,0 %, 1690 MHz, 45, 7.25 W
1788686394.326343517,0 %, 1690 MHz, 45, 7.25 W
1788686394.426493673,0 %, 1690 MHz, 45, 7.25 W
1788686394.526938758,0 %, 1690 MHz, 45, 7.25 W
1788686394.627349603,0 %, 1690 MHz, 45, 7.25 W
1788686394.727856640,0 %, 1690 MHz, 45, 7.23 W
1788686394.828266637,0 %, 1690 MHz, 45, 7.23 W
1788686394.928315273,0 %, 1690 MHz, 45, 7.23 W
1788686395.028986711,0 %, 1690 MHz, 45, 7.23 W
1788686395.129455028,0 %, 1690 MHz, 45, 7.23 W
1788686395.229941521,0 %, 1690 MHz, 45, 7.20 W
1788686395.330209277,0 %, 1690 MHz, 45, 7.20 W
1788686395.430917227,0 %, 1690 MHz, 45, 7.20 W
1788686395.531149719,0 %, 1690 MHz, 45, 7.20 W
1788686395.631864485,0 %, 1690 MHz, 45, 7.20 W
1788686395.732104609,0 %, 1690 MHz, 45, 7.17 W
1788686395.832826687,0 %, 1690 MHz, 45, 7.17 W
1788686395.933088187,0 %, 1690 MHz, 45, 7.17 W
1788686396.033472888,0 %, 1690 MHz, 45, 7.17 W
1788686396.133942981,0 %, 1690 MHz, 45, 7.17 W
1788686396.233757554,0 %, 1690 MHz, 45, 7.17 W
1788686396.334414575,0 %, 1690 MHz, 45, 7.17 W
1788686396.434523323,0 %, 1690 MHz, 45, 7.17 W
1788686396.535352889,0 %, 1690 MHz, 45, 7.17 W
1788686396.635303941,0 %, 1690 MHz, 45, 7.17 W
1788686396.736258179,0 %, 1690 MHz, 45, 7.18 W
1788686396.836126575,0 %, 1690 MHz, 45, 7.18 W
1788686396.937073021,0 %, 1690 MHz, 45, 7.18 W
1788686397.037132761,0 %, 1690 MHz, 45, 7.18 W
1788686397.137720439,0 %, 1690 MHz, 45, 7.18 W
1788686397.237990836,0 %, 1690 MHz, 45, 7.19 W
1788686397.338502561,0 %, 1690 MHz, 45, 7.19 W
1788686397.438669902,0 %, 1690 MHz, 45, 7.19 W
1788686397.539124011,0 %, 1690 MHz, 45, 7.19 W
1788686397.639613752,0 %, 1690 MHz, 45, 7.19 W
1788686397.740568357,0 %, 1690 MHz, 45, 7.17 W
1788686397.840579922,0 %, 1690 MHz, 45, 7.17 W
1788686397.941035183,0 %, 1690 MHz, 45, 7.17 W
1788686398.041705436,0 %, 1690 MHz, 45, 7.17 W
1788686398.141523705,0 %, 1690 MHz, 45, 7.17 W
1788686398.242090886,0 %, 1690 MHz, 45, 7.13 W
1788686398.342537363,0 %, 1690 MHz, 45, 7.13 W
1788686398.442570624,0 %, 1690 MHz, 45, 7.13 W
1788686398.543165149,0 %, 1690 MHz, 45, 7.13 W
1788686398.643656010,0 %, 1690 MHz, 45, 7.13 W
1788686398.744131160,0 %, 1690 MHz, 45, 7.11 W
1788686398.844616501,0 %, 1690 MHz, 45, 7.11 W
1788686398.944526689,0 %, 1690 MHz, 45, 7.11 W
1788686399.045161199,0 %, 1690 MHz, 45, 7.11 W
1788686399.145625180,0 %, 1690 MHz, 45, 7.11 W
1788686399.246071993,0 %, 1690 MHz, 46, 7.13 W
1788686399.346589238,0 %, 1690 MHz, 46, 7.13 W
1788686399.447059332,0 %, 1690 MHz, 46, 7.13 W
1788686399.547529121,0 %, 1690 MHz, 46, 7.13 W
1788686399.647985422,0 %, 1690 MHz, 46, 7.13 W
1788686399.748326219,0 %, 1690 MHz, 46, 7.16 W
1788686399.848683352,0 %, 1690 MHz, 46, 7.16 W
1788686399.949140469,0 %, 1690 MHz, 46, 7.16 W
1788686400.049674243,0 %, 1690 MHz, 46, 7.16 W
1788686400.150065360,0 %, 1690 MHz, 46, 7.16 W
1788686400.250656349,0 %, 1690 MHz, 46, 7.12 W
1788686400.350716058,0 %, 1690 MHz, 46, 7.12 W
1788686400.451193415,0 %, 1690 MHz, 46, 7.12 W
1788686400.551669845,0 %, 1690 MHz, 46, 7.12 W
1788686400.652150626,0 %, 1690 MHz, 46, 7.12 W
1788686400.752713023,0 %, 1690 MHz, 46, 7.10 W
1788686400.853131645,0 %, 1690 MHz, 46, 7.10 W
1788686400.953601194,0 %, 1690 MHz, 46, 7.10 W
1788686401.054077607,0 %, 1690 MHz, 46, 7.10 W
1788686401.154558149,0 %, 1690 MHz, 46, 7.10 W
1788686401.254993922,0 %, 1690 MHz, 46, 7.07 W
1788686401.355120255,0 %, 1690 MHz, 46, 7.07 W
1788686401.455723148,0 %, 1690 MHz, 46, 7.07 W
1788686401.556143130,0 %, 1690 MHz, 46, 7.07 W
1788686401.656583783,0 %, 1690 MHz, 46, 7.07 W
1788686401.757339877,0 %, 1690 MHz, 46, 7.07 W
1788686401.857558530,0 %, 1690 MHz, 46, 7.07 W
1788686401.958006623,0 %, 1690 MHz, 46, 7.07 W
1788686402.058907533,0 %, 1690 MHz, 46, 7.07 W
1788686402.158971050,0 %, 1690 MHz, 46, 7.07 W
1788686402.259180135,0 %, 1690 MHz, 46, 7.11 W
1788686402.359620276,0 %, 1690 MHz, 46, 7.11 W
1788686402.460553298,0 %, 1690 MHz, 46, 7.11 W
1788686402.560583359,0 %, 1690 MHz, 46, 7.11 W
1788686402.660752012,0 %, 1690 MHz, 46, 7.11 W
1788686402.761666106,0 %, 1690 MHz, 46, 7.12 W
1788686402.861203095,0 %, 1690 MHz, 46, 7.12 W
1788686402.961350788,0 %, 1690 MHz, 46, 7.12 W
1788686403.061763281,0 %, 1690 MHz, 46, 7.12 W
1788686403.161757038,0 %, 1690 MHz, 46, 7.12 W
1788686403.262162907,0 %, 1690 MHz, 46, 7.11 W
1788686403.362235992,0 %, 1690 MHz, 46, 7.11 W
1788686403.462703494,0 %, 1690 MHz, 46, 7.11 W
1788686403.562980899,0 %, 1690 MHz, 46, 7.11 W
1788686403.662782640,0 %, 1690 MHz, 46, 7.11 W
1788686403.763618606,0 %, 1690 MHz, 46, 7.12 W
1788686403.863344778,0 %, 1690 MHz, 46, 7.12 W
1788686403.963700712,0 %, 1690 MHz, 46, 7.12 W
1788686404.063608997,0 %, 1690 MHz, 46, 7.12 W
1788686404.164147074,0 %, 1690 MHz, 46, 7.12 W
1788686404.264381760,0 %, 1690 MHz, 46, 7.12 W
1788686404.364315244,0 %, 1690 MHz, 46, 7.12 W
1788686404.465483195,0 %, 1690 MHz, 46, 7.12 W
1788686404.565678248,0 %, 1690 MHz, 46, 7.12 W
1788686404.666063829,0 %, 1690 MHz, 46, 7.12 W
1788686404.765417938,0 %, 1690 MHz, 46, 7.11 W
1788686404.865579519,0 %, 1690 MHz, 46, 7.11 W
1788686404.966295661,0 %, 1690 MHz, 46, 7.11 W
1788686405.066701178,0 %, 1690 MHz, 46, 7.11 W
1788686405.167556456,0 %, 1690 MHz, 46, 7.11 W
1788686405.267904678,0 %, 1690 MHz, 46, 7.14 W
1788686405.368066723,0 %, 1690 MHz, 46, 7.14 W
1788686405.468887105,0 %, 1690 MHz, 46, 7.14 W
1788686405.569439279,0 %, 1690 MHz, 46, 7.14 W
1788686405.669636860,0 %, 1690 MHz, 46, 7.14 W
1788686405.770163658,0 %, 1690 MHz, 46, 7.18 W
1788686405.870160375,0 %, 1690 MHz, 46, 7.18 W
1788686405.970611652,0 %, 1690 MHz, 46, 7.18 W
1788686406.070574849,0 %, 1690 MHz, 46, 7.18 W
1788686406.171740256,0 %, 1690 MHz, 46, 7.18 W
1788686406.272202349,0 %, 1690 MHz, 46, 7.17 W
1788686406.371675658,0 %, 1690 MHz, 46, 7.17 W
1788686406.472907736,0 %, 1690 MHz, 46, 7.17 W
1788686406.573336502,0 %, 1690 MHz, 46, 7.17 W
1788686406.673568355,0 %, 1690 MHz, 46, 7.17 W
1788686406.774120129,0 %, 1690 MHz, 46, 7.16 W
1788686406.873871806,0 %, 1690 MHz, 46, 7.16 W
1788686406.974331548,0 %, 1690 MHz, 46, 7.16 W
1788686407.075087402,0 %, 1690 MHz, 46, 7.16 W
1788686407.174804695,0 %, 1690 MHz, 46, 7.16 W
1788686407.275056644,0 %, 1690 MHz, 46, 7.15 W
1788686407.375985026,0 %, 1690 MHz, 46, 7.15 W
1788686407.475630399,0 %, 1690 MHz, 46, 7.15 W
1788686407.575814364,0 %, 1690 MHz, 46, 7.15 W
1788686407.676554251,0 %, 1690 MHz, 46, 7.15 W
1788686407.776510600,0 %, 1690 MHz, 46, 7.11 W
1788686407.876644821,0 %, 1690 MHz, 46, 7.11 W
1788686407.977506115,0 %, 1690 MHz, 46, 7.11 W
1788686408.077712865,0 %, 1690 MHz, 46, 7.11 W
1788686408.178148174,0 %, 1690 MHz, 46, 7.11 W
1788686408.278588844,0 %, 1690 MHz, 46, 7.14 W
1788686408.378552713,0 %, 1690 MHz, 46, 7.14 W
1788686408.478790615,0 %, 1690 MHz, 46, 7.14 W
1788686408.579278789,0 %, 1690 MHz, 46, 7.14 W
1788686408.679874227,0 %, 1690 MHz, 46, 7.14 W
1788686408.780646881,0 %, 1690 MHz, 46, 7.16 W
1788686408.880727774,0 %, 1690 MHz, 46, 7.16 W
1788686408.981152796,0 %, 1690 MHz, 46, 7.16 W
1788686409.081725274,0 %, 1690 MHz, 46, 7.16 W
1788686409.182129191,0 %, 1690 MHz, 46, 7.16 W
1788686409.282726533,0 %, 1690 MHz, 46, 7.18 W
1788686409.383046051,0 %, 1690 MHz, 46, 7.18 W
1788686409.483282817,0 %, 1690 MHz, 46, 7.18 W
1788686409.583719662,0 %, 1690 MHz, 46, 7.18 W
1788686409.684178652,0 %, 1690 MHz, 46, 7.18 W
1788686409.785118219,0 %, 1690 MHz, 46, 7.22 W
1788686409.885113704,0 %, 1690 MHz, 46, 7.22 W
1788686409.985289557,0 %, 1690 MHz, 46, 7.22 W
1788686410.085777923,0 %, 1690 MHz, 46, 7.22 W
1788686410.186266609,0 %, 1690 MHz, 46, 7.22 W
1788686410.286718447,0 %, 1690 MHz, 46, 7.23 W
1788686410.387169949,0 %, 1690 MHz, 46, 7.23 W
1788686410.487868683,0 %, 1690 MHz, 46, 7.23 W
1788686410.588113545,0 %, 1690 MHz, 46, 7.23 W
1788686410.688598807,0 %, 1690 MHz, 46, 7.23 W
1788686410.789073221,0 %, 1690 MHz, 46, 7.23 W
1788686410.889746355,0 %, 1690 MHz, 46, 7.23 W
1788686410.989851408,0 %, 1690 MHz, 46, 7.23 W
1788686411.090569183,0 %, 1690 MHz, 46, 7.23 W
1788686411.191096317,0 %, 1690 MHz, 46, 7.23 W
1788686411.291328938,0 %, 1690 MHz, 46, 7.19 W
1788686411.391912472,0 %, 1690 MHz, 46, 7.19 W
1788686411.492477046,0 %, 1690 MHz, 46, 7.19 W
1788686411.592683316,0 %, 1690 MHz, 46, 7.19 W
1788686411.692558721,0 %, 1690 MHz, 46, 7.19 W
1788686411.793118271,0 %, 1690 MHz, 46, 7.14 W
1788686411.893122653,0 %, 1690 MHz, 46, 7.14 W
1788686411.993727963,0 %, 1690 MHz, 46, 7.14 W
1788686412.093527672,0 %, 1690 MHz, 46, 7.14 W
1788686412.194227046,0 %, 1690 MHz, 46, 7.14 W
1788686412.294477668,0 %, 1690 MHz, 46, 7.13 W
1788686412.394538786,0 %, 1690 MHz, 46, 7.13 W
1788686412.495051072,0 %, 1690 MHz, 46, 7.13 W
1788686412.595616526,0 %, 1690 MHz, 46, 7.13 W
1788686412.696100588,0 %, 1690 MHz, 46, 7.15 W
1788686412.796596074,0 %, 1690 MHz, 46, 7.15 W
1788686412.897048344,0 %, 1690 MHz, 46, 7.15 W
1788686412.997630502,0 %, 1690 MHz, 46, 7.15 W
1788686413.098133588,0 %, 1690 MHz, 46, 7.15 W
1788686413.198523906,0 %, 1690 MHz, 46, 7.14 W
1788686413.299064128,0 %, 1690 MHz, 46, 7.14 W
1788686413.399239422,0 %, 1690 MHz, 46, 7.14 W
1788686413.499739788,0 %, 1690 MHz, 46, 7.14 W
1788686413.600166618,0 %, 1690 MHz, 46, 7.14 W
1788686413.699900200,0 %, 1690 MHz, 46, 7.13 W
1788686413.800580630,0 %, 1690 MHz, 46, 7.13 W
1788686413.901302436,0 %, 1690 MHz, 46, 7.13 W
1788686414.001802674,0 %, 1690 MHz, 46, 7.13 W
1788686414.101646160,0 %, 1690 MHz, 46, 7.13 W
1788686414.202505438,0 %, 1690 MHz, 46, 7.12 W
1788686414.303045677,0 %, 1690 MHz, 46, 7.12 W
1788686414.403476171,0 %, 1690 MHz, 46, 7.12 W
1788686414.503980169,0 %, 1690 MHz, 46, 7.12 W
1788686414.603959686,0 %, 1690 MHz, 46, 7.12 W
1788686414.704499221,0 %, 1690 MHz, 46, 7.11 W
1788686414.804904035,0 %, 1690 MHz, 46, 7.11 W
1788686414.905513921,0 %, 1690 MHz, 46, 7.11 W
1788686415.005180622,0 %, 1690 MHz, 46, 7.11 W
1788686415.106143693,0 %, 1690 MHz, 46, 7.11 W
1788686415.206637947,0 %, 1690 MHz, 46, 7.12 W
1788686415.307130153,0 %, 1690 MHz, 46, 7.12 W
1788686415.407610728,0 %, 1690 MHz, 46, 7.12 W
1788686415.508129590,0 %, 1690 MHz, 46, 7.12 W
1788686415.608636084,0 %, 1690 MHz, 46, 7.12 W
1788686415.709141026,0 %, 1690 MHz, 46, 7.10 W
1788686415.809582689,0 %, 1690 MHz, 46, 7.10 W
1788686415.909312142,0 %, 1690 MHz, 46, 7.10 W
1788686416.009954748,0 %, 1690 MHz, 46, 7.10 W
1788686416.110129898,0 %, 1690 MHz, 46, 7.10 W
1788686416.210191544,0 %, 1690 MHz, 46, 7.09 W
1788686416.310904247,0 %, 1690 MHz, 46, 7.09 W
1788686416.411335493,0 %, 1690 MHz, 46, 7.09 W
1788686416.511312419,0 %, 1690 MHz, 46, 7.09 W
1788686416.611818353,0 %, 1690 MHz, 46, 7.09 W
1788686416.711878351,0 %, 1690 MHz, 46, 7.14 W
1788686416.811897676,0 %, 1690 MHz, 46, 7.14 W
1788686416.912165466,0 %, 1690 MHz, 46, 7.14 W
1788686417.012278280,0 %, 1690 MHz, 46, 7.14 W
1788686417.112585814,0 %, 1690 MHz, 46, 7.14 W
1788686417.213135765,0 %, 1690 MHz, 46, 7.18 W
1788686417.313293619,0 %, 1690 MHz, 46, 7.18 W
1788686417.413598529,0 %, 1690 MHz, 46, 7.18 W
1788686417.514143407,0 %, 1690 MHz, 46, 7.18 W
1788686417.614679886,0 %, 1690 MHz, 46, 7.18 W
1788686417.714870716,0 %, 1690 MHz, 46, 7.16 W
1788686417.815049706,0 %, 1690 MHz, 46, 7.16 W
1788686417.915284840,0 %, 1690 MHz, 46, 7.16 W
1788686418.015906502,0 %, 1690 MHz, 46, 7.16 W
1788686418.116164100,0 %, 1690 MHz, 46, 7.16 W
1788686418.216744099,0 %, 1690 MHz, 46, 7.10 W
1788686418.317120081,0 %, 1690 MHz, 46, 7.10 W
1788686418.417728592,0 %, 1690 MHz, 46, 7.10 W
1788686418.518029870,0 %, 1690 MHz, 46, 7.10 W
1788686418.618251180,0 %, 1690 MHz, 46, 7.10 W
1788686418.718686378,0 %, 1690 MHz, 46, 7.11 W
1788686418.819389241,0 %, 1690 MHz, 46, 7.11 W
1788686418.919271959,0 %, 1690 MHz, 46, 7.11 W
1788686419.019733461,0 %, 1690 MHz, 46, 7.11 W
1788686419.120194516,0 %, 1690 MHz, 46, 7.11 W
1788686419.220742162,0 %, 1690 MHz, 46, 7.20 W
1788686419.321099232,0 %, 1690 MHz, 46, 7.20 W
1788686419.421574223,0 %, 1690 MHz, 46, 7.20 W
1788686419.522057997,0 %, 1690 MHz, 46, 7.20 W
1788686419.622558444,0 %, 1690 MHz, 46, 7.20 W
1788686419.723218666,0 %, 1690 MHz, 46, 7.21 W
1788686419.823466953,0 %, 1690 MHz, 46, 7.21 W
1788686419.923701463,0 %, 1690 MHz, 46, 7.21 W
1788686420.024109717,0 %, 1690 MHz, 46, 7.21 W
1788686420.124586948,0 %, 1690 MHz, 46, 7.21 W
1788686420.225084386,0 %, 1690 MHz, 46, 7.19 W
1788686420.325510209,0 %, 1690 MHz, 46, 7.19 W
1788686420.425922959,0 %, 1690 MHz, 46, 7.19 W
1788686420.526379726,0 %, 1690 MHz, 46, 7.19 W
1788686420.626867788,0 %, 1690 MHz, 46, 7.19 W
1788686420.727095658,0 %, 1690 MHz, 46, 7.15 W
1788686420.827299896,0 %, 1690 MHz, 46, 7.15 W
1788686420.927748215,0 %, 1690 MHz, 46, 7.15 W
1788686421.028168725,0 %, 1690 MHz, 46, 7.15 W
1788686421.128643124,0 %, 1690 MHz, 46, 7.15 W
1788686421.229111123,0 %, 1690 MHz, 46, 7.12 W
1788686421.329710257,0 %, 1690 MHz, 46, 7.12 W
1788686421.430061696,0 %, 1690 MHz, 46, 7.12 W
1788686421.530273710,0 %, 1690 MHz, 46, 7.12 W
1788686421.630712524,0 %, 1690 MHz, 46, 7.12 W
1788686421.731822076,0 %, 1690 MHz, 46, 7.12 W
1788686421.831650266,0 %, 1690 MHz, 46, 7.12 W
1788686421.932127288,0 %, 1690 MHz, 46, 7.12 W
1788686422.032748295,0 %, 1690 MHz, 46, 7.12 W
1788686422.133080069,0 %, 1690 MHz, 46, 7.12 W
1788686422.233563156,0 %, 1690 MHz, 46, 7.14 W
1788686422.334143683,0 %, 1690 MHz, 46, 7.14 W
1788686422.434725345,0 %, 1690 MHz, 46, 7.14 W
1788686422.534951296,0 %, 1690 MHz, 46, 7.14 W
1788686422.635347422,0 %, 1690 MHz, 46, 7.14 W
1788686422.735596669,0 %, 1690 MHz, 46, 7.16 W
1788686422.836110411,0 %, 1690 MHz, 46, 7.16 W
1788686422.936735674,0 %, 1690 MHz, 46, 7.16 W
1788686423.037033129,0 %, 1690 MHz, 46, 7.16 W
1788686423.137304823,0 %, 1690 MHz, 46, 7.16 W
1788686423.237741014,0 %, 1690 MHz, 46, 7.16 W
1788686423.337811796,0 %, 1690 MHz, 46, 7.16 W
1788686423.438139522,0 %, 1690 MHz, 46, 7.16 W
1788686423.538726177,0 %, 1690 MHz, 46, 7.16 W
1788686423.639087696,0 %, 1690 MHz, 46, 7.16 W
1788686423.740097151,0 %, 1690 MHz, 46, 7.13 W
1788686423.840071629,0 %, 1690 MHz, 46, 7.13 W
1788686423.940316924,0 %, 1690 MHz, 46, 7.13 W
1788686424.040774906,0 %, 1690 MHz, 46, 7.13 W
1788686424.140936377,0 %, 1690 MHz, 46, 7.13 W
1788686424.241427783,0 %, 1690 MHz, 46, 7.12 W
1788686424.341896742,0 %, 1690 MHz, 46, 7.12 W
1788686424.442174709,0 %, 1690 MHz, 46, 7.12 W
1788686424.542640323,0 %, 1690 MHz, 46, 7.12 W
1788686424.643072466,0 %, 1690 MHz, 46, 7.12 W
1788686424.743740657,0 %, 1690 MHz, 46, 7.13 W
1788686424.844057103,0 %, 1690 MHz, 46, 7.13 W
1788686424.944263518,0 %, 1690 MHz, 46, 7.13 W
1788686425.044723853,0 %, 1690 MHz, 46, 7.13 W
1788686425.144517835,0 %, 1690 MHz, 46, 7.13 W
1788686425.244933961,0 %, 1690 MHz, 46, 7.13 W
1788686425.345187288,0 %, 1690 MHz, 46, 7.13 W
1788686425.446035895,0 %, 1690 MHz, 46, 7.13 W
1788686425.546030261,0 %, 1690 MHz, 46, 7.13 W
1788686425.646507972,0 %, 1690 MHz, 46, 7.13 W
1788686425.747208659,0 %, 1690 MHz, 46, 7.16 W
1788686425.847477282,0 %, 1690 MHz, 46, 7.16 W
1788686425.947920257,0 %, 1690 MHz, 46, 7.16 W
1788686426.048146303,0 %, 1690 MHz, 46, 7.16 W
1788686426.148712318,0 %, 1690 MHz, 46, 7.16 W
1788686426.249129501,0 %, 1690 MHz, 46, 7.12 W
1788686426.349301051,0 %, 1690 MHz, 46, 7.12 W
1788686426.449612314,0 %, 1690 MHz, 46, 7.12 W
1788686426.549610296,0 %, 1690 MHz, 46, 7.12 W
1788686426.649641079,0 %, 1690 MHz, 46, 7.12 W
1788686426.750075302,0 %, 1690 MHz, 46, 7.09 W
1788686426.850724453,0 %, 1690 MHz, 46, 7.09 W
1788686426.950485795,0 %, 1690 MHz, 46, 7.09 W
1788686427.050601697,0 %, 1690 MHz, 46, 7.09 W
1788686427.151066656,0 %, 1690 MHz, 46, 7.09 W
1788686427.251204495,0 %, 1690 MHz, 46, 7.14 W
1788686427.351651950,0 %, 1690 MHz, 46, 7.14 W
1788686427.452343581,0 %, 1690 MHz, 46, 7.14 W
1788686427.552131547,0 %, 1690 MHz, 46, 7.14 W
1788686427.652575594,0 %, 1690 MHz, 46, 7.14 W
1788686427.753068665,0 %, 1690 MHz, 46, 7.16 W
1788686427.853505624,0 %, 1690 MHz, 46, 7.16 W
1788686427.953982342,0 %, 1690 MHz, 46, 7.16 W
1788686428.054204789,0 %, 1690 MHz, 46, 7.16 W
1788686428.154639748,0 %, 1690 MHz, 46, 7.16 W
1788686428.255124179,0 %, 1690 MHz, 46, 7.11 W
1788686428.355609522,0 %, 1690 MHz, 46, 7.11 W
1788686428.456060705,0 %, 1690 MHz, 46, 7.11 W
1788686428.556728384,0 %, 1690 MHz, 46, 7.11 W
1788686428.656741983,0 %, 1690 MHz, 46, 7.11 W
1788686428.756554877,0 %, 1690 MHz, 46, 7.08 W
1788686428.857238460,0 %, 1690 MHz, 46, 7.08 W
1788686428.957764347,0 %, 1690 MHz, 46, 7.08 W
1788686429.058052346,0 %, 1690 MHz, 46, 7.08 W
1788686429.158030728,0 %, 1690 MHz, 46, 7.08 W
1788686429.258743352,0 %, 1690 MHz, 46, 7.10 W
1788686429.358797894,0 %, 1690 MHz, 46, 7.10 W
1788686429.459158533,0 %, 1690 MHz, 46, 7.10 W
1788686429.559019875,0 %, 1690 MHz, 46, 7.10 W
1788686429.659891075,0 %, 1690 MHz, 46, 7.10 W
1788686429.760420978,0 %, 1690 MHz, 46, 7.11 W
1788686429.860828289,0 %, 1690 MHz, 46, 7.11 W
1788686429.961364912,0 %, 1690 MHz, 46, 7.11 W
1788686430.061722703,0 %, 1690 MHz, 46, 7.11 W
1788686430.162197134,0 %, 1690 MHz, 46, 7.11 W
1788686430.262281005,0 %, 1690 MHz, 46, 7.08 W
1788686430.362936076,0 %, 1690 MHz, 46, 7.08 W
1788686430.463355259,0 %, 1690 MHz, 46, 7.08 W
1788686430.563875994,0 %, 1690 MHz, 46, 7.08 W
1788686430.664341305,0 %, 1690 MHz, 46, 7.08 W
1788686430.764669528,0 %, 1690 MHz, 46, 7.08 W
1788686430.864801879,0 %, 1690 MHz, 46, 7.08 W
1788686430.965265686,0 %, 1690 MHz, 46, 7.08 W
1788686431.065746405,0 %, 1690 MHz, 46, 7.08 W
1788686431.166449109,0 %, 1690 MHz, 46, 7.08 W
1788686431.266961140,0 %, 1690 MHz, 46, 7.10 W
1788686431.367089026,0 %, 1690 MHz, 46, 7.10 W
1788686431.467557698,0 %, 1690 MHz, 46, 7.10 W
1788686431.568041345,0 %, 1690 MHz, 46, 7.10 W
1788686431.668208640,0 %, 1690 MHz, 46, 7.10 W
1788686431.768660559,0 %, 1690 MHz, 46, 7.11 W
1788686431.869181838,0 %, 1690 MHz, 46, 7.11 W
1788686431.969598541,0 %, 1690 MHz, 46, 7.11 W
1788686432.070401229,0 %, 1690 MHz, 46, 7.11 W
1788686432.170365899,0 %, 1690 MHz, 46, 7.11 W
1788686432.270305386,0 %, 1690 MHz, 46, 7.12 W
1788686432.371267625,0 %, 1690 MHz, 46, 7.12 W
1788686432.470511607,0 %, 1690 MHz, 46, 7.12 W
1788686432.570897558,0 %, 1690 MHz, 46, 7.12 W
1788686432.671229877,0 %, 1690 MHz, 46, 7.12 W
1788686432.772071077,0 %, 1690 MHz, 46, 7.16 W
1788686432.872062644,0 %, 1690 MHz, 46, 7.16 W
1788686432.972535683,0 %, 1690 MHz, 46, 7.16 W
1788686433.072682882,0 %, 1690 MHz, 46, 7.16 W
1788686433.173136481,0 %, 1690 MHz, 46, 7.16 W
1788686433.273295312,0 %, 1690 MHz, 46, 7.15 W
1788686433.373422159,0 %, 1690 MHz, 46, 7.15 W
1788686433.473710974,0 %, 1690 MHz, 46, 7.15 W
1788686433.574069101,0 %, 1690 MHz, 46, 7.15 W
1788686433.674592860,0 %, 1690 MHz, 46, 7.15 W
1788686433.774992012,0 %, 1690 MHz, 46, 7.14 W
1788686433.875420587,0 %, 1690 MHz, 46, 7.14 W
1788686433.975780906,0 %, 1690 MHz, 46, 7.14 W
1788686434.076226745,0 %, 1690 MHz, 46, 7.14 W
1788686434.176428568,0 %, 1690 MHz, 46, 7.14 W
1788686434.277113928,0 %, 1690 MHz, 46, 7.16 W
1788686434.377766887,0 %, 1690 MHz, 46, 7.16 W
1788686434.477938566,0 %, 1690 MHz, 46, 7.16 W
1788686434.578504198,0 %, 1690 MHz, 46, 7.16 W
1788686434.678990981,0 %, 1690 MHz, 46, 7.16 W
1788686434.779567828,0 %, 1690 MHz, 46, 7.19 W
1788686434.879900772,0 %, 1690 MHz, 46, 7.19 W
1788686434.979920194,0 %, 1690 MHz, 46, 7.19 W
1788686435.080425586,0 %, 1690 MHz, 46, 7.19 W
1788686435.180909297,0 %, 1690 MHz, 46, 7.19 W
1788686435.281365649,0 %, 1690 MHz, 46, 7.19 W
1788686435.381907024,0 %, 1690 MHz, 46, 7.19 W
1788686435.482081599,0 %, 1690 MHz, 46, 7.19 W
1788686435.582486670,0 %, 1690 MHz, 46, 7.19 W
1788686435.683009902,0 %, 1690 MHz, 46, 7.19 W
1788686435.783611789,0 %, 1690 MHz, 46, 7.23 W
1788686435.883971164,0 %, 1690 MHz, 46, 7.23 W
1788686435.984235420,0 %, 1690 MHz, 46, 7.23 W
1788686436.084975531,0 %, 1690 MHz, 46, 7.23 W
1788686436.185350219,0 %, 1690 MHz, 46, 7.23 W
1788686436.285824666,0 %, 1690 MHz, 46, 7.27 W
1788686436.386314202,0 %, 1690 MHz, 46, 7.27 W
1788686436.486516249,0 %, 1690 MHz, 46, 7.27 W
1788686436.586935256,0 %, 1690 MHz, 46, 7.27 W
1788686436.687439143,0 %, 1690 MHz, 46, 7.27 W
1788686436.787919959,0 %, 1690 MHz, 46, 7.26 W
1788686436.888340150,0 %, 1690 MHz, 46, 7.26 W
1788686436.988881238,0 %, 1690 MHz, 46, 7.26 W
1788686437.089305077,0 %, 1690 MHz, 46, 7.26 W
1788686437.189805877,0 %, 1690 MHz, 46, 7.26 W
1788686437.290051140,0 %, 1690 MHz, 46, 7.21 W
1788686437.390436307,0 %, 1690 MHz, 46, 7.21 W
1788686437.490734499,0 %, 1690 MHz, 46, 7.21 W
1788686437.591390242,0 %, 1690 MHz, 46, 7.21 W
1788686437.691929042,0 %, 1690 MHz, 46, 7.21 W
1788686437.791788609,0 %, 1690 MHz, 46, 7.17 W
1788686437.892244800,0 %, 1690 MHz, 46, 7.17 W
1788686437.992517119,0 %, 1690 MHz, 46, 7.17 W
1788686438.093119903,0 %, 1690 MHz, 46, 7.17 W
1788686438.193612479,0 %, 1690 MHz, 46, 7.17 W
1788686438.294049886,0 %, 1690 MHz, 46, 7.16 W
1788686438.394551054,0 %, 1690 MHz, 46, 7.16 W
1788686438.494985917,0 %, 1690 MHz, 46, 7.16 W
1788686438.595437629,0 %, 1690 MHz, 46, 7.16 W
1788686438.695897116,0 %, 1690 MHz, 46, 7.16 W
1788686438.796402876,0 %, 1690 MHz, 46, 7.15 W
1788686438.896871659,0 %, 1690 MHz, 46, 7.15 W
1788686438.997353931,0 %, 1690 MHz, 46, 7.15 W
1788686439.097852043,0 %, 1690 MHz, 46, 7.15 W
1788686439.198323082,0 %, 1690 MHz, 46, 7.15 W
1788686439.298803706,0 %, 1690 MHz, 46, 7.14 W
1788686439.399251417,0 %, 1690 MHz, 46, 7.14 W
1788686439.499479401,0 %, 1690 MHz, 46, 7.14 W
1788686439.599608776,0 %, 1690 MHz, 46, 7.14 W
1788686439.700134568,0 %, 1690 MHz, 46, 7.13 W
1788686439.800575991,0 %, 1690 MHz, 46, 7.13 W
1788686439.901059655,0 %, 1690 MHz, 46, 7.13 W
1788686440.001538022,0 %, 1690 MHz, 46, 7.13 W
1788686440.101993398,0 %, 1690 MHz, 46, 7.13 W
1788686440.202399654,0 %, 1690 MHz, 46, 7.14 W
1788686440.302904069,0 %, 1690 MHz, 46, 7.14 W
1788686440.403371365,0 %, 1690 MHz, 46, 7.14 W
1788686440.503620212,0 %, 1690 MHz, 46, 7.14 W
1788686440.604280132,0 %, 1690 MHz, 46, 7.14 W
1788686440.704490420,0 %, 1690 MHz, 46, 7.15 W
1788686440.804251667,0 %, 1690 MHz, 46, 7.15 W
1788686440.905219523,0 %, 1690 MHz, 46, 7.15 W
1788686441.005633154,0 %, 1690 MHz, 46, 7.15 W
1788686441.106108402,0 %, 1690 MHz, 46, 7.15 W
1788686441.206405170,0 %, 1690 MHz, 46, 7.12 W
1788686441.306926177,0 %, 1690 MHz, 46, 7.12 W
1788686441.406818768,0 %, 1690 MHz, 46, 7.12 W
1788686441.507179872,0 %, 1690 MHz, 46, 7.12 W
1788686441.606988463,0 %, 1690 MHz, 46, 7.12 W
1788686441.707966047,0 %, 1690 MHz, 46, 7.10 W
1788686441.808400623,0 %, 1690 MHz, 46, 7.10 W
1788686441.908061134,0 %, 1690 MHz, 46, 7.10 W
1788686442.009169950,0 %, 1690 MHz, 46, 7.10 W
1788686442.109343374,0 %, 1690 MHz, 46, 7.10 W
1788686442.209803693,0 %, 1690 MHz, 46, 7.12 W
1788686442.310208349,0 %, 1690 MHz, 46, 7.12 W
1788686442.410622669,0 %, 1690 MHz, 46, 7.12 W
1788686442.511129869,0 %, 1690 MHz, 46, 7.12 W
1788686442.611595500,0 %, 1690 MHz, 46, 7.12 W
1788686442.712073692,0 %, 1690 MHz, 46, 7.15 W
1788686442.812254396,0 %, 1690 MHz, 46, 7.15 W
1788686442.912755995,0 %, 1690 MHz, 46, 7.15 W
1788686443.013218827,0 %, 1690 MHz, 46, 7.15 W
1788686443.113680411,0 %, 1690 MHz, 46, 7.15 W
1788686443.213641978,0 %, 1690 MHz, 46, 7.15 W
1788686443.314438506,0 %, 1690 MHz, 46, 7.15 W
1788686443.414929402,0 %, 1690 MHz, 46, 7.15 W
1788686443.515348714,0 %, 1690 MHz, 46, 7.15 W
1788686443.615879066,0 %, 1690 MHz, 46, 7.15 W
1788686443.716456650,0 %, 1690 MHz, 46, 7.12 W
1788686443.816897786,0 %, 1690 MHz, 46, 7.12 W
1788686443.916768569,0 %, 1690 MHz, 46, 7.12 W
1788686444.016788392,0 %, 1690 MHz, 46, 7.12 W
1788686444.117161640,0 %, 1690 MHz, 46, 7.12 W
1788686444.217637512,0 %, 1690 MHz, 46, 7.10 W
1788686444.318097128,0 %, 1690 MHz, 46, 7.10 W
1788686444.418601640,0 %, 1690 MHz, 46, 7.10 W
1788686444.519047832,0 %, 1690 MHz, 46, 7.10 W
1788686444.619139591,0 %, 1690 MHz, 46, 7.10 W
1788686444.719736663,0 %, 1690 MHz, 47, 7.07 W
1788686444.819571062,0 %, 1690 MHz, 47, 7.07 W
1788686444.920322182,0 %, 1690 MHz, 47, 7.07 W
1788686445.020534710,0 %, 1690 MHz, 47, 7.07 W
1788686445.121213430,0 %, 1690 MHz, 47, 7.07 W
1788686445.221430998,0 %, 1690 MHz, 47, 7.07 W
1788686445.321742470,0 %, 1690 MHz, 47, 7.07 W
1788686445.421947141,0 %, 1690 MHz, 47, 7.07 W
1788686445.521941621,0 %, 1690 MHz, 47, 7.07 W
1788686445.621877476,0 %, 1690 MHz, 47, 7.07 W
1788686445.722380004,0 %, 1690 MHz, 47, 7.11 W
1788686445.822594500,0 %, 1690 MHz, 47, 7.11 W
1788686445.922779363,0 %, 1690 MHz, 47, 7.11 W
1788686446.023169251,0 %, 1690 MHz, 47, 7.11 W
1788686446.123194179,0 %, 1690 MHz, 47, 7.11 W
1788686446.223408466,0 %, 1690 MHz, 47, 7.10 W
1788686446.323480642,0 %, 1690 MHz, 47, 7.10 W
1788686446.423648850,0 %, 1690 MHz, 47, 7.10 W
1788686446.524013009,0 %, 1690 MHz, 47, 7.10 W
1788686446.624345137,0 %, 1690 MHz, 47, 7.10 W
1788686446.724930481,0 %, 1690 MHz, 47, 7.09 W
1788686446.824729953,0 %, 1690 MHz, 47, 7.09 W
1788686446.925256321,0 %, 1690 MHz, 47, 7.09 W
1788686447.025459520,0 %, 1690 MHz, 47, 7.09 W
1788686447.125451920,0 %, 1690 MHz, 47, 7.09 W
1788686447.225669696,0 %, 1690 MHz, 47, 7.15 W
1788686447.326004672,0 %, 1690 MHz, 47, 7.15 W
1788686447.426704208,0 %, 1690 MHz, 47, 7.15 W
1788686447.526960720,0 %, 1690 MHz, 47, 7.15 W
1788686447.626973311,0 %, 1690 MHz, 47, 7.15 W
1788686447.727526015,0 %, 1690 MHz, 47, 7.17 W
1788686447.827672943,0 %, 1690 MHz, 47, 7.17 W
1788686447.927858431,0 %, 1690 MHz, 47, 7.17 W
1788686448.028540063,0 %, 1690 MHz, 47, 7.17 W
1788686448.128436687,0 %, 1690 MHz, 47, 7.17 W
1788686448.229005151,0 %, 1690 MHz, 47, 7.14 W
1788686448.329129903,0 %, 1690 MHz, 47, 7.14 W
1788686448.429468751,0 %, 1690 MHz, 47, 7.14 W
1788686448.529805663,0 %, 1690 MHz, 47, 7.14 W
1788686448.630152030,0 %, 1690 MHz, 47, 7.14 W
1788686448.731019759,0 %, 1690 MHz, 47, 7.13 W
1788686448.831680559,0 %, 1690 MHz, 47, 7.13 W
1788686448.931558751,0 %, 1690 MHz, 47, 7.13 W
1788686449.031790687,0 %, 1690 MHz, 47, 7.13 W
1788686449.132265711,0 %, 1690 MHz, 47, 7.13 W
1788686449.232702367,0 %, 1690 MHz, 47, 7.17 W
1788686449.333192703,0 %, 1690 MHz, 47, 7.17 W
1788686449.433745343,0 %, 1690 MHz, 47, 7.17 W
1788686449.534118751,0 %, 1690 MHz, 47, 7.17 W
1788686449.634588048,0 %, 1690 MHz, 47, 7.17 W
1788686449.735545968,0 %, 1690 MHz, 47, 7.16 W
1788686449.835762576,0 %, 1690 MHz, 47, 7.16 W
1788686449.935759040,0 %, 1690 MHz, 47, 7.16 W
1788686450.036220736,0 %, 1690 MHz, 47, 7.16 W
1788686450.136711360,0 %, 1690 MHz, 47, 7.16 W
1788686450.237165920,0 %, 1690 MHz, 47, 7.13 W
1788686450.337658689,0 %, 1690 MHz, 47, 7.13 W
1788686450.438121473,0 %, 1690 MHz, 47, 7.13 W
1788686450.538723873,0 %, 1690 MHz, 47, 7.13 W
1788686450.639076689,0 %, 1690 MHz, 47, 7.13 W
1788686450.739895490,0 %, 1690 MHz, 47, 7.13 W
1788686450.839835250,0 %, 1690 MHz, 47, 7.13 W
1788686450.939960449,0 %, 1690 MHz, 47, 7.13 W
1788686451.040177825,0 %, 1690 MHz, 47, 7.13 W
1788686451.140663282,0 %, 1690 MHz, 47, 7.13 W
1788686451.241112242,0 %, 1690 MHz, 47, 7.14 W
1788686451.341163026,0 %, 1690 MHz, 47, 7.14 W
1788686451.440877713,0 %, 1690 MHz, 47, 7.14 W
1788686451.541533202,0 %, 1690 MHz, 47, 7.14 W
1788686451.642006754,0 %, 1690 MHz, 47, 7.14 W
1788686451.742706674,0 %, 1690 MHz, 47, 7.16 W
1788686451.843593427,0 %, 1690 MHz, 47, 7.16 W
1788686451.943182355,0 %, 1690 MHz, 47, 7.16 W
1788686452.043659747,0 %, 1690 MHz, 47, 7.16 W
1788686452.144127651,0 %, 1690 MHz, 47, 7.16 W
1788686452.244334195,0 %, 1690 MHz, 47, 7.18 W
1788686452.344815876,0 %, 1690 MHz, 47, 7.18 W
1788686452.445142708,0 %, 1690 MHz, 47, 7.18 W
1788686452.545677156,0 %, 1690 MHz, 47, 7.18 W
1788686452.646152884,0 %, 1690 MHz, 47, 7.18 W
1788686452.746566421,0 %, 1690 MHz, 47, 7.21 W
1788686452.847575510,0 %, 1690 MHz, 47, 7.21 W
1788686452.947726550,0 %, 1690 MHz, 47, 7.21 W
1788686453.047984230,0 %, 1690 MHz, 47, 7.21 W
1788686453.148101446,0 %, 1690 MHz, 47, 7.21 W
1788686453.248675654,0 %, 1690 MHz, 47, 7.22 W
1788686453.349135255,0 %, 1690 MHz, 47, 7.22 W
1788686453.449676967,0 %, 1690 MHz, 47, 7.22 W
1788686453.550092039,0 %, 1690 MHz, 47, 7.22 W
1788686453.650396856,0 %, 1690 MHz, 47, 7.22 W
1788686453.750952648,0 %, 1690 MHz, 47, 7.22 W
1788686453.851660073,0 %, 1690 MHz, 47, 7.22 W
1788686453.952150713,0 %, 1690 MHz, 47, 7.22 W
1788686454.052534042,0 %, 1690 MHz, 47, 7.22 W
1788686454.153057546,0 %, 1690 MHz, 47, 7.22 W
1788686454.253488298,0 %, 1690 MHz, 47, 7.22 W
1788686454.353958731,0 %, 1690 MHz, 47, 7.22 W
1788686454.454249211,0 %, 1690 MHz, 47, 7.22 W
1788686454.554921484,0 %, 1690 MHz, 47, 7.22 W
1788686454.654886716,0 %, 1690 MHz, 47, 7.22 W
1788686454.755641740,0 %, 1690 MHz, 47, 7.21 W
1788686454.855965053,0 %, 1690 MHz, 47, 7.21 W
1788686454.956747470,0 %, 1690 MHz, 47, 7.21 W
1788686455.056941102,0 %, 1690 MHz, 47, 7.21 W
1788686455.157585950,0 %, 1690 MHz, 47, 7.21 W
1788686455.257943023,0 %, 1690 MHz, 47, 7.19 W
1788686455.358568863,0 %, 1690 MHz, 47, 7.19 W
1788686455.458473311,0 %, 1690 MHz, 47, 7.19 W
1788686455.559169264,0 %, 1690 MHz, 47, 7.19 W
1788686455.659402160,0 %, 1690 MHz, 47, 7.19 W
1788686455.759930673,0 %, 1690 MHz, 47, 7.20 W
1788686455.860212545,0 %, 1690 MHz, 47, 7.20 W
1788686455.960829570,0 %, 1690 MHz, 47, 7.20 W
1788686456.061253154,0 %, 1690 MHz, 47, 7.20 W
1788686456.161757443,0 %, 1690 MHz, 47, 7.20 W
1788686456.262215923,0 %, 1690 MHz, 47, 7.20 W
1788686456.362426724,0 %, 1690 MHz, 47, 7.20 W
1788686456.462743764,0 %, 1690 MHz, 47, 7.20 W
1788686456.562543556,0 %, 1690 MHz, 47, 7.20 W
1788686456.663557109,0 %, 1690 MHz, 47, 7.20 W
1788686456.763577701,0 %, 1690 MHz, 47, 7.22 W
1788686456.864213686,0 %, 1690 MHz, 47, 7.22 W
1788686456.964435910,0 %, 1690 MHz, 47, 7.22 W
1788686457.064905863,0 %, 1690 MHz, 47, 7.22 W
1788686457.165359463,0 %, 1690 MHz, 47, 7.22 W
1788686457.265521592,0 %, 1690 MHz, 47, 7.24 W
1788686457.365829896,0 %, 1690 MHz, 47, 7.24 W
1788686457.466233000,0 %, 1690 MHz, 47, 7.24 W
1788686457.566765881,0 %, 1690 MHz, 47, 7.24 W
1788686457.666894553,0 %, 1690 MHz, 47, 7.24 W
1788686457.767358474,0 %, 1690 MHz, 47, 7.22 W
1788686457.867832635,0 %, 1690 MHz, 47, 7.22 W
1788686457.968320299,0 %, 1690 MHz, 47, 7.22 W
1788686458.068736860,0 %, 1690 MHz, 47, 7.22 W
1788686458.168907884,0 %, 1690 MHz, 47, 7.22 W
1788686458.269047676,0 %, 1690 MHz, 47, 7.20 W
1788686458.369531741,0 %, 1690 MHz, 47, 7.20 W
1788686458.470018878,0 %, 1690 MHz, 47, 7.20 W
1788686458.570337534,0 %, 1690 MHz, 47, 7.20 W
1788686458.670857151,0 %, 1690 MHz, 47, 7.20 W
1788686458.770963743,0 %, 1690 MHz, 47, 7.18 W
1788686458.871616048,0 %, 1690 MHz, 47, 7.18 W
1788686458.971889328,0 %, 1690 MHz, 47, 7.18 W
1788686459.072337345,0 %, 1690 MHz, 47, 7.18 W
1788686459.172880530,0 %, 1690 MHz, 47, 7.18 W
1788686459.273186226,0 %, 1690 MHz, 47, 7.18 W
1788686459.373856035,0 %, 1690 MHz, 47, 7.18 W
1788686459.473762643,0 %, 1690 MHz, 47, 7.18 W
1788686459.574275844,0 %, 1690 MHz, 47, 7.18 W
1788686459.674593461,0 %, 1690 MHz, 47, 7.18 W
1788686459.774666933,0 %, 1690 MHz, 47, 7.20 W
1788686459.875258374,0 %, 1690 MHz, 47, 7.20 W
1788686459.975484902,0 %, 1690 MHz, 47, 7.20 W
1788686460.075963607,0 %, 1690 MHz, 47, 7.20 W
1788686460.176132088,0 %, 1690 MHz, 47, 7.20 W
1788686460.276686168,0 %, 1690 MHz, 47, 7.24 W
1788686460.376781913,0 %, 1690 MHz, 47, 7.24 W
1788686460.477350026,0 %, 1690 MHz, 47, 7.24 W
1788686460.577827370,0 %, 1690 MHz, 47, 7.24 W
1788686460.678262811,0 %, 1690 MHz, 47, 7.24 W
1788686460.778635980,0 %, 1690 MHz, 47, 7.22 W
1788686460.878959708,0 %, 1690 MHz, 47, 7.22 W
1788686460.979411293,0 %, 1690 MHz, 47, 7.22 W
1788686461.079878206,0 %, 1690 MHz, 47, 7.22 W
1788686461.180371311,0 %, 1690 MHz, 47, 7.22 W
1788686461.280852912,0 %, 1690 MHz, 47, 7.22 W
1788686461.381321969,0 %, 1690 MHz, 47, 7.22 W
1788686461.481805217,0 %, 1690 MHz, 47, 7.22 W
1788686461.581776002,0 %, 1690 MHz, 47, 7.22 W
1788686461.682378483,0 %, 1690 MHz, 47, 7.22 W
1788686461.782856931,0 %, 1690 MHz, 47, 7.21 W
1788686461.883322324,0 %, 1690 MHz, 47, 7.21 W
1788686461.983830421,0 %, 1690 MHz, 47, 7.21 W
1788686462.084273142,0 %, 1690 MHz, 47, 7.21 W
1788686462.184719223,0 %, 1690 MHz, 47, 7.21 W
1788686462.285211864,0 %, 1690 MHz, 47, 7.21 W
1788686462.385374792,0 %, 1690 MHz, 47, 7.21 W
1788686462.485921465,0 %, 1690 MHz, 47, 7.21 W
1788686462.586356298,0 %, 1690 MHz, 47, 7.21 W
1788686462.686868155,0 %, 1690 MHz, 47, 7.21 W
1788686462.786876635,0 %, 1690 MHz, 47, 7.22 W
1788686462.887104988,0 %, 1690 MHz, 47, 7.22 W
1788686462.987222109,0 %, 1690 MHz, 47, 7.22 W
1788686463.087440717,0 %, 1690 MHz, 47, 7.22 W
1788686463.187502766,0 %, 1690 MHz, 47, 7.22 W
1788686463.288011743,0 %, 1690 MHz, 47, 7.21 W
1788686463.388105199,0 %, 1690 MHz, 47, 7.21 W
1788686463.488369296,0 %, 1690 MHz, 47, 7.21 W
1788686463.588860785,0 %, 1690 MHz, 47, 7.21 W
1788686463.689308818,0 %, 1690 MHz, 47, 7.21 W
1788686463.789791251,0 %, 1690 MHz, 47, 7.20 W
1788686463.889904115,0 %, 1690 MHz, 47, 7.20 W
1788686463.990369140,0 %, 1690 MHz, 47, 7.20 W
1788686464.090876085,0 %, 1690 MHz, 47, 7.20 W
1788686464.191300166,0 %, 1690 MHz, 47, 7.20 W
1788686464.291832679,0 %, 1690 MHz, 47, 7.16 W
1788686464.392286728,0 %, 1690 MHz, 47, 7.16 W
1788686464.492334185,0 %, 1690 MHz, 47, 7.16 W
1788686464.592508889,0 %, 1690 MHz, 47, 7.16 W
1788686464.693139227,0 %, 1690 MHz, 47, 7.16 W
1788686464.793174619,0 %, 1690 MHz, 47, 7.14 W
1788686464.893320508,0 %, 1690 MHz, 47, 7.14 W
1788686464.993523004,0 %, 1690 MHz, 47, 7.14 W
1788686465.093987501,0 %, 1690 MHz, 47, 7.14 W
1788686465.194461870,0 %, 1690 MHz, 47, 7.14 W
1788686465.295003440,0 %, 1690 MHz, 47, 7.16 W
1788686465.395440961,0 %, 1690 MHz, 47, 7.16 W
1788686465.495681041,0 %, 1690 MHz, 47, 7.16 W
1788686465.595753826,0 %, 1690 MHz, 47, 7.16 W
1788686465.695894531,0 %, 1690 MHz, 47, 7.16 W
1788686465.796231220,0 %, 1690 MHz, 47, 7.20 W
1788686465.895634291,0 %, 1690 MHz, 47, 7.20 W
1788686465.996155764,0 %, 1690 MHz, 47, 7.20 W
1788686466.096634662,0 %, 1690 MHz, 47, 7.20 W
1788686466.197030039,0 %, 1690 MHz, 47, 7.20 W
1788686466.297564072,0 %, 1690 MHz, 47, 7.18 W
1788686466.397982857,0 %, 1690 MHz, 47, 7.18 W
1788686466.498420362,0 %, 1690 MHz, 47, 7.18 W
1788686466.598931851,0 %, 1690 MHz, 47, 7.18 W
1788686466.699397116,0 %, 1690 MHz, 47, 7.18 W
1788686466.799920381,0 %, 1690 MHz, 47, 7.17 W
1788686466.900355262,0 %, 1690 MHz, 47, 7.17 W
1788686467.000635807,0 %, 1690 MHz, 47, 7.17 W
1788686467.101286689,0 %, 1690 MHz, 47, 7.17 W
1788686467.201194865,0 %, 1690 MHz, 47, 7.17 W
1788686467.301865714,0 %, 1690 MHz, 47, 7.20 W
1788686467.402306500,0 %, 1690 MHz, 47, 7.20 W
1788686467.502886661,0 %, 1690 MHz, 47, 7.20 W
1788686467.602919238,0 %, 1690 MHz, 47, 7.20 W
1788686467.703559335,0 %, 1690 MHz, 47, 7.19 W
1788686467.803969752,0 %, 1690 MHz, 47, 7.19 W
1788686467.903986105,0 %, 1690 MHz, 47, 7.19 W
1788686468.004452394,0 %, 1690 MHz, 47, 7.19 W
1788686468.104996443,0 %, 1690 MHz, 47, 7.19 W
1788686468.205398492,0 %, 1690 MHz, 47, 7.17 W
1788686468.305494397,0 %, 1690 MHz, 47, 7.17 W
1788686468.406029134,0 %, 1690 MHz, 47, 7.17 W
1788686468.506431823,0 %, 1690 MHz, 47, 7.17 W
1788686468.606942177,0 %, 1690 MHz, 47, 7.17 W
1788686468.707533234,0 %, 1690 MHz, 47, 7.18 W
1788686468.807347474,0 %, 1690 MHz, 47, 7.18 W
1788686468.907791172,0 %, 1690 MHz, 47, 7.18 W
1788686469.008184037,0 %, 1690 MHz, 47, 7.18 W
1788686469.108639830,0 %, 1690 MHz, 47, 7.18 W
1788686469.209092695,0 %, 1690 MHz, 47, 7.19 W
1788686469.309616857,0 %, 1690 MHz, 47, 7.19 W
1788686469.410097882,0 %, 1690 MHz, 47, 7.19 W
1788686469.510089467,0 %, 1690 MHz, 47, 7.19 W
1788686469.610683788,0 %, 1690 MHz, 47, 7.19 W
1788686469.711360557,0 %, 1690 MHz, 47, 7.19 W
1788686469.811618943,0 %, 1690 MHz, 47, 7.19 W
1788686469.911663951,0 %, 1690 MHz, 47, 7.19 W
1788686470.012174721,0 %, 1690 MHz, 47, 7.19 W
1788686470.112650578,0 %, 1690 MHz, 47, 7.19 W
1788686470.213109171,0 %, 1690 MHz, 47, 7.22 W
1788686470.313239476,0 %, 1690 MHz, 47, 7.22 W
1788686470.413704006,0 %, 1690 MHz, 47, 7.22 W
1788686470.514139943,0 %, 1690 MHz, 47, 7.22 W
1788686470.614631752,0 %, 1690 MHz, 47, 7.22 W
1788686470.715021161,0 %, 1690 MHz, 47, 7.23 W
1788686470.815229386,0 %, 1690 MHz, 47, 7.23 W
1788686470.916016540,0 %, 1690 MHz, 47, 7.23 W
1788686471.016177389,0 %, 1690 MHz, 47, 7.23 W
1788686471.116728910,0 %, 1690 MHz, 47, 7.23 W
1788686471.216776543,0 %, 1690 MHz, 47, 7.16 W
1788686471.317062177,0 %, 1690 MHz, 47, 7.16 W
1788686471.417188370,0 %, 1690 MHz, 47, 7.16 W
1788686471.518066179,0 %, 1690 MHz, 47, 7.16 W
1788686471.617795892,0 %, 1690 MHz, 47, 7.16 W
1788686471.717983381,0 %, 1690 MHz, 47, 7.14 W
1788686471.818682951,0 %, 1690 MHz, 47, 7.14 W
1788686471.918474951,0 %, 1690 MHz, 47, 7.14 W
1788686472.018500392,0 %, 1690 MHz, 47, 7.14 W
1788686472.119121994,0 %, 1690 MHz, 47, 7.14 W
1788686472.219762283,0 %, 1690 MHz, 47, 7.16 W
1788686472.320214605,0 %, 1690 MHz, 47, 7.16 W
1788686472.420650606,0 %, 1690 MHz, 47, 7.16 W
1788686472.521118207,0 %, 1690 MHz, 47, 7.16 W
1788686472.621033856,0 %, 1690 MHz, 47, 7.16 W
1788686472.721377810,0 %, 1690 MHz, 47, 7.15 W
1788686472.821868563,0 %, 1690 MHz, 47, 7.15 W
1788686472.922359060,0 %, 1690 MHz, 47, 7.15 W
1788686473.022328229,0 %, 1690 MHz, 47, 7.15 W
1788686473.122645927,0 %, 1690 MHz, 47, 7.15 W
1788686473.222688088,0 %, 1690 MHz, 47, 7.15 W
1788686473.323123721,0 %, 1690 MHz, 47, 7.15 W
1788686473.423813339,0 %, 1690 MHz, 47, 7.15 W
1788686473.523857772,0 %, 1690 MHz, 47, 7.15 W
1788686473.624596734,0 %, 1690 MHz, 47, 7.15 W
1788686473.725278703,0 %, 1690 MHz, 47, 7.13 W
1788686473.824919488,0 %, 1690 MHz, 47, 7.13 W
1788686473.925194369,0 %, 1690 MHz, 47, 7.13 W
1788686474.025638979,0 %, 1690 MHz, 47, 7.13 W
1788686474.126102260,0 %, 1690 MHz, 47, 7.13 W
1788686474.227077814,0 %, 1690 MHz, 47, 7.11 W
1788686474.326716711,0 %, 1690 MHz, 47, 7.11 W
1788686474.427150664,0 %, 1690 MHz, 47, 7.11 W
1788686474.527270249,0 %, 1690 MHz, 47, 7.11 W
1788686474.627404234,0 %, 1690 MHz, 47, 7.11 W
1788686474.727849340,0 %, 1690 MHz, 47, 7.14 W
1788686474.828327342,0 %, 1690 MHz, 47, 7.14 W
1788686474.928536175,0 %, 1690 MHz, 47, 7.14 W
1788686475.028995472,0 %, 1690 MHz, 47, 7.14 W
1788686475.129462978,0 %, 1690 MHz, 47, 7.14 W
1788686475.229622451,0 %, 1690 MHz, 47, 7.12 W
1788686475.330058533,0 %, 1690 MHz, 47, 7.12 W
1788686475.430520214,0 %, 1690 MHz, 47, 7.12 W
1788686475.530987336,0 %, 1690 MHz, 47, 7.12 W
1788686475.631421001,0 %, 1690 MHz, 47, 7.12 W
1788686475.731903931,0 %, 1690 MHz, 47, 7.11 W
1788686475.832403309,0 %, 1690 MHz, 47, 7.11 W
1788686475.932623086,0 %, 1690 MHz, 47, 7.11 W
1788686476.033087007,0 %, 1690 MHz, 47, 7.11 W
1788686476.133603841,0 %, 1690 MHz, 47, 7.11 W
1788686476.233547522,0 %, 1690 MHz, 47, 7.11 W
1788686476.334247860,0 %, 1690 MHz, 47, 7.11 W
1788686476.434759862,0 %, 1690 MHz, 47, 7.11 W
1788686476.535218839,0 %, 1690 MHz, 47, 7.11 W
1788686476.635809481,0 %, 1690 MHz, 47, 7.11 W
1788686476.737095548,0 %, 1690 MHz, 47, 7.09 W
1788686476.836703196,0 %, 1690 MHz, 47, 7.09 W
1788686476.937127694,0 %, 1690 MHz, 47, 7.09 W
1788686477.037780048,0 %, 1690 MHz, 47, 7.09 W
1788686477.138053825,0 %, 1690 MHz, 47, 7.09 W
1788686477.238283203,0 %, 1690 MHz, 47, 7.08 W
1788686477.338792437,0 %, 1690 MHz, 47, 7.08 W
1788686477.439725927,0 %, 1690 MHz, 47, 7.08 W
1788686477.539160375,0 %, 1690 MHz, 47, 7.08 W
1788686477.639157752,0 %, 1690 MHz, 47, 7.08 W
1788686477.739335194,0 %, 1690 MHz, 47, 7.11 W
1788686477.840437644,0 %, 1690 MHz, 47, 7.11 W
1788686477.940890350,0 %, 1690 MHz, 47, 7.11 W
1788686478.041368016,0 %, 1690 MHz, 47, 7.11 W
1788686478.141829537,0 %, 1690 MHz, 47, 7.11 W
1788686478.242276643,0 %, 1690 MHz, 47, 7.13 W
1788686478.342792581,0 %, 1690 MHz, 47, 7.13 W
1788686478.443254999,0 %, 1690 MHz, 47, 7.13 W
1788686478.543718376,0 %, 1690 MHz, 47, 7.13 W
1788686478.644183850,0 %, 1690 MHz, 47, 7.13 W
1788686478.744528124,0 %, 1690 MHz, 47, 7.16 W
1788686478.844930013,0 %, 1690 MHz, 47, 7.16 W
1788686478.945587279,0 %, 1690 MHz, 47, 7.16 W
1788686479.045925649,0 %, 1690 MHz, 47, 7.16 W
1788686479.146620323,0 %, 1690 MHz, 47, 7.16 W
1788686479.246923748,0 %, 1690 MHz, 47, 7.14 W
1788686479.347569815,0 %, 1690 MHz, 47, 7.14 W
1788686479.447238759,0 %, 1690 MHz, 47, 7.14 W
1788686479.548115914,0 %, 1690 MHz, 47, 7.14 W
1788686479.648024059,0 %, 1690 MHz, 47, 7.14 W
1788686479.748616557,0 %, 1690 MHz, 47, 7.10 W
1788686479.848735726,0 %, 1690 MHz, 47, 7.10 W
1788686479.949124736,0 %, 1690 MHz, 47, 7.10 W
1788686480.049621474,0 %, 1690 MHz, 47, 7.10 W
1788686480.149603651,0 %, 1690 MHz, 47, 7.10 W
1788686480.250249269,0 %, 1690 MHz, 47, 7.10 W
1788686480.350417207,0 %, 1690 MHz, 47, 7.10 W
1788686480.450492504,0 %, 1690 MHz, 47, 7.10 W
1788686480.550955114,0 %, 1690 MHz, 47, 7.10 W
1788686480.651145259,0 %, 1690 MHz, 47, 7.10 W
1788686480.751731725,0 %, 1690 MHz, 47, 7.13 W
1788686480.852118143,0 %, 1690 MHz, 47, 7.13 W
1788686480.952756529,0 %, 1690 MHz, 47, 7.13 W
1788686481.052666082,0 %, 1690 MHz, 47, 7.13 W
1788686481.153187476,0 %, 1690 MHz, 47, 7.13 W
1788686481.253683590,0 %, 1690 MHz, 47, 7.09 W
1788686481.354554745,0 %, 1690 MHz, 47, 7.09 W
1788686481.455041467,0 %, 1690 MHz, 47, 7.09 W
1788686481.555502748,0 %, 1690 MHz, 47, 7.09 W
1788686481.656039262,0 %, 1690 MHz, 47, 7.09 W
1788686481.756624752,0 %, 1690 MHz, 47, 7.07 W
1788686481.856735474,0 %, 1690 MHz, 47, 7.07 W
1788686481.957377460,0 %, 1690 MHz, 47, 7.07 W
1788686482.057609206,0 %, 1690 MHz, 47, 7.07 W
1788686482.157923431,0 %, 1690 MHz, 47, 7.07 W
1788686482.258573866,0 %, 1690 MHz, 47, 7.10 W
1788686482.358945995,0 %, 1690 MHz, 47, 7.10 W
1788686482.459511022,0 %, 1690 MHz, 47, 7.10 W
1788686482.559923647,0 %, 1690 MHz, 47, 7.10 W
1788686482.660440785,0 %, 1690 MHz, 47, 7.10 W
1788686482.760935091,0 %, 1690 MHz, 47, 7.08 W
1788686482.860864853,0 %, 1690 MHz, 47, 7.08 W
1788686482.961645831,0 %, 1690 MHz, 47, 7.08 W
1788686483.061894297,0 %, 1690 MHz, 47, 7.08 W
1788686483.162583899,0 %, 1690 MHz, 47, 7.08 W
1788686483.262906445,0 %, 1690 MHz, 47, 7.05 W
1788686483.362968382,0 %, 1690 MHz, 47, 7.05 W
1788686483.463742001,0 %, 1690 MHz, 47, 7.05 W
1788686483.564191619,0 %, 1690 MHz, 47, 7.05 W
1788686483.664622181,0 %, 1690 MHz, 47, 7.05 W
1788686483.764933511,0 %, 1690 MHz, 47, 7.04 W
1788686483.865312872,0 %, 1690 MHz, 47, 7.04 W
1788686483.966118603,0 %, 1690 MHz, 47, 7.04 W
1788686484.066485645,0 %, 1690 MHz, 47, 7.04 W
1788686484.166714367,0 %, 1690 MHz, 47, 7.04 W
1788686484.266491392,0 %, 1690 MHz, 47, 7.02 W
1788686484.366958050,0 %, 1690 MHz, 47, 7.02 W
1788686484.466605859,0 %, 1690 MHz, 47, 7.02 W
1788686484.567405797,0 %, 1690 MHz, 47, 7.02 W
1788686484.667738295,0 %, 1690 MHz, 47, 7.02 W
1788686484.768505130,0 %, 1690 MHz, 47, 7.03 W
1788686484.868855196,0 %, 1690 MHz, 47, 7.03 W
1788686484.969092781,0 %, 1690 MHz, 47, 7.03 W
1788686485.069364751,0 %, 1690 MHz, 47, 7.03 W
1788686485.169867201,0 %, 1690 MHz, 47, 7.03 W
1788686485.270311412,0 %, 1690 MHz, 47, 7.05 W
1788686485.370828646,0 %, 1690 MHz, 47, 7.05 W
1788686485.471269320,0 %, 1690 MHz, 47, 7.05 W
1788686485.571737594,0 %, 1690 MHz, 47, 7.05 W
1788686485.672176508,0 %, 1690 MHz, 47, 7.05 W
1788686485.772599854,0 %, 1690 MHz, 47, 7.09 W
1788686485.873139632,0 %, 1690 MHz, 47, 7.09 W
1788686485.973055874,0 %, 1690 MHz, 47, 7.09 W
1788686486.073426164,0 %, 1690 MHz, 47, 7.09 W
1788686486.173427701,0 %, 1690 MHz, 47, 7.09 W
1788686486.273151175,0 %, 1690 MHz, 47, 7.16 W
1788686486.373471993,0 %, 1690 MHz, 47, 7.16 W
1788686486.474242955,0 %, 1690 MHz, 47, 7.16 W
1788686486.574158461,0 %, 1690 MHz, 47, 7.16 W
1788686486.674919743,0 %, 1690 MHz, 47, 7.16 W
1788686486.775355313,0 %, 1690 MHz, 47, 7.16 W
1788686486.875142387,0 %, 1690 MHz, 47, 7.16 W
1788686486.975217956,0 %, 1690 MHz, 47, 7.16 W
1788686487.075715351,0 %, 1690 MHz, 47, 7.16 W
1788686487.176155033,0 %, 1690 MHz, 47, 7.16 W
1788686487.276687019,0 %, 1690 MHz, 47, 7.14 W
1788686487.377090637,0 %, 1690 MHz, 47, 7.14 W
1788686487.477562784,0 %, 1690 MHz, 47, 7.14 W
1788686487.578015058,0 %, 1690 MHz, 47, 7.14 W
1788686487.678681508,0 %, 1690 MHz, 47, 7.14 W
1788686487.779190358,0 %, 1690 MHz, 47, 7.14 W
1788686487.879898729,0 %, 1690 MHz, 47, 7.14 W
1788686487.979879675,0 %, 1690 MHz, 47, 7.14 W
1788686488.080096717,0 %, 1690 MHz, 47, 7.14 W
1788686488.180714703,0 %, 1690 MHz, 47, 7.14 W
1788686488.281045009,0 %, 1690 MHz, 47, 7.14 W
1788686488.381267683,0 %, 1690 MHz, 47, 7.14 W
1788686488.481684981,0 %, 1690 MHz, 47, 7.14 W
1788686488.581675671,0 %, 1690 MHz, 47, 7.14 W
1788686488.682101385,0 %, 1690 MHz, 47, 7.14 W
1788686488.782316843,0 %, 1690 MHz, 47, 7.15 W
1788686488.882862606,0 %, 1690 MHz, 47, 7.15 W
1788686488.983389632,0 %, 1690 MHz, 47, 7.15 W
1788686489.083822610,0 %, 1690 MHz, 47, 7.15 W
1788686489.184209364,0 %, 1690 MHz, 47, 7.15 W
1788686489.284274886,0 %, 1690 MHz, 47, 7.16 W
1788686489.384945737,0 %, 1690 MHz, 47, 7.16 W
1788686489.485325419,0 %, 1690 MHz, 47, 7.16 W
1788686489.585412653,0 %, 1690 MHz, 47, 7.16 W
1788686489.685976527,0 %, 1690 MHz, 47, 7.16 W
1788686489.786467954,0 %, 1690 MHz, 47, 7.13 W
1788686489.886899620,0 %, 1690 MHz, 47, 7.13 W
1788686489.987396502,0 %, 1690 MHz, 47, 7.13 W
1788686490.087912761,0 %, 1690 MHz, 47, 7.13 W
1788686490.187906091,0 %, 1690 MHz, 47, 7.13 W
1788686490.288510621,0 %, 1690 MHz, 47, 7.14 W
1788686490.388913503,0 %, 1690 MHz, 47, 7.14 W
1788686490.489139281,0 %, 1690 MHz, 47, 7.14 W
1788686490.589620564,0 %, 1690 MHz, 47, 7.14 W
1788686490.690134838,0 %, 1690 MHz, 47, 7.14 W
1788686490.790486440,0 %, 1690 MHz, 47, 7.15 W
1788686490.890887547,0 %, 1690 MHz, 47, 7.15 W
1788686490.991090925,0 %, 1690 MHz, 47, 7.15 W
1788686491.091338495,0 %, 1690 MHz, 47, 7.15 W
1788686491.191910498,0 %, 1690 MHz, 47, 7.15 W
1788686491.292018371,0 %, 1690 MHz, 47, 7.11 W
1788686491.392508054,0 %, 1690 MHz, 47, 7.11 W
1788686491.492919288,0 %, 1690 MHz, 47, 7.11 W
1788686491.593386843,0 %, 1690 MHz, 47, 7.11 W
1788686491.693858429,0 %, 1690 MHz, 47, 7.11 W
1788686491.794326256,0 %, 1690 MHz, 47, 7.11 W
1788686491.894791682,0 %, 1690 MHz, 47, 7.11 W
1788686491.995236292,0 %, 1690 MHz, 47, 7.11 W
1788686492.095706503,0 %, 1690 MHz, 47, 7.11 W
1788686492.196182617,0 %, 1690 MHz, 47, 7.11 W
1788686492.296622620,0 %, 1690 MHz, 47, 7.14 W
1788686492.397118222,0 %, 1690 MHz, 47, 7.14 W
1788686492.497561425,0 %, 1690 MHz, 47, 7.14 W
1788686492.598043747,0 %, 1690 MHz, 47, 7.14 W
1788686492.698232565,0 %, 1690 MHz, 47, 7.14 W
1788686492.798108567,0 %, 1690 MHz, 47, 7.17 W
1788686492.898810634,0 %, 1690 MHz, 47, 7.17 W
1788686492.998708476,0 %, 1690 MHz, 47, 7.17 W
1788686493.098775966,0 %, 1690 MHz, 47, 7.17 W
1788686493.198919472,0 %, 1690 MHz, 47, 7.17 W
1788686493.299538339,0 %, 1690 MHz, 47, 7.19 W
1788686493.400042597,0 %, 1690 MHz, 47, 7.19 W
1788686493.500228231,0 %, 1690 MHz, 47, 7.19 W
1788686493.600720330,0 %, 1690 MHz, 47, 7.19 W
1788686493.701168444,0 %, 1690 MHz, 47, 7.19 W
1788686493.801659551,0 %, 1690 MHz, 47, 7.16 W
1788686493.902143698,0 %, 1690 MHz, 47, 7.16 W
1788686494.002558996,0 %, 1690 MHz, 47, 7.16 W
1788686494.102745030,0 %, 1690 MHz, 47, 7.16 W
1788686494.203255657,0 %, 1690 MHz, 47, 7.16 W
1788686494.303457259,0 %, 1690 MHz, 47, 7.12 W
1788686494.403959150,0 %, 1690 MHz, 47, 7.12 W
1788686494.504142128,0 %, 1690 MHz, 47, 7.12 W
1788686494.604377010,0 %, 1690 MHz, 47, 7.12 W
1788686494.704858645,0 %, 1690 MHz, 47, 7.12 W
1788686494.805285767,0 %, 1690 MHz, 47, 7.13 W
1788686494.905793018,0 %, 1690 MHz, 47, 7.13 W
1788686495.006291853,0 %, 1690 MHz, 47, 7.13 W
1788686495.106708991,0 %, 1690 MHz, 47, 7.13 W
1788686495.207165154,0 %, 1690 MHz, 47, 7.15 W
1788686495.307366004,0 %, 1690 MHz, 47, 7.15 W
1788686495.407807751,0 %, 1690 MHz, 47, 7.15 W
1788686495.508250089,0 %, 1690 MHz, 47, 7.15 W
1788686495.608708332,0 %, 1690 MHz, 47, 7.15 W
1788686495.709224351,0 %, 1690 MHz, 47, 7.14 W
1788686495.809725617,0 %, 1690 MHz, 47, 7.14 W
1788686495.910164324,0 %, 1690 MHz, 47, 7.14 W
1788686496.010588439,0 %, 1690 MHz, 47, 7.14 W
1788686496.110604009,0 %, 1690 MHz, 47, 7.14 W
1788686496.211329724,0 %, 1690 MHz, 47, 7.16 W
1788686496.311844254,0 %, 1690 MHz, 47, 7.16 W
1788686496.412296449,0 %, 1690 MHz, 47, 7.16 W
1788686496.512495139,0 %, 1690 MHz, 47, 7.16 W
1788686496.612947670,0 %, 1690 MHz, 47, 7.16 W
1788686496.713417033,0 %, 1690 MHz, 47, 7.18 W
1788686496.813904843,0 %, 1690 MHz, 47, 7.18 W
1788686496.914337582,0 %, 1690 MHz, 47, 7.18 W
1788686497.014859009,0 %, 1690 MHz, 47, 7.18 W
1788686497.115293108,0 %, 1690 MHz, 47, 7.18 W
1788686497.215738534,0 %, 1690 MHz, 47, 7.16 W
1788686497.316161769,0 %, 1690 MHz, 47, 7.16 W
1788686497.416653596,0 %, 1690 MHz, 47, 7.16 W
1788686497.517210846,0 %, 1690 MHz, 47, 7.16 W
1788686497.617537377,0 %, 1690 MHz, 47, 7.16 W
1788686497.718046260,0 %, 1690 MHz, 47, 7.17 W
1788686497.818525543,0 %, 1690 MHz, 47, 7.17 W
1788686497.919060857,0 %, 1690 MHz, 47, 7.17 W
1788686498.019453532,0 %, 1690 MHz, 47, 7.17 W
1788686498.119914063,0 %, 1690 MHz, 47, 7.17 W
1788686498.220421074,0 %, 1690 MHz, 47, 7.21 W
1788686498.320858660,0 %, 1690 MHz, 47, 7.21 W
1788686498.421358055,0 %, 1690 MHz, 47, 7.21 W
1788686498.521833114,0 %, 1690 MHz, 47, 7.21 W
1788686498.622252317,0 %, 1690 MHz, 47, 7.21 W
1788686498.722731728,0 %, 1690 MHz, 47, 7.24 W
1788686498.823229314,0 %, 1690 MHz, 47, 7.24 W
1788686498.923405205,0 %, 1690 MHz, 47, 7.24 W
1788686499.023853847,0 %, 1690 MHz, 47, 7.24 W
1788686499.123887034,0 %, 1690 MHz, 47, 7.24 W
1788686499.224450173,0 %, 1690 MHz, 47, 7.28 W
1788686499.324849711,0 %, 1690 MHz, 47, 7.28 W
1788686499.425378674,0 %, 1690 MHz, 47, 7.28 W
1788686499.525855941,0 %, 1690 MHz, 47, 7.28 W
1788686499.626085336,0 %, 1690 MHz, 47, 7.28 W
1788686499.726500763,0 %, 1690 MHz, 47, 7.28 W
1788686499.826847869,0 %, 1690 MHz, 47, 7.28 W
1788686499.927099328,0 %, 1690 MHz, 47, 7.28 W
1788686500.027379858,0 %, 1690 MHz, 47, 7.28 W
1788686500.127806549,0 %, 1690 MHz, 47, 7.28 W
1788686500.228290456,0 %, 1690 MHz, 47, 7.25 W
1788686500.328720667,0 %, 1690 MHz, 47, 7.25 W
1788686500.429243310,0 %, 1690 MHz, 47, 7.25 W
1788686500.529456705,0 %, 1690 MHz, 47, 7.25 W
1788686500.629926723,0 %, 1690 MHz, 47, 7.25 W
1788686500.730382294,0 %, 1690 MHz, 47, 7.19 W
1788686500.830834713,0 %, 1690 MHz, 47, 7.19 W
1788686500.931302540,0 %, 1690 MHz, 47, 7.19 W
1788686501.031792639,0 %, 1690 MHz, 47, 7.19 W
1788686501.132246610,0 %, 1690 MHz, 47, 7.19 W
1788686501.232705365,0 %, 1690 MHz, 47, 7.16 W
1788686501.333161976,0 %, 1690 MHz, 47, 7.16 W
1788686501.433428810,0 %, 1690 MHz, 47, 7.16 W
1788686501.534039310,0 %, 1690 MHz, 47, 7.16 W
1788686501.634325440,0 %, 1690 MHz, 47, 7.16 W
1788686501.734959507,0 %, 1690 MHz, 47, 7.19 W
1788686501.835245558,0 %, 1690 MHz, 47, 7.19 W
1788686501.935395689,0 %, 1690 MHz, 47, 7.19 W
1788686502.035840012,0 %, 1690 MHz, 47, 7.19 W
1788686502.136279471,0 %, 1690 MHz, 47, 7.19 W
1788686502.236808674,0 %, 1690 MHz, 47, 7.17 W
1788686502.337232453,0 %, 1690 MHz, 47, 7.17 W
1788686502.437681175,0 %, 1690 MHz, 47, 7.17 W
1788686502.537831754,0 %, 1690 MHz, 47, 7.17 W
1788686502.637927533,0 %, 1690 MHz, 47, 7.17 W
1788686502.738445008,0 %, 1690 MHz, 47, 7.14 W
1788686502.838923635,0 %, 1690 MHz, 47, 7.14 W
1788686502.939397110,0 %, 1690 MHz, 47, 7.14 W
1788686503.039482568,0 %, 1690 MHz, 47, 7.14 W
1788686503.139511099,0 %, 1690 MHz, 47, 7.14 W
1788686503.240097806,0 %, 1690 MHz, 47, 7.15 W
1788686503.340617057,0 %, 1690 MHz, 47, 7.15 W
1788686503.441049876,0 %, 1690 MHz, 47, 7.15 W
1788686503.541122599,0 %, 1690 MHz, 47, 7.15 W
1788686503.641486810,0 %, 1690 MHz, 47, 7.15 W
1788686503.742005117,0 %, 1690 MHz, 47, 7.14 W
1788686503.842036831,0 %, 1690 MHz, 47, 7.14 W
1788686503.942160306,0 %, 1690 MHz, 47, 7.14 W
1788686504.042525813,0 %, 1690 MHz, 47, 7.14 W
1788686504.142938344,0 %, 1690 MHz, 47, 7.14 W
1788686504.243027610,0 %, 1690 MHz, 47, 7.13 W
1788686504.343699662,0 %, 1690 MHz, 47, 7.13 W
1788686504.444172033,0 %, 1690 MHz, 47, 7.13 W
1788686504.544374356,0 %, 1690 MHz, 47, 7.13 W
1788686504.644524070,0 %, 1690 MHz, 47, 7.13 W
1788686504.744850825,0 %, 1690 MHz, 47, 7.13 W
1788686504.845135132,0 %, 1690 MHz, 47, 7.13 W
1788686504.945559327,0 %, 1690 MHz, 47, 7.13 W
1788686505.046009314,0 %, 1690 MHz, 47, 7.13 W
1788686505.146109733,0 %, 1690 MHz, 47, 7.13 W
1788686505.246623032,0 %, 1690 MHz, 47, 7.14 W
1788686505.346986187,0 %, 1690 MHz, 47, 7.14 W
1788686505.447394590,0 %, 1690 MHz, 47, 7.14 W
1788686505.547867617,0 %, 1690 MHz, 47, 7.14 W
1788686505.648326132,0 %, 1690 MHz, 47, 7.14 W
1788686505.748868968,0 %, 1690 MHz, 47, 7.14 W
1788686505.849254795,0 %, 1690 MHz, 47, 7.14 W
1788686505.949572398,0 %, 1690 MHz, 47, 7.14 W
1788686506.049987697,0 %, 1690 MHz, 47, 7.14 W
1788686506.150461652,0 %, 1690 MHz, 47, 7.14 W
1788686506.250925943,0 %, 1690 MHz, 47, 7.12 W
1788686506.351422298,0 %, 1690 MHz, 47, 7.12 W
1788686506.451912750,0 %, 1690 MHz, 47, 7.12 W
1788686506.551764832,0 %, 1690 MHz, 47, 7.12 W
1788686506.651615714,0 %, 1690 MHz, 47, 7.12 W
1788686506.751994326,0 %, 1690 MHz, 47, 7.13 W
1788686506.852572473,0 %, 1690 MHz, 47, 7.13 W
1788686506.953102108,0 %, 1690 MHz, 47, 7.13 W
1788686507.053531087,0 %, 1690 MHz, 47, 7.13 W
1788686507.154024643,0 %, 1690 MHz, 47, 7.13 W
1788686507.254493830,0 %, 1690 MHz, 47, 7.16 W
1788686507.354960489,0 %, 1690 MHz, 47, 7.16 W
1788686507.455059580,0 %, 1690 MHz, 47, 7.16 W
1788686507.555428079,0 %, 1690 MHz, 47, 7.16 W
1788686507.655329410,0 %, 1690 MHz, 47, 7.16 W
1788686507.755917525,0 %, 1690 MHz, 47, 7.16 W
1788686507.856442696,0 %, 1690 MHz, 47, 7.16 W
1788686507.956099146,0 %, 1690 MHz, 47, 7.16 W
1788686508.055960637,0 %, 1690 MHz, 47, 7.16 W
1788686508.156386048,0 %, 1690 MHz, 47, 7.16 W
1788686508.257020484,0 %, 1690 MHz, 47, 7.18 W
1788686508.357348855,0 %, 1690 MHz, 47, 7.18 W
1788686508.457845802,0 %, 1690 MHz, 47, 7.18 W
1788686508.558296861,0 %, 1690 MHz, 47, 7.18 W
1788686508.658779825,0 %, 1690 MHz, 47, 7.18 W
1788686508.759248388,0 %, 1690 MHz, 47, 7.18 W
1788686508.859731687,0 %, 1690 MHz, 47, 7.18 W
1788686508.960188795,0 %, 1690 MHz, 47, 7.18 W
1788686509.060570654,0 %, 1690 MHz, 47, 7.18 W
1788686509.161090289,0 %, 1690 MHz, 47, 7.18 W
1788686509.261579205,0 %, 1690 MHz, 47, 7.16 W
1788686509.362081544,0 %, 1690 MHz, 47, 7.16 W
1788686509.462316443,0 %, 1690 MHz, 47, 7.16 W
1788686509.562861582,0 %, 1690 MHz, 47, 7.16 W
1788686509.663297506,0 %, 1690 MHz, 47, 7.16 W
1788686509.763759781,0 %, 1690 MHz, 47, 7.14 W
1788686509.864177080,0 %, 1690 MHz, 47, 7.14 W
1788686509.964720476,0 %, 1690 MHz, 47, 7.14 W
1788686510.065132223,0 %, 1690 MHz, 47, 7.14 W
1788686510.165363682,0 %, 1690 MHz, 47, 7.14 W
1788686510.265863238,0 %, 1690 MHz, 47, 7.15 W
1788686510.366316041,0 %, 1690 MHz, 47, 7.15 W
1788686510.466369420,0 %, 1690 MHz, 47, 7.15 W
1788686510.567062351,0 %, 1690 MHz, 47, 7.15 W
1788686510.667503203,0 %, 1690 MHz, 47, 7.15 W
1788686510.767341318,0 %, 1690 MHz, 47, 7.18 W
1788686510.868187193,0 %, 1690 MHz, 47, 7.18 W
1788686510.968622173,0 %, 1690 MHz, 47, 7.18 W
1788686511.069112096,0 %, 1690 MHz, 47, 7.18 W
1788686511.169542339,0 %, 1690 MHz, 47, 7.18 W
1788686511.269946583,0 %, 1690 MHz, 47, 7.20 W
1788686511.370401402,0 %, 1690 MHz, 47, 7.20 W
1788686511.470912606,0 %, 1690 MHz, 47, 7.20 W
1788686511.571358273,0 %, 1690 MHz, 47, 7.20 W
1788686511.671409684,0 %, 1690 MHz, 47, 7.20 W
1788686511.771445255,0 %, 1690 MHz, 47, 7.19 W
1788686511.871430346,0 %, 1690 MHz, 47, 7.19 W
1788686511.972202606,0 %, 1690 MHz, 47, 7.19 W
1788686512.072475057,0 %, 1690 MHz, 47, 7.19 W
1788686512.172970836,0 %, 1690 MHz, 47, 7.19 W
1788686512.273447784,0 %, 1690 MHz, 47, 7.18 W
1788686512.373885755,0 %, 1690 MHz, 47, 7.18 W
1788686512.474181647,0 %, 1690 MHz, 47, 7.18 W
1788686512.574642418,0 %, 1690 MHz, 47, 7.18 W
1788686512.674625109,0 %, 1690 MHz, 47, 7.18 W
1788686512.775558665,0 %, 1690 MHz, 47, 7.17 W
1788686512.875946364,0 %, 1690 MHz, 47, 7.17 W
1788686512.976360416,0 %, 1690 MHz, 47, 7.17 W
1788686513.076843475,0 %, 1690 MHz, 47, 7.17 W
1788686513.177261207,0 %, 1690 MHz, 47, 7.17 W
1788686513.277484634,0 %, 1690 MHz, 47, 7.22 W
1788686513.377945918,0 %, 1690 MHz, 47, 7.22 W
1788686513.478453665,0 %, 1690 MHz, 47, 7.22 W
1788686513.578905093,0 %, 1690 MHz, 47, 7.22 W
1788686513.679351992,0 %, 1690 MHz, 47, 7.22 W
1788686513.779846476,0 %, 1690 MHz, 47, 7.23 W
1788686513.880277855,0 %, 1690 MHz, 47, 7.23 W
1788686513.980596179,0 %, 1690 MHz, 47, 7.23 W
1788686514.081014022,0 %, 1690 MHz, 47, 7.23 W
1788686514.180887369,0 %, 1690 MHz, 47, 7.23 W
1788686514.281570429,0 %, 1690 MHz, 48, 7.18 W
1788686514.381613840,0 %, 1690 MHz, 48, 7.18 W
1788686514.482260884,0 %, 1690 MHz, 48, 7.18 W
1788686514.582597815,0 %, 1690 MHz, 48, 7.18 W
1788686514.683025483,0 %, 1690 MHz, 48, 7.18 W
1788686514.783662447,0 %, 1690 MHz, 48, 7.17 W
1788686514.884140498,0 %, 1690 MHz, 48, 7.17 W
1788686514.984284885,0 %, 1690 MHz, 48, 7.17 W
1788686515.084887497,0 %, 1690 MHz, 48, 7.17 W
1788686515.185295549,0 %, 1690 MHz, 48, 7.17 W
1788686515.285011279,0 %, 1690 MHz, 48, 7.18 W
1788686515.385231571,0 %, 1690 MHz, 48, 7.18 W
1788686515.486147831,0 %, 1690 MHz, 48, 7.18 W
1788686515.586258074,0 %, 1690 MHz, 48, 7.18 W
1788686515.686870302,0 %, 1690 MHz, 48, 7.18 W
1788686515.787133441,0 %, 1690 MHz, 48, 7.15 W
1788686515.887545557,0 %, 1690 MHz, 48, 7.15 W
1788686515.987777912,0 %, 1690 MHz, 48, 7.15 W
1788686516.088262956,0 %, 1690 MHz, 48, 7.15 W
1788686516.188680096,0 %, 1690 MHz, 48, 7.15 W
1788686516.289146387,0 %, 1690 MHz, 48, 7.12 W
1788686516.389650919,0 %, 1690 MHz, 48, 7.12 W
1788686516.490097499,0 %, 1690 MHz, 48, 7.12 W
1788686516.590553342,0 %, 1690 MHz, 48, 7.12 W
1788686516.691080066,0 %, 1690 MHz, 48, 7.12 W
1788686516.791240341,0 %, 1690 MHz, 48, 7.09 W
1788686516.891731833,0 %, 1690 MHz, 48, 7.09 W
1788686516.992174589,0 %, 1690 MHz, 48, 7.09 W
1788686517.092644720,0 %, 1690 MHz, 48, 7.09 W
1788686517.192859892,0 %, 1690 MHz, 48, 7.09 W
1788686517.293305848,0 %, 1690 MHz, 48, 7.06 W
1788686517.393219579,0 %, 1690 MHz, 48, 7.06 W
1788686517.494129551,0 %, 1690 MHz, 48, 7.06 W
1788686517.594051810,0 %, 1690 MHz, 48, 7.06 W
1788686517.694652918,0 %, 1690 MHz, 48, 7.06 W
1788686517.795179434,0 %, 1690 MHz, 48, 7.06 W
1788686517.895604781,0 %, 1690 MHz, 48, 7.06 W
1788686517.996071585,0 %, 1690 MHz, 48, 7.06 W
1788686518.096534645,0 %, 1690 MHz, 48, 7.06 W
1788686518.197052121,0 %, 1690 MHz, 48, 7.06 W
1788686518.297466444,0 %, 1690 MHz, 48, 7.08 W
1788686518.398144816,0 %, 1690 MHz, 48, 7.08 W
1788686518.498422324,0 %, 1690 MHz, 48, 7.08 W
1788686518.598927336,0 %, 1690 MHz, 48, 7.08 W
1788686518.699349244,0 %, 1690 MHz, 48, 7.08 W
1788686518.799852671,0 %, 1690 MHz, 48, 7.09 W
1788686518.900316339,0 %, 1690 MHz, 48, 7.09 W
1788686519.000360262,0 %, 1690 MHz, 48, 7.09 W
1788686519.100978346,0 %, 1690 MHz, 48, 7.09 W
1788686519.201413166,0 %, 1690 MHz, 48, 7.09 W
1788686519.301934130,0 %, 1690 MHz, 48, 7.09 W
1788686519.402200182,0 %, 1690 MHz, 48, 7.09 W
1788686519.502638345,0 %, 1690 MHz, 48, 7.09 W
1788686519.603080365,0 %, 1690 MHz, 48, 7.09 W
1788686519.703570801,0 %, 1690 MHz, 48, 7.09 W
1788686519.804043717,0 %, 1690 MHz, 48, 7.12 W
1788686519.904549257,0 %, 1690 MHz, 48, 7.12 W
1788686520.004613148,0 %, 1690 MHz, 48, 7.12 W
1788686520.105172800,0 %, 1690 MHz, 48, 7.12 W
1788686520.205650068,0 %, 1690 MHz, 48, 7.12 W
1788686520.306158392,0 %, 1690 MHz, 48, 7.15 W
1788686520.406411612,0 %, 1690 MHz, 48, 7.15 W
1788686520.506938928,0 %, 1690 MHz, 48, 7.15 W
1788686520.607367811,0 %, 1690 MHz, 48, 7.15 W
1788686520.707895559,0 %, 1690 MHz, 48, 7.17 W
1788686520.808266811,0 %, 1690 MHz, 48, 7.17 W
1788686520.908506399,0 %, 1690 MHz, 48, 7.17 W
1788686521.008598402,0 %, 1690 MHz, 48, 7.17 W
1788686521.108775094,0 %, 1690 MHz, 48, 7.17 W
1788686521.209279370,0 %, 1690 MHz, 48, 7.18 W
1788686521.309840094,0 %, 1690 MHz, 48, 7.18 W
1788686521.409756929,0 %, 1690 MHz, 48, 7.18 W
1788686521.510417525,0 %, 1690 MHz, 48, 7.18 W
1788686521.610983209,0 %, 1690 MHz, 48, 7.18 W
1788686521.711318493,0 %, 1690 MHz, 48, 7.18 W
1788686521.811832433,0 %, 1690 MHz, 48, 7.18 W
1788686521.912232629,0 %, 1690 MHz, 48, 7.18 W
1788686522.012330312,0 %, 1690 MHz, 48, 7.18 W
1788686522.112977068,0 %, 1690 MHz, 48, 7.18 W
1788686522.213375520,0 %, 1690 MHz, 48, 7.17 W
1788686522.313907060,0 %, 1690 MHz, 48, 7.17 W
1788686522.414331112,0 %, 1690 MHz, 48, 7.17 W
1788686522.514806700,0 %, 1690 MHz, 48, 7.17 W
1788686522.615287920,0 %, 1690 MHz, 48, 7.17 W
1788686522.715336868,0 %, 1690 MHz, 48, 7.18 W
1788686522.815974360,0 %, 1690 MHz, 48, 7.18 W
1788686522.916584188,0 %, 1690 MHz, 48, 7.18 W
1788686523.016907504,0 %, 1690 MHz, 48, 7.18 W
1788686523.117317924,0 %, 1690 MHz, 48, 7.18 W
1788686523.217853720,0 %, 1690 MHz, 48, 7.14 W
1788686523.318315916,0 %, 1690 MHz, 48, 7.14 W
1788686523.418766896,0 %, 1690 MHz, 48, 7.14 W
1788686523.519223012,0 %, 1690 MHz, 48, 7.14 W
1788686523.619740600,0 %, 1690 MHz, 48, 7.14 W
1788686523.719998172,0 %, 1690 MHz, 48, 7.12 W
1788686523.820682592,0 %, 1690 MHz, 48, 7.12 W
1788686523.920772804,0 %, 1690 MHz, 48, 7.12 W
1788686524.021336120,0 %, 1690 MHz, 48, 7.12 W
1788686524.121842748,0 %, 1690 MHz, 48, 7.12 W
1788686524.221859567,0 %, 1690 MHz, 48, 7.15 W
1788686524.322386212,0 %, 1690 MHz, 48, 7.15 W
1788686524.422877912,0 %, 1690 MHz, 48, 7.15 W
1788686524.523474012,0 %, 1690 MHz, 48, 7.15 W
1788686524.623833040,0 %, 1690 MHz, 48, 7.15 W
1788686524.724252388,0 %, 1690 MHz, 48, 7.14 W
1788686524.824833400,0 %, 1690 MHz, 48, 7.14 W
1788686524.925240636,0 %, 1690 MHz, 48, 7.14 W
1788686525.025352048,0 %, 1690 MHz, 48, 7.14 W
1788686525.125887412,0 %, 1690 MHz, 48, 7.14 W
1788686525.226356808,0 %, 1690 MHz, 48, 7.13 W
1788686525.326846492,0 %, 1690 MHz, 48, 7.13 W
1788686525.427375216,0 %, 1690 MHz, 48, 7.13 W
1788686525.527765332,0 %, 1690 MHz, 48, 7.13 W
1788686525.627895320,0 %, 1690 MHz, 48, 7.13 W
1788686525.728484684,0 %, 1690 MHz, 48, 7.15 W
1788686525.828525744,0 %, 1690 MHz, 48, 7.15 W
1788686525.928842708,0 %, 1690 MHz, 48, 7.15 W
1788686526.029229672,0 %, 1690 MHz, 48, 7.15 W
1788686526.129734524,0 %, 1690 MHz, 48, 7.15 W
1788686526.230157808,0 %, 1690 MHz, 48, 7.16 W
1788686526.330669060,0 %, 1690 MHz, 48, 7.16 W
1788686526.431116297,0 %, 1690 MHz, 48, 7.16 W
1788686526.531394733,0 %, 1690 MHz, 48, 7.16 W
1788686526.631892129,0 %, 1690 MHz, 48, 7.16 W
1788686526.732821702,0 %, 1690 MHz, 48, 7.13 W
1788686526.832655993,0 %, 1690 MHz, 48, 7.13 W
1788686526.932790317,0 %, 1690 MHz, 48, 7.13 W
1788686527.032781616,0 %, 1690 MHz, 48, 7.13 W
1788686527.132638084,0 %, 1690 MHz, 48, 7.13 W
1788686527.233255016,0 %, 1690 MHz, 48, 7.16 W
1788686527.333502140,0 %, 1690 MHz, 48, 7.16 W
1788686527.434009408,0 %, 1690 MHz, 48, 7.16 W
1788686527.534464005,0 %, 1690 MHz, 48, 7.16 W
1788686527.634916969,0 %, 1690 MHz, 48, 7.16 W
1788686527.735404333,0 %, 1690 MHz, 48, 7.17 W
1788686527.835913153,0 %, 1690 MHz, 48, 7.17 W
1788686527.936463622,0 %, 1690 MHz, 48, 7.17 W
1788686528.036524697,0 %, 1690 MHz, 48, 7.17 W
1788686528.137005262,0 %, 1690 MHz, 48, 7.17 W
1788686528.237121266,0 %, 1690 MHz, 48, 7.14 W
1788686528.337664502,0 %, 1690 MHz, 48, 7.14 W
1788686528.438133674,0 %, 1690 MHz, 48, 7.14 W
1788686528.538667327,0 %, 1690 MHz, 48, 7.14 W
1788686528.639060803,0 %, 1690 MHz, 48, 7.14 W
1788686528.739530727,0 %, 1690 MHz, 48, 7.15 W
1788686528.839975755,0 %, 1690 MHz, 48, 7.15 W
1788686528.940363679,0 %, 1690 MHz, 48, 7.15 W
1788686529.040512851,0 %, 1690 MHz, 48, 7.15 W
1788686529.141146504,0 %, 1690 MHz, 48, 7.15 W
1788686529.241604172,0 %, 1690 MHz, 48, 7.15 W
1788686529.342077232,0 %, 1690 MHz, 48, 7.15 W
1788686529.442184404,0 %, 1690 MHz, 48, 7.15 W
1788686529.542406968,0 %, 1690 MHz, 48, 7.15 W
1788686529.642857469,0 %, 1690 MHz, 48, 7.15 W
1788686529.742992128,0 %, 1690 MHz, 48, 7.14 W
1788686529.843190340,0 %, 1690 MHz, 48, 7.14 W
1788686529.943189176,0 %, 1690 MHz, 48, 7.14 W
1788686530.043922861,0 %, 1690 MHz, 48, 7.14 W
1788686530.144393489,0 %, 1690 MHz, 48, 7.14 W
1788686530.244865078,0 %, 1690 MHz, 48, 7.15 W
1788686530.345132106,0 %, 1690 MHz, 48, 7.15 W
1788686530.445803758,0 %, 1690 MHz, 48, 7.15 W
1788686530.546280067,0 %, 1690 MHz, 48, 7.15 W
1788686530.646441335,0 %, 1690 MHz, 48, 7.15 W
1788686530.746910891,0 %, 1690 MHz, 48, 7.17 W
1788686530.847353087,0 %, 1690 MHz, 48, 7.17 W
1788686530.947915812,0 %, 1690 MHz, 48, 7.17 W
1788686531.048308504,0 %, 1690 MHz, 48, 7.17 W
1788686531.148841197,0 %, 1690 MHz, 48, 7.17 W
1788686531.249290465,0 %, 1690 MHz, 48, 7.16 W
1788686531.349762805,0 %, 1690 MHz, 48, 7.16 W
1788686531.450009674,0 %, 1690 MHz, 48, 7.16 W
1788686531.550424798,0 %, 1690 MHz, 48, 7.16 W
1788686531.650524834,0 %, 1690 MHz, 48, 7.16 W
1788686531.751013302,0 %, 1690 MHz, 48, 7.13 W
1788686531.851440299,0 %, 1690 MHz, 48, 7.13 W
1788686531.951915599,0 %, 1690 MHz, 48, 7.13 W
1788686532.052342435,0 %, 1690 MHz, 48, 7.13 W
1788686532.152806248,0 %, 1690 MHz, 48, 7.13 W
1788686532.253251612,0 %, 1690 MHz, 48, 7.12 W
1788686532.353214512,0 %, 1690 MHz, 48, 7.12 W
1788686532.453575461,0 %, 1690 MHz, 48, 7.12 W
1788686532.553863993,0 %, 1690 MHz, 48, 7.12 W
1788686532.654348685,0 %, 1690 MHz, 48, 7.12 W
1788686532.754658322,0 %, 1690 MHz, 48, 7.16 W
1788686532.854772470,0 %, 1690 MHz, 48, 7.16 W
1788686532.955167914,0 %, 1690 MHz, 48, 7.16 W
1788686533.055638894,0 %, 1690 MHz, 48, 7.16 W
1788686533.156098739,0 %, 1690 MHz, 48, 7.16 W
1788686533.256575511,0 %, 1690 MHz, 48, 7.21 W
1788686533.356780012,0 %, 1690 MHz, 48, 7.21 W
1788686533.457282592,0 %, 1690 MHz, 48, 7.21 W
1788686533.557729541,0 %, 1690 MHz, 48, 7.21 W
1788686533.658167097,0 %, 1690 MHz, 48, 7.21 W
1788686533.758472749,0 %, 1690 MHz, 48, 7.21 W
1788686533.859116322,0 %, 1690 MHz, 48, 7.21 W
1788686533.959536743,0 %, 1690 MHz, 48, 7.21 W
1788686534.060039387,0 %, 1690 MHz, 48, 7.21 W
1788686534.160415696,0 %, 1690 MHz, 48, 7.21 W
1788686534.260953348,0 %, 1690 MHz, 48, 7.19 W
1788686534.361358729,0 %, 1690 MHz, 48, 7.19 W
1788686534.461882189,0 %, 1690 MHz, 48, 7.19 W
1788686534.562289986,0 %, 1690 MHz, 48, 7.19 W
1788686534.662438998,0 %, 1690 MHz, 48, 7.19 W
1788686534.762807226,0 %, 1690 MHz, 48, 7.16 W
1788686534.863173135,0 %, 1690 MHz, 48, 7.16 W
1788686534.963412947,0 %, 1690 MHz, 48, 7.16 W
1788686535.063274775,0 %, 1690 MHz, 48, 7.16 W
1788686535.163897692,0 %, 1690 MHz, 48, 7.16 W
1788686535.264323536,0 %, 1690 MHz, 48, 7.16 W
1788686535.364801301,0 %, 1690 MHz, 48, 7.16 W
1788686535.465261673,0 %, 1690 MHz, 48, 7.16 W
1788686535.565778366,0 %, 1690 MHz, 48, 7.16 W
1788686535.666276723,0 %, 1690 MHz, 48, 7.16 W
1788686535.766672471,0 %, 1690 MHz, 48, 7.16 W
1788686535.867135884,0 %, 1690 MHz, 48, 7.16 W
1788686535.967608032,0 %, 1690 MHz, 48, 7.16 W
1788686536.067806981,0 %, 1690 MHz, 48, 7.16 W
1788686536.168204393,0 %, 1690 MHz, 48, 7.16 W
1788686536.268633406,0 %, 1690 MHz, 48, 7.19 W
1788686536.368865346,0 %, 1690 MHz, 48, 7.19 W
1788686536.469046663,0 %, 1690 MHz, 48, 7.19 W
1788686536.568962235,0 %, 1690 MHz, 48, 7.19 W
1788686536.669660287,0 %, 1690 MHz, 48, 7.19 W
1788686536.770168788,0 %, 1690 MHz, 48, 7.18 W
1788686536.870605865,0 %, 1690 MHz, 48, 7.18 W
1788686536.971081837,0 %, 1690 MHz, 48, 7.18 W
1788686537.071294770,0 %, 1690 MHz, 48, 7.18 W
1788686537.171800759,0 %, 1690 MHz, 48, 7.18 W
1788686537.272239835,0 %, 1690 MHz, 48, 7.11 W
1788686537.372657296,0 %, 1690 MHz, 48, 7.11 W
1788686537.473191445,0 %, 1690 MHz, 48, 7.11 W
1788686537.573636969,0 %, 1690 MHz, 48, 7.11 W
1788686537.674072590,0 %, 1690 MHz, 48, 7.11 W
1788686537.774521139,0 %, 1690 MHz, 48, 7.12 W
1788686537.875042679,0 %, 1690 MHz, 48, 7.12 W
1788686537.975478620,0 %, 1690 MHz, 48, 7.12 W
1788686538.075940289,0 %, 1690 MHz, 48, 7.12 W
1788686538.176026421,0 %, 1690 MHz, 48, 7.12 W
1788686538.276302713,0 %, 1690 MHz, 48, 7.13 W
1788686538.376402078,0 %, 1690 MHz, 48, 7.13 W
1788686538.476211794,0 %, 1690 MHz, 48, 7.13 W
1788686538.576938343,0 %, 1690 MHz, 48, 7.13 W
1788686538.677180955,0 %, 1690 MHz, 48, 7.13 W
1788686538.777975296,0 %, 1690 MHz, 48, 7.10 W
1788686538.878125173,0 %, 1690 MHz, 48, 7.10 W
1788686538.978249689,0 %, 1690 MHz, 48, 7.10 W
1788686539.078718654,0 %, 1690 MHz, 48, 7.10 W
1788686539.179171203,0 %, 1690 MHz, 48, 7.10 W
1788686539.279634343,0 %, 1690 MHz, 48, 7.08 W
1788686539.380124044,0 %, 1690 MHz, 48, 7.08 W
1788686539.480582017,0 %, 1690 MHz, 48, 7.08 W
1788686539.581063398,0 %, 1690 MHz, 48, 7.08 W
1788686539.681506059,0 %, 1690 MHz, 48, 7.08 W
1788686539.781986047,0 %, 1690 MHz, 48, 7.09 W
1788686539.882467332,0 %, 1690 MHz, 48, 7.09 W
1788686539.982604760,0 %, 1690 MHz, 48, 7.09 W
1788686540.083122941,0 %, 1690 MHz, 48, 7.09 W
1788686540.183624946,0 %, 1690 MHz, 48, 7.09 W
1788686540.284061655,0 %, 1690 MHz, 48, 7.07 W
1788686540.384594284,0 %, 1690 MHz, 48, 7.07 W
1788686540.485008497,0 %, 1690 MHz, 48, 7.07 W
1788686540.585467398,0 %, 1690 MHz, 48, 7.07 W
1788686540.685983146,0 %, 1690 MHz, 48, 7.07 W
1788686540.786188703,0 %, 1690 MHz, 48, 7.07 W
1788686540.886668148,0 %, 1690 MHz, 48, 7.07 W
1788686540.987146169,0 %, 1690 MHz, 48, 7.07 W
1788686541.087598014,0 %, 1690 MHz, 48, 7.07 W
1788686541.188089954,0 %, 1690 MHz, 48, 7.07 W
1788686541.288926408,0 %, 1690 MHz, 48, 7.08 W
1788686541.389024220,0 %, 1690 MHz, 48, 7.08 W
1788686541.489471889,0 %, 1690 MHz, 48, 7.08 W
1788686541.589951222,0 %, 1690 MHz, 48, 7.08 W
1788686541.690508379,0 %, 1690 MHz, 48, 7.08 W
1788686541.790713951,0 %, 1690 MHz, 48, 7.08 W
1788686541.891073668,0 %, 1690 MHz, 48, 7.08 W
1788686541.991259657,0 %, 1690 MHz, 48, 7.08 W
1788686542.091736606,0 %, 1690 MHz, 48, 7.08 W
1788686542.192193923,0 %, 1690 MHz, 48, 7.08 W
1788686542.292648808,0 %, 1690 MHz, 48, 7.11 W
1788686542.393127340,0 %, 1690 MHz, 48, 7.11 W
1788686542.493585633,0 %, 1690 MHz, 48, 7.11 W
1788686542.594056470,0 %, 1690 MHz, 48, 7.11 W
1788686542.694497931,0 %, 1690 MHz, 48, 7.11 W
1788686542.795008704,0 %, 1690 MHz, 48, 7.13 W
1788686542.895441477,0 %, 1690 MHz, 48, 7.13 W
1788686542.995940554,0 %, 1690 MHz, 48, 7.13 W
1788686543.096053311,0 %, 1690 MHz, 48, 7.13 W
1788686543.196736068,0 %, 1690 MHz, 48, 7.13 W
1788686543.296746248,0 %, 1690 MHz, 48, 7.15 W
1788686543.397144989,0 %, 1690 MHz, 48, 7.15 W
1788686543.497371938,0 %, 1690 MHz, 48, 7.15 W
1788686543.597885591,0 %, 1690 MHz, 48, 7.15 W
1788686543.698316252,0 %, 1690 MHz, 48, 7.15 W
1788686543.798800817,0 %, 1690 MHz, 48, 7.18 W
1788686543.899276054,0 %, 1690 MHz, 48, 7.18 W
1788686543.999748715,0 %, 1690 MHz, 48, 7.18 W
1788686544.100182576,0 %, 1690 MHz, 48, 7.18 W
1788686544.200658341,0 %, 1690 MHz, 48, 7.18 W
1788686544.301132858,0 %, 1690 MHz, 48, 7.16 W
1788686544.401710175,0 %, 1690 MHz, 48, 7.16 W
1788686544.502033028,0 %, 1690 MHz, 48, 7.16 W
1788686544.602245448,0 %, 1690 MHz, 48, 7.16 W
1788686544.702982318,0 %, 1690 MHz, 48, 7.16 W
1788686544.803577795,0 %, 1690 MHz, 48, 7.17 W
1788686544.903917848,0 %, 1690 MHz, 48, 7.17 W
1788686545.004491117,0 %, 1690 MHz, 48, 7.17 W
1788686545.105071826,0 %, 1690 MHz, 48, 7.17 W
1788686545.205466119,0 %, 1690 MHz, 48, 7.17 W
1788686545.305654652,0 %, 1690 MHz, 48, 7.18 W
1788686545.406486337,0 %, 1690 MHz, 48, 7.18 W
1788686545.506870854,0 %, 1690 MHz, 48, 7.18 W
1788686545.607300315,0 %, 1690 MHz, 48, 7.18 W
1788686545.707585328,0 %, 1690 MHz, 48, 7.18 W
1788686545.808073077,0 %, 1690 MHz, 48, 7.16 W
1788686545.908549546,0 %, 1690 MHz, 48, 7.16 W
1788686546.009010415,0 %, 1690 MHz, 48, 7.16 W
1788686546.109463476,0 %, 1690 MHz, 48, 7.16 W
1788686546.209946538,0 %, 1690 MHz, 48, 7.16 W
1788686546.310158094,0 %, 1690 MHz, 48, 7.16 W
1788686546.410876436,0 %, 1690 MHz, 48, 7.16 W
1788686546.510438216,0 %, 1690 MHz, 48, 7.16 W
1788686546.610920717,0 %, 1690 MHz, 48, 7.16 W
1788686546.711568882,0 %, 1690 MHz, 48, 7.14 W
1788686546.812326904,0 %, 1690 MHz, 48, 7.14 W
1788686546.912496269,0 %, 1690 MHz, 48, 7.14 W
1788686547.013060402,0 %, 1690 MHz, 48, 7.14 W
1788686547.113431735,0 %, 1690 MHz, 48, 7.14 W
1788686547.213607132,0 %, 1690 MHz, 48, 7.12 W
1788686547.313082240,0 %, 1690 MHz, 48, 7.12 W
1788686547.413598629,0 %, 1690 MHz, 48, 7.12 W
1788686547.513907898,0 %, 1690 MHz, 48, 7.12 W
1788686547.613915982,0 %, 1690 MHz, 48, 7.12 W
1788686547.714880228,0 %, 1690 MHz, 48, 7.10 W
1788686547.814954297,0 %, 1690 MHz, 48, 7.10 W
1788686547.915374222,0 %, 1690 MHz, 48, 7.10 W
1788686548.015845475,0 %, 1690 MHz, 48, 7.10 W
1788686548.116167736,0 %, 1690 MHz, 48, 7.10 W
1788686548.216938558,0 %, 1690 MHz, 48, 7.09 W
1788686548.317304163,0 %, 1690 MHz, 48, 7.09 W
1788686548.417442872,0 %, 1690 MHz, 48, 7.09 W
1788686548.518236573,0 %, 1690 MHz, 48, 7.09 W
1788686548.618728194,0 %, 1690 MHz, 48, 7.09 W
1788686548.718980887,0 %, 1690 MHz, 48, 7.10 W
1788686548.819542797,0 %, 1690 MHz, 48, 7.10 W
1788686548.919863042,0 %, 1690 MHz, 48, 7.10 W
1788686549.020275319,0 %, 1690 MHz, 48, 7.10 W
1788686549.120023723,0 %, 1690 MHz, 48, 7.10 W
1788686549.220984273,0 %, 1690 MHz, 48, 7.12 W
1788686549.321083542,0 %, 1690 MHz, 48, 7.12 W
1788686549.420909546,0 %, 1690 MHz, 48, 7.12 W
1788686549.521317200,0 %, 1690 MHz, 48, 7.12 W
1788686549.621994789,0 %, 1690 MHz, 48, 7.12 W
1788686549.722447674,0 %, 1690 MHz, 48, 7.10 W
1788686549.822936832,0 %, 1690 MHz, 48, 7.10 W
1788686549.923415605,0 %, 1690 MHz, 48, 7.10 W
1788686550.023494906,0 %, 1690 MHz, 48, 7.10 W
1788686550.124061583,0 %, 1690 MHz, 48, 7.10 W
1788686550.224368276,0 %, 1690 MHz, 48, 7.06 W
1788686550.324846041,0 %, 1690 MHz, 48, 7.06 W
1788686550.425303119,0 %, 1690 MHz, 48, 7.06 W
1788686550.525830436,0 %, 1690 MHz, 48, 7.06 W
1788686550.626079609,0 %, 1690 MHz, 48, 7.06 W
1788686550.726593823,0 %, 1690 MHz, 48, 7.07 W
1788686550.826228259,0 %, 1690 MHz, 48, 7.07 W
1788686550.927055897,0 %, 1690 MHz, 48, 7.07 W
1788686551.027009965,0 %, 1690 MHz, 48, 7.07 W
1788686551.127455683,0 %, 1690 MHz, 48, 7.07 W
1788686551.227649416,0 %, 1690 MHz, 48, 7.09 W
1788686551.328077293,0 %, 1690 MHz, 48, 7.09 W
1788686551.428577426,0 %, 1690 MHz, 48, 7.09 W
1788686551.529051560,0 %, 1690 MHz, 48, 7.09 W
1788686551.629242829,0 %, 1690 MHz, 48, 7.09 W
1788686551.729924546,0 %, 1690 MHz, 48, 7.09 W
1788686551.830399112,0 %, 1690 MHz, 48, 7.09 W
1788686551.930426780,0 %, 1690 MHz, 48, 7.09 W
1788686552.031006370,0 %, 1690 MHz, 48, 7.09 W
1788686552.131083815,0 %, 1690 MHz, 48, 7.09 W
1788686552.231140860,0 %, 1690 MHz, 48, 7.08 W
1788686552.331727505,0 %, 1690 MHz, 48, 7.08 W
1788686552.432519607,0 %, 1690 MHz, 48, 7.08 W
1788686552.532759148,0 %, 1690 MHz, 48, 7.08 W
1788686552.633035409,0 %, 1690 MHz, 48, 7.08 W
1788686552.733943287,0 %, 1690 MHz, 48, 7.07 W
1788686552.834062188,0 %, 1690 MHz, 48, 7.07 W
1788686552.934273553,0 %, 1690 MHz, 48, 7.07 W
1788686553.034336838,0 %, 1690 MHz, 48, 7.07 W
1788686553.135014492,0 %, 1690 MHz, 48, 7.07 W
1788686553.235308737,0 %, 1690 MHz, 48, 7.09 W
1788686553.335203638,0 %, 1690 MHz, 48, 7.09 W
1788686553.435646763,0 %, 1690 MHz, 48, 7.09 W
1788686553.535781104,0 %, 1690 MHz, 48, 7.09 W
1788686553.635475157,0 %, 1690 MHz, 48, 7.09 W
1788686553.736054714,0 %, 1690 MHz, 48, 7.09 W
1788686553.836263935,0 %, 1690 MHz, 48, 7.09 W
1788686553.936578005,0 %, 1690 MHz, 48, 7.09 W
1788686554.037065626,0 %, 1690 MHz, 48, 7.09 W
1788686554.137547040,0 %, 1690 MHz, 48, 7.09 W
1788686554.237706789,0 %, 1690 MHz, 48, 7.07 W
1788686554.338201130,0 %, 1690 MHz, 48, 7.07 W
1788686554.438763696,0 %, 1690 MHz, 48, 7.07 W
1788686554.539121909,0 %, 1690 MHz, 48, 7.07 W
1788686554.639724155,0 %, 1690 MHz, 48, 7.07 W
1788686554.740095952,0 %, 1690 MHz, 48, 7.09 W
1788686554.840583350,0 %, 1690 MHz, 48, 7.09 W
1788686554.941102955,0 %, 1690 MHz, 48, 7.09 W
1788686555.041484385,0 %, 1690 MHz, 48, 7.09 W
1788686555.141983414,0 %, 1690 MHz, 48, 7.09 W
1788686555.242416396,0 %, 1690 MHz, 48, 7.12 W
1788686555.342852273,0 %, 1690 MHz, 48, 7.12 W
1788686555.443368583,0 %, 1690 MHz, 48, 7.12 W
1788686555.543841612,0 %, 1690 MHz, 48, 7.12 W
1788686555.643902769,0 %, 1690 MHz, 48, 7.12 W
1788686555.744385847,0 %, 1690 MHz, 48, 7.14 W
1788686555.845383901,0 %, 1690 MHz, 48, 7.14 W
1788686555.945329906,0 %, 1690 MHz, 48, 7.14 W
1788686556.045831480,0 %, 1690 MHz, 48, 7.14 W
1788686556.146166589,0 %, 1690 MHz, 48, 7.14 W
1788686556.246642067,0 %, 1690 MHz, 48, 7.15 W
1788686556.347114376,0 %, 1690 MHz, 48, 7.15 W
1788686556.447899534,0 %, 1690 MHz, 48, 7.15 W
1788686556.548425988,0 %, 1690 MHz, 48, 7.15 W
1788686556.648651481,0 %, 1690 MHz, 48, 7.15 W
1788686556.749132847,0 %, 1690 MHz, 48, 7.16 W
1788686556.849568740,0 %, 1690 MHz, 48, 7.16 W
1788686556.949441401,0 %, 1690 MHz, 48, 7.16 W
1788686557.049622558,0 %, 1690 MHz, 48, 7.16 W
1788686557.150122324,0 %, 1690 MHz, 48, 7.16 W
1788686557.250532025,0 %, 1690 MHz, 48, 7.14 W
1788686557.350986447,0 %, 1690 MHz, 48, 7.14 W
1788686557.451509013,0 %, 1690 MHz, 48, 7.14 W
1788686557.551913962,0 %, 1690 MHz, 48, 7.14 W
1788686557.652445920,0 %, 1690 MHz, 48, 7.14 W
1788686557.752429637,0 %, 1690 MHz, 48, 7.17 W
1788686557.853146619,0 %, 1690 MHz, 48, 7.17 W
1788686557.953587904,0 %, 1690 MHz, 48, 7.17 W
1788686558.053596310,0 %, 1690 MHz, 48, 7.17 W
1788686558.154278395,0 %, 1690 MHz, 48, 7.17 W
1788686558.253935216,0 %, 1690 MHz, 48, 7.20 W
1788686558.353948661,0 %, 1690 MHz, 48, 7.20 W
1788686558.454286411,0 %, 1690 MHz, 48, 7.20 W
1788686558.554720016,0 %, 1690 MHz, 48, 7.20 W
1788686558.655015494,0 %, 1690 MHz, 48, 7.20 W
1788686558.755548892,0 %, 1690 MHz, 48, 7.24 W
1788686558.856323010,0 %, 1690 MHz, 48, 7.24 W
1788686558.956770199,0 %, 1690 MHz, 48, 7.24 W
1788686559.057278269,0 %, 1690 MHz, 48, 7.24 W
1788686559.157438226,0 %, 1690 MHz, 48, 7.24 W
1788686559.257838216,0 %, 1690 MHz, 48, 7.24 W
1788686559.358283950,0 %, 1690 MHz, 48, 7.24 W
1788686559.458581539,0 %, 1690 MHz, 48, 7.24 W
1788686559.559083321,0 %, 1690 MHz, 48, 7.24 W
1788686559.659539055,0 %, 1690 MHz, 48, 7.24 W
1788686559.759444132,0 %, 1690 MHz, 48, 7.22 W
1788686559.860209418,0 %, 1690 MHz, 48, 7.22 W
1788686559.960632191,0 %, 1690 MHz, 48, 7.22 W
1788686560.061146229,0 %, 1690 MHz, 48, 7.22 W
1788686560.161346667,0 %, 1690 MHz, 48, 7.22 W
1788686560.261319344,0 %, 1690 MHz, 48, 7.26 W
1788686560.362204566,0 %, 1690 MHz, 48, 7.26 W
1788686560.462645772,0 %, 1690 MHz, 48, 7.26 W
1788686560.563194930,0 %, 1690 MHz, 48, 7.26 W
1788686560.663722967,0 %, 1690 MHz, 48, 7.26 W
1788686560.763597484,0 %, 1690 MHz, 48, 7.29 W
1788686560.864620547,0 %, 1690 MHz, 48, 7.29 W
1788686560.964882456,0 %, 1690 MHz, 48, 7.29 W
1788686561.064820093,0 %, 1690 MHz, 48, 7.29 W
1788686561.165649748,0 %, 1690 MHz, 48, 7.29 W
1788686561.266279098,0 %, 1690 MHz, 48, 7.31 W
1788686561.366248335,0 %, 1690 MHz, 48, 7.31 W
1788686561.466885845,0 %, 1690 MHz, 48, 7.31 W
1788686561.566848522,0 %, 1690 MHz, 48, 7.31 W
1788686561.666914703,0 %, 1690 MHz, 48, 7.31 W
1788686561.767669094,0 %, 1690 MHz, 48, 7.29 W
1788686561.868027691,0 %, 1690 MHz, 48, 7.29 W
1788686561.968494449,0 %, 1690 MHz, 48, 7.29 W
1788686562.069066279,0 %, 1690 MHz, 48, 7.29 W
1788686562.169201836,0 %, 1690 MHz, 48, 7.29 W
1788686562.269406610,0 %, 1690 MHz, 48, 7.24 W
1788686562.369845336,0 %, 1690 MHz, 48, 7.24 W
1788686562.470329534,0 %, 1690 MHz, 48, 7.24 W
1788686562.570834003,0 %, 1690 MHz, 48, 7.24 W
1788686562.671268073,0 %, 1690 MHz, 48, 7.24 W
1788686562.771392687,0 %, 1690 MHz, 48, 7.22 W
1788686562.871976789,0 %, 1690 MHz, 48, 7.22 W
1788686562.972372698,0 %, 1690 MHz, 48, 7.22 W
1788686563.072570912,0 %, 1690 MHz, 48, 7.22 W
1788686563.173033846,0 %, 1690 MHz, 48, 7.22 W
1788686563.273508252,0 %, 1690 MHz, 48, 7.22 W
1788686563.373541665,0 %, 1690 MHz, 48, 7.22 W
1788686563.474145415,0 %, 1690 MHz, 48, 7.22 W
1788686563.574211341,0 %, 1690 MHz, 48, 7.22 W
1788686563.674347042,0 %, 1690 MHz, 48, 7.22 W
1788686563.774848760,0 %, 1690 MHz, 48, 7.23 W
1788686563.875303838,0 %, 1690 MHz, 48, 7.23 W
1788686563.975856740,0 %, 1690 MHz, 48, 7.23 W
1788686564.076345098,0 %, 1690 MHz, 48, 7.23 W
1788686564.176900672,0 %, 1690 MHz, 48, 7.23 W
1788686564.277272822,0 %, 1690 MHz, 48, 7.26 W
1788686564.377749180,0 %, 1690 MHz, 48, 7.26 W
1788686564.478157073,0 %, 1690 MHz, 48, 7.26 W
1788686564.578650727,0 %, 1690 MHz, 48, 7.26 W
1788686564.679154589,0 %, 1690 MHz, 48, 7.26 W
1788686564.779590851,0 %, 1690 MHz, 48, 7.26 W
1788686564.880066377,0 %, 1690 MHz, 48, 7.26 W
1788686564.980331039,0 %, 1690 MHz, 48, 7.26 W
1788686565.080330164,0 %, 1690 MHz, 48, 7.26 W
1788686565.181031147,0 %, 1690 MHz, 48, 7.26 W
1788686565.281520433,0 %, 1690 MHz, 48, 7.22 W
1788686565.381633926,0 %, 1690 MHz, 48, 7.22 W
1788686565.482136524,0 %, 1690 MHz, 48, 7.22 W
1788686565.582179122,0 %, 1690 MHz, 48, 7.22 W
1788686565.682753624,0 %, 1690 MHz, 48, 7.22 W
1788686565.783306686,0 %, 1690 MHz, 48, 7.21 W
1788686565.883812372,0 %, 1690 MHz, 48, 7.21 W
1788686565.984204778,0 %, 1690 MHz, 48, 7.21 W
1788686566.084669824,0 %, 1690 MHz, 48, 7.21 W
1788686566.185159238,0 %, 1690 MHz, 48, 7.21 W
1788686566.285364699,0 %, 1690 MHz, 48, 7.21 W
1788686566.385826241,0 %, 1690 MHz, 48, 7.21 W
1788686566.486300087,0 %, 1690 MHz, 48, 7.21 W
1788686566.586772702,0 %, 1690 MHz, 48, 7.21 W
1788686566.687289844,0 %, 1690 MHz, 48, 7.21 W
1788686566.787756554,0 %, 1690 MHz, 48, 7.20 W
1788686566.888215792,0 %, 1690 MHz, 48, 7.20 W
1788686566.988418005,0 %, 1690 MHz, 48, 7.20 W
1788686567.088885547,0 %, 1690 MHz, 48, 7.20 W
1788686567.189317937,0 %, 1690 MHz, 48, 7.20 W
1788686567.289791463,0 %, 1690 MHz, 48, 7.20 W
1788686567.389982045,0 %, 1690 MHz, 48, 7.20 W
1788686567.490395795,0 %, 1690 MHz, 48, 7.20 W
1788686567.590867145,0 %, 1690 MHz, 48, 7.20 W
1788686567.690724895,0 %, 1690 MHz, 48, 7.20 W
1788686567.790924244,0 %, 1690 MHz, 48, 7.21 W
1788686567.890646858,0 %, 1690 MHz, 48, 7.21 W
1788686567.991377440,0 %, 1690 MHz, 48, 7.21 W
1788686568.091610262,0 %, 1690 MHz, 48, 7.21 W
1788686568.192059324,0 %, 1690 MHz, 48, 7.21 W
1788686568.292245090,0 %, 1690 MHz, 48, 7.23 W
1788686568.392833112,0 %, 1690 MHz, 48, 7.23 W
1788686568.493264542,0 %, 1690 MHz, 48, 7.23 W
1788686568.593386468,0 %, 1690 MHz, 48, 7.23 W
1788686568.693525145,0 %, 1690 MHz, 48, 7.23 W
1788686568.793301567,0 %, 1690 MHz, 48, 7.27 W
1788686568.893878933,0 %, 1690 MHz, 48, 7.27 W
1788686568.994212187,0 %, 1690 MHz, 48, 7.27 W
1788686569.094636913,0 %, 1690 MHz, 48, 7.27 W
1788686569.195132311,0 %, 1690 MHz, 48, 7.27 W
1788686569.295584813,0 %, 1690 MHz, 48, 7.30 W
1788686569.396049363,0 %, 1690 MHz, 48, 7.30 W
1788686569.496498121,0 %, 1690 MHz, 48, 7.30 W
1788686569.596525023,0 %, 1690 MHz, 48, 7.30 W
1788686569.697575270,0 %, 1690 MHz, 48, 7.30 W
1788686569.797395291,0 %, 1690 MHz, 48, 7.28 W
1788686569.897891905,0 %, 1690 MHz, 48, 7.28 W
1788686569.998307960,0 %, 1690 MHz, 48, 7.28 W
1788686570.098895502,0 %, 1690 MHz, 48, 7.28 W
1788686570.199255508,0 %, 1690 MHz, 48, 7.28 W
1788686570.299894026,0 %, 1690 MHz, 48, 7.24 W
1788686570.400185200,0 %, 1690 MHz, 48, 7.24 W
1788686570.500670711,0 %, 1690 MHz, 48, 7.24 W
1788686570.601146621,0 %, 1690 MHz, 48, 7.24 W
1788686570.701796595,0 %, 1690 MHz, 48, 7.24 W
1788686570.802273401,0 %, 1690 MHz, 48, 7.24 W
1788686570.902258911,0 %, 1690 MHz, 48, 7.24 W
1788686571.002705077,0 %, 1690 MHz, 48, 7.24 W
1788686571.102918091,0 %, 1690 MHz, 48, 7.24 W
1788686571.203349441,0 %, 1690 MHz, 48, 7.24 W
1788686571.303859336,0 %, 1690 MHz, 48, 7.22 W
1788686571.404274414,0 %, 1690 MHz, 48, 7.22 W
1788686571.504464580,0 %, 1690 MHz, 48, 7.22 W
1788686571.604682122,0 %, 1690 MHz, 48, 7.22 W
1788686571.705218496,0 %, 1690 MHz, 48, 7.22 W
1788686571.805339238,0 %, 1690 MHz, 48, 7.23 W
1788686571.905853532,0 %, 1690 MHz, 48, 7.23 W
1788686572.005826802,0 %, 1690 MHz, 48, 7.23 W
1788686572.106059800,0 %, 1690 MHz, 48, 7.23 W
1788686572.206036381,0 %, 1690 MHz, 48, 7.23 W
1788686572.306330148,0 %, 1690 MHz, 48, 7.25 W
1788686572.406145753,0 %, 1690 MHz, 48, 7.25 W
1788686572.507055408,0 %, 1690 MHz, 48, 7.25 W
1788686572.607496390,0 %, 1690 MHz, 48, 7.25 W
1788686572.707948444,0 %, 1690 MHz, 48, 7.25 W
1788686572.808501955,0 %, 1690 MHz, 48, 7.27 W
1788686572.908815273,0 %, 1690 MHz, 48, 7.27 W
1788686573.009120399,0 %, 1690 MHz, 48, 7.27 W
1788686573.109192773,0 %, 1690 MHz, 48, 7.27 W
1788686573.209054811,0 %, 1690 MHz, 48, 7.27 W
1788686573.309965505,0 %, 1690 MHz, 48, 7.26 W
1788686573.410137495,0 %, 1690 MHz, 48, 7.26 W
1788686573.510340925,0 %, 1690 MHz, 48, 7.26 W
1788686573.610843156,0 %, 1690 MHz, 48, 7.26 W
1788686573.710961050,0 %, 1690 MHz, 48, 7.26 W
1788686573.811492752,0 %, 1690 MHz, 48, 7.24 W
1788686573.911975798,0 %, 1690 MHz, 48, 7.24 W
1788686574.012459517,0 %, 1690 MHz, 48, 7.24 W
1788686574.112946947,0 %, 1690 MHz, 48, 7.24 W
1788686574.213051993,0 %, 1690 MHz, 48, 7.24 W
1788686574.313337727,0 %, 1690 MHz, 48, 7.25 W
1788686574.413803206,0 %, 1690 MHz, 48, 7.25 W
1788686574.514306908,0 %, 1690 MHz, 48, 7.25 W
1788686574.614831810,0 %, 1690 MHz, 48, 7.25 W
1788686574.715513401,0 %, 1690 MHz, 48, 7.26 W
1788686574.815832527,0 %, 1690 MHz, 48, 7.26 W
1788686574.915970901,0 %, 1690 MHz, 48, 7.26 W
1788686575.015961835,0 %, 1690 MHz, 48, 7.26 W
1788686575.116334561,0 %, 1690 MHz, 48, 7.26 W
1788686575.216404407,0 %, 1690 MHz, 48, 7.23 W
1788686575.316566605,0 %, 1690 MHz, 48, 7.23 W
1788686575.417363524,0 %, 1690 MHz, 48, 7.23 W
1788686575.517854539,0 %, 1690 MHz, 48, 7.23 W
1788686575.618286865,0 %, 1690 MHz, 48, 7.23 W
1788686575.718789191,0 %, 1690 MHz, 48, 7.20 W
1788686575.819230734,0 %, 1690 MHz, 48, 7.20 W
1788686575.919471140,0 %, 1690 MHz, 48, 7.20 W
1788686576.019630298,0 %, 1690 MHz, 48, 7.20 W
1788686576.119934384,0 %, 1690 MHz, 48, 7.20 W
1788686576.220454759,0 %, 1690 MHz, 48, 7.20 W
1788686576.320613245,0 %, 1690 MHz, 48, 7.20 W
1788686576.421113539,0 %, 1690 MHz, 48, 7.20 W
1788686576.521326010,0 %, 1690 MHz, 48, 7.20 W
1788686576.621506912,0 %, 1690 MHz, 48, 7.20 W
1788686576.722044166,0 %, 1690 MHz, 48, 7.21 W
1788686576.822458957,0 %, 1690 MHz, 48, 7.21 W
1788686576.922941059,0 %, 1690 MHz, 48, 7.21 W
1788686577.023394218,0 %, 1690 MHz, 48, 7.21 W
1788686577.123531312,0 %, 1690 MHz, 48, 7.21 W
1788686577.224187830,0 %, 1690 MHz, 48, 7.20 W
1788686577.324685613,0 %, 1690 MHz, 48, 7.20 W
1788686577.424844259,0 %, 1690 MHz, 48, 7.20 W
1788686577.525102425,0 %, 1690 MHz, 48, 7.20 W
1788686577.625230271,0 %, 1690 MHz, 48, 7.20 W
1788686577.725514470,0 %, 1690 MHz, 48, 7.20 W
1788686577.825670924,0 %, 1690 MHz, 48, 7.20 W
1788686577.925761698,0 %, 1690 MHz, 48, 7.20 W
1788686578.026308489,0 %, 1690 MHz, 48, 7.20 W
1788686578.126810863,0 %, 1690 MHz, 48, 7.20 W
1788686578.227263750,0 %, 1690 MHz, 48, 7.22 W
1788686578.327418716,0 %, 1690 MHz, 48, 7.22 W
1788686578.427578402,0 %, 1690 MHz, 48, 7.22 W
1788686578.528152457,0 %, 1690 MHz, 48, 7.22 W
1788686578.628106175,0 %, 1690 MHz, 48, 7.22 W
1788686578.728587941,0 %, 1690 MHz, 48, 7.23 W
1788686578.828949436,0 %, 1690 MHz, 48, 7.23 W
1788686578.929145362,0 %, 1690 MHz, 48, 7.23 W
1788686579.029344088,0 %, 1690 MHz, 48, 7.23 W
1788686579.129532558,0 %, 1690 MHz, 48, 7.23 W
1788686579.229998549,0 %, 1690 MHz, 48, 7.23 W
1788686579.330314011,0 %, 1690 MHz, 48, 7.23 W
1788686579.430852082,0 %, 1690 MHz, 48, 7.23 W
1788686579.531302665,0 %, 1690 MHz, 48, 7.23 W
1788686579.631787791,0 %, 1690 MHz, 48, 7.23 W
1788686579.731997653,0 %, 1690 MHz, 48, 7.24 W
1788686579.832346076,0 %, 1690 MHz, 48, 7.24 W
1788686579.932567794,0 %, 1690 MHz, 48, 7.24 W
1788686580.032967289,0 %, 1690 MHz, 48, 7.24 W
1788686580.133327695,0 %, 1690 MHz, 48, 7.24 W
1788686580.233801062,0 %, 1690 MHz, 48, 7.25 W
1788686580.334366925,0 %, 1690 MHz, 48, 7.25 W
1788686580.434155346,0 %, 1690 MHz, 48, 7.25 W
1788686580.534864681,0 %, 1690 MHz, 48, 7.25 W
1788686580.635098672,0 %, 1690 MHz, 48, 7.25 W
1788686580.735197734,0 %, 1690 MHz, 48, 7.28 W
1788686580.835765709,0 %, 1690 MHz, 48, 7.28 W
1788686580.936194691,0 %, 1690 MHz, 48, 7.28 W
1788686581.036641786,0 %, 1690 MHz, 48, 7.28 W
1788686581.137223857,0 %, 1690 MHz, 48, 7.28 W
1788686581.237249863,0 %, 1690 MHz, 48, 7.29 W
1788686581.337802942,0 %, 1690 MHz, 48, 7.29 W
1788686581.438263588,0 %, 1690 MHz, 48, 7.29 W
1788686581.538742891,0 %, 1690 MHz, 48, 7.29 W
1788686581.639306130,0 %, 1690 MHz, 48, 7.29 W
1788686581.739650792,0 %, 1690 MHz, 48, 7.25 W
1788686581.840117135,0 %, 1690 MHz, 48, 7.25 W
1788686581.940600374,0 %, 1690 MHz, 48, 7.25 W
1788686582.041053772,0 %, 1690 MHz, 48, 7.25 W
1788686582.141330083,0 %, 1690 MHz, 48, 7.25 W
1788686582.241804474,0 %, 1690 MHz, 48, 7.22 W
1788686582.342228752,0 %, 1690 MHz, 48, 7.22 W
1788686582.442729671,0 %, 1690 MHz, 48, 7.22 W
1788686582.543194302,0 %, 1690 MHz, 48, 7.22 W
1788686582.643371252,0 %, 1690 MHz, 48, 7.22 W
1788686582.743886891,0 %, 1690 MHz, 48, 7.21 W
1788686582.843819601,0 %, 1690 MHz, 48, 7.21 W
1788686582.944475128,0 %, 1690 MHz, 48, 7.21 W
1788686583.044644110,0 %, 1690 MHz, 48, 7.21 W
1788686583.145111445,0 %, 1690 MHz, 48, 7.21 W
1788686583.245394028,0 %, 1690 MHz, 48, 7.19 W
1788686583.345841170,0 %, 1690 MHz, 48, 7.19 W
1788686583.446280665,0 %, 1690 MHz, 48, 7.19 W
1788686583.546771616,0 %, 1690 MHz, 48, 7.19 W
1788686583.647261191,0 %, 1690 MHz, 48, 7.19 W
1788686583.747515613,0 %, 1690 MHz, 48, 7.17 W
1788686583.847914548,0 %, 1690 MHz, 48, 7.17 W
1788686583.948028074,0 %, 1690 MHz, 48, 7.17 W
1788686584.048109649,0 %, 1690 MHz, 48, 7.17 W
1788686584.148454631,0 %, 1690 MHz, 48, 7.17 W
1788686584.248917502,0 %, 1690 MHz, 48, 7.17 W
1788686584.349328517,0 %, 1690 MHz, 48, 7.17 W
1788686584.449399259,0 %, 1690 MHz, 48, 7.17 W
1788686584.549920306,0 %, 1690 MHz, 48, 7.17 W
1788686584.650414857,0 %, 1690 MHz, 48, 7.17 W
1788686584.750876239,0 %, 1690 MHz, 48, 7.21 W
1788686584.851316918,0 %, 1690 MHz, 48, 7.21 W
1788686584.951846301,0 %, 1690 MHz, 48, 7.21 W
1788686585.052207940,0 %, 1690 MHz, 48, 7.21 W
1788686585.152410762,0 %, 1690 MHz, 48, 7.21 W
1788686585.252753553,0 %, 1690 MHz, 48, 7.25 W
1788686585.352865048,0 %, 1690 MHz, 48, 7.25 W
1788686585.453072142,0 %, 1690 MHz, 48, 7.25 W
1788686585.553280133,0 %, 1690 MHz, 48, 7.25 W
1788686585.653519243,0 %, 1690 MHz, 48, 7.25 W
1788686585.753540465,0 %, 1690 MHz, 48, 7.29 W
1788686585.853731176,0 %, 1690 MHz, 48, 7.29 W
1788686585.954175967,0 %, 1690 MHz, 48, 7.29 W
1788686586.054385221,0 %, 1690 MHz, 48, 7.29 W
1788686586.154875644,0 %, 1690 MHz, 48, 7.29 W
1788686586.255378899,0 %, 1690 MHz, 48, 7.28 W
1788686586.355859274,0 %, 1690 MHz, 48, 7.28 W
1788686586.456083233,0 %, 1690 MHz, 48, 7.28 W
1788686586.556524136,0 %, 1690 MHz, 48, 7.28 W
1788686586.656926063,0 %, 1690 MHz, 48, 7.28 W
1788686586.757054693,0 %, 1690 MHz, 48, 7.25 W
1788686586.857395660,0 %, 1690 MHz, 48, 7.25 W
1788686586.957850323,0 %, 1690 MHz, 48, 7.25 W
1788686587.058292169,0 %, 1690 MHz, 48, 7.25 W
1788686587.158760672,0 %, 1690 MHz, 48, 7.25 W
1788686587.259130231,0 %, 1690 MHz, 48, 7.22 W
1788686587.359335054,0 %, 1690 MHz, 48, 7.22 W
1788686587.459924373,0 %, 1690 MHz, 48, 7.22 W
1788686587.560358476,0 %, 1690 MHz, 48, 7.22 W
1788686587.660844115,0 %, 1690 MHz, 48, 7.22 W
1788686587.761301082,0 %, 1690 MHz, 48, 7.20 W
1788686587.861772385,0 %, 1690 MHz, 48, 7.20 W
1788686587.962247912,0 %, 1690 MHz, 48, 7.20 W
1788686588.062171758,0 %, 1690 MHz, 48, 7.20 W
1788686588.162314164,0 %, 1690 MHz, 48, 7.20 W
1788686588.262170747,0 %, 1690 MHz, 48, 7.20 W
1788686588.362853730,0 %, 1690 MHz, 48, 7.20 W
1788686588.462894008,0 %, 1690 MHz, 48, 7.20 W
1788686588.563057951,0 %, 1690 MHz, 48, 7.20 W
1788686588.663372406,0 %, 1690 MHz, 48, 7.20 W
1788686588.763631245,0 %, 1690 MHz, 48, 7.18 W
1788686588.864181620,0 %, 1690 MHz, 48, 7.18 W
1788686588.964378314,0 %, 1690 MHz, 48, 7.18 W
1788686589.064838641,0 %, 1690 MHz, 48, 7.18 W
1788686589.165292984,0 %, 1690 MHz, 48, 7.18 W
1788686589.265943103,0 %, 1690 MHz, 48, 7.20 W
1788686589.366216118,0 %, 1690 MHz, 48, 7.20 W
1788686589.466663101,0 %, 1690 MHz, 48, 7.20 W
1788686589.567138516,0 %, 1690 MHz, 48, 7.20 W
1788686589.667621563,0 %, 1690 MHz, 48, 7.20 W
1788686589.768068658,0 %, 1690 MHz, 48, 7.24 W
1788686589.868369769,0 %, 1690 MHz, 48, 7.24 W
1788686589.968855840,0 %, 1690 MHz, 48, 7.24 W
1788686590.069298375,0 %, 1690 MHz, 48, 7.24 W
1788686590.169784366,0 %, 1690 MHz, 48, 7.24 W
1788686590.270240181,0 %, 1690 MHz, 48, 7.25 W
1788686590.370675804,0 %, 1690 MHz, 48, 7.25 W
1788686590.471155316,0 %, 1690 MHz, 48, 7.25 W
1788686590.571649051,0 %, 1690 MHz, 48, 7.25 W
1788686590.672100130,0 %, 1690 MHz, 48, 7.25 W
1788686590.772790537,0 %, 1690 MHz, 48, 7.20 W
1788686590.873236336,0 %, 1690 MHz, 48, 7.20 W
1788686590.973241238,0 %, 1690 MHz, 48, 7.20 W
1788686591.073713502,0 %, 1690 MHz, 48, 7.20 W
1788686591.174165509,0 %, 1690 MHz, 48, 7.20 W
1788686591.274681724,0 %, 1690 MHz, 48, 7.17 W
1788686591.374714658,0 %, 1690 MHz, 48, 7.17 W
1788686591.475158282,0 %, 1690 MHz, 48, 7.17 W
1788686591.575328432,0 %, 1690 MHz, 48, 7.17 W
1788686591.675593991,0 %, 1690 MHz, 48, 7.17 W
1788686591.776438815,0 %, 1690 MHz, 48, 7.17 W
1788686591.876611381,0 %, 1690 MHz, 48, 7.17 W
1788686591.977109357,0 %, 1690 MHz, 48, 7.17 W
1788686592.077289283,0 %, 1690 MHz, 48, 7.17 W
1788686592.178087835,0 %, 1690 MHz, 48, 7.17 W
1788686592.278515170,0 %, 1690 MHz, 48, 7.19 W
1788686592.378885785,0 %, 1690 MHz, 48, 7.19 W
1788686592.479443968,0 %, 1690 MHz, 48, 7.19 W
1788686592.579128839,0 %, 1690 MHz, 48, 7.19 W
1788686592.680128494,0 %, 1690 MHz, 48, 7.19 W
1788686592.780470085,0 %, 1690 MHz, 48, 7.19 W
1788686592.880272028,0 %, 1690 MHz, 48, 7.19 W
1788686592.980807347,0 %, 1690 MHz, 48, 7.19 W
1788686593.080593001,0 %, 1690 MHz, 48, 7.19 W
1788686593.180235231,0 %, 1690 MHz, 48, 7.19 W
1788686593.280627943,0 %, 1690 MHz, 48, 7.17 W
1788686593.381747214,0 %, 1690 MHz, 48, 7.17 W
1788686593.482180166,0 %, 1690 MHz, 48, 7.17 W
1788686593.582040700,0 %, 1690 MHz, 48, 7.17 W
1788686593.681929715,0 %, 1690 MHz, 48, 7.17 W
1788686593.782642074,0 %, 1690 MHz, 48, 7.19 W
1788686593.883097153,0 %, 1690 MHz, 48, 7.19 W
1788686593.983337400,0 %, 1690 MHz, 48, 7.19 W
1788686594.083594815,0 %, 1690 MHz, 48, 7.19 W
1788686594.183589782,0 %, 1690 MHz, 48, 7.19 W
1788686594.284599966,0 %, 1690 MHz, 48, 7.20 W
1788686594.384451812,0 %, 1690 MHz, 48, 7.20 W
1788686594.485263084,0 %, 1690 MHz, 48, 7.20 W
1788686594.585604051,0 %, 1690 MHz, 48, 7.20 W
1788686594.685508506,0 %, 1690 MHz, 48, 7.20 W
1788686594.785823009,0 %, 1690 MHz, 48, 7.21 W
1788686594.886294008,0 %, 1690 MHz, 48, 7.21 W
1788686594.986310047,0 %, 1690 MHz, 48, 7.21 W
1788686595.086899590,0 %, 1690 MHz, 48, 7.21 W
1788686595.187307725,0 %, 1690 MHz, 48, 7.21 W
1788686595.287849700,0 %, 1690 MHz, 48, 7.23 W
1788686595.388138364,0 %, 1690 MHz, 48, 7.23 W
1788686595.488614019,0 %, 1690 MHz, 48, 7.23 W
1788686595.589081978,0 %, 1690 MHz, 48, 7.23 W
1788686595.689655330,0 %, 1690 MHz, 48, 7.23 W
1788686595.790030793,0 %, 1690 MHz, 48, 7.25 W
1788686595.890271328,0 %, 1690 MHz, 48, 7.25 W
1788686595.990753767,0 %, 1690 MHz, 48, 7.25 W
1788686596.091129342,0 %, 1690 MHz, 48, 7.25 W
1788686596.191623510,0 %, 1690 MHz, 48, 7.25 W
1788686596.292151629,0 %, 1690 MHz, 48, 7.29 W
1788686596.392687844,0 %, 1690 MHz, 48, 7.29 W
1788686596.492630987,0 %, 1690 MHz, 48, 7.29 W
1788686596.593102738,0 %, 1690 MHz, 48, 7.29 W
1788686596.693738826,0 %, 1690 MHz, 48, 7.29 W
1788686596.794466401,0 %, 1690 MHz, 48, 7.30 W
1788686596.894907305,0 %, 1690 MHz, 48, 7.30 W
1788686596.995464208,0 %, 1690 MHz, 48, 7.30 W
1788686597.095224839,0 %, 1690 MHz, 48, 7.30 W
1788686597.196187199,0 %, 1690 MHz, 48, 7.30 W
1788686597.296627942,0 %, 1690 MHz, 48, 7.28 W
1788686597.396411661,0 %, 1690 MHz, 48, 7.28 W
1788686597.497257636,0 %, 1690 MHz, 48, 7.28 W
1788686597.597561867,0 %, 1690 MHz, 48, 7.28 W
1788686597.698053731,0 %, 1690 MHz, 48, 7.28 W
1788686597.798140794,0 %, 1690 MHz, 48, 7.25 W
1788686597.898888945,0 %, 1690 MHz, 48, 7.25 W
1788686597.999003464,0 %, 1690 MHz, 48, 7.25 W
1788686598.099278320,0 %, 1690 MHz, 48, 7.25 W
1788686598.199992567,0 %, 1690 MHz, 48, 7.25 W
1788686598.300507103,0 %, 1690 MHz, 48, 7.24 W
1788686598.401019878,0 %, 1690 MHz, 48, 7.24 W
1788686598.500806013,0 %, 1690 MHz, 48, 7.24 W
1788686598.601607572,0 %, 1690 MHz, 48, 7.24 W
1788686598.702203900,0 %, 1690 MHz, 48, 7.24 W
1788686598.802552931,0 %, 1690 MHz, 48, 7.27 W
1788686598.902418922,0 %, 1690 MHz, 48, 7.27 W
1788686599.003929011,0 %, 1690 MHz, 48, 7.27 W
1788686599.103136169,0 %, 1690 MHz, 48, 7.27 W
1788686599.203151360,0 %, 1690 MHz, 48, 7.27 W
1788686599.303356215,0 %, 1690 MHz, 48, 7.24 W
1788686599.404714463,0 %, 1690 MHz, 48, 7.24 W
1788686599.504924758,0 %, 1690 MHz, 48, 7.24 W
1788686599.605363822,0 %, 1690 MHz, 48, 7.24 W
1788686599.705508645,0 %, 1690 MHz, 48, 7.24 W
1788686599.806056444,0 %, 1690 MHz, 48, 7.20 W
1788686599.906380196,0 %, 1690 MHz, 48, 7.20 W
1788686600.006073306,0 %, 1690 MHz, 48, 7.20 W
1788686600.107037666,0 %, 1690 MHz, 48, 7.20 W
1788686600.207019609,0 %, 1690 MHz, 48, 7.20 W
1788686600.307028864,0 %, 1690 MHz, 48, 7.20 W
1788686600.407484631,0 %, 1690 MHz, 48, 7.20 W
1788686600.507877007,0 %, 1690 MHz, 48, 7.20 W
1788686600.608219014,0 %, 1690 MHz, 48, 7.20 W
1788686600.708962094,0 %, 1690 MHz, 48, 7.20 W
1788686600.809012357,0 %, 1690 MHz, 48, 7.18 W
1788686600.909443308,0 %, 1690 MHz, 48, 7.18 W
1788686601.009680484,0 %, 1690 MHz, 48, 7.18 W
1788686601.109676715,0 %, 1690 MHz, 48, 7.18 W
1788686601.210340034,0 %, 1690 MHz, 48, 7.18 W
1788686601.310821706,0 %, 1690 MHz, 48, 7.19 W
1788686601.411128961,0 %, 1690 MHz, 48, 7.19 W
1788686601.511433625,0 %, 1690 MHz, 48, 7.19 W
1788686601.612133056,0 %, 1690 MHz, 48, 7.19 W
1788686601.712611752,0 %, 1690 MHz, 48, 7.19 W
1788686601.812478111,0 %, 1690 MHz, 48, 7.22 W
1788686601.913311207,0 %, 1690 MHz, 48, 7.22 W
1788686602.012928605,0 %, 1690 MHz, 48, 7.22 W
1788686602.113228869,0 %, 1690 MHz, 48, 7.22 W
1788686602.214164077,0 %, 1690 MHz, 48, 7.22 W
1788686602.314611748,0 %, 1690 MHz, 48, 7.27 W
1788686602.415123260,0 %, 1690 MHz, 48, 7.27 W
1788686602.515599571,0 %, 1690 MHz, 48, 7.27 W
1788686602.616020219,0 %, 1690 MHz, 48, 7.27 W
1788686602.716597299,0 %, 1690 MHz, 48, 7.27 W
1788686602.816454698,0 %, 1690 MHz, 48, 7.30 W
1788686602.916720849,0 %, 1690 MHz, 48, 7.30 W
1788686603.017102712,0 %, 1690 MHz, 48, 7.30 W
1788686603.117502096,0 %, 1690 MHz, 48, 7.30 W
1788686603.217232951,0 %, 1690 MHz, 48, 7.25 W
1788686603.317819182,0 %, 1690 MHz, 48, 7.25 W
1788686603.418285782,0 %, 1690 MHz, 48, 7.25 W
1788686603.518781182,0 %, 1690 MHz, 48, 7.25 W
1788686603.618985333,0 %, 1690 MHz, 48, 7.25 W
1788686603.719422364,0 %, 1690 MHz, 48, 7.22 W
1788686603.819934292,0 %, 1690 MHz, 48, 7.22 W
1788686603.920146187,0 %, 1690 MHz, 48, 7.22 W
1788686604.020312659,0 %, 1690 MHz, 48, 7.22 W
1788686604.120813258,0 %, 1690 MHz, 48, 7.22 W
1788686604.221020418,0 %, 1690 MHz, 48, 7.24 W
1788686604.321210169,0 %, 1690 MHz, 48, 7.24 W
1788686604.421686625,0 %, 1690 MHz, 48, 7.24 W
1788686604.522165256,0 %, 1690 MHz, 48, 7.24 W
1788686604.622625920,0 %, 1690 MHz, 48, 7.24 W
1788686604.723330008,0 %, 1690 MHz, 48, 7.23 W
1788686604.823682879,0 %, 1690 MHz, 48, 7.23 W
1788686604.923769991,0 %, 1690 MHz, 48, 7.23 W
1788686605.024134670,0 %, 1690 MHz, 48, 7.23 W
1788686605.124779014,0 %, 1690 MHz, 48, 7.23 W
1788686605.224847917,0 %, 1690 MHz, 48, 7.26 W
1788686605.325155925,0 %, 1690 MHz, 48, 7.26 W
1788686605.425744221,0 %, 1690 MHz, 48, 7.26 W
1788686605.526072068,0 %, 1690 MHz, 48, 7.26 W
1788686605.626065851,0 %, 1690 MHz, 48, 7.26 W
1788686605.726407955,0 %, 1690 MHz, 48, 7.30 W
1788686605.826874538,0 %, 1690 MHz, 48, 7.30 W
1788686605.926969618,0 %, 1690 MHz, 48, 7.30 W
1788686606.027761514,0 %, 1690 MHz, 48, 7.30 W
1788686606.128022577,0 %, 1690 MHz, 48, 7.30 W
1788686606.228244777,0 %, 1690 MHz, 48, 7.29 W
1788686606.328728016,0 %, 1690 MHz, 48, 7.29 W
1788686606.428709848,0 %, 1690 MHz, 48, 7.29 W
1788686606.529122495,0 %, 1690 MHz, 48, 7.29 W
1788686606.629278999,0 %, 1690 MHz, 48, 7.29 W
1788686606.729756526,0 %, 1690 MHz, 48, 7.30 W
1788686606.830148374,0 %, 1690 MHz, 48, 7.30 W
1788686606.930632190,0 %, 1690 MHz, 48, 7.30 W
1788686607.031071638,0 %, 1690 MHz, 48, 7.30 W
1788686607.131717726,0 %, 1690 MHz, 48, 7.30 W
1788686607.232194645,0 %, 1690 MHz, 48, 7.27 W
1788686607.332185661,0 %, 1690 MHz, 48, 7.27 W
1788686607.432662820,0 %, 1690 MHz, 48, 7.27 W
1788686607.532948716,0 %, 1690 MHz, 48, 7.27 W
1788686607.633346836,0 %, 1690 MHz, 48, 7.27 W
1788686607.733863211,0 %, 1690 MHz, 48, 7.24 W
1788686607.834188323,0 %, 1690 MHz, 48, 7.24 W
1788686607.934746939,0 %, 1690 MHz, 48, 7.24 W
1788686608.035089715,0 %, 1690 MHz, 48, 7.24 W
1788686608.135741883,0 %, 1690 MHz, 48, 7.24 W
1788686608.235648754,0 %, 1690 MHz, 48, 7.22 W
1788686608.336143450,0 %, 1690 MHz, 48, 7.22 W
1788686608.436112561,0 %, 1690 MHz, 48, 7.22 W
1788686608.535908072,0 %, 1690 MHz, 48, 7.22 W
1788686608.637270017,0 %, 1690 MHz, 48, 7.22 W
1788686608.737825273,0 %, 1690 MHz, 48, 7.22 W
1788686608.837753168,0 %, 1690 MHz, 48, 7.22 W
1788686608.937973575,0 %, 1690 MHz, 48, 7.22 W
1788686609.038442911,0 %, 1690 MHz, 48, 7.22 W
1788686609.138950967,0 %, 1690 MHz, 48, 7.22 W
1788686609.239116974,0 %, 1690 MHz, 48, 7.18 W
1788686609.339726535,0 %, 1690 MHz, 48, 7.18 W
1788686609.440018894,0 %, 1690 MHz, 48, 7.18 W
1788686609.540250694,0 %, 1690 MHz, 48, 7.18 W
1788686609.640735614,0 %, 1690 MHz, 48, 7.18 W
1788686609.741169973,0 %, 1690 MHz, 48, 7.18 W
1788686609.841639117,0 %, 1690 MHz, 48, 7.18 W
1788686609.942136181,0 %, 1690 MHz, 48, 7.18 W
1788686610.042606093,0 %, 1690 MHz, 48, 7.18 W
1788686610.143104837,0 %, 1690 MHz, 48, 7.18 W
1788686610.243066012,0 %, 1690 MHz, 48, 7.24 W
1788686610.343759108,0 %, 1690 MHz, 48, 7.24 W
1788686610.444198204,0 %, 1690 MHz, 48, 7.24 W
1788686610.544759220,0 %, 1690 MHz, 48, 7.24 W
1788686610.644528827,0 %, 1690 MHz, 48, 7.24 W
1788686610.745314836,0 %, 1690 MHz, 48, 7.25 W
1788686610.845831708,0 %, 1690 MHz, 48, 7.25 W
1788686610.946275939,0 %, 1690 MHz, 48, 7.25 W
1788686611.046763339,0 %, 1690 MHz, 48, 7.25 W
1788686611.147222323,0 %, 1690 MHz, 48, 7.25 W
1788686611.247371627,0 %, 1690 MHz, 48, 7.22 W
1788686611.347414050,0 %, 1690 MHz, 48, 7.22 W
1788686611.447753930,0 %, 1690 MHz, 48, 7.22 W
1788686611.548143314,0 %, 1690 MHz, 48, 7.22 W
1788686611.648582010,0 %, 1690 MHz, 48, 7.22 W
1788686611.748484961,0 %, 1690 MHz, 48, 7.23 W
1788686611.848896025,0 %, 1690 MHz, 48, 7.23 W
1788686611.949082273,0 %, 1690 MHz, 48, 7.23 W
1788686612.049530665,0 %, 1690 MHz, 48, 7.23 W
1788686612.150002336,0 %, 1690 MHz, 48, 7.23 W
1788686612.250217880,0 %, 1690 MHz, 48, 7.26 W
1788686612.350669456,0 %, 1690 MHz, 48, 7.26 W
1788686612.451155384,0 %, 1690 MHz, 48, 7.26 W
1788686612.551727568,0 %, 1690 MHz, 48, 7.26 W
1788686612.651619047,0 %, 1690 MHz, 48, 7.26 W
1788686612.752517184,0 %, 1690 MHz, 48, 7.25 W
1788686612.852881096,0 %, 1690 MHz, 48, 7.25 W
1788686612.953287728,0 %, 1690 MHz, 48, 7.25 W
1788686613.053328679,0 %, 1690 MHz, 48, 7.25 W
1788686613.153540191,0 %, 1690 MHz, 48, 7.25 W
1788686613.254059207,0 %, 1690 MHz, 48, 7.27 W
1788686613.354515983,0 %, 1690 MHz, 48, 7.27 W
1788686613.454620327,0 %, 1690 MHz, 48, 7.27 W
1788686613.554661198,0 %, 1690 MHz, 48, 7.27 W
1788686613.655165414,0 %, 1690 MHz, 48, 7.27 W
1788686613.755367150,0 %, 1690 MHz, 48, 7.25 W
1788686613.855830966,0 %, 1690 MHz, 48, 7.25 W
1788686613.955447501,0 %, 1690 MHz, 48, 7.25 W
1788686614.056256005,0 %, 1690 MHz, 48, 7.25 W
1788686614.155729356,0 %, 1690 MHz, 48, 7.25 W
1788686614.256191092,0 %, 1690 MHz, 48, 7.23 W
1788686614.356218620,0 %, 1690 MHz, 48, 7.23 W
1788686614.456443188,0 %, 1690 MHz, 48, 7.23 W
1788686614.556542235,0 %, 1690 MHz, 48, 7.23 W
1788686614.657135107,0 %, 1690 MHz, 48, 7.23 W
1788686614.757682796,0 %, 1690 MHz, 48, 7.26 W
1788686614.857794707,0 %, 1690 MHz, 48, 7.26 W
1788686614.957807739,0 %, 1690 MHz, 48, 7.26 W
1788686615.058548195,0 %, 1690 MHz, 48, 7.26 W
1788686615.158652763,0 %, 1690 MHz, 48, 7.26 W
1788686615.258819939,0 %, 1690 MHz, 48, 7.28 W
1788686615.358756266,0 %, 1690 MHz, 48, 7.28 W
1788686615.460260211,0 %, 1690 MHz, 48, 7.28 W
1788686615.559481418,0 %, 1690 MHz, 48, 7.28 W
1788686615.660231954,0 %, 1690 MHz, 48, 7.28 W
1788686615.760768091,0 %, 1690 MHz, 48, 7.26 W
1788686615.860644002,0 %, 1690 MHz, 48, 7.26 W
1788686615.961100666,0 %, 1690 MHz, 48, 7.26 W
1788686616.061441250,0 %, 1690 MHz, 48, 7.26 W
1788686616.161599754,0 %, 1690 MHz, 48, 7.26 W
1788686616.261627489,0 %, 1690 MHz, 48, 7.26 W
1788686616.362257882,0 %, 1690 MHz, 48, 7.26 W
1788686616.462784770,0 %, 1690 MHz, 48, 7.26 W
1788686616.562961978,0 %, 1690 MHz, 48, 7.26 W
1788686616.663389186,0 %, 1690 MHz, 48, 7.26 W
1788686616.763359833,0 %, 1690 MHz, 48, 7.24 W
1788686616.863930802,0 %, 1690 MHz, 48, 7.24 W
1788686616.963580857,0 %, 1690 MHz, 48, 7.24 W
1788686617.064189489,0 %, 1690 MHz, 48, 7.24 W
1788686617.164171993,0 %, 1690 MHz, 48, 7.24 W
1788686617.264766929,0 %, 1690 MHz, 48, 7.25 W
1788686617.365211785,0 %, 1690 MHz, 48, 7.25 W
1788686617.465237137,0 %, 1690 MHz, 48, 7.25 W
1788686617.565522217,0 %, 1690 MHz, 48, 7.25 W
1788686617.665599089,0 %, 1690 MHz, 48, 7.25 W
1788686617.766143977,0 %, 1690 MHz, 48, 7.28 W
1788686617.865711344,0 %, 1690 MHz, 48, 7.28 W
1788686617.966835497,0 %, 1690 MHz, 48, 7.28 W
1788686618.067229009,0 %, 1690 MHz, 48, 7.28 W
1788686618.167494633,0 %, 1690 MHz, 48, 7.28 W
1788686618.267945473,0 %, 1690 MHz, 48, 7.27 W
1788686618.368355369,0 %, 1690 MHz, 48, 7.27 W
1788686618.468811666,0 %, 1690 MHz, 48, 7.27 W
1788686618.568956409,0 %, 1690 MHz, 48, 7.27 W
1788686618.668815633,0 %, 1690 MHz, 48, 7.27 W
1788686618.769287129,0 %, 1690 MHz, 48, 7.25 W
1788686618.869787121,0 %, 1690 MHz, 48, 7.25 W
1788686618.970228282,0 %, 1690 MHz, 48, 7.25 W
1788686619.070395217,0 %, 1690 MHz, 48, 7.25 W
1788686619.170535801,0 %, 1690 MHz, 48, 7.25 W
1788686619.271088418,0 %, 1690 MHz, 48, 7.24 W
1788686619.371063465,0 %, 1690 MHz, 48, 7.24 W
1788686619.471802034,0 %, 1690 MHz, 48, 7.24 W
1788686619.572310874,0 %, 1690 MHz, 48, 7.24 W
1788686619.671965794,0 %, 1690 MHz, 48, 7.24 W
1788686619.772958234,0 %, 1690 MHz, 48, 7.23 W
1788686619.873395059,0 %, 1690 MHz, 48, 7.23 W
1788686619.973353082,0 %, 1690 MHz, 48, 7.23 W
1788686620.073849619,0 %, 1690 MHz, 48, 7.23 W
1788686620.174326347,0 %, 1690 MHz, 48, 7.23 W
1788686620.274803699,0 %, 1690 MHz, 48, 7.22 W
1788686620.374921691,0 %, 1690 MHz, 48, 7.22 W
1788686620.475239347,0 %, 1690 MHz, 48, 7.22 W
1788686620.575744028,0 %, 1690 MHz, 48, 7.22 W
1788686620.676222740,0 %, 1690 MHz, 48, 7.22 W
1788686620.775964059,0 %, 1690 MHz, 48, 7.21 W
1788686620.876188883,0 %, 1690 MHz, 48, 7.21 W
1788686620.976903068,0 %, 1690 MHz, 48, 7.21 W
1788686621.077033988,0 %, 1690 MHz, 48, 7.21 W
1788686621.177622156,0 %, 1690 MHz, 48, 7.21 W
1788686621.277725796,0 %, 1690 MHz, 48, 7.20 W
1788686621.378281229,0 %, 1690 MHz, 48, 7.20 W
1788686621.478150740,0 %, 1690 MHz, 48, 7.20 W
1788686621.578508061,0 %, 1690 MHz, 48, 7.20 W
1788686621.678730997,0 %, 1690 MHz, 48, 7.20 W
1788686621.779210445,0 %, 1690 MHz, 48, 7.16 W
1788686621.879406917,0 %, 1690 MHz, 48, 7.16 W
1788686621.979629437,0 %, 1690 MHz, 48, 7.16 W
1788686622.080144565,0 %, 1690 MHz, 48, 7.16 W
1788686622.180346749,0 %, 1690 MHz, 48, 7.16 W
1788686622.280798310,0 %, 1690 MHz, 48, 7.14 W
1788686622.380964686,0 %, 1690 MHz, 48, 7.14 W
1788686622.481448246,0 %, 1690 MHz, 48, 7.14 W
1788686622.581230414,0 %, 1690 MHz, 48, 7.14 W
1788686622.682156359,0 %, 1690 MHz, 48, 7.14 W
1788686622.781890670,0 %, 1690 MHz, 48, 7.15 W
1788686622.882483543,0 %, 1690 MHz, 48, 7.15 W
1788686622.982439711,0 %, 1690 MHz, 48, 7.15 W
1788686623.083043527,0 %, 1690 MHz, 48, 7.15 W
1788686623.183448911,0 %, 1690 MHz, 48, 7.15 W
1788686623.283837624,0 %, 1690 MHz, 48, 7.16 W
1788686623.384279632,0 %, 1690 MHz, 48, 7.16 W
1788686623.484204696,0 %, 1690 MHz, 48, 7.16 W
1788686623.584598032,0 %, 1690 MHz, 48, 7.16 W
1788686623.684712072,0 %, 1690 MHz, 48, 7.16 W
1788686623.785494577,0 %, 1690 MHz, 48, 7.19 W
1788686623.885601065,0 %, 1690 MHz, 48, 7.19 W
1788686623.985596641,0 %, 1690 MHz, 48, 7.19 W
1788686624.085782969,0 %, 1690 MHz, 48, 7.19 W
1788686624.186283441,0 %, 1690 MHz, 48, 7.19 W
1788686624.286795498,0 %, 1690 MHz, 48, 7.24 W
1788686624.386724978,0 %, 1690 MHz, 48, 7.24 W
1788686624.486945882,0 %, 1690 MHz, 48, 7.24 W
1788686624.587538307,0 %, 1690 MHz, 48, 7.24 W
1788686624.688019515,0 %, 1690 MHz, 48, 7.24 W
1788686624.788038259,0 %, 1690 MHz, 48, 7.24 W
1788686624.888309931,0 %, 1690 MHz, 48, 7.24 W
1788686624.988519171,0 %, 1690 MHz, 48, 7.24 W
1788686625.089051548,0 %, 1690 MHz, 48, 7.24 W
1788686625.189129460,0 %, 1690 MHz, 48, 7.24 W
1788686625.289232108,0 %, 1690 MHz, 48, 7.20 W
1788686625.389803013,0 %, 1690 MHz, 48, 7.20 W
1788686625.490301629,0 %, 1690 MHz, 48, 7.20 W
1788686625.590758294,0 %, 1690 MHz, 48, 7.20 W
1788686625.690734558,0 %, 1690 MHz, 48, 7.20 W
1788686625.791043702,0 %, 1690 MHz, 48, 7.17 W
1788686625.891371246,0 %, 1690 MHz, 48, 7.17 W
1788686625.991851943,0 %, 1690 MHz, 48, 7.17 W
1788686626.092304463,0 %, 1690 MHz, 48, 7.17 W
1788686626.192274583,0 %, 1690 MHz, 48, 7.17 W
1788686626.292870064,0 %, 1690 MHz, 48, 7.14 W
1788686626.393333720,0 %, 1690 MHz, 48, 7.14 W
1788686626.493156048,0 %, 1690 MHz, 48, 7.14 W
1788686626.593952377,0 %, 1690 MHz, 48, 7.14 W
1788686626.693813985,0 %, 1690 MHz, 48, 7.14 W
1788686626.794483354,0 %, 1690 MHz, 48, 7.16 W
1788686626.894499314,0 %, 1690 MHz, 48, 7.16 W
1788686626.994657834,0 %, 1690 MHz, 48, 7.16 W
1788686627.095213251,0 %, 1690 MHz, 48, 7.16 W
1788686627.195518235,0 %, 1690 MHz, 48, 7.16 W
1788686627.295523667,0 %, 1690 MHz, 48, 7.21 W
1788686627.395851675,0 %, 1690 MHz, 48, 7.21 W
1788686627.496344004,0 %, 1690 MHz, 48, 7.21 W
1788686627.596895709,0 %, 1690 MHz, 48, 7.21 W
1788686627.696944133,0 %, 1690 MHz, 48, 7.21 W
1788686627.797326221,0 %, 1690 MHz, 48, 7.23 W
1788686627.897846326,0 %, 1690 MHz, 48, 7.23 W
1788686627.997957710,0 %, 1690 MHz, 48, 7.23 W
1788686628.098137094,0 %, 1690 MHz, 48, 7.23 W
1788686628.198324575,0 %, 1690 MHz, 48, 7.23 W
1788686628.298892231,0 %, 1690 MHz, 48, 7.23 W
1788686628.398920415,0 %, 1690 MHz, 48, 7.23 W
1788686628.499470376,0 %, 1690 MHz, 48, 7.23 W
1788686628.599584368,0 %, 1690 MHz, 48, 7.23 W
1788686628.700173305,0 %, 1690 MHz, 48, 7.23 W
1788686628.800125857,0 %, 1690 MHz, 48, 7.22 W
1788686628.900238265,0 %, 1690 MHz, 48, 7.22 W
1788686629.000383554,0 %, 1690 MHz, 48, 7.22 W
1788686629.100904410,0 %, 1690 MHz, 48, 7.22 W
1788686629.201448531,0 %, 1690 MHz, 48, 7.22 W
1788686629.301551691,0 %, 1690 MHz, 48, 7.25 W
1788686629.401863300,0 %, 1690 MHz, 48, 7.25 W
1788686629.501800860,0 %, 1690 MHz, 48, 7.25 W
1788686629.601933204,0 %, 1690 MHz, 48, 7.25 W
1788686629.702143964,0 %, 1690 MHz, 48, 7.25 W
1788686629.802584453,0 %, 1690 MHz, 48, 7.26 W
1788686629.902427885,0 %, 1690 MHz, 48, 7.26 W
1788686630.002617397,0 %, 1690 MHz, 48, 7.26 W
1788686630.102615917,0 %, 1690 MHz, 48, 7.26 W
1788686630.203359638,0 %, 1690 MHz, 48, 7.26 W
1788686630.303886351,0 %, 1690 MHz, 48, 7.26 W
1788686630.404433112,0 %, 1690 MHz, 48, 7.26 W
1788686630.504939009,0 %, 1690 MHz, 48, 7.26 W
1788686630.605374585,0 %, 1690 MHz, 48, 7.26 W
1788686630.705971426,0 %, 1690 MHz, 48, 7.26 W
1788686630.806488299,0 %, 1690 MHz, 48, 7.25 W
1788686630.906991092,0 %, 1690 MHz, 48, 7.25 W
1788686631.007254956,0 %, 1690 MHz, 48, 7.25 W
1788686631.107768069,0 %, 1690 MHz, 48, 7.25 W
1788686631.208276238,0 %, 1690 MHz, 48, 7.25 W
1788686631.308787670,0 %, 1690 MHz, 48, 7.24 W
1788686631.408858911,0 %, 1690 MHz, 48, 7.24 W
1788686631.509328535,0 %, 1690 MHz, 48, 7.24 W
1788686631.609638816,0 %, 1690 MHz, 48, 7.24 W
1788686631.710285801,0 %, 1690 MHz, 48, 7.24 W
1788686631.810845474,0 %, 1690 MHz, 48, 7.22 W
1788686631.910946890,0 %, 1690 MHz, 48, 7.22 W
1788686632.011189843,0 %, 1690 MHz, 48, 7.22 W
1788686632.111359899,0 %, 1690 MHz, 48, 7.22 W
1788686632.212048916,0 %, 1690 MHz, 48, 7.22 W
1788686632.312356749,0 %, 1690 MHz, 48, 7.22 W
1788686632.412462821,0 %, 1690 MHz, 48, 7.22 W
1788686632.512989374,0 %, 1690 MHz, 48, 7.22 W
1788686632.613008694,0 %, 1690 MHz, 48, 7.22 W
1788686632.713122654,0 %, 1690 MHz, 48, 7.22 W
1788686632.813929784,0 %, 1690 MHz, 48, 7.26 W
1788686632.914152096,0 %, 1690 MHz, 48, 7.26 W
1788686633.014677241,0 %, 1690 MHz, 48, 7.26 W
1788686633.115218962,0 %, 1690 MHz, 48, 7.26 W
1788686633.215756043,0 %, 1690 MHz, 48, 7.26 W
1788686633.316243044,0 %, 1690 MHz, 48, 7.28 W
1788686633.416492636,0 %, 1690 MHz, 48, 7.28 W
1788686633.516989157,0 %, 1690 MHz, 48, 7.28 W
1788686633.617480542,0 %, 1690 MHz, 48, 7.28 W
1788686633.718032871,0 %, 1690 MHz, 48, 7.28 W
1788686633.818280847,0 %, 1690 MHz, 48, 7.26 W
1788686633.918784744,0 %, 1690 MHz, 48, 7.26 W
1788686634.019278785,0 %, 1690 MHz, 48, 7.26 W
1788686634.119778826,0 %, 1690 MHz, 48, 7.26 W
1788686634.220052611,0 %, 1690 MHz, 48, 7.22 W
1788686634.320664492,0 %, 1690 MHz, 48, 7.22 W
1788686634.421084612,0 %, 1690 MHz, 48, 7.22 W
1788686634.521344637,0 %, 1690 MHz, 48, 7.22 W
1788686634.621847430,0 %, 1690 MHz, 48, 7.22 W
1788686634.722552815,0 %, 1690 MHz, 48, 7.22 W
1788686634.823357688,0 %, 1690 MHz, 48, 7.22 W
1788686634.923239712,0 %, 1690 MHz, 48, 7.22 W
1788686635.023768537,0 %, 1690 MHz, 48, 7.22 W
1788686635.124271682,0 %, 1690 MHz, 48, 7.22 W
1788686635.224790827,0 %, 1690 MHz, 48, 7.24 W
1788686635.325263476,0 %, 1690 MHz, 48, 7.24 W
1788686635.425716989,0 %, 1690 MHz, 48, 7.24 W
1788686635.526258614,0 %, 1690 MHz, 48, 7.24 W
1788686635.626736223,0 %, 1690 MHz, 48, 7.24 W
1788686635.727084488,0 %, 1690 MHz, 48, 7.20 W
1788686635.827264352,0 %, 1690 MHz, 48, 7.20 W
1788686635.927477401,0 %, 1690 MHz, 48, 7.20 W
1788686636.027930610,0 %, 1690 MHz, 48, 7.20 W
1788686636.128409035,0 %, 1690 MHz, 48, 7.20 W
1788686636.228882260,0 %, 1690 MHz, 48, 7.21 W
1788686636.329382428,0 %, 1690 MHz, 48, 7.21 W
1788686636.429809381,0 %, 1690 MHz, 48, 7.21 W
1788686636.530050990,0 %, 1690 MHz, 48, 7.21 W
1788686636.630194103,0 %, 1690 MHz, 48, 7.21 W
1788686636.730664704,0 %, 1690 MHz, 48, 7.24 W
1788686636.831133736,0 %, 1690 MHz, 48, 7.24 W
1788686636.931587489,0 %, 1690 MHz, 48, 7.24 W
1788686637.032080682,0 %, 1690 MHz, 48, 7.24 W
1788686637.132536947,0 %, 1690 MHz, 48, 7.24 W
1788686637.233031756,0 %, 1690 MHz, 48, 7.23 W
1788686637.333570165,0 %, 1690 MHz, 48, 7.23 W
1788686637.434003022,0 %, 1690 MHz, 48, 7.23 W
1788686637.534751096,0 %, 1690 MHz, 48, 7.23 W
1788686637.634975648,0 %, 1690 MHz, 48, 7.23 W
1788686637.735227593,0 %, 1690 MHz, 48, 7.23 W
1788686637.835599154,0 %, 1690 MHz, 48, 7.23 W
1788686637.935846251,0 %, 1690 MHz, 48, 7.23 W
1788686638.036381268,0 %, 1690 MHz, 48, 7.23 W
1788686638.136813213,0 %, 1690 MHz, 48, 7.23 W
1788686638.237018741,0 %, 1690 MHz, 48, 7.22 W
1788686638.337446926,0 %, 1690 MHz, 48, 7.22 W
1788686638.437932903,0 %, 1690 MHz, 48, 7.22 W
1788686638.538144112,0 %, 1690 MHz, 48, 7.22 W
1788686638.638608201,0 %, 1690 MHz, 48, 7.22 W
1788686638.739344354,0 %, 1690 MHz, 48, 7.21 W
1788686638.839845259,0 %, 1690 MHz, 48, 7.21 W
1788686638.939786484,0 %, 1690 MHz, 48, 7.21 W
1788686639.040168349,0 %, 1690 MHz, 48, 7.21 W
1788686639.140631574,0 %, 1690 MHz, 48, 7.21 W
1788686639.241074447,0 %, 1690 MHz, 48, 7.25 W
1788686639.341553512,0 %, 1690 MHz, 48, 7.25 W
1788686639.442067153,0 %, 1690 MHz, 48, 7.25 W
1788686639.542500458,0 %, 1690 MHz, 48, 7.25 W
1788686639.642976387,0 %, 1690 MHz, 48, 7.25 W
1788686639.743270556,0 %, 1690 MHz, 48, 7.28 W
1788686639.843201828,0 %, 1690 MHz, 48, 7.28 W
1788686639.943855005,0 %, 1690 MHz, 48, 7.28 W
1788686640.044300486,0 %, 1690 MHz, 48, 7.28 W
1788686640.144786512,0 %, 1690 MHz, 48, 7.28 W
1788686640.245142824,0 %, 1690 MHz, 48, 7.28 W
1788686640.345273985,0 %, 1690 MHz, 48, 7.28 W
1788686640.445776938,0 %, 1690 MHz, 48, 7.28 W
1788686640.546147891,0 %, 1690 MHz, 48, 7.28 W
1788686640.646634140,0 %, 1690 MHz, 48, 7.28 W
1788686640.747048613,0 %, 1690 MHz, 48, 7.26 W
1788686640.847291150,0 %, 1690 MHz, 48, 7.26 W
1788686640.947776151,0 %, 1690 MHz, 48, 7.26 W
1788686641.048248336,0 %, 1690 MHz, 48, 7.26 W
1788686641.148705018,0 %, 1690 MHz, 48, 7.26 W
1788686641.248622786,0 %, 1690 MHz, 48, 7.25 W
1788686641.349291323,0 %, 1690 MHz, 48, 7.25 W
1788686641.449736629,0 %, 1690 MHz, 48, 7.25 W
1788686641.550056317,0 %, 1690 MHz, 48, 7.25 W
1788686641.650227670,0 %, 1690 MHz, 48, 7.25 W
1788686641.750447951,0 %, 1690 MHz, 48, 7.29 W
1788686641.851014792,0 %, 1690 MHz, 48, 7.29 W
1788686641.951454993,0 %, 1690 MHz, 48, 7.29 W
1788686642.051782602,0 %, 1690 MHz, 48, 7.29 W
1788686642.152213028,0 %, 1690 MHz, 48, 7.29 W
1788686642.252205324,0 %, 1690 MHz, 48, 7.31 W
1788686642.353087318,0 %, 1690 MHz, 48, 7.31 W
1788686642.453151118,0 %, 1690 MHz, 48, 7.31 W
1788686642.553217975,0 %, 1690 MHz, 48, 7.31 W
1788686642.654027425,0 %, 1690 MHz, 48, 7.31 W
1788686642.754075881,0 %, 1690 MHz, 48, 7.28 W
1788686642.854324754,0 %, 1690 MHz, 48, 7.28 W
1788686642.954892555,0 %, 1690 MHz, 48, 7.28 W
1788686643.054887412,0 %, 1690 MHz, 48, 7.28 W
1788686643.154861709,0 %, 1690 MHz, 48, 7.28 W
1788686643.255600166,0 %, 1690 MHz, 48, 7.25 W
1788686643.356033743,0 %, 1690 MHz, 48, 7.25 W
1788686643.456462761,0 %, 1690 MHz, 48, 7.25 W
1788686643.556720577,0 %, 1690 MHz, 48, 7.25 W
1788686643.657362571,0 %, 1690 MHz, 48, 7.25 W
1788686643.757951700,0 %, 1690 MHz, 48, 7.22 W
1788686643.857774029,0 %, 1690 MHz, 48, 7.22 W
1788686643.958378934,0 %, 1690 MHz, 48, 7.22 W
1788686644.058803583,0 %, 1690 MHz, 48, 7.22 W
1788686644.159278328,0 %, 1690 MHz, 48, 7.22 W
1788686644.259747794,0 %, 1690 MHz, 48, 7.18 W
1788686644.359782970,0 %, 1690 MHz, 48, 7.18 W
1788686644.459985971,0 %, 1690 MHz, 48, 7.18 W
1788686644.560296540,0 %, 1690 MHz, 48, 7.18 W
1788686644.660097893,0 %, 1690 MHz, 48, 7.18 W
1788686644.761040223,0 %, 1690 MHz, 48, 7.17 W
1788686644.861110551,0 %, 1690 MHz, 48, 7.17 W
1788686644.961399536,0 %, 1690 MHz, 48, 7.17 W
1788686645.061928522,0 %, 1690 MHz, 48, 7.17 W
1788686645.162371459,0 %, 1690 MHz, 48, 7.17 W
1788686645.262863228,0 %, 1690 MHz, 48, 7.20 W
1788686645.363008917,0 %, 1690 MHz, 48, 7.20 W
1788686645.463292606,0 %, 1690 MHz, 48, 7.20 W
1788686645.563794920,0 %, 1690 MHz, 48, 7.20 W
1788686645.664269937,0 %, 1690 MHz, 48, 7.20 W
1788686645.764495130,0 %, 1690 MHz, 48, 7.19 W
1788686645.864768211,0 %, 1690 MHz, 48, 7.19 W
1788686645.965093020,0 %, 1690 MHz, 48, 7.19 W
1788686646.065221093,0 %, 1690 MHz, 48, 7.19 W
1788686646.165717966,0 %, 1690 MHz, 48, 7.19 W
1788686646.266127256,0 %, 1690 MHz, 48, 7.18 W
1788686646.366270224,0 %, 1690 MHz, 48, 7.18 W
1788686646.466830826,0 %, 1690 MHz, 48, 7.18 W
1788686646.567127139,0 %, 1690 MHz, 48, 7.18 W
1788686646.667613276,0 %, 1690 MHz, 48, 7.18 W
1788686646.767648693,0 %, 1690 MHz, 48, 7.22 W
1788686646.868450111,0 %, 1690 MHz, 48, 7.22 W
1788686646.968919528,0 %, 1690 MHz, 48, 7.22 W
1788686647.069291489,0 %, 1690 MHz, 48, 7.22 W
1788686647.170032555,0 %, 1690 MHz, 48, 7.22 W
1788686647.269666803,0 %, 1690 MHz, 48, 7.22 W
1788686647.370351933,0 %, 1690 MHz, 48, 7.22 W
1788686647.470878647,0 %, 1690 MHz, 48, 7.22 W
1788686647.571049887,0 %, 1690 MHz, 48, 7.22 W
1788686647.671174408,0 %, 1690 MHz, 48, 7.22 W
1788686647.771980594,0 %, 1690 MHz, 48, 7.16 W
1788686647.872168075,0 %, 1690 MHz, 48, 7.16 W
1788686647.972891717,0 %, 1690 MHz, 48, 7.16 W
1788686648.072928254,0 %, 1690 MHz, 48, 7.16 W
1788686648.173600967,0 %, 1690 MHz, 48, 7.16 W
1788686648.273533072,0 %, 1690 MHz, 48, 7.14 W
1788686648.374048026,0 %, 1690 MHz, 48, 7.14 W
1788686648.474298451,0 %, 1690 MHz, 48, 7.14 W
1788686648.574796220,0 %, 1690 MHz, 48, 7.14 W
1788686648.675275285,0 %, 1690 MHz, 48, 7.14 W
1788686648.775903231,0 %, 1690 MHz, 48, 7.17 W
1788686648.876251256,0 %, 1690 MHz, 48, 7.17 W
1788686648.976751250,0 %, 1690 MHz, 48, 7.17 W
1788686649.076724987,0 %, 1690 MHz, 48, 7.17 W
1788686649.176805428,0 %, 1690 MHz, 48, 7.17 W
1788686649.276888573,0 %, 1690 MHz, 48, 7.22 W
1788686649.377265398,0 %, 1690 MHz, 48, 7.22 W
1788686649.477448383,0 %, 1690 MHz, 48, 7.22 W
1788686649.578079593,0 %, 1690 MHz, 48, 7.22 W
1788686649.678147602,0 %, 1690 MHz, 48, 7.22 W
1788686649.778685355,0 %, 1690 MHz, 48, 7.22 W
1788686649.879195205,0 %, 1690 MHz, 48, 7.22 W
1788686649.979700734,0 %, 1690 MHz, 48, 7.22 W
1788686650.080024151,0 %, 1690 MHz, 48, 7.22 W
1788686650.180122000,0 %, 1690 MHz, 48, 7.22 W
1788686650.280748362,0 %, 1690 MHz, 48, 7.21 W
1788686650.381253939,0 %, 1690 MHz, 48, 7.21 W
1788686650.481800813,0 %, 1690 MHz, 48, 7.21 W
1788686650.582250742,0 %, 1690 MHz, 48, 7.21 W
1788686650.682261391,0 %, 1690 MHz, 48, 7.21 W
1788686650.782680409,0 %, 1690 MHz, 48, 7.19 W
1788686650.882714850,0 %, 1690 MHz, 48, 7.19 W
1788686650.982809739,0 %, 1690 MHz, 48, 7.19 W
1788686651.082873668,0 %, 1690 MHz, 48, 7.19 W
1788686651.183405645,0 %, 1690 MHz, 48, 7.19 W
1788686651.283960327,0 %, 1690 MHz, 48, 7.16 W
1788686651.383828848,0 %, 1690 MHz, 48, 7.16 W
1788686651.484823210,0 %, 1690 MHz, 48, 7.16 W
1788686651.584357234,0 %, 1690 MHz, 48, 7.16 W
1788686651.685628733,0 %, 1690 MHz, 48, 7.16 W
1788686651.785906822,0 %, 1690 MHz, 48, 7.19 W
1788686651.885861967,0 %, 1690 MHz, 48, 7.19 W
1788686651.986579337,0 %, 1690 MHz, 48, 7.19 W
1788686652.087101026,0 %, 1690 MHz, 48, 7.19 W
1788686652.186958491,0 %, 1690 MHz, 48, 7.19 W
1788686652.287155188,0 %, 1690 MHz, 48, 7.21 W
1788686652.387589358,0 %, 1690 MHz, 48, 7.21 W
1788686652.488326296,0 %, 1690 MHz, 48, 7.21 W
1788686652.588598209,0 %, 1690 MHz, 48, 7.21 W
1788686652.688703738,0 %, 1690 MHz, 48, 7.21 W
1788686652.788979155,0 %, 1690 MHz, 48, 7.21 W
1788686652.889572109,0 %, 1690 MHz, 48, 7.21 W
1788686652.990052631,0 %, 1690 MHz, 48, 7.21 W
1788686653.090045696,0 %, 1690 MHz, 48, 7.21 W
1788686653.190512313,0 %, 1690 MHz, 48, 7.21 W
1788686653.290748819,0 %, 1690 MHz, 48, 7.22 W
1788686653.392057181,0 %, 1690 MHz, 48, 7.22 W
1788686653.492362935,0 %, 1690 MHz, 48, 7.22 W
1788686653.592421120,0 %, 1690 MHz, 48, 7.22 W
1788686653.692855177,0 %, 1690 MHz, 48, 7.22 W
1788686653.793136643,0 %, 1690 MHz, 48, 7.20 W
1788686653.893950125,0 %, 1690 MHz, 48, 7.20 W
1788686653.994177254,0 %, 1690 MHz, 48, 7.20 W
1788686654.093807038,0 %, 1690 MHz, 48, 7.20 W
1788686654.194029384,0 %, 1690 MHz, 48, 7.20 W
1788686654.294204833,0 %, 1690 MHz, 48, 7.18 W
1788686654.394858235,0 %, 1690 MHz, 48, 7.18 W
1788686654.494992516,0 %, 1690 MHz, 48, 7.18 W
1788686654.594990061,0 %, 1690 MHz, 48, 7.18 W
1788686654.695647879,0 %, 1690 MHz, 48, 7.18 W
1788686654.796551489,0 %, 1690 MHz, 48, 7.16 W
1788686654.896603066,0 %, 1690 MHz, 48, 7.16 W
1788686654.997056228,0 %, 1690 MHz, 48, 7.16 W
1788686655.097546398,0 %, 1690 MHz, 48, 7.16 W
1788686655.197842711,0 %, 1690 MHz, 48, 7.16 W
1788686655.298103472,0 %, 1690 MHz, 48, 7.15 W
1788686655.398545722,0 %, 1690 MHz, 48, 7.15 W
1788686655.498600803,0 %, 1690 MHz, 48, 7.15 W
1788686655.599059661,0 %, 1690 MHz, 48, 7.15 W
1788686655.699568007,0 %, 1690 MHz, 48, 7.15 W
1788686655.799892704,0 %, 1690 MHz, 48, 7.17 W
1788686655.900231081,0 %, 1690 MHz, 48, 7.17 W
1788686656.000702691,0 %, 1690 MHz, 48, 7.17 W
1788686656.101029565,0 %, 1690 MHz, 48, 7.17 W
1788686656.201848983,0 %, 1690 MHz, 48, 7.17 W
1788686656.301617488,0 %, 1690 MHz, 48, 7.18 W
1788686656.402459722,0 %, 1690 MHz, 48, 7.18 W
1788686656.502710851,0 %, 1690 MHz, 48, 7.18 W
1788686656.603151821,0 %, 1690 MHz, 48, 7.18 W
1788686656.703530886,0 %, 1690 MHz, 48, 7.18 W
1788686656.803951312,0 %, 1690 MHz, 48, 7.18 W
1788686656.904428330,0 %, 1690 MHz, 48, 7.18 W
1788686657.004726323,0 %, 1690 MHz, 48, 7.18 W
1788686657.104928285,0 %, 1690 MHz, 48, 7.18 W
1788686657.205563559,0 %, 1690 MHz, 48, 7.18 W
1788686657.305829632,0 %, 1690 MHz, 48, 7.19 W
1788686657.406163690,0 %, 1690 MHz, 48, 7.19 W
1788686657.506661091,0 %, 1690 MHz, 48, 7.19 W
1788686657.606717069,0 %, 1690 MHz, 48, 7.19 W
1788686657.707171014,0 %, 1690 MHz, 48, 7.19 W
1788686657.807607952,0 %, 1690 MHz, 48, 7.20 W
1788686657.908037114,0 %, 1690 MHz, 48, 7.20 W
1788686658.008164691,0 %, 1690 MHz, 48, 7.20 W
1788686658.108669437,0 %, 1690 MHz, 48, 7.20 W
1788686658.209104903,0 %, 1690 MHz, 48, 7.20 W
1788686658.309599217,0 %, 1690 MHz, 48, 7.17 W
1788686658.410051578,0 %, 1690 MHz, 48, 7.17 W
1788686658.509867987,0 %, 1690 MHz, 48, 7.17 W
1788686658.610362989,0 %, 1690 MHz, 48, 7.17 W
1788686658.710945703,0 %, 1690 MHz, 48, 7.17 W
1788686658.811131504,0 %, 1690 MHz, 48, 7.15 W
1788686658.911428314,0 %, 1690 MHz, 48, 7.15 W
1788686659.012111460,0 %, 1690 MHz, 48, 7.15 W
1788686659.112585982,0 %, 1690 MHz, 48, 7.15 W
1788686659.212339047,0 %, 1690 MHz, 48, 7.15 W
1788686659.312852001,0 %, 1690 MHz, 48, 7.16 W
1788686659.412619129,0 %, 1690 MHz, 48, 7.16 W
1788686659.512893491,0 %, 1690 MHz, 48, 7.16 W
1788686659.613434301,0 %, 1690 MHz, 48, 7.16 W
1788686659.713979735,0 %, 1690 MHz, 48, 7.16 W
1788686659.813978496,0 %, 1690 MHz, 48, 7.14 W
1788686659.914007897,0 %, 1690 MHz, 48, 7.14 W
1788686660.014133587,0 %, 1690 MHz, 48, 7.14 W
1788686660.114387772,0 %, 1690 MHz, 48, 7.14 W
1788686660.214798326,0 %, 1690 MHz, 48, 7.14 W
1788686660.315638752,0 %, 1690 MHz, 48, 7.10 W
1788686660.416220586,0 %, 1690 MHz, 48, 7.10 W
1788686660.516045060,0 %, 1690 MHz, 48, 7.10 W
1788686660.616267981,0 %, 1690 MHz, 48, 7.10 W
1788686660.716967927,0 %, 1690 MHz, 48, 7.10 W
1788686660.817790257,0 %, 1690 MHz, 48, 7.08 W
1788686660.917511546,0 %, 1690 MHz, 48, 7.08 W
1788686661.017826724,0 %, 1690 MHz, 48, 7.08 W
1788686661.118191582,0 %, 1690 MHz, 48, 7.08 W
1788686661.218627464,0 %, 1690 MHz, 48, 7.08 W
1788686661.319181682,0 %, 1690 MHz, 48, 7.09 W
1788686661.419502235,0 %, 1690 MHz, 48, 7.09 W
1788686661.520122117,0 %, 1690 MHz, 48, 7.09 W
1788686661.620246783,0 %, 1690 MHz, 48, 7.09 W
1788686661.720887449,0 %, 1690 MHz, 48, 7.09 W
1788686661.821390243,0 %, 1690 MHz, 48, 7.13 W
1788686661.921920877,0 %, 1690 MHz, 48, 7.13 W
1788686662.022480311,0 %, 1690 MHz, 48, 7.13 W
1788686662.122964929,0 %, 1690 MHz, 48, 7.13 W
1788686662.223050970,0 %, 1690 MHz, 48, 7.16 W
1788686662.323435364,0 %, 1690 MHz, 48, 7.16 W
1788686662.423460333,0 %, 1690 MHz, 48, 7.16 W
1788686662.523861351,0 %, 1690 MHz, 48, 7.16 W
1788686662.624220881,0 %, 1690 MHz, 48, 7.16 W
1788686662.724845131,0 %, 1690 MHz, 48, 7.18 W
1788686662.825369397,0 %, 1690 MHz, 48, 7.18 W
1788686662.925916767,0 %, 1690 MHz, 48, 7.18 W
1788686663.026426985,0 %, 1690 MHz, 48, 7.18 W
1788686663.126973555,0 %, 1690 MHz, 48, 7.18 W
1788686663.227133805,0 %, 1690 MHz, 48, 7.18 W
1788686663.327397414,0 %, 1690 MHz, 48, 7.18 W
1788686663.427761152,0 %, 1690 MHz, 48, 7.18 W
1788686663.528033754,0 %, 1690 MHz, 48, 7.18 W
1788686663.628759252,0 %, 1690 MHz, 48, 7.18 W
1788686663.729092366,0 %, 1690 MHz, 48, 7.16 W
1788686663.829361176,0 %, 1690 MHz, 48, 7.16 W
1788686663.929617601,0 %, 1690 MHz, 48, 7.16 W
1788686664.030153244,0 %, 1690 MHz, 48, 7.16 W
1788686664.130661893,0 %, 1690 MHz, 48, 7.16 W
1788686664.231161216,0 %, 1690 MHz, 48, 7.20 W
1788686664.331808218,0 %, 1690 MHz, 48, 7.20 W
1788686664.432277748,0 %, 1690 MHz, 48, 7.20 W
1788686664.532839566,0 %, 1690 MHz, 48, 7.20 W
1788686664.633328104,0 %, 1690 MHz, 48, 7.20 W
1788686664.734156146,0 %, 1690 MHz, 48, 7.20 W
1788686664.834616796,0 %, 1690 MHz, 48, 7.20 W
1788686664.934779574,0 %, 1690 MHz, 48, 7.20 W
1788686665.035275504,0 %, 1690 MHz, 48, 7.20 W
1788686665.135821626,0 %, 1690 MHz, 48, 7.20 W
1788686665.236316724,0 %, 1690 MHz, 48, 7.14 W
1788686665.336867982,0 %, 1690 MHz, 48, 7.14 W
1788686665.437249784,0 %, 1690 MHz, 48, 7.14 W
1788686665.537804802,0 %, 1690 MHz, 48, 7.14 W
1788686665.637764668,0 %, 1690 MHz, 48, 7.14 W
1788686665.738634214,0 %, 1690 MHz, 48, 7.18 W
1788686665.838822736,0 %, 1690 MHz, 48, 7.18 W
1788686665.939305146,0 %, 1690 MHz, 48, 7.18 W
1788686666.039821524,0 %, 1690 MHz, 48, 7.18 W
1788686666.140300238,0 %, 1690 MHz, 48, 7.18 W
1788686666.240769208,0 %, 1690 MHz, 48, 7.25 W
1788686666.341280690,0 %, 1690 MHz, 48, 7.25 W
1788686666.441822540,0 %, 1690 MHz, 48, 7.25 W
1788686666.542294070,0 %, 1690 MHz, 48, 7.25 W
1788686666.642789553,0 %, 1690 MHz, 48, 7.25 W
1788686666.743646715,0 %, 1690 MHz, 48, 7.26 W
1788686666.843805125,0 %, 1690 MHz, 48, 7.26 W
1788686666.944293983,0 %, 1690 MHz, 48, 7.26 W
1788686667.044780137,0 %, 1690 MHz, 48, 7.26 W
1788686667.145264851,0 %, 1690 MHz, 48, 7.26 W
1788686667.245795645,0 %, 1690 MHz, 48, 7.18 W
1788686667.346299384,0 %, 1690 MHz, 48, 7.18 W
1788686667.446808418,0 %, 1690 MHz, 48, 7.18 W
1788686667.547106380,0 %, 1690 MHz, 48, 7.18 W
1788686667.647648502,0 %, 1690 MHz, 48, 7.18 W
1788686667.747858736,0 %, 1690 MHz, 48, 7.13 W
1788686667.848425130,0 %, 1690 MHz, 48, 7.13 W
1788686667.949088244,0 %, 1690 MHz, 48, 7.13 W
1788686668.049242798,0 %, 1690 MHz, 48, 7.13 W
1788686668.149785048,0 %, 1690 MHz, 48, 7.13 W
1788686668.249999922,0 %, 1690 MHz, 48, 7.16 W
1788686668.350286204,0 %, 1690 MHz, 48, 7.16 W
1788686668.450187461,0 %, 1690 MHz, 48, 7.16 W
1788686668.550598175,0 %, 1690 MHz, 48, 7.16 W
1788686668.650963017,0 %, 1690 MHz, 48, 7.16 W
1788686668.751635188,0 %, 1690 MHz, 48, 7.22 W
1788686668.852111118,0 %, 1690 MHz, 48, 7.22 W
1788686668.952540936,0 %, 1690 MHz, 48, 7.22 W
1788686669.052557425,0 %, 1690 MHz, 48, 7.22 W
1788686669.153448252,0 %, 1690 MHz, 48, 7.22 W
1788686669.253739958,0 %, 1690 MHz, 48, 7.25 W
1788686669.353864912,0 %, 1690 MHz, 48, 7.25 W
1788686669.453821705,0 %, 1690 MHz, 48, 7.25 W
1788686669.553544947,0 %, 1690 MHz, 48, 7.25 W
1788686669.653672092,0 %, 1690 MHz, 48, 7.25 W
1788686669.754357831,0 %, 1690 MHz, 48, 7.23 W
1788686669.855159586,0 %, 1690 MHz, 48, 7.23 W
1788686669.955033259,0 %, 1690 MHz, 48, 7.23 W
1788686670.055132325,0 %, 1690 MHz, 48, 7.23 W
1788686670.155903263,0 %, 1690 MHz, 48, 7.23 W
1788686670.256535114,0 %, 1690 MHz, 48, 7.24 W
1788686670.356705188,0 %, 1690 MHz, 48, 7.24 W
1788686670.457406926,0 %, 1690 MHz, 48, 7.24 W
1788686670.557615096,0 %, 1690 MHz, 48, 7.24 W
1788686670.658160450,0 %, 1690 MHz, 48, 7.24 W
1788686670.757836587,0 %, 1690 MHz, 48, 7.28 W
1788686670.858504838,0 %, 1690 MHz, 48, 7.28 W
1788686670.958987056,0 %, 1690 MHz, 48, 7.28 W
1788686671.059073178,0 %, 1690 MHz, 48, 7.28 W
1788686671.159681268,0 %, 1690 MHz, 48, 7.28 W
1788686671.259672286,0 %, 1690 MHz, 48, 7.29 W
1788686671.359893768,0 %, 1690 MHz, 48, 7.29 W
1788686671.460538370,0 %, 1690 MHz, 48, 7.29 W
1788686671.561075741,0 %, 1690 MHz, 48, 7.29 W
1788686671.661442855,0 %, 1690 MHz, 48, 7.29 W
1788686671.762039761,0 %, 1690 MHz, 48, 7.28 W
1788686671.861881659,0 %, 1690 MHz, 48, 7.28 W
1788686671.962592133,0 %, 1690 MHz, 48, 7.28 W
1788686672.063121552,0 %, 1690 MHz, 48, 7.28 W
1788686672.163099369,0 %, 1690 MHz, 48, 7.28 W
1788686672.263734964,0 %, 1690 MHz, 48, 7.22 W
1788686672.364137230,0 %, 1690 MHz, 48, 7.22 W
1788686672.464782248,0 %, 1690 MHz, 48, 7.22 W
1788686672.565248691,0 %, 1690 MHz, 48, 7.22 W
1788686672.665136812,0 %, 1690 MHz, 48, 7.22 W
1788686672.765985495,0 %, 1690 MHz, 48, 7.19 W
1788686672.866125729,0 %, 1690 MHz, 48, 7.19 W
1788686672.966450027,0 %, 1690 MHz, 48, 7.19 W
1788686673.066970037,0 %, 1690 MHz, 48, 7.19 W
1788686673.167505936,0 %, 1690 MHz, 48, 7.19 W
1788686673.267434682,0 %, 1690 MHz, 48, 7.20 W
1788686673.367799332,0 %, 1690 MHz, 48, 7.20 W
1788686673.468255630,0 %, 1690 MHz, 48, 7.20 W
1788686673.568139144,0 %, 1690 MHz, 48, 7.20 W
1788686673.668513954,0 %, 1690 MHz, 48, 7.20 W
1788686673.769155388,0 %, 1690 MHz, 48, 7.22 W
1788686673.869633335,0 %, 1690 MHz, 48, 7.22 W
1788686673.970152033,0 %, 1690 MHz, 48, 7.22 W
1788686674.070287195,0 %, 1690 MHz, 48, 7.22 W
1788686674.170921670,0 %, 1690 MHz, 48, 7.22 W
1788686674.271434160,0 %, 1690 MHz, 48, 7.21 W
1788686674.372003402,0 %, 1690 MHz, 48, 7.21 W
1788686674.471841956,0 %, 1690 MHz, 48, 7.21 W
1788686674.572157774,0 %, 1690 MHz, 48, 7.21 W
1788686674.672012744,0 %, 1690 MHz, 48, 7.21 W
1788686674.772605410,0 %, 1690 MHz, 48, 7.21 W
1788686674.872684396,0 %, 1690 MHz, 48, 7.21 W
1788686674.973460695,0 %, 1690 MHz, 48, 7.21 W
1788686675.074003857,0 %, 1690 MHz, 48, 7.21 W
1788686675.174488780,0 %, 1690 MHz, 48, 7.21 W
1788686675.274604086,0 %, 1690 MHz, 49, 7.22 W
1788686675.375414545,0 %, 1690 MHz, 49, 7.22 W
1788686675.475954491,0 %, 1690 MHz, 49, 7.22 W
1788686675.576342853,0 %, 1690 MHz, 49, 7.22 W
1788686675.676899872,0 %, 1690 MHz, 49, 7.22 W
1788686675.776594313,0 %, 1690 MHz, 49, 7.22 W
1788686675.877438628,0 %, 1690 MHz, 49, 7.22 W
1788686675.978065967,0 %, 1690 MHz, 49, 7.22 W
1788686676.078607337,0 %, 1690 MHz, 49, 7.22 W
1788686676.179121220,0 %, 1690 MHz, 49, 7.22 W
1788686676.279439438,0 %, 1690 MHz, 49, 7.20 W
1788686676.379253384,0 %, 1690 MHz, 49, 7.20 W
1788686676.479809618,0 %, 1690 MHz, 49, 7.20 W
1788686676.580323997,0 %, 1690 MHz, 49, 7.20 W
1788686676.680871927,0 %, 1690 MHz, 49, 7.20 W
1788686676.781465202,0 %, 1690 MHz, 49, 7.21 W
1788686676.881942300,0 %, 1690 MHz, 49, 7.21 W
1788686676.982415127,0 %, 1690 MHz, 49, 7.21 W
1788686677.082988481,0 %, 1690 MHz, 49, 7.21 W
1788686677.183489100,0 %, 1690 MHz, 49, 7.21 W
1788686677.283712854,0 %, 1690 MHz, 49, 7.24 W
1788686677.383768256,0 %, 1690 MHz, 49, 7.24 W
1788686677.483853514,0 %, 1690 MHz, 49, 7.24 W
1788686677.584163172,0 %, 1690 MHz, 49, 7.24 W
1788686677.684605455,0 %, 1690 MHz, 49, 7.24 W
1788686677.785184233,0 %, 1690 MHz, 49, 7.25 W
1788686677.885668660,0 %, 1690 MHz, 49, 7.25 W
1788686677.985745598,0 %, 1690 MHz, 49, 7.25 W
1788686678.086199544,0 %, 1690 MHz, 49, 7.25 W
1788686678.186639139,0 %, 1690 MHz, 49, 7.25 W
1788686678.287109053,0 %, 1690 MHz, 49, 7.25 W
1788686678.387568376,0 %, 1690 MHz, 49, 7.25 W
1788686678.488060530,0 %, 1690 MHz, 49, 7.25 W
1788686678.588531069,0 %, 1690 MHz, 49, 7.25 W
1788686678.688965767,0 %, 1690 MHz, 49, 7.25 W
1788686678.789180417,0 %, 1690 MHz, 49, 7.23 W
1788686678.889310347,0 %, 1690 MHz, 49, 7.23 W
1788686678.989612598,0 %, 1690 MHz, 49, 7.23 W
1788686679.090211680,0 %, 1690 MHz, 49, 7.23 W
1788686679.190660939,0 %, 1690 MHz, 49, 7.23 W
1788686679.291160053,0 %, 1690 MHz, 49, 7.21 W
1788686679.391619056,0 %, 1690 MHz, 49, 7.21 W
1788686679.492098746,0 %, 1690 MHz, 49, 7.21 W
1788686679.592333493,0 %, 1690 MHz, 49, 7.21 W
1788686679.692870959,0 %, 1690 MHz, 49, 7.21 W
1788686679.793135194,0 %, 1690 MHz, 49, 7.20 W
1788686679.893307732,0 %, 1690 MHz, 49, 7.20 W
1788686679.993944703,0 %, 1690 MHz, 49, 7.20 W
1788686680.094424393,0 %, 1690 MHz, 49, 7.20 W
1788686680.194504835,0 %, 1690 MHz, 49, 7.20 W
1788686680.295011742,0 %, 1690 MHz, 49, 7.19 W
1788686680.395502312,0 %, 1690 MHz, 49, 7.19 W
1788686680.495984355,0 %, 1690 MHz, 49, 7.19 W
1788686680.596477742,0 %, 1690 MHz, 49, 7.19 W
1788686680.696532200,0 %, 1690 MHz, 49, 7.19 W
1788686680.797125762,0 %, 1690 MHz, 49, 7.17 W
1788686680.897201996,0 %, 1690 MHz, 49, 7.17 W
1788686680.997837111,0 %, 1690 MHz, 49, 7.17 W
1788686681.098286210,0 %, 1690 MHz, 49, 7.17 W
1788686681.198746764,0 %, 1690 MHz, 49, 7.17 W
1788686681.299208135,0 %, 1690 MHz, 49, 7.19 W
1788686681.399352017,0 %, 1690 MHz, 49, 7.19 W
1788686681.499192939,0 %, 1690 MHz, 49, 7.19 W
1788686681.599732902,0 %, 1690 MHz, 49, 7.19 W
1788686681.700434561,0 %, 1690 MHz, 49, 7.19 W
1788686681.800809307,0 %, 1690 MHz, 49, 7.22 W
1788686681.901226406,0 %, 1690 MHz, 49, 7.22 W
1788686682.001713472,0 %, 1690 MHz, 49, 7.22 W
1788686682.102165643,0 %, 1690 MHz, 49, 7.22 W
1788686682.202363957,0 %, 1690 MHz, 49, 7.22 W
1788686682.302411359,0 %, 1690 MHz, 49, 7.21 W
1788686682.402596458,0 %, 1690 MHz, 49, 7.21 W
1788686682.503106020,0 %, 1690 MHz, 49, 7.21 W
1788686682.603350271,0 %, 1690 MHz, 49, 7.21 W
1788686682.703993354,0 %, 1690 MHz, 49, 7.21 W
1788686682.804510564,0 %, 1690 MHz, 49, 7.20 W
1788686682.905005503,0 %, 1690 MHz, 49, 7.20 W
1788686683.005543034,0 %, 1690 MHz, 49, 7.20 W
1788686683.106056868,0 %, 1690 MHz, 49, 7.20 W
1788686683.206175535,0 %, 1690 MHz, 49, 7.20 W
1788686683.306733001,0 %, 1690 MHz, 49, 7.23 W
1788686683.407267012,0 %, 1690 MHz, 49, 7.23 W
1788686683.507509631,0 %, 1690 MHz, 49, 7.23 W
1788686683.607295608,0 %, 1690 MHz, 49, 7.23 W
1788686683.707914883,0 %, 1690 MHz, 49, 7.23 W
1788686683.808309198,0 %, 1690 MHz, 49, 7.22 W
1788686683.908856521,0 %, 1690 MHz, 49, 7.22 W
1788686684.009319891,0 %, 1690 MHz, 49, 7.22 W
1788686684.109919758,0 %, 1690 MHz, 49, 7.22 W
1788686684.210352793,0 %, 1690 MHz, 49, 7.22 W
1788686684.310980276,0 %, 1690 MHz, 49, 7.19 W
1788686684.411455102,0 %, 1690 MHz, 49, 7.19 W
1788686684.511983033,0 %, 1690 MHz, 49, 7.19 W
1788686684.612317588,0 %, 1690 MHz, 49, 7.19 W
1788686684.712505054,0 %, 1690 MHz, 49, 7.19 W
1788686684.813137657,0 %, 1690 MHz, 49, 7.21 W
1788686684.913720212,0 %, 1690 MHz, 49, 7.21 W
1788686685.014080831,0 %, 1690 MHz, 49, 7.21 W
1788686685.114455177,0 %, 1690 MHz, 49, 7.21 W
1788686685.214810036,0 %, 1690 MHz, 49, 7.21 W
1788686685.314995198,0 %, 1690 MHz, 49, 7.21 W
1788686685.415877049,0 %, 1690 MHz, 49, 7.21 W
1788686685.515986356,0 %, 1690 MHz, 49, 7.21 W
1788686685.616491647,0 %, 1690 MHz, 49, 7.21 W
1788686685.716997177,0 %, 1690 MHz, 49, 7.21 W
1788686685.817498932,0 %, 1690 MHz, 49, 7.24 W
1788686685.918067551,0 %, 1690 MHz, 49, 7.24 W
1788686686.018257657,0 %, 1690 MHz, 49, 7.24 W
1788686686.118780260,0 %, 1690 MHz, 49, 7.24 W
1788686686.219245439,0 %, 1690 MHz, 49, 7.24 W
1788686686.319701050,0 %, 1690 MHz, 49, 7.26 W
1788686686.420156021,0 %, 1690 MHz, 49, 7.26 W
1788686686.520629807,0 %, 1690 MHz, 49, 7.26 W
1788686686.620865866,0 %, 1690 MHz, 49, 7.26 W
1788686686.721431013,0 %, 1690 MHz, 49, 7.26 W
1788686686.821912912,0 %, 1690 MHz, 49, 7.24 W
1788686686.922346266,0 %, 1690 MHz, 49, 7.24 W
1788686687.022862933,0 %, 1690 MHz, 49, 7.24 W
1788686687.123302384,0 %, 1690 MHz, 49, 7.24 W
1788686687.223479242,0 %, 1690 MHz, 49, 7.24 W
1788686687.323562693,0 %, 1690 MHz, 49, 7.25 W
1788686687.423824639,0 %, 1690 MHz, 49, 7.25 W
1788686687.524332266,0 %, 1690 MHz, 49, 7.25 W
1788686687.624801173,0 %, 1690 MHz, 49, 7.25 W
1788686687.725296400,0 %, 1690 MHz, 49, 7.25 W
1788686687.825797579,0 %, 1690 MHz, 49, 7.25 W
1788686687.925901173,0 %, 1690 MHz, 49, 7.25 W
1788686688.026396336,0 %, 1690 MHz, 49, 7.25 W
1788686688.126844747,0 %, 1690 MHz, 49, 7.25 W
1788686688.227287942,0 %, 1690 MHz, 49, 7.21 W
1788686688.327789393,0 %, 1690 MHz, 49, 7.21 W
1788686688.428233611,0 %, 1690 MHz, 49, 7.21 W
1788686688.528702518,0 %, 1690 MHz, 49, 7.21 W
1788686688.629181713,0 %, 1690 MHz, 49, 7.21 W
1788686688.729646972,0 %, 1690 MHz, 49, 7.18 W
1788686688.829674854,0 %, 1690 MHz, 49, 7.18 W
1788686688.930313697,0 %, 1690 MHz, 49, 7.18 W
1788686689.030825228,0 %, 1690 MHz, 49, 7.18 W
1788686689.131207895,0 %, 1690 MHz, 49, 7.18 W
1788686689.231401122,0 %, 1690 MHz, 49, 7.16 W
1788686689.331452124,0 %, 1690 MHz, 49, 7.16 W
1788686689.431541446,0 %, 1690 MHz, 49, 7.16 W
1788686689.531761345,0 %, 1690 MHz, 49, 7.16 W
1788686689.632361612,0 %, 1690 MHz, 49, 7.16 W
1788686689.732860247,0 %, 1690 MHz, 49, 7.13 W
1788686689.833334866,0 %, 1690 MHz, 49, 7.13 W
1788686689.933175468,0 %, 1690 MHz, 49, 7.13 W
1788686690.033367158,0 %, 1690 MHz, 49, 7.13 W
1788686690.133459569,0 %, 1690 MHz, 49, 7.13 W
1788686690.233512699,0 %, 1690 MHz, 49, 7.14 W
1788686690.333717718,0 %, 1690 MHz, 49, 7.14 W
1788686690.433914113,0 %, 1690 MHz, 49, 7.14 W
1788686690.534430811,0 %, 1690 MHz, 49, 7.14 W
1788686690.634553430,0 %, 1690 MHz, 49, 7.14 W
1788686690.734963153,0 %, 1690 MHz, 49, 7.17 W
1788686690.835334380,0 %, 1690 MHz, 49, 7.17 W
1788686690.936093879,0 %, 1690 MHz, 49, 7.17 W
1788686691.036037873,0 %, 1690 MHz, 49, 7.17 W
1788686691.135985308,0 %, 1690 MHz, 49, 7.17 W
1788686691.236741399,0 %, 1690 MHz, 49, 7.18 W
1788686691.336649025,0 %, 1690 MHz, 49, 7.18 W
1788686691.437568477,0 %, 1690 MHz, 49, 7.18 W
1788686691.537921207,0 %, 1690 MHz, 49, 7.18 W
1788686691.638533379,0 %, 1690 MHz, 49, 7.18 W
1788686691.738175805,0 %, 1690 MHz, 49, 7.18 W
1788686691.838409191,0 %, 1690 MHz, 49, 7.18 W
1788686691.938107601,0 %, 1690 MHz, 49, 7.18 W
1788686692.039164909,0 %, 1690 MHz, 49, 7.18 W
1788686692.139555608,0 %, 1690 MHz, 49, 7.18 W
1788686692.239459522,0 %, 1690 MHz, 49, 7.20 W
1788686692.340249550,0 %, 1690 MHz, 49, 7.20 W
1788686692.440212712,0 %, 1690 MHz, 49, 7.20 W
1788686692.540425411,0 %, 1690 MHz, 49, 7.20 W
1788686692.640717437,0 %, 1690 MHz, 49, 7.20 W
1788686692.741416953,0 %, 1690 MHz, 49, 7.20 W
1788686692.841573139,0 %, 1690 MHz, 49, 7.20 W
1788686692.941508766,0 %, 1690 MHz, 49, 7.20 W
1788686693.041271672,0 %, 1690 MHz, 49, 7.20 W
1788686693.141975283,0 %, 1690 MHz, 49, 7.20 W
1788686693.242547118,0 %, 1690 MHz, 49, 7.20 W
1788686693.342928169,0 %, 1690 MHz, 49, 7.20 W
1788686693.443416948,0 %, 1690 MHz, 49, 7.20 W
1788686693.543863567,0 %, 1690 MHz, 49, 7.20 W
1788686693.644312058,0 %, 1690 MHz, 49, 7.20 W
1788686693.744850837,0 %, 1690 MHz, 49, 7.20 W
1788686693.845245344,0 %, 1690 MHz, 49, 7.20 W
1788686693.945350987,0 %, 1690 MHz, 49, 7.20 W
1788686694.045843814,0 %, 1690 MHz, 49, 7.20 W
1788686694.146282177,0 %, 1690 MHz, 49, 7.20 W
1788686694.246774428,0 %, 1690 MHz, 49, 7.18 W
1788686694.347221639,0 %, 1690 MHz, 49, 7.18 W
1788686694.447734610,0 %, 1690 MHz, 49, 7.18 W
1788686694.547748973,0 %, 1690 MHz, 49, 7.18 W
1788686694.648259496,0 %, 1690 MHz, 49, 7.18 W
1788686694.748767843,0 %, 1690 MHz, 49, 7.14 W
1788686694.848929758,0 %, 1690 MHz, 49, 7.14 W
1788686694.949359257,0 %, 1690 MHz, 49, 7.14 W
1788686695.049894068,0 %, 1690 MHz, 49, 7.14 W
1788686695.150318239,0 %, 1690 MHz, 49, 7.14 W
1788686695.250547754,0 %, 1690 MHz, 48, 7.14 W
1788686695.350740548,0 %, 1690 MHz, 48, 7.14 W
1788686695.451150207,0 %, 1690 MHz, 48, 7.14 W
1788686695.551323482,0 %, 1690 MHz, 48, 7.14 W
1788686695.651576117,0 %, 1690 MHz, 48, 7.14 W
1788686695.752046688,0 %, 1690 MHz, 48, 7.16 W
1788686695.852534683,0 %, 1690 MHz, 48, 7.16 W
1788686695.953035462,0 %, 1690 MHz, 48, 7.16 W
1788686696.053360961,0 %, 1690 MHz, 48, 7.16 W
1788686696.153472988,0 %, 1690 MHz, 48, 7.16 W
1788686696.253944359,0 %, 1690 MHz, 48, 7.14 W
1788686696.354165490,0 %, 1690 MHz, 48, 7.14 W
1788686696.454611965,0 %, 1690 MHz, 48, 7.14 W
1788686696.554863384,0 %, 1690 MHz, 48, 7.14 W
1788686696.655193795,0 %, 1690 MHz, 48, 7.14 W
1788686696.755390174,0 %, 1690 MHz, 48, 7.12 W
1788686696.855579256,0 %, 1690 MHz, 48, 7.12 W
1788686696.955759427,0 %, 1690 MHz, 48, 7.12 W
1788686697.056229854,0 %, 1690 MHz, 48, 7.12 W
1788686697.156865946,0 %, 1690 MHz, 48, 7.12 W
1788686697.257493157,0 %, 1690 MHz, 48, 7.14 W
1788686697.357326032,0 %, 1690 MHz, 48, 7.14 W
1788686697.457080970,0 %, 1690 MHz, 48, 7.14 W
1788686697.557461477,0 %, 1690 MHz, 48, 7.14 W
1788686697.658043488,0 %, 1690 MHz, 48, 7.14 W
1788686697.758548619,0 %, 1690 MHz, 48, 7.14 W
1788686697.858885958,0 %, 1690 MHz, 48, 7.14 W
1788686697.959307825,0 %, 1690 MHz, 48, 7.14 W
1788686698.059755357,0 %, 1690 MHz, 48, 7.14 W
1788686698.160287448,0 %, 1690 MHz, 48, 7.14 W
1788686698.260729235,0 %, 1690 MHz, 48, 7.13 W
1788686698.361294174,0 %, 1690 MHz, 48, 7.13 W
1788686698.461287673,0 %, 1690 MHz, 48, 7.13 W
1788686698.561200404,0 %, 1690 MHz, 48, 7.13 W
1788686698.661796991,0 %, 1690 MHz, 48, 7.13 W
1788686698.762053194,0 %, 1690 MHz, 48, 7.15 W
1788686698.862839125,0 %, 1690 MHz, 48, 7.15 W
1788686698.962924784,0 %, 1690 MHz, 48, 7.15 W
1788686699.063354939,0 %, 1690 MHz, 48, 7.15 W
1788686699.163784327,0 %, 1690 MHz, 48, 7.15 W
1788686699.264240162,0 %, 1690 MHz, 48, 7.20 W
1788686699.364661549,0 %, 1690 MHz, 48, 7.20 W
1788686699.465124600,0 %, 1690 MHz, 48, 7.20 W
1788686699.565583363,0 %, 1690 MHz, 48, 7.20 W
1788686699.665950702,0 %, 1690 MHz, 48, 7.20 W
1788686699.766394234,0 %, 1690 MHz, 48, 7.18 W
1788686699.866678565,0 %, 1690 MHz, 48, 7.18 W
1788686699.966870256,0 %, 1690 MHz, 48, 7.18 W
1788686700.067601019,0 %, 1690 MHz, 48, 7.18 W
1788686700.168146631,0 %, 1690 MHz, 48, 7.18 W
1788686700.268299857,0 %, 1690 MHz, 48, 7.16 W
1788686700.368613581,0 %, 1690 MHz, 48, 7.16 W
1788686700.469106536,0 %, 1690 MHz, 48, 7.16 W
1788686700.569290355,0 %, 1690 MHz, 48, 7.16 W
1788686700.669335182,0 %, 1690 MHz, 48, 7.16 W
1788686700.770235225,0 %, 1690 MHz, 48, 7.18 W
1788686700.870232276,0 %, 1690 MHz, 48, 7.18 W
1788686700.970767695,0 %, 1690 MHz, 48, 7.18 W
1788686701.071492443,0 %, 1690 MHz, 48, 7.18 W
1788686701.171722278,0 %, 1690 MHz, 48, 7.18 W
1788686701.272154161,0 %, 1690 MHz, 48, 7.17 W
1788686701.372557916,0 %, 1690 MHz, 48, 7.17 W
1788686701.473023896,0 %, 1690 MHz, 48, 7.17 W
1788686701.573211603,0 %, 1690 MHz, 48, 7.17 W
1788686701.673050141,0 %, 1690 MHz, 48, 7.17 W
1788686701.773542345,0 %, 1690 MHz, 48, 7.18 W
1788686701.873816180,0 %, 1690 MHz, 48, 7.18 W
1788686701.974527647,0 %, 1690 MHz, 48, 7.18 W
1788686702.075095835,0 %, 1690 MHz, 48, 7.18 W
1788686702.175272310,0 %, 1690 MHz, 48, 7.18 W
1788686702.275576625,0 %, 1690 MHz, 48, 7.18 W
1788686702.376072412,0 %, 1690 MHz, 48, 7.18 W
1788686702.476575784,0 %, 1690 MHz, 48, 7.18 W
1788686702.576795523,0 %, 1690 MHz, 48, 7.18 W
1788686702.677174494,0 %, 1690 MHz, 48, 7.18 W
1788686702.777575705,0 %, 1690 MHz, 48, 7.18 W
1788686702.877706804,0 %, 1690 MHz, 48, 7.18 W
1788686702.977937743,0 %, 1690 MHz, 48, 7.18 W
1788686703.078543563,0 %, 1690 MHz, 48, 7.18 W
1788686703.179022038,0 %, 1690 MHz, 48, 7.18 W
1788686703.279465521,0 %, 1690 MHz, 48, 7.18 W
1788686703.379926701,0 %, 1690 MHz, 48, 7.18 W
1788686703.480462696,0 %, 1690 MHz, 48, 7.18 W
1788686703.580998916,0 %, 1690 MHz, 48, 7.18 W
1788686703.681523695,0 %, 1690 MHz, 48, 7.18 W
1788686703.781890666,0 %, 1690 MHz, 48, 7.21 W
1788686703.881856325,0 %, 1690 MHz, 48, 7.21 W
1788686703.982467681,0 %, 1690 MHz, 48, 7.21 W
1788686704.082955660,0 %, 1690 MHz, 48, 7.21 W
1788686704.183418519,0 %, 1690 MHz, 48, 7.21 W
1788686704.283875715,0 %, 1690 MHz, 48, 7.23 W
1788686704.384277134,0 %, 1690 MHz, 48, 7.23 W
1788686704.484736505,0 %, 1690 MHz, 48, 7.23 W
1788686704.585150757,0 %, 1690 MHz, 48, 7.23 W
1788686704.685542416,0 %, 1690 MHz, 48, 7.23 W
1788686704.785653419,0 %, 1690 MHz, 48, 7.22 W
1788686704.886080198,0 %, 1690 MHz, 48, 7.22 W
1788686704.986819842,0 %, 1690 MHz, 48, 7.22 W
1788686705.086805453,0 %, 1690 MHz, 48, 7.22 W
1788686705.187662697,0 %, 1690 MHz, 48, 7.22 W
1788686705.288128628,0 %, 1690 MHz, 47, 7.22 W
1788686705.388851920,0 %, 1690 MHz, 47, 7.22 W
1788686705.489137979,0 %, 1690 MHz, 47, 7.22 W
1788686705.589537943,0 %, 1690 MHz, 47, 7.22 W
1788686705.689794930,0 %, 1690 MHz, 47, 7.22 W
1788686705.790091885,0 %, 1690 MHz, 47, 7.22 W
1788686705.890373656,0 %, 1690 MHz, 47, 7.22 W
1788686705.991007460,0 %, 1690 MHz, 47, 7.22 W
1788686706.091271023,0 %, 1690 MHz, 47, 7.22 W
1788686706.191659643,0 %, 1690 MHz, 47, 7.22 W
1788686706.291996230,0 %, 1690 MHz, 47, 7.20 W
1788686706.392666322,0 %, 1690 MHz, 47, 7.20 W
1788686706.493056029,0 %, 1690 MHz, 47, 7.20 W
1788686706.593270936,0 %, 1690 MHz, 47, 7.20 W
1788686706.693765956,0 %, 1690 MHz, 47, 7.20 W
1788686706.794599664,0 %, 1690 MHz, 47, 7.14 W
1788686706.894604714,0 %, 1690 MHz, 47, 7.14 W
1788686706.994808198,0 %, 1690 MHz, 47, 7.14 W
1788686707.095435601,0 %, 1690 MHz, 47, 7.14 W
1788686707.195650845,0 %, 1690 MHz, 47, 7.14 W
1788686707.296358872,0 %, 1690 MHz, 47, 7.09 W
1788686707.396678292,0 %, 1690 MHz, 47, 7.09 W
1788686707.497053631,0 %, 1690 MHz, 47, 7.09 W
1788686707.597413434,0 %, 1690 MHz, 47, 7.09 W
1788686707.697545366,0 %, 1690 MHz, 47, 7.09 W
1788686707.797729281,0 %, 1690 MHz, 47, 7.09 W
1788686707.897770892,0 %, 1690 MHz, 47, 7.09 W
1788686707.998050807,0 %, 1690 MHz, 47, 7.09 W
1788686708.098967203,0 %, 1690 MHz, 47, 7.09 W
1788686708.199350430,0 %, 1690 MHz, 47, 7.09 W
1788686708.299759754,0 %, 1690 MHz, 47, 7.13 W
1788686708.400367414,0 %, 1690 MHz, 47, 7.13 W
1788686708.500712417,0 %, 1690 MHz, 47, 7.13 W
1788686708.600914652,0 %, 1690 MHz, 47, 7.13 W
1788686708.700381031,0 %, 1690 MHz, 47, 7.13 W
1788686708.801140578,0 %, 1690 MHz, 47, 7.15 W
1788686708.901554398,0 %, 1690 MHz, 47, 7.15 W
1788686709.002117354,0 %, 1690 MHz, 47, 7.15 W
1788686709.102781749,0 %, 1690 MHz, 47, 7.15 W
1788686709.202964433,0 %, 1690 MHz, 47, 7.15 W
1788686709.303311804,0 %, 1690 MHz, 47, 7.13 W
1788686709.403646407,0 %, 1690 MHz, 47, 7.13 W
1788686709.504040179,0 %, 1690 MHz, 47, 7.13 W
1788686709.604679199,0 %, 1690 MHz, 47, 7.13 W
1788686709.705008554,0 %, 1690 MHz, 47, 7.13 W
1788686709.805043429,0 %, 1690 MHz, 47, 7.11 W
1788686709.905350929,0 %, 1690 MHz, 47, 7.11 W
1788686710.005805788,0 %, 1690 MHz, 47, 7.11 W
1788686710.106136808,0 %, 1690 MHz, 47, 7.11 W
1788686710.206856707,0 %, 1690 MHz, 47, 7.11 W
1788686710.305982205,0 %, 1690 MHz, 47, 7.11 W
1788686710.406036729,0 %, 1690 MHz, 47, 7.11 W
1788686710.507429973,0 %, 1690 MHz, 47, 7.11 W
1788686710.607815713,0 %, 1690 MHz, 47, 7.11 W
1788686710.708159676,0 %, 1690 MHz, 47, 7.11 W
1788686710.808181223,0 %, 1690 MHz, 47, 7.10 W
1788686710.908708451,0 %, 1690 MHz, 47, 7.10 W
1788686711.008644030,0 %, 1690 MHz, 47, 7.10 W
1788686711.109649034,0 %, 1690 MHz, 47, 7.10 W
1788686711.210076742,0 %, 1690 MHz, 47, 7.10 W
1788686711.310355873,0 %, 1690 MHz, 47, 7.07 W
1788686711.411074173,0 %, 1690 MHz, 47, 7.07 W
1788686711.511358793,0 %, 1690 MHz, 47, 7.07 W
1788686711.611748628,0 %, 1690 MHz, 47, 7.07 W
1788686711.712117408,0 %, 1690 MHz, 47, 7.07 W
1788686711.812855484,0 %, 1690 MHz, 46, 7.11 W
1788686711.912449334,0 %, 1690 MHz, 46, 7.11 W
1788686712.013290322,0 %, 1690 MHz, 46, 7.11 W
1788686712.113608574,0 %, 1690 MHz, 46, 7.11 W
1788686712.213497593,0 %, 1690 MHz, 46, 7.11 W
1788686712.314220341,0 %, 1690 MHz, 46, 7.14 W
1788686712.414887425,0 %, 1690 MHz, 46, 7.14 W
1788686712.514486347,0 %, 1690 MHz, 46, 7.14 W
1788686712.615498888,0 %, 1690 MHz, 46, 7.14 W
1788686712.715761283,0 %, 1690 MHz, 46, 7.14 W
1788686712.816165503,0 %, 1690 MHz, 46, 7.16 W
1788686712.916286458,0 %, 1690 MHz, 46, 7.16 W
1788686713.017137750,0 %, 1690 MHz, 46, 7.16 W
1788686713.117460018,0 %, 1690 MHz, 46, 7.16 W
1788686713.217434733,0 %, 1690 MHz, 46, 7.16 W
1788686713.318119785,0 %, 1690 MHz, 46, 7.18 W
1788686713.418826693,0 %, 1690 MHz, 46, 7.18 W
1788686713.519021088,0 %, 1690 MHz, 46, 7.18 W
1788686713.619290364,0 %, 1690 MHz, 46, 7.18 W
1788686713.719594551,0 %, 1690 MHz, 46, 7.18 W
1788686713.819820178,0 %, 1690 MHz, 46, 7.17 W
1788686713.920042910,0 %, 1690 MHz, 46, 7.17 W
1788686714.020931482,0 %, 1690 MHz, 46, 7.17 W
1788686714.121184358,0 %, 1690 MHz, 46, 7.17 W
1788686714.221483777,0 %, 1690 MHz, 46, 7.17 W
1788686714.321802093,0 %, 1690 MHz, 46, 7.19 W
1788686714.422161976,0 %, 1690 MHz, 46, 7.19 W
1788686714.522891380,0 %, 1690 MHz, 46, 7.19 W
1788686714.622634783,0 %, 1690 MHz, 46, 7.19 W
1788686714.723466155,0 %, 1690 MHz, 46, 7.19 W
1788686714.823615863,0 %, 1690 MHz, 46, 7.16 W
1788686714.923833778,0 %, 1690 MHz, 46, 7.16 W
1788686715.024006942,0 %, 1690 MHz, 46, 7.16 W
1788686715.125028362,0 %, 1690 MHz, 46, 7.16 W
1788686715.225358454,0 %, 1690 MHz, 46, 7.16 W
1788686715.324746416,0 %, 1690 MHz, 46, 7.14 W
1788686715.425910525,0 %, 1690 MHz, 46, 7.14 W
1788686715.526215880,0 %, 1690 MHz, 46, 7.14 W
1788686715.626485828,0 %, 1690 MHz, 46, 7.14 W
1788686715.727137856,0 %, 1690 MHz, 46, 7.14 W
1788686715.827136139,0 %, 1690 MHz, 46, 7.11 W
1788686715.926798790,0 %, 1690 MHz, 46, 7.11 W
1788686716.027868178,0 %, 1690 MHz, 46, 7.11 W
1788686716.128181022,0 %, 1690 MHz, 46, 7.11 W
1788686716.228525482,0 %, 1690 MHz, 46, 7.11 W
1788686716.328721589,0 %, 1690 MHz, 46, 7.10 W
1788686716.429394065,0 %, 1690 MHz, 46, 7.10 W
1788686716.529751853,0 %, 1690 MHz, 46, 7.10 W
1788686716.630053480,0 %, 1690 MHz, 46, 7.10 W
1788686716.730580612,0 %, 1690 MHz, 46, 7.12 W
1788686716.830353631,0 %, 1690 MHz, 46, 7.12 W
1788686716.930903963,0 %, 1690 MHz, 46, 7.12 W
1788686717.031671239,0 %, 1690 MHz, 46, 7.12 W
1788686717.131884531,0 %, 1690 MHz, 46, 7.12 W
1788686717.232170750,0 %, 1690 MHz, 46, 7.16 W
1788686717.332535802,0 %, 1690 MHz, 46, 7.16 W
1788686717.432745926,0 %, 1690 MHz, 46, 7.16 W
1788686717.533063137,0 %, 1690 MHz, 46, 7.16 W
1788686717.633782493,0 %, 1690 MHz, 46, 7.16 W
1788686717.734114313,0 %, 1690 MHz, 46, 7.17 W
1788686717.834101188,0 %, 1690 MHz, 46, 7.17 W
1788686717.934619968,0 %, 1690 MHz, 46, 7.17 W
1788686718.035401965,0 %, 1690 MHz, 46, 7.17 W
1788686718.135837576,0 %, 1690 MHz, 46, 7.17 W
1788686718.236221108,0 %, 1690 MHz, 46, 7.17 W
1788686718.336508640,0 %, 1690 MHz, 46, 7.17 W
1788686718.437224892,0 %, 1690 MHz, 46, 7.17 W
1788686718.537549896,0 %, 1690 MHz, 46, 7.17 W
1788686718.637782691,0 %, 1690 MHz, 46, 7.17 W
1788686718.738174719,0 %, 1690 MHz, 46, 7.17 W
1788686718.838172314,0 %, 1690 MHz, 46, 7.17 W
1788686718.938510006,0 %, 1690 MHz, 46, 7.17 W
1788686719.039334498,0 %, 1690 MHz, 46, 7.17 W
1788686719.139647998,0 %, 1690 MHz, 46, 7.17 W
1788686719.239875786,0 %, 1690 MHz, 46, 7.18 W
1788686719.340183861,0 %, 1690 MHz, 46, 7.18 W
1788686719.440571041,0 %, 1690 MHz, 46, 7.18 W
1788686719.540791229,0 %, 1690 MHz, 46, 7.18 W
1788686719.641409961,0 %, 1690 MHz, 46, 7.18 W
1788686719.741760453,0 %, 1690 MHz, 46, 7.17 W
1788686719.841831440,0 %, 1690 MHz, 46, 7.17 W
1788686719.942329996,0 %, 1690 MHz, 46, 7.17 W
1788686720.042712712,0 %, 1690 MHz, 46, 7.17 W
1788686720.143426180,0 %, 1690 MHz, 46, 7.17 W
1788686720.243661696,0 %, 1690 MHz, 45, 7.15 W
1788686720.343911403,0 %, 1690 MHz, 45, 7.15 W
1788686720.444209591,0 %, 1690 MHz, 45, 7.15 W
1788686720.543471090,0 %, 1690 MHz, 45, 7.15 W
1788686720.643478077,0 %, 1690 MHz, 45, 7.15 W
1788686720.743600569,0 %, 1690 MHz, 45, 7.14 W
1788686720.844307093,0 %, 1690 MHz, 45, 7.14 W
1788686720.944341136,0 %, 1690 MHz, 45, 7.14 W
1788686721.045538013,0 %, 1690 MHz, 45, 7.14 W
1788686721.145858425,0 %, 1690 MHz, 45, 7.14 W
1788686721.245848580,0 %, 1690 MHz, 45, 7.16 W
1788686721.346546480,0 %, 1690 MHz, 45, 7.16 W
1788686721.446719852,0 %, 1690 MHz, 45, 7.16 W
1788686721.547459320,0 %, 1690 MHz, 45, 7.16 W
1788686721.647379108,0 %, 1690 MHz, 45, 7.16 W
1788686721.748444752,0 %, 1690 MHz, 45, 7.21 W
1788686721.848730428,0 %, 1690 MHz, 45, 7.21 W
1788686721.948599047,0 %, 1690 MHz, 45, 7.21 W
1788686722.049185156,0 %, 1690 MHz, 45, 7.21 W
1788686722.149518015,0 %, 1690 MHz, 45, 7.21 W
1788686722.249732859,0 %, 1690 MHz, 45, 7.24 W
1788686722.350380567,0 %, 1690 MHz, 45, 7.24 W
1788686722.450570179,0 %, 1690 MHz, 45, 7.24 W
1788686722.551076959,0 %, 1690 MHz, 45, 7.24 W
1788686722.651483083,0 %, 1690 MHz, 45, 7.24 W
1788686722.751578918,0 %, 1690 MHz, 45, 7.21 W
1788686722.852504483,0 %, 1690 MHz, 45, 7.21 W
1788686722.952623135,0 %, 1690 MHz, 45, 7.21 W
1788686723.053118475,0 %, 1690 MHz, 45, 7.21 W
1788686723.153327014,0 %, 1690 MHz, 45, 7.21 W
1788686723.253842306,0 %, 1690 MHz, 45, 7.20 W
1788686723.354356191,0 %, 1690 MHz, 45, 7.20 W
1788686723.454660474,0 %, 1690 MHz, 45, 7.20 W
1788686723.554986326,0 %, 1690 MHz, 45, 7.20 W
1788686723.655635379,0 %, 1690 MHz, 45, 7.20 W
