1788684732.559431982,0 %, 1690 MHz, 53, 7.07 W
1788684732.660531456,0 %, 1690 MHz, 53, 7.07 W
1788684732.760662800,0 %, 1690 MHz, 53, 7.07 W
1788684732.860880368,0 %, 1690 MHz, 53, 7.07 W
1788684732.960718255,0 %, 1690 MHz, 52, 7.47 W
1788684733.061023759,0 %, 1690 MHz, 52, 7.47 W
1788684733.161439199,0 %, 1690 MHz, 52, 7.47 W
1788684733.261675759,0 %, 1690 MHz, 52, 7.47 W
1788684733.361518142,0 %, 1690 MHz, 52, 7.47 W
1788684733.461577757,0 %, 1690 MHz, 52, 7.46 W
1788684733.561977870,0 %, 1690 MHz, 52, 7.46 W
1788684733.662140253,0 %, 1690 MHz, 52, 7.46 W
1788684733.762134461,0 %, 1690 MHz, 52, 7.46 W
1788684733.862679709,0 %, 1690 MHz, 52, 7.46 W
1788684733.962914429,0 %, 1690 MHz, 52, 7.41 W
1788684734.063515038,0 %, 1690 MHz, 52, 7.41 W
1788684734.163634717,0 %, 1690 MHz, 52, 7.41 W
1788684734.263737517,0 %, 1690 MHz, 52, 7.41 W
1788684734.364033837,0 %, 1690 MHz, 52, 7.41 W
1788684734.464155565,0 %, 1690 MHz, 52, 7.39 W
1788684734.564436221,0 %, 1690 MHz, 52, 7.39 W
1788684734.664748285,0 %, 1690 MHz, 52, 7.39 W
1788684734.764940604,0 %, 1690 MHz, 52, 7.39 W
1788684734.865119964,0 %, 1690 MHz, 52, 7.39 W
1788684734.965438556,0 %, 1690 MHz, 52, 7.41 W
1788684735.065596780,0 %, 1690 MHz, 52, 7.41 W
1788684735.165352363,0 %, 1690 MHz, 52, 7.41 W
1788684735.265805211,0 %, 1690 MHz, 52, 7.41 W
1788684735.365993643,0 %, 1690 MHz, 52, 7.41 W
1788684735.466229851,0 %, 1690 MHz, 52, 7.41 W
1788684735.567020332,0 %, 1690 MHz, 52, 7.41 W
1788684735.666828187,0 %, 1690 MHz, 52, 7.41 W
1788684735.767037067,0 %, 1690 MHz, 52, 7.41 W
1788684735.867231594,0 %, 1690 MHz, 52, 7.41 W
1788684735.967447402,0 %, 1690 MHz, 52, 7.40 W
1788684736.067677050,0 %, 1690 MHz, 52, 7.40 W
1788684736.167842554,0 %, 1690 MHz, 52, 7.40 W
1788684736.268051322,0 %, 1690 MHz, 52, 7.40 W
1788684736.368245593,0 %, 1690 MHz, 52, 7.40 W
1788684736.468448233,0 %, 1690 MHz, 52, 7.35 W
1788684736.568570121,0 %, 1690 MHz, 52, 7.35 W
1788684736.668880617,0 %, 1690 MHz, 52, 7.35 W
1788684736.769066616,0 %, 1690 MHz, 52, 7.35 W
1788684736.868809255,0 %, 1690 MHz, 52, 7.35 W
1788684736.969108167,0 %, 1690 MHz, 52, 7.34 W
1788684737.068938198,0 %, 1690 MHz, 52, 7.34 W
1788684737.169455671,0 %, 1690 MHz, 52, 7.34 W
1788684737.269637174,0 %, 1690 MHz, 52, 7.34 W
1788684737.370215815,0 %, 1690 MHz, 52, 7.34 W
1788684737.470500791,0 %, 1690 MHz, 52, 7.38 W
1788684737.570790135,0 %, 1690 MHz, 52, 7.38 W
1788684737.670905063,0 %, 1690 MHz, 52, 7.38 W
1788684737.770905222,0 %, 1690 MHz, 52, 7.38 W
1788684737.871389622,0 %, 1690 MHz, 52, 7.38 W
1788684737.971581814,1 %, 1690 MHz, 52, 7.41 W
1788684738.071682854,1 %, 1690 MHz, 52, 7.41 W
1788684738.172048326,1 %, 1690 MHz, 52, 7.41 W
1788684738.271955957,1 %, 1690 MHz, 52, 7.41 W
1788684738.372334565,1 %, 1690 MHz, 52, 7.41 W
1788684738.472667189,1 %, 1690 MHz, 52, 7.41 W
1788684738.572872229,1 %, 1690 MHz, 52, 7.41 W
1788684738.673544934,1 %, 1690 MHz, 52, 7.41 W
1788684738.772963396,1 %, 1690 MHz, 52, 7.41 W
1788684738.873709829,1 %, 1690 MHz, 52, 7.41 W
1788684738.973914372,0 %, 1690 MHz, 52, 7.40 W
1788684739.074265861,0 %, 1690 MHz, 52, 7.40 W
1788684739.174468020,0 %, 1690 MHz, 52, 7.40 W
1788684739.274610260,0 %, 1690 MHz, 52, 7.40 W
1788684739.374771188,0 %, 1690 MHz, 52, 7.40 W
1788684739.474925763,0 %, 1690 MHz, 52, 7.40 W
1788684739.574962131,0 %, 1690 MHz, 52, 7.40 W
1788684739.675527123,0 %, 1690 MHz, 52, 7.40 W
1788684739.775658195,0 %, 1690 MHz, 52, 7.40 W
1788684739.875920451,0 %, 1690 MHz, 52, 7.40 W
1788684739.976095955,0 %, 1690 MHz, 52, 7.42 W
1788684740.076377362,0 %, 1690 MHz, 52, 7.42 W
1788684740.176502194,0 %, 1690 MHz, 52, 7.42 W
1788684740.276826978,0 %, 1690 MHz, 52, 7.42 W
1788684740.377007218,0 %, 1690 MHz, 52, 7.42 W
1788684740.477271746,0 %, 1690 MHz, 52, 7.41 W
1788684740.577394529,0 %, 1690 MHz, 52, 7.41 W
1788684740.677687409,0 %, 1690 MHz, 52, 7.41 W
1788684740.777976113,0 %, 1690 MHz, 52, 7.41 W
1788684740.877765088,0 %, 1690 MHz, 52, 7.41 W
1788684740.978602497,1 %, 1690 MHz, 52, 7.42 W
1788684741.078314272,1 %, 1690 MHz, 52, 7.42 W
1788684741.178789536,1 %, 1690 MHz, 52, 7.42 W
1788684741.279011552,1 %, 1690 MHz, 52, 7.42 W
1788684741.379292960,1 %, 1690 MHz, 52, 7.42 W
1788684741.479619008,1 %, 1690 MHz, 52, 7.44 W
1788684741.579205054,1 %, 1690 MHz, 52, 7.44 W
1788684741.679521055,1 %, 1690 MHz, 52, 7.44 W
1788684741.779787950,1 %, 1690 MHz, 52, 7.44 W
1788684741.880293743,1 %, 1690 MHz, 52, 7.44 W
1788684741.980437166,2 %, 1690 MHz, 52, 7.45 W
1788684742.081143295,2 %, 1690 MHz, 52, 7.45 W
1788684742.181202591,2 %, 1690 MHz, 52, 7.45 W
1788684742.281409263,2 %, 1690 MHz, 52, 7.45 W
1788684742.381988223,2 %, 1690 MHz, 52, 7.45 W
1788684742.482240831,2 %, 1690 MHz, 52, 7.46 W
1788684742.582374511,2 %, 1690 MHz, 52, 7.46 W
1788684742.682491070,2 %, 1690 MHz, 52, 7.46 W
1788684742.782647374,2 %, 1690 MHz, 52, 7.46 W
1788684742.882750749,2 %, 1690 MHz, 52, 7.46 W
1788684742.982936925,1 %, 1690 MHz, 52, 7.47 W
1788684743.083225309,1 %, 1690 MHz, 52, 7.47 W
1788684743.183095036,1 %, 1690 MHz, 52, 7.47 W
1788684743.283281660,1 %, 1690 MHz, 52, 7.47 W
1788684743.383378859,1 %, 1690 MHz, 52, 7.47 W
1788684743.483534699,1 %, 1690 MHz, 52, 7.49 W
1788684743.583756747,1 %, 1690 MHz, 52, 7.49 W
1788684743.683792538,1 %, 1690 MHz, 52, 7.49 W
1788684743.784134298,1 %, 1690 MHz, 52, 7.49 W
1788684743.884229274,1 %, 1690 MHz, 52, 7.49 W
1788684743.984962411,1 %, 1690 MHz, 52, 7.44 W
1788684744.084929146,1 %, 1690 MHz, 52, 7.44 W
1788684744.185003033,1 %, 1690 MHz, 52, 7.44 W
1788684744.285142729,1 %, 1690 MHz, 52, 7.44 W
1788684744.385747802,1 %, 1690 MHz, 52, 7.44 W
1788684744.485792121,1 %, 1690 MHz, 52, 7.42 W
1788684744.585859848,1 %, 1690 MHz, 52, 7.42 W
1788684744.686283817,1 %, 1690 MHz, 52, 7.42 W
1788684744.786262808,1 %, 1690 MHz, 52, 7.42 W
1788684744.886676280,1 %, 1690 MHz, 52, 7.42 W
1788684744.987198105,3 %, 1690 MHz, 52, 7.43 W
1788684745.087340024,3 %, 1690 MHz, 52, 7.43 W
1788684745.187789096,3 %, 1690 MHz, 52, 7.43 W
1788684745.288172457,3 %, 1690 MHz, 52, 7.43 W
1788684745.388433337,3 %, 1690 MHz, 52, 7.43 W
1788684745.489054265,3 %, 1690 MHz, 52, 7.40 W
1788684745.589455273,3 %, 1690 MHz, 52, 7.40 W
1788684745.689457897,3 %, 1690 MHz, 52, 7.40 W
1788684745.790007689,3 %, 1690 MHz, 52, 7.40 W
1788684745.890679178,3 %, 1690 MHz, 52, 7.40 W
1788684745.990077688,1 %, 1690 MHz, 52, 7.35 W
1788684746.091035737,1 %, 1690 MHz, 52, 7.35 W
1788684746.191214361,1 %, 1690 MHz, 52, 7.35 W
1788684746.291916138,1 %, 1690 MHz, 52, 7.35 W
1788684746.392349866,1 %, 1690 MHz, 52, 7.35 W
1788684746.492361817,1 %, 1690 MHz, 52, 7.34 W
1788684746.593119178,1 %, 1690 MHz, 52, 7.34 W
1788684746.693050217,1 %, 1690 MHz, 52, 7.34 W
1788684746.793847275,1 %, 1690 MHz, 52, 7.34 W
1788684746.894374699,1 %, 1690 MHz, 52, 7.34 W
1788684746.994855371,2 %, 1690 MHz, 52, 7.43 W
1788684747.095327756,2 %, 1690 MHz, 52, 7.43 W
1788684747.195842268,2 %, 1690 MHz, 52, 7.43 W
1788684747.296036172,2 %, 1690 MHz, 52, 7.43 W
1788684747.396427804,2 %, 1690 MHz, 52, 7.43 W
1788684747.497000397,2 %, 1690 MHz, 52, 7.49 W
1788684747.597091180,2 %, 1690 MHz, 52, 7.49 W
1788684747.697198332,2 %, 1690 MHz, 52, 7.49 W
1788684747.797453563,2 %, 1690 MHz, 52, 7.49 W
1788684747.897909740,2 %, 1690 MHz, 52, 7.49 W
1788684747.998111723,1 %, 1690 MHz, 52, 7.49 W
1788684748.098201499,1 %, 1690 MHz, 52, 7.49 W
1788684748.198680939,1 %, 1690 MHz, 52, 7.49 W
1788684748.299333324,1 %, 1690 MHz, 52, 7.49 W
1788684748.399375915,1 %, 1690 MHz, 52, 7.49 W
1788684748.499555051,1 %, 1690 MHz, 52, 7.47 W
1788684748.599546186,1 %, 1690 MHz, 52, 7.47 W
1788684748.699850250,1 %, 1690 MHz, 52, 7.47 W
1788684748.799878762,1 %, 1690 MHz, 52, 7.47 W
1788684748.899904841,1 %, 1690 MHz, 52, 7.47 W
1788684749.000429497,2 %, 1690 MHz, 52, 7.45 W
1788684749.100724505,2 %, 1690 MHz, 52, 7.45 W
1788684749.201152330,2 %, 1690 MHz, 52, 7.45 W
1788684749.301671178,2 %, 1690 MHz, 52, 7.45 W
1788684749.402335579,2 %, 1690 MHz, 52, 7.45 W
1788684749.502709227,2 %, 1690 MHz, 52, 7.46 W
1788684749.603158971,2 %, 1690 MHz, 52, 7.46 W
1788684749.703738860,2 %, 1690 MHz, 52, 7.46 W
1788684749.804432044,2 %, 1690 MHz, 52, 7.46 W
1788684749.904542540,2 %, 1690 MHz, 52, 7.46 W
1788684750.004862252,1 %, 1690 MHz, 52, 7.47 W
1788684750.105289292,1 %, 1690 MHz, 52, 7.47 W
1788684750.205282827,1 %, 1690 MHz, 52, 7.47 W
1788684750.306119725,1 %, 1690 MHz, 52, 7.47 W
1788684750.406024844,1 %, 1690 MHz, 52, 7.47 W
1788684750.506149195,1 %, 1690 MHz, 52, 7.49 W
1788684750.606644812,1 %, 1690 MHz, 52, 7.49 W
1788684750.707093836,1 %, 1690 MHz, 52, 7.49 W
1788684750.807577436,1 %, 1690 MHz, 52, 7.49 W
1788684750.908048940,1 %, 1690 MHz, 52, 7.49 W
1788684751.008264716,0 %, 1690 MHz, 52, 8.19 W
1788684751.108743405,0 %, 1690 MHz, 52, 8.19 W
1788684751.209236061,0 %, 1690 MHz, 52, 8.19 W
1788684751.309919662,0 %, 1690 MHz, 52, 8.19 W
1788684751.410413934,0 %, 1690 MHz, 52, 8.19 W
1788684751.510640798,0 %, 1690 MHz, 52, 8.16 W
1788684751.611334879,0 %, 1690 MHz, 52, 8.16 W
1788684751.711593342,0 %, 1690 MHz, 52, 8.16 W
1788684751.812117535,0 %, 1690 MHz, 52, 8.16 W
1788684751.912609295,0 %, 1690 MHz, 52, 8.16 W
1788684752.013019695,0 %, 1690 MHz, 52, 7.40 W
1788684752.113456608,0 %, 1690 MHz, 52, 7.40 W
1788684752.213750687,0 %, 1690 MHz, 52, 7.40 W
1788684752.314423088,0 %, 1690 MHz, 52, 7.40 W
1788684752.414906449,0 %, 1690 MHz, 52, 7.40 W
1788684752.515168800,0 %, 1690 MHz, 52, 7.40 W
1788684752.615901409,0 %, 1690 MHz, 52, 7.40 W
1788684752.716134257,0 %, 1690 MHz, 52, 7.40 W
1788684752.816601361,0 %, 1690 MHz, 52, 7.40 W
1788684752.917080850,0 %, 1690 MHz, 52, 7.40 W
1788684753.017484754,0 %, 1690 MHz, 52, 7.41 W
1788684753.117989970,0 %, 1690 MHz, 52, 7.41 W
1788684753.218484195,0 %, 1690 MHz, 52, 7.41 W
1788684753.319227076,0 %, 1690 MHz, 52, 7.41 W
1788684753.419255747,0 %, 1690 MHz, 52, 7.41 W
1788684753.519718947,0 %, 1690 MHz, 52, 7.41 W
1788684753.620206483,0 %, 1690 MHz, 52, 7.41 W
1788684753.720632532,0 %, 1690 MHz, 52, 7.41 W
1788684753.821322676,0 %, 1690 MHz, 52, 7.41 W
1788684753.921642532,0 %, 1690 MHz, 52, 7.41 W
1788684754.022416677,0 %, 1690 MHz, 52, 7.41 W
1788684754.122325732,0 %, 1690 MHz, 52, 7.41 W
1788684754.222809029,0 %, 1690 MHz, 52, 7.41 W
1788684754.323452165,0 %, 1690 MHz, 52, 7.41 W
1788684754.423762997,0 %, 1690 MHz, 52, 7.41 W
1788684754.524236870,0 %, 1690 MHz, 52, 7.41 W
1788684754.624662710,0 %, 1690 MHz, 52, 7.41 W
1788684754.725125478,0 %, 1690 MHz, 52, 7.41 W
1788684754.825610743,0 %, 1690 MHz, 52, 7.41 W
1788684754.926256343,0 %, 1690 MHz, 52, 7.40 W
1788684755.026248310,0 %, 1690 MHz, 52, 7.40 W
1788684755.126787703,0 %, 1690 MHz, 52, 7.40 W
1788684755.227418839,0 %, 1690 MHz, 52, 7.40 W
1788684755.327915816,0 %, 1690 MHz, 52, 7.40 W
1788684755.428230632,0 %, 1690 MHz, 52, 7.40 W
1788684755.528633144,0 %, 1690 MHz, 52, 7.40 W
1788684755.629119896,0 %, 1690 MHz, 52, 7.40 W
1788684755.729517320,0 %, 1690 MHz, 52, 7.40 W
1788684755.830084553,0 %, 1690 MHz, 52, 7.40 W
1788684755.930343929,0 %, 1690 MHz, 52, 7.40 W
1788684756.030714073,0 %, 1690 MHz, 52, 7.40 W
1788684756.130915080,0 %, 1690 MHz, 52, 7.40 W
1788684756.231017976,0 %, 1690 MHz, 52, 7.40 W
1788684756.331131143,0 %, 1690 MHz, 52, 7.40 W
1788684756.431677304,0 %, 1690 MHz, 52, 7.40 W
1788684756.532267896,0 %, 1690 MHz, 52, 7.40 W
1788684756.632370008,0 %, 1690 MHz, 52, 7.40 W
1788684756.732882168,0 %, 1690 MHz, 52, 7.40 W
1788684756.833328456,0 %, 1690 MHz, 52, 7.40 W
1788684756.933890457,0 %, 1690 MHz, 52, 7.43 W
1788684757.034276665,0 %, 1690 MHz, 52, 7.43 W
1788684757.134795993,0 %, 1690 MHz, 52, 7.43 W
1788684757.234937353,0 %, 1690 MHz, 52, 7.43 W
1788684757.335434105,0 %, 1690 MHz, 52, 7.43 W
1788684757.435879370,0 %, 1690 MHz, 52, 7.47 W
1788684757.536359770,0 %, 1690 MHz, 52, 7.47 W
1788684757.636618858,0 %, 1690 MHz, 52, 7.47 W
1788684757.737095786,0 %, 1690 MHz, 52, 7.47 W
1788684757.837544490,0 %, 1690 MHz, 52, 7.47 W
1788684757.938019146,0 %, 1690 MHz, 52, 7.46 W
1788684758.038228730,0 %, 1690 MHz, 52, 7.46 W
1788684758.138739083,0 %, 1690 MHz, 52, 7.46 W
1788684758.239255435,0 %, 1690 MHz, 52, 7.46 W
1788684758.339457403,0 %, 1690 MHz, 52, 7.46 W
1788684758.439931083,0 %, 1690 MHz, 52, 7.42 W
1788684758.540390379,0 %, 1690 MHz, 52, 7.42 W
1788684758.640901915,0 %, 1690 MHz, 52, 7.42 W
1788684758.741530492,0 %, 1690 MHz, 52, 7.42 W
1788684758.841213483,0 %, 1690 MHz, 52, 7.42 W
1788684758.941785595,0 %, 1690 MHz, 52, 7.39 W
1788684759.042307292,0 %, 1690 MHz, 52, 7.39 W
1788684759.143024380,0 %, 1690 MHz, 52, 7.39 W
1788684759.243467596,0 %, 1690 MHz, 52, 7.39 W
1788684759.343942765,0 %, 1690 MHz, 52, 7.39 W
1788684759.444395373,0 %, 1690 MHz, 52, 7.37 W
1788684759.544897053,0 %, 1690 MHz, 52, 7.37 W
1788684759.645336590,0 %, 1690 MHz, 52, 7.37 W
1788684759.745865262,0 %, 1690 MHz, 52, 7.37 W
1788684759.845847533,0 %, 1690 MHz, 52, 7.37 W
1788684759.946218797,0 %, 1690 MHz, 52, 7.41 W
1788684760.046708958,0 %, 1690 MHz, 52, 7.41 W
1788684760.147372718,0 %, 1690 MHz, 52, 7.41 W
1788684760.247490014,0 %, 1690 MHz, 52, 7.41 W
1788684760.347760494,0 %, 1690 MHz, 52, 7.41 W
1788684760.448216910,0 %, 1690 MHz, 52, 7.44 W
1788684760.548521790,0 %, 1690 MHz, 52, 7.44 W
1788684760.648669789,0 %, 1690 MHz, 52, 7.44 W
1788684760.748881917,0 %, 1690 MHz, 52, 7.44 W
1788684760.849010732,0 %, 1690 MHz, 52, 7.44 W
1788684760.949055100,0 %, 1690 MHz, 52, 7.45 W
1788684761.049102203,0 %, 1690 MHz, 52, 7.45 W
1788684761.149032522,0 %, 1690 MHz, 52, 7.45 W
1788684761.249142953,0 %, 1690 MHz, 52, 7.45 W
1788684761.349349513,0 %, 1690 MHz, 52, 7.45 W
1788684761.449297736,0 %, 1690 MHz, 52, 7.39 W
1788684761.549880201,0 %, 1690 MHz, 52, 7.39 W
1788684761.649732392,0 %, 1690 MHz, 52, 7.39 W
1788684761.749772855,0 %, 1690 MHz, 52, 7.39 W
1788684761.850214183,0 %, 1690 MHz, 52, 7.39 W
1788684761.950350183,0 %, 1690 MHz, 52, 7.34 W
1788684762.050312262,0 %, 1690 MHz, 52, 7.34 W
1788684762.151201511,0 %, 1690 MHz, 52, 7.34 W
1788684762.251539031,0 %, 1690 MHz, 52, 7.34 W
1788684762.351925447,0 %, 1690 MHz, 52, 7.34 W
1788684762.451977798,0 %, 1690 MHz, 52, 7.34 W
1788684762.552821383,0 %, 1690 MHz, 52, 7.34 W
1788684762.653021031,0 %, 1690 MHz, 52, 7.34 W
1788684762.753172903,0 %, 1690 MHz, 52, 7.34 W
1788684762.853565335,0 %, 1690 MHz, 52, 7.34 W
1788684762.953776902,0 %, 1690 MHz, 52, 7.34 W
1788684763.054203991,0 %, 1690 MHz, 52, 7.34 W
1788684763.154872055,0 %, 1690 MHz, 52, 7.34 W
1788684763.255398712,0 %, 1690 MHz, 52, 7.34 W
1788684763.355809992,0 %, 1690 MHz, 52, 7.34 W
1788684763.456020023,0 %, 1690 MHz, 52, 7.35 W
1788684763.556500504,0 %, 1690 MHz, 52, 7.35 W
1788684763.656967688,0 %, 1690 MHz, 52, 7.35 W
1788684763.757516728,0 %, 1690 MHz, 52, 7.35 W
1788684763.857941256,0 %, 1690 MHz, 52, 7.35 W
1788684763.958626313,0 %, 1690 MHz, 52, 7.35 W
1788684764.058933833,0 %, 1690 MHz, 52, 7.35 W
1788684764.159407369,0 %, 1690 MHz, 52, 7.35 W
1788684764.259888458,0 %, 1690 MHz, 52, 7.35 W
1788684764.360346058,0 %, 1690 MHz, 52, 7.35 W
1788684764.460720266,0 %, 1690 MHz, 52, 7.37 W
1788684764.561157338,0 %, 1690 MHz, 52, 7.37 W
1788684764.661673722,0 %, 1690 MHz, 52, 7.37 W
1788684764.762111418,0 %, 1690 MHz, 52, 7.37 W
1788684764.862457178,0 %, 1690 MHz, 52, 7.37 W
1788684764.962777242,0 %, 1690 MHz, 52, 7.38 W
1788684765.063236827,0 %, 1690 MHz, 52, 7.38 W
1788684765.164149132,0 %, 1690 MHz, 52, 7.38 W
1788684765.264213275,0 %, 1690 MHz, 52, 7.38 W
1788684765.364699371,0 %, 1690 MHz, 52, 7.38 W
1788684765.465181420,0 %, 1690 MHz, 52, 7.36 W
1788684765.565492236,0 %, 1690 MHz, 52, 7.36 W
1788684765.665460427,0 %, 1690 MHz, 52, 7.36 W
1788684765.766147883,0 %, 1690 MHz, 52, 7.36 W
1788684765.866297099,0 %, 1690 MHz, 52, 7.36 W
1788684765.966417914,0 %, 1690 MHz, 52, 7.36 W
1788684766.066871227,0 %, 1690 MHz, 52, 7.36 W
1788684766.167135530,0 %, 1690 MHz, 52, 7.36 W
1788684766.267699403,0 %, 1690 MHz, 52, 7.36 W
1788684766.368072299,0 %, 1690 MHz, 52, 7.36 W
1788684766.468580891,0 %, 1690 MHz, 52, 7.32 W
1788684766.568805083,0 %, 1690 MHz, 52, 7.32 W
1788684766.669284219,0 %, 1690 MHz, 52, 7.32 W
1788684766.769776363,0 %, 1690 MHz, 52, 7.32 W
1788684766.869863243,0 %, 1690 MHz, 52, 7.32 W
1788684766.970399291,0 %, 1690 MHz, 52, 7.29 W
1788684767.070858123,0 %, 1690 MHz, 52, 7.29 W
1788684767.171307900,0 %, 1690 MHz, 52, 7.29 W
1788684767.271750188,0 %, 1690 MHz, 52, 7.29 W
1788684767.371837531,0 %, 1690 MHz, 52, 7.29 W
1788684767.471906362,0 %, 1690 MHz, 52, 7.36 W
1788684767.572459643,0 %, 1690 MHz, 52, 7.36 W
1788684767.672788875,0 %, 1690 MHz, 52, 7.36 W
1788684767.773392763,0 %, 1690 MHz, 52, 7.36 W
1788684767.873871452,0 %, 1690 MHz, 52, 7.36 W
1788684767.974119275,0 %, 1690 MHz, 52, 7.37 W
1788684768.074629324,0 %, 1690 MHz, 52, 7.37 W
1788684768.174710443,0 %, 1690 MHz, 52, 7.37 W
1788684768.274955531,0 %, 1690 MHz, 52, 7.37 W
1788684768.375129834,0 %, 1690 MHz, 52, 7.37 W
1788684768.475409914,0 %, 1690 MHz, 52, 7.36 W
1788684768.575972922,0 %, 1690 MHz, 52, 7.36 W
1788684768.676367994,0 %, 1690 MHz, 52, 7.36 W
1788684768.776900987,0 %, 1690 MHz, 52, 7.36 W
1788684768.877356139,0 %, 1690 MHz, 52, 7.36 W
1788684768.977459098,0 %, 1690 MHz, 52, 7.36 W
1788684769.077533034,0 %, 1690 MHz, 52, 7.36 W
1788684769.177838586,0 %, 1690 MHz, 52, 7.36 W
1788684769.278244634,0 %, 1690 MHz, 52, 7.36 W
1788684769.378368745,0 %, 1690 MHz, 52, 7.36 W
1788684769.478881034,0 %, 1690 MHz, 52, 7.36 W
1788684769.579063241,0 %, 1690 MHz, 52, 7.36 W
1788684769.679388073,0 %, 1690 MHz, 52, 7.36 W
1788684769.779619257,0 %, 1690 MHz, 52, 7.36 W
1788684769.879532776,0 %, 1690 MHz, 52, 7.36 W
1788684769.979907640,0 %, 1690 MHz, 52, 7.35 W
1788684770.079884999,0 %, 1690 MHz, 52, 7.35 W
1788684770.179946406,0 %, 1690 MHz, 52, 7.35 W
1788684770.280589831,0 %, 1690 MHz, 52, 7.35 W
1788684770.380923255,0 %, 1690 MHz, 52, 7.35 W
1788684770.481344919,0 %, 1690 MHz, 52, 7.34 W
1788684770.581449158,0 %, 1690 MHz, 52, 7.34 W
1788684770.682179847,0 %, 1690 MHz, 52, 7.34 W
1788684770.782454983,0 %, 1690 MHz, 52, 7.34 W
1788684770.882376774,0 %, 1690 MHz, 52, 7.34 W
1788684770.982761558,0 %, 1690 MHz, 52, 7.33 W
1788684771.083062917,0 %, 1690 MHz, 52, 7.33 W
1788684771.183247445,0 %, 1690 MHz, 52, 7.33 W
1788684771.283409717,0 %, 1690 MHz, 52, 7.33 W
1788684771.383494532,0 %, 1690 MHz, 52, 7.33 W
1788684771.483845780,0 %, 1690 MHz, 52, 7.37 W
1788684771.583781443,0 %, 1690 MHz, 52, 7.37 W
1788684771.683889442,0 %, 1690 MHz, 52, 7.37 W
1788684771.784209138,0 %, 1690 MHz, 52, 7.37 W
1788684771.884061841,0 %, 1690 MHz, 52, 7.37 W
1788684771.984271409,0 %, 1690 MHz, 52, 7.38 W
1788684772.084543536,0 %, 1690 MHz, 52, 7.38 W
1788684772.184668624,0 %, 1690 MHz, 52, 7.38 W
1788684772.284843391,0 %, 1690 MHz, 52, 7.38 W
1788684772.384745438,0 %, 1690 MHz, 52, 7.38 W
1788684772.485001262,0 %, 1690 MHz, 52, 7.35 W
1788684772.585293758,0 %, 1690 MHz, 52, 7.35 W
1788684772.685560046,0 %, 1690 MHz, 52, 7.35 W
1788684772.785720605,0 %, 1690 MHz, 52, 7.35 W
1788684772.886141309,0 %, 1690 MHz, 52, 7.35 W
1788684772.986461869,0 %, 1690 MHz, 52, 7.36 W
1788684773.086459644,0 %, 1690 MHz, 52, 7.36 W
1788684773.186708444,0 %, 1690 MHz, 52, 7.36 W
1788684773.287171452,0 %, 1690 MHz, 52, 7.36 W
1788684773.387642044,0 %, 1690 MHz, 52, 7.36 W
1788684773.488099085,0 %, 1690 MHz, 52, 7.36 W
1788684773.588163564,0 %, 1690 MHz, 52, 7.36 W
1788684773.688685740,0 %, 1690 MHz, 52, 7.36 W
1788684773.789566461,0 %, 1690 MHz, 52, 7.36 W
1788684773.889653053,0 %, 1690 MHz, 52, 7.36 W
1788684773.989819740,0 %, 1690 MHz, 52, 7.36 W
1788684774.089861995,0 %, 1690 MHz, 52, 7.36 W
1788684774.190006123,0 %, 1690 MHz, 52, 7.36 W
1788684774.290401179,0 %, 1690 MHz, 52, 7.36 W
1788684774.391059739,0 %, 1690 MHz, 52, 7.36 W
1788684774.491616044,0 %, 1690 MHz, 52, 7.37 W
1788684774.591903996,0 %, 1690 MHz, 52, 7.37 W
1788684774.692052971,0 %, 1690 MHz, 52, 7.37 W
1788684774.791942266,0 %, 1690 MHz, 52, 7.37 W
1788684774.892136298,0 %, 1690 MHz, 52, 7.37 W
1788684774.992090425,0 %, 1690 MHz, 52, 7.39 W
1788684775.092302904,0 %, 1690 MHz, 52, 7.39 W
1788684775.192469384,0 %, 1690 MHz, 52, 7.39 W
1788684775.292848424,0 %, 1690 MHz, 52, 7.39 W
1788684775.392966807,0 %, 1690 MHz, 52, 7.39 W
1788684775.492970550,0 %, 1690 MHz, 52, 7.40 W
1788684775.593168102,0 %, 1690 MHz, 52, 7.40 W
1788684775.693343893,0 %, 1690 MHz, 52, 7.40 W
1788684775.793846118,0 %, 1690 MHz, 52, 7.40 W
1788684775.894292454,0 %, 1690 MHz, 52, 7.40 W
1788684775.994424613,0 %, 1690 MHz, 52, 7.41 W
1788684776.094517509,0 %, 1690 MHz, 52, 7.41 W
1788684776.194653764,0 %, 1690 MHz, 52, 7.41 W
1788684776.294787571,0 %, 1690 MHz, 52, 7.41 W
1788684776.394967939,0 %, 1690 MHz, 52, 7.41 W
1788684776.495125410,0 %, 1690 MHz, 52, 7.39 W
1788684776.595330882,0 %, 1690 MHz, 52, 7.39 W
1788684776.695391825,0 %, 1690 MHz, 52, 7.39 W
1788684776.795675761,0 %, 1690 MHz, 52, 7.39 W
1788684776.895601104,0 %, 1690 MHz, 52, 7.39 W
1788684776.995590175,0 %, 1690 MHz, 52, 7.38 W
1788684777.095659838,0 %, 1690 MHz, 52, 7.38 W
1788684777.195752766,0 %, 1690 MHz, 52, 7.38 W
1788684777.296136238,0 %, 1690 MHz, 52, 7.38 W
1788684777.396255373,0 %, 1690 MHz, 52, 7.38 W
1788684777.496739533,0 %, 1690 MHz, 52, 7.37 W
1788684777.597186750,0 %, 1690 MHz, 52, 7.37 W
1788684777.697642030,0 %, 1690 MHz, 52, 7.37 W
1788684777.797862525,0 %, 1690 MHz, 52, 7.37 W
1788684777.898375886,0 %, 1690 MHz, 52, 7.37 W
1788684777.998605949,0 %, 1690 MHz, 52, 7.37 W
1788684778.098563820,0 %, 1690 MHz, 52, 7.37 W
1788684778.199105693,0 %, 1690 MHz, 52, 7.37 W
1788684778.299588941,0 %, 1690 MHz, 52, 7.37 W
1788684778.400028957,0 %, 1690 MHz, 52, 7.37 W
1788684778.500577757,0 %, 1690 MHz, 52, 7.36 W
1788684778.600732061,0 %, 1690 MHz, 52, 7.36 W
1788684778.700982076,0 %, 1690 MHz, 52, 7.36 W
1788684778.801436141,0 %, 1690 MHz, 52, 7.36 W
1788684778.902044461,0 %, 1690 MHz, 52, 7.36 W
1788684779.002490541,0 %, 1690 MHz, 52, 7.38 W
1788684779.102485340,0 %, 1690 MHz, 52, 7.38 W
1788684779.202901244,0 %, 1690 MHz, 52, 7.38 W
1788684779.303406781,0 %, 1690 MHz, 52, 7.38 W
1788684779.403857613,0 %, 1690 MHz, 52, 7.38 W
1788684779.504370541,0 %, 1690 MHz, 52, 7.37 W
1788684779.604808237,0 %, 1690 MHz, 52, 7.37 W
1788684779.705252573,0 %, 1690 MHz, 52, 7.37 W
1788684779.805311836,0 %, 1690 MHz, 52, 7.37 W
1788684779.905279580,0 %, 1690 MHz, 52, 7.37 W
1788684780.005932028,0 %, 1690 MHz, 52, 7.37 W
1788684780.106297260,0 %, 1690 MHz, 52, 7.37 W
1788684780.206411579,0 %, 1690 MHz, 52, 7.37 W
1788684780.306545611,0 %, 1690 MHz, 52, 7.37 W
1788684780.406781642,0 %, 1690 MHz, 52, 7.37 W
1788684780.507412427,0 %, 1690 MHz, 52, 7.37 W
1788684780.607874459,0 %, 1690 MHz, 52, 7.37 W
1788684780.707918138,0 %, 1690 MHz, 52, 7.37 W
1788684780.807970410,0 %, 1690 MHz, 52, 7.37 W
1788684780.908704618,0 %, 1690 MHz, 52, 7.37 W
1788684781.008886650,0 %, 1690 MHz, 52, 7.36 W
1788684781.108957961,0 %, 1690 MHz, 52, 7.36 W
1788684781.209211769,0 %, 1690 MHz, 52, 7.36 W
1788684781.309672361,0 %, 1690 MHz, 52, 7.36 W
1788684781.409826072,0 %, 1690 MHz, 52, 7.36 W
1788684781.510093208,0 %, 1690 MHz, 52, 7.34 W
1788684781.610389352,0 %, 1690 MHz, 52, 7.34 W
1788684781.710231831,0 %, 1690 MHz, 52, 7.34 W
1788684781.810611047,0 %, 1690 MHz, 52, 7.34 W
1788684781.910554902,0 %, 1690 MHz, 52, 7.34 W
1788684782.010868997,0 %, 1690 MHz, 52, 7.33 W
1788684782.110851076,0 %, 1690 MHz, 52, 7.33 W
1788684782.210852852,0 %, 1690 MHz, 52, 7.33 W
1788684782.311035555,0 %, 1690 MHz, 52, 7.33 W
1788684782.410915890,0 %, 1690 MHz, 52, 7.33 W
1788684782.511264546,0 %, 1690 MHz, 52, 7.35 W
1788684782.611600338,0 %, 1690 MHz, 52, 7.35 W
1788684782.711725281,0 %, 1690 MHz, 52, 7.35 W
1788684782.811709376,0 %, 1690 MHz, 52, 7.35 W
1788684782.912061200,0 %, 1690 MHz, 52, 7.35 W
1788684783.012150463,0 %, 1690 MHz, 52, 7.34 W
1788684783.112257919,0 %, 1690 MHz, 52, 7.34 W
1788684783.212370958,0 %, 1690 MHz, 52, 7.34 W
1788684783.312169373,0 %, 1690 MHz, 52, 7.34 W
1788684783.412934366,0 %, 1690 MHz, 52, 7.34 W
1788684783.512925021,0 %, 1690 MHz, 52, 7.34 W
1788684783.612873100,0 %, 1690 MHz, 52, 7.34 W
1788684783.713288380,0 %, 1690 MHz, 52, 7.34 W
1788684783.813359467,0 %, 1690 MHz, 52, 7.34 W
1788684783.913372890,0 %, 1690 MHz, 52, 7.34 W
1788684784.013717034,0 %, 1690 MHz, 52, 7.34 W
1788684784.113258872,0 %, 1690 MHz, 52, 7.34 W
1788684784.213952729,0 %, 1690 MHz, 52, 7.34 W
1788684784.314008728,0 %, 1690 MHz, 52, 7.34 W
1788684784.414181511,0 %, 1690 MHz, 52, 7.34 W
1788684784.514350087,0 %, 1690 MHz, 52, 7.31 W
1788684784.614274934,0 %, 1690 MHz, 52, 7.31 W
1788684784.714641110,0 %, 1690 MHz, 52, 7.31 W
1788684784.814724821,0 %, 1690 MHz, 52, 7.31 W
1788684784.914725748,0 %, 1690 MHz, 52, 7.31 W
1788684785.014959460,0 %, 1690 MHz, 52, 7.30 W
1788684785.115175955,0 %, 1690 MHz, 52, 7.30 W
1788684785.215275459,0 %, 1690 MHz, 52, 7.30 W
1788684785.315329122,0 %, 1690 MHz, 52, 7.30 W
1788684785.415896210,0 %, 1690 MHz, 52, 7.30 W
1788684785.516328978,0 %, 1690 MHz, 52, 7.27 W
1788684785.616864002,0 %, 1690 MHz, 52, 7.27 W
1788684785.717507987,0 %, 1690 MHz, 52, 7.27 W
1788684785.817320210,0 %, 1690 MHz, 52, 7.27 W
1788684785.917681106,0 %, 1690 MHz, 52, 7.27 W
1788684786.017879921,0 %, 1690 MHz, 52, 7.24 W
1788684786.118246673,0 %, 1690 MHz, 52, 7.24 W
1788684786.218059840,0 %, 1690 MHz, 52, 7.24 W
1788684786.318757392,0 %, 1690 MHz, 52, 7.24 W
1788684786.418707903,0 %, 1690 MHz, 52, 7.24 W
1788684786.519297712,0 %, 1690 MHz, 52, 7.28 W
1788684786.618997870,0 %, 1690 MHz, 52, 7.28 W
1788684786.719889871,0 %, 1690 MHz, 52, 7.28 W
1788684786.820485488,0 %, 1690 MHz, 52, 7.28 W
1788684786.920663007,0 %, 1690 MHz, 52, 7.28 W
1788684787.020293565,0 %, 1690 MHz, 52, 7.32 W
1788684787.121164718,0 %, 1690 MHz, 52, 7.32 W
1788684787.221656751,0 %, 1690 MHz, 52, 7.32 W
1788684787.322141791,0 %, 1690 MHz, 52, 7.32 W
1788684787.423970866,0 %, 1690 MHz, 52, 7.32 W
1788684787.524435714,0 %, 1690 MHz, 52, 7.32 W
1788684787.624924850,0 %, 1690 MHz, 52, 7.32 W
1788684787.725323714,0 %, 1690 MHz, 52, 7.32 W
1788684787.825568722,0 %, 1690 MHz, 52, 7.32 W
1788684787.926050306,0 %, 1690 MHz, 52, 7.31 W
1788684788.026394098,0 %, 1690 MHz, 52, 7.31 W
1788684788.126912338,0 %, 1690 MHz, 52, 7.31 W
1788684788.226865377,0 %, 1690 MHz, 52, 7.31 W
1788684788.327380785,0 %, 1690 MHz, 52, 7.31 W
1788684788.427564081,0 %, 1690 MHz, 52, 7.32 W
1788684788.528345570,0 %, 1690 MHz, 52, 7.32 W
1788684788.628408241,0 %, 1690 MHz, 52, 7.32 W
1788684788.728408960,0 %, 1690 MHz, 52, 7.32 W
1788684788.829039408,0 %, 1690 MHz, 52, 7.32 W
1788684788.929517793,0 %, 1690 MHz, 52, 7.33 W
1788684789.030025233,0 %, 1690 MHz, 52, 7.33 W
1788684789.130306384,0 %, 1690 MHz, 52, 7.33 W
1788684789.230208127,0 %, 1690 MHz, 52, 7.33 W
1788684789.330869136,0 %, 1690 MHz, 52, 7.33 W
1788684789.431323984,0 %, 1690 MHz, 52, 7.31 W
1788684789.531262687,0 %, 1690 MHz, 52, 7.31 W
1788684789.632109232,0 %, 1690 MHz, 52, 7.31 W
1788684789.732294431,0 %, 1690 MHz, 52, 7.31 W
1788684789.832526831,0 %, 1690 MHz, 52, 7.31 W
1788684789.932996239,0 %, 1690 MHz, 51, 7.31 W
1788684790.033060526,0 %, 1690 MHz, 51, 7.31 W
1788684790.133299054,0 %, 1690 MHz, 51, 7.31 W
1788684790.233750622,0 %, 1690 MHz, 51, 7.31 W
1788684790.334239342,0 %, 1690 MHz, 51, 7.31 W
1788684790.434829487,0 %, 1690 MHz, 51, 7.33 W
1788684790.535289839,0 %, 1690 MHz, 51, 7.33 W
1788684790.635714527,0 %, 1690 MHz, 51, 7.33 W
1788684790.736130303,0 %, 1690 MHz, 51, 7.33 W
1788684790.836574527,0 %, 1690 MHz, 51, 7.33 W
1788684790.937166751,0 %, 1690 MHz, 51, 7.35 W
1788684791.037673935,0 %, 1690 MHz, 51, 7.35 W
1788684791.138077519,0 %, 1690 MHz, 51, 7.35 W
1788684791.238484159,0 %, 1690 MHz, 51, 7.35 W
1788684791.339157152,0 %, 1690 MHz, 51, 7.35 W
1788684791.439587088,0 %, 1690 MHz, 51, 7.39 W
1788684791.540080640,0 %, 1690 MHz, 51, 7.39 W
1788684791.640428720,0 %, 1690 MHz, 51, 7.39 W
1788684791.740933200,0 %, 1690 MHz, 51, 7.39 W
1788684791.841346048,0 %, 1690 MHz, 51, 7.39 W
1788684791.941868896,0 %, 1690 MHz, 51, 7.38 W
1788684792.041955663,0 %, 1690 MHz, 51, 7.38 W
1788684792.142164639,0 %, 1690 MHz, 51, 7.38 W
1788684792.241890285,0 %, 1690 MHz, 51, 7.38 W
1788684792.342432894,0 %, 1690 MHz, 51, 7.38 W
1788684792.442391629,0 %, 1690 MHz, 51, 7.37 W
1788684792.542247787,0 %, 1690 MHz, 51, 7.37 W
1788684792.642625419,0 %, 1690 MHz, 51, 7.37 W
1788684792.742903771,0 %, 1690 MHz, 51, 7.37 W
1788684792.843144027,0 %, 1690 MHz, 51, 7.37 W
1788684792.943417290,0 %, 1690 MHz, 51, 7.39 W
1788684793.043601434,0 %, 1690 MHz, 51, 7.39 W
1788684793.143798425,0 %, 1690 MHz, 51, 7.39 W
1788684793.243996441,0 %, 1690 MHz, 51, 7.39 W
1788684793.344403689,0 %, 1690 MHz, 51, 7.39 W
1788684793.444924777,0 %, 1690 MHz, 51, 7.40 W
1788684793.545360233,0 %, 1690 MHz, 51, 7.40 W
1788684793.645964473,0 %, 1690 MHz, 51, 7.40 W
1788684793.746077177,0 %, 1690 MHz, 51, 7.40 W
1788684793.846551865,0 %, 1690 MHz, 51, 7.40 W
1788684793.947048569,0 %, 1690 MHz, 51, 7.38 W
1788684794.047242312,0 %, 1690 MHz, 51, 7.38 W
1788684794.147375432,0 %, 1690 MHz, 51, 7.38 W
1788684794.247860888,0 %, 1690 MHz, 51, 7.38 W
1788684794.348174536,0 %, 1690 MHz, 51, 7.38 W
1788684794.448677032,0 %, 1690 MHz, 51, 7.37 W
1788684794.548809463,0 %, 1690 MHz, 51, 7.37 W
1788684794.649183783,0 %, 1690 MHz, 51, 7.37 W
1788684794.749809208,0 %, 1690 MHz, 51, 7.37 W
1788684794.849864071,0 %, 1690 MHz, 51, 7.37 W
1788684794.949919718,0 %, 1690 MHz, 51, 7.38 W
1788684795.050068389,0 %, 1690 MHz, 51, 7.38 W
1788684795.149966724,0 %, 1690 MHz, 51, 7.38 W
1788684795.250275508,0 %, 1690 MHz, 51, 7.38 W
1788684795.350397907,0 %, 1690 MHz, 51, 7.38 W
1788684795.450586515,0 %, 1690 MHz, 51, 7.39 W
1788684795.550710274,0 %, 1690 MHz, 51, 7.39 W
1788684795.650798177,0 %, 1690 MHz, 51, 7.39 W
1788684795.751184209,0 %, 1690 MHz, 51, 7.39 W
1788684795.851101888,0 %, 1690 MHz, 51, 7.39 W
1788684795.950921599,0 %, 1690 MHz, 51, 7.38 W
1788684796.051319103,0 %, 1690 MHz, 51, 7.38 W
1788684796.151445710,0 %, 1690 MHz, 51, 7.38 W
1788684796.251563517,0 %, 1690 MHz, 51, 7.38 W
1788684796.351725533,0 %, 1690 MHz, 51, 7.38 W
1788684796.451814284,0 %, 1690 MHz, 51, 7.37 W
1788684796.551948619,0 %, 1690 MHz, 51, 7.37 W
1788684796.651996010,0 %, 1690 MHz, 51, 7.37 W
1788684796.752218538,0 %, 1690 MHz, 51, 7.37 W
1788684796.852484505,0 %, 1690 MHz, 51, 7.37 W
1788684796.952385112,0 %, 1690 MHz, 51, 7.34 W
1788684797.052628232,0 %, 1690 MHz, 51, 7.34 W
1788684797.152761575,0 %, 1690 MHz, 51, 7.34 W
1788684797.252909271,0 %, 1690 MHz, 51, 7.34 W
1788684797.353028726,0 %, 1690 MHz, 51, 7.34 W
1788684797.452711876,0 %, 1690 MHz, 51, 7.35 W
1788684797.553002596,0 %, 1690 MHz, 51, 7.35 W
1788684797.653136803,0 %, 1690 MHz, 51, 7.35 W
1788684797.753421667,0 %, 1690 MHz, 51, 7.35 W
1788684797.853625330,0 %, 1690 MHz, 51, 7.35 W
1788684797.954430707,0 %, 1690 MHz, 51, 7.36 W
1788684798.054743123,0 %, 1690 MHz, 51, 7.36 W
1788684798.155226435,0 %, 1690 MHz, 51, 7.36 W
1788684798.255830451,0 %, 1690 MHz, 51, 7.36 W
1788684798.356184643,0 %, 1690 MHz, 51, 7.36 W
1788684798.456478083,0 %, 1690 MHz, 51, 7.32 W
1788684798.556961955,0 %, 1690 MHz, 51, 7.32 W
1788684798.657433267,0 %, 1690 MHz, 51, 7.32 W
1788684798.757806227,0 %, 1690 MHz, 51, 7.32 W
1788684798.857687554,0 %, 1690 MHz, 51, 7.32 W
1788684798.958117890,0 %, 1690 MHz, 51, 7.33 W
1788684799.058887667,0 %, 1690 MHz, 51, 7.33 W
1788684799.159368643,0 %, 1690 MHz, 51, 7.33 W
1788684799.259088369,0 %, 1690 MHz, 51, 7.33 W
1788684799.359902242,0 %, 1690 MHz, 51, 7.33 W
1788684799.460136113,0 %, 1690 MHz, 51, 7.35 W
1788684799.560562321,0 %, 1690 MHz, 51, 7.35 W
1788684799.661098226,0 %, 1690 MHz, 51, 7.35 W
1788684799.761437473,0 %, 1690 MHz, 51, 7.35 W
1788684799.861941586,0 %, 1690 MHz, 51, 7.35 W
1788684799.961705616,0 %, 1690 MHz, 51, 7.33 W
1788684800.062452209,0 %, 1690 MHz, 51, 7.33 W
1788684800.162589136,0 %, 1690 MHz, 51, 7.33 W
1788684800.263143376,0 %, 1690 MHz, 51, 7.33 W
1788684800.363341856,0 %, 1690 MHz, 51, 7.33 W
1788684800.463763216,0 %, 1690 MHz, 51, 7.34 W
1788684800.564314608,0 %, 1690 MHz, 51, 7.34 W
1788684800.664212111,0 %, 1690 MHz, 51, 7.34 W
1788684800.764991376,0 %, 1690 MHz, 51, 7.34 W
1788684800.865473504,0 %, 1690 MHz, 51, 7.34 W
1788684800.965596223,0 %, 1690 MHz, 51, 7.39 W
1788684801.065899775,0 %, 1690 MHz, 51, 7.39 W
1788684801.165839886,0 %, 1690 MHz, 51, 7.39 W
1788684801.265859885,0 %, 1690 MHz, 51, 7.39 W
1788684801.365858636,0 %, 1690 MHz, 51, 7.39 W
1788684801.466010171,0 %, 1690 MHz, 51, 7.41 W
1788684801.566420763,0 %, 1690 MHz, 51, 7.41 W
1788684801.666907211,0 %, 1690 MHz, 51, 7.41 W
1788684801.767564412,0 %, 1690 MHz, 51, 7.41 W
1788684801.867832875,0 %, 1690 MHz, 51, 7.41 W
1788684801.967944971,0 %, 1690 MHz, 51, 7.39 W
1788684802.068071402,0 %, 1690 MHz, 51, 7.39 W
1788684802.168198361,0 %, 1690 MHz, 51, 7.39 W
1788684802.268365385,0 %, 1690 MHz, 51, 7.39 W
1788684802.368673304,0 %, 1690 MHz, 51, 7.39 W
1788684802.469469401,0 %, 1690 MHz, 51, 7.39 W
1788684802.569226407,0 %, 1690 MHz, 51, 7.39 W
1788684802.669103126,0 %, 1690 MHz, 51, 7.39 W
1788684802.769482854,0 %, 1690 MHz, 51, 7.39 W
1788684802.869592037,0 %, 1690 MHz, 51, 7.39 W
1788684802.969633828,0 %, 1690 MHz, 51, 7.42 W
1788684803.069969812,0 %, 1690 MHz, 51, 7.42 W
1788684803.169944579,0 %, 1690 MHz, 51, 7.42 W
1788684803.270260243,0 %, 1690 MHz, 51, 7.42 W
1788684803.370592531,0 %, 1690 MHz, 51, 7.42 W
1788684803.470769554,0 %, 1690 MHz, 51, 7.42 W
1788684803.571137554,0 %, 1690 MHz, 51, 7.42 W
1788684803.671514354,0 %, 1690 MHz, 51, 7.42 W
1788684803.771470945,0 %, 1690 MHz, 51, 7.42 W
1788684803.871611424,0 %, 1690 MHz, 51, 7.42 W
1788684803.971715167,0 %, 1690 MHz, 51, 7.38 W
1788684804.071846127,0 %, 1690 MHz, 51, 7.38 W
1788684804.171974350,0 %, 1690 MHz, 51, 7.38 W
1788684804.272026509,0 %, 1690 MHz, 51, 7.38 W
1788684804.372572941,0 %, 1690 MHz, 51, 7.38 W
1788684804.473042861,0 %, 1690 MHz, 51, 7.37 W
1788684804.573274477,0 %, 1690 MHz, 51, 7.37 W
1788684804.673213132,0 %, 1690 MHz, 51, 7.37 W
1788684804.773350459,0 %, 1690 MHz, 51, 7.37 W
1788684804.873870347,0 %, 1690 MHz, 51, 7.37 W
1788684804.973918874,0 %, 1690 MHz, 51, 7.36 W
1788684805.074028809,0 %, 1690 MHz, 51, 7.36 W
1788684805.174354441,0 %, 1690 MHz, 51, 7.36 W
1788684805.273835735,0 %, 1690 MHz, 51, 7.36 W
1788684805.374228663,0 %, 1690 MHz, 51, 7.36 W
1788684805.474384038,0 %, 1690 MHz, 51, 7.35 W
1788684805.574836038,0 %, 1690 MHz, 51, 7.35 W
1788684805.674774469,0 %, 1690 MHz, 51, 7.35 W
1788684805.774857156,0 %, 1690 MHz, 51, 7.35 W
1788684805.875298052,0 %, 1690 MHz, 51, 7.35 W
1788684805.975075475,0 %, 1690 MHz, 51, 7.34 W
1788684806.075549203,0 %, 1690 MHz, 51, 7.34 W
1788684806.175701538,0 %, 1690 MHz, 51, 7.34 W
1788684806.275420321,0 %, 1690 MHz, 51, 7.34 W
1788684806.375680480,0 %, 1690 MHz, 51, 7.34 W
1788684806.476082016,0 %, 1690 MHz, 51, 7.34 W
1788684806.576004223,0 %, 1690 MHz, 51, 7.34 W
1788684806.676290414,0 %, 1690 MHz, 51, 7.34 W
1788684806.776001741,0 %, 1690 MHz, 51, 7.34 W
1788684806.876533325,0 %, 1690 MHz, 51, 7.34 W
1788684806.976563228,0 %, 1690 MHz, 51, 7.38 W
1788684807.076618779,0 %, 1690 MHz, 51, 7.38 W
1788684807.177261804,0 %, 1690 MHz, 51, 7.38 W
1788684807.277207659,0 %, 1690 MHz, 51, 7.38 W
1788684807.377857259,0 %, 1690 MHz, 51, 7.38 W
1788684807.477434073,0 %, 1690 MHz, 51, 7.40 W
1788684807.578319194,0 %, 1690 MHz, 51, 7.40 W
1788684807.678886506,0 %, 1690 MHz, 51, 7.40 W
1788684807.779299866,0 %, 1690 MHz, 51, 7.40 W
1788684807.879805082,0 %, 1690 MHz, 51, 7.40 W
1788684807.979914425,0 %, 1690 MHz, 51, 7.39 W
1788684808.080352137,0 %, 1690 MHz, 51, 7.39 W
1788684808.180208600,0 %, 1690 MHz, 51, 7.39 W
1788684808.280708712,0 %, 1690 MHz, 51, 7.39 W
1788684808.380351334,0 %, 1690 MHz, 51, 7.39 W
1788684808.480816630,0 %, 1690 MHz, 51, 7.38 W
1788684808.580974358,0 %, 1690 MHz, 51, 7.38 W
1788684808.680650788,0 %, 1690 MHz, 51, 7.38 W
1788684808.781213700,0 %, 1690 MHz, 51, 7.38 W
1788684808.881719428,0 %, 1690 MHz, 51, 7.38 W
1788684808.981677763,0 %, 1690 MHz, 51, 7.41 W
1788684809.082408788,0 %, 1690 MHz, 51, 7.41 W
1788684809.182530483,0 %, 1690 MHz, 51, 7.41 W
1788684809.282995075,0 %, 1690 MHz, 51, 7.41 W
1788684809.383174483,0 %, 1690 MHz, 51, 7.41 W
1788684809.483164994,0 %, 1690 MHz, 51, 7.45 W
1788684809.583713490,0 %, 1690 MHz, 51, 7.45 W
1788684809.684016657,0 %, 1690 MHz, 51, 7.45 W
1788684809.784111505,0 %, 1690 MHz, 51, 7.45 W
1788684809.884097648,0 %, 1690 MHz, 51, 7.45 W
1788684809.984503679,0 %, 1690 MHz, 51, 7.43 W
1788684810.084484430,0 %, 1690 MHz, 51, 7.43 W
1788684810.184647902,0 %, 1690 MHz, 51, 7.43 W
1788684810.284799149,0 %, 1690 MHz, 51, 7.43 W
1788684810.384868012,0 %, 1690 MHz, 51, 7.43 W
1788684810.484923099,0 %, 1690 MHz, 51, 7.40 W
1788684810.585123659,0 %, 1690 MHz, 51, 7.40 W
1788684810.685253562,0 %, 1690 MHz, 51, 7.40 W
1788684810.785522298,0 %, 1690 MHz, 51, 7.40 W
1788684810.885191848,0 %, 1690 MHz, 51, 7.40 W
1788684810.985629816,0 %, 1690 MHz, 51, 7.40 W
1788684811.085805943,0 %, 1690 MHz, 51, 7.40 W
1788684811.185909462,0 %, 1690 MHz, 51, 7.40 W
1788684811.286003126,0 %, 1690 MHz, 51, 7.40 W
1788684811.386159445,0 %, 1690 MHz, 51, 7.40 W
1788684811.486304932,0 %, 1690 MHz, 51, 7.38 W
1788684811.586398819,0 %, 1690 MHz, 51, 7.38 W
1788684811.686519939,0 %, 1690 MHz, 51, 7.38 W
1788684811.786708050,0 %, 1690 MHz, 51, 7.38 W
1788684811.886799121,0 %, 1690 MHz, 51, 7.38 W
1788684811.987272385,0 %, 1690 MHz, 51, 7.36 W
1788684812.087358944,0 %, 1690 MHz, 51, 7.36 W
1788684812.187862672,0 %, 1690 MHz, 51, 7.36 W
1788684812.287936160,0 %, 1690 MHz, 51, 7.36 W
1788684812.388117343,0 %, 1690 MHz, 51, 7.36 W
1788684812.488213582,0 %, 1690 MHz, 51, 7.38 W
1788684812.588467982,0 %, 1690 MHz, 51, 7.38 W
1788684812.688896110,0 %, 1690 MHz, 51, 7.38 W
1788684812.789038733,0 %, 1690 MHz, 51, 7.38 W
1788684812.889218796,0 %, 1690 MHz, 51, 7.38 W
1788684812.989272459,0 %, 1690 MHz, 51, 7.41 W
1788684813.089384459,0 %, 1690 MHz, 51, 7.41 W
1788684813.189523002,0 %, 1690 MHz, 51, 7.41 W
1788684813.289627401,0 %, 1690 MHz, 51, 7.41 W
1788684813.389776488,0 %, 1690 MHz, 51, 7.41 W
1788684813.489852807,0 %, 1690 MHz, 51, 7.43 W
1788684813.589754998,0 %, 1690 MHz, 51, 7.43 W
1788684813.690101878,0 %, 1690 MHz, 51, 7.43 W
1788684813.790232613,0 %, 1690 MHz, 51, 7.43 W
1788684813.890504325,0 %, 1690 MHz, 51, 7.43 W
1788684813.990293939,0 %, 1690 MHz, 51, 7.43 W
1788684814.090521123,0 %, 1690 MHz, 51, 7.43 W
1788684814.190661010,0 %, 1690 MHz, 51, 7.43 W
1788684814.290856353,0 %, 1690 MHz, 51, 7.43 W
1788684814.390960129,0 %, 1690 MHz, 51, 7.43 W
1788684814.491071232,0 %, 1690 MHz, 51, 7.41 W
1788684814.591213487,0 %, 1690 MHz, 51, 7.41 W
1788684814.691487167,0 %, 1690 MHz, 51, 7.41 W
1788684814.791398765,0 %, 1690 MHz, 51, 7.41 W
1788684814.891199228,0 %, 1690 MHz, 51, 7.41 W
1788684814.991965613,0 %, 1690 MHz, 51, 7.39 W
1788684815.092389981,0 %, 1690 MHz, 51, 7.39 W
1788684815.192876365,0 %, 1690 MHz, 51, 7.39 W
1788684815.292953484,0 %, 1690 MHz, 51, 7.39 W
1788684815.393372668,0 %, 1690 MHz, 51, 7.39 W
1788684815.493875244,0 %, 1690 MHz, 51, 7.42 W
1788684815.594356156,0 %, 1690 MHz, 51, 7.42 W
1788684815.694475483,0 %, 1690 MHz, 51, 7.42 W
1788684815.794464714,0 %, 1690 MHz, 51, 7.42 W
1788684815.895205338,0 %, 1690 MHz, 51, 7.42 W
1788684815.995392826,0 %, 1690 MHz, 51, 7.44 W
1788684816.095559401,0 %, 1690 MHz, 51, 7.44 W
1788684816.196101481,0 %, 1690 MHz, 51, 7.44 W
1788684816.296113576,0 %, 1690 MHz, 51, 7.44 W
1788684816.396290952,0 %, 1690 MHz, 51, 7.44 W
1788684816.496330999,0 %, 1690 MHz, 51, 7.45 W
1788684816.596570278,0 %, 1690 MHz, 51, 7.45 W
1788684816.696923382,0 %, 1690 MHz, 51, 7.45 W
1788684816.796831669,0 %, 1690 MHz, 51, 7.45 W
1788684816.896967652,0 %, 1690 MHz, 51, 7.45 W
1788684816.997104995,0 %, 1690 MHz, 51, 7.42 W
1788684817.096886706,0 %, 1690 MHz, 51, 7.42 W
1788684817.197312482,0 %, 1690 MHz, 51, 7.42 W
1788684817.297458465,0 %, 1690 MHz, 51, 7.42 W
1788684817.397597968,0 %, 1690 MHz, 51, 7.42 W
1788684817.497769199,0 %, 1690 MHz, 51, 7.41 W
1788684817.597523454,0 %, 1690 MHz, 51, 7.41 W
1788684817.697997246,0 %, 1690 MHz, 51, 7.41 W
1788684817.798103085,0 %, 1690 MHz, 51, 7.41 W
1788684817.898207068,0 %, 1690 MHz, 51, 7.41 W
1788684817.998358187,0 %, 1690 MHz, 51, 7.40 W
1788684818.098441131,0 %, 1690 MHz, 51, 7.40 W
1788684818.198324073,0 %, 1690 MHz, 51, 7.40 W
1788684818.298740585,0 %, 1690 MHz, 51, 7.40 W
1788684818.399137273,0 %, 1690 MHz, 51, 7.40 W
1788684818.499309720,0 %, 1690 MHz, 51, 7.41 W
1788684818.599314855,0 %, 1690 MHz, 51, 7.41 W
1788684818.699495447,0 %, 1690 MHz, 51, 7.41 W
1788684818.799573158,0 %, 1690 MHz, 51, 7.41 W
1788684818.899380996,0 %, 1690 MHz, 51, 7.41 W
1788684818.999829140,0 %, 1690 MHz, 51, 7.45 W
1788684819.099462610,0 %, 1690 MHz, 51, 7.45 W
1788684819.200353731,0 %, 1690 MHz, 51, 7.45 W
1788684819.300872883,0 %, 1690 MHz, 51, 7.45 W
1788684819.401338771,0 %, 1690 MHz, 51, 7.45 W
1788684819.501495891,0 %, 1690 MHz, 51, 7.46 W
1788684819.601452801,0 %, 1690 MHz, 51, 7.46 W
1788684819.701555729,0 %, 1690 MHz, 51, 7.46 W
1788684819.802129521,0 %, 1690 MHz, 51, 7.46 W
1788684819.902217056,0 %, 1690 MHz, 51, 7.46 W
1788684820.001956782,0 %, 1690 MHz, 51, 7.42 W
1788684820.102223310,0 %, 1690 MHz, 51, 7.42 W
1788684820.202837214,0 %, 1690 MHz, 51, 7.42 W
1788684820.302788253,0 %, 1690 MHz, 51, 7.42 W
1788684820.402827148,0 %, 1690 MHz, 51, 7.42 W
1788684820.503243212,0 %, 1690 MHz, 51, 7.39 W
1788684820.603405163,0 %, 1690 MHz, 51, 7.39 W
1788684820.703653835,0 %, 1690 MHz, 51, 7.39 W
1788684820.803650122,0 %, 1690 MHz, 51, 7.39 W
1788684820.903733497,0 %, 1690 MHz, 51, 7.39 W
1788684821.004002568,0 %, 1690 MHz, 51, 7.45 W
1788684821.104148968,0 %, 1690 MHz, 51, 7.45 W
1788684821.204267351,0 %, 1690 MHz, 51, 7.45 W
1788684821.304352470,0 %, 1690 MHz, 51, 7.45 W
1788684821.404396565,0 %, 1690 MHz, 51, 7.45 W
1788684821.504605476,0 %, 1690 MHz, 51, 7.50 W
1788684821.604752036,0 %, 1690 MHz, 51, 7.50 W
1788684821.704875827,0 %, 1690 MHz, 51, 7.50 W
1788684821.805037874,0 %, 1690 MHz, 51, 7.50 W
1788684821.904704048,0 %, 1690 MHz, 51, 7.50 W
1788684822.005649041,0 %, 1690 MHz, 51, 7.49 W
1788684822.106112513,0 %, 1690 MHz, 51, 7.49 W
1788684822.206110112,0 %, 1690 MHz, 51, 7.49 W
1788684822.305999871,0 %, 1690 MHz, 51, 7.49 W
1788684822.406825648,0 %, 1690 MHz, 51, 7.49 W
1788684822.507324384,0 %, 1690 MHz, 51, 7.47 W
1788684822.607807584,0 %, 1690 MHz, 51, 7.47 W
1788684822.708270496,0 %, 1690 MHz, 51, 7.47 W
1788684822.808301711,0 %, 1690 MHz, 51, 7.47 W
1788684822.908441854,0 %, 1690 MHz, 51, 7.47 W
1788684823.008462413,0 %, 1690 MHz, 51, 7.47 W
1788684823.108612700,0 %, 1690 MHz, 51, 7.47 W
1788684823.208708603,0 %, 1690 MHz, 51, 7.47 W
1788684823.308856554,0 %, 1690 MHz, 51, 7.47 W
1788684823.409341066,0 %, 1690 MHz, 51, 7.47 W
1788684823.510049307,0 %, 1690 MHz, 51, 7.46 W
1788684823.609730713,0 %, 1690 MHz, 51, 7.46 W
1788684823.710098233,0 %, 1690 MHz, 51, 7.46 W
1788684823.810298584,0 %, 1690 MHz, 51, 7.46 W
1788684823.910966457,0 %, 1690 MHz, 51, 7.46 W
1788684824.011384537,0 %, 1690 MHz, 51, 7.43 W
1788684824.111231543,0 %, 1690 MHz, 51, 7.43 W
1788684824.211753383,0 %, 1690 MHz, 51, 7.43 W
1788684824.311808870,0 %, 1690 MHz, 51, 7.43 W
1788684824.412406342,0 %, 1690 MHz, 51, 7.43 W
1788684824.512495670,0 %, 1690 MHz, 51, 7.40 W
1788684824.612607957,0 %, 1690 MHz, 51, 7.40 W
1788684824.712876532,0 %, 1690 MHz, 51, 7.40 W
1788684824.812762099,0 %, 1690 MHz, 51, 7.40 W
1788684824.913137843,0 %, 1690 MHz, 51, 7.40 W
1788684825.012951745,0 %, 1690 MHz, 51, 7.37 W
1788684825.113251121,0 %, 1690 MHz, 51, 7.37 W
1788684825.213940241,0 %, 1690 MHz, 51, 7.37 W
1788684825.313725840,0 %, 1690 MHz, 51, 7.37 W
1788684825.414042559,0 %, 1690 MHz, 51, 7.37 W
1788684825.514221647,0 %, 1690 MHz, 51, 7.37 W
1788684825.614716447,0 %, 1690 MHz, 51, 7.37 W
1788684825.715405711,0 %, 1690 MHz, 51, 7.37 W
1788684825.815278510,0 %, 1690 MHz, 51, 7.37 W
1788684825.915076540,0 %, 1690 MHz, 51, 7.37 W
1788684826.015852829,0 %, 1690 MHz, 51, 7.38 W
1788684826.116142700,0 %, 1690 MHz, 51, 7.38 W
1788684826.215944651,0 %, 1690 MHz, 51, 7.38 W
1788684826.316496955,0 %, 1690 MHz, 51, 7.38 W
1788684826.416964459,0 %, 1690 MHz, 51, 7.38 W
1788684826.516759257,0 %, 1690 MHz, 51, 7.37 W
1788684826.617390282,0 %, 1690 MHz, 51, 7.37 W
1788684826.717512937,0 %, 1690 MHz, 51, 7.37 W
1788684826.817766664,0 %, 1690 MHz, 51, 7.37 W
1788684826.918254984,0 %, 1690 MHz, 51, 7.37 W
1788684827.018616584,0 %, 1690 MHz, 51, 7.36 W
1788684827.119192472,0 %, 1690 MHz, 51, 7.36 W
1788684827.218987367,0 %, 1690 MHz, 51, 7.36 W
1788684827.319223494,0 %, 1690 MHz, 51, 7.36 W
1788684827.419117445,0 %, 1690 MHz, 51, 7.36 W
1788684827.519676885,0 %, 1690 MHz, 51, 7.36 W
1788684827.619772692,0 %, 1690 MHz, 51, 7.36 W
1788684827.719675571,0 %, 1690 MHz, 51, 7.36 W
1788684827.819892738,0 %, 1690 MHz, 51, 7.36 W
1788684827.920050737,0 %, 1690 MHz, 51, 7.36 W
1788684828.020674738,0 %, 1690 MHz, 51, 7.35 W
1788684828.120739585,0 %, 1690 MHz, 51, 7.35 W
1788684828.220909888,0 %, 1690 MHz, 51, 7.35 W
1788684828.320641918,0 %, 1690 MHz, 51, 7.35 W
1788684828.421503599,0 %, 1690 MHz, 51, 7.35 W
1788684828.521479838,0 %, 1690 MHz, 51, 7.34 W
1788684828.621708573,0 %, 1690 MHz, 51, 7.34 W
1788684828.721796925,0 %, 1690 MHz, 51, 7.34 W
1788684828.822335613,0 %, 1690 MHz, 51, 7.34 W
1788684828.922398172,0 %, 1690 MHz, 51, 7.34 W
1788684829.022514267,0 %, 1690 MHz, 51, 7.35 W
1788684829.122942667,0 %, 1690 MHz, 51, 7.35 W
1788684829.223343291,0 %, 1690 MHz, 51, 7.35 W
1788684829.323868443,0 %, 1690 MHz, 51, 7.35 W
1788684829.423970490,0 %, 1690 MHz, 51, 7.35 W
1788684829.524175049,0 %, 1690 MHz, 51, 7.38 W
1788684829.624002040,0 %, 1690 MHz, 51, 7.38 W
1788684829.724720776,0 %, 1690 MHz, 51, 7.38 W
1788684829.825046904,0 %, 1690 MHz, 51, 7.38 W
1788684829.924757734,0 %, 1690 MHz, 51, 7.38 W
1788684830.024808533,0 %, 1690 MHz, 51, 7.38 W
1788684830.125156773,0 %, 1690 MHz, 51, 7.38 W
1788684830.225298468,0 %, 1690 MHz, 51, 7.38 W
1788684830.325769732,0 %, 1690 MHz, 51, 7.38 W
1788684830.426027411,0 %, 1690 MHz, 51, 7.38 W
1788684830.525968418,0 %, 1690 MHz, 51, 7.40 W
1788684830.626452082,0 %, 1690 MHz, 51, 7.40 W
1788684830.726983634,0 %, 1690 MHz, 51, 7.40 W
1788684830.826473264,0 %, 1690 MHz, 51, 7.40 W
1788684830.926470383,0 %, 1690 MHz, 51, 7.40 W
1788684831.026809038,0 %, 1690 MHz, 51, 7.37 W
1788684831.126880077,0 %, 1690 MHz, 51, 7.37 W
1788684831.226971212,0 %, 1690 MHz, 51, 7.37 W
1788684831.326890203,0 %, 1690 MHz, 51, 7.37 W
1788684831.427363979,0 %, 1690 MHz, 51, 7.37 W
1788684831.527047401,0 %, 1690 MHz, 51, 7.37 W
1788684831.627250745,0 %, 1690 MHz, 51, 7.37 W
1788684831.728078361,0 %, 1690 MHz, 51, 7.37 W
1788684831.828128536,0 %, 1690 MHz, 51, 7.37 W
1788684831.928490776,0 %, 1690 MHz, 51, 7.36 W
1788684832.028051158,0 %, 1690 MHz, 51, 7.36 W
1788684832.128832199,0 %, 1690 MHz, 51, 7.36 W
1788684832.229354055,0 %, 1690 MHz, 51, 7.36 W
1788684832.329871143,0 %, 1690 MHz, 51, 7.36 W
1788684832.429903222,0 %, 1690 MHz, 51, 7.37 W
1788684832.530394598,0 %, 1690 MHz, 51, 7.37 W
1788684832.630338004,0 %, 1690 MHz, 51, 7.37 W
1788684832.730989269,0 %, 1690 MHz, 51, 7.37 W
1788684832.831160740,0 %, 1690 MHz, 51, 7.37 W
1788684832.931341107,0 %, 1690 MHz, 51, 7.40 W
1788684833.031879731,0 %, 1690 MHz, 51, 7.40 W
1788684833.131899634,0 %, 1690 MHz, 51, 7.40 W
1788684833.232169890,0 %, 1690 MHz, 51, 7.40 W
1788684833.331851568,0 %, 1690 MHz, 51, 7.40 W
1788684833.432565024,0 %, 1690 MHz, 51, 7.40 W
1788684833.533111760,0 %, 1690 MHz, 51, 7.40 W
1788684833.633592672,0 %, 1690 MHz, 51, 7.40 W
1788684833.734055504,0 %, 1690 MHz, 51, 7.40 W
1788684833.834514512,0 %, 1690 MHz, 51, 7.40 W
1788684833.935034624,0 %, 1690 MHz, 51, 7.38 W
1788684834.035537056,0 %, 1690 MHz, 51, 7.38 W
1788684834.135741616,0 %, 1690 MHz, 51, 7.38 W
1788684834.236470896,0 %, 1690 MHz, 51, 7.38 W
1788684834.336970592,0 %, 1690 MHz, 51, 7.38 W
1788684834.437417328,0 %, 1690 MHz, 51, 7.34 W
1788684834.537635535,0 %, 1690 MHz, 51, 7.34 W
1788684834.638113647,0 %, 1690 MHz, 51, 7.34 W
1788684834.738577263,0 %, 1690 MHz, 51, 7.34 W
1788684834.839048287,0 %, 1690 MHz, 51, 7.34 W
1788684834.939396399,0 %, 1690 MHz, 51, 7.32 W
1788684835.039227885,0 %, 1690 MHz, 51, 7.32 W
1788684835.139994446,0 %, 1690 MHz, 51, 7.32 W
1788684835.240164669,0 %, 1690 MHz, 51, 7.32 W
1788684835.340464621,0 %, 1690 MHz, 51, 7.32 W
1788684835.440984925,0 %, 1690 MHz, 51, 7.31 W
1788684835.541044092,0 %, 1690 MHz, 51, 7.31 W
1788684835.640922474,0 %, 1690 MHz, 51, 7.31 W
1788684835.740865289,0 %, 1690 MHz, 51, 7.31 W
1788684835.841276729,0 %, 1690 MHz, 51, 7.31 W
1788684835.941924809,0 %, 1690 MHz, 51, 7.30 W
1788684836.042417065,0 %, 1690 MHz, 51, 7.30 W
1788684836.142878153,0 %, 1690 MHz, 51, 7.30 W
1788684836.243319945,0 %, 1690 MHz, 51, 7.30 W
1788684836.343811321,0 %, 1690 MHz, 51, 7.30 W
1788684836.443975896,0 %, 1690 MHz, 51, 7.29 W
1788684836.544199287,0 %, 1690 MHz, 51, 7.29 W
1788684836.644675655,0 %, 1690 MHz, 51, 7.29 W
1788684836.745186583,0 %, 1690 MHz, 51, 7.29 W
1788684836.845343239,0 %, 1690 MHz, 51, 7.29 W
1788684836.945837687,0 %, 1690 MHz, 51, 7.27 W
1788684837.046370247,0 %, 1690 MHz, 51, 7.27 W
1788684837.146948647,0 %, 1690 MHz, 51, 7.27 W
1788684837.246747077,0 %, 1690 MHz, 51, 7.27 W
1788684837.347457862,0 %, 1690 MHz, 51, 7.27 W
1788684837.447937846,0 %, 1690 MHz, 51, 7.31 W
1788684837.548503382,0 %, 1690 MHz, 51, 7.31 W
1788684837.648559925,0 %, 1690 MHz, 51, 7.31 W
1788684837.749152213,0 %, 1690 MHz, 51, 7.31 W
1788684837.849394692,0 %, 1690 MHz, 51, 7.31 W
1788684837.949875780,0 %, 1690 MHz, 51, 7.34 W
1788684838.050334436,0 %, 1690 MHz, 51, 7.34 W
1788684838.150850788,0 %, 1690 MHz, 51, 7.34 W
1788684838.251339588,0 %, 1690 MHz, 51, 7.34 W
1788684838.351524019,0 %, 1690 MHz, 51, 7.34 W
1788684838.452015571,0 %, 1690 MHz, 51, 7.36 W
1788684838.552421715,0 %, 1690 MHz, 51, 7.36 W
1788684838.652898499,0 %, 1690 MHz, 51, 7.36 W
1788684838.753294915,0 %, 1690 MHz, 51, 7.36 W
1788684838.853834595,0 %, 1690 MHz, 51, 7.36 W
1788684838.954277939,0 %, 1690 MHz, 51, 7.37 W
1788684839.054504626,0 %, 1690 MHz, 51, 7.37 W
1788684839.154985906,0 %, 1690 MHz, 51, 7.37 W
1788684839.255485010,0 %, 1690 MHz, 51, 7.37 W
1788684839.355678945,0 %, 1690 MHz, 51, 7.37 W
1788684839.456164305,0 %, 1690 MHz, 51, 7.36 W
1788684839.556648529,0 %, 1690 MHz, 51, 7.36 W
1788684839.656907280,0 %, 1690 MHz, 51, 7.36 W
1788684839.757276768,0 %, 1690 MHz, 51, 7.36 W
1788684839.857533775,0 %, 1690 MHz, 51, 7.36 W
1788684839.958033215,0 %, 1690 MHz, 51, 7.36 W
1788684840.058251951,0 %, 1690 MHz, 51, 7.36 W
1788684840.158716543,0 %, 1690 MHz, 51, 7.36 W
1788684840.259187199,0 %, 1690 MHz, 51, 7.36 W
1788684840.359396782,0 %, 1690 MHz, 51, 7.36 W
1788684840.459895646,0 %, 1690 MHz, 51, 7.37 W
1788684840.560391710,0 %, 1690 MHz, 51, 7.37 W
1788684840.660854766,0 %, 1690 MHz, 51, 7.37 W
1788684840.761073309,0 %, 1690 MHz, 51, 7.37 W
1788684840.861066892,0 %, 1690 MHz, 51, 7.37 W
1788684840.961580892,0 %, 1690 MHz, 51, 7.36 W
1788684841.062130796,0 %, 1690 MHz, 51, 7.36 W
1788684841.162341611,0 %, 1690 MHz, 51, 7.36 W
1788684841.262541067,0 %, 1690 MHz, 51, 7.36 W
1788684841.363048810,0 %, 1690 MHz, 51, 7.36 W
1788684841.463006953,0 %, 1690 MHz, 51, 7.38 W
1788684841.563715210,0 %, 1690 MHz, 51, 7.38 W
1788684841.664192650,0 %, 1690 MHz, 51, 7.38 W
1788684841.764456057,0 %, 1690 MHz, 51, 7.38 W
1788684841.864791625,0 %, 1690 MHz, 51, 7.38 W
1788684841.964742551,0 %, 1690 MHz, 51, 7.38 W
1788684842.065296775,0 %, 1690 MHz, 51, 7.38 W
1788684842.165508855,0 %, 1690 MHz, 51, 7.38 W
1788684842.265971415,0 %, 1690 MHz, 51, 7.38 W
1788684842.366378230,0 %, 1690 MHz, 51, 7.38 W
1788684842.466984503,0 %, 1690 MHz, 51, 7.39 W
1788684842.567498519,0 %, 1690 MHz, 51, 7.39 W
1788684842.668041639,0 %, 1690 MHz, 51, 7.39 W
1788684842.768455238,0 %, 1690 MHz, 51, 7.39 W
1788684842.869013382,0 %, 1690 MHz, 51, 7.39 W
1788684842.969494342,0 %, 1690 MHz, 51, 7.41 W
1788684843.070007574,0 %, 1690 MHz, 51, 7.41 W
1788684843.170260678,0 %, 1690 MHz, 51, 7.41 W
1788684843.270087204,0 %, 1690 MHz, 51, 7.41 W
1788684843.369967363,0 %, 1690 MHz, 51, 7.41 W
1788684843.470126002,0 %, 1690 MHz, 51, 7.41 W
1788684843.571023539,0 %, 1690 MHz, 51, 7.41 W
1788684843.671140738,0 %, 1690 MHz, 51, 7.41 W
1788684843.771507858,0 %, 1690 MHz, 51, 7.41 W
1788684843.872027570,0 %, 1690 MHz, 51, 7.41 W
1788684843.972409153,0 %, 1690 MHz, 51, 7.39 W
1788684844.072911233,0 %, 1690 MHz, 51, 7.39 W
1788684844.173319793,0 %, 1690 MHz, 51, 7.39 W
1788684844.273834561,0 %, 1690 MHz, 51, 7.39 W
1788684844.374321361,0 %, 1690 MHz, 51, 7.39 W
1788684844.474122911,0 %, 1690 MHz, 51, 7.38 W
1788684844.574665375,0 %, 1690 MHz, 51, 7.38 W
1788684844.675104943,0 %, 1690 MHz, 51, 7.38 W
1788684844.775621967,0 %, 1690 MHz, 51, 7.38 W
1788684844.876079775,0 %, 1690 MHz, 51, 7.38 W
1788684844.975937453,0 %, 1690 MHz, 51, 7.40 W
1788684845.076554238,0 %, 1690 MHz, 51, 7.40 W
1788684845.177083486,0 %, 1690 MHz, 51, 7.40 W
1788684845.277103917,0 %, 1690 MHz, 51, 7.40 W
1788684845.377353676,0 %, 1690 MHz, 51, 7.40 W
1788684845.477345915,0 %, 1690 MHz, 51, 7.36 W
1788684845.577869259,0 %, 1690 MHz, 51, 7.36 W
1788684845.678413371,0 %, 1690 MHz, 51, 7.36 W
1788684845.778766394,0 %, 1690 MHz, 51, 7.36 W
1788684845.878405016,0 %, 1690 MHz, 51, 7.36 W
1788684845.979316025,0 %, 1690 MHz, 51, 7.34 W
1788684846.079804121,0 %, 1690 MHz, 51, 7.34 W
1788684846.180242057,0 %, 1690 MHz, 51, 7.34 W
1788684846.280532088,0 %, 1690 MHz, 51, 7.34 W
1788684846.380952120,0 %, 1690 MHz, 51, 7.34 W
1788684846.481369272,0 %, 1690 MHz, 51, 7.36 W
1788684846.581931144,0 %, 1690 MHz, 51, 7.36 W
1788684846.682313048,0 %, 1690 MHz, 51, 7.36 W
1788684846.782941720,0 %, 1690 MHz, 51, 7.36 W
1788684846.883370440,0 %, 1690 MHz, 51, 7.36 W
1788684846.983324998,0 %, 1690 MHz, 51, 7.38 W
1788684847.083600150,0 %, 1690 MHz, 51, 7.38 W
1788684847.183868485,0 %, 1690 MHz, 51, 7.38 W
1788684847.284163141,0 %, 1690 MHz, 51, 7.38 W
1788684847.384346052,0 %, 1690 MHz, 51, 7.38 W
1788684847.484367827,0 %, 1690 MHz, 51, 7.39 W
1788684847.585028195,0 %, 1690 MHz, 51, 7.39 W
1788684847.685354259,0 %, 1690 MHz, 51, 7.39 W
1788684847.785807411,0 %, 1690 MHz, 51, 7.39 W
1788684847.886463059,0 %, 1690 MHz, 51, 7.39 W
1788684847.986413809,0 %, 1690 MHz, 51, 7.41 W
1788684848.086519249,0 %, 1690 MHz, 51, 7.41 W
1788684848.186864624,0 %, 1690 MHz, 51, 7.41 W
1788684848.287135440,0 %, 1690 MHz, 51, 7.41 W
1788684848.387348175,0 %, 1690 MHz, 51, 7.41 W
1788684848.487539614,0 %, 1690 MHz, 51, 7.38 W
1788684848.587818270,0 %, 1690 MHz, 51, 7.38 W
1788684848.688213229,0 %, 1690 MHz, 51, 7.38 W
1788684848.788601133,0 %, 1690 MHz, 51, 7.38 W
1788684848.889289581,0 %, 1690 MHz, 51, 7.38 W
1788684848.989750637,0 %, 1690 MHz, 51, 7.36 W
1788684849.090221229,0 %, 1690 MHz, 51, 7.36 W
1788684849.190505692,0 %, 1690 MHz, 51, 7.36 W
1788684849.290937436,0 %, 1690 MHz, 51, 7.36 W
1788684849.391593244,0 %, 1690 MHz, 51, 7.36 W
1788684849.491880988,0 %, 1690 MHz, 51, 7.35 W
1788684849.592319324,0 %, 1690 MHz, 51, 7.35 W
1788684849.692811292,0 %, 1690 MHz, 51, 7.35 W
1788684849.793281403,0 %, 1690 MHz, 51, 7.35 W
1788684849.893852380,0 %, 1690 MHz, 51, 7.35 W
1788684849.994266107,0 %, 1690 MHz, 51, 7.35 W
1788684850.094718539,0 %, 1690 MHz, 51, 7.35 W
1788684850.195236955,0 %, 1690 MHz, 51, 7.35 W
1788684850.295373866,0 %, 1690 MHz, 51, 7.35 W
1788684850.395609450,0 %, 1690 MHz, 51, 7.35 W
1788684850.496151418,0 %, 1690 MHz, 51, 7.36 W
1788684850.596662345,0 %, 1690 MHz, 51, 7.36 W
1788684850.697012569,0 %, 1690 MHz, 51, 7.36 W
1788684850.797413529,0 %, 1690 MHz, 51, 7.36 W
1788684850.897944601,0 %, 1690 MHz, 51, 7.36 W
1788684850.998384329,0 %, 1690 MHz, 51, 7.35 W
1788684851.098901209,0 %, 1690 MHz, 51, 7.35 W
1788684851.199321400,0 %, 1690 MHz, 51, 7.35 W
1788684851.299524696,0 %, 1690 MHz, 51, 7.35 W
1788684851.399965095,0 %, 1690 MHz, 51, 7.35 W
1788684851.500512391,0 %, 1690 MHz, 51, 7.36 W
1788684851.600969239,0 %, 1690 MHz, 51, 7.36 W
1788684851.701542631,0 %, 1690 MHz, 51, 7.36 W
1788684851.801971047,0 %, 1690 MHz, 51, 7.36 W
1788684851.902137190,0 %, 1690 MHz, 51, 7.36 W
1788684852.002176501,0 %, 1690 MHz, 51, 7.34 W
1788684852.102456564,0 %, 1690 MHz, 51, 7.34 W
1788684852.202757812,0 %, 1690 MHz, 51, 7.34 W
1788684852.302282914,0 %, 1690 MHz, 51, 7.34 W
1788684852.402787762,0 %, 1690 MHz, 51, 7.34 W
1788684852.503005233,0 %, 1690 MHz, 51, 7.30 W
1788684852.603673377,0 %, 1690 MHz, 51, 7.30 W
1788684852.704183233,0 %, 1690 MHz, 51, 7.30 W
1788684852.804339728,0 %, 1690 MHz, 51, 7.30 W
1788684852.904643872,0 %, 1690 MHz, 51, 7.30 W
1788684853.004870559,0 %, 1690 MHz, 51, 7.29 W
1788684853.105464719,0 %, 1690 MHz, 51, 7.29 W
1788684853.205946031,0 %, 1690 MHz, 51, 7.29 W
1788684853.306466991,0 %, 1690 MHz, 51, 7.29 W
1788684853.406880319,0 %, 1690 MHz, 51, 7.29 W
1788684853.507353621,0 %, 1690 MHz, 51, 7.32 W
1788684853.607924852,0 %, 1690 MHz, 51, 7.32 W
1788684853.708291475,0 %, 1690 MHz, 51, 7.32 W
1788684853.808935314,0 %, 1690 MHz, 51, 7.32 W
1788684853.908880960,0 %, 1690 MHz, 51, 7.32 W
1788684854.009016521,0 %, 1690 MHz, 51, 7.33 W
1788684854.109679597,0 %, 1690 MHz, 51, 7.33 W
1788684854.210167810,0 %, 1690 MHz, 51, 7.33 W
1788684854.310416345,0 %, 1690 MHz, 51, 7.33 W
1788684854.410351329,0 %, 1690 MHz, 51, 7.33 W
1788684854.510876774,0 %, 1690 MHz, 51, 7.32 W
1788684854.611585690,0 %, 1690 MHz, 51, 7.32 W
1788684854.712108767,0 %, 1690 MHz, 51, 7.32 W
1788684854.812490837,0 %, 1690 MHz, 51, 7.32 W
1788684854.912941258,0 %, 1690 MHz, 51, 7.32 W
1788684855.013574527,0 %, 1690 MHz, 51, 7.32 W
1788684855.113893734,0 %, 1690 MHz, 51, 7.32 W
1788684855.214384525,0 %, 1690 MHz, 51, 7.32 W
1788684855.314845828,0 %, 1690 MHz, 51, 7.32 W
1788684855.414981388,0 %, 1690 MHz, 51, 7.32 W
1788684855.515196820,0 %, 1690 MHz, 51, 7.33 W
1788684855.615022286,0 %, 1690 MHz, 51, 7.33 W
1788684855.716056289,0 %, 1690 MHz, 51, 7.33 W
1788684855.815957675,0 %, 1690 MHz, 51, 7.33 W
1788684855.916386258,0 %, 1690 MHz, 51, 7.33 W
1788684856.016897816,0 %, 1690 MHz, 51, 7.32 W
1788684856.116863651,0 %, 1690 MHz, 51, 7.32 W
1788684856.217010332,0 %, 1690 MHz, 51, 7.32 W
1788684856.317304613,0 %, 1690 MHz, 51, 7.32 W
1788684856.417705837,0 %, 1690 MHz, 51, 7.32 W
1788684856.518034854,0 %, 1690 MHz, 51, 7.28 W
1788684856.618148383,0 %, 1690 MHz, 51, 7.28 W
1788684856.718273785,0 %, 1690 MHz, 51, 7.28 W
1788684856.819012575,0 %, 1690 MHz, 51, 7.28 W
1788684856.919617239,0 %, 1690 MHz, 51, 7.28 W
1788684857.019975087,0 %, 1690 MHz, 51, 7.29 W
1788684857.119774988,0 %, 1690 MHz, 51, 7.29 W
1788684857.219870503,0 %, 1690 MHz, 51, 7.29 W
1788684857.320403360,0 %, 1690 MHz, 51, 7.29 W
1788684857.420857545,0 %, 1690 MHz, 51, 7.29 W
1788684857.521476017,0 %, 1690 MHz, 51, 7.32 W
1788684857.621843291,0 %, 1690 MHz, 51, 7.32 W
1788684857.722295220,0 %, 1690 MHz, 51, 7.32 W
1788684857.822390671,0 %, 1690 MHz, 51, 7.32 W
1788684857.923225446,0 %, 1690 MHz, 51, 7.32 W
1788684858.022777876,0 %, 1690 MHz, 51, 7.30 W
1788684858.122833041,0 %, 1690 MHz, 51, 7.30 W
1788684858.223115020,0 %, 1690 MHz, 51, 7.30 W
1788684858.323334760,0 %, 1690 MHz, 51, 7.30 W
1788684858.423523940,0 %, 1690 MHz, 51, 7.30 W
1788684858.523853375,0 %, 1690 MHz, 51, 7.29 W
1788684858.624179818,0 %, 1690 MHz, 51, 7.29 W
1788684858.724616548,0 %, 1690 MHz, 51, 7.29 W
1788684858.825421581,0 %, 1690 MHz, 51, 7.29 W
1788684858.924859725,0 %, 1690 MHz, 51, 7.29 W
1788684859.025099993,0 %, 1690 MHz, 51, 7.29 W
1788684859.126239889,0 %, 1690 MHz, 51, 7.29 W
1788684859.226434574,0 %, 1690 MHz, 51, 7.29 W
1788684859.327237960,0 %, 1690 MHz, 51, 7.29 W
1788684859.426957575,0 %, 1690 MHz, 51, 7.29 W
1788684859.527228020,0 %, 1690 MHz, 51, 7.29 W
1788684859.627757599,0 %, 1690 MHz, 51, 7.29 W
1788684859.728216123,0 %, 1690 MHz, 51, 7.29 W
1788684859.828554567,0 %, 1690 MHz, 51, 7.29 W
1788684859.928334390,0 %, 1690 MHz, 51, 7.29 W
1788684860.028791314,0 %, 1690 MHz, 51, 7.30 W
1788684860.129610413,0 %, 1690 MHz, 51, 7.30 W
1788684860.230042539,0 %, 1690 MHz, 51, 7.30 W
1788684860.330495112,0 %, 1690 MHz, 51, 7.30 W
1788684860.430281640,0 %, 1690 MHz, 51, 7.30 W
1788684860.530553350,0 %, 1690 MHz, 51, 7.33 W
1788684860.630726628,0 %, 1690 MHz, 51, 7.33 W
1788684860.731192705,0 %, 1690 MHz, 51, 7.33 W
1788684860.831104209,0 %, 1690 MHz, 51, 7.33 W
1788684860.931304575,0 %, 1690 MHz, 51, 7.39 W
1788684861.031820556,0 %, 1690 MHz, 51, 7.39 W
1788684861.132353786,0 %, 1690 MHz, 51, 7.39 W
1788684861.232850200,0 %, 1690 MHz, 51, 7.39 W
1788684861.332490746,0 %, 1690 MHz, 51, 7.39 W
1788684861.433416470,0 %, 1690 MHz, 51, 7.41 W
1788684861.533245671,0 %, 1690 MHz, 51, 7.41 W
1788684861.633896980,0 %, 1690 MHz, 51, 7.41 W
1788684861.734036420,0 %, 1690 MHz, 51, 7.41 W
1788684861.834370531,0 %, 1690 MHz, 51, 7.41 W
1788684861.934812737,0 %, 1690 MHz, 51, 7.38 W
1788684862.035287744,0 %, 1690 MHz, 51, 7.38 W
1788684862.135303010,0 %, 1690 MHz, 51, 7.38 W
1788684862.235655186,0 %, 1690 MHz, 51, 7.38 W
1788684862.336125105,0 %, 1690 MHz, 51, 7.38 W
1788684862.436643264,0 %, 1690 MHz, 51, 7.34 W
1788684862.537150559,0 %, 1690 MHz, 51, 7.34 W
1788684862.637157057,0 %, 1690 MHz, 51, 7.34 W
1788684862.737391010,0 %, 1690 MHz, 51, 7.34 W
1788684862.837410323,0 %, 1690 MHz, 51, 7.34 W
1788684862.937875043,0 %, 1690 MHz, 51, 7.34 W
1788684863.038368178,0 %, 1690 MHz, 51, 7.34 W
1788684863.138014743,0 %, 1690 MHz, 51, 7.34 W
1788684863.238708743,0 %, 1690 MHz, 51, 7.34 W
1788684863.339138535,0 %, 1690 MHz, 51, 7.34 W
1788684863.439380521,0 %, 1690 MHz, 51, 7.35 W
1788684863.539902505,0 %, 1690 MHz, 51, 7.35 W
1788684863.639536606,0 %, 1690 MHz, 51, 7.35 W
1788684863.740011855,0 %, 1690 MHz, 51, 7.35 W
1788684863.840041346,0 %, 1690 MHz, 51, 7.35 W
1788684863.940382387,0 %, 1690 MHz, 51, 7.34 W
1788684864.040322343,0 %, 1690 MHz, 51, 7.34 W
1788684864.140757945,0 %, 1690 MHz, 51, 7.34 W
1788684864.241220427,0 %, 1690 MHz, 51, 7.34 W
1788684864.341613357,0 %, 1690 MHz, 51, 7.34 W
1788684864.442124351,0 %, 1690 MHz, 51, 7.36 W
1788684864.542346194,0 %, 1690 MHz, 51, 7.36 W
1788684864.642852659,0 %, 1690 MHz, 51, 7.36 W
1788684864.743092406,0 %, 1690 MHz, 51, 7.36 W
1788684864.842849420,0 %, 1690 MHz, 51, 7.36 W
1788684864.943160910,0 %, 1690 MHz, 51, 7.34 W
1788684865.043867200,0 %, 1690 MHz, 51, 7.34 W
1788684865.144043508,0 %, 1690 MHz, 51, 7.34 W
1788684865.244405304,0 %, 1690 MHz, 51, 7.34 W
1788684865.344957595,0 %, 1690 MHz, 51, 7.34 W
1788684865.445459598,0 %, 1690 MHz, 51, 7.34 W
1788684865.545611666,0 %, 1690 MHz, 51, 7.34 W
1788684865.646085269,0 %, 1690 MHz, 51, 7.34 W
1788684865.746513737,0 %, 1690 MHz, 51, 7.34 W
1788684865.846516926,0 %, 1690 MHz, 51, 7.34 W
1788684865.946672899,0 %, 1690 MHz, 51, 7.36 W
1788684866.046552473,0 %, 1690 MHz, 51, 7.36 W
1788684866.146988782,0 %, 1690 MHz, 51, 7.36 W
1788684866.246874005,0 %, 1690 MHz, 51, 7.36 W
1788684866.347320234,0 %, 1690 MHz, 51, 7.36 W
1788684866.447759950,0 %, 1690 MHz, 51, 7.39 W
1788684866.548251634,0 %, 1690 MHz, 51, 7.39 W
1788684866.648780214,0 %, 1690 MHz, 51, 7.39 W
1788684866.749551257,0 %, 1690 MHz, 51, 7.39 W
1788684866.849815455,0 %, 1690 MHz, 51, 7.39 W
1788684866.950248003,0 %, 1690 MHz, 51, 7.38 W
1788684867.050764680,0 %, 1690 MHz, 51, 7.38 W
1788684867.151248494,0 %, 1690 MHz, 51, 7.38 W
1788684867.251762323,0 %, 1690 MHz, 51, 7.38 W
1788684867.352236808,0 %, 1690 MHz, 51, 7.38 W
1788684867.452752734,0 %, 1690 MHz, 51, 7.33 W
1788684867.553266643,0 %, 1690 MHz, 51, 7.33 W
1788684867.653775881,0 %, 1690 MHz, 51, 7.33 W
1788684867.754678380,0 %, 1690 MHz, 51, 7.33 W
1788684867.854755348,0 %, 1690 MHz, 51, 7.33 W
1788684867.955241081,0 %, 1690 MHz, 51, 7.34 W
1788684868.055735951,0 %, 1690 MHz, 51, 7.34 W
1788684868.156072711,0 %, 1690 MHz, 51, 7.34 W
1788684868.256745629,0 %, 1690 MHz, 51, 7.34 W
1788684868.357317635,0 %, 1690 MHz, 51, 7.34 W
1788684868.457732554,0 %, 1690 MHz, 51, 7.39 W
1788684868.558229185,0 %, 1690 MHz, 51, 7.39 W
1788684868.658774951,0 %, 1690 MHz, 51, 7.39 W
1788684868.759684956,0 %, 1690 MHz, 51, 7.39 W
1788684868.859744629,0 %, 1690 MHz, 51, 7.39 W
1788684868.960111068,0 %, 1690 MHz, 51, 7.37 W
1788684869.060589747,0 %, 1690 MHz, 51, 7.37 W
1788684869.161143755,0 %, 1690 MHz, 51, 7.37 W
1788684869.261617683,0 %, 1690 MHz, 51, 7.37 W
1788684869.362153179,0 %, 1690 MHz, 51, 7.37 W
1788684869.462686275,0 %, 1690 MHz, 51, 7.33 W
1788684869.563166683,0 %, 1690 MHz, 51, 7.33 W
1788684869.663769826,0 %, 1690 MHz, 51, 7.33 W
1788684869.764218122,0 %, 1690 MHz, 51, 7.33 W
1788684869.864235828,0 %, 1690 MHz, 51, 7.33 W
1788684869.964745356,0 %, 1690 MHz, 51, 7.36 W
1788684870.065018534,0 %, 1690 MHz, 51, 7.36 W
1788684870.165061665,0 %, 1690 MHz, 51, 7.36 W
1788684870.265907433,0 %, 1690 MHz, 51, 7.36 W
1788684870.365797221,0 %, 1690 MHz, 51, 7.36 W
1788684870.466077263,0 %, 1690 MHz, 51, 7.38 W
1788684870.566417337,0 %, 1690 MHz, 51, 7.38 W
1788684870.666761459,0 %, 1690 MHz, 51, 7.38 W
1788684870.767662202,0 %, 1690 MHz, 51, 7.38 W
1788684870.868145779,0 %, 1690 MHz, 51, 7.38 W
1788684870.968163519,0 %, 1690 MHz, 51, 7.37 W
1788684871.068743913,0 %, 1690 MHz, 51, 7.37 W
1788684871.168734357,0 %, 1690 MHz, 51, 7.37 W
1788684871.269742781,0 %, 1690 MHz, 51, 7.37 W
1788684871.370217544,0 %, 1690 MHz, 51, 7.37 W
1788684871.470712882,0 %, 1690 MHz, 51, 7.35 W
1788684871.571211244,0 %, 1690 MHz, 51, 7.35 W
1788684871.671351497,0 %, 1690 MHz, 51, 7.35 W
1788684871.771437509,0 %, 1690 MHz, 51, 7.35 W
1788684871.871785632,0 %, 1690 MHz, 51, 7.35 W
1788684871.972542473,0 %, 1690 MHz, 51, 7.33 W
1788684872.073143908,0 %, 1690 MHz, 51, 7.33 W
1788684872.173628560,0 %, 1690 MHz, 51, 7.33 W
1788684872.274170699,0 %, 1690 MHz, 51, 7.33 W
1788684872.373953770,0 %, 1690 MHz, 51, 7.33 W
1788684872.474014904,0 %, 1690 MHz, 51, 7.36 W
1788684872.574446852,0 %, 1690 MHz, 51, 7.36 W
1788684872.675114766,0 %, 1690 MHz, 51, 7.36 W
1788684872.774742126,0 %, 1690 MHz, 51, 7.36 W
1788684872.875606056,0 %, 1690 MHz, 51, 7.36 W
1788684872.976118932,0 %, 1690 MHz, 51, 7.39 W
1788684873.076406801,0 %, 1690 MHz, 51, 7.39 W
1788684873.176908110,0 %, 1690 MHz, 51, 7.39 W
1788684873.277087996,0 %, 1690 MHz, 51, 7.39 W
1788684873.377319066,0 %, 1690 MHz, 51, 7.39 W
1788684873.477969670,0 %, 1690 MHz, 51, 7.32 W
1788684873.577397880,0 %, 1690 MHz, 51, 7.32 W
1788684873.677437431,0 %, 1690 MHz, 51, 7.32 W
1788684873.778232003,0 %, 1690 MHz, 51, 7.32 W
1788684873.878620352,0 %, 1690 MHz, 51, 7.32 W
1788684873.978910046,0 %, 1690 MHz, 51, 7.23 W
1788684874.079633355,0 %, 1690 MHz, 51, 7.23 W
1788684874.180156777,0 %, 1690 MHz, 51, 7.23 W
1788684874.280551175,0 %, 1690 MHz, 51, 7.23 W
1788684874.380852390,0 %, 1690 MHz, 51, 7.23 W
1788684874.481331860,0 %, 1690 MHz, 51, 7.20 W
1788684874.580861639,0 %, 1690 MHz, 51, 7.20 W
1788684874.681002151,0 %, 1690 MHz, 51, 7.20 W
1788684874.781342245,0 %, 1690 MHz, 51, 7.20 W
1788684874.881702292,0 %, 1690 MHz, 51, 7.20 W
1788684874.981763556,0 %, 1690 MHz, 51, 7.21 W
1788684875.082288723,0 %, 1690 MHz, 51, 7.21 W
1788684875.182523540,0 %, 1690 MHz, 51, 7.21 W
1788684875.282238551,0 %, 1690 MHz, 51, 7.21 W
1788684875.382505415,0 %, 1690 MHz, 51, 7.21 W
1788684875.482600248,0 %, 1690 MHz, 51, 7.21 W
1788684875.582603930,0 %, 1690 MHz, 51, 7.21 W
1788684875.683165241,0 %, 1690 MHz, 51, 7.21 W
1788684875.784170230,0 %, 1690 MHz, 51, 7.21 W
1788684875.883813961,0 %, 1690 MHz, 51, 7.21 W
1788684875.984016250,0 %, 1690 MHz, 51, 7.22 W
1788684876.084713961,0 %, 1690 MHz, 51, 7.22 W
1788684876.185168842,0 %, 1690 MHz, 51, 7.22 W
1788684876.284865038,0 %, 1690 MHz, 51, 7.22 W
1788684876.385331167,0 %, 1690 MHz, 51, 7.22 W
1788684876.485875807,0 %, 1690 MHz, 51, 7.29 W
1788684876.586213280,0 %, 1690 MHz, 51, 7.29 W
1788684876.686865360,0 %, 1690 MHz, 51, 7.29 W
1788684876.787473712,0 %, 1690 MHz, 51, 7.29 W
1788684876.887826513,0 %, 1690 MHz, 51, 7.29 W
1788684876.988276066,0 %, 1690 MHz, 51, 7.35 W
1788684877.088739779,0 %, 1690 MHz, 51, 7.35 W
1788684877.189212037,0 %, 1690 MHz, 51, 7.35 W
1788684877.289261129,0 %, 1690 MHz, 51, 7.35 W
1788684877.389928442,0 %, 1690 MHz, 51, 7.35 W
1788684877.490378108,0 %, 1690 MHz, 51, 7.35 W
1788684877.590904365,0 %, 1690 MHz, 51, 7.35 W
1788684877.691328143,0 %, 1690 MHz, 51, 7.35 W
1788684877.791841553,0 %, 1690 MHz, 51, 7.35 W
1788684877.892279043,0 %, 1690 MHz, 51, 7.35 W
1788684877.992337799,0 %, 1690 MHz, 51, 7.35 W
1788684878.092576939,0 %, 1690 MHz, 51, 7.35 W
1788684878.193220397,0 %, 1690 MHz, 51, 7.35 W
1788684878.293719456,0 %, 1690 MHz, 51, 7.35 W
1788684878.394209539,0 %, 1690 MHz, 51, 7.35 W
1788684878.494421447,0 %, 1690 MHz, 51, 7.36 W
1788684878.594927546,0 %, 1690 MHz, 51, 7.36 W
1788684878.694880015,0 %, 1690 MHz, 51, 7.36 W
1788684878.795379250,0 %, 1690 MHz, 51, 7.36 W
1788684878.895854981,0 %, 1690 MHz, 51, 7.36 W
1788684878.996353096,0 %, 1690 MHz, 51, 7.34 W
1788684879.096850428,0 %, 1690 MHz, 51, 7.34 W
1788684879.197278992,0 %, 1690 MHz, 51, 7.34 W
1788684879.297559782,0 %, 1690 MHz, 51, 7.34 W
1788684879.398229753,0 %, 1690 MHz, 51, 7.34 W
1788684879.498220799,0 %, 1690 MHz, 51, 7.33 W
1788684879.598521236,0 %, 1690 MHz, 51, 7.33 W
1788684879.699124744,0 %, 1690 MHz, 51, 7.33 W
1788684879.799591868,0 %, 1690 MHz, 51, 7.33 W
1788684879.900085952,0 %, 1690 MHz, 51, 7.33 W
1788684880.000236806,0 %, 1690 MHz, 51, 7.31 W
1788684880.100893179,0 %, 1690 MHz, 51, 7.31 W
1788684880.201158993,0 %, 1690 MHz, 51, 7.31 W
1788684880.301515415,0 %, 1690 MHz, 51, 7.31 W
1788684880.402000636,0 %, 1690 MHz, 51, 7.31 W
1788684880.502446578,0 %, 1690 MHz, 51, 7.29 W
1788684880.602987095,0 %, 1690 MHz, 51, 7.29 W
1788684880.703416621,0 %, 1690 MHz, 51, 7.29 W
1788684880.803912514,0 %, 1690 MHz, 51, 7.29 W
1788684880.904361239,0 %, 1690 MHz, 51, 7.29 W
1788684881.004871789,0 %, 1690 MHz, 51, 7.30 W
1788684881.105299028,0 %, 1690 MHz, 51, 7.30 W
1788684881.205809498,0 %, 1690 MHz, 51, 7.30 W
1788684881.306237297,0 %, 1690 MHz, 51, 7.30 W
1788684881.406720407,0 %, 1690 MHz, 51, 7.30 W
1788684881.507194910,0 %, 1690 MHz, 51, 7.30 W
1788684881.607396038,0 %, 1690 MHz, 51, 7.30 W
1788684881.707881533,0 %, 1690 MHz, 51, 7.30 W
1788684881.808330051,0 %, 1690 MHz, 51, 7.30 W
1788684881.908392300,0 %, 1690 MHz, 51, 7.30 W
1788684882.008458308,0 %, 1690 MHz, 51, 7.30 W
1788684882.108899980,0 %, 1690 MHz, 51, 7.30 W
1788684882.209463396,0 %, 1690 MHz, 51, 7.30 W
1788684882.310037419,0 %, 1690 MHz, 51, 7.30 W
1788684882.410296612,0 %, 1690 MHz, 51, 7.30 W
1788684882.510944635,0 %, 1690 MHz, 51, 7.31 W
1788684882.611390707,0 %, 1690 MHz, 51, 7.31 W
1788684882.711910459,0 %, 1690 MHz, 51, 7.31 W
1788684882.812307619,0 %, 1690 MHz, 51, 7.31 W
1788684882.912868154,0 %, 1690 MHz, 51, 7.31 W
1788684883.013305234,0 %, 1690 MHz, 51, 7.32 W
1788684883.113489645,0 %, 1690 MHz, 51, 7.32 W
1788684883.213731175,0 %, 1690 MHz, 51, 7.32 W
1788684883.314243312,0 %, 1690 MHz, 51, 7.32 W
1788684883.414755944,0 %, 1690 MHz, 51, 7.32 W
1788684883.515163474,0 %, 1690 MHz, 51, 7.31 W
1788684883.615686362,0 %, 1690 MHz, 51, 7.31 W
1788684883.715721190,0 %, 1690 MHz, 51, 7.31 W
1788684883.816012847,0 %, 1690 MHz, 51, 7.31 W
1788684883.916438681,0 %, 1690 MHz, 51, 7.31 W
1788684884.016438436,0 %, 1690 MHz, 51, 7.29 W
1788684884.116535344,0 %, 1690 MHz, 51, 7.29 W
1788684884.217032042,0 %, 1690 MHz, 51, 7.29 W
1788684884.317525140,0 %, 1690 MHz, 51, 7.29 W
1788684884.417906351,0 %, 1690 MHz, 51, 7.29 W
1788684884.517965691,0 %, 1690 MHz, 51, 7.27 W
1788684884.618079687,0 %, 1690 MHz, 51, 7.27 W
1788684884.718306338,0 %, 1690 MHz, 51, 7.27 W
1788684884.818894172,0 %, 1690 MHz, 51, 7.27 W
1788684884.919356038,0 %, 1690 MHz, 51, 7.27 W
1788684885.019898640,0 %, 1690 MHz, 51, 7.25 W
1788684885.120398348,0 %, 1690 MHz, 51, 7.25 W
1788684885.220869975,0 %, 1690 MHz, 51, 7.25 W
1788684885.321116563,0 %, 1690 MHz, 51, 7.25 W
1788684885.421206785,0 %, 1690 MHz, 51, 7.25 W
1788684885.521836011,0 %, 1690 MHz, 51, 7.28 W
1788684885.622231543,0 %, 1690 MHz, 51, 7.28 W
1788684885.722750434,0 %, 1690 MHz, 51, 7.28 W
1788684885.823784187,0 %, 1690 MHz, 51, 7.28 W
1788684885.923643913,0 %, 1690 MHz, 51, 7.28 W
1788684886.023884534,0 %, 1690 MHz, 51, 7.34 W
1788684886.123485831,0 %, 1690 MHz, 51, 7.34 W
1788684886.224656640,0 %, 1690 MHz, 51, 7.34 W
1788684886.325163693,0 %, 1690 MHz, 51, 7.34 W
1788684886.425129691,0 %, 1690 MHz, 51, 7.34 W
1788684886.526098662,0 %, 1690 MHz, 51, 7.36 W
1788684886.626049397,0 %, 1690 MHz, 51, 7.36 W
1788684886.726747648,0 %, 1690 MHz, 51, 7.36 W
1788684886.827238909,0 %, 1690 MHz, 51, 7.36 W
1788684886.927627178,0 %, 1690 MHz, 51, 7.36 W
1788684887.028119255,0 %, 1690 MHz, 51, 7.34 W
1788684887.127983239,0 %, 1690 MHz, 51, 7.34 W
1788684887.228516613,0 %, 1690 MHz, 51, 7.34 W
1788684887.328996259,0 %, 1690 MHz, 51, 7.34 W
1788684887.429732799,0 %, 1690 MHz, 51, 7.34 W
1788684887.530205581,0 %, 1690 MHz, 51, 7.34 W
1788684887.630686827,0 %, 1690 MHz, 51, 7.34 W
1788684887.730859050,0 %, 1690 MHz, 51, 7.34 W
1788684887.831379016,0 %, 1690 MHz, 51, 7.34 W
1788684887.931875461,0 %, 1690 MHz, 51, 7.34 W
1788684888.032327171,0 %, 1690 MHz, 51, 7.34 W
1788684888.132533860,0 %, 1690 MHz, 51, 7.34 W
1788684888.232826979,0 %, 1690 MHz, 51, 7.34 W
1788684888.332917124,0 %, 1690 MHz, 51, 7.34 W
1788684888.433169860,0 %, 1690 MHz, 51, 7.34 W
1788684888.533848610,0 %, 1690 MHz, 51, 7.37 W
1788684888.633719748,0 %, 1690 MHz, 51, 7.37 W
1788684888.734586769,0 %, 1690 MHz, 51, 7.37 W
1788684888.834905169,0 %, 1690 MHz, 51, 7.37 W
1788684888.935520095,0 %, 1690 MHz, 51, 7.41 W
1788684889.035323906,0 %, 1690 MHz, 51, 7.41 W
1788684889.135746370,0 %, 1690 MHz, 51, 7.41 W
1788684889.236223714,0 %, 1690 MHz, 51, 7.41 W
1788684889.336701362,0 %, 1690 MHz, 51, 7.41 W
1788684889.437734016,0 %, 1690 MHz, 51, 7.43 W
1788684889.537511683,0 %, 1690 MHz, 51, 7.43 W
1788684889.637600277,0 %, 1690 MHz, 51, 7.43 W
1788684889.738093029,0 %, 1690 MHz, 51, 7.43 W
1788684889.838564789,0 %, 1690 MHz, 51, 7.43 W
1788684889.939064949,0 %, 1690 MHz, 51, 7.38 W
1788684890.039709109,0 %, 1690 MHz, 51, 7.38 W
1788684890.140005047,0 %, 1690 MHz, 51, 7.38 W
1788684890.240450217,0 %, 1690 MHz, 51, 7.38 W
1788684890.340921082,0 %, 1690 MHz, 51, 7.38 W
1788684890.441372955,0 %, 1690 MHz, 51, 7.31 W
1788684890.541950924,0 %, 1690 MHz, 51, 7.31 W
1788684890.642331550,0 %, 1690 MHz, 51, 7.31 W
1788684890.742985039,0 %, 1690 MHz, 51, 7.31 W
1788684890.843203985,0 %, 1690 MHz, 51, 7.31 W
1788684890.943654611,0 %, 1690 MHz, 51, 7.33 W
1788684891.044159092,0 %, 1690 MHz, 51, 7.33 W
1788684891.144129881,0 %, 1690 MHz, 51, 7.33 W
1788684891.244581804,0 %, 1690 MHz, 51, 7.33 W
1788684891.344722112,0 %, 1690 MHz, 51, 7.33 W
1788684891.444614965,0 %, 1690 MHz, 51, 7.33 W
1788684891.544984456,0 %, 1690 MHz, 51, 7.33 W
1788684891.645562330,0 %, 1690 MHz, 51, 7.33 W
1788684891.745903325,0 %, 1690 MHz, 51, 7.33 W
1788684891.846516975,0 %, 1690 MHz, 51, 7.33 W
1788684891.946888962,0 %, 1690 MHz, 51, 7.33 W
1788684892.047485860,0 %, 1690 MHz, 51, 7.33 W
1788684892.147989192,0 %, 1690 MHz, 51, 7.33 W
1788684892.248462380,0 %, 1690 MHz, 51, 7.33 W
1788684892.348029107,0 %, 1690 MHz, 51, 7.33 W
1788684892.448380680,0 %, 1690 MHz, 51, 7.34 W
1788684892.548998235,0 %, 1690 MHz, 51, 7.34 W
1788684892.649805709,0 %, 1690 MHz, 51, 7.34 W
1788684892.750228785,0 %, 1690 MHz, 51, 7.34 W
1788684892.850726868,0 %, 1690 MHz, 51, 7.34 W
1788684892.951213848,0 %, 1690 MHz, 51, 7.30 W
1788684893.050953024,0 %, 1690 MHz, 51, 7.30 W
1788684893.151877650,0 %, 1690 MHz, 51, 7.30 W
1788684893.252360759,0 %, 1690 MHz, 51, 7.30 W
1788684893.352883436,0 %, 1690 MHz, 51, 7.30 W
1788684893.453362593,0 %, 1690 MHz, 51, 7.26 W
1788684893.553030889,0 %, 1690 MHz, 51, 7.26 W
1788684893.653206303,0 %, 1690 MHz, 51, 7.26 W
1788684893.753184423,0 %, 1690 MHz, 51, 7.26 W
1788684893.853931114,0 %, 1690 MHz, 51, 7.26 W
1788684893.954090320,0 %, 1690 MHz, 51, 7.28 W
1788684894.053802489,0 %, 1690 MHz, 51, 7.28 W
1788684894.154046192,0 %, 1690 MHz, 51, 7.28 W
1788684894.254076904,0 %, 1690 MHz, 51, 7.28 W
1788684894.354229248,0 %, 1690 MHz, 51, 7.28 W
1788684894.454378759,0 %, 1690 MHz, 51, 7.28 W
1788684894.554261984,0 %, 1690 MHz, 51, 7.28 W
1788684894.654619079,0 %, 1690 MHz, 51, 7.28 W
1788684894.755059325,0 %, 1690 MHz, 51, 7.28 W
1788684894.855263908,0 %, 1690 MHz, 51, 7.28 W
1788684894.954829310,0 %, 1690 MHz, 51, 7.27 W
1788684895.055120374,0 %, 1690 MHz, 51, 7.27 W
1788684895.155197679,0 %, 1690 MHz, 51, 7.27 W
1788684895.255228296,0 %, 1690 MHz, 51, 7.27 W
1788684895.355370705,0 %, 1690 MHz, 51, 7.27 W
1788684895.455712729,0 %, 1690 MHz, 51, 7.28 W
1788684895.555774770,0 %, 1690 MHz, 51, 7.28 W
1788684895.656738423,0 %, 1690 MHz, 51, 7.28 W
1788684895.756481281,0 %, 1690 MHz, 51, 7.28 W
1788684895.856881097,0 %, 1690 MHz, 51, 7.28 W
1788684895.957556831,0 %, 1690 MHz, 51, 7.26 W
1788684896.057706792,0 %, 1690 MHz, 51, 7.26 W
1788684896.158534735,0 %, 1690 MHz, 51, 7.26 W
1788684896.258576393,0 %, 1690 MHz, 51, 7.26 W
1788684896.359444528,0 %, 1690 MHz, 51, 7.26 W
1788684896.458917901,0 %, 1690 MHz, 51, 7.26 W
1788684896.559562932,0 %, 1690 MHz, 51, 7.26 W
1788684896.659672015,0 %, 1690 MHz, 51, 7.26 W
1788684896.759992760,0 %, 1690 MHz, 51, 7.26 W
1788684896.860920638,0 %, 1690 MHz, 51, 7.26 W
1788684896.960918392,0 %, 1690 MHz, 51, 7.22 W
1788684897.061578593,0 %, 1690 MHz, 51, 7.22 W
1788684897.161919211,0 %, 1690 MHz, 51, 7.22 W
1788684897.261998118,0 %, 1690 MHz, 51, 7.22 W
1788684897.362242193,0 %, 1690 MHz, 51, 7.22 W
1788684897.462762906,0 %, 1690 MHz, 51, 7.21 W
1788684897.563167988,0 %, 1690 MHz, 51, 7.21 W
1788684897.663773069,0 %, 1690 MHz, 51, 7.21 W
1788684897.764425238,0 %, 1690 MHz, 51, 7.21 W
1788684897.864707792,0 %, 1690 MHz, 51, 7.21 W
1788684897.965075946,0 %, 1690 MHz, 50, 7.25 W
1788684898.065569156,0 %, 1690 MHz, 50, 7.25 W
1788684898.166054655,0 %, 1690 MHz, 50, 7.25 W
1788684898.266738905,0 %, 1690 MHz, 50, 7.25 W
1788684898.366996804,0 %, 1690 MHz, 50, 7.25 W
1788684898.467174192,0 %, 1690 MHz, 50, 7.23 W
1788684898.567671659,0 %, 1690 MHz, 50, 7.23 W
1788684898.668118022,0 %, 1690 MHz, 50, 7.23 W
1788684898.769027230,0 %, 1690 MHz, 50, 7.23 W
1788684898.869088027,0 %, 1690 MHz, 50, 7.23 W
1788684898.969625813,0 %, 1690 MHz, 50, 7.25 W
1788684899.070065857,0 %, 1690 MHz, 50, 7.25 W
1788684899.170731100,0 %, 1690 MHz, 50, 7.25 W
1788684899.271029785,0 %, 1690 MHz, 50, 7.25 W
1788684899.371241718,0 %, 1690 MHz, 50, 7.25 W
1788684899.471717073,0 %, 1690 MHz, 50, 7.30 W
1788684899.572160910,0 %, 1690 MHz, 50, 7.30 W
1788684899.672753001,0 %, 1690 MHz, 50, 7.30 W
1788684899.773360676,0 %, 1690 MHz, 50, 7.30 W
1788684899.873738784,0 %, 1690 MHz, 50, 7.30 W
1788684899.974047965,0 %, 1690 MHz, 50, 7.33 W
1788684900.074270891,0 %, 1690 MHz, 50, 7.33 W
1788684900.174311946,0 %, 1690 MHz, 50, 7.33 W
1788684900.274726135,0 %, 1690 MHz, 50, 7.33 W
1788684900.374843190,0 %, 1690 MHz, 50, 7.33 W
1788684900.475273715,0 %, 1690 MHz, 50, 7.36 W
1788684900.575762160,0 %, 1690 MHz, 50, 7.36 W
1788684900.675928734,0 %, 1690 MHz, 50, 7.36 W
1788684900.776199644,0 %, 1690 MHz, 50, 7.36 W
1788684900.876601113,0 %, 1690 MHz, 50, 7.36 W
1788684900.976815176,0 %, 1690 MHz, 50, 7.32 W
1788684901.077031975,0 %, 1690 MHz, 50, 7.32 W
1788684901.177228118,0 %, 1690 MHz, 50, 7.32 W
1788684901.277427718,0 %, 1690 MHz, 50, 7.32 W
1788684901.377325446,0 %, 1690 MHz, 50, 7.32 W
1788684901.477344518,0 %, 1690 MHz, 50, 7.28 W
1788684901.577583830,0 %, 1690 MHz, 50, 7.28 W
1788684901.678365618,0 %, 1690 MHz, 50, 7.28 W
1788684901.778477586,0 %, 1690 MHz, 50, 7.28 W
1788684901.878185652,0 %, 1690 MHz, 50, 7.28 W
1788684901.978391107,0 %, 1690 MHz, 50, 7.26 W
1788684902.078587651,0 %, 1690 MHz, 50, 7.26 W
1788684902.178855908,0 %, 1690 MHz, 50, 7.26 W
1788684902.279009428,0 %, 1690 MHz, 50, 7.26 W
1788684902.379186389,0 %, 1690 MHz, 50, 7.26 W
1788684902.479395494,0 %, 1690 MHz, 50, 7.24 W
1788684902.579610950,0 %, 1690 MHz, 50, 7.24 W
1788684902.679788967,0 %, 1690 MHz, 50, 7.24 W
1788684902.780032311,0 %, 1690 MHz, 50, 7.24 W
1788684902.879882985,0 %, 1690 MHz, 50, 7.24 W
1788684902.979924090,0 %, 1690 MHz, 50, 7.22 W
1788684903.080757161,0 %, 1690 MHz, 50, 7.22 W
1788684903.181006635,0 %, 1690 MHz, 50, 7.22 W
1788684903.281238716,0 %, 1690 MHz, 50, 7.22 W
1788684903.381835020,0 %, 1690 MHz, 50, 7.22 W
1788684903.481737711,0 %, 1690 MHz, 50, 7.20 W
1788684903.582849501,0 %, 1690 MHz, 50, 7.20 W
1788684903.682753968,0 %, 1690 MHz, 50, 7.20 W
1788684903.783076913,0 %, 1690 MHz, 50, 7.20 W
1788684903.883250547,0 %, 1690 MHz, 50, 7.20 W
1788684903.983552820,0 %, 1690 MHz, 50, 7.22 W
1788684904.083801974,0 %, 1690 MHz, 50, 7.22 W
1788684904.184024025,0 %, 1690 MHz, 50, 7.22 W
1788684904.284083597,0 %, 1690 MHz, 50, 7.22 W
1788684904.384186800,0 %, 1690 MHz, 50, 7.22 W
1788684904.484565106,0 %, 1690 MHz, 50, 7.22 W
1788684904.584909732,0 %, 1690 MHz, 50, 7.22 W
1788684904.685244006,0 %, 1690 MHz, 50, 7.22 W
1788684904.785228314,0 %, 1690 MHz, 50, 7.22 W
1788684904.885879243,0 %, 1690 MHz, 50, 7.22 W
1788684904.986125694,0 %, 1690 MHz, 50, 7.15 W
1788684905.086328065,0 %, 1690 MHz, 50, 7.15 W
1788684905.186613861,0 %, 1690 MHz, 50, 7.15 W
1788684905.286941752,0 %, 1690 MHz, 50, 7.15 W
1788684905.387068397,0 %, 1690 MHz, 50, 7.15 W
1788684905.487307648,0 %, 1690 MHz, 50, 7.14 W
1788684905.587658292,0 %, 1690 MHz, 50, 7.14 W
1788684905.688266982,0 %, 1690 MHz, 50, 7.14 W
1788684905.788648921,0 %, 1690 MHz, 50, 7.14 W
1788684905.888647038,0 %, 1690 MHz, 50, 7.14 W
1788684905.989122977,0 %, 1690 MHz, 50, 7.18 W
1788684906.089345590,0 %, 1690 MHz, 50, 7.18 W
1788684906.189641546,0 %, 1690 MHz, 50, 7.18 W
1788684906.289964111,0 %, 1690 MHz, 50, 7.18 W
1788684906.390085908,0 %, 1690 MHz, 50, 7.18 W
1788684906.490321337,0 %, 1690 MHz, 50, 7.21 W
1788684906.590575614,0 %, 1690 MHz, 50, 7.21 W
1788684906.691327553,0 %, 1690 MHz, 50, 7.21 W
1788684906.792013044,0 %, 1690 MHz, 50, 7.21 W
1788684906.892088602,0 %, 1690 MHz, 50, 7.21 W
1788684906.992323215,0 %, 1690 MHz, 50, 7.20 W
1788684907.092768708,0 %, 1690 MHz, 50, 7.20 W
1788684907.193357464,0 %, 1690 MHz, 50, 7.20 W
1788684907.293783646,0 %, 1690 MHz, 50, 7.20 W
1788684907.393681637,0 %, 1690 MHz, 50, 7.20 W
1788684907.494861415,0 %, 1690 MHz, 49, 7.16 W
1788684907.594495440,0 %, 1690 MHz, 49, 7.16 W
1788684907.694720758,0 %, 1690 MHz, 49, 7.16 W
1788684907.795391850,0 %, 1690 MHz, 49, 7.16 W
1788684907.895719536,0 %, 1690 MHz, 49, 7.16 W
1788684907.996005894,0 %, 1690 MHz, 49, 7.15 W
1788684908.096095726,0 %, 1690 MHz, 49, 7.15 W
1788684908.196459876,0 %, 1690 MHz, 49, 7.15 W
1788684908.296883387,0 %, 1690 MHz, 49, 7.15 W
1788684908.396641620,0 %, 1690 MHz, 49, 7.15 W
1788684908.497074362,0 %, 1690 MHz, 49, 7.20 W
1788684908.597860607,0 %, 1690 MHz, 49, 7.20 W
1788684908.698214310,0 %, 1690 MHz, 49, 7.20 W
1788684908.799395961,0 %, 1690 MHz, 49, 7.20 W
1788684908.899345282,0 %, 1690 MHz, 49, 7.20 W
1788684908.999742856,0 %, 1690 MHz, 49, 7.22 W
1788684909.099972752,0 %, 1690 MHz, 49, 7.22 W
1788684909.200519191,0 %, 1690 MHz, 49, 7.22 W
1788684909.301396973,0 %, 1690 MHz, 49, 7.22 W
1788684909.402350322,0 %, 1690 MHz, 49, 7.22 W
1788684909.502928969,0 %, 1690 MHz, 49, 7.22 W
1788684909.603860751,0 %, 1690 MHz, 49, 7.22 W
1788684909.704350070,0 %, 1690 MHz, 49, 7.22 W
1788684909.805950328,0 %, 1690 MHz, 49, 7.22 W
1788684909.906156449,0 %, 1690 MHz, 49, 7.22 W
1788684910.006767207,0 %, 1690 MHz, 49, 7.24 W
1788684910.107685150,0 %, 1690 MHz, 49, 7.24 W
1788684910.208124647,0 %, 1690 MHz, 49, 7.24 W
1788684910.309144685,0 %, 1690 MHz, 49, 7.24 W
1788684910.409772789,0 %, 1690 MHz, 49, 7.24 W
1788684910.510205309,0 %, 1690 MHz, 49, 7.28 W
1788684910.610705430,0 %, 1690 MHz, 49, 7.28 W
1788684910.711638092,0 %, 1690 MHz, 49, 7.28 W
1788684910.812563794,0 %, 1690 MHz, 49, 7.28 W
1788684910.912155951,0 %, 1690 MHz, 49, 7.28 W
1788684911.012822919,0 %, 1690 MHz, 49, 7.30 W
1788684911.112925602,0 %, 1690 MHz, 49, 7.30 W
1788684911.213249548,0 %, 1690 MHz, 49, 7.30 W
1788684911.314264899,0 %, 1690 MHz, 49, 7.30 W
1788684911.414726909,0 %, 1690 MHz, 49, 7.30 W
1788684911.514737481,0 %, 1690 MHz, 49, 7.26 W
1788684911.615895407,0 %, 1690 MHz, 49, 7.26 W
1788684911.716357289,0 %, 1690 MHz, 49, 7.26 W
1788684911.816851570,0 %, 1690 MHz, 49, 7.26 W
1788684911.917297084,0 %, 1690 MHz, 49, 7.26 W
1788684912.017369416,0 %, 1690 MHz, 49, 7.20 W
1788684912.117742707,0 %, 1690 MHz, 49, 7.20 W
1788684912.218121870,0 %, 1690 MHz, 49, 7.20 W
1788684912.318855640,0 %, 1690 MHz, 49, 7.20 W
1788684912.419080067,0 %, 1690 MHz, 49, 7.20 W
1788684912.519499518,0 %, 1690 MHz, 49, 7.18 W
1788684912.619882553,0 %, 1690 MHz, 49, 7.18 W
1788684912.720904770,0 %, 1690 MHz, 49, 7.18 W
1788684912.821495756,0 %, 1690 MHz, 49, 7.18 W
1788684912.921921495,0 %, 1690 MHz, 49, 7.18 W
1788684913.022596097,0 %, 1690 MHz, 49, 7.20 W
1788684913.123044269,0 %, 1690 MHz, 49, 7.20 W
1788684913.223456569,0 %, 1690 MHz, 49, 7.20 W
1788684913.324447315,0 %, 1690 MHz, 49, 7.20 W
1788684913.424527808,0 %, 1690 MHz, 49, 7.20 W
1788684913.524978236,0 %, 1690 MHz, 48, 7.20 W
1788684913.625923798,0 %, 1690 MHz, 48, 7.20 W
1788684913.725444790,0 %, 1690 MHz, 48, 7.20 W
1788684913.826462512,0 %, 1690 MHz, 48, 7.20 W
1788684913.926811276,0 %, 1690 MHz, 48, 7.20 W
1788684914.027438664,0 %, 1690 MHz, 48, 7.19 W
1788684914.127914405,0 %, 1690 MHz, 48, 7.19 W
1788684914.228307218,0 %, 1690 MHz, 48, 7.19 W
1788684914.329314493,0 %, 1690 MHz, 48, 7.19 W
1788684914.429415515,0 %, 1690 MHz, 48, 7.19 W
1788684914.529852248,0 %, 1690 MHz, 48, 7.17 W
1788684914.629867527,0 %, 1690 MHz, 48, 7.17 W
1788684914.730240597,0 %, 1690 MHz, 48, 7.17 W
1788684914.831082848,0 %, 1690 MHz, 48, 7.17 W
1788684914.931459742,0 %, 1690 MHz, 48, 7.17 W
1788684915.031912747,0 %, 1690 MHz, 48, 7.20 W
1788684915.132406585,0 %, 1690 MHz, 48, 7.20 W
1788684915.232457657,0 %, 1690 MHz, 48, 7.20 W
1788684915.333227782,0 %, 1690 MHz, 48, 7.20 W
1788684915.433641316,0 %, 1690 MHz, 48, 7.20 W
1788684915.534337633,0 %, 1690 MHz, 48, 7.21 W
1788684915.634754896,0 %, 1690 MHz, 48, 7.21 W
1788684915.734963711,0 %, 1690 MHz, 48, 7.21 W
1788684915.835889563,0 %, 1690 MHz, 48, 7.21 W
1788684915.936243450,0 %, 1690 MHz, 48, 7.21 W
1788684916.036684120,0 %, 1690 MHz, 48, 7.17 W
1788684916.137044248,0 %, 1690 MHz, 48, 7.17 W
1788684916.237728294,0 %, 1690 MHz, 48, 7.17 W
1788684916.338056566,0 %, 1690 MHz, 48, 7.17 W
1788684916.438413974,0 %, 1690 MHz, 48, 7.17 W
1788684916.539104292,0 %, 1690 MHz, 48, 7.19 W
1788684916.639529204,0 %, 1690 MHz, 48, 7.19 W
1788684916.739792868,0 %, 1690 MHz, 48, 7.19 W
1788684916.839723301,0 %, 1690 MHz, 48, 7.19 W
1788684916.940488739,0 %, 1690 MHz, 48, 7.23 W
1788684917.041197330,0 %, 1690 MHz, 48, 7.23 W
1788684917.141713330,0 %, 1690 MHz, 48, 7.23 W
1788684917.242095667,0 %, 1690 MHz, 48, 7.23 W
1788684917.342798210,0 %, 1690 MHz, 48, 7.23 W
1788684917.443135491,0 %, 1690 MHz, 48, 7.22 W
1788684917.543555940,0 %, 1690 MHz, 48, 7.22 W
1788684917.644226756,0 %, 1690 MHz, 48, 7.22 W
1788684917.744443221,0 %, 1690 MHz, 48, 7.22 W
1788684917.845083317,0 %, 1690 MHz, 48, 7.22 W
1788684917.946081107,0 %, 1690 MHz, 48, 7.21 W
1788684918.046026470,0 %, 1690 MHz, 48, 7.21 W
1788684918.146559239,0 %, 1690 MHz, 48, 7.21 W
1788684918.246993977,0 %, 1690 MHz, 48, 7.21 W
1788684918.347648217,0 %, 1690 MHz, 48, 7.21 W
1788684918.448070395,0 %, 1690 MHz, 48, 7.20 W
1788684918.547477265,0 %, 1690 MHz, 48, 7.20 W
1788684918.648309601,0 %, 1690 MHz, 48, 7.20 W
1788684918.747822871,0 %, 1690 MHz, 48, 7.20 W
1788684918.847914362,0 %, 1690 MHz, 48, 7.20 W
1788684918.948418331,0 %, 1690 MHz, 48, 7.18 W
1788684919.049304492,0 %, 1690 MHz, 48, 7.18 W
1788684919.150041981,0 %, 1690 MHz, 48, 7.18 W
1788684919.250547887,0 %, 1690 MHz, 48, 7.18 W
1788684919.350363653,0 %, 1690 MHz, 48, 7.18 W
1788684919.451206294,0 %, 1690 MHz, 48, 7.16 W
1788684919.552184806,0 %, 1690 MHz, 48, 7.16 W
1788684919.652215579,0 %, 1690 MHz, 48, 7.16 W
1788684919.752642861,0 %, 1690 MHz, 48, 7.16 W
1788684919.853316575,0 %, 1690 MHz, 48, 7.16 W
1788684919.953543587,0 %, 1690 MHz, 48, 7.18 W
1788684920.054153877,0 %, 1690 MHz, 48, 7.18 W
1788684920.154529802,0 %, 1690 MHz, 48, 7.18 W
1788684920.255245468,0 %, 1690 MHz, 48, 7.18 W
1788684920.355576049,0 %, 1690 MHz, 48, 7.18 W
1788684920.456041028,0 %, 1690 MHz, 48, 7.20 W
1788684920.556734183,0 %, 1690 MHz, 48, 7.20 W
1788684920.657137019,0 %, 1690 MHz, 48, 7.20 W
1788684920.757509855,0 %, 1690 MHz, 48, 7.20 W
1788684920.858208834,0 %, 1690 MHz, 48, 7.20 W
1788684920.958326087,0 %, 1690 MHz, 48, 7.18 W
1788684921.058408093,0 %, 1690 MHz, 48, 7.18 W
1788684921.159235377,0 %, 1690 MHz, 48, 7.18 W
1788684921.259415031,0 %, 1690 MHz, 48, 7.18 W
1788684921.360171722,0 %, 1690 MHz, 48, 7.18 W
1788684921.460242785,0 %, 1690 MHz, 48, 7.17 W
1788684921.560989668,0 %, 1690 MHz, 48, 7.17 W
1788684921.661652936,0 %, 1690 MHz, 48, 7.17 W
1788684921.762434604,0 %, 1690 MHz, 48, 7.17 W
1788684921.862573218,0 %, 1690 MHz, 48, 7.17 W
1788684921.962958439,0 %, 1690 MHz, 47, 7.19 W
1788684922.063773595,0 %, 1690 MHz, 47, 7.19 W
1788684922.164103778,0 %, 1690 MHz, 47, 7.19 W
1788684922.264424665,0 %, 1690 MHz, 47, 7.19 W
1788684922.365149421,0 %, 1690 MHz, 47, 7.19 W
1788684922.465529524,0 %, 1690 MHz, 47, 7.20 W
1788684922.565936826,0 %, 1690 MHz, 47, 7.20 W
1788684922.666605711,0 %, 1690 MHz, 47, 7.20 W
1788684922.767068485,0 %, 1690 MHz, 47, 7.20 W
1788684922.867458219,0 %, 1690 MHz, 47, 7.20 W
1788684922.968459071,0 %, 1690 MHz, 47, 7.20 W
1788684923.068535079,0 %, 1690 MHz, 47, 7.20 W
1788684923.168987487,0 %, 1690 MHz, 47, 7.20 W
1788684923.269342454,0 %, 1690 MHz, 47, 7.20 W
1788684923.369854349,0 %, 1690 MHz, 47, 7.20 W
1788684923.470220468,0 %, 1690 MHz, 47, 7.21 W
1788684923.570850811,0 %, 1690 MHz, 47, 7.21 W
1788684923.671475473,0 %, 1690 MHz, 47, 7.21 W
1788684923.771946808,0 %, 1690 MHz, 47, 7.21 W
1788684923.872334976,0 %, 1690 MHz, 47, 7.21 W
1788684923.973106517,0 %, 1690 MHz, 47, 7.19 W
1788684924.073422830,0 %, 1690 MHz, 47, 7.19 W
1788684924.173853126,0 %, 1690 MHz, 47, 7.19 W
1788684924.274208063,0 %, 1690 MHz, 47, 7.19 W
1788684924.374892934,0 %, 1690 MHz, 47, 7.19 W
1788684924.475263071,0 %, 1690 MHz, 47, 7.19 W
1788684924.575729063,0 %, 1690 MHz, 47, 7.19 W
1788684924.674861893,0 %, 1690 MHz, 47, 7.19 W
1788684924.775305517,0 %, 1690 MHz, 47, 7.19 W
1788684924.875073496,0 %, 1690 MHz, 47, 7.19 W
1788684924.975312033,0 %, 1690 MHz, 47, 7.22 W
1788684925.075542683,0 %, 1690 MHz, 47, 7.22 W
1788684925.175599110,0 %, 1690 MHz, 47, 7.22 W
1788684925.276839740,0 %, 1690 MHz, 47, 7.22 W
1788684925.377233990,0 %, 1690 MHz, 47, 7.22 W
1788684925.477930558,0 %, 1690 MHz, 47, 7.23 W
1788684925.578322440,0 %, 1690 MHz, 47, 7.23 W
1788684925.678760817,0 %, 1690 MHz, 47, 7.23 W
1788684925.779575177,0 %, 1690 MHz, 47, 7.23 W
1788684925.879857715,0 %, 1690 MHz, 47, 7.23 W
1788684925.980555211,0 %, 1690 MHz, 47, 7.22 W
1788684926.081041701,0 %, 1690 MHz, 47, 7.22 W
1788684926.181421232,0 %, 1690 MHz, 47, 7.22 W
1788684926.281833019,0 %, 1690 MHz, 47, 7.22 W
1788684926.382216917,0 %, 1690 MHz, 47, 7.22 W
1788684926.482875823,0 %, 1690 MHz, 47, 7.20 W
1788684926.583254570,0 %, 1690 MHz, 47, 7.20 W
1788684926.683535973,0 %, 1690 MHz, 47, 7.20 W
1788684926.784001183,0 %, 1690 MHz, 47, 7.20 W
1788684926.883272255,0 %, 1690 MHz, 47, 7.20 W
1788684926.983355851,0 %, 1690 MHz, 47, 7.20 W
1788684927.083879702,0 %, 1690 MHz, 47, 7.20 W
1788684927.184914319,0 %, 1690 MHz, 47, 7.20 W
1788684927.285516314,0 %, 1690 MHz, 47, 7.20 W
1788684927.385960661,0 %, 1690 MHz, 47, 7.20 W
1788684927.486625712,0 %, 1690 MHz, 47, 7.17 W
1788684927.587068955,0 %, 1690 MHz, 47, 7.17 W
1788684927.687438023,0 %, 1690 MHz, 47, 7.17 W
1788684927.787892595,0 %, 1690 MHz, 47, 7.17 W
1788684927.888495710,0 %, 1690 MHz, 47, 7.17 W
1788684927.988873849,0 %, 1690 MHz, 47, 7.15 W
1788684928.089486165,0 %, 1690 MHz, 47, 7.15 W
1788684928.190150945,0 %, 1690 MHz, 47, 7.15 W
1788684928.290519614,0 %, 1690 MHz, 47, 7.15 W
1788684928.390931019,0 %, 1690 MHz, 47, 7.15 W
1788684928.491600198,0 %, 1690 MHz, 47, 7.16 W
1788684928.591983587,0 %, 1690 MHz, 47, 7.16 W
1788684928.692390880,0 %, 1690 MHz, 47, 7.16 W
1788684928.793122108,0 %, 1690 MHz, 47, 7.16 W
1788684928.893478473,0 %, 1690 MHz, 47, 7.16 W
1788684928.993904822,0 %, 1690 MHz, 47, 7.15 W
1788684929.094410531,0 %, 1690 MHz, 47, 7.15 W
1788684929.195038720,0 %, 1690 MHz, 47, 7.15 W
1788684929.295406126,0 %, 1690 MHz, 47, 7.15 W
1788684929.395790716,0 %, 1690 MHz, 47, 7.15 W
1788684929.496445833,0 %, 1690 MHz, 47, 7.15 W
1788684929.596851927,0 %, 1690 MHz, 47, 7.15 W
1788684929.697452004,0 %, 1690 MHz, 47, 7.15 W
1788684929.797961025,0 %, 1690 MHz, 47, 7.15 W
1788684929.898405423,0 %, 1690 MHz, 47, 7.15 W
1788684929.998842205,0 %, 1690 MHz, 47, 7.18 W
1788684930.099320924,0 %, 1690 MHz, 47, 7.18 W
1788684930.199966346,0 %, 1690 MHz, 47, 7.18 W
1788684930.300373641,0 %, 1690 MHz, 47, 7.18 W
1788684930.401071862,0 %, 1690 MHz, 47, 7.18 W
1788684930.501454150,0 %, 1690 MHz, 47, 7.18 W
1788684930.601921044,0 %, 1690 MHz, 47, 7.18 W
1788684930.702276580,0 %, 1690 MHz, 47, 7.18 W
1788684930.802952577,0 %, 1690 MHz, 47, 7.18 W
1788684930.903503984,0 %, 1690 MHz, 47, 7.18 W
1788684931.004190958,0 %, 1690 MHz, 47, 7.19 W
1788684931.104416623,0 %, 1690 MHz, 47, 7.19 W
1788684931.205067006,0 %, 1690 MHz, 47, 7.19 W
1788684931.305668589,0 %, 1690 MHz, 47, 7.19 W
1788684931.406144877,0 %, 1690 MHz, 47, 7.19 W
1788684931.506540541,0 %, 1690 MHz, 47, 7.19 W
1788684931.606926045,0 %, 1690 MHz, 47, 7.19 W
1788684931.707588156,0 %, 1690 MHz, 47, 7.19 W
1788684931.808004652,0 %, 1690 MHz, 47, 7.19 W
1788684931.908372156,0 %, 1690 MHz, 47, 7.19 W
1788684932.009055307,0 %, 1690 MHz, 47, 7.18 W
1788684932.109299117,0 %, 1690 MHz, 47, 7.18 W
1788684932.209908206,0 %, 1690 MHz, 47, 7.18 W
1788684932.310281327,0 %, 1690 MHz, 47, 7.18 W
1788684932.410974911,0 %, 1690 MHz, 47, 7.18 W
1788684932.511359328,0 %, 1690 MHz, 46, 7.20 W
1788684932.611750481,0 %, 1690 MHz, 46, 7.20 W
1788684932.712580641,0 %, 1690 MHz, 46, 7.20 W
1788684932.812852483,0 %, 1690 MHz, 46, 7.20 W
1788684932.913255476,0 %, 1690 MHz, 46, 7.20 W
1788684933.013980820,0 %, 1690 MHz, 46, 7.20 W
1788684933.114378550,0 %, 1690 MHz, 46, 7.20 W
1788684933.214798728,0 %, 1690 MHz, 46, 7.20 W
1788684933.315460666,0 %, 1690 MHz, 46, 7.20 W
1788684933.415925180,0 %, 1690 MHz, 46, 7.20 W
1788684933.516336318,0 %, 1690 MHz, 46, 7.22 W
1788684933.616747904,0 %, 1690 MHz, 46, 7.22 W
1788684933.717385553,0 %, 1690 MHz, 46, 7.22 W
1788684933.817950579,0 %, 1690 MHz, 46, 7.22 W
1788684933.918599684,0 %, 1690 MHz, 46, 7.22 W
1788684934.019044663,0 %, 1690 MHz, 46, 7.22 W
1788684934.119256299,0 %, 1690 MHz, 46, 7.22 W
1788684934.219830797,0 %, 1690 MHz, 46, 7.22 W
1788684934.320502928,0 %, 1690 MHz, 46, 7.22 W
1788684934.420857251,0 %, 1690 MHz, 46, 7.22 W
1788684934.521103351,0 %, 1690 MHz, 46, 7.19 W
1788684934.621926297,0 %, 1690 MHz, 46, 7.19 W
1788684934.722967786,0 %, 1690 MHz, 46, 7.19 W
1788684934.822840799,0 %, 1690 MHz, 46, 7.19 W
1788684934.922521141,0 %, 1690 MHz, 46, 7.19 W
1788684935.023583702,0 %, 1690 MHz, 46, 7.18 W
1788684935.124126346,0 %, 1690 MHz, 46, 7.18 W
1788684935.224509823,0 %, 1690 MHz, 46, 7.18 W
1788684935.324885379,0 %, 1690 MHz, 46, 7.18 W
1788684935.425538439,0 %, 1690 MHz, 46, 7.18 W
1788684935.525941707,0 %, 1690 MHz, 46, 7.19 W
1788684935.626357840,0 %, 1690 MHz, 46, 7.19 W
1788684935.727021299,0 %, 1690 MHz, 46, 7.19 W
1788684935.827439719,0 %, 1690 MHz, 46, 7.19 W
1788684935.927444573,0 %, 1690 MHz, 46, 7.19 W
1788684936.028187041,0 %, 1690 MHz, 46, 7.24 W
1788684936.128679478,0 %, 1690 MHz, 46, 7.24 W
1788684936.229385770,0 %, 1690 MHz, 46, 7.24 W
1788684936.329727488,0 %, 1690 MHz, 46, 7.24 W
1788684936.430419444,0 %, 1690 MHz, 46, 7.24 W
1788684936.530842218,0 %, 1690 MHz, 46, 7.25 W
1788684936.631229119,0 %, 1690 MHz, 46, 7.25 W
1788684936.731973443,0 %, 1690 MHz, 46, 7.25 W
1788684936.832319721,0 %, 1690 MHz, 46, 7.25 W
1788684936.932764271,0 %, 1690 MHz, 46, 7.25 W
1788684937.033421395,0 %, 1690 MHz, 46, 7.22 W
1788684937.133892154,0 %, 1690 MHz, 46, 7.22 W
1788684937.234438432,0 %, 1690 MHz, 46, 7.22 W
1788684937.335141781,0 %, 1690 MHz, 46, 7.22 W
1788684937.435489244,0 %, 1690 MHz, 46, 7.22 W
1788684937.535880163,0 %, 1690 MHz, 46, 7.21 W
1788684937.636902551,0 %, 1690 MHz, 46, 7.21 W
1788684937.736927903,0 %, 1690 MHz, 46, 7.21 W
1788684937.837430949,0 %, 1690 MHz, 46, 7.21 W
1788684937.938081098,0 %, 1690 MHz, 46, 7.21 W
1788684938.038497809,0 %, 1690 MHz, 46, 7.19 W
1788684938.139242952,0 %, 1690 MHz, 46, 7.19 W
1788684938.239578544,0 %, 1690 MHz, 46, 7.19 W
1788684938.340269942,0 %, 1690 MHz, 46, 7.19 W
1788684938.441045868,0 %, 1690 MHz, 46, 7.19 W
1788684938.541495476,0 %, 1690 MHz, 46, 7.17 W
1788684938.641909755,0 %, 1690 MHz, 46, 7.17 W
1788684938.742561314,0 %, 1690 MHz, 46, 7.17 W
1788684938.843032521,0 %, 1690 MHz, 46, 7.17 W
1788684938.943071827,0 %, 1690 MHz, 46, 7.18 W
1788684939.043582106,0 %, 1690 MHz, 46, 7.18 W
1788684939.144003347,0 %, 1690 MHz, 46, 7.18 W
1788684939.244494683,0 %, 1690 MHz, 46, 7.18 W
1788684939.345041828,0 %, 1690 MHz, 46, 7.18 W
1788684939.445325901,0 %, 1690 MHz, 46, 7.24 W
1788684939.545812373,0 %, 1690 MHz, 46, 7.24 W
1788684939.646431629,0 %, 1690 MHz, 46, 7.24 W
1788684939.746865814,0 %, 1690 MHz, 46, 7.24 W
1788684939.847228879,0 %, 1690 MHz, 46, 7.24 W
1788684939.947906758,0 %, 1690 MHz, 46, 7.23 W
1788684940.048346175,0 %, 1690 MHz, 46, 7.23 W
1788684940.148793273,0 %, 1690 MHz, 46, 7.23 W
1788684940.249421650,0 %, 1690 MHz, 46, 7.23 W
1788684940.349885243,0 %, 1690 MHz, 46, 7.23 W
1788684940.450309285,0 %, 1690 MHz, 46, 7.21 W
1788684940.550969022,0 %, 1690 MHz, 46, 7.21 W
1788684940.651422520,0 %, 1690 MHz, 46, 7.21 W
1788684940.751859553,0 %, 1690 MHz, 46, 7.21 W
1788684940.852217659,0 %, 1690 MHz, 46, 7.21 W
1788684940.952882596,0 %, 1690 MHz, 46, 7.22 W
1788684941.053240159,0 %, 1690 MHz, 46, 7.22 W
1788684941.153001772,0 %, 1690 MHz, 46, 7.22 W
1788684941.253881749,0 %, 1690 MHz, 46, 7.22 W
1788684941.354529263,0 %, 1690 MHz, 46, 7.22 W
1788684941.454945898,0 %, 1690 MHz, 46, 7.25 W
1788684941.555329685,0 %, 1690 MHz, 46, 7.25 W
1788684941.655558096,0 %, 1690 MHz, 46, 7.25 W
1788684941.756421049,0 %, 1690 MHz, 46, 7.25 W
1788684941.856651349,0 %, 1690 MHz, 46, 7.25 W
1788684941.957091792,0 %, 1690 MHz, 46, 7.24 W
1788684942.057791706,0 %, 1690 MHz, 46, 7.24 W
1788684942.158217494,0 %, 1690 MHz, 46, 7.24 W
1788684942.258447890,0 %, 1690 MHz, 46, 7.24 W
1788684942.358987454,0 %, 1690 MHz, 46, 7.24 W
1788684942.459650537,0 %, 1690 MHz, 46, 7.18 W
1788684942.560037605,0 %, 1690 MHz, 46, 7.18 W
1788684942.660445153,0 %, 1690 MHz, 46, 7.18 W
1788684942.761136571,0 %, 1690 MHz, 46, 7.18 W
1788684942.861522488,0 %, 1690 MHz, 46, 7.18 W
1788684942.961952675,0 %, 1690 MHz, 46, 7.15 W
1788684943.062308992,0 %, 1690 MHz, 46, 7.15 W
1788684943.163000908,0 %, 1690 MHz, 46, 7.15 W
1788684943.263171370,0 %, 1690 MHz, 46, 7.15 W
1788684943.363424664,0 %, 1690 MHz, 46, 7.15 W
1788684943.464038420,0 %, 1690 MHz, 46, 7.18 W
1788684943.564706944,0 %, 1690 MHz, 46, 7.18 W
1788684943.665099677,0 %, 1690 MHz, 46, 7.18 W
1788684943.765498570,0 %, 1690 MHz, 46, 7.18 W
1788684943.865357161,0 %, 1690 MHz, 46, 7.18 W
1788684943.966362980,0 %, 1690 MHz, 46, 7.20 W
1788684944.066897409,0 %, 1690 MHz, 46, 7.20 W
1788684944.167288079,0 %, 1690 MHz, 46, 7.20 W
1788684944.267968396,0 %, 1690 MHz, 46, 7.20 W
1788684944.368381738,0 %, 1690 MHz, 46, 7.20 W
1788684944.468850328,0 %, 1690 MHz, 46, 7.20 W
1788684944.569478677,0 %, 1690 MHz, 46, 7.20 W
1788684944.669933811,0 %, 1690 MHz, 46, 7.20 W
1788684944.770507840,0 %, 1690 MHz, 46, 7.20 W
1788684944.870668031,0 %, 1690 MHz, 46, 7.20 W
1788684944.971363020,0 %, 1690 MHz, 46, 7.21 W
1788684945.071752827,0 %, 1690 MHz, 46, 7.21 W
1788684945.172079610,0 %, 1690 MHz, 46, 7.21 W
1788684945.272612905,0 %, 1690 MHz, 46, 7.21 W
1788684945.371903117,0 %, 1690 MHz, 46, 7.21 W
1788684945.471996605,0 %, 1690 MHz, 46, 7.20 W
1788684945.572593659,0 %, 1690 MHz, 46, 7.20 W
1788684945.672714092,0 %, 1690 MHz, 46, 7.20 W
1788684945.772338494,0 %, 1690 MHz, 46, 7.20 W
1788684945.872770061,0 %, 1690 MHz, 46, 7.20 W
1788684945.973904889,0 %, 1690 MHz, 46, 7.19 W
1788684946.074252185,0 %, 1690 MHz, 46, 7.19 W
1788684946.175150615,0 %, 1690 MHz, 46, 7.19 W
1788684946.275728087,0 %, 1690 MHz, 46, 7.19 W
1788684946.377148067,0 %, 1690 MHz, 46, 7.19 W
1788684946.478322576,0 %, 1690 MHz, 46, 7.18 W
1788684946.578020931,0 %, 1690 MHz, 46, 7.18 W
1788684946.678672658,0 %, 1690 MHz, 46, 7.18 W
1788684946.779326322,0 %, 1690 MHz, 46, 7.18 W
1788684946.880205312,0 %, 1690 MHz, 46, 7.18 W
1788684946.979744931,0 %, 1690 MHz, 45, 7.16 W
1788684947.080814354,0 %, 1690 MHz, 45, 7.16 W
1788684947.181664449,0 %, 1690 MHz, 45, 7.16 W
1788684947.282523761,0 %, 1690 MHz, 45, 7.16 W
1788684947.382856642,0 %, 1690 MHz, 45, 7.16 W
1788684947.483519554,0 %, 1690 MHz, 45, 7.12 W
1788684947.583876548,0 %, 1690 MHz, 45, 7.12 W
1788684947.685565264,0 %, 1690 MHz, 45, 7.12 W
1788684947.785879794,0 %, 1690 MHz, 45, 7.12 W
1788684947.886784529,0 %, 1690 MHz, 45, 7.12 W
1788684947.987221410,0 %, 1690 MHz, 45, 7.08 W
1788684948.088121938,0 %, 1690 MHz, 45, 7.08 W
1788684948.188655508,0 %, 1690 MHz, 45, 7.08 W
1788684948.289607604,0 %, 1690 MHz, 45, 7.08 W
1788684948.390160998,0 %, 1690 MHz, 45, 7.08 W
1788684948.491057046,0 %, 1690 MHz, 45, 7.07 W
1788684948.591406409,0 %, 1690 MHz, 45, 7.07 W
1788684948.692443401,0 %, 1690 MHz, 45, 7.07 W
1788684948.793629640,0 %, 1690 MHz, 45, 7.07 W
1788684948.893756667,0 %, 1690 MHz, 45, 7.07 W
1788684948.994331485,0 %, 1690 MHz, 45, 7.10 W
1788684949.095153198,0 %, 1690 MHz, 45, 7.10 W
1788684949.196062640,0 %, 1690 MHz, 45, 7.10 W
1788684949.296659362,0 %, 1690 MHz, 45, 7.10 W
1788684949.397173957,0 %, 1690 MHz, 45, 7.10 W
1788684949.497727768,0 %, 1690 MHz, 45, 7.11 W
1788684949.599137447,0 %, 1690 MHz, 45, 7.11 W
1788684949.700037289,0 %, 1690 MHz, 45, 7.11 W
1788684949.800576428,0 %, 1690 MHz, 45, 7.11 W
1788684949.901502061,0 %, 1690 MHz, 45, 7.11 W
1788684950.001931824,0 %, 1690 MHz, 45, 7.09 W
1788684950.102413684,0 %, 1690 MHz, 45, 7.09 W
1788684950.203405302,0 %, 1690 MHz, 45, 7.09 W
1788684950.304305113,0 %, 1690 MHz, 45, 7.09 W
1788684950.404913388,0 %, 1690 MHz, 45, 7.09 W
1788684950.504911122,0 %, 1690 MHz, 45, 7.06 W
1788684950.605799685,0 %, 1690 MHz, 45, 7.06 W
1788684950.705990202,0 %, 1690 MHz, 45, 7.06 W
1788684950.806859645,0 %, 1690 MHz, 45, 7.06 W
1788684950.908582380,0 %, 1690 MHz, 45, 7.06 W
1788684951.008346547,0 %, 1690 MHz, 45, 7.03 W
1788684951.109261382,0 %, 1690 MHz, 45, 7.03 W
1788684951.209813515,0 %, 1690 MHz, 45, 7.03 W
1788684951.310682863,0 %, 1690 MHz, 45, 7.03 W
1788684951.411282291,0 %, 1690 MHz, 45, 7.03 W
1788684951.512249415,0 %, 1690 MHz, 45, 7.04 W
1788684951.612988555,0 %, 1690 MHz, 45, 7.04 W
1788684951.714059790,0 %, 1690 MHz, 45, 7.04 W
1788684951.814356724,0 %, 1690 MHz, 45, 7.04 W
1788684951.915271895,0 %, 1690 MHz, 45, 7.04 W
1788684952.015828876,0 %, 1690 MHz, 45, 7.04 W
1788684952.116480818,0 %, 1690 MHz, 45, 7.04 W
1788684952.217302166,0 %, 1690 MHz, 45, 7.04 W
1788684952.318196971,0 %, 1690 MHz, 45, 7.04 W
1788684952.418544210,0 %, 1690 MHz, 45, 7.04 W
1788684952.519415590,0 %, 1690 MHz, 45, 7.03 W
1788684952.620352843,0 %, 1690 MHz, 45, 7.03 W
1788684952.721123504,0 %, 1690 MHz, 45, 7.03 W
1788684952.822035236,0 %, 1690 MHz, 45, 7.03 W
1788684952.922566730,0 %, 1690 MHz, 45, 7.03 W
1788684953.023473727,0 %, 1690 MHz, 45, 7.04 W
1788684953.123916310,0 %, 1690 MHz, 45, 7.04 W
1788684953.224829628,0 %, 1690 MHz, 45, 7.04 W
1788684953.325392115,0 %, 1690 MHz, 45, 7.04 W
1788684953.426258105,0 %, 1690 MHz, 45, 7.04 W
1788684953.526845583,0 %, 1690 MHz, 45, 7.04 W
1788684953.627311847,0 %, 1690 MHz, 45, 7.04 W
1788684953.728092589,0 %, 1690 MHz, 45, 7.04 W
1788684953.828907043,0 %, 1690 MHz, 45, 7.04 W
1788684953.929130875,0 %, 1690 MHz, 45, 7.04 W
1788684954.029933169,0 %, 1690 MHz, 45, 7.05 W
1788684954.130895992,0 %, 1690 MHz, 45, 7.05 W
1788684954.232034893,0 %, 1690 MHz, 45, 7.05 W
1788684954.332883940,0 %, 1690 MHz, 45, 7.05 W
1788684954.433441708,0 %, 1690 MHz, 45, 7.05 W
1788684954.534353107,0 %, 1690 MHz, 45, 7.08 W
1788684954.634889739,0 %, 1690 MHz, 45, 7.08 W
1788684954.735087188,0 %, 1690 MHz, 45, 7.08 W
1788684954.835837659,0 %, 1690 MHz, 45, 7.08 W
1788684954.936384243,0 %, 1690 MHz, 45, 7.08 W
1788684955.037148315,0 %, 1690 MHz, 45, 7.04 W
1788684955.137242566,0 %, 1690 MHz, 45, 7.04 W
1788684955.238601740,0 %, 1690 MHz, 45, 7.04 W
1788684955.338183769,0 %, 1690 MHz, 45, 7.04 W
1788684955.439362159,0 %, 1690 MHz, 45, 7.04 W
1788684955.540232231,0 %, 1690 MHz, 45, 7.02 W
1788684955.641103151,0 %, 1690 MHz, 45, 7.02 W
1788684955.741489048,0 %, 1690 MHz, 45, 7.02 W
1788684955.841677347,0 %, 1690 MHz, 45, 7.02 W
1788684955.942622650,0 %, 1690 MHz, 45, 7.02 W
1788684956.042873205,0 %, 1690 MHz, 45, 7.00 W
1788684956.143848301,0 %, 1690 MHz, 45, 7.00 W
1788684956.244896502,0 %, 1690 MHz, 45, 7.00 W
1788684956.345732287,0 %, 1690 MHz, 45, 7.00 W
1788684956.446926838,0 %, 1690 MHz, 45, 7.00 W
1788684956.547210401,0 %, 1690 MHz, 45, 7.02 W
1788684956.648127722,0 %, 1690 MHz, 45, 7.02 W
1788684956.748664564,0 %, 1690 MHz, 45, 7.02 W
1788684956.849593853,0 %, 1690 MHz, 45, 7.02 W
1788684956.950175415,0 %, 1690 MHz, 45, 7.05 W
1788684957.051059440,0 %, 1690 MHz, 45, 7.05 W
1788684957.151515948,0 %, 1690 MHz, 45, 7.05 W
1788684957.251222074,0 %, 1690 MHz, 45, 7.05 W
1788684957.351452198,0 %, 1690 MHz, 45, 7.05 W
1788684957.451366868,0 %, 1690 MHz, 45, 7.04 W
1788684957.552835275,0 %, 1690 MHz, 45, 7.04 W
1788684957.653313239,0 %, 1690 MHz, 45, 7.04 W
1788684957.753594211,0 %, 1690 MHz, 45, 7.04 W
1788684957.854324877,0 %, 1690 MHz, 45, 7.04 W
1788684957.954720057,0 %, 1690 MHz, 45, 7.04 W
1788684958.055132517,0 %, 1690 MHz, 45, 7.04 W
1788684958.155511730,0 %, 1690 MHz, 45, 7.04 W
1788684958.256175054,0 %, 1690 MHz, 45, 7.04 W
1788684958.356345931,0 %, 1690 MHz, 45, 7.04 W
1788684958.456973159,0 %, 1690 MHz, 45, 7.05 W
1788684958.557616915,0 %, 1690 MHz, 45, 7.05 W
1788684958.658077696,0 %, 1690 MHz, 45, 7.05 W
1788684958.758432077,0 %, 1690 MHz, 45, 7.05 W
1788684958.859099880,0 %, 1690 MHz, 45, 7.05 W
1788684958.959539861,0 %, 1690 MHz, 45, 7.07 W
1788684959.060010194,0 %, 1690 MHz, 45, 7.07 W
1788684959.160321184,0 %, 1690 MHz, 45, 7.07 W
1788684959.261036749,0 %, 1690 MHz, 45, 7.07 W
1788684959.361313579,0 %, 1690 MHz, 45, 7.07 W
1788684959.461883912,0 %, 1690 MHz, 45, 7.10 W
1788684959.562553765,0 %, 1690 MHz, 45, 7.10 W
1788684959.662949394,0 %, 1690 MHz, 45, 7.10 W
1788684959.763508544,0 %, 1690 MHz, 45, 7.10 W
1788684959.864053613,0 %, 1690 MHz, 45, 7.10 W
1788684959.964433755,0 %, 1690 MHz, 45, 7.10 W
1788684960.064874505,0 %, 1690 MHz, 45, 7.10 W
1788684960.165264664,0 %, 1690 MHz, 45, 7.10 W
1788684960.265938662,0 %, 1690 MHz, 45, 7.10 W
1788684960.366301204,0 %, 1690 MHz, 45, 7.10 W
1788684960.466839971,0 %, 1690 MHz, 45, 7.11 W
1788684960.567467825,0 %, 1690 MHz, 45, 7.11 W
1788684960.667876015,0 %, 1690 MHz, 45, 7.11 W
1788684960.768312974,0 %, 1690 MHz, 45, 7.11 W
1788684960.868989116,0 %, 1690 MHz, 45, 7.11 W
1788684960.969420634,0 %, 1690 MHz, 45, 7.10 W
1788684961.069848346,0 %, 1690 MHz, 45, 7.10 W
1788684961.170520569,0 %, 1690 MHz, 45, 7.10 W
1788684961.270923081,0 %, 1690 MHz, 45, 7.10 W
1788684961.371170217,0 %, 1690 MHz, 45, 7.10 W
1788684961.471953815,0 %, 1690 MHz, 45, 7.07 W
1788684961.572421319,0 %, 1690 MHz, 45, 7.07 W
1788684961.672837543,0 %, 1690 MHz, 45, 7.07 W
1788684961.773214822,0 %, 1690 MHz, 45, 7.07 W
1788684961.873912437,0 %, 1690 MHz, 45, 7.07 W
1788684961.974294453,0 %, 1690 MHz, 45, 7.07 W
1788684962.074726086,0 %, 1690 MHz, 45, 7.07 W
1788684962.174961735,0 %, 1690 MHz, 45, 7.07 W
1788684962.275633031,0 %, 1690 MHz, 45, 7.07 W
1788684962.376044152,0 %, 1690 MHz, 45, 7.07 W
1788684962.476445289,0 %, 1690 MHz, 45, 7.05 W
1788684962.577163368,0 %, 1690 MHz, 45, 7.05 W
1788684962.677512585,0 %, 1690 MHz, 45, 7.05 W
1788684962.777960074,0 %, 1690 MHz, 45, 7.05 W
1788684962.878927417,0 %, 1690 MHz, 45, 7.05 W
1788684962.978499916,0 %, 1690 MHz, 45, 7.02 W
1788684963.079309645,0 %, 1690 MHz, 45, 7.02 W
1788684963.179753870,0 %, 1690 MHz, 45, 7.02 W
1788684963.280421567,0 %, 1690 MHz, 45, 7.02 W
1788684963.380853505,0 %, 1690 MHz, 45, 7.02 W
1788684963.481268323,0 %, 1690 MHz, 45, 7.02 W
1788684963.581959476,0 %, 1690 MHz, 45, 7.02 W
1788684963.682403669,0 %, 1690 MHz, 45, 7.02 W
1788684963.782841687,0 %, 1690 MHz, 45, 7.02 W
1788684963.883189961,0 %, 1690 MHz, 45, 7.02 W
1788684963.983852794,0 %, 1690 MHz, 45, 7.03 W
1788684964.084213965,0 %, 1690 MHz, 45, 7.03 W
1788684964.184629104,0 %, 1690 MHz, 45, 7.03 W
1788684964.285305314,0 %, 1690 MHz, 45, 7.03 W
1788684964.385782084,0 %, 1690 MHz, 45, 7.03 W
1788684964.486150871,0 %, 1690 MHz, 45, 7.03 W
1788684964.586830233,0 %, 1690 MHz, 45, 7.03 W
1788684964.687067708,0 %, 1690 MHz, 45, 7.03 W
1788684964.787622431,0 %, 1690 MHz, 45, 7.03 W
1788684964.887959058,0 %, 1690 MHz, 45, 7.03 W
1788684964.988601236,0 %, 1690 MHz, 45, 7.04 W
1788684965.088890808,0 %, 1690 MHz, 45, 7.04 W
1788684965.189459483,0 %, 1690 MHz, 45, 7.04 W
1788684965.290137886,0 %, 1690 MHz, 45, 7.04 W
1788684965.390362579,0 %, 1690 MHz, 45, 7.04 W
1788684965.491004854,0 %, 1690 MHz, 44, 7.05 W
1788684965.591313498,0 %, 1690 MHz, 44, 7.05 W
1788684965.692021837,0 %, 1690 MHz, 44, 7.05 W
1788684965.792562896,0 %, 1690 MHz, 44, 7.05 W
1788684965.892826101,0 %, 1690 MHz, 44, 7.05 W
1788684965.991966893,0 %, 1690 MHz, 44, 7.08 W
1788684966.092345042,0 %, 1690 MHz, 44, 7.08 W
1788684966.192480984,0 %, 1690 MHz, 44, 7.08 W
1788684966.292264128,0 %, 1690 MHz, 44, 7.08 W
1788684966.392616565,0 %, 1690 MHz, 44, 7.08 W
1788684966.492561035,0 %, 1690 MHz, 44, 7.09 W
1788684966.593271791,0 %, 1690 MHz, 44, 7.09 W
1788684966.694487249,0 %, 1690 MHz, 44, 7.09 W
1788684966.794903014,0 %, 1690 MHz, 44, 7.09 W
1788684966.895408538,0 %, 1690 MHz, 44, 7.09 W
1788684966.995851983,0 %, 1690 MHz, 44, 7.08 W
1788684967.096490868,0 %, 1690 MHz, 44, 7.08 W
1788684967.196962714,0 %, 1690 MHz, 44, 7.08 W
1788684967.297348704,0 %, 1690 MHz, 44, 7.08 W
1788684967.397529318,0 %, 1690 MHz, 44, 7.08 W
1788684967.498093532,0 %, 1690 MHz, 44, 7.07 W
1788684967.598755841,0 %, 1690 MHz, 44, 7.07 W
1788684967.699210007,0 %, 1690 MHz, 44, 7.07 W
1788684967.799918715,0 %, 1690 MHz, 44, 7.07 W
1788684967.899903363,0 %, 1690 MHz, 44, 7.07 W
1788684968.000716263,0 %, 1690 MHz, 44, 7.05 W
1788684968.101389229,0 %, 1690 MHz, 44, 7.05 W
1788684968.201828884,0 %, 1690 MHz, 44, 7.05 W
1788684968.302222187,0 %, 1690 MHz, 44, 7.05 W
1788684968.402396499,0 %, 1690 MHz, 44, 7.05 W
1788684968.503155176,0 %, 1690 MHz, 44, 7.06 W
1788684968.603637759,0 %, 1690 MHz, 44, 7.06 W
1788684968.704086342,0 %, 1690 MHz, 44, 7.06 W
1788684968.804784812,0 %, 1690 MHz, 44, 7.06 W
1788684968.905174531,0 %, 1690 MHz, 44, 7.06 W
1788684969.005579450,0 %, 1690 MHz, 44, 7.07 W
1788684969.106264369,0 %, 1690 MHz, 44, 7.07 W
1788684969.206681256,0 %, 1690 MHz, 44, 7.07 W
1788684969.307095952,0 %, 1690 MHz, 44, 7.07 W
1788684969.407285817,0 %, 1690 MHz, 44, 7.07 W
1788684969.508046032,0 %, 1690 MHz, 44, 7.05 W
1788684969.608525255,0 %, 1690 MHz, 44, 7.05 W
1788684969.708946127,0 %, 1690 MHz, 44, 7.05 W
1788684969.809597462,0 %, 1690 MHz, 44, 7.05 W
1788684969.910044702,0 %, 1690 MHz, 44, 7.05 W
1788684970.010435334,0 %, 1690 MHz, 44, 7.04 W
1788684970.111109726,0 %, 1690 MHz, 44, 7.04 W
1788684970.211563623,0 %, 1690 MHz, 44, 7.04 W
1788684970.311999376,0 %, 1690 MHz, 44, 7.04 W
1788684970.412147146,0 %, 1690 MHz, 44, 7.04 W
1788684970.512925761,0 %, 1690 MHz, 44, 7.03 W
1788684970.613416602,0 %, 1690 MHz, 44, 7.03 W
1788684970.713821507,0 %, 1690 MHz, 44, 7.03 W
1788684970.814482395,0 %, 1690 MHz, 44, 7.03 W
1788684970.915135651,0 %, 1690 MHz, 44, 7.03 W
1788684971.015318989,0 %, 1690 MHz, 44, 7.03 W
1788684971.116012230,0 %, 1690 MHz, 44, 7.03 W
1788684971.216286080,0 %, 1690 MHz, 44, 7.03 W
1788684971.316836890,0 %, 1690 MHz, 44, 7.03 W
1788684971.417215652,0 %, 1690 MHz, 44, 7.03 W
1788684971.517920733,0 %, 1690 MHz, 44, 7.04 W
1788684971.618291095,0 %, 1690 MHz, 44, 7.04 W
1788684971.718732272,0 %, 1690 MHz, 44, 7.04 W
1788684971.819426281,0 %, 1690 MHz, 44, 7.04 W
1788684971.919422261,0 %, 1690 MHz, 44, 7.04 W
1788684972.020268429,0 %, 1690 MHz, 44, 7.03 W
1788684972.121355126,0 %, 1690 MHz, 44, 7.03 W
1788684972.221320258,0 %, 1690 MHz, 44, 7.03 W
1788684972.321828461,0 %, 1690 MHz, 44, 7.03 W
1788684972.422483207,0 %, 1690 MHz, 44, 7.03 W
1788684972.522916034,0 %, 1690 MHz, 44, 7.04 W
1788684972.623148461,0 %, 1690 MHz, 44, 7.04 W
1788684972.723750488,0 %, 1690 MHz, 44, 7.04 W
1788684972.823935604,0 %, 1690 MHz, 44, 7.04 W
1788684972.924150703,0 %, 1690 MHz, 44, 7.04 W
1788684973.025058841,0 %, 1690 MHz, 44, 7.01 W
1788684973.125244645,0 %, 1690 MHz, 44, 7.01 W
1788684973.225876704,0 %, 1690 MHz, 44, 7.01 W
1788684973.326602827,0 %, 1690 MHz, 44, 7.01 W
1788684973.426575177,0 %, 1690 MHz, 44, 7.01 W
1788684973.527371715,0 %, 1690 MHz, 44, 6.99 W
1788684973.627337441,0 %, 1690 MHz, 44, 6.99 W
1788684973.727926972,0 %, 1690 MHz, 44, 6.99 W
1788684973.828632999,0 %, 1690 MHz, 44, 6.99 W
1788684973.928852452,0 %, 1690 MHz, 44, 6.99 W
1788684974.029407504,0 %, 1690 MHz, 44, 7.00 W
1788684974.130128875,0 %, 1690 MHz, 44, 7.00 W
1788684974.230301897,0 %, 1690 MHz, 44, 7.00 W
1788684974.330942005,0 %, 1690 MHz, 44, 7.00 W
1788684974.430579125,0 %, 1690 MHz, 44, 7.00 W
1788684974.531233185,0 %, 1690 MHz, 44, 7.01 W
1788684974.632094189,0 %, 1690 MHz, 44, 7.01 W
1788684974.732317706,0 %, 1690 MHz, 44, 7.01 W
1788684974.832907223,0 %, 1690 MHz, 44, 7.01 W
1788684974.933624498,0 %, 1690 MHz, 44, 7.01 W
1788684975.033979648,0 %, 1690 MHz, 44, 7.02 W
1788684975.134377262,0 %, 1690 MHz, 44, 7.02 W
1788684975.235146154,0 %, 1690 MHz, 44, 7.02 W
1788684975.335265978,0 %, 1690 MHz, 44, 7.02 W
1788684975.435502584,0 %, 1690 MHz, 44, 7.02 W
1788684975.536309957,0 %, 1690 MHz, 44, 7.00 W
1788684975.636954738,0 %, 1690 MHz, 44, 7.00 W
1788684975.737158944,0 %, 1690 MHz, 44, 7.00 W
1788684975.837766558,0 %, 1690 MHz, 44, 7.00 W
1788684975.937293231,0 %, 1690 MHz, 44, 7.00 W
1788684976.038672458,0 %, 1690 MHz, 44, 6.99 W
1788684976.138835225,0 %, 1690 MHz, 44, 6.99 W
1788684976.239419528,0 %, 1690 MHz, 44, 6.99 W
1788684976.340170709,0 %, 1690 MHz, 44, 6.99 W
1788684976.440175350,0 %, 1690 MHz, 44, 6.99 W
1788684976.540998115,0 %, 1690 MHz, 44, 6.99 W
1788684976.641759697,0 %, 1690 MHz, 44, 6.99 W
1788684976.741903825,0 %, 1690 MHz, 44, 6.99 W
1788684976.842322208,0 %, 1690 MHz, 44, 6.99 W
1788684976.942919486,0 %, 1690 MHz, 44, 6.99 W
1788684977.043589773,0 %, 1690 MHz, 44, 6.99 W
1788684977.143800333,0 %, 1690 MHz, 44, 6.99 W
1788684977.244359053,0 %, 1690 MHz, 44, 6.99 W
1788684977.345104747,0 %, 1690 MHz, 44, 6.99 W
1788684977.444532639,0 %, 1690 MHz, 44, 6.99 W
1788684977.545474061,0 %, 1690 MHz, 44, 7.00 W
1788684977.646094380,0 %, 1690 MHz, 44, 7.00 W
1788684977.746842379,0 %, 1690 MHz, 44, 7.00 W
1788684977.846989868,0 %, 1690 MHz, 44, 7.00 W
1788684977.947368812,0 %, 1690 MHz, 44, 7.00 W
1788684978.047989612,0 %, 1690 MHz, 44, 6.97 W
1788684978.148668988,0 %, 1690 MHz, 44, 6.97 W
1788684978.248869245,0 %, 1690 MHz, 44, 6.97 W
1788684978.349462749,0 %, 1690 MHz, 44, 6.97 W
1788684978.449642159,0 %, 1690 MHz, 44, 6.93 W
1788684978.550365551,0 %, 1690 MHz, 44, 6.93 W
1788684978.650964959,0 %, 1690 MHz, 44, 6.93 W
1788684978.751733055,0 %, 1690 MHz, 44, 6.93 W
1788684978.852060192,0 %, 1690 MHz, 44, 6.93 W
1788684978.951872627,0 %, 1690 MHz, 44, 6.98 W
1788684979.051584167,0 %, 1690 MHz, 44, 6.98 W
1788684979.152156505,0 %, 1690 MHz, 44, 6.98 W
1788684979.252102588,0 %, 1690 MHz, 44, 6.98 W
1788684979.352069216,0 %, 1690 MHz, 44, 6.98 W
1788684979.452084259,0 %, 1690 MHz, 44, 7.03 W
1788684979.553339970,0 %, 1690 MHz, 44, 7.03 W
1788684979.653834212,0 %, 1690 MHz, 44, 7.03 W
1788684979.753874135,0 %, 1690 MHz, 44, 7.03 W
1788684979.854287849,0 %, 1690 MHz, 44, 7.03 W
1788684979.955481112,0 %, 1690 MHz, 44, 7.03 W
1788684980.055388428,0 %, 1690 MHz, 44, 7.03 W
1788684980.155803727,0 %, 1690 MHz, 44, 7.03 W
1788684980.256581633,0 %, 1690 MHz, 44, 7.03 W
1788684980.356822324,0 %, 1690 MHz, 44, 7.03 W
1788684980.457058904,0 %, 1690 MHz, 44, 7.05 W
1788684980.557429339,0 %, 1690 MHz, 44, 7.05 W
1788684980.657879006,0 %, 1690 MHz, 44, 7.05 W
1788684980.758004546,0 %, 1690 MHz, 44, 7.05 W
1788684980.858755843,0 %, 1690 MHz, 44, 7.05 W
1788684980.959134310,0 %, 1690 MHz, 44, 7.11 W
1788684981.059519290,0 %, 1690 MHz, 44, 7.11 W
1788684981.160281885,0 %, 1690 MHz, 44, 7.11 W
1788684981.260647857,0 %, 1690 MHz, 44, 7.11 W
1788684981.361023429,0 %, 1690 MHz, 44, 7.11 W
1788684981.462379509,0 %, 1690 MHz, 44, 7.16 W
1788684981.562876329,0 %, 1690 MHz, 44, 7.16 W
1788684981.662421904,0 %, 1690 MHz, 44, 7.16 W
1788684981.762844868,0 %, 1690 MHz, 44, 7.16 W
1788684981.863593302,0 %, 1690 MHz, 44, 7.16 W
1788684981.963879643,0 %, 1690 MHz, 44, 7.15 W
1788684982.064214400,0 %, 1690 MHz, 44, 7.15 W
1788684982.164630021,0 %, 1690 MHz, 44, 7.15 W
1788684982.265374792,0 %, 1690 MHz, 44, 7.15 W
1788684982.365725805,0 %, 1690 MHz, 44, 7.15 W
1788684982.466099314,0 %, 1690 MHz, 44, 7.13 W
1788684982.566918038,0 %, 1690 MHz, 44, 7.13 W
1788684982.666714381,0 %, 1690 MHz, 44, 7.13 W
1788684982.767467505,0 %, 1690 MHz, 44, 7.13 W
1788684982.867859526,0 %, 1690 MHz, 44, 7.13 W
1788684982.968612345,0 %, 1690 MHz, 44, 7.12 W
1788684983.068972191,0 %, 1690 MHz, 44, 7.12 W
1788684983.169381077,0 %, 1690 MHz, 44, 7.12 W
1788684983.269743403,0 %, 1690 MHz, 44, 7.12 W
1788684983.370449792,0 %, 1690 MHz, 44, 7.12 W
1788684983.470777494,0 %, 1690 MHz, 44, 7.06 W
1788684983.571220124,0 %, 1690 MHz, 44, 7.06 W
1788684983.671971984,0 %, 1690 MHz, 44, 7.06 W
1788684983.772326534,0 %, 1690 MHz, 44, 7.06 W
1788684983.872736476,0 %, 1690 MHz, 44, 7.06 W
1788684983.973482113,0 %, 1690 MHz, 44, 7.01 W
1788684984.073370025,0 %, 1690 MHz, 44, 7.01 W
1788684984.173940144,0 %, 1690 MHz, 44, 7.01 W
1788684984.274261207,0 %, 1690 MHz, 44, 7.01 W
1788684984.374721054,0 %, 1690 MHz, 44, 7.01 W
1788684984.475462803,0 %, 1690 MHz, 44, 6.98 W
1788684984.575808810,0 %, 1690 MHz, 44, 6.98 W
1788684984.676210609,0 %, 1690 MHz, 44, 6.98 W
1788684984.776990903,0 %, 1690 MHz, 44, 6.98 W
1788684984.877322926,0 %, 1690 MHz, 44, 6.98 W
1788684984.977742693,0 %, 1690 MHz, 44, 6.97 W
1788684985.078115565,0 %, 1690 MHz, 44, 6.97 W
1788684985.178837475,0 %, 1690 MHz, 44, 6.97 W
1788684985.279165308,0 %, 1690 MHz, 44, 6.97 W
1788684985.379506692,0 %, 1690 MHz, 44, 6.97 W
1788684985.479803292,0 %, 1690 MHz, 44, 6.99 W
1788684985.580540402,0 %, 1690 MHz, 44, 6.99 W
1788684985.680896811,0 %, 1690 MHz, 44, 6.99 W
1788684985.781333714,0 %, 1690 MHz, 44, 6.99 W
1788684985.882062409,0 %, 1690 MHz, 44, 6.99 W
1788684985.982427185,0 %, 1690 MHz, 44, 7.04 W
1788684986.082871434,0 %, 1690 MHz, 44, 7.04 W
1788684986.183202435,0 %, 1690 MHz, 44, 7.04 W
1788684986.283901002,0 %, 1690 MHz, 44, 7.04 W
1788684986.384256628,0 %, 1690 MHz, 44, 7.04 W
1788684986.484666860,0 %, 1690 MHz, 44, 7.09 W
1788684986.585822498,0 %, 1690 MHz, 44, 7.09 W
1788684986.684930992,0 %, 1690 MHz, 44, 7.09 W
1788684986.785356617,0 %, 1690 MHz, 44, 7.09 W
1788684986.886843438,0 %, 1690 MHz, 44, 7.09 W
1788684986.985859468,0 %, 1690 MHz, 44, 7.09 W
1788684987.085879703,0 %, 1690 MHz, 44, 7.09 W
1788684987.186242481,0 %, 1690 MHz, 44, 7.09 W
1788684987.287737511,0 %, 1690 MHz, 44, 7.09 W
1788684987.387906913,0 %, 1690 MHz, 44, 7.09 W
1788684987.488360315,0 %, 1690 MHz, 44, 7.09 W
1788684987.588006679,0 %, 1690 MHz, 44, 7.09 W
1788684987.687816899,0 %, 1690 MHz, 44, 7.09 W
1788684987.788299069,0 %, 1690 MHz, 44, 7.09 W
1788684987.888324056,0 %, 1690 MHz, 44, 7.09 W
1788684987.989651327,0 %, 1690 MHz, 44, 7.09 W
1788684988.090263561,0 %, 1690 MHz, 44, 7.09 W
1788684988.190326981,0 %, 1690 MHz, 44, 7.09 W
1788684988.291054878,0 %, 1690 MHz, 44, 7.09 W
1788684988.391755208,0 %, 1690 MHz, 44, 7.09 W
1788684988.491739828,0 %, 1690 MHz, 44, 7.09 W
1788684988.592520302,0 %, 1690 MHz, 44, 7.09 W
1788684988.693258327,0 %, 1690 MHz, 44, 7.09 W
1788684988.793429523,0 %, 1690 MHz, 44, 7.09 W
1788684988.893735934,0 %, 1690 MHz, 44, 7.09 W
1788684988.994391320,0 %, 1690 MHz, 44, 7.07 W
1788684989.095077955,0 %, 1690 MHz, 44, 7.07 W
1788684989.195279791,0 %, 1690 MHz, 44, 7.07 W
1788684989.295902682,0 %, 1690 MHz, 44, 7.07 W
1788684989.396565221,0 %, 1690 MHz, 44, 7.07 W
1788684989.496622466,0 %, 1690 MHz, 44, 7.04 W
1788684989.597407372,0 %, 1690 MHz, 44, 7.04 W
1788684989.698145751,0 %, 1690 MHz, 44, 7.04 W
1788684989.798385491,0 %, 1690 MHz, 44, 7.04 W
1788684989.899051438,0 %, 1690 MHz, 44, 7.04 W
1788684989.999753321,0 %, 1690 MHz, 44, 7.03 W
1788684990.099902663,0 %, 1690 MHz, 44, 7.03 W
1788684990.200297379,0 %, 1690 MHz, 44, 7.03 W
1788684990.301275022,0 %, 1690 MHz, 44, 7.03 W
1788684990.401416732,0 %, 1690 MHz, 44, 7.03 W
1788684990.501656745,0 %, 1690 MHz, 44, 7.03 W
1788684990.602388181,0 %, 1690 MHz, 44, 7.03 W
1788684990.703113648,0 %, 1690 MHz, 44, 7.03 W
1788684990.802914319,0 %, 1690 MHz, 44, 7.03 W
1788684990.903919002,0 %, 1690 MHz, 44, 7.03 W
1788684991.003996344,0 %, 1690 MHz, 44, 7.05 W
1788684991.104916948,0 %, 1690 MHz, 44, 7.05 W
1788684991.205070530,0 %, 1690 MHz, 44, 7.05 W
1788684991.305666303,0 %, 1690 MHz, 44, 7.05 W
1788684991.406380060,0 %, 1690 MHz, 44, 7.05 W
1788684991.506357803,0 %, 1690 MHz, 44, 7.03 W
1788684991.607173591,0 %, 1690 MHz, 44, 7.03 W
1788684991.707942228,0 %, 1690 MHz, 44, 7.03 W
1788684991.808214338,0 %, 1690 MHz, 44, 7.03 W
1788684991.908377408,0 %, 1690 MHz, 44, 7.03 W
1788684992.008730222,0 %, 1690 MHz, 44, 7.02 W
1788684992.109263149,0 %, 1690 MHz, 44, 7.02 W
1788684992.209769947,0 %, 1690 MHz, 44, 7.02 W
1788684992.310187386,0 %, 1690 MHz, 44, 7.02 W
1788684992.410816647,0 %, 1690 MHz, 44, 7.02 W
1788684992.511460997,0 %, 1690 MHz, 44, 7.02 W
1788684992.611656133,0 %, 1690 MHz, 44, 7.02 W
1788684992.712283027,0 %, 1690 MHz, 44, 7.02 W
1788684992.813023664,0 %, 1690 MHz, 44, 7.02 W
1788684992.913159328,0 %, 1690 MHz, 44, 7.02 W
1788684993.013541311,0 %, 1690 MHz, 44, 7.00 W
1788684993.114135934,0 %, 1690 MHz, 44, 7.00 W
1788684993.213837392,0 %, 1690 MHz, 44, 7.00 W
1788684993.315035117,0 %, 1690 MHz, 44, 7.00 W
1788684993.415197789,0 %, 1690 MHz, 44, 7.00 W
1788684993.515641213,0 %, 1690 MHz, 44, 7.01 W
1788684993.616510282,0 %, 1690 MHz, 44, 7.01 W
1788684993.716877482,0 %, 1690 MHz, 44, 7.01 W
1788684993.817019291,0 %, 1690 MHz, 44, 7.01 W
1788684993.917581466,0 %, 1690 MHz, 44, 7.01 W
1788684994.018288217,0 %, 1690 MHz, 43, 7.03 W
1788684994.118477306,0 %, 1690 MHz, 43, 7.03 W
1788684994.219106842,0 %, 1690 MHz, 43, 7.03 W
1788684994.319174748,0 %, 1690 MHz, 43, 7.03 W
1788684994.419985851,0 %, 1690 MHz, 43, 7.03 W
1788684994.520186396,0 %, 1690 MHz, 43, 7.06 W
1788684994.620998475,0 %, 1690 MHz, 43, 7.06 W
1788684994.722103241,0 %, 1690 MHz, 43, 7.06 W
1788684994.821859068,0 %, 1690 MHz, 43, 7.06 W
1788684994.922397404,0 %, 1690 MHz, 43, 7.06 W
1788684995.023136700,0 %, 1690 MHz, 43, 7.07 W
1788684995.123295646,0 %, 1690 MHz, 43, 7.07 W
1788684995.223934127,0 %, 1690 MHz, 43, 7.07 W
1788684995.324645104,0 %, 1690 MHz, 43, 7.07 W
1788684995.424070261,0 %, 1690 MHz, 43, 7.07 W
1788684995.525027140,0 %, 1690 MHz, 43, 7.04 W
1788684995.625642933,0 %, 1690 MHz, 43, 7.04 W
1788684995.726027943,0 %, 1690 MHz, 43, 7.04 W
1788684995.826661816,0 %, 1690 MHz, 43, 7.04 W
1788684995.926408955,0 %, 1690 MHz, 43, 7.04 W
1788684996.027636010,0 %, 1690 MHz, 43, 7.09 W
1788684996.128177420,0 %, 1690 MHz, 43, 7.09 W
1788684996.228361536,0 %, 1690 MHz, 43, 7.09 W
1788684996.329014497,0 %, 1690 MHz, 43, 7.09 W
1788684996.429715667,0 %, 1690 MHz, 43, 7.09 W
1788684996.529662519,0 %, 1690 MHz, 43, 7.12 W
1788684996.630265449,0 %, 1690 MHz, 43, 7.12 W
1788684996.731413353,0 %, 1690 MHz, 43, 7.12 W
1788684996.831635692,0 %, 1690 MHz, 43, 7.12 W
1788684996.931850415,0 %, 1690 MHz, 43, 7.12 W
1788684997.032400993,0 %, 1690 MHz, 43, 7.11 W
1788684997.133100084,0 %, 1690 MHz, 43, 7.11 W
1788684997.233297512,0 %, 1690 MHz, 43, 7.11 W
1788684997.333926059,0 %, 1690 MHz, 43, 7.11 W
1788684997.434619197,0 %, 1690 MHz, 43, 7.11 W
1788684997.534614082,0 %, 1690 MHz, 43, 7.11 W
1788684997.634552263,0 %, 1690 MHz, 43, 7.11 W
1788684997.735561753,0 %, 1690 MHz, 43, 7.11 W
1788684997.836340843,0 %, 1690 MHz, 43, 7.11 W
1788684997.936675071,0 %, 1690 MHz, 43, 7.11 W
1788684998.036895107,0 %, 1690 MHz, 43, 7.09 W
1788684998.137453863,0 %, 1690 MHz, 43, 7.09 W
1788684998.238152090,0 %, 1690 MHz, 43, 7.09 W
1788684998.338349247,0 %, 1690 MHz, 43, 7.09 W
1788684998.439021539,0 %, 1690 MHz, 43, 7.09 W
1788684998.539182632,0 %, 1690 MHz, 43, 7.05 W
1788684998.639763212,0 %, 1690 MHz, 43, 7.05 W
1788684998.740451360,0 %, 1690 MHz, 43, 7.05 W
1788684998.841205555,0 %, 1690 MHz, 43, 7.05 W
1788684998.941355784,0 %, 1690 MHz, 43, 7.05 W
1788684999.041799533,0 %, 1690 MHz, 43, 7.03 W
1788684999.142367730,0 %, 1690 MHz, 43, 7.03 W
1788684999.243058310,0 %, 1690 MHz, 43, 7.03 W
1788684999.343260492,0 %, 1690 MHz, 43, 7.03 W
1788684999.443856673,0 %, 1690 MHz, 43, 7.03 W
1788684999.544572181,0 %, 1690 MHz, 43, 7.06 W
1788684999.644904987,0 %, 1690 MHz, 43, 7.06 W
1788684999.745519840,0 %, 1690 MHz, 43, 7.06 W
1788684999.845145240,0 %, 1690 MHz, 43, 7.06 W
1788684999.946359898,0 %, 1690 MHz, 43, 7.06 W
1788685000.046550625,0 %, 1690 MHz, 43, 7.04 W
1788685000.146794056,0 %, 1690 MHz, 43, 7.04 W
1788685000.247475021,0 %, 1690 MHz, 43, 7.04 W
1788685000.348041347,0 %, 1690 MHz, 43, 7.04 W
1788685000.448273882,0 %, 1690 MHz, 43, 7.04 W
1788685000.548752368,0 %, 1690 MHz, 43, 7.02 W
1788685000.649616773,0 %, 1690 MHz, 43, 7.02 W
1788685000.749794316,0 %, 1690 MHz, 43, 7.02 W
1788685000.850403377,0 %, 1690 MHz, 43, 7.02 W
1788685000.951140007,0 %, 1690 MHz, 43, 7.02 W
1788685001.051277550,0 %, 1690 MHz, 43, 7.07 W
1788685001.151683190,0 %, 1690 MHz, 43, 7.07 W
1788685001.252284716,0 %, 1690 MHz, 43, 7.07 W
1788685001.352974547,0 %, 1690 MHz, 43, 7.07 W
1788685001.453157611,0 %, 1690 MHz, 43, 7.11 W
1788685001.553628290,0 %, 1690 MHz, 43, 7.11 W
1788685001.654471431,0 %, 1690 MHz, 43, 7.11 W
1788685001.754878383,0 %, 1690 MHz, 43, 7.11 W
1788685001.855295638,0 %, 1690 MHz, 43, 7.11 W
1788685001.956032268,0 %, 1690 MHz, 43, 7.08 W
1788685002.055433271,0 %, 1690 MHz, 43, 7.08 W
1788685002.156381710,0 %, 1690 MHz, 43, 7.08 W
1788685002.256787126,0 %, 1690 MHz, 43, 7.08 W
1788685002.357386014,0 %, 1690 MHz, 43, 7.08 W
1788685002.458069509,0 %, 1690 MHz, 43, 7.05 W
1788685002.558277566,0 %, 1690 MHz, 43, 7.05 W
1788685002.658898181,0 %, 1690 MHz, 43, 7.05 W
1788685002.759595533,0 %, 1690 MHz, 43, 7.05 W
1788685002.859934565,0 %, 1690 MHz, 43, 7.05 W
1788685002.960495069,0 %, 1690 MHz, 43, 7.04 W
1788685003.061192101,0 %, 1690 MHz, 43, 7.04 W
1788685003.161438350,0 %, 1690 MHz, 43, 7.04 W
1788685003.262009063,0 %, 1690 MHz, 43, 7.04 W
1788685003.362710207,0 %, 1690 MHz, 43, 7.04 W
1788685003.462893161,0 %, 1690 MHz, 43, 7.06 W
1788685003.563335298,0 %, 1690 MHz, 43, 7.06 W
1788685003.664223514,0 %, 1690 MHz, 43, 7.06 W
1788685003.764358036,0 %, 1690 MHz, 43, 7.06 W
1788685003.864808285,0 %, 1690 MHz, 43, 7.06 W
1788685003.965407749,0 %, 1690 MHz, 43, 7.07 W
1788685004.066078462,0 %, 1690 MHz, 43, 7.07 W
1788685004.166263193,0 %, 1690 MHz, 43, 7.07 W
1788685004.266038021,0 %, 1690 MHz, 43, 7.07 W
1788685004.367075837,0 %, 1690 MHz, 43, 7.07 W
1788685004.467769030,0 %, 1690 MHz, 43, 7.03 W
1788685004.567784610,0 %, 1690 MHz, 43, 7.03 W
1788685004.668556363,0 %, 1690 MHz, 43, 7.03 W
1788685004.769304164,0 %, 1690 MHz, 43, 7.03 W
1788685004.869421055,0 %, 1690 MHz, 43, 7.03 W
1788685004.969863129,0 %, 1690 MHz, 43, 7.05 W
1788685005.070405347,0 %, 1690 MHz, 43, 7.05 W
1788685005.171117357,0 %, 1690 MHz, 43, 7.05 W
1788685005.271328761,0 %, 1690 MHz, 43, 7.05 W
1788685005.371926595,0 %, 1690 MHz, 43, 7.05 W
1788685005.472632813,0 %, 1690 MHz, 43, 7.06 W
1788685005.572650186,0 %, 1690 MHz, 43, 7.06 W
1788685005.673398020,0 %, 1690 MHz, 43, 7.06 W
1788685005.774164285,0 %, 1690 MHz, 43, 7.06 W
1788685005.874307721,0 %, 1690 MHz, 43, 7.06 W
1788685005.974711348,0 %, 1690 MHz, 43, 7.02 W
1788685006.075311408,0 %, 1690 MHz, 43, 7.02 W
1788685006.175982859,0 %, 1690 MHz, 43, 7.02 W
1788685006.276184791,0 %, 1690 MHz, 43, 7.02 W
1788685006.376809891,0 %, 1690 MHz, 43, 7.02 W
1788685006.476417553,0 %, 1690 MHz, 43, 7.05 W
1788685006.577217020,0 %, 1690 MHz, 43, 7.05 W
1788685006.678050087,0 %, 1690 MHz, 43, 7.05 W
1788685006.778268947,0 %, 1690 MHz, 43, 7.05 W
1788685006.877492707,0 %, 1690 MHz, 43, 7.05 W
1788685006.977515361,0 %, 1690 MHz, 43, 7.10 W
1788685007.079103881,0 %, 1690 MHz, 43, 7.10 W
1788685007.178712057,0 %, 1690 MHz, 43, 7.10 W
1788685007.278594328,0 %, 1690 MHz, 43, 7.10 W
1788685007.378316999,0 %, 1690 MHz, 43, 7.10 W
1788685007.478400613,0 %, 1690 MHz, 43, 7.10 W
1788685007.578772274,0 %, 1690 MHz, 43, 7.10 W
1788685007.679004240,0 %, 1690 MHz, 43, 7.10 W
1788685007.778574735,0 %, 1690 MHz, 43, 7.10 W
1788685007.879092300,0 %, 1690 MHz, 43, 7.10 W
1788685007.979763304,0 %, 1690 MHz, 43, 7.07 W
1788685008.080478293,0 %, 1690 MHz, 43, 7.07 W
1788685008.180864915,0 %, 1690 MHz, 43, 7.07 W
1788685008.281252161,0 %, 1690 MHz, 43, 7.07 W
1788685008.381608847,0 %, 1690 MHz, 43, 7.07 W
1788685008.482321003,0 %, 1690 MHz, 43, 7.07 W
1788685008.582735801,0 %, 1690 MHz, 43, 7.07 W
1788685008.683310327,0 %, 1690 MHz, 43, 7.07 W
1788685008.784224723,0 %, 1690 MHz, 43, 7.07 W
1788685008.885112111,0 %, 1690 MHz, 43, 7.07 W
1788685008.985687004,0 %, 1690 MHz, 43, 7.09 W
1788685009.086577001,0 %, 1690 MHz, 43, 7.09 W
1788685009.187095640,0 %, 1690 MHz, 43, 7.09 W
1788685009.287970325,0 %, 1690 MHz, 43, 7.09 W
1788685009.388939426,0 %, 1690 MHz, 43, 7.09 W
1788685009.489479472,0 %, 1690 MHz, 43, 7.10 W
1788685009.590386622,0 %, 1690 MHz, 43, 7.10 W
1788685009.690994508,0 %, 1690 MHz, 43, 7.10 W
1788685009.791850201,0 %, 1690 MHz, 43, 7.10 W
1788685009.892447287,0 %, 1690 MHz, 43, 7.10 W
1788685009.993303300,0 %, 1690 MHz, 43, 7.07 W
1788685010.094223650,0 %, 1690 MHz, 43, 7.07 W
1788685010.194789122,0 %, 1690 MHz, 43, 7.07 W
1788685010.295658864,0 %, 1690 MHz, 43, 7.07 W
1788685010.396256175,0 %, 1690 MHz, 43, 7.07 W
1788685010.497126877,0 %, 1690 MHz, 43, 7.05 W
1788685010.597743756,0 %, 1690 MHz, 43, 7.05 W
1788685010.698560347,0 %, 1690 MHz, 43, 7.05 W
1788685010.799530424,0 %, 1690 MHz, 43, 7.05 W
1788685010.900041512,0 %, 1690 MHz, 43, 7.05 W
1788685011.001004934,0 %, 1690 MHz, 43, 7.09 W
1788685011.101511206,0 %, 1690 MHz, 43, 7.09 W
1788685011.202426981,0 %, 1690 MHz, 43, 7.09 W
1788685011.303040933,0 %, 1690 MHz, 43, 7.09 W
1788685011.403901972,0 %, 1690 MHz, 43, 7.09 W
1788685011.504443156,0 %, 1690 MHz, 43, 7.12 W
1788685011.605328292,0 %, 1690 MHz, 43, 7.12 W
1788685011.706418386,0 %, 1690 MHz, 43, 7.12 W
1788685011.806794723,0 %, 1690 MHz, 43, 7.12 W
1788685011.907670018,0 %, 1690 MHz, 43, 7.12 W
1788685012.008256658,0 %, 1690 MHz, 43, 7.11 W
1788685012.109143394,0 %, 1690 MHz, 43, 7.11 W
1788685012.209753155,0 %, 1690 MHz, 43, 7.11 W
1788685012.310600979,0 %, 1690 MHz, 43, 7.11 W
1788685012.411548051,0 %, 1690 MHz, 43, 7.11 W
1788685012.512061396,0 %, 1690 MHz, 43, 7.10 W
1788685012.612979236,0 %, 1690 MHz, 43, 7.10 W
1788685012.713566741,0 %, 1690 MHz, 43, 7.10 W
1788685012.814442709,0 %, 1690 MHz, 43, 7.10 W
1788685012.915034198,0 %, 1690 MHz, 43, 7.10 W
1788685013.015917878,0 %, 1690 MHz, 43, 7.12 W
1788685013.116169209,0 %, 1690 MHz, 43, 7.12 W
1788685013.217121610,0 %, 1690 MHz, 43, 7.12 W
1788685013.317683500,0 %, 1690 MHz, 43, 7.12 W
1788685013.418598173,0 %, 1690 MHz, 43, 7.12 W
1788685013.519192751,0 %, 1690 MHz, 43, 7.11 W
1788685013.619954400,0 %, 1690 MHz, 43, 7.11 W
1788685013.720569026,0 %, 1690 MHz, 43, 7.11 W
1788685013.821428323,0 %, 1690 MHz, 43, 7.11 W
1788685013.922007861,0 %, 1690 MHz, 43, 7.11 W
1788685014.022869174,0 %, 1690 MHz, 43, 7.08 W
1788685014.123818712,0 %, 1690 MHz, 43, 7.08 W
1788685014.224387611,0 %, 1690 MHz, 43, 7.08 W
1788685014.325318173,0 %, 1690 MHz, 43, 7.08 W
1788685014.425888272,0 %, 1690 MHz, 43, 7.08 W
1788685014.526782818,0 %, 1690 MHz, 43, 7.05 W
1788685014.626953142,0 %, 1690 MHz, 43, 7.05 W
1788685014.727520041,0 %, 1690 MHz, 43, 7.05 W
1788685014.828305627,0 %, 1690 MHz, 43, 7.05 W
1788685014.928880862,0 %, 1690 MHz, 43, 7.05 W
1788685015.029749728,0 %, 1690 MHz, 43, 7.04 W
1788685015.130675795,0 %, 1690 MHz, 43, 7.04 W
1788685015.231243319,0 %, 1690 MHz, 43, 7.04 W
1788685015.332166457,0 %, 1690 MHz, 43, 7.04 W
1788685015.432787213,0 %, 1690 MHz, 43, 7.04 W
1788685015.533631360,0 %, 1690 MHz, 43, 7.03 W
1788685015.634212484,0 %, 1690 MHz, 43, 7.03 W
1788685015.735255782,0 %, 1690 MHz, 43, 7.03 W
1788685015.836037753,0 %, 1690 MHz, 43, 7.03 W
1788685015.936577213,0 %, 1690 MHz, 43, 7.03 W
1788685016.037526720,0 %, 1690 MHz, 43, 7.01 W
1788685016.138089205,0 %, 1690 MHz, 43, 7.01 W
1788685016.238981368,0 %, 1690 MHz, 43, 7.01 W
1788685016.339942988,0 %, 1690 MHz, 43, 7.01 W
1788685016.440475057,0 %, 1690 MHz, 43, 7.01 W
1788685016.541384421,0 %, 1690 MHz, 43, 7.01 W
1788685016.641993913,0 %, 1690 MHz, 43, 7.01 W
1788685016.742901661,0 %, 1690 MHz, 43, 7.01 W
1788685016.843477954,0 %, 1690 MHz, 43, 7.01 W
1788685016.944234278,0 %, 1690 MHz, 43, 7.01 W
1788685017.044831675,0 %, 1690 MHz, 43, 7.01 W
1788685017.145662624,0 %, 1690 MHz, 43, 7.01 W
1788685017.246646116,0 %, 1690 MHz, 43, 7.01 W
1788685017.347187402,0 %, 1690 MHz, 43, 7.01 W
1788685017.448104878,0 %, 1690 MHz, 43, 7.01 W
1788685017.548737492,0 %, 1690 MHz, 43, 7.01 W
1788685017.649598969,0 %, 1690 MHz, 43, 7.01 W
1788685017.750354062,0 %, 1690 MHz, 43, 7.01 W
1788685017.851025715,0 %, 1690 MHz, 43, 7.01 W
1788685017.951870264,0 %, 1690 MHz, 43, 7.01 W
1788685018.051949168,0 %, 1690 MHz, 43, 6.98 W
1788685018.152043928,0 %, 1690 MHz, 43, 6.98 W
1788685018.251834993,0 %, 1690 MHz, 43, 6.98 W
1788685018.352963478,0 %, 1690 MHz, 43, 6.98 W
1788685018.453862971,0 %, 1690 MHz, 43, 6.98 W
1788685018.554371490,0 %, 1690 MHz, 43, 7.00 W
1788685018.655323704,0 %, 1690 MHz, 43, 7.00 W
1788685018.755901758,0 %, 1690 MHz, 43, 7.00 W
1788685018.856795348,0 %, 1690 MHz, 43, 7.00 W
1788685018.957376330,0 %, 1690 MHz, 43, 7.05 W
1788685019.058225424,0 %, 1690 MHz, 43, 7.05 W
1788685019.159165095,0 %, 1690 MHz, 43, 7.05 W
1788685019.259767230,0 %, 1690 MHz, 43, 7.05 W
1788685019.360632949,0 %, 1690 MHz, 43, 7.05 W
1788685019.461217900,0 %, 1690 MHz, 43, 7.05 W
1788685019.562104547,0 %, 1690 MHz, 43, 7.05 W
1788685019.662645082,0 %, 1690 MHz, 43, 7.05 W
1788685019.763550977,0 %, 1690 MHz, 43, 7.05 W
1788685019.864491431,0 %, 1690 MHz, 43, 7.05 W
1788685019.964993023,0 %, 1690 MHz, 43, 7.06 W
1788685020.065926118,0 %, 1690 MHz, 43, 7.06 W
1788685020.166504110,0 %, 1690 MHz, 43, 7.06 W
1788685020.267413254,0 %, 1690 MHz, 43, 7.06 W
1788685020.367990334,0 %, 1690 MHz, 43, 7.06 W
1788685020.468810438,0 %, 1690 MHz, 43, 7.07 W
1788685020.569794605,0 %, 1690 MHz, 43, 7.07 W
1788685020.670284966,0 %, 1690 MHz, 43, 7.07 W
1788685020.771426828,0 %, 1690 MHz, 43, 7.07 W
1788685020.871826485,0 %, 1690 MHz, 43, 7.07 W
1788685020.972665917,0 %, 1690 MHz, 43, 7.05 W
1788685021.073297430,0 %, 1690 MHz, 43, 7.05 W
1788685021.174155646,0 %, 1690 MHz, 43, 7.05 W
1788685021.274715063,0 %, 1690 MHz, 43, 7.05 W
1788685021.375575632,0 %, 1690 MHz, 43, 7.05 W
1788685021.476509272,0 %, 1690 MHz, 43, 7.07 W
1788685021.577027474,0 %, 1690 MHz, 43, 7.07 W
1788685021.677953642,0 %, 1690 MHz, 43, 7.07 W
1788685021.778542883,0 %, 1690 MHz, 43, 7.07 W
1788685021.879416283,0 %, 1690 MHz, 43, 7.07 W
1788685021.980034485,0 %, 1690 MHz, 43, 7.09 W
1788685022.080893422,0 %, 1690 MHz, 43, 7.09 W
1788685022.181828663,0 %, 1690 MHz, 43, 7.09 W
1788685022.282360017,0 %, 1690 MHz, 43, 7.09 W
1788685022.383274491,0 %, 1690 MHz, 43, 7.09 W
1788685022.483645685,0 %, 1690 MHz, 43, 7.10 W
1788685022.584596718,0 %, 1690 MHz, 43, 7.10 W
1788685022.685346584,0 %, 1690 MHz, 43, 7.10 W
1788685022.786073122,0 %, 1690 MHz, 43, 7.10 W
1788685022.886663436,0 %, 1690 MHz, 43, 7.10 W
1788685022.987342102,0 %, 1690 MHz, 43, 7.09 W
1788685023.087862785,0 %, 1690 MHz, 43, 7.09 W
1788685023.188795275,0 %, 1690 MHz, 43, 7.09 W
1788685023.289383094,0 %, 1690 MHz, 43, 7.09 W
1788685023.390253329,0 %, 1690 MHz, 43, 7.09 W
1788685023.490821868,0 %, 1690 MHz, 43, 7.09 W
1788685023.591684358,0 %, 1690 MHz, 43, 7.09 W
1788685023.692612592,0 %, 1690 MHz, 43, 7.09 W
1788685023.793153627,0 %, 1690 MHz, 43, 7.09 W
1788685023.894104197,0 %, 1690 MHz, 43, 7.09 W
1788685023.994672065,0 %, 1690 MHz, 43, 7.12 W
1788685024.095569532,0 %, 1690 MHz, 43, 7.12 W
1788685024.196161080,0 %, 1690 MHz, 43, 7.12 W
1788685024.296997859,0 %, 1690 MHz, 43, 7.12 W
1788685024.397305408,0 %, 1690 MHz, 43, 7.12 W
1788685024.498183915,0 %, 1690 MHz, 43, 7.13 W
1788685024.598723751,0 %, 1690 MHz, 43, 7.13 W
1788685024.699629026,0 %, 1690 MHz, 43, 7.13 W
1788685024.800213182,0 %, 1690 MHz, 43, 7.13 W
1788685024.901096329,0 %, 1690 MHz, 43, 7.13 W
1788685025.001655445,0 %, 1690 MHz, 43, 7.11 W
1788685025.102520818,0 %, 1690 MHz, 43, 7.11 W
1788685025.203458653,0 %, 1690 MHz, 43, 7.11 W
1788685025.303968907,0 %, 1690 MHz, 43, 7.11 W
1788685025.404946758,0 %, 1690 MHz, 43, 7.11 W
1788685025.505504851,0 %, 1690 MHz, 43, 7.07 W
1788685025.606376655,0 %, 1690 MHz, 43, 7.07 W
1788685025.706953996,0 %, 1690 MHz, 43, 7.07 W
1788685025.807824009,0 %, 1690 MHz, 43, 7.07 W
1788685025.908760004,0 %, 1690 MHz, 43, 7.07 W
1788685026.009263394,0 %, 1690 MHz, 43, 7.05 W
1788685026.110200590,0 %, 1690 MHz, 43, 7.05 W
1788685026.210776460,0 %, 1690 MHz, 43, 7.05 W
1788685026.311672265,0 %, 1690 MHz, 43, 7.05 W
1788685026.412271815,0 %, 1690 MHz, 43, 7.05 W
1788685026.513125220,0 %, 1690 MHz, 43, 7.04 W
1788685026.613131060,0 %, 1690 MHz, 43, 7.04 W
1788685026.713851937,0 %, 1690 MHz, 43, 7.04 W
1788685026.814523983,0 %, 1690 MHz, 43, 7.04 W
1788685026.915089085,0 %, 1690 MHz, 43, 7.04 W
1788685027.016003578,0 %, 1690 MHz, 43, 7.02 W
1788685027.116575448,0 %, 1690 MHz, 43, 7.02 W
1788685027.217444070,0 %, 1690 MHz, 43, 7.02 W
1788685027.318378228,0 %, 1690 MHz, 43, 7.02 W
1788685027.418937539,0 %, 1690 MHz, 43, 7.02 W
1788685027.519832177,0 %, 1690 MHz, 43, 7.04 W
1788685027.620421391,0 %, 1690 MHz, 43, 7.04 W
1788685027.721327869,0 %, 1690 MHz, 43, 7.04 W
1788685027.821912204,0 %, 1690 MHz, 43, 7.04 W
1788685027.921926444,0 %, 1690 MHz, 43, 7.04 W
1788685028.022097725,0 %, 1690 MHz, 43, 7.05 W
1788685028.122166206,0 %, 1690 MHz, 43, 7.05 W
1788685028.223177020,0 %, 1690 MHz, 43, 7.05 W
1788685028.322902031,0 %, 1690 MHz, 43, 7.05 W
1788685028.423010368,0 %, 1690 MHz, 43, 7.05 W
1788685028.523407136,0 %, 1690 MHz, 43, 7.04 W
1788685028.624492366,0 %, 1690 MHz, 43, 7.04 W
1788685028.725335245,0 %, 1690 MHz, 43, 7.04 W
1788685028.825748397,0 %, 1690 MHz, 43, 7.04 W
1788685028.926589516,0 %, 1690 MHz, 43, 7.04 W
1788685029.027153964,0 %, 1690 MHz, 43, 7.04 W
1788685029.128039868,0 %, 1690 MHz, 43, 7.04 W
1788685029.228992219,0 %, 1690 MHz, 43, 7.04 W
1788685029.329534348,0 %, 1690 MHz, 43, 7.04 W
1788685029.430444364,0 %, 1690 MHz, 43, 7.04 W
1788685029.531000460,0 %, 1690 MHz, 43, 7.05 W
1788685029.631919452,0 %, 1690 MHz, 43, 7.05 W
1788685029.732471100,0 %, 1690 MHz, 43, 7.05 W
1788685029.833316540,0 %, 1690 MHz, 43, 7.05 W
1788685029.934263244,0 %, 1690 MHz, 43, 7.05 W
1788685030.034801229,0 %, 1690 MHz, 43, 7.05 W
1788685030.135711885,0 %, 1690 MHz, 43, 7.05 W
1788685030.236265999,0 %, 1690 MHz, 43, 7.05 W
1788685030.337174703,0 %, 1690 MHz, 43, 7.05 W
1788685030.437766929,0 %, 1690 MHz, 43, 7.05 W
1788685030.538625569,0 %, 1690 MHz, 43, 7.04 W
1788685030.639205699,0 %, 1690 MHz, 43, 7.04 W
1788685030.740023123,0 %, 1690 MHz, 43, 7.04 W
1788685030.840979204,0 %, 1690 MHz, 43, 7.04 W
1788685030.941537077,0 %, 1690 MHz, 43, 7.04 W
1788685031.042433254,0 %, 1690 MHz, 43, 7.05 W
1788685031.143020328,0 %, 1690 MHz, 43, 7.05 W
1788685031.243911130,0 %, 1690 MHz, 43, 7.05 W
1788685031.344473660,0 %, 1690 MHz, 43, 7.05 W
1788685031.445321806,0 %, 1690 MHz, 43, 7.05 W
1788685031.546307087,0 %, 1690 MHz, 43, 7.09 W
1788685031.646850146,0 %, 1690 MHz, 43, 7.09 W
1788685031.747768339,0 %, 1690 MHz, 43, 7.09 W
1788685031.848309157,0 %, 1690 MHz, 43, 7.09 W
1788685031.949228679,0 %, 1690 MHz, 43, 7.09 W
1788685032.049784810,0 %, 1690 MHz, 43, 7.09 W
1788685032.150642300,0 %, 1690 MHz, 43, 7.09 W
1788685032.251596814,0 %, 1690 MHz, 43, 7.09 W
1788685032.352134353,0 %, 1690 MHz, 43, 7.09 W
1788685032.453061860,0 %, 1690 MHz, 43, 7.09 W
1788685032.553582519,0 %, 1690 MHz, 43, 7.09 W
1788685032.654525449,0 %, 1690 MHz, 43, 7.09 W
1788685032.754432287,0 %, 1690 MHz, 43, 7.09 W
1788685032.855259809,0 %, 1690 MHz, 43, 7.09 W
1788685032.956108260,0 %, 1690 MHz, 43, 7.09 W
1788685033.056655896,0 %, 1690 MHz, 43, 7.09 W
1788685033.157538427,0 %, 1690 MHz, 43, 7.09 W
1788685033.258470350,0 %, 1690 MHz, 43, 7.09 W
1788685033.359000178,0 %, 1690 MHz, 43, 7.09 W
1788685033.459973845,0 %, 1690 MHz, 42, 7.05 W
1788685033.560521993,0 %, 1690 MHz, 42, 7.05 W
1788685033.661407085,0 %, 1690 MHz, 42, 7.05 W
1788685033.761982241,0 %, 1690 MHz, 42, 7.05 W
1788685033.862856212,0 %, 1690 MHz, 42, 7.05 W
1788685033.963800583,0 %, 1690 MHz, 42, 7.01 W
1788685034.064312764,0 %, 1690 MHz, 42, 7.01 W
1788685034.165238560,0 %, 1690 MHz, 42, 7.01 W
1788685034.265809077,0 %, 1690 MHz, 42, 7.01 W
1788685034.366712521,0 %, 1690 MHz, 42, 7.01 W
1788685034.467330526,0 %, 1690 MHz, 43, 7.01 W
1788685034.568180946,0 %, 1690 MHz, 43, 7.01 W
1788685034.669128630,0 %, 1690 MHz, 43, 7.01 W
1788685034.769635292,0 %, 1690 MHz, 43, 7.01 W
1788685034.870607119,0 %, 1690 MHz, 43, 7.01 W
1788685034.971274260,0 %, 1690 MHz, 42, 7.04 W
1788685035.072046377,0 %, 1690 MHz, 42, 7.04 W
1788685035.172646239,0 %, 1690 MHz, 42, 7.04 W
1788685035.273517780,0 %, 1690 MHz, 42, 7.04 W
1788685035.374455657,0 %, 1690 MHz, 42, 7.04 W
1788685035.474973359,0 %, 1690 MHz, 42, 7.05 W
1788685035.575957940,0 %, 1690 MHz, 42, 7.05 W
1788685035.676507242,0 %, 1690 MHz, 42, 7.05 W
1788685035.777368495,0 %, 1690 MHz, 42, 7.05 W
1788685035.877954453,0 %, 1690 MHz, 42, 7.05 W
1788685035.978823850,0 %, 1690 MHz, 42, 7.04 W
1788685036.079753808,0 %, 1690 MHz, 42, 7.04 W
1788685036.180300519,0 %, 1690 MHz, 42, 7.04 W
1788685036.281197356,0 %, 1690 MHz, 42, 7.04 W
1788685036.381785747,0 %, 1690 MHz, 42, 7.04 W
1788685036.482651049,0 %, 1690 MHz, 42, 7.06 W
1788685036.583258496,0 %, 1690 MHz, 42, 7.06 W
1788685036.684097174,0 %, 1690 MHz, 42, 7.06 W
1788685036.784650941,0 %, 1690 MHz, 42, 7.06 W
1788685036.885534051,0 %, 1690 MHz, 42, 7.06 W
1788685036.986453497,0 %, 1690 MHz, 42, 7.07 W
1788685037.086999648,0 %, 1690 MHz, 42, 7.07 W
1788685037.188334486,0 %, 1690 MHz, 42, 7.07 W
1788685037.288509183,0 %, 1690 MHz, 42, 7.07 W
1788685037.389389670,0 %, 1690 MHz, 42, 7.07 W
1788685037.489953565,0 %, 1690 MHz, 42, 7.05 W
1788685037.590807076,0 %, 1690 MHz, 42, 7.05 W
1788685037.691779643,0 %, 1690 MHz, 42, 7.05 W
1788685037.792247427,0 %, 1690 MHz, 42, 7.05 W
1788685037.893194985,0 %, 1690 MHz, 42, 7.05 W
1788685037.993796481,0 %, 1690 MHz, 42, 7.02 W
1788685038.094682649,0 %, 1690 MHz, 42, 7.02 W
1788685038.195251202,0 %, 1690 MHz, 42, 7.02 W
1788685038.296126105,0 %, 1690 MHz, 42, 7.02 W
1788685038.396713298,0 %, 1690 MHz, 42, 7.02 W
1788685038.497542042,0 %, 1690 MHz, 42, 7.00 W
1788685038.598479153,0 %, 1690 MHz, 42, 7.00 W
1788685038.698879402,0 %, 1690 MHz, 42, 7.00 W
1788685038.799884498,0 %, 1690 MHz, 42, 7.00 W
1788685038.899755213,0 %, 1690 MHz, 42, 7.00 W
1788685039.000564036,0 %, 1690 MHz, 42, 6.99 W
1788685039.101497309,0 %, 1690 MHz, 42, 6.99 W
1788685039.202063542,0 %, 1690 MHz, 42, 6.99 W
1788685039.302946847,0 %, 1690 MHz, 42, 6.99 W
1788685039.403556904,0 %, 1690 MHz, 42, 6.99 W
1788685039.503833427,0 %, 1690 MHz, 42, 7.00 W
1788685039.603878590,0 %, 1690 MHz, 42, 7.00 W
1788685039.704232344,0 %, 1690 MHz, 42, 7.00 W
1788685039.804442787,0 %, 1690 MHz, 42, 7.00 W
1788685039.904608494,0 %, 1690 MHz, 42, 7.00 W
1788685040.005103815,0 %, 1690 MHz, 42, 6.99 W
1788685040.106403936,0 %, 1690 MHz, 42, 6.99 W
1788685040.206633979,0 %, 1690 MHz, 42, 6.99 W
1788685040.307125206,0 %, 1690 MHz, 42, 6.99 W
1788685040.408107487,0 %, 1690 MHz, 42, 6.99 W
1788685040.509061048,0 %, 1690 MHz, 42, 6.99 W
1788685040.609576995,0 %, 1690 MHz, 42, 6.99 W
1788685040.710519324,0 %, 1690 MHz, 42, 6.99 W
1788685040.811103462,0 %, 1690 MHz, 42, 6.99 W
1788685040.911954176,0 %, 1690 MHz, 42, 6.99 W
1788685041.012537498,0 %, 1690 MHz, 42, 6.99 W
1788685041.113020742,0 %, 1690 MHz, 42, 6.99 W
1788685041.213816865,0 %, 1690 MHz, 42, 6.99 W
1788685041.314665419,0 %, 1690 MHz, 42, 6.99 W
1788685041.415274022,0 %, 1690 MHz, 42, 6.99 W
1788685041.516135777,0 %, 1690 MHz, 42, 6.96 W
1788685041.617087019,0 %, 1690 MHz, 42, 6.96 W
1788685041.717593558,0 %, 1690 MHz, 42, 6.96 W
1788685041.818516912,0 %, 1690 MHz, 42, 6.96 W
1788685041.919095596,0 %, 1690 MHz, 42, 6.96 W
1788685042.019998518,0 %, 1690 MHz, 42, 6.96 W
1788685042.120574146,0 %, 1690 MHz, 42, 6.96 W
1788685042.221488461,0 %, 1690 MHz, 42, 6.96 W
1788685042.322401177,0 %, 1690 MHz, 42, 6.96 W
1788685042.422972821,0 %, 1690 MHz, 42, 6.96 W
1788685042.523885632,0 %, 1690 MHz, 42, 6.97 W
1788685042.624481548,0 %, 1690 MHz, 42, 6.97 W
1788685042.725344103,0 %, 1690 MHz, 42, 6.97 W
1788685042.825924691,0 %, 1690 MHz, 42, 6.97 W
1788685042.926822847,0 %, 1690 MHz, 42, 6.97 W
1788685043.027748010,0 %, 1690 MHz, 42, 6.98 W
1788685043.128281671,0 %, 1690 MHz, 42, 6.98 W
1788685043.229212467,0 %, 1690 MHz, 42, 6.98 W
1788685043.329630976,0 %, 1690 MHz, 42, 6.98 W
1788685043.430586252,0 %, 1690 MHz, 42, 6.98 W
1788685043.531178473,0 %, 1690 MHz, 42, 7.00 W
1788685043.632086901,0 %, 1690 MHz, 42, 7.00 W
1788685043.732641922,0 %, 1690 MHz, 42, 7.00 W
1788685043.833522655,0 %, 1690 MHz, 42, 7.00 W
1788685043.934496154,0 %, 1690 MHz, 42, 7.00 W
1788685044.035030712,0 %, 1690 MHz, 42, 6.98 W
1788685044.135968069,0 %, 1690 MHz, 42, 6.98 W
1788685044.236407059,0 %, 1690 MHz, 42, 6.98 W
1788685044.337314000,0 %, 1690 MHz, 42, 6.98 W
1788685044.437929998,0 %, 1690 MHz, 42, 6.98 W
1788685044.538814539,0 %, 1690 MHz, 42, 6.96 W
1788685044.639758951,0 %, 1690 MHz, 42, 6.96 W
1788685044.740286725,0 %, 1690 MHz, 42, 6.96 W
1788685044.841220354,0 %, 1690 MHz, 42, 6.96 W
1788685044.941839248,0 %, 1690 MHz, 42, 6.96 W
1788685045.042710013,0 %, 1690 MHz, 42, 6.96 W
1788685045.143308892,0 %, 1690 MHz, 42, 6.96 W
1788685045.244131754,0 %, 1690 MHz, 42, 6.96 W
1788685045.345119544,0 %, 1690 MHz, 42, 6.96 W
1788685045.445688022,0 %, 1690 MHz, 42, 6.96 W
1788685045.546583188,0 %, 1690 MHz, 42, 6.95 W
1788685045.647151715,0 %, 1690 MHz, 42, 6.95 W
1788685045.748059809,0 %, 1690 MHz, 42, 6.95 W
1788685045.848659920,0 %, 1690 MHz, 42, 6.95 W
1788685045.949488062,0 %, 1690 MHz, 42, 6.95 W
1788685046.050436764,0 %, 1690 MHz, 42, 6.95 W
1788685046.151001355,0 %, 1690 MHz, 42, 6.95 W
1788685046.251926938,0 %, 1690 MHz, 42, 6.95 W
1788685046.352505450,0 %, 1690 MHz, 42, 6.95 W
1788685046.453419896,0 %, 1690 MHz, 42, 6.95 W
1788685046.554341415,0 %, 1690 MHz, 42, 6.96 W
1788685046.654910631,0 %, 1690 MHz, 42, 6.96 W
1788685046.755871605,0 %, 1690 MHz, 42, 6.96 W
1788685046.856415125,0 %, 1690 MHz, 42, 6.96 W
1788685046.957298580,0 %, 1690 MHz, 42, 6.99 W
1788685047.057926980,0 %, 1690 MHz, 42, 6.99 W
1788685047.158759171,0 %, 1690 MHz, 42, 6.99 W
1788685047.259732883,0 %, 1690 MHz, 42, 6.99 W
1788685047.360306659,0 %, 1690 MHz, 42, 6.99 W
1788685047.461224883,0 %, 1690 MHz, 42, 7.02 W
1788685047.561837491,0 %, 1690 MHz, 42, 7.02 W
1788685047.662720211,0 %, 1690 MHz, 42, 7.02 W
1788685047.763625410,0 %, 1690 MHz, 42, 7.02 W
1788685047.864196051,0 %, 1690 MHz, 42, 7.02 W
1788685047.964471028,0 %, 1690 MHz, 42, 7.04 W
1788685048.065363044,0 %, 1690 MHz, 42, 7.04 W
1788685048.165954854,0 %, 1690 MHz, 42, 7.04 W
1788685048.266850230,0 %, 1690 MHz, 42, 7.04 W
1788685048.366815721,0 %, 1690 MHz, 42, 7.04 W
1788685048.466769708,0 %, 1690 MHz, 42, 7.04 W
1788685048.566781088,0 %, 1690 MHz, 42, 7.04 W
1788685048.666827539,0 %, 1690 MHz, 42, 7.04 W
1788685048.766958037,0 %, 1690 MHz, 42, 7.04 W
1788685048.867382503,0 %, 1690 MHz, 42, 7.04 W
1788685048.967295867,0 %, 1690 MHz, 42, 7.02 W
1788685049.067457358,0 %, 1690 MHz, 42, 7.02 W
1788685049.168776430,0 %, 1690 MHz, 42, 7.02 W
1788685049.269622879,0 %, 1690 MHz, 42, 7.02 W
1788685049.370240209,0 %, 1690 MHz, 42, 7.02 W
1788685049.471064019,0 %, 1690 MHz, 42, 7.01 W
1788685049.571657909,0 %, 1690 MHz, 42, 7.01 W
1788685049.672505190,0 %, 1690 MHz, 42, 7.01 W
1788685049.773395688,0 %, 1690 MHz, 42, 7.01 W
1788685049.873986330,0 %, 1690 MHz, 42, 7.01 W
1788685049.974923963,0 %, 1690 MHz, 42, 7.01 W
1788685050.075479294,0 %, 1690 MHz, 42, 7.01 W
1788685050.176372128,0 %, 1690 MHz, 42, 7.01 W
1788685050.277028323,0 %, 1690 MHz, 42, 7.01 W
1788685050.377907781,0 %, 1690 MHz, 42, 7.01 W
1788685050.478856567,0 %, 1690 MHz, 42, 7.01 W
1788685050.579376843,0 %, 1690 MHz, 42, 7.01 W
1788685050.680270285,0 %, 1690 MHz, 42, 7.01 W
1788685050.780648993,0 %, 1690 MHz, 42, 7.01 W
1788685050.881987681,0 %, 1690 MHz, 42, 7.01 W
1788685050.981921527,0 %, 1690 MHz, 42, 7.00 W
1788685051.082811865,0 %, 1690 MHz, 42, 7.00 W
1788685051.183971628,0 %, 1690 MHz, 42, 7.00 W
1788685051.283645138,0 %, 1690 MHz, 42, 7.00 W
1788685051.384751237,0 %, 1690 MHz, 42, 7.00 W
1788685051.485480520,0 %, 1690 MHz, 42, 7.04 W
1788685051.586615707,0 %, 1690 MHz, 42, 7.04 W
1788685051.686964783,0 %, 1690 MHz, 42, 7.04 W
1788685051.787798946,0 %, 1690 MHz, 42, 7.04 W
1788685051.888610630,0 %, 1690 MHz, 42, 7.04 W
1788685051.989304569,0 %, 1690 MHz, 42, 7.05 W
1788685052.090555772,0 %, 1690 MHz, 42, 7.05 W
1788685052.190854930,0 %, 1690 MHz, 42, 7.05 W
1788685052.291436871,0 %, 1690 MHz, 42, 7.05 W
1788685052.392542474,0 %, 1690 MHz, 42, 7.05 W
1788685052.493210831,0 %, 1690 MHz, 42, 7.05 W
1788685052.594037539,0 %, 1690 MHz, 42, 7.05 W
1788685052.694759735,0 %, 1690 MHz, 42, 7.05 W
1788685052.795986250,0 %, 1690 MHz, 42, 7.05 W
1788685052.895734033,0 %, 1690 MHz, 42, 7.05 W
1788685052.996667189,0 %, 1690 MHz, 42, 7.06 W
1788685053.097339738,0 %, 1690 MHz, 42, 7.06 W
1788685053.198128832,0 %, 1690 MHz, 42, 7.06 W
1788685053.298579190,0 %, 1690 MHz, 42, 7.06 W
1788685053.400020665,0 %, 1690 MHz, 42, 7.06 W
1788685053.500336767,0 %, 1690 MHz, 42, 7.06 W
1788685053.601166532,0 %, 1690 MHz, 42, 7.06 W
1788685053.702007753,0 %, 1690 MHz, 42, 7.06 W
1788685053.802682431,0 %, 1690 MHz, 42, 7.06 W
1788685053.903921922,0 %, 1690 MHz, 42, 7.06 W
1788685054.004224585,0 %, 1690 MHz, 42, 7.03 W
1788685054.105405662,0 %, 1690 MHz, 42, 7.03 W
1788685054.205720165,0 %, 1690 MHz, 42, 7.03 W
1788685054.306280587,0 %, 1690 MHz, 42, 7.03 W
1788685054.406891154,0 %, 1690 MHz, 42, 7.03 W
1788685054.508048855,0 %, 1690 MHz, 42, 7.01 W
1788685054.608375406,0 %, 1690 MHz, 42, 7.01 W
1788685054.709538771,0 %, 1690 MHz, 42, 7.01 W
1788685054.810077434,0 %, 1690 MHz, 42, 7.01 W
1788685054.910930831,0 %, 1690 MHz, 42, 7.01 W
1788685055.011981909,0 %, 1690 MHz, 42, 7.00 W
1788685055.112282781,0 %, 1690 MHz, 42, 7.00 W
1788685055.213473314,0 %, 1690 MHz, 42, 7.00 W
1788685055.313452284,0 %, 1690 MHz, 42, 7.00 W
1788685055.414552866,0 %, 1690 MHz, 42, 7.00 W
1788685055.515400984,0 %, 1690 MHz, 42, 6.99 W
1788685055.616097583,0 %, 1690 MHz, 42, 6.99 W
1788685055.717442500,0 %, 1690 MHz, 42, 6.99 W
1788685055.817637341,0 %, 1690 MHz, 42, 6.99 W
1788685055.918217780,0 %, 1690 MHz, 42, 6.99 W
1788685056.019186171,0 %, 1690 MHz, 42, 7.00 W
1788685056.120014242,0 %, 1690 MHz, 42, 7.00 W
1788685056.221210153,0 %, 1690 MHz, 42, 7.00 W
1788685056.321277747,0 %, 1690 MHz, 42, 7.00 W
1788685056.422727368,0 %, 1690 MHz, 42, 7.00 W
1788685056.523010449,0 %, 1690 MHz, 42, 7.00 W
1788685056.623828601,0 %, 1690 MHz, 42, 7.00 W
1788685056.724655424,0 %, 1690 MHz, 42, 7.00 W
1788685056.824795594,0 %, 1690 MHz, 42, 7.00 W
1788685056.925730145,0 %, 1690 MHz, 42, 7.00 W
1788685057.026880120,0 %, 1690 MHz, 42, 7.01 W
1788685057.127394449,0 %, 1690 MHz, 42, 7.01 W
1788685057.228059306,0 %, 1690 MHz, 42, 7.01 W
1788685057.328724259,0 %, 1690 MHz, 42, 7.01 W
1788685057.429619035,0 %, 1690 MHz, 42, 7.01 W
1788685057.530757539,0 %, 1690 MHz, 42, 7.00 W
1788685057.631062781,0 %, 1690 MHz, 42, 7.00 W
1788685057.731923797,0 %, 1690 MHz, 42, 7.00 W
1788685057.832729341,0 %, 1690 MHz, 42, 7.00 W
1788685057.933269719,0 %, 1690 MHz, 42, 7.00 W
1788685058.034124575,0 %, 1690 MHz, 42, 6.97 W
1788685058.134799833,0 %, 1690 MHz, 42, 6.97 W
1788685058.236006657,0 %, 1690 MHz, 42, 6.97 W
1788685058.335715294,0 %, 1690 MHz, 42, 6.97 W
1788685058.436583191,0 %, 1690 MHz, 42, 6.97 W
1788685058.537378384,0 %, 1690 MHz, 42, 6.97 W
1788685058.638250281,0 %, 1690 MHz, 42, 6.97 W
1788685058.738954675,0 %, 1690 MHz, 42, 6.97 W
1788685058.840241083,0 %, 1690 MHz, 42, 6.97 W
1788685058.940666869,0 %, 1690 MHz, 42, 6.97 W
1788685059.041607854,0 %, 1690 MHz, 42, 6.97 W
1788685059.142163849,0 %, 1690 MHz, 42, 6.97 W
1788685059.242864724,0 %, 1690 MHz, 42, 6.97 W
1788685059.343485694,0 %, 1690 MHz, 42, 6.97 W
1788685059.444371352,0 %, 1690 MHz, 42, 6.97 W
1788685059.545509330,0 %, 1690 MHz, 42, 6.93 W
1788685059.645843901,0 %, 1690 MHz, 42, 6.93 W
1788685059.746638679,0 %, 1690 MHz, 42, 6.93 W
1788685059.847498049,0 %, 1690 MHz, 42, 6.93 W
1788685059.947932332,0 %, 1690 MHz, 42, 6.93 W
1788685060.049420133,0 %, 1690 MHz, 42, 6.90 W
1788685060.149773201,0 %, 1690 MHz, 42, 6.90 W
1788685060.250565484,0 %, 1690 MHz, 42, 6.90 W
1788685060.351296552,0 %, 1690 MHz, 42, 6.90 W
1788685060.452113107,0 %, 1690 MHz, 42, 6.90 W
1788685060.553315628,0 %, 1690 MHz, 42, 6.89 W
1788685060.653649657,0 %, 1690 MHz, 42, 6.89 W
1788685060.754429892,0 %, 1690 MHz, 42, 6.89 W
1788685060.855331023,0 %, 1690 MHz, 42, 6.89 W
1788685060.955724667,0 %, 1690 MHz, 42, 6.89 W
1788685061.056826534,0 %, 1690 MHz, 42, 6.89 W
1788685061.157521986,0 %, 1690 MHz, 42, 6.89 W
1788685061.258709244,0 %, 1690 MHz, 42, 6.89 W
1788685061.358727675,0 %, 1690 MHz, 42, 6.89 W
1788685061.459842469,0 %, 1690 MHz, 42, 6.90 W
1788685061.560678081,0 %, 1690 MHz, 42, 6.90 W
1788685061.661385261,0 %, 1690 MHz, 42, 6.90 W
1788685061.762021338,0 %, 1690 MHz, 42, 6.90 W
1788685061.862929621,0 %, 1690 MHz, 42, 6.90 W
1788685061.964078672,0 %, 1690 MHz, 42, 6.88 W
1788685062.064366366,0 %, 1690 MHz, 42, 6.88 W
1788685062.165195339,0 %, 1690 MHz, 42, 6.88 W
1788685062.266027783,0 %, 1690 MHz, 42, 6.88 W
1788685062.366490485,0 %, 1690 MHz, 42, 6.88 W
1788685062.467936624,0 %, 1690 MHz, 42, 6.88 W
1788685062.568250190,0 %, 1690 MHz, 42, 6.88 W
1788685062.669120587,0 %, 1690 MHz, 42, 6.88 W
1788685062.769973639,0 %, 1690 MHz, 42, 6.88 W
1788685062.870791172,0 %, 1690 MHz, 42, 6.88 W
1788685062.971955631,0 %, 1690 MHz, 42, 6.90 W
1788685063.071898127,0 %, 1690 MHz, 42, 6.90 W
1788685063.172659597,0 %, 1690 MHz, 42, 6.90 W
1788685063.273562778,0 %, 1690 MHz, 42, 6.90 W
1788685063.373813897,0 %, 1690 MHz, 42, 6.90 W
1788685063.474404567,0 %, 1690 MHz, 42, 6.92 W
1788685063.575136165,0 %, 1690 MHz, 42, 6.92 W
1788685063.675316581,0 %, 1690 MHz, 42, 6.92 W
1788685063.775933603,0 %, 1690 MHz, 42, 6.92 W
1788685063.876641361,0 %, 1690 MHz, 42, 6.92 W
1788685063.977015615,0 %, 1690 MHz, 42, 6.92 W
1788685064.077184735,0 %, 1690 MHz, 42, 6.92 W
1788685064.177596031,0 %, 1690 MHz, 42, 6.92 W
1788685064.278472525,0 %, 1690 MHz, 42, 6.92 W
1788685064.378642781,0 %, 1690 MHz, 42, 6.92 W
1788685064.479290524,0 %, 1690 MHz, 42, 6.91 W
1788685064.579990123,0 %, 1690 MHz, 42, 6.91 W
1788685064.680128363,0 %, 1690 MHz, 42, 6.91 W
1788685064.780771690,0 %, 1690 MHz, 42, 6.91 W
1788685064.881497529,0 %, 1690 MHz, 42, 6.91 W
1788685064.981659769,0 %, 1690 MHz, 42, 6.94 W
1788685065.082063961,0 %, 1690 MHz, 42, 6.94 W
1788685065.182456297,0 %, 1690 MHz, 42, 6.94 W
1788685065.283341224,0 %, 1690 MHz, 42, 6.94 W
1788685065.383515481,0 %, 1690 MHz, 42, 6.94 W
1788685065.484151241,0 %, 1690 MHz, 42, 6.99 W
1788685065.584885449,0 %, 1690 MHz, 42, 6.99 W
1788685065.685023082,0 %, 1690 MHz, 42, 6.99 W
1788685065.785637546,0 %, 1690 MHz, 42, 6.99 W
1788685065.886372313,0 %, 1690 MHz, 42, 6.99 W
1788685065.986510202,0 %, 1690 MHz, 42, 6.99 W
1788685066.086929083,0 %, 1690 MHz, 42, 6.99 W
1788685066.187344877,0 %, 1690 MHz, 42, 6.99 W
1788685066.288197293,0 %, 1690 MHz, 42, 6.99 W
1788685066.388408686,0 %, 1690 MHz, 42, 6.99 W
1788685066.489024527,0 %, 1690 MHz, 42, 6.94 W
1788685066.589793471,0 %, 1690 MHz, 42, 6.94 W
1788685066.689903697,0 %, 1690 MHz, 42, 6.94 W
1788685066.790517858,0 %, 1690 MHz, 42, 6.94 W
1788685066.891236882,0 %, 1690 MHz, 42, 6.94 W
1788685066.991379540,0 %, 1690 MHz, 42, 6.94 W
1788685067.091828102,0 %, 1690 MHz, 42, 6.94 W
1788685067.192207592,0 %, 1690 MHz, 42, 6.94 W
1788685067.293099209,0 %, 1690 MHz, 42, 6.94 W
1788685067.393327211,0 %, 1690 MHz, 42, 6.94 W
1788685067.493907837,0 %, 1690 MHz, 42, 6.96 W
1788685067.594587390,0 %, 1690 MHz, 42, 6.96 W
1788685067.694810497,0 %, 1690 MHz, 42, 6.96 W
1788685067.795412018,0 %, 1690 MHz, 42, 6.96 W
1788685067.896156003,0 %, 1690 MHz, 42, 6.96 W
1788685067.996244246,0 %, 1690 MHz, 42, 6.93 W
1788685068.096673113,0 %, 1690 MHz, 42, 6.93 W
1788685068.197463787,0 %, 1690 MHz, 42, 6.93 W
1788685068.297993725,0 %, 1690 MHz, 42, 6.93 W
1788685068.398188977,0 %, 1690 MHz, 42, 6.93 W
1788685068.498592036,0 %, 1690 MHz, 42, 6.91 W
1788685068.599350437,0 %, 1690 MHz, 42, 6.91 W
1788685068.699840120,0 %, 1690 MHz, 42, 6.91 W
1788685068.800399947,0 %, 1690 MHz, 42, 6.91 W
1788685068.901115021,0 %, 1690 MHz, 42, 6.91 W
1788685069.001287360,0 %, 1690 MHz, 42, 6.95 W
1788685069.101933203,0 %, 1690 MHz, 42, 6.95 W
1788685069.202102008,0 %, 1690 MHz, 42, 6.95 W
1788685069.301484190,0 %, 1690 MHz, 42, 6.95 W
1788685069.401875394,0 %, 1690 MHz, 42, 6.95 W
1788685069.502105766,0 %, 1690 MHz, 42, 7.00 W
1788685069.602169019,0 %, 1690 MHz, 42, 7.00 W
1788685069.702322303,0 %, 1690 MHz, 42, 7.00 W
1788685069.802437108,0 %, 1690 MHz, 42, 7.00 W
1788685069.903379878,0 %, 1690 MHz, 42, 7.00 W
1788685070.004154569,0 %, 1690 MHz, 42, 7.02 W
1788685070.104739069,0 %, 1690 MHz, 42, 7.02 W
1788685070.205625200,0 %, 1690 MHz, 42, 7.02 W
1788685070.306209076,0 %, 1690 MHz, 42, 7.02 W
1788685070.407077191,0 %, 1690 MHz, 42, 7.02 W
1788685070.507659563,0 %, 1690 MHz, 42, 7.02 W
1788685070.608509487,0 %, 1690 MHz, 42, 7.02 W
1788685070.709444274,0 %, 1690 MHz, 42, 7.02 W
1788685070.809852342,0 %, 1690 MHz, 42, 7.02 W
1788685070.911544279,0 %, 1690 MHz, 42, 7.02 W
1788685071.011318653,0 %, 1690 MHz, 42, 7.00 W
1788685071.112255425,0 %, 1690 MHz, 42, 7.00 W
1788685071.212816374,0 %, 1690 MHz, 42, 7.00 W
1788685071.314090713,0 %, 1690 MHz, 42, 7.00 W
1788685071.414282415,0 %, 1690 MHz, 42, 7.00 W
1788685071.515146627,0 %, 1690 MHz, 42, 7.02 W
1788685071.616068087,0 %, 1690 MHz, 42, 7.02 W
1788685071.716597212,0 %, 1690 MHz, 42, 7.02 W
1788685071.817565952,0 %, 1690 MHz, 42, 7.02 W
1788685071.918110053,0 %, 1690 MHz, 42, 7.02 W
1788685072.019001321,0 %, 1690 MHz, 42, 7.05 W
1788685072.119650415,0 %, 1690 MHz, 42, 7.05 W
1788685072.220512996,0 %, 1690 MHz, 42, 7.05 W
1788685072.321434456,0 %, 1690 MHz, 42, 7.05 W
1788685072.421976286,0 %, 1690 MHz, 42, 7.05 W
1788685072.522904243,0 %, 1690 MHz, 42, 7.07 W
1788685072.623499609,0 %, 1690 MHz, 42, 7.07 W
1788685072.724368526,0 %, 1690 MHz, 42, 7.07 W
1788685072.824927235,0 %, 1690 MHz, 42, 7.07 W
1788685072.925790632,0 %, 1690 MHz, 42, 7.07 W
1788685073.026755917,0 %, 1690 MHz, 42, 7.10 W
1788685073.127249444,0 %, 1690 MHz, 42, 7.10 W
1788685073.228188265,0 %, 1690 MHz, 42, 7.10 W
1788685073.328765168,0 %, 1690 MHz, 42, 7.10 W
1788685073.429619958,0 %, 1690 MHz, 42, 7.10 W
1788685073.530251708,0 %, 1690 MHz, 42, 7.07 W
1788685073.630195380,0 %, 1690 MHz, 42, 7.07 W
1788685073.731738392,0 %, 1690 MHz, 42, 7.07 W
1788685073.831769184,0 %, 1690 MHz, 42, 7.07 W
1788685073.932618822,0 %, 1690 MHz, 42, 7.07 W
1788685074.033140269,0 %, 1690 MHz, 42, 7.04 W
1788685074.134012468,0 %, 1690 MHz, 42, 7.04 W
1788685074.235023514,0 %, 1690 MHz, 42, 7.04 W
1788685074.335505313,0 %, 1690 MHz, 42, 7.04 W
1788685074.436446616,0 %, 1690 MHz, 42, 7.04 W
1788685074.537017039,0 %, 1690 MHz, 42, 7.05 W
1788685074.637904278,0 %, 1690 MHz, 42, 7.05 W
1788685074.738485437,0 %, 1690 MHz, 42, 7.05 W
1788685074.839369332,0 %, 1690 MHz, 42, 7.05 W
1788685074.940303706,0 %, 1690 MHz, 42, 7.05 W
1788685075.040804258,0 %, 1690 MHz, 42, 7.05 W
1788685075.141774393,0 %, 1690 MHz, 42, 7.05 W
1788685075.242274305,0 %, 1690 MHz, 42, 7.05 W
1788685075.343189001,0 %, 1690 MHz, 42, 7.05 W
1788685075.444427727,0 %, 1690 MHz, 42, 7.05 W
1788685075.544660888,0 %, 1690 MHz, 42, 7.04 W
1788685075.645630159,0 %, 1690 MHz, 42, 7.04 W
1788685075.746128840,0 %, 1690 MHz, 42, 7.04 W
1788685075.847072191,0 %, 1690 MHz, 42, 7.04 W
1788685075.947638487,0 %, 1690 MHz, 42, 7.04 W
1788685076.048530367,0 %, 1690 MHz, 42, 7.01 W
1788685076.148971320,0 %, 1690 MHz, 42, 7.01 W
1788685076.249902480,0 %, 1690 MHz, 42, 7.01 W
1788685076.350495177,0 %, 1690 MHz, 42, 7.01 W
1788685076.451324753,0 %, 1690 MHz, 42, 7.01 W
1788685076.551894106,0 %, 1690 MHz, 42, 7.00 W
1788685076.652759795,0 %, 1690 MHz, 42, 7.00 W
1788685076.753749739,0 %, 1690 MHz, 42, 7.00 W
1788685076.854246244,0 %, 1690 MHz, 42, 7.00 W
1788685076.955145148,0 %, 1690 MHz, 42, 7.00 W
1788685077.055774805,0 %, 1690 MHz, 42, 7.03 W
1788685077.156623982,0 %, 1690 MHz, 42, 7.03 W
1788685077.257196104,0 %, 1690 MHz, 42, 7.03 W
1788685077.358048129,0 %, 1690 MHz, 42, 7.03 W
1788685077.458352268,0 %, 1690 MHz, 42, 7.03 W
1788685077.558742406,0 %, 1690 MHz, 42, 7.04 W
1788685077.659649711,0 %, 1690 MHz, 42, 7.04 W
1788685077.760602376,0 %, 1690 MHz, 42, 7.04 W
1788685077.861096898,0 %, 1690 MHz, 42, 7.04 W
1788685077.962032379,0 %, 1690 MHz, 42, 7.03 W
1788685078.062571669,0 %, 1690 MHz, 42, 7.03 W
1788685078.163480095,0 %, 1690 MHz, 42, 7.03 W
1788685078.264051178,0 %, 1690 MHz, 42, 7.03 W
1788685078.364935924,0 %, 1690 MHz, 42, 7.03 W
1788685078.465883629,0 %, 1690 MHz, 42, 7.03 W
1788685078.566371976,0 %, 1690 MHz, 42, 7.03 W
1788685078.667870688,0 %, 1690 MHz, 42, 7.03 W
1788685078.767298718,0 %, 1690 MHz, 42, 7.03 W
1788685078.867366762,0 %, 1690 MHz, 42, 7.03 W
1788685078.967591718,0 %, 1690 MHz, 42, 7.05 W
1788685079.068458128,0 %, 1690 MHz, 42, 7.05 W
1788685079.169266011,0 %, 1690 MHz, 42, 7.05 W
1788685079.269842630,0 %, 1690 MHz, 42, 7.05 W
1788685079.370711937,0 %, 1690 MHz, 42, 7.05 W
1788685079.471291452,0 %, 1690 MHz, 42, 7.03 W
1788685079.572177431,0 %, 1690 MHz, 42, 7.03 W
1788685079.672467811,0 %, 1690 MHz, 42, 7.03 W
1788685079.773221630,0 %, 1690 MHz, 42, 7.03 W
1788685079.873759290,0 %, 1690 MHz, 42, 7.03 W
1788685079.974777940,0 %, 1690 MHz, 42, 7.02 W
1788685080.075253505,0 %, 1690 MHz, 42, 7.02 W
1788685080.176191676,0 %, 1690 MHz, 42, 7.02 W
1788685080.276778936,0 %, 1690 MHz, 42, 7.02 W
1788685080.377649716,0 %, 1690 MHz, 42, 7.02 W
1788685080.478207408,0 %, 1690 MHz, 42, 7.05 W
1788685080.579088172,0 %, 1690 MHz, 42, 7.05 W
1788685080.680036007,0 %, 1690 MHz, 42, 7.05 W
1788685080.780557891,0 %, 1690 MHz, 42, 7.05 W
1788685080.881479471,0 %, 1690 MHz, 42, 7.05 W
1788685080.982028779,0 %, 1690 MHz, 42, 7.07 W
1788685081.082934743,0 %, 1690 MHz, 42, 7.07 W
1788685081.183540068,0 %, 1690 MHz, 42, 7.07 W
1788685081.284374928,0 %, 1690 MHz, 42, 7.07 W
1788685081.384771006,0 %, 1690 MHz, 42, 7.07 W
1788685081.485709050,0 %, 1690 MHz, 42, 7.06 W
1788685081.586250087,0 %, 1690 MHz, 42, 7.06 W
1788685081.687110036,0 %, 1690 MHz, 42, 7.06 W
1788685081.787704641,0 %, 1690 MHz, 42, 7.06 W
1788685081.888412749,0 %, 1690 MHz, 42, 7.06 W
1788685081.989023178,0 %, 1690 MHz, 42, 7.09 W
1788685082.089854664,0 %, 1690 MHz, 42, 7.09 W
1788685082.190857908,0 %, 1690 MHz, 42, 7.09 W
1788685082.291354754,0 %, 1690 MHz, 42, 7.09 W
1788685082.392257856,0 %, 1690 MHz, 42, 7.09 W
1788685082.492839485,0 %, 1690 MHz, 42, 7.12 W
1788685082.593749850,0 %, 1690 MHz, 42, 7.12 W
1788685082.694328328,0 %, 1690 MHz, 42, 7.12 W
1788685082.795392357,0 %, 1690 MHz, 42, 7.12 W
1788685082.895474500,0 %, 1690 MHz, 42, 7.12 W
1788685082.996418561,0 %, 1690 MHz, 42, 7.10 W
1788685083.096978320,0 %, 1690 MHz, 42, 7.10 W
1788685083.197806926,0 %, 1690 MHz, 42, 7.10 W
1788685083.298465804,0 %, 1690 MHz, 42, 7.10 W
1788685083.399301498,0 %, 1690 MHz, 42, 7.10 W
1788685083.499888297,0 %, 1690 MHz, 42, 7.07 W
1788685083.600061337,0 %, 1690 MHz, 42, 7.07 W
1788685083.700898231,0 %, 1690 MHz, 42, 7.07 W
1788685083.801854533,0 %, 1690 MHz, 42, 7.07 W
1788685083.902403875,0 %, 1690 MHz, 42, 7.07 W
1788685084.003305025,0 %, 1690 MHz, 42, 7.07 W
1788685084.103903729,0 %, 1690 MHz, 42, 7.07 W
1788685084.204805999,0 %, 1690 MHz, 42, 7.07 W
1788685084.305341359,0 %, 1690 MHz, 42, 7.07 W
1788685084.406220526,0 %, 1690 MHz, 42, 7.07 W
1788685084.507172156,0 %, 1690 MHz, 42, 7.04 W
1788685084.607672716,0 %, 1690 MHz, 42, 7.04 W
1788685084.708651674,0 %, 1690 MHz, 42, 7.04 W
1788685084.809227674,0 %, 1690 MHz, 42, 7.04 W
1788685084.910099257,0 %, 1690 MHz, 42, 7.04 W
1788685085.010663112,0 %, 1690 MHz, 42, 7.01 W
1788685085.111542872,0 %, 1690 MHz, 42, 7.01 W
1788685085.212477255,0 %, 1690 MHz, 42, 7.01 W
1788685085.313026328,0 %, 1690 MHz, 42, 7.01 W
1788685085.413902071,0 %, 1690 MHz, 42, 7.01 W
1788685085.514510919,0 %, 1690 MHz, 42, 7.02 W
1788685085.615377559,0 %, 1690 MHz, 42, 7.02 W
1788685085.715988151,0 %, 1690 MHz, 42, 7.02 W
1788685085.816874583,0 %, 1690 MHz, 42, 7.02 W
1788685085.917403079,0 %, 1690 MHz, 42, 7.02 W
1788685086.018244023,0 %, 1690 MHz, 42, 7.02 W
1788685086.119218647,0 %, 1690 MHz, 42, 7.02 W
1788685086.219760776,0 %, 1690 MHz, 42, 7.02 W
1788685086.320661849,0 %, 1690 MHz, 42, 7.02 W
1788685086.421264746,0 %, 1690 MHz, 42, 7.02 W
1788685086.521854379,0 %, 1690 MHz, 42, 7.02 W
1788685086.622387500,0 %, 1690 MHz, 42, 7.02 W
1788685086.723334764,0 %, 1690 MHz, 42, 7.02 W
1788685086.823861950,0 %, 1690 MHz, 42, 7.02 W
1788685086.924767678,0 %, 1690 MHz, 42, 7.02 W
1788685087.025343039,0 %, 1690 MHz, 42, 7.01 W
1788685087.126256032,0 %, 1690 MHz, 42, 7.01 W
1788685087.226804530,0 %, 1690 MHz, 42, 7.01 W
1788685087.327636691,0 %, 1690 MHz, 42, 7.01 W
1788685087.428618580,0 %, 1690 MHz, 42, 7.01 W
1788685087.529023159,0 %, 1690 MHz, 42, 7.07 W
1788685087.629404825,0 %, 1690 MHz, 42, 7.07 W
1788685087.730277882,0 %, 1690 MHz, 42, 7.07 W
1788685087.830289150,0 %, 1690 MHz, 42, 7.07 W
1788685087.930453841,0 %, 1690 MHz, 42, 7.07 W
1788685088.031057059,0 %, 1690 MHz, 42, 7.10 W
1788685088.131996437,0 %, 1690 MHz, 42, 7.10 W
1788685088.232473784,0 %, 1690 MHz, 42, 7.10 W
1788685088.333467609,0 %, 1690 MHz, 42, 7.10 W
1788685088.433980236,0 %, 1690 MHz, 42, 7.10 W
1788685088.534284288,0 %, 1690 MHz, 42, 7.05 W
1788685088.635122914,0 %, 1690 MHz, 42, 7.05 W
1788685088.736072868,0 %, 1690 MHz, 42, 7.05 W
1788685088.836610823,0 %, 1690 MHz, 42, 7.05 W
1788685088.937559160,0 %, 1690 MHz, 42, 7.05 W
1788685089.038119675,0 %, 1690 MHz, 42, 7.03 W
1788685089.139027310,0 %, 1690 MHz, 42, 7.03 W
1788685089.239539858,0 %, 1690 MHz, 42, 7.03 W
1788685089.340434692,0 %, 1690 MHz, 42, 7.03 W
1788685089.441369831,0 %, 1690 MHz, 42, 7.03 W
1788685089.541916395,0 %, 1690 MHz, 42, 7.04 W
1788685089.642827261,0 %, 1690 MHz, 42, 7.04 W
1788685089.743360241,0 %, 1690 MHz, 42, 7.04 W
1788685089.844143908,0 %, 1690 MHz, 42, 7.04 W
1788685089.944038826,0 %, 1690 MHz, 42, 7.04 W
1788685090.043782992,0 %, 1690 MHz, 42, 7.04 W
1788685090.143978165,0 %, 1690 MHz, 42, 7.04 W
1788685090.244511897,0 %, 1690 MHz, 42, 7.04 W
1788685090.344154960,0 %, 1690 MHz, 42, 7.04 W
1788685090.444423093,0 %, 1690 MHz, 42, 7.04 W
1788685090.544959578,0 %, 1690 MHz, 42, 7.02 W
1788685090.645789502,0 %, 1690 MHz, 42, 7.02 W
1788685090.746437666,0 %, 1690 MHz, 42, 7.02 W
1788685090.847256981,0 %, 1690 MHz, 42, 7.02 W
1788685090.947687498,0 %, 1690 MHz, 42, 7.02 W
1788685091.048609230,0 %, 1690 MHz, 42, 7.04 W
1788685091.149153987,0 %, 1690 MHz, 42, 7.04 W
1788685091.250008904,0 %, 1690 MHz, 42, 7.04 W
1788685091.351013164,0 %, 1690 MHz, 42, 7.04 W
1788685091.451466465,0 %, 1690 MHz, 42, 7.04 W
1788685091.552439349,0 %, 1690 MHz, 42, 7.04 W
1788685091.652986074,0 %, 1690 MHz, 42, 7.04 W
1788685091.753860143,0 %, 1690 MHz, 42, 7.04 W
1788685091.854491556,0 %, 1690 MHz, 42, 7.04 W
1788685091.955294232,0 %, 1690 MHz, 42, 7.04 W
1788685092.056279885,0 %, 1690 MHz, 42, 7.02 W
1788685092.156768403,0 %, 1690 MHz, 42, 7.02 W
1788685092.257682344,0 %, 1690 MHz, 42, 7.02 W
1788685092.358311038,0 %, 1690 MHz, 42, 7.02 W
1788685092.459151667,0 %, 1690 MHz, 42, 7.02 W
1788685092.559733801,0 %, 1690 MHz, 42, 6.99 W
1788685092.660628078,0 %, 1690 MHz, 42, 6.99 W
1788685092.761571027,0 %, 1690 MHz, 42, 6.99 W
1788685092.862104313,0 %, 1690 MHz, 42, 6.99 W
1788685092.963073918,0 %, 1690 MHz, 42, 6.99 W
1788685093.063575029,0 %, 1690 MHz, 42, 7.00 W
1788685093.164488843,0 %, 1690 MHz, 42, 7.00 W
1788685093.265078818,0 %, 1690 MHz, 42, 7.00 W
1788685093.365946983,0 %, 1690 MHz, 42, 7.00 W
1788685093.466519998,0 %, 1690 MHz, 42, 7.02 W
1788685093.567298004,0 %, 1690 MHz, 42, 7.02 W
1788685093.667727148,0 %, 1690 MHz, 42, 7.02 W
1788685093.768072803,0 %, 1690 MHz, 42, 7.02 W
1788685093.868874313,0 %, 1690 MHz, 42, 7.02 W
1788685093.969862079,0 %, 1690 MHz, 42, 6.99 W
1788685094.070419398,0 %, 1690 MHz, 42, 6.99 W
1788685094.171303117,0 %, 1690 MHz, 42, 6.99 W
1788685094.271897652,0 %, 1690 MHz, 42, 6.99 W
1788685094.372775147,0 %, 1690 MHz, 42, 6.99 W
1788685094.473356931,0 %, 1690 MHz, 42, 7.00 W
1788685094.574226665,0 %, 1690 MHz, 42, 7.00 W
1788685094.675313680,0 %, 1690 MHz, 42, 7.00 W
1788685094.775748919,0 %, 1690 MHz, 42, 7.00 W
1788685094.876604094,0 %, 1690 MHz, 42, 7.00 W
1788685094.976949174,0 %, 1690 MHz, 42, 7.05 W
1788685095.077984525,0 %, 1690 MHz, 42, 7.05 W
1788685095.178556790,0 %, 1690 MHz, 42, 7.05 W
1788685095.279428301,0 %, 1690 MHz, 42, 7.05 W
1788685095.380025078,0 %, 1690 MHz, 42, 7.05 W
1788685095.480902797,0 %, 1690 MHz, 42, 7.07 W
1788685095.581429718,0 %, 1690 MHz, 42, 7.07 W
1788685095.682309757,0 %, 1690 MHz, 42, 7.07 W
1788685095.783409812,0 %, 1690 MHz, 42, 7.07 W
1788685095.883780349,0 %, 1690 MHz, 42, 7.07 W
1788685095.984717220,0 %, 1690 MHz, 41, 7.06 W
1788685096.085274653,0 %, 1690 MHz, 41, 7.06 W
1788685096.186154230,0 %, 1690 MHz, 41, 7.06 W
1788685096.286710223,0 %, 1690 MHz, 41, 7.06 W
1788685096.387595223,0 %, 1690 MHz, 41, 7.06 W
1788685096.488160944,0 %, 1690 MHz, 41, 7.03 W
1788685096.589010457,0 %, 1690 MHz, 41, 7.03 W
1788685096.689980321,0 %, 1690 MHz, 41, 7.03 W
1788685096.790515946,0 %, 1690 MHz, 41, 7.03 W
1788685096.891416050,0 %, 1690 MHz, 41, 7.03 W
1788685096.992019435,0 %, 1690 MHz, 41, 7.05 W
1788685097.092832901,0 %, 1690 MHz, 41, 7.05 W
1788685097.193359375,0 %, 1690 MHz, 41, 7.05 W
1788685097.294193672,0 %, 1690 MHz, 41, 7.05 W
1788685097.394829378,0 %, 1690 MHz, 41, 7.05 W
1788685097.495669979,0 %, 1690 MHz, 41, 7.09 W
1788685097.596538708,0 %, 1690 MHz, 41, 7.09 W
1788685097.696133249,0 %, 1690 MHz, 41, 7.09 W
1788685097.796995098,0 %, 1690 MHz, 41, 7.09 W
1788685097.897687012,0 %, 1690 MHz, 41, 7.09 W
1788685097.997653471,0 %, 1690 MHz, 41, 7.07 W
1788685098.098859032,0 %, 1690 MHz, 41, 7.07 W
1788685098.198987428,0 %, 1690 MHz, 41, 7.07 W
1788685098.299370959,0 %, 1690 MHz, 41, 7.07 W
1788685098.400457017,0 %, 1690 MHz, 41, 7.07 W
1788685098.500505941,0 %, 1690 MHz, 41, 7.06 W
1788685098.600938528,0 %, 1690 MHz, 41, 7.06 W
1788685098.701672730,0 %, 1690 MHz, 41, 7.06 W
1788685098.802022773,0 %, 1690 MHz, 41, 7.06 W
1788685098.902431056,0 %, 1690 MHz, 41, 7.06 W
1788685099.002860460,0 %, 1690 MHz, 41, 7.09 W
1788685099.103577319,0 %, 1690 MHz, 41, 7.09 W
1788685099.203921363,0 %, 1690 MHz, 41, 7.09 W
1788685099.304741390,0 %, 1690 MHz, 41, 7.09 W
1788685099.405580936,0 %, 1690 MHz, 41, 7.09 W
1788685099.505716325,0 %, 1690 MHz, 41, 7.10 W
1788685099.606747199,0 %, 1690 MHz, 41, 7.10 W
1788685099.706837724,0 %, 1690 MHz, 41, 7.10 W
1788685099.807047976,0 %, 1690 MHz, 41, 7.10 W
1788685099.907485780,0 %, 1690 MHz, 41, 7.10 W
1788685100.007505265,0 %, 1690 MHz, 41, 7.11 W
1788685100.107899038,0 %, 1690 MHz, 41, 7.11 W
1788685100.207928268,0 %, 1690 MHz, 41, 7.11 W
1788685100.308085353,0 %, 1690 MHz, 41, 7.11 W
1788685100.408454630,0 %, 1690 MHz, 41, 7.11 W
1788685100.508581091,0 %, 1690 MHz, 41, 7.12 W
1788685100.609361743,0 %, 1690 MHz, 41, 7.12 W
1788685100.709617212,0 %, 1690 MHz, 41, 7.12 W
1788685100.811090758,0 %, 1690 MHz, 41, 7.12 W
1788685100.911263891,0 %, 1690 MHz, 41, 7.12 W
1788685101.012175951,0 %, 1690 MHz, 41, 7.12 W
1788685101.112806972,0 %, 1690 MHz, 41, 7.12 W
1788685101.213619464,0 %, 1690 MHz, 41, 7.12 W
1788685101.314582036,0 %, 1690 MHz, 41, 7.12 W
1788685101.415107522,0 %, 1690 MHz, 41, 7.12 W
1788685101.516013102,0 %, 1690 MHz, 41, 7.11 W
1788685101.616595483,0 %, 1690 MHz, 41, 7.11 W
1788685101.717445447,0 %, 1690 MHz, 41, 7.11 W
1788685101.818091556,0 %, 1690 MHz, 41, 7.11 W
1788685101.918931088,0 %, 1690 MHz, 41, 7.11 W
1788685102.019887565,0 %, 1690 MHz, 41, 7.09 W
1788685102.120396539,0 %, 1690 MHz, 41, 7.09 W
1788685102.221332295,0 %, 1690 MHz, 41, 7.09 W
1788685102.321866373,0 %, 1690 MHz, 41, 7.09 W
1788685102.422785538,0 %, 1690 MHz, 41, 7.09 W
1788685102.523405744,0 %, 1690 MHz, 41, 7.09 W
1788685102.624273661,0 %, 1690 MHz, 41, 7.09 W
1788685102.725366634,0 %, 1690 MHz, 41, 7.09 W
1788685102.825791304,0 %, 1690 MHz, 41, 7.09 W
1788685102.926675525,0 %, 1690 MHz, 41, 7.09 W
1788685103.027260723,0 %, 1690 MHz, 41, 7.07 W
1788685103.128138785,0 %, 1690 MHz, 41, 7.07 W
1788685103.228679903,0 %, 1690 MHz, 41, 7.07 W
1788685103.329585501,0 %, 1690 MHz, 41, 7.07 W
1788685103.430529275,0 %, 1690 MHz, 41, 7.07 W
1788685103.531021722,0 %, 1690 MHz, 41, 7.07 W
1788685103.631970871,0 %, 1690 MHz, 41, 7.07 W
1788685103.732495718,0 %, 1690 MHz, 41, 7.07 W
1788685103.833423220,0 %, 1690 MHz, 41, 7.07 W
1788685103.934013442,0 %, 1690 MHz, 41, 7.07 W
1788685104.034876129,0 %, 1690 MHz, 41, 7.09 W
1788685104.135852383,0 %, 1690 MHz, 41, 7.09 W
1788685104.236336847,0 %, 1690 MHz, 41, 7.09 W
1788685104.337280365,0 %, 1690 MHz, 41, 7.09 W
1788685104.437845996,0 %, 1690 MHz, 41, 7.09 W
1788685104.538731211,0 %, 1690 MHz, 41, 7.10 W
1788685104.639314650,0 %, 1690 MHz, 41, 7.10 W
1788685104.740388393,0 %, 1690 MHz, 41, 7.10 W
1788685104.840773496,0 %, 1690 MHz, 41, 7.10 W
1788685104.941614615,0 %, 1690 MHz, 41, 7.10 W
1788685105.042542806,0 %, 1690 MHz, 41, 7.10 W
1788685105.143082022,0 %, 1690 MHz, 41, 7.10 W
1788685105.243987669,0 %, 1690 MHz, 41, 7.10 W
1788685105.344560214,0 %, 1690 MHz, 41, 7.10 W
1788685105.445460021,0 %, 1690 MHz, 41, 7.10 W
1788685105.546030885,0 %, 1690 MHz, 41, 7.07 W
1788685105.646897957,0 %, 1690 MHz, 41, 7.07 W
1788685105.747314293,0 %, 1690 MHz, 41, 7.07 W
1788685105.848242100,0 %, 1690 MHz, 41, 7.07 W
1788685105.948512917,0 %, 1690 MHz, 41, 7.07 W
1788685106.049001558,0 %, 1690 MHz, 41, 7.03 W
1788685106.149799575,0 %, 1690 MHz, 41, 7.03 W
1788685106.250808038,0 %, 1690 MHz, 41, 7.03 W
1788685106.351279128,0 %, 1690 MHz, 41, 7.03 W
1788685106.452230888,0 %, 1690 MHz, 41, 7.03 W
1788685106.552825065,0 %, 1690 MHz, 41, 7.01 W
1788685106.653662937,0 %, 1690 MHz, 41, 7.01 W
1788685106.754285066,0 %, 1690 MHz, 41, 7.01 W
1788685106.855167738,0 %, 1690 MHz, 41, 7.01 W
1788685106.955713675,0 %, 1690 MHz, 41, 7.01 W
1788685107.056545436,0 %, 1690 MHz, 41, 7.03 W
1788685107.157533596,0 %, 1690 MHz, 41, 7.03 W
1788685107.258002894,0 %, 1690 MHz, 41, 7.03 W
1788685107.358951839,0 %, 1690 MHz, 41, 7.03 W
1788685107.459561361,0 %, 1690 MHz, 41, 7.03 W
1788685107.560407154,0 %, 1690 MHz, 41, 7.06 W
1788685107.661028083,0 %, 1690 MHz, 41, 7.06 W
1788685107.761887924,0 %, 1690 MHz, 41, 7.06 W
1788685107.862804117,0 %, 1690 MHz, 41, 7.06 W
1788685107.963190087,0 %, 1690 MHz, 41, 7.06 W
1788685108.063755450,0 %, 1690 MHz, 41, 7.04 W
1788685108.164607611,0 %, 1690 MHz, 41, 7.04 W
1788685108.265545405,0 %, 1690 MHz, 41, 7.04 W
1788685108.366065984,0 %, 1690 MHz, 41, 7.04 W
1788685108.466986129,0 %, 1690 MHz, 41, 7.04 W
1788685108.567420916,0 %, 1690 MHz, 41, 7.04 W
1788685108.668341270,0 %, 1690 MHz, 41, 7.04 W
1788685108.768962952,0 %, 1690 MHz, 41, 7.04 W
1788685108.869803306,0 %, 1690 MHz, 41, 7.04 W
1788685108.970428012,0 %, 1690 MHz, 41, 7.02 W
1788685109.071570574,0 %, 1690 MHz, 41, 7.02 W
1788685109.171215299,0 %, 1690 MHz, 41, 7.02 W
1788685109.270984553,0 %, 1690 MHz, 41, 7.02 W
1788685109.371484700,0 %, 1690 MHz, 41, 7.02 W
1788685109.473016141,0 %, 1690 MHz, 41, 7.03 W
1788685109.573248913,0 %, 1690 MHz, 41, 7.03 W
1788685109.674348115,0 %, 1690 MHz, 41, 7.03 W
1788685109.774736855,0 %, 1690 MHz, 41, 7.03 W
1788685109.875638601,0 %, 1690 MHz, 41, 7.03 W
1788685109.976216188,0 %, 1690 MHz, 41, 7.04 W
1788685110.077109871,0 %, 1690 MHz, 41, 7.04 W
1788685110.177680979,0 %, 1690 MHz, 41, 7.04 W
1788685110.278567239,0 %, 1690 MHz, 41, 7.04 W
1788685110.379510410,0 %, 1690 MHz, 41, 7.04 W
1788685110.480016830,0 %, 1690 MHz, 41, 6.99 W
1788685110.580933633,0 %, 1690 MHz, 41, 6.99 W
1788685110.680447384,0 %, 1690 MHz, 41, 6.99 W
1788685110.780635213,0 %, 1690 MHz, 41, 6.99 W
1788685110.881213761,0 %, 1690 MHz, 41, 6.99 W
1788685110.980887191,0 %, 1690 MHz, 41, 6.94 W
1788685111.081336108,0 %, 1690 MHz, 41, 6.94 W
1788685111.181614690,0 %, 1690 MHz, 41, 6.94 W
1788685111.283065460,0 %, 1690 MHz, 41, 6.94 W
1788685111.383407658,0 %, 1690 MHz, 41, 6.94 W
1788685111.483946927,0 %, 1690 MHz, 41, 6.97 W
1788685111.584868787,0 %, 1690 MHz, 41, 6.97 W
1788685111.685447143,0 %, 1690 MHz, 41, 6.97 W
1788685111.786297004,0 %, 1690 MHz, 41, 6.97 W
1788685111.886889072,0 %, 1690 MHz, 41, 6.97 W
1788685111.987788212,0 %, 1690 MHz, 41, 6.99 W
1788685112.088745609,0 %, 1690 MHz, 41, 6.99 W
1788685112.189272446,0 %, 1690 MHz, 41, 6.99 W
1788685112.290170963,0 %, 1690 MHz, 41, 6.99 W
1788685112.390736137,0 %, 1690 MHz, 41, 6.99 W
1788685112.491631006,0 %, 1690 MHz, 41, 6.97 W
1788685112.591888692,0 %, 1690 MHz, 41, 6.97 W
1788685112.692858585,0 %, 1690 MHz, 41, 6.97 W
1788685112.793376526,0 %, 1690 MHz, 41, 6.97 W
1788685112.894308467,0 %, 1690 MHz, 41, 6.97 W
1788685112.994923032,0 %, 1690 MHz, 41, 6.96 W
1788685113.095802558,0 %, 1690 MHz, 41, 6.96 W
1788685113.196391732,0 %, 1690 MHz, 41, 6.96 W
1788685113.297253482,0 %, 1690 MHz, 41, 6.96 W
1788685113.398199615,0 %, 1690 MHz, 41, 6.96 W
1788685113.498752742,0 %, 1690 MHz, 41, 6.99 W
1788685113.599712523,0 %, 1690 MHz, 41, 6.99 W
1788685113.700274817,0 %, 1690 MHz, 41, 6.99 W
1788685113.801195655,0 %, 1690 MHz, 41, 6.99 W
1788685113.902138876,0 %, 1690 MHz, 41, 6.99 W
1788685114.002677283,0 %, 1690 MHz, 41, 7.02 W
1788685114.103573417,0 %, 1690 MHz, 41, 7.02 W
1788685114.204203376,0 %, 1690 MHz, 41, 7.02 W
1788685114.304836983,0 %, 1690 MHz, 41, 7.02 W
1788685114.405369790,0 %, 1690 MHz, 41, 7.02 W
1788685114.506306020,0 %, 1690 MHz, 41, 7.03 W
1788685114.606894203,0 %, 1690 MHz, 41, 7.03 W
1788685114.707810561,0 %, 1690 MHz, 41, 7.03 W
1788685114.808377401,0 %, 1690 MHz, 41, 7.03 W
1788685114.909247279,0 %, 1690 MHz, 41, 7.03 W
1788685115.010206821,0 %, 1690 MHz, 41, 7.02 W
1788685115.110754029,0 %, 1690 MHz, 41, 7.02 W
1788685115.211659828,0 %, 1690 MHz, 41, 7.02 W
1788685115.312296716,0 %, 1690 MHz, 41, 7.02 W
1788685115.413154323,0 %, 1690 MHz, 41, 7.02 W
1788685115.514126362,0 %, 1690 MHz, 41, 7.02 W
1788685115.614634370,0 %, 1690 MHz, 41, 7.02 W
1788685115.715576793,0 %, 1690 MHz, 41, 7.02 W
1788685115.816203009,0 %, 1690 MHz, 41, 7.02 W
1788685115.917041032,0 %, 1690 MHz, 41, 7.02 W
1788685116.017653680,0 %, 1690 MHz, 41, 7.04 W
1788685116.118505064,0 %, 1690 MHz, 41, 7.04 W
1788685116.219451855,0 %, 1690 MHz, 41, 7.04 W
1788685116.320017304,0 %, 1690 MHz, 41, 7.04 W
1788685116.420951696,0 %, 1690 MHz, 41, 7.04 W
1788685116.521491000,0 %, 1690 MHz, 41, 7.05 W
1788685116.622418592,0 %, 1690 MHz, 41, 7.05 W
1788685116.723366376,0 %, 1690 MHz, 41, 7.05 W
1788685116.823894017,0 %, 1690 MHz, 41, 7.05 W
1788685116.924846264,0 %, 1690 MHz, 41, 7.05 W
1788685117.025426977,0 %, 1690 MHz, 41, 7.01 W
1788685117.126289770,0 %, 1690 MHz, 41, 7.01 W
1788685117.226908835,0 %, 1690 MHz, 41, 7.01 W
1788685117.327779724,0 %, 1690 MHz, 41, 7.01 W
1788685117.428729972,0 %, 1690 MHz, 41, 7.01 W
1788685117.529305053,0 %, 1690 MHz, 41, 6.97 W
1788685117.630221926,0 %, 1690 MHz, 41, 6.97 W
1788685117.730759551,0 %, 1690 MHz, 41, 6.97 W
1788685117.831656072,0 %, 1690 MHz, 41, 6.97 W
1788685117.932640960,0 %, 1690 MHz, 41, 6.97 W
1788685118.033264682,0 %, 1690 MHz, 41, 6.98 W
1788685118.134104099,0 %, 1690 MHz, 41, 6.98 W
1788685118.234233566,0 %, 1690 MHz, 41, 6.98 W
1788685118.334820745,0 %, 1690 MHz, 41, 6.98 W
1788685118.435747794,0 %, 1690 MHz, 41, 6.98 W
1788685118.536374444,0 %, 1690 MHz, 41, 6.99 W
1788685118.636513671,0 %, 1690 MHz, 41, 6.99 W
1788685118.736741106,0 %, 1690 MHz, 41, 6.99 W
1788685118.837539116,0 %, 1690 MHz, 41, 6.99 W
1788685118.938150470,0 %, 1690 MHz, 41, 6.99 W
1788685119.038992639,0 %, 1690 MHz, 41, 6.98 W
1788685119.139967833,0 %, 1690 MHz, 41, 6.98 W
1788685119.240524916,0 %, 1690 MHz, 41, 6.98 W
1788685119.341447934,0 %, 1690 MHz, 41, 6.98 W
1788685119.442038377,0 %, 1690 MHz, 41, 6.98 W
1788685119.542956899,0 %, 1690 MHz, 41, 6.97 W
1788685119.643359662,0 %, 1690 MHz, 41, 6.97 W
1788685119.744397800,0 %, 1690 MHz, 41, 6.97 W
1788685119.845238866,0 %, 1690 MHz, 41, 6.97 W
1788685119.945757357,0 %, 1690 MHz, 41, 6.97 W
1788685120.046729256,0 %, 1690 MHz, 41, 6.98 W
1788685120.147289955,0 %, 1690 MHz, 41, 6.98 W
1788685120.248183422,0 %, 1690 MHz, 41, 6.98 W
1788685120.348763018,0 %, 1690 MHz, 41, 6.98 W
1788685120.449528325,0 %, 1690 MHz, 41, 6.98 W
1788685120.550088305,0 %, 1690 MHz, 41, 6.97 W
1788685120.650989244,0 %, 1690 MHz, 41, 6.97 W
1788685120.751957478,0 %, 1690 MHz, 41, 6.97 W
1788685120.852482066,0 %, 1690 MHz, 41, 6.97 W
1788685120.952949374,0 %, 1690 MHz, 41, 6.97 W
1788685121.053804345,0 %, 1690 MHz, 41, 6.96 W
1788685121.154722085,0 %, 1690 MHz, 41, 6.96 W
1788685121.255222577,0 %, 1690 MHz, 41, 6.96 W
1788685121.356160941,0 %, 1690 MHz, 41, 6.96 W
1788685121.456734137,0 %, 1690 MHz, 41, 6.96 W
1788685121.557638117,0 %, 1690 MHz, 41, 6.99 W
1788685121.658223201,0 %, 1690 MHz, 41, 6.99 W
1788685121.759074925,0 %, 1690 MHz, 41, 6.99 W
1788685121.860058328,0 %, 1690 MHz, 41, 6.99 W
1788685121.960609765,0 %, 1690 MHz, 41, 6.99 W
1788685122.061519985,0 %, 1690 MHz, 41, 7.02 W
1788685122.162121902,0 %, 1690 MHz, 41, 7.02 W
1788685122.263007818,0 %, 1690 MHz, 41, 7.02 W
1788685122.363975623,0 %, 1690 MHz, 41, 7.02 W
1788685122.464489796,0 %, 1690 MHz, 41, 7.02 W
1788685122.565443552,0 %, 1690 MHz, 41, 7.00 W
1788685122.666023501,0 %, 1690 MHz, 41, 7.00 W
1788685122.766898682,0 %, 1690 MHz, 41, 7.00 W
1788685122.867477847,0 %, 1690 MHz, 41, 7.00 W
1788685122.968325443,0 %, 1690 MHz, 41, 6.99 W
1788685123.069292720,0 %, 1690 MHz, 41, 6.99 W
1788685123.169848318,0 %, 1690 MHz, 41, 6.99 W
1788685123.270778763,0 %, 1690 MHz, 41, 6.99 W
1788685123.371373657,0 %, 1690 MHz, 41, 6.99 W
1788685123.472241798,0 %, 1690 MHz, 41, 7.03 W
1788685123.573225187,0 %, 1690 MHz, 41, 7.03 W
1788685123.673744337,0 %, 1690 MHz, 41, 7.03 W
1788685123.774687934,0 %, 1690 MHz, 41, 7.03 W
1788685123.875295292,0 %, 1690 MHz, 41, 7.03 W
1788685123.976143929,0 %, 1690 MHz, 41, 7.05 W
1788685124.076759063,0 %, 1690 MHz, 41, 7.05 W
1788685124.177520133,0 %, 1690 MHz, 41, 7.05 W
1788685124.278123828,0 %, 1690 MHz, 41, 7.05 W
1788685124.378463267,0 %, 1690 MHz, 41, 7.05 W
1788685124.479245361,0 %, 1690 MHz, 41, 7.06 W
1788685124.579637488,0 %, 1690 MHz, 41, 7.06 W
1788685124.679731344,0 %, 1690 MHz, 41, 7.06 W
1788685124.780802766,0 %, 1690 MHz, 41, 7.06 W
1788685124.881487516,0 %, 1690 MHz, 41, 7.06 W
1788685124.981235661,0 %, 1690 MHz, 41, 7.04 W
1788685125.082295531,0 %, 1690 MHz, 41, 7.04 W
1788685125.182360827,0 %, 1690 MHz, 41, 7.04 W
1788685125.282721803,0 %, 1690 MHz, 41, 7.04 W
1788685125.383109035,0 %, 1690 MHz, 41, 7.04 W
1788685125.483855770,0 %, 1690 MHz, 41, 7.05 W
1788685125.584174426,0 %, 1690 MHz, 41, 7.05 W
1788685125.684636282,0 %, 1690 MHz, 41, 7.05 W
1788685125.785321865,0 %, 1690 MHz, 41, 7.05 W
1788685125.885680457,0 %, 1690 MHz, 41, 7.05 W
1788685125.986106664,0 %, 1690 MHz, 41, 7.08 W
1788685126.086868328,0 %, 1690 MHz, 41, 7.08 W
1788685126.187191497,0 %, 1690 MHz, 41, 7.08 W
1788685126.287602249,0 %, 1690 MHz, 41, 7.08 W
1788685126.387982794,0 %, 1690 MHz, 41, 7.08 W
1788685126.488683114,0 %, 1690 MHz, 41, 7.08 W
1788685126.589025850,0 %, 1690 MHz, 41, 7.08 W
1788685126.689393355,0 %, 1690 MHz, 41, 7.08 W
1788685126.789684140,0 %, 1690 MHz, 41, 7.08 W
1788685126.890414939,0 %, 1690 MHz, 41, 7.08 W
1788685126.990785260,0 %, 1690 MHz, 41, 7.06 W
1788685127.091222125,0 %, 1690 MHz, 41, 7.06 W
1788685127.191980414,0 %, 1690 MHz, 41, 7.06 W
1788685127.292312479,0 %, 1690 MHz, 41, 7.06 W
1788685127.392739264,0 %, 1690 MHz, 41, 7.06 W
1788685127.493515153,0 %, 1690 MHz, 41, 7.03 W
1788685127.593885682,0 %, 1690 MHz, 41, 7.03 W
1788685127.694262628,0 %, 1690 MHz, 41, 7.03 W
1788685127.794603205,0 %, 1690 MHz, 41, 7.03 W
1788685127.895321222,0 %, 1690 MHz, 41, 7.03 W
1788685127.995656983,0 %, 1690 MHz, 41, 7.00 W
1788685128.096106361,0 %, 1690 MHz, 41, 7.00 W
1788685128.196865162,0 %, 1690 MHz, 41, 7.00 W
1788685128.297184428,0 %, 1690 MHz, 41, 7.00 W
1788685128.397434575,0 %, 1690 MHz, 41, 7.00 W
1788685128.497874481,0 %, 1690 MHz, 41, 7.01 W
1788685128.598585138,0 %, 1690 MHz, 41, 7.01 W
1788685128.698948708,0 %, 1690 MHz, 41, 7.01 W
1788685128.799321446,0 %, 1690 MHz, 41, 7.01 W
1788685128.900118599,0 %, 1690 MHz, 41, 7.01 W
1788685129.000461833,0 %, 1690 MHz, 41, 7.04 W
1788685129.100865724,0 %, 1690 MHz, 41, 7.04 W
1788685129.201199359,0 %, 1690 MHz, 41, 7.04 W
1788685129.302534880,0 %, 1690 MHz, 41, 7.04 W
1788685129.402297428,0 %, 1690 MHz, 41, 7.04 W
1788685129.502763671,0 %, 1690 MHz, 41, 7.04 W
1788685129.603459017,0 %, 1690 MHz, 41, 7.04 W
1788685129.703846923,0 %, 1690 MHz, 41, 7.04 W
1788685129.804263582,0 %, 1690 MHz, 41, 7.04 W
1788685129.905019504,0 %, 1690 MHz, 41, 7.04 W
1788685130.005339331,0 %, 1690 MHz, 41, 7.05 W
1788685130.105785798,0 %, 1690 MHz, 41, 7.05 W
1788685130.206086570,0 %, 1690 MHz, 41, 7.05 W
1788685130.306834013,0 %, 1690 MHz, 41, 7.05 W
1788685130.407187952,0 %, 1690 MHz, 41, 7.05 W
1788685130.507566580,0 %, 1690 MHz, 41, 7.07 W
1788685130.608313143,0 %, 1690 MHz, 41, 7.07 W
1788685130.708676778,0 %, 1690 MHz, 41, 7.07 W
1788685130.809097454,0 %, 1690 MHz, 41, 7.07 W
1788685130.909872736,0 %, 1690 MHz, 41, 7.07 W
1788685131.010249844,0 %, 1690 MHz, 41, 7.06 W
1788685131.110623816,0 %, 1690 MHz, 41, 7.06 W
1788685131.210767901,0 %, 1690 MHz, 41, 7.06 W
1788685131.311070546,0 %, 1690 MHz, 41, 7.06 W
1788685131.411087383,0 %, 1690 MHz, 41, 7.06 W
1788685131.510717101,0 %, 1690 MHz, 41, 7.03 W
1788685131.611141729,0 %, 1690 MHz, 41, 7.03 W
1788685131.711136198,0 %, 1690 MHz, 41, 7.03 W
1788685131.811475467,0 %, 1690 MHz, 41, 7.03 W
1788685131.911918719,0 %, 1690 MHz, 41, 7.03 W
1788685132.012317571,0 %, 1690 MHz, 41, 7.02 W
1788685132.112685720,0 %, 1690 MHz, 41, 7.02 W
1788685132.213399852,0 %, 1690 MHz, 41, 7.02 W
1788685132.313780785,0 %, 1690 MHz, 41, 7.02 W
1788685132.414178598,0 %, 1690 MHz, 41, 7.02 W
1788685132.514938363,0 %, 1690 MHz, 41, 7.03 W
1788685132.615293824,0 %, 1690 MHz, 41, 7.03 W
1788685132.715712085,0 %, 1690 MHz, 41, 7.03 W
1788685132.816515337,0 %, 1690 MHz, 41, 7.03 W
1788685132.916840462,0 %, 1690 MHz, 41, 7.03 W
1788685133.017235187,0 %, 1690 MHz, 41, 7.05 W
1788685133.118007192,0 %, 1690 MHz, 41, 7.05 W
1788685133.218370174,0 %, 1690 MHz, 41, 7.05 W
1788685133.318792051,0 %, 1690 MHz, 41, 7.05 W
1788685133.419123593,0 %, 1690 MHz, 41, 7.05 W
1788685133.519839726,0 %, 1690 MHz, 41, 7.06 W
1788685133.620211828,0 %, 1690 MHz, 41, 7.06 W
1788685133.720591498,0 %, 1690 MHz, 41, 7.06 W
1788685133.821327055,0 %, 1690 MHz, 41, 7.06 W
1788685133.922033988,0 %, 1690 MHz, 41, 7.06 W
1788685134.022120746,0 %, 1690 MHz, 41, 7.06 W
1788685134.122874752,0 %, 1690 MHz, 41, 7.06 W
1788685134.223207142,0 %, 1690 MHz, 41, 7.06 W
1788685134.323615597,0 %, 1690 MHz, 41, 7.06 W
1788685134.423987571,0 %, 1690 MHz, 41, 7.06 W
1788685134.524725913,0 %, 1690 MHz, 41, 7.04 W
1788685134.625604110,0 %, 1690 MHz, 41, 7.04 W
1788685134.725811621,0 %, 1690 MHz, 41, 7.04 W
1788685134.826497451,0 %, 1690 MHz, 41, 7.04 W
1788685134.926589922,0 %, 1690 MHz, 41, 7.04 W
1788685135.026968585,0 %, 1690 MHz, 41, 7.03 W
1788685135.127747167,0 %, 1690 MHz, 41, 7.03 W
1788685135.228074790,0 %, 1690 MHz, 41, 7.03 W
1788685135.328483422,0 %, 1690 MHz, 41, 7.03 W
1788685135.428888581,0 %, 1690 MHz, 41, 7.03 W
1788685135.529887403,0 %, 1690 MHz, 41, 7.01 W
1788685135.629914035,0 %, 1690 MHz, 41, 7.01 W
1788685135.730341466,0 %, 1690 MHz, 41, 7.01 W
1788685135.831527055,0 %, 1690 MHz, 41, 7.01 W
1788685135.931471095,0 %, 1690 MHz, 41, 7.01 W
1788685136.031900447,0 %, 1690 MHz, 41, 7.00 W
1788685136.132640582,0 %, 1690 MHz, 41, 7.00 W
1788685136.232969694,0 %, 1690 MHz, 41, 7.00 W
1788685136.333354918,0 %, 1690 MHz, 41, 7.00 W
1788685136.433733886,0 %, 1690 MHz, 41, 7.00 W
1788685136.534453829,0 %, 1690 MHz, 41, 7.04 W
1788685136.634823741,0 %, 1690 MHz, 41, 7.04 W
1788685136.735227013,0 %, 1690 MHz, 41, 7.04 W
1788685136.835994652,0 %, 1690 MHz, 41, 7.04 W
1788685136.936318660,0 %, 1690 MHz, 41, 7.04 W
1788685137.036802204,0 %, 1690 MHz, 41, 7.08 W
1788685137.137518436,0 %, 1690 MHz, 41, 7.08 W
1788685137.237585837,0 %, 1690 MHz, 41, 7.08 W
1788685137.338137861,0 %, 1690 MHz, 41, 7.08 W
1788685137.438578558,0 %, 1690 MHz, 41, 7.08 W
1788685137.539262646,0 %, 1690 MHz, 41, 7.09 W
1788685137.639646239,0 %, 1690 MHz, 41, 7.09 W
1788685137.739640008,0 %, 1690 MHz, 41, 7.09 W
1788685137.840416304,0 %, 1690 MHz, 41, 7.09 W
1788685137.941247144,0 %, 1690 MHz, 41, 7.09 W
1788685138.042191583,0 %, 1690 MHz, 41, 7.09 W
1788685138.142747400,0 %, 1690 MHz, 41, 7.09 W
1788685138.243674240,0 %, 1690 MHz, 41, 7.09 W
1788685138.344265737,0 %, 1690 MHz, 41, 7.09 W
1788685138.445139058,0 %, 1690 MHz, 41, 7.09 W
1788685138.545705899,0 %, 1690 MHz, 41, 7.07 W
1788685138.646573651,0 %, 1690 MHz, 41, 7.07 W
1788685138.747494107,0 %, 1690 MHz, 41, 7.07 W
1788685138.847876565,0 %, 1690 MHz, 41, 7.07 W
1788685138.948920300,0 %, 1690 MHz, 41, 7.07 W
1788685139.049487702,0 %, 1690 MHz, 41, 7.06 W
1788685139.150413407,0 %, 1690 MHz, 41, 7.06 W
1788685139.250978664,0 %, 1690 MHz, 41, 7.06 W
1788685139.351876529,0 %, 1690 MHz, 41, 7.06 W
1788685139.451946764,0 %, 1690 MHz, 41, 7.06 W
1788685139.551679624,0 %, 1690 MHz, 41, 7.06 W
1788685139.652171442,0 %, 1690 MHz, 41, 7.06 W
1788685139.752122717,0 %, 1690 MHz, 41, 7.06 W
1788685139.853247493,0 %, 1690 MHz, 41, 7.06 W
1788685139.953933471,0 %, 1690 MHz, 41, 7.06 W
1788685140.054522601,0 %, 1690 MHz, 41, 7.08 W
1788685140.155335715,0 %, 1690 MHz, 41, 7.08 W
1788685140.256295292,0 %, 1690 MHz, 41, 7.08 W
1788685140.356913430,0 %, 1690 MHz, 41, 7.08 W
1788685140.457900752,0 %, 1690 MHz, 41, 7.08 W
1788685140.558459962,0 %, 1690 MHz, 41, 7.08 W
1788685140.659337076,0 %, 1690 MHz, 41, 7.08 W
1788685140.760275662,0 %, 1690 MHz, 41, 7.08 W
1788685140.860802936,0 %, 1690 MHz, 41, 7.08 W
1788685140.961786450,0 %, 1690 MHz, 41, 7.08 W
1788685141.062158605,0 %, 1690 MHz, 41, 7.05 W
1788685141.163105879,0 %, 1690 MHz, 41, 7.05 W
1788685141.263671218,0 %, 1690 MHz, 41, 7.05 W
1788685141.364575245,0 %, 1690 MHz, 41, 7.05 W
1788685141.465186648,0 %, 1690 MHz, 41, 7.05 W
1788685141.566073474,0 %, 1690 MHz, 41, 7.05 W
1788685141.667004109,0 %, 1690 MHz, 41, 7.05 W
1788685141.767559464,0 %, 1690 MHz, 41, 7.05 W
1788685141.868531234,0 %, 1690 MHz, 41, 7.05 W
1788685141.969070189,0 %, 1690 MHz, 41, 7.05 W
1788685142.069978168,0 %, 1690 MHz, 41, 7.05 W
1788685142.170964595,0 %, 1690 MHz, 41, 7.05 W
1788685142.271462783,0 %, 1690 MHz, 41, 7.05 W
1788685142.372413770,0 %, 1690 MHz, 41, 7.05 W
1788685142.472967430,0 %, 1690 MHz, 41, 7.07 W
1788685142.573886753,0 %, 1690 MHz, 41, 7.07 W
1788685142.674868988,0 %, 1690 MHz, 41, 7.07 W
1788685142.775374808,0 %, 1690 MHz, 41, 7.07 W
1788685142.876331155,0 %, 1690 MHz, 41, 7.07 W
1788685142.976589983,0 %, 1690 MHz, 41, 7.08 W
1788685143.077210892,0 %, 1690 MHz, 41, 7.08 W
1788685143.178095336,0 %, 1690 MHz, 41, 7.08 W
1788685143.279026836,0 %, 1690 MHz, 41, 7.08 W
1788685143.379566736,0 %, 1690 MHz, 41, 7.08 W
1788685143.480505900,0 %, 1690 MHz, 41, 7.11 W
1788685143.581089529,0 %, 1690 MHz, 41, 7.11 W
1788685143.681966068,0 %, 1690 MHz, 41, 7.11 W
1788685143.782953968,0 %, 1690 MHz, 41, 7.11 W
1788685143.883453309,0 %, 1690 MHz, 41, 7.11 W
1788685143.984397769,0 %, 1690 MHz, 41, 7.17 W
1788685144.084989926,0 %, 1690 MHz, 41, 7.17 W
1788685144.185879122,0 %, 1690 MHz, 41, 7.17 W
1788685144.286461968,0 %, 1690 MHz, 41, 7.17 W
1788685144.387322988,0 %, 1690 MHz, 41, 7.17 W
1788685144.488269817,0 %, 1690 MHz, 41, 7.16 W
1788685144.588843462,0 %, 1690 MHz, 41, 7.16 W
1788685144.689648035,0 %, 1690 MHz, 41, 7.16 W
1788685144.790243664,0 %, 1690 MHz, 41, 7.16 W
1788685144.891132925,0 %, 1690 MHz, 41, 7.16 W
1788685144.991509290,0 %, 1690 MHz, 41, 7.14 W
1788685145.092506247,0 %, 1690 MHz, 41, 7.14 W
1788685145.193085125,0 %, 1690 MHz, 41, 7.14 W
1788685145.293978291,0 %, 1690 MHz, 41, 7.14 W
1788685145.394532929,0 %, 1690 MHz, 41, 7.14 W
1788685145.495421998,0 %, 1690 MHz, 41, 7.14 W
1788685145.596343083,0 %, 1690 MHz, 41, 7.14 W
1788685145.696937897,0 %, 1690 MHz, 41, 7.14 W
1788685145.797873175,0 %, 1690 MHz, 41, 7.14 W
1788685145.898421301,0 %, 1690 MHz, 41, 7.14 W
1788685145.999620769,0 %, 1690 MHz, 41, 7.14 W
1788685146.099572353,0 %, 1690 MHz, 41, 7.14 W
1788685146.200444495,0 %, 1690 MHz, 41, 7.14 W
1788685146.300975054,0 %, 1690 MHz, 41, 7.14 W
1788685146.401907516,0 %, 1690 MHz, 41, 7.14 W
1788685146.502304811,0 %, 1690 MHz, 41, 7.16 W
1788685146.603266601,0 %, 1690 MHz, 41, 7.16 W
1788685146.703860312,0 %, 1690 MHz, 41, 7.16 W
1788685146.804772182,0 %, 1690 MHz, 41, 7.16 W
1788685146.905307861,0 %, 1690 MHz, 41, 7.16 W
1788685147.006222259,0 %, 1690 MHz, 41, 7.18 W
1788685147.107156049,0 %, 1690 MHz, 41, 7.18 W
1788685147.207737393,0 %, 1690 MHz, 41, 7.18 W
1788685147.308617327,0 %, 1690 MHz, 41, 7.18 W
1788685147.409220063,0 %, 1690 MHz, 41, 7.18 W
1788685147.510119086,0 %, 1690 MHz, 41, 7.16 W
1788685147.610682829,0 %, 1690 MHz, 41, 7.16 W
1788685147.711535356,0 %, 1690 MHz, 41, 7.16 W
1788685147.812498122,0 %, 1690 MHz, 41, 7.16 W
1788685147.913024906,0 %, 1690 MHz, 41, 7.16 W
1788685148.014003369,0 %, 1690 MHz, 41, 7.16 W
1788685148.114588681,0 %, 1690 MHz, 41, 7.16 W
1788685148.215485736,0 %, 1690 MHz, 41, 7.16 W
1788685148.316423208,0 %, 1690 MHz, 41, 7.16 W
1788685148.416974520,0 %, 1690 MHz, 41, 7.16 W
1788685148.517908855,0 %, 1690 MHz, 41, 7.19 W
1788685148.618519303,0 %, 1690 MHz, 41, 7.19 W
1788685148.719355879,0 %, 1690 MHz, 41, 7.19 W
1788685148.819943047,0 %, 1690 MHz, 41, 7.19 W
1788685148.920808967,0 %, 1690 MHz, 41, 7.19 W
1788685149.021793190,0 %, 1690 MHz, 41, 7.16 W
1788685149.122318759,0 %, 1690 MHz, 41, 7.16 W
1788685149.223251799,0 %, 1690 MHz, 41, 7.16 W
1788685149.323856712,0 %, 1690 MHz, 41, 7.16 W
1788685149.424745608,0 %, 1690 MHz, 41, 7.16 W
1788685149.525680984,0 %, 1690 MHz, 41, 7.13 W
1788685149.626118489,0 %, 1690 MHz, 41, 7.13 W
1788685149.726956617,0 %, 1690 MHz, 41, 7.13 W
1788685149.827834346,0 %, 1690 MHz, 41, 7.13 W
1788685149.927661884,0 %, 1690 MHz, 41, 7.13 W
1788685150.028337005,0 %, 1690 MHz, 41, 7.09 W
1788685150.129109086,0 %, 1690 MHz, 41, 7.09 W
1788685150.229136961,0 %, 1690 MHz, 41, 7.09 W
1788685150.329567923,0 %, 1690 MHz, 41, 7.09 W
1788685150.430310244,0 %, 1690 MHz, 41, 7.09 W
1788685150.530651894,0 %, 1690 MHz, 41, 7.05 W
1788685150.631055928,0 %, 1690 MHz, 41, 7.05 W
1788685150.731429898,0 %, 1690 MHz, 41, 7.05 W
1788685150.832163915,0 %, 1690 MHz, 41, 7.05 W
1788685150.932445022,0 %, 1690 MHz, 41, 7.05 W
1788685151.032880752,0 %, 1690 MHz, 41, 7.05 W
1788685151.133670066,0 %, 1690 MHz, 41, 7.05 W
1788685151.234307332,0 %, 1690 MHz, 41, 7.05 W
1788685151.334432455,0 %, 1690 MHz, 41, 7.05 W
1788685151.434758762,0 %, 1690 MHz, 41, 7.05 W
1788685151.535466908,0 %, 1690 MHz, 41, 7.08 W
1788685151.635802735,0 %, 1690 MHz, 41, 7.08 W
1788685151.736640080,0 %, 1690 MHz, 41, 7.08 W
1788685151.837287539,0 %, 1690 MHz, 41, 7.08 W
1788685151.937323910,0 %, 1690 MHz, 41, 7.08 W
1788685152.036980795,0 %, 1690 MHz, 41, 7.09 W
1788685152.137420814,0 %, 1690 MHz, 41, 7.09 W
1788685152.237131811,0 %, 1690 MHz, 41, 7.09 W
1788685152.337241511,0 %, 1690 MHz, 41, 7.09 W
1788685152.437796042,0 %, 1690 MHz, 41, 7.09 W
1788685152.537582751,0 %, 1690 MHz, 41, 7.07 W
1788685152.638587057,0 %, 1690 MHz, 41, 7.07 W
1788685152.738925124,0 %, 1690 MHz, 41, 7.07 W
1788685152.839337160,0 %, 1690 MHz, 41, 7.07 W
1788685152.940069930,0 %, 1690 MHz, 41, 7.07 W
1788685153.040413918,0 %, 1690 MHz, 41, 7.06 W
1788685153.140835762,0 %, 1690 MHz, 41, 7.06 W
1788685153.241621077,0 %, 1690 MHz, 41, 7.06 W
1788685153.341946682,0 %, 1690 MHz, 41, 7.06 W
1788685153.442356030,0 %, 1690 MHz, 41, 7.06 W
1788685153.542740466,0 %, 1690 MHz, 41, 7.06 W
1788685153.643439429,0 %, 1690 MHz, 41, 7.06 W
