1788684732.559290583,0 %, 208 MHz, 49, 5.12 W
1788684732.660272098,0 %, 208 MHz, 49, 5.12 W
1788684732.760952158,0 %, 208 MHz, 49, 5.12 W
1788684732.861736537,0 %, 208 MHz, 49, 5.12 W
1788684732.962035957,0 %, 208 MHz, 49, 5.12 W
1788684733.062616400,3 %, 208 MHz, 50, 6.52 W
1788684733.162734236,3 %, 208 MHz, 50, 6.52 W
1788684733.263548600,3 %, 208 MHz, 50, 6.52 W
1788684733.363846772,3 %, 208 MHz, 50, 6.52 W
1788684733.464553519,3 %, 208 MHz, 50, 6.52 W
1788684733.563455788,3 %, 2405 MHz, 50, 10.60 W
1788684733.665092103,3 %, 2405 MHz, 50, 10.60 W
1788684733.765249187,3 %, 2405 MHz, 50, 10.60 W
1788684733.866404590,3 %, 2405 MHz, 50, 10.60 W
1788684733.965937706,3 %, 2405 MHz, 50, 10.60 W
1788684734.066985974,0 %, 2405 MHz, 50, 12.50 W
1788684734.166911714,0 %, 2405 MHz, 50, 12.50 W
1788684734.267281918,0 %, 2405 MHz, 50, 12.50 W
1788684734.367667642,0 %, 2405 MHz, 50, 12.50 W
1788684734.467740662,0 %, 2405 MHz, 50, 12.50 W
1788684734.568121730,0 %, 2405 MHz, 50, 12.54 W
1788684734.668736078,0 %, 2405 MHz, 50, 12.54 W
1788684734.769429865,0 %, 2405 MHz, 50, 12.54 W
1788684734.870246197,0 %, 2405 MHz, 50, 12.54 W
1788684734.970881089,0 %, 2405 MHz, 50, 12.54 W
1788684735.070693597,28 %, 2405 MHz, 50, 12.69 W
1788684735.171054761,28 %, 2405 MHz, 50, 12.69 W
1788684735.271600005,28 %, 2405 MHz, 50, 12.69 W
1788684735.372238001,28 %, 2405 MHz, 50, 12.69 W
1788684735.472605869,28 %, 2405 MHz, 50, 12.69 W
1788684735.572548570,28 %, 2405 MHz, 50, 12.82 W
1788684735.673865861,28 %, 2405 MHz, 50, 12.82 W
1788684735.774195697,28 %, 2405 MHz, 50, 12.82 W
1788684735.874268045,28 %, 2405 MHz, 50, 12.82 W
1788684735.974735001,28 %, 2405 MHz, 50, 12.82 W
1788684736.075595861,0 %, 2405 MHz, 50, 12.66 W
1788684736.175672562,0 %, 2405 MHz, 50, 12.66 W
1788684736.276264782,0 %, 2405 MHz, 50, 12.66 W
1788684736.376423546,0 %, 2405 MHz, 50, 12.66 W
1788684736.477252566,0 %, 2405 MHz, 50, 12.66 W
1788684736.577375443,0 %, 2405 MHz, 50, 12.41 W
1788684736.676946960,0 %, 2405 MHz, 50, 12.41 W
1788684736.778159579,0 %, 2405 MHz, 50, 12.41 W
1788684736.879090887,0 %, 2405 MHz, 50, 12.41 W
1788684736.979217859,0 %, 2405 MHz, 50, 12.41 W
1788684737.079470128,0 %, 2405 MHz, 50, 12.42 W
1788684737.179256573,0 %, 2405 MHz, 50, 12.42 W
1788684737.279183962,0 %, 2405 MHz, 50, 12.42 W
1788684737.380014566,0 %, 2405 MHz, 50, 12.42 W
1788684737.481153041,0 %, 2405 MHz, 50, 12.42 W
1788684737.580684958,0 %, 2405 MHz, 50, 12.44 W
1788684737.681525915,0 %, 2405 MHz, 50, 12.44 W
1788684737.781979335,0 %, 2405 MHz, 50, 12.44 W
1788684737.882503411,0 %, 2405 MHz, 50, 12.44 W
1788684737.983104703,0 %, 2405 MHz, 50, 12.44 W
1788684738.083456812,0 %, 2405 MHz, 50, 12.42 W
1788684738.183074409,0 %, 2405 MHz, 50, 12.42 W
1788684738.284646981,0 %, 2405 MHz, 50, 12.42 W
1788684738.384795329,0 %, 2405 MHz, 50, 12.42 W
1788684738.485140206,0 %, 2405 MHz, 50, 12.41 W
1788684738.585208251,0 %, 2405 MHz, 50, 12.41 W
1788684738.685823655,0 %, 2405 MHz, 50, 12.41 W
1788684738.785923524,0 %, 2405 MHz, 50, 12.41 W
1788684738.886867808,0 %, 2405 MHz, 50, 12.41 W
1788684738.987101933,0 %, 2405 MHz, 49, 12.41 W
1788684739.087473401,0 %, 2405 MHz, 49, 12.41 W
1788684739.187983110,0 %, 2405 MHz, 49, 12.41 W
1788684739.288045491,0 %, 2405 MHz, 49, 12.41 W
1788684739.389013887,0 %, 2405 MHz, 49, 12.41 W
1788684739.489385804,0 %, 2405 MHz, 49, 12.40 W
1788684739.589345225,0 %, 2405 MHz, 49, 12.40 W
1788684739.690285893,0 %, 2405 MHz, 49, 12.40 W
1788684739.790759810,0 %, 2405 MHz, 49, 12.40 W
1788684739.890987231,0 %, 2405 MHz, 49, 12.40 W
1788684739.991918843,0 %, 2405 MHz, 49, 12.40 W
1788684740.092048824,0 %, 2405 MHz, 49, 12.40 W
1788684740.192299829,0 %, 2405 MHz, 49, 12.40 W
1788684740.292499442,0 %, 2405 MHz, 49, 12.40 W
1788684740.392952095,0 %, 2405 MHz, 49, 12.40 W
1788684740.493782747,0 %, 2405 MHz, 49, 12.39 W
1788684740.593327897,0 %, 2405 MHz, 49, 12.39 W
1788684740.694369413,0 %, 2405 MHz, 49, 12.39 W
1788684740.794793170,0 %, 2405 MHz, 49, 12.39 W
1788684740.894685007,0 %, 2405 MHz, 49, 12.39 W
1788684740.995746268,0 %, 2405 MHz, 49, 12.39 W
1788684741.096157881,0 %, 2405 MHz, 49, 12.39 W
1788684741.196506790,0 %, 2405 MHz, 49, 12.39 W
1788684741.296658291,0 %, 2405 MHz, 49, 12.39 W
1788684741.396171377,0 %, 2405 MHz, 49, 12.39 W
1788684741.496173182,0 %, 2405 MHz, 49, 12.39 W
1788684741.597268347,0 %, 2405 MHz, 49, 12.39 W
1788684741.698051703,0 %, 2405 MHz, 49, 12.39 W
1788684741.798417460,0 %, 2405 MHz, 49, 12.39 W
1788684741.898588193,0 %, 2405 MHz, 49, 12.39 W
1788684741.998954447,0 %, 2405 MHz, 49, 12.38 W
1788684742.099734635,0 %, 2405 MHz, 49, 12.38 W
1788684742.200011817,0 %, 2405 MHz, 49, 12.38 W
1788684742.300416070,0 %, 2405 MHz, 49, 12.38 W
1788684742.400516067,0 %, 2405 MHz, 49, 12.38 W
1788684742.501083696,0 %, 2405 MHz, 49, 12.38 W
1788684742.601055454,0 %, 2405 MHz, 49, 12.38 W
1788684742.701947787,0 %, 2405 MHz, 49, 12.38 W
1788684742.802658855,0 %, 2405 MHz, 49, 12.38 W
1788684742.902845221,0 %, 2405 MHz, 49, 12.38 W
1788684743.003184818,0 %, 2405 MHz, 49, 12.38 W
1788684743.103323856,0 %, 2405 MHz, 49, 12.38 W
1788684743.203877869,0 %, 2405 MHz, 49, 12.38 W
1788684743.304434698,0 %, 2405 MHz, 49, 12.38 W
1788684743.405206775,0 %, 2405 MHz, 49, 12.38 W
1788684743.505548436,0 %, 2405 MHz, 49, 12.38 W
1788684743.605635570,0 %, 2405 MHz, 49, 12.38 W
1788684743.705758975,0 %, 2405 MHz, 49, 12.38 W
1788684743.806405357,0 %, 2405 MHz, 49, 12.38 W
1788684743.907222458,0 %, 2405 MHz, 49, 12.38 W
1788684744.007688103,0 %, 2405 MHz, 49, 12.37 W
1788684744.107862037,0 %, 2405 MHz, 49, 12.37 W
1788684744.208234674,0 %, 2405 MHz, 49, 12.37 W
1788684744.307634720,0 %, 2405 MHz, 49, 12.37 W
1788684744.408128334,0 %, 2405 MHz, 49, 12.37 W
1788684744.508841083,0 %, 2405 MHz, 49, 12.39 W
1788684744.609636088,0 %, 2405 MHz, 49, 12.39 W
1788684744.708618231,0 %, 2405 MHz, 49, 12.39 W
1788684744.810146531,0 %, 2405 MHz, 49, 12.39 W
1788684744.910358017,0 %, 2405 MHz, 49, 12.39 W
1788684745.010826254,0 %, 2405 MHz, 49, 12.40 W
1788684745.110694396,0 %, 2405 MHz, 49, 12.40 W
1788684745.211837834,0 %, 2405 MHz, 49, 12.40 W
1788684745.312045063,0 %, 2405 MHz, 49, 12.40 W
1788684745.412516357,0 %, 2405 MHz, 49, 12.40 W
1788684745.513232354,0 %, 2405 MHz, 49, 12.38 W
1788684745.612765393,0 %, 2405 MHz, 49, 12.38 W
1788684745.713921166,0 %, 2405 MHz, 49, 12.38 W
1788684745.814044555,0 %, 2405 MHz, 49, 12.38 W
1788684745.914955401,0 %, 2405 MHz, 49, 12.38 W
1788684746.015171750,0 %, 2405 MHz, 49, 12.38 W
1788684746.115690180,0 %, 2405 MHz, 49, 12.38 W
1788684746.215903474,0 %, 2405 MHz, 49, 12.38 W
1788684746.316690112,0 %, 2405 MHz, 49, 12.38 W
1788684746.417084253,0 %, 2405 MHz, 49, 12.38 W
1788684746.516167164,0 %, 2405 MHz, 49, 12.37 W
1788684746.617153290,0 %, 2405 MHz, 49, 12.37 W
1788684746.717614055,0 %, 2405 MHz, 49, 12.37 W
1788684746.817962581,0 %, 2405 MHz, 49, 12.37 W
1788684746.918382627,0 %, 2405 MHz, 49, 12.37 W
1788684747.019080112,0 %, 2405 MHz, 49, 12.38 W
1788684747.119449214,0 %, 2405 MHz, 49, 12.38 W
1788684747.219815996,0 %, 2405 MHz, 49, 12.38 W
1788684747.320148874,0 %, 2405 MHz, 49, 12.38 W
1788684747.420923128,0 %, 2405 MHz, 49, 12.38 W
1788684747.521254230,0 %, 2405 MHz, 49, 12.38 W
1788684747.621048340,0 %, 2405 MHz, 49, 12.38 W
1788684747.722395794,0 %, 2405 MHz, 49, 12.38 W
1788684747.822511344,0 %, 2405 MHz, 49, 12.38 W
1788684747.922921070,0 %, 2405 MHz, 49, 12.38 W
1788684748.023286172,0 %, 2405 MHz, 49, 12.38 W
1788684748.124099514,0 %, 2405 MHz, 49, 12.38 W
1788684748.224433592,0 %, 2405 MHz, 49, 12.38 W
1788684748.324807782,0 %, 2405 MHz, 49, 12.38 W
1788684748.425596244,0 %, 2405 MHz, 49, 12.38 W
1788684748.525934674,0 %, 2405 MHz, 49, 12.37 W
1788684748.625880784,0 %, 2405 MHz, 49, 12.37 W
1788684748.726280942,0 %, 2405 MHz, 49, 12.37 W
1788684748.827047708,0 %, 2405 MHz, 49, 12.37 W
1788684748.927846554,0 %, 2405 MHz, 49, 12.37 W
1788684749.028188056,0 %, 2405 MHz, 49, 12.37 W
1788684749.128435158,0 %, 2405 MHz, 49, 12.37 W
1788684749.229219540,0 %, 2405 MHz, 49, 12.37 W
1788684749.329581203,0 %, 2405 MHz, 49, 12.37 W
1788684749.429939473,0 %, 2405 MHz, 49, 12.37 W
1788684749.529849792,0 %, 2405 MHz, 49, 12.36 W
1788684749.630362366,0 %, 2405 MHz, 49, 12.36 W
1788684749.731129836,0 %, 2405 MHz, 49, 12.36 W
1788684749.831762362,0 %, 2405 MHz, 49, 12.36 W
1788684749.931826296,0 %, 2405 MHz, 49, 12.36 W
1788684750.031981671,0 %, 2405 MHz, 49, 12.35 W
1788684750.133181877,0 %, 2405 MHz, 49, 12.35 W
1788684750.233525043,0 %, 2405 MHz, 49, 12.35 W
1788684750.333947025,0 %, 2405 MHz, 49, 12.35 W
1788684750.434772159,0 %, 2405 MHz, 49, 12.35 W
1788684750.534795406,0 %, 2405 MHz, 49, 12.61 W
1788684750.634861229,0 %, 2405 MHz, 49, 12.61 W
1788684750.735625531,0 %, 2405 MHz, 49, 12.61 W
1788684750.836181385,0 %, 2405 MHz, 49, 12.61 W
1788684750.936621272,0 %, 2405 MHz, 49, 12.61 W
1788684751.036843046,0 %, 2405 MHz, 49, 13.66 W
1788684751.136409877,0 %, 2405 MHz, 49, 13.66 W
1788684751.237830643,0 %, 2405 MHz, 49, 13.66 W
1788684751.337684050,0 %, 2405 MHz, 49, 13.66 W
1788684751.438453392,0 %, 2405 MHz, 49, 13.66 W
1788684751.537868272,0 %, 2405 MHz, 49, 13.50 W
1788684751.638589230,0 %, 2405 MHz, 49, 13.50 W
1788684751.739062829,0 %, 2405 MHz, 49, 13.50 W
1788684751.839552731,0 %, 2405 MHz, 49, 13.50 W
1788684751.939611850,0 %, 2405 MHz, 49, 13.50 W
1788684752.039816185,0 %, 2405 MHz, 49, 12.35 W
1788684752.140531175,0 %, 2405 MHz, 49, 12.35 W
1788684752.240982038,0 %, 2405 MHz, 49, 12.35 W
1788684752.340972469,0 %, 2405 MHz, 49, 12.35 W
1788684752.441422051,0 %, 2405 MHz, 49, 12.35 W
1788684752.541907602,0 %, 2405 MHz, 49, 12.35 W
1788684752.641722465,0 %, 2405 MHz, 49, 12.35 W
1788684752.742802239,0 %, 2405 MHz, 49, 12.35 W
1788684752.843037886,0 %, 2405 MHz, 49, 12.35 W
1788684752.943107261,0 %, 2405 MHz, 49, 12.35 W
1788684753.043603148,0 %, 2405 MHz, 49, 12.35 W
1788684753.144335019,0 %, 2405 MHz, 49, 12.35 W
1788684753.244860409,0 %, 2405 MHz, 49, 12.35 W
1788684753.344926712,0 %, 2405 MHz, 49, 12.35 W
1788684753.445346311,0 %, 2405 MHz, 49, 12.35 W
1788684753.546113318,0 %, 2405 MHz, 48, 12.36 W
1788684753.646429445,0 %, 2405 MHz, 48, 12.36 W
1788684753.746812388,0 %, 2405 MHz, 48, 12.36 W
1788684753.847154611,0 %, 2405 MHz, 48, 12.36 W
1788684753.947969153,0 %, 2405 MHz, 48, 12.36 W
1788684754.048210368,0 %, 2405 MHz, 48, 12.35 W
1788684754.148432687,0 %, 2405 MHz, 48, 12.35 W
1788684754.248929310,0 %, 2405 MHz, 48, 12.35 W
1788684754.349131821,0 %, 2405 MHz, 48, 12.35 W
1788684754.449965372,0 %, 2405 MHz, 48, 12.35 W
1788684754.550212635,0 %, 2405 MHz, 48, 12.33 W
1788684754.650678074,0 %, 2405 MHz, 48, 12.33 W
1788684754.751418713,0 %, 2405 MHz, 48, 12.33 W
1788684754.851670264,0 %, 2405 MHz, 48, 12.33 W
1788684754.952016583,0 %, 2405 MHz, 48, 12.33 W
1788684755.052345430,0 %, 2405 MHz, 48, 12.33 W
1788684755.151835814,0 %, 2405 MHz, 48, 12.33 W
1788684755.252964309,0 %, 2405 MHz, 48, 12.33 W
1788684755.353105588,0 %, 2405 MHz, 48, 12.33 W
1788684755.453766419,0 %, 2405 MHz, 48, 12.33 W
1788684755.553999698,0 %, 2405 MHz, 48, 12.34 W
1788684755.654418866,0 %, 2405 MHz, 48, 12.34 W
1788684755.755440976,0 %, 2405 MHz, 48, 12.34 W
1788684755.855547760,0 %, 2405 MHz, 48, 12.34 W
1788684755.955679231,0 %, 2405 MHz, 48, 12.34 W
1788684756.056004110,0 %, 2405 MHz, 48, 12.34 W
1788684756.156457246,0 %, 2405 MHz, 48, 12.34 W
1788684756.257120461,0 %, 2405 MHz, 48, 12.34 W
1788684756.357545468,0 %, 2405 MHz, 48, 12.34 W
1788684756.457744092,0 %, 2405 MHz, 48, 12.34 W
1788684756.556854092,0 %, 2405 MHz, 48, 12.33 W
1788684756.657912443,0 %, 2405 MHz, 48, 12.33 W
1788684756.758232090,0 %, 2405 MHz, 48, 12.33 W
1788684756.858314698,0 %, 2405 MHz, 48, 12.33 W
1788684756.958886617,0 %, 2405 MHz, 48, 12.33 W
1788684757.059857576,0 %, 2405 MHz, 48, 12.34 W
1788684757.160115719,0 %, 2405 MHz, 48, 12.34 W
1788684757.259593256,0 %, 2405 MHz, 48, 12.34 W
1788684757.360350519,0 %, 2405 MHz, 48, 12.34 W
1788684757.460860102,0 %, 2405 MHz, 48, 12.34 W
1788684757.561672741,0 %, 2405 MHz, 48, 12.34 W
1788684757.661945157,0 %, 2405 MHz, 48, 12.34 W
1788684757.762336676,0 %, 2405 MHz, 48, 12.34 W
1788684757.862534100,0 %, 2405 MHz, 48, 12.34 W
1788684757.963633811,0 %, 2405 MHz, 48, 12.34 W
1788684758.063719859,0 %, 2405 MHz, 48, 12.33 W
1788684758.163929362,0 %, 2405 MHz, 48, 12.33 W
1788684758.264090066,0 %, 2405 MHz, 48, 12.33 W
1788684758.364645538,0 %, 2405 MHz, 48, 12.33 W
1788684758.465331553,0 %, 2405 MHz, 48, 12.33 W
1788684758.565699361,0 %, 2405 MHz, 48, 12.33 W
1788684758.665931569,0 %, 2405 MHz, 48, 12.33 W
1788684758.766381136,0 %, 2405 MHz, 48, 12.33 W
1788684758.866146560,0 %, 2405 MHz, 48, 12.33 W
1788684758.966767040,0 %, 2405 MHz, 48, 12.33 W
1788684759.067613103,0 %, 2405 MHz, 48, 12.32 W
1788684759.167908127,0 %, 2405 MHz, 48, 12.32 W
1788684759.268312943,0 %, 2405 MHz, 48, 12.32 W
1788684759.368548111,0 %, 2405 MHz, 48, 12.32 W
1788684759.468947678,0 %, 2405 MHz, 48, 12.32 W
1788684759.569187102,0 %, 2405 MHz, 48, 12.32 W
1788684759.669910846,0 %, 2405 MHz, 48, 12.32 W
1788684759.770840477,0 %, 2405 MHz, 48, 12.32 W
1788684759.871292973,0 %, 2405 MHz, 48, 12.32 W
1788684759.971288845,0 %, 2405 MHz, 48, 12.32 W
1788684760.071356445,0 %, 2405 MHz, 48, 12.32 W
1788684760.171956909,0 %, 2405 MHz, 48, 12.32 W
1788684760.272776780,0 %, 2405 MHz, 48, 12.32 W
1788684760.372945437,0 %, 2405 MHz, 48, 12.32 W
1788684760.473652828,0 %, 2405 MHz, 48, 12.32 W
1788684760.574220764,0 %, 2405 MHz, 48, 12.31 W
1788684760.674540428,0 %, 2405 MHz, 48, 12.31 W
1788684760.774923900,0 %, 2405 MHz, 48, 12.31 W
1788684760.875543244,0 %, 2405 MHz, 48, 12.31 W
1788684760.975532140,0 %, 2405 MHz, 48, 12.31 W
1788684761.075535580,0 %, 2405 MHz, 48, 12.31 W
1788684761.176490156,0 %, 2405 MHz, 48, 12.31 W
1788684761.276747772,0 %, 2405 MHz, 48, 12.31 W
1788684761.376787468,0 %, 2405 MHz, 48, 12.31 W
1788684761.477281916,0 %, 2405 MHz, 48, 12.31 W
1788684761.577421197,0 %, 2405 MHz, 48, 12.32 W
1788684761.677625693,0 %, 2405 MHz, 48, 12.32 W
1788684761.777466589,0 %, 2405 MHz, 48, 12.32 W
1788684761.878736253,0 %, 2405 MHz, 48, 12.32 W
1788684761.979309293,0 %, 2405 MHz, 48, 12.32 W
1788684762.078643054,0 %, 2405 MHz, 48, 12.32 W
1788684762.179776509,0 %, 2405 MHz, 48, 12.32 W
1788684762.279861854,0 %, 2405 MHz, 48, 12.32 W
1788684762.380114286,0 %, 2405 MHz, 48, 12.32 W
1788684762.480931406,0 %, 2405 MHz, 48, 12.32 W
1788684762.581065247,0 %, 2405 MHz, 48, 12.30 W
1788684762.681529247,0 %, 2405 MHz, 48, 12.30 W
1788684762.781836623,0 %, 2405 MHz, 48, 12.30 W
1788684762.881985519,0 %, 2405 MHz, 48, 12.30 W
1788684762.982343392,0 %, 2405 MHz, 48, 12.30 W
1788684763.082293760,0 %, 2405 MHz, 48, 12.31 W
1788684763.183289296,0 %, 2405 MHz, 48, 12.31 W
1788684763.284408912,0 %, 2405 MHz, 48, 12.31 W
1788684763.383739617,0 %, 2405 MHz, 48, 12.31 W
1788684763.484800881,0 %, 2405 MHz, 48, 12.31 W
1788684763.585223489,0 %, 2405 MHz, 48, 12.30 W
1788684763.685533202,0 %, 2405 MHz, 48, 12.30 W
1788684763.786402786,0 %, 2405 MHz, 48, 12.30 W
1788684763.886594275,0 %, 2405 MHz, 48, 12.30 W
1788684763.987526658,0 %, 2405 MHz, 48, 12.30 W
1788684764.087835315,0 %, 2405 MHz, 48, 12.29 W
1788684764.188355155,0 %, 2405 MHz, 48, 12.29 W
1788684764.288454132,0 %, 2405 MHz, 48, 12.29 W
1788684764.388670005,0 %, 2405 MHz, 48, 12.29 W
1788684764.489072981,0 %, 2405 MHz, 48, 12.28 W
1788684764.589096806,0 %, 2405 MHz, 48, 12.28 W
1788684764.689948470,0 %, 2405 MHz, 48, 12.28 W
1788684764.790314135,0 %, 2405 MHz, 48, 12.28 W
1788684764.890705543,0 %, 2405 MHz, 48, 12.28 W
1788684764.991019064,0 %, 2405 MHz, 48, 12.28 W
1788684765.091953064,0 %, 2405 MHz, 48, 12.28 W
1788684765.191556042,0 %, 2405 MHz, 48, 12.28 W
1788684765.292178362,0 %, 2405 MHz, 48, 12.28 W
1788684765.392622971,0 %, 2405 MHz, 48, 12.28 W
1788684765.493547947,0 %, 2405 MHz, 48, 12.28 W
1788684765.593846012,0 %, 2405 MHz, 48, 12.28 W
1788684765.693946461,0 %, 2405 MHz, 48, 12.28 W
1788684765.795029085,0 %, 2405 MHz, 48, 12.28 W
1788684765.895546317,0 %, 2405 MHz, 48, 12.28 W
1788684765.995426718,0 %, 2405 MHz, 48, 12.27 W
1788684766.095553183,0 %, 2405 MHz, 48, 12.27 W
1788684766.196640800,0 %, 2405 MHz, 48, 12.27 W
1788684766.296925281,0 %, 2405 MHz, 48, 12.27 W
1788684766.397556721,0 %, 2405 MHz, 48, 12.27 W
1788684766.497426546,0 %, 2405 MHz, 48, 12.25 W
1788684766.597911635,0 %, 2405 MHz, 48, 12.25 W
1788684766.698739140,0 %, 2405 MHz, 48, 12.25 W
1788684766.799033605,0 %, 2405 MHz, 48, 12.25 W
1788684766.899469605,0 %, 2405 MHz, 48, 12.25 W
1788684766.999794614,0 %, 2405 MHz, 48, 12.26 W
1788684767.100565543,0 %, 2405 MHz, 48, 12.26 W
1788684767.200904120,0 %, 2405 MHz, 48, 12.26 W
1788684767.301267913,0 %, 2405 MHz, 48, 12.26 W
1788684767.401448986,0 %, 2405 MHz, 48, 12.26 W
1788684767.501300379,0 %, 2405 MHz, 48, 12.26 W
1788684767.601713500,0 %, 2405 MHz, 48, 12.26 W
1788684767.702734973,0 %, 2405 MHz, 48, 12.26 W
1788684767.803010110,0 %, 2405 MHz, 48, 12.26 W
1788684767.903465135,0 %, 2405 MHz, 48, 12.26 W
1788684768.004188272,0 %, 2405 MHz, 48, 12.26 W
1788684768.104550609,0 %, 2405 MHz, 48, 12.26 W
1788684768.204883122,0 %, 2405 MHz, 48, 12.26 W
1788684768.305239539,0 %, 2405 MHz, 48, 12.26 W
1788684768.405400628,0 %, 2405 MHz, 48, 12.26 W
1788684768.505959509,0 %, 2405 MHz, 48, 12.25 W
1788684768.606462598,0 %, 2405 MHz, 48, 12.25 W
1788684768.706940136,0 %, 2405 MHz, 48, 12.25 W
1788684768.807761688,0 %, 2405 MHz, 48, 12.25 W
1788684768.907931546,0 %, 2405 MHz, 48, 12.25 W
1788684769.008598267,0 %, 2405 MHz, 48, 12.24 W
1788684769.108732764,0 %, 2405 MHz, 48, 12.24 W
1788684769.209455773,0 %, 2405 MHz, 48, 12.24 W
1788684769.309743518,0 %, 2405 MHz, 48, 12.24 W
1788684769.409793152,0 %, 2405 MHz, 48, 12.24 W
1788684769.510430433,0 %, 2405 MHz, 48, 12.26 W
1788684769.610635346,0 %, 2405 MHz, 48, 12.26 W
1788684769.710820068,0 %, 2405 MHz, 48, 12.26 W
1788684769.811697989,0 %, 2405 MHz, 48, 12.26 W
1788684769.911973062,0 %, 2405 MHz, 48, 12.26 W
1788684770.012614631,0 %, 2405 MHz, 48, 12.27 W
1788684770.113135864,0 %, 2405 MHz, 48, 12.27 W
1788684770.213498554,0 %, 2405 MHz, 48, 12.27 W
1788684770.313656252,0 %, 2405 MHz, 48, 12.27 W
1788684770.414019501,0 %, 2405 MHz, 48, 12.27 W
1788684770.514969310,0 %, 2405 MHz, 48, 12.26 W
1788684770.615283599,0 %, 2405 MHz, 48, 12.26 W
1788684770.715651889,0 %, 2405 MHz, 48, 12.26 W
1788684770.816431762,0 %, 2405 MHz, 48, 12.26 W
1788684770.916794819,0 %, 2405 MHz, 48, 12.26 W
1788684771.016982677,0 %, 2405 MHz, 48, 12.24 W
1788684771.117497862,0 %, 2405 MHz, 48, 12.24 W
1788684771.218019304,0 %, 2405 MHz, 48, 12.24 W
1788684771.318555929,0 %, 2405 MHz, 48, 12.24 W
1788684771.418589787,0 %, 2405 MHz, 48, 12.24 W
1788684771.517990734,0 %, 2405 MHz, 47, 12.24 W
1788684771.619406046,0 %, 2405 MHz, 47, 12.24 W
1788684771.719571728,0 %, 2405 MHz, 47, 12.24 W
1788684771.819828242,0 %, 2405 MHz, 47, 12.24 W
1788684771.920680067,0 %, 2405 MHz, 47, 12.24 W
1788684772.020941381,0 %, 2405 MHz, 48, 12.23 W
1788684772.121347542,0 %, 2405 MHz, 48, 12.23 W
1788684772.222096456,0 %, 2405 MHz, 48, 12.23 W
1788684772.322402890,0 %, 2405 MHz, 48, 12.23 W
1788684772.422571915,0 %, 2405 MHz, 48, 12.23 W
1788684772.522916109,0 %, 2405 MHz, 47, 12.22 W
1788684772.623798238,0 %, 2405 MHz, 47, 12.22 W
1788684772.724052352,0 %, 2405 MHz, 47, 12.22 W
1788684772.824525250,0 %, 2405 MHz, 47, 12.22 W
1788684772.924837236,0 %, 2405 MHz, 47, 12.22 W
1788684773.025602997,0 %, 2405 MHz, 47, 12.23 W
1788684773.125942023,0 %, 2405 MHz, 47, 12.23 W
1788684773.226268473,0 %, 2405 MHz, 47, 12.23 W
1788684773.326543739,0 %, 2405 MHz, 47, 12.23 W
1788684773.427303613,0 %, 2405 MHz, 47, 12.23 W
1788684773.527648574,0 %, 2405 MHz, 47, 12.23 W
1788684773.627973040,0 %, 2405 MHz, 47, 12.23 W
1788684773.728296242,0 %, 2405 MHz, 47, 12.23 W
1788684773.829111908,0 %, 2405 MHz, 47, 12.23 W
1788684773.929607718,0 %, 2405 MHz, 47, 12.23 W
1788684774.029692168,0 %, 2405 MHz, 47, 12.22 W
1788684774.129915914,0 %, 2405 MHz, 47, 12.22 W
1788684774.230766779,0 %, 2405 MHz, 47, 12.22 W
1788684774.331058526,0 %, 2405 MHz, 47, 12.22 W
1788684774.431287440,0 %, 2405 MHz, 47, 12.22 W
1788684774.531755650,0 %, 2405 MHz, 47, 12.23 W
1788684774.632581315,0 %, 2405 MHz, 47, 12.23 W
1788684774.731539702,0 %, 2405 MHz, 47, 12.23 W
1788684774.832865576,0 %, 2405 MHz, 47, 12.23 W
1788684774.933072330,0 %, 2405 MHz, 47, 12.23 W
1788684775.033423468,0 %, 2405 MHz, 47, 12.26 W
1788684775.133047567,0 %, 2405 MHz, 47, 12.26 W
1788684775.233962208,0 %, 2405 MHz, 47, 12.26 W
1788684775.334281987,0 %, 2405 MHz, 47, 12.26 W
1788684775.434676181,0 %, 2405 MHz, 47, 12.26 W
1788684775.535077911,0 %, 2405 MHz, 47, 12.25 W
1788684775.635596569,0 %, 2405 MHz, 47, 12.25 W
1788684775.735895915,0 %, 2405 MHz, 47, 12.25 W
1788684775.836784557,0 %, 2405 MHz, 47, 12.25 W
1788684775.936803791,0 %, 2405 MHz, 47, 12.25 W
1788684776.037387313,0 %, 2405 MHz, 47, 12.22 W
1788684776.137279140,0 %, 2405 MHz, 47, 12.22 W
1788684776.237636950,0 %, 2405 MHz, 47, 12.22 W
1788684776.338061417,0 %, 2405 MHz, 47, 12.22 W
1788684776.438304011,0 %, 2405 MHz, 47, 12.22 W
1788684776.538158238,0 %, 2405 MHz, 47, 12.22 W
1788684776.639031152,0 %, 2405 MHz, 47, 12.22 W
1788684776.739534978,0 %, 2405 MHz, 47, 12.22 W
1788684776.840030548,0 %, 2405 MHz, 47, 12.22 W
1788684776.940337399,0 %, 2405 MHz, 47, 12.22 W
1788684777.040606633,0 %, 2405 MHz, 47, 12.22 W
1788684777.141302459,0 %, 2405 MHz, 47, 12.22 W
1788684777.241605662,0 %, 2405 MHz, 47, 12.22 W
1788684777.341712096,0 %, 2405 MHz, 47, 12.22 W
1788684777.442236371,0 %, 2405 MHz, 47, 12.22 W
1788684777.542439285,0 %, 2405 MHz, 47, 12.22 W
1788684777.642813768,0 %, 2405 MHz, 47, 12.22 W
1788684777.743209546,0 %, 2405 MHz, 47, 12.22 W
1788684777.843929660,0 %, 2405 MHz, 47, 12.22 W
1788684777.944383327,0 %, 2405 MHz, 47, 12.22 W
1788684778.044662705,0 %, 2405 MHz, 47, 12.22 W
1788684778.145319364,0 %, 2405 MHz, 47, 12.22 W
1788684778.245173367,0 %, 2405 MHz, 47, 12.22 W
1788684778.345541801,0 %, 2405 MHz, 47, 12.22 W
1788684778.446008700,0 %, 2405 MHz, 47, 12.22 W
1788684778.546283359,0 %, 2405 MHz, 47, 12.21 W
1788684778.646691281,0 %, 2405 MHz, 47, 12.21 W
1788684778.747068020,0 %, 2405 MHz, 47, 12.21 W
1788684778.847663830,0 %, 2405 MHz, 47, 12.21 W
1788684778.947719497,0 %, 2405 MHz, 47, 12.21 W
1788684779.048271916,0 %, 2405 MHz, 47, 12.20 W
1788684779.148807598,0 %, 2405 MHz, 47, 12.20 W
1788684779.248613601,0 %, 2405 MHz, 47, 12.20 W
1788684779.348961124,0 %, 2405 MHz, 47, 12.20 W
1788684779.449658055,0 %, 2405 MHz, 47, 12.20 W
1788684779.550060313,0 %, 2405 MHz, 47, 12.19 W
1788684779.651010380,0 %, 2405 MHz, 47, 12.19 W
1788684779.750774911,0 %, 2405 MHz, 47, 12.19 W
1788684779.851729825,0 %, 2405 MHz, 47, 12.19 W
1788684779.951903460,0 %, 2405 MHz, 47, 12.19 W
1788684780.051937847,0 %, 2405 MHz, 47, 12.19 W
1788684780.152297770,0 %, 2405 MHz, 47, 12.19 W
1788684780.252807325,0 %, 2405 MHz, 47, 12.19 W
1788684780.353654671,0 %, 2405 MHz, 47, 12.19 W
1788684780.453553363,0 %, 2405 MHz, 47, 12.19 W
1788684780.553883542,0 %, 2405 MHz, 47, 12.20 W
1788684780.654213608,0 %, 2405 MHz, 47, 12.20 W
1788684780.754436283,0 %, 2405 MHz, 47, 12.20 W
1788684780.855209838,0 %, 2405 MHz, 47, 12.20 W
1788684780.955455377,0 %, 2405 MHz, 47, 12.20 W
1788684781.055929492,0 %, 2405 MHz, 47, 12.21 W
1788684781.156191815,0 %, 2405 MHz, 47, 12.21 W
1788684781.257020874,0 %, 2405 MHz, 47, 12.21 W
1788684781.357689917,0 %, 2405 MHz, 47, 12.21 W
1788684781.457094272,0 %, 2405 MHz, 47, 12.21 W
1788684781.556876740,0 %, 2405 MHz, 47, 12.21 W
1788684781.657960742,0 %, 2405 MHz, 47, 12.21 W
1788684781.758317449,0 %, 2405 MHz, 47, 12.21 W
1788684781.858766044,0 %, 2405 MHz, 47, 12.21 W
1788684781.959708447,0 %, 2405 MHz, 47, 12.21 W
1788684782.059445810,0 %, 2405 MHz, 47, 12.21 W
1788684782.160228901,0 %, 2405 MHz, 47, 12.21 W
1788684782.260858840,0 %, 2405 MHz, 47, 12.21 W
1788684782.361242459,0 %, 2405 MHz, 47, 12.21 W
1788684782.460667759,0 %, 2405 MHz, 47, 12.21 W
1788684782.561531090,0 %, 2405 MHz, 47, 12.20 W
1788684782.661247318,0 %, 2405 MHz, 47, 12.20 W
1788684782.761393417,0 %, 2405 MHz, 47, 12.20 W
1788684782.862335036,0 %, 2405 MHz, 47, 12.20 W
1788684782.963063983,0 %, 2405 MHz, 47, 12.20 W
1788684783.063379746,0 %, 2405 MHz, 47, 12.22 W
1788684783.163976213,0 %, 2405 MHz, 47, 12.22 W
1788684783.264727112,0 %, 2405 MHz, 47, 12.22 W
1788684783.365002988,0 %, 2405 MHz, 47, 12.22 W
1788684783.465175023,0 %, 2405 MHz, 47, 12.22 W
1788684783.565360259,0 %, 2405 MHz, 47, 12.21 W
1788684783.665139446,0 %, 2405 MHz, 47, 12.21 W
1788684783.766614281,0 %, 2405 MHz, 47, 12.21 W
1788684783.866881276,0 %, 2405 MHz, 47, 12.21 W
1788684783.967039984,0 %, 2405 MHz, 47, 12.21 W
1788684784.067605491,0 %, 2405 MHz, 47, 12.19 W
1788684784.168322822,0 %, 2405 MHz, 47, 12.19 W
1788684784.268682746,0 %, 2405 MHz, 47, 12.19 W
1788684784.369003357,0 %, 2405 MHz, 47, 12.19 W
1788684784.469232657,0 %, 2405 MHz, 47, 12.19 W
1788684784.569546116,0 %, 2405 MHz, 47, 12.20 W
1788684784.669280456,0 %, 2405 MHz, 47, 12.20 W
1788684784.770687899,0 %, 2405 MHz, 47, 12.20 W
1788684784.870209039,0 %, 2405 MHz, 47, 12.20 W
1788684784.971280066,0 %, 2405 MHz, 47, 12.20 W
1788684785.071543238,0 %, 2405 MHz, 47, 12.20 W
1788684785.171310042,0 %, 2405 MHz, 47, 12.20 W
1788684785.272520653,0 %, 2405 MHz, 47, 12.20 W
1788684785.372918512,0 %, 2405 MHz, 47, 12.20 W
1788684785.473090532,0 %, 2405 MHz, 47, 12.20 W
1788684785.574006327,0 %, 2405 MHz, 47, 12.20 W
1788684785.673183708,0 %, 2405 MHz, 47, 12.20 W
1788684785.774646975,0 %, 2405 MHz, 47, 12.20 W
1788684785.874810642,0 %, 2405 MHz, 47, 12.20 W
1788684785.975003558,0 %, 2405 MHz, 47, 12.20 W
1788684786.075435290,0 %, 2405 MHz, 47, 12.19 W
1788684786.176131341,0 %, 2405 MHz, 47, 12.19 W
1788684786.276364001,0 %, 2405 MHz, 47, 12.19 W
1788684786.377058101,0 %, 2405 MHz, 47, 12.19 W
1788684786.477074697,0 %, 2405 MHz, 47, 12.19 W
1788684786.576874829,0 %, 2405 MHz, 47, 12.19 W
1788684786.676974481,0 %, 2405 MHz, 47, 12.19 W
1788684786.778545252,0 %, 2405 MHz, 47, 12.19 W
1788684786.878502712,0 %, 2405 MHz, 47, 12.19 W
1788684786.978662620,0 %, 2405 MHz, 47, 12.19 W
1788684787.079744751,0 %, 2405 MHz, 47, 12.19 W
1788684787.180139875,0 %, 2405 MHz, 47, 12.19 W
1788684787.280505895,0 %, 2405 MHz, 47, 12.19 W
1788684787.380989787,0 %, 2405 MHz, 47, 12.19 W
1788684787.481042623,0 %, 2405 MHz, 47, 12.19 W
1788684787.581719458,0 %, 2405 MHz, 47, 12.20 W
1788684787.681228615,0 %, 2405 MHz, 47, 12.20 W
1788684787.781733899,0 %, 2405 MHz, 47, 12.20 W
1788684787.882665998,0 %, 2405 MHz, 47, 12.20 W
1788684787.982910690,0 %, 2405 MHz, 47, 12.20 W
1788684788.083200022,0 %, 2405 MHz, 47, 12.20 W
1788684788.184009690,0 %, 2405 MHz, 47, 12.20 W
1788684788.284440526,0 %, 2405 MHz, 47, 12.20 W
1788684788.385277730,0 %, 2405 MHz, 47, 12.20 W
1788684788.484968950,0 %, 2405 MHz, 47, 12.20 W
1788684788.585962682,0 %, 2405 MHz, 47, 12.18 W
1788684788.685173727,0 %, 2405 MHz, 47, 12.18 W
1788684788.786450466,0 %, 2405 MHz, 47, 12.18 W
1788684788.886781750,0 %, 2405 MHz, 47, 12.18 W
1788684788.987436154,0 %, 2405 MHz, 47, 12.18 W
1788684789.087947326,0 %, 2405 MHz, 47, 12.18 W
1788684789.187790867,0 %, 2405 MHz, 47, 12.18 W
1788684789.288279239,0 %, 2405 MHz, 47, 12.18 W
1788684789.389173546,0 %, 2405 MHz, 47, 12.18 W
1788684789.489259471,0 %, 2405 MHz, 47, 12.18 W
1788684789.589745763,0 %, 2405 MHz, 47, 12.17 W
1788684789.689094952,0 %, 2405 MHz, 47, 12.17 W
1788684789.790320219,0 %, 2405 MHz, 47, 12.17 W
1788684789.891052783,0 %, 2405 MHz, 47, 12.17 W
1788684789.991404964,0 %, 2405 MHz, 47, 12.17 W
1788684790.091729880,0 %, 2405 MHz, 47, 12.17 W
1788684790.191388077,0 %, 2405 MHz, 47, 12.17 W
1788684790.292063681,0 %, 2405 MHz, 47, 12.17 W
1788684790.393016341,0 %, 2405 MHz, 47, 12.17 W
1788684790.493222009,0 %, 2405 MHz, 47, 12.16 W
1788684790.593800925,0 %, 2405 MHz, 47, 12.16 W
1788684790.693078931,0 %, 2405 MHz, 47, 12.16 W
1788684790.794864726,0 %, 2405 MHz, 47, 12.16 W
1788684790.894902202,0 %, 2405 MHz, 47, 12.16 W
1788684790.995207247,0 %, 2405 MHz, 47, 12.17 W
1788684791.095604499,0 %, 2405 MHz, 47, 12.17 W
1788684791.195852472,0 %, 2405 MHz, 47, 12.17 W
1788684791.296864236,0 %, 2405 MHz, 47, 12.17 W
1788684791.396868384,0 %, 2405 MHz, 47, 12.17 W
1788684791.497244885,0 %, 2405 MHz, 47, 12.16 W
1788684791.597579017,0 %, 2405 MHz, 47, 12.16 W
1788684791.696953391,0 %, 2405 MHz, 47, 12.16 W
1788684791.798112866,0 %, 2405 MHz, 47, 12.16 W
1788684791.898903191,0 %, 2405 MHz, 47, 12.16 W
1788684791.998449996,0 %, 2405 MHz, 47, 12.15 W
1788684792.099382272,0 %, 2405 MHz, 47, 12.15 W
1788684792.199646853,0 %, 2405 MHz, 47, 12.15 W
1788684792.299944729,0 %, 2405 MHz, 47, 12.15 W
1788684792.399800654,0 %, 2405 MHz, 47, 12.15 W
1788684792.500269427,0 %, 2405 MHz, 47, 12.13 W
1788684792.600229016,0 %, 2405 MHz, 47, 12.13 W
1788684792.700146573,0 %, 2405 MHz, 47, 12.13 W
1788684792.801590480,0 %, 2405 MHz, 47, 12.13 W
1788684792.901908853,0 %, 2405 MHz, 47, 12.13 W
1788684793.002267658,0 %, 2405 MHz, 47, 12.11 W
1788684793.103078974,0 %, 2405 MHz, 47, 12.11 W
1788684793.203374931,0 %, 2405 MHz, 47, 12.11 W
1788684793.303857448,0 %, 2405 MHz, 47, 12.11 W
1788684793.404569628,0 %, 2405 MHz, 47, 12.11 W
1788684793.504287841,0 %, 2405 MHz, 47, 12.10 W
1788684793.605071878,0 %, 2405 MHz, 47, 12.10 W
1788684793.704440379,0 %, 2405 MHz, 47, 12.10 W
1788684793.805738015,0 %, 2405 MHz, 47, 12.10 W
1788684793.906070964,0 %, 2405 MHz, 47, 12.10 W
1788684794.006691161,0 %, 2405 MHz, 47, 12.11 W
1788684794.106819214,0 %, 2405 MHz, 47, 12.11 W
1788684794.207533506,0 %, 2405 MHz, 47, 12.11 W
1788684794.307800503,0 %, 2405 MHz, 47, 12.11 W
1788684794.408591884,0 %, 2405 MHz, 47, 12.11 W
1788684794.508674289,0 %, 2405 MHz, 47, 12.12 W
1788684794.609076678,0 %, 2405 MHz, 47, 12.12 W
1788684794.708228300,0 %, 2405 MHz, 47, 12.12 W
1788684794.809552288,0 %, 2405 MHz, 47, 12.12 W
1788684794.909781445,0 %, 2405 MHz, 47, 12.12 W
1788684795.010064778,0 %, 2405 MHz, 47, 12.13 W
1788684795.110862302,0 %, 2405 MHz, 47, 12.13 W
1788684795.211088244,0 %, 2405 MHz, 47, 12.13 W
1788684795.311528073,0 %, 2405 MHz, 47, 12.13 W
1788684795.411709182,0 %, 2405 MHz, 47, 12.13 W
1788684795.512063635,0 %, 2405 MHz, 47, 12.14 W
1788684795.612963607,0 %, 2405 MHz, 47, 12.14 W
1788684795.712188589,0 %, 2405 MHz, 47, 12.14 W
1788684795.813519922,0 %, 2405 MHz, 47, 12.14 W
1788684795.913809703,0 %, 2405 MHz, 47, 12.14 W
1788684796.014611195,0 %, 2405 MHz, 47, 12.13 W
1788684796.114909969,0 %, 2405 MHz, 47, 12.13 W
1788684796.215243750,0 %, 2405 MHz, 47, 12.13 W
1788684796.315451531,0 %, 2405 MHz, 47, 12.13 W
1788684796.415525568,0 %, 2405 MHz, 47, 12.13 W
1788684796.515857366,0 %, 2405 MHz, 47, 12.11 W
1788684796.616728170,0 %, 2405 MHz, 47, 12.11 W
1788684796.715951153,0 %, 2405 MHz, 47, 12.11 W
1788684796.817297493,0 %, 2405 MHz, 47, 12.11 W
1788684796.917684650,0 %, 2405 MHz, 47, 12.11 W
1788684797.017848063,0 %, 2405 MHz, 47, 12.10 W
1788684797.118702580,0 %, 2405 MHz, 47, 12.10 W
1788684797.218954058,0 %, 2405 MHz, 47, 12.10 W
1788684797.318312576,0 %, 2405 MHz, 47, 12.10 W
1788684797.418920181,0 %, 2405 MHz, 47, 12.10 W
1788684797.518919371,0 %, 2405 MHz, 47, 12.14 W
1788684797.619837840,0 %, 2405 MHz, 47, 12.14 W
1788684797.719497573,0 %, 2405 MHz, 47, 12.14 W
1788684797.819395275,0 %, 2405 MHz, 47, 12.14 W
1788684797.920643712,0 %, 2405 MHz, 47, 12.14 W
1788684798.021170789,0 %, 2405 MHz, 47, 12.15 W
1788684798.121637738,0 %, 2405 MHz, 47, 12.15 W
1788684798.221890672,0 %, 2405 MHz, 47, 12.15 W
1788684798.322298421,0 %, 2405 MHz, 47, 12.15 W
1788684798.423167818,0 %, 2405 MHz, 47, 12.15 W
1788684798.523247136,0 %, 2405 MHz, 47, 12.13 W
1788684798.623621125,0 %, 2405 MHz, 47, 12.13 W
1788684798.722990012,0 %, 2405 MHz, 47, 12.13 W
1788684798.824246480,0 %, 2405 MHz, 47, 12.13 W
1788684798.923640455,0 %, 2405 MHz, 47, 12.13 W
1788684799.025346955,0 %, 2405 MHz, 47, 12.11 W
1788684799.124453714,0 %, 2405 MHz, 47, 12.11 W
1788684799.225619799,0 %, 2405 MHz, 47, 12.11 W
1788684799.326059436,0 %, 2405 MHz, 47, 12.11 W
1788684799.426359874,0 %, 2405 MHz, 47, 12.11 W
1788684799.526580455,0 %, 2405 MHz, 47, 12.11 W
1788684799.627460253,0 %, 2405 MHz, 47, 12.11 W
1788684799.726800835,0 %, 2405 MHz, 47, 12.11 W
1788684799.827909128,0 %, 2405 MHz, 47, 12.11 W
1788684799.928435149,0 %, 2405 MHz, 47, 12.11 W
1788684800.028981283,0 %, 2405 MHz, 46, 12.12 W
1788684800.129331545,0 %, 2405 MHz, 46, 12.12 W
1788684800.229660318,0 %, 2405 MHz, 46, 12.12 W
1788684800.329886948,0 %, 2405 MHz, 46, 12.12 W
1788684800.430773834,0 %, 2405 MHz, 46, 12.12 W
1788684800.530865504,0 %, 2405 MHz, 46, 12.12 W
1788684800.631434613,0 %, 2405 MHz, 46, 12.12 W
1788684800.731261387,0 %, 2405 MHz, 46, 12.12 W
1788684800.831564273,0 %, 2405 MHz, 46, 12.12 W
1788684800.932820486,0 %, 2405 MHz, 46, 12.12 W
1788684801.033009452,0 %, 2405 MHz, 46, 12.12 W
1788684801.133442210,0 %, 2405 MHz, 46, 12.12 W
1788684801.233766248,0 %, 2405 MHz, 46, 12.12 W
1788684801.334523709,0 %, 2405 MHz, 46, 12.12 W
1788684801.434626019,0 %, 2405 MHz, 46, 12.12 W
1788684801.534045722,0 %, 2405 MHz, 46, 12.11 W
1788684801.635248831,0 %, 2405 MHz, 46, 12.11 W
1788684801.734814358,0 %, 2405 MHz, 46, 12.11 W
1788684801.835765467,0 %, 2405 MHz, 46, 12.11 W
1788684801.936706513,0 %, 2405 MHz, 46, 12.11 W
1788684802.036972903,0 %, 2405 MHz, 46, 12.10 W
1788684802.137371724,0 %, 2405 MHz, 46, 12.10 W
1788684802.238143826,0 %, 2405 MHz, 46, 12.10 W
1788684802.338465816,0 %, 2405 MHz, 46, 12.10 W
1788684802.437973935,0 %, 2405 MHz, 46, 12.10 W
1788684802.538810165,0 %, 2405 MHz, 46, 12.11 W
1788684802.639001291,0 %, 2405 MHz, 46, 12.11 W
1788684802.738585905,0 %, 2405 MHz, 46, 12.11 W
1788684802.839785479,0 %, 2405 MHz, 46, 12.11 W
1788684802.940740044,0 %, 2405 MHz, 46, 12.11 W
1788684803.040801107,0 %, 2405 MHz, 46, 12.12 W
1788684803.140973577,0 %, 2405 MHz, 46, 12.12 W
1788684803.241445263,0 %, 2405 MHz, 46, 12.12 W
1788684803.342169573,0 %, 2405 MHz, 46, 12.12 W
1788684803.442726523,0 %, 2405 MHz, 46, 12.12 W
1788684803.542749905,0 %, 2405 MHz, 46, 12.12 W
1788684803.643247815,0 %, 2405 MHz, 46, 12.12 W
1788684803.743004542,0 %, 2405 MHz, 46, 12.12 W
1788684803.843651188,0 %, 2405 MHz, 46, 12.12 W
1788684803.944552057,0 %, 2405 MHz, 46, 12.12 W
1788684804.044711744,0 %, 2405 MHz, 46, 12.11 W
1788684804.144943430,0 %, 2405 MHz, 46, 12.11 W
1788684804.245358445,0 %, 2405 MHz, 46, 12.11 W
1788684804.346128035,0 %, 2405 MHz, 46, 12.11 W
1788684804.446465257,0 %, 2405 MHz, 46, 12.11 W
1788684804.546683007,0 %, 2405 MHz, 46, 12.10 W
1788684804.647623221,0 %, 2405 MHz, 46, 12.10 W
1788684804.746689980,0 %, 2405 MHz, 46, 12.10 W
1788684804.847980754,0 %, 2405 MHz, 46, 12.10 W
1788684804.948378200,0 %, 2405 MHz, 46, 12.10 W
1788684805.048643375,0 %, 2405 MHz, 46, 12.10 W
1788684805.147968934,0 %, 2405 MHz, 46, 12.10 W
1788684805.248924188,0 %, 2405 MHz, 46, 12.10 W
1788684805.349198818,0 %, 2405 MHz, 46, 12.10 W
1788684805.449527353,0 %, 2405 MHz, 46, 12.10 W
1788684805.550300607,0 %, 2405 MHz, 46, 12.13 W
1788684805.650578805,0 %, 2405 MHz, 46, 12.13 W
1788684805.750530636,0 %, 2405 MHz, 46, 12.13 W
1788684805.851125282,0 %, 2405 MHz, 46, 12.13 W
1788684805.951704025,0 %, 2405 MHz, 46, 12.13 W
1788684806.051700751,0 %, 2405 MHz, 46, 12.14 W
1788684806.152122134,0 %, 2405 MHz, 46, 12.14 W
1788684806.252368252,0 %, 2405 MHz, 46, 12.14 W
1788684806.352901795,0 %, 2405 MHz, 46, 12.14 W
1788684806.453208714,0 %, 2405 MHz, 46, 12.14 W
1788684806.552672721,0 %, 2405 MHz, 46, 12.12 W
1788684806.653693463,0 %, 2405 MHz, 46, 12.12 W
1788684806.753325998,0 %, 2405 MHz, 46, 12.12 W
1788684806.854732404,0 %, 2405 MHz, 46, 12.12 W
1788684806.954520235,0 %, 2405 MHz, 46, 12.12 W
1788684807.055374609,0 %, 2405 MHz, 46, 12.12 W
1788684807.155351992,0 %, 2405 MHz, 46, 12.12 W
1788684807.255620399,0 %, 2405 MHz, 46, 12.12 W
1788684807.356330869,0 %, 2405 MHz, 46, 12.12 W
1788684807.456203548,0 %, 2405 MHz, 46, 12.12 W
1788684807.556868947,0 %, 2405 MHz, 46, 12.10 W
1788684807.657091753,0 %, 2405 MHz, 46, 12.10 W
1788684807.757360064,0 %, 2405 MHz, 46, 12.10 W
1788684807.857960151,0 %, 2405 MHz, 46, 12.10 W
1788684807.958305277,0 %, 2405 MHz, 46, 12.10 W
1788684808.058743956,0 %, 2405 MHz, 46, 12.10 W
1788684808.159389579,0 %, 2405 MHz, 46, 12.10 W
1788684808.259608770,0 %, 2405 MHz, 46, 12.10 W
1788684808.359917513,0 %, 2405 MHz, 46, 12.10 W
1788684808.460224399,0 %, 2405 MHz, 46, 12.10 W
1788684808.560647974,0 %, 2405 MHz, 46, 12.11 W
1788684808.661331837,0 %, 2405 MHz, 46, 12.11 W
1788684808.761264100,0 %, 2405 MHz, 46, 12.11 W
1788684808.861932155,0 %, 2405 MHz, 46, 12.11 W
1788684808.962162018,0 %, 2405 MHz, 46, 12.11 W
1788684809.062420473,0 %, 2405 MHz, 46, 12.11 W
1788684809.162827135,0 %, 2405 MHz, 46, 12.11 W
1788684809.263166935,0 %, 2405 MHz, 46, 12.11 W
1788684809.363804621,0 %, 2405 MHz, 46, 12.11 W
1788684809.464107988,0 %, 2405 MHz, 46, 12.11 W
1788684809.564579643,0 %, 2405 MHz, 46, 12.12 W
1788684809.665251090,0 %, 2405 MHz, 46, 12.12 W
1788684809.765168713,0 %, 2405 MHz, 46, 12.12 W
1788684809.865634752,0 %, 2405 MHz, 46, 12.12 W
1788684809.965996791,0 %, 2405 MHz, 46, 12.12 W
1788684810.066741038,0 %, 2405 MHz, 46, 12.12 W
1788684810.167113429,0 %, 2405 MHz, 46, 12.12 W
1788684810.267407644,0 %, 2405 MHz, 46, 12.12 W
1788684810.368352659,0 %, 2405 MHz, 46, 12.12 W
1788684810.468687514,0 %, 2405 MHz, 46, 12.12 W
1788684810.568450546,0 %, 2405 MHz, 46, 12.12 W
1788684810.669442856,0 %, 2405 MHz, 46, 12.12 W
1788684810.769017312,0 %, 2405 MHz, 46, 12.12 W
1788684810.869694359,0 %, 2405 MHz, 46, 12.12 W
1788684810.969883310,0 %, 2405 MHz, 46, 12.12 W
1788684811.070229205,0 %, 2405 MHz, 46, 12.12 W
1788684811.170637516,0 %, 2405 MHz, 46, 12.12 W
1788684811.270795700,0 %, 2405 MHz, 46, 12.12 W
1788684811.371428283,0 %, 2405 MHz, 46, 12.12 W
1788684811.471796210,0 %, 2405 MHz, 46, 12.12 W
1788684811.571661866,0 %, 2405 MHz, 46, 12.12 W
1788684811.672633872,0 %, 2405 MHz, 46, 12.12 W
1788684811.772098344,0 %, 2405 MHz, 46, 12.12 W
1788684811.872731071,0 %, 2405 MHz, 46, 12.12 W
1788684811.973726294,0 %, 2405 MHz, 46, 12.12 W
1788684812.073918462,0 %, 2405 MHz, 46, 12.12 W
1788684812.174706693,0 %, 2405 MHz, 46, 12.12 W
1788684812.275162156,0 %, 2405 MHz, 46, 12.12 W
1788684812.375418643,0 %, 2405 MHz, 46, 12.12 W
1788684812.475653243,0 %, 2405 MHz, 46, 12.12 W
1788684812.576503554,0 %, 2405 MHz, 46, 12.11 W
1788684812.676297450,0 %, 2405 MHz, 46, 12.11 W
1788684812.776806817,0 %, 2405 MHz, 46, 12.11 W
1788684812.876539657,0 %, 2405 MHz, 46, 12.11 W
1788684812.977272112,0 %, 2405 MHz, 46, 12.11 W
1788684813.077712615,0 %, 2405 MHz, 46, 12.11 W
1788684813.177909183,0 %, 2405 MHz, 46, 12.11 W
1788684813.278268391,0 %, 2405 MHz, 46, 12.11 W
1788684813.378680718,0 %, 2405 MHz, 46, 12.11 W
1788684813.479309013,0 %, 2405 MHz, 46, 12.11 W
1788684813.579568877,0 %, 2405 MHz, 46, 12.12 W
1788684813.679861429,0 %, 2405 MHz, 46, 12.12 W
1788684813.779773052,0 %, 2405 MHz, 46, 12.12 W
1788684813.880283268,0 %, 2405 MHz, 46, 12.12 W
1788684813.981379627,0 %, 2405 MHz, 46, 12.12 W
1788684814.080813379,0 %, 2405 MHz, 46, 12.12 W
1788684814.181759498,0 %, 2405 MHz, 46, 12.12 W
1788684814.282769570,0 %, 2405 MHz, 46, 12.12 W
1788684814.382925465,0 %, 2405 MHz, 46, 12.12 W
1788684814.482315282,0 %, 2405 MHz, 46, 12.12 W
1788684814.583450681,0 %, 2405 MHz, 46, 12.12 W
1788684814.683654625,0 %, 2405 MHz, 46, 12.12 W
1788684814.783407193,0 %, 2405 MHz, 46, 12.12 W
1788684814.884196256,0 %, 2405 MHz, 46, 12.12 W
1788684814.984492280,0 %, 2405 MHz, 46, 12.12 W
1788684815.085161727,0 %, 2405 MHz, 46, 12.11 W
1788684815.185380343,0 %, 2405 MHz, 46, 12.11 W
1788684815.285913231,0 %, 2405 MHz, 46, 12.11 W
1788684815.386701878,0 %, 2405 MHz, 46, 12.11 W
1788684815.487013422,0 %, 2405 MHz, 46, 12.11 W
1788684815.587291526,0 %, 2405 MHz, 46, 12.11 W
1788684815.687404462,0 %, 2405 MHz, 46, 12.11 W
1788684815.787649334,0 %, 2405 MHz, 46, 12.11 W
1788684815.887518910,0 %, 2405 MHz, 46, 12.11 W
1788684815.988313349,0 %, 2405 MHz, 46, 12.11 W
1788684816.089048909,0 %, 2405 MHz, 46, 12.10 W
1788684816.189381685,0 %, 2405 MHz, 46, 12.10 W
1788684816.289733261,0 %, 2405 MHz, 46, 12.10 W
1788684816.390070693,0 %, 2405 MHz, 46, 12.10 W
1788684816.490831628,0 %, 2405 MHz, 46, 12.10 W
1788684816.590828901,0 %, 2405 MHz, 46, 12.09 W
1788684816.691514252,0 %, 2405 MHz, 46, 12.09 W
1788684816.791282069,0 %, 2405 MHz, 46, 12.09 W
1788684816.891905164,0 %, 2405 MHz, 46, 12.09 W
1788684816.992348756,0 %, 2405 MHz, 46, 12.09 W
1788684817.093173596,0 %, 2405 MHz, 46, 12.09 W
1788684817.193450468,0 %, 2405 MHz, 46, 12.09 W
1788684817.293418188,0 %, 2405 MHz, 46, 12.09 W
1788684817.393846084,0 %, 2405 MHz, 46, 12.09 W
1788684817.494747916,0 %, 2405 MHz, 46, 12.10 W
1788684817.594995060,0 %, 2405 MHz, 46, 12.10 W
1788684817.695381948,0 %, 2405 MHz, 46, 12.10 W
1788684817.794849189,0 %, 2405 MHz, 46, 12.10 W
1788684817.895783117,0 %, 2405 MHz, 46, 12.10 W
1788684817.996051045,0 %, 2405 MHz, 46, 12.09 W
1788684818.095933821,0 %, 2405 MHz, 46, 12.09 W
1788684818.196958293,0 %, 2405 MHz, 46, 12.09 W
1788684818.297331389,0 %, 2405 MHz, 46, 12.09 W
1788684818.397421557,0 %, 2405 MHz, 46, 12.09 W
1788684818.498004622,0 %, 2405 MHz, 46, 12.08 W
1788684818.598754709,0 %, 2405 MHz, 46, 12.08 W
1788684818.699109902,0 %, 2405 MHz, 46, 12.08 W
1788684818.798916486,0 %, 2405 MHz, 46, 12.08 W
1788684818.899352462,0 %, 2405 MHz, 46, 12.08 W
1788684818.999964566,0 %, 2405 MHz, 46, 12.09 W
1788684819.100681711,0 %, 2405 MHz, 46, 12.09 W
1788684819.201050999,0 %, 2405 MHz, 46, 12.09 W
1788684819.301105279,0 %, 2405 MHz, 46, 12.09 W
1788684819.401700488,0 %, 2405 MHz, 46, 12.09 W
1788684819.501875632,0 %, 2405 MHz, 46, 12.09 W
1788684819.602014696,0 %, 2405 MHz, 46, 12.09 W
1788684819.702989840,0 %, 2405 MHz, 46, 12.09 W
1788684819.803074441,0 %, 2405 MHz, 46, 12.09 W
1788684819.903639393,0 %, 2405 MHz, 46, 12.09 W
1788684820.003808698,0 %, 2405 MHz, 46, 12.08 W
1788684820.104379106,0 %, 2405 MHz, 46, 12.08 W
1788684820.204775066,0 %, 2405 MHz, 46, 12.08 W
1788684820.305083891,0 %, 2405 MHz, 46, 12.08 W
1788684820.405168859,0 %, 2405 MHz, 46, 12.08 W
1788684820.505307156,0 %, 2405 MHz, 46, 12.07 W
1788684820.606537292,0 %, 2405 MHz, 46, 12.07 W
1788684820.706765508,0 %, 2405 MHz, 46, 12.07 W
1788684820.805985790,0 %, 2405 MHz, 46, 12.07 W
1788684820.906980806,0 %, 2405 MHz, 46, 12.07 W
1788684821.006795887,0 %, 2405 MHz, 46, 12.07 W
1788684821.107517687,0 %, 2405 MHz, 46, 12.07 W
1788684821.207983520,0 %, 2405 MHz, 46, 12.07 W
1788684821.308735192,0 %, 2405 MHz, 46, 12.07 W
1788684821.409282832,0 %, 2405 MHz, 46, 12.07 W
1788684821.510068457,0 %, 2405 MHz, 46, 12.09 W
1788684821.610424689,0 %, 2405 MHz, 46, 12.09 W
1788684821.710553162,0 %, 2405 MHz, 46, 12.09 W
1788684821.810885715,0 %, 2405 MHz, 46, 12.09 W
1788684821.910973051,0 %, 2405 MHz, 46, 12.09 W
1788684822.011297780,0 %, 2405 MHz, 46, 12.09 W
1788684822.111340717,0 %, 2405 MHz, 46, 12.09 W
1788684822.211922293,0 %, 2405 MHz, 46, 12.09 W
1788684822.312647886,0 %, 2405 MHz, 46, 12.09 W
1788684822.412206615,0 %, 2405 MHz, 46, 12.09 W
1788684822.512702400,0 %, 2405 MHz, 46, 12.09 W
1788684822.613340232,0 %, 2405 MHz, 46, 12.09 W
1788684822.712771826,0 %, 2405 MHz, 46, 12.09 W
1788684822.812538779,0 %, 2405 MHz, 46, 12.09 W
1788684822.913354867,0 %, 2405 MHz, 46, 12.09 W
1788684823.013615500,0 %, 2405 MHz, 46, 12.10 W
1788684823.113423925,0 %, 2405 MHz, 46, 12.10 W
1788684823.214258094,0 %, 2405 MHz, 46, 12.10 W
1788684823.314852055,0 %, 2405 MHz, 46, 12.10 W
1788684823.414921792,0 %, 2405 MHz, 46, 12.10 W
1788684823.515357080,0 %, 2405 MHz, 46, 12.09 W
1788684823.615410705,0 %, 2405 MHz, 46, 12.09 W
1788684823.715451467,0 %, 2405 MHz, 46, 12.09 W
1788684823.815653140,0 %, 2405 MHz, 46, 12.09 W
1788684823.915737229,0 %, 2405 MHz, 46, 12.09 W
1788684824.015978758,0 %, 2405 MHz, 46, 12.09 W
1788684824.116346495,0 %, 2405 MHz, 46, 12.09 W
1788684824.216317240,0 %, 2405 MHz, 46, 12.09 W
1788684824.316472401,0 %, 2405 MHz, 46, 12.09 W
1788684824.416902026,0 %, 2405 MHz, 46, 12.09 W
1788684824.517719683,0 %, 2405 MHz, 46, 12.09 W
1788684824.617332716,0 %, 2405 MHz, 46, 12.09 W
1788684824.717506853,0 %, 2405 MHz, 46, 12.09 W
1788684824.817408542,0 %, 2405 MHz, 46, 12.09 W
1788684824.917662440,0 %, 2405 MHz, 46, 12.09 W
1788684825.017868369,0 %, 2405 MHz, 46, 12.09 W
1788684825.118357482,0 %, 2405 MHz, 46, 12.09 W
1788684825.218402403,0 %, 2405 MHz, 46, 12.09 W
1788684825.318415612,0 %, 2405 MHz, 46, 12.09 W
1788684825.418784870,0 %, 2405 MHz, 46, 12.09 W
1788684825.518916927,0 %, 2405 MHz, 46, 12.09 W
1788684825.618968616,0 %, 2405 MHz, 46, 12.09 W
1788684825.719102498,0 %, 2405 MHz, 46, 12.09 W
1788684825.819328683,0 %, 2405 MHz, 46, 12.09 W
1788684825.919755748,0 %, 2405 MHz, 46, 12.09 W
1788684826.019879965,0 %, 2405 MHz, 46, 12.09 W
1788684826.119985607,0 %, 2405 MHz, 46, 12.09 W
1788684826.220194752,0 %, 2405 MHz, 46, 12.09 W
1788684826.320219081,0 %, 2405 MHz, 46, 12.09 W
1788684826.420505811,0 %, 2405 MHz, 46, 12.09 W
1788684826.520783420,0 %, 2405 MHz, 46, 12.08 W
1788684826.620938117,0 %, 2405 MHz, 46, 12.08 W
1788684826.721011439,0 %, 2405 MHz, 46, 12.08 W
1788684826.821168696,0 %, 2405 MHz, 46, 12.08 W
1788684826.920954290,0 %, 2405 MHz, 46, 12.08 W
1788684827.021827371,0 %, 2405 MHz, 46, 12.09 W
1788684827.121749925,0 %, 2405 MHz, 46, 12.09 W
1788684827.221997454,0 %, 2405 MHz, 46, 12.09 W
1788684827.322310647,0 %, 2405 MHz, 46, 12.09 W
1788684827.422344737,0 %, 2405 MHz, 46, 12.09 W
1788684827.521682155,0 %, 2405 MHz, 46, 12.09 W
1788684827.622867300,0 %, 2405 MHz, 46, 12.09 W
1788684827.722969150,0 %, 2405 MHz, 46, 12.09 W
1788684827.822900391,0 %, 2405 MHz, 46, 12.09 W
1788684827.923391408,0 %, 2405 MHz, 46, 12.09 W
1788684828.022945418,0 %, 2405 MHz, 46, 12.07 W
1788684828.123803636,0 %, 2405 MHz, 46, 12.07 W
1788684828.223942189,0 %, 2405 MHz, 46, 12.07 W
1788684828.324008983,0 %, 2405 MHz, 46, 12.07 W
1788684828.424359857,0 %, 2405 MHz, 46, 12.07 W
1788684828.524346106,0 %, 2405 MHz, 46, 12.07 W
1788684828.624716212,0 %, 2405 MHz, 46, 12.07 W
1788684828.724897678,0 %, 2405 MHz, 46, 12.07 W
1788684828.824554087,0 %, 2405 MHz, 46, 12.07 W
1788684828.925471905,0 %, 2405 MHz, 46, 12.07 W
1788684829.025606202,0 %, 2405 MHz, 46, 12.06 W
1788684829.125084837,0 %, 2405 MHz, 46, 12.06 W
1788684829.225728046,0 %, 2405 MHz, 46, 12.06 W
1788684829.325944328,0 %, 2405 MHz, 46, 12.06 W
1788684829.426052898,0 %, 2405 MHz, 46, 12.06 W
1788684829.526499195,0 %, 2405 MHz, 46, 12.06 W
1788684829.626718021,0 %, 2405 MHz, 46, 12.06 W
1788684829.726883647,0 %, 2405 MHz, 46, 12.06 W
1788684829.826923097,0 %, 2405 MHz, 46, 12.06 W
1788684829.927394098,0 %, 2405 MHz, 46, 12.06 W
1788684830.027431740,0 %, 2405 MHz, 46, 12.06 W
1788684830.127727222,0 %, 2405 MHz, 46, 12.06 W
1788684830.227695248,0 %, 2405 MHz, 46, 12.06 W
1788684830.327572874,0 %, 2405 MHz, 46, 12.06 W
1788684830.428024260,0 %, 2405 MHz, 46, 12.06 W
1788684830.528824157,0 %, 2405 MHz, 46, 12.06 W
1788684830.629166359,0 %, 2405 MHz, 46, 12.06 W
1788684830.728692226,0 %, 2405 MHz, 46, 12.06 W
1788684830.829085211,0 %, 2405 MHz, 46, 12.06 W
1788684830.929778709,0 %, 2405 MHz, 46, 12.06 W
1788684831.029922351,0 %, 2405 MHz, 46, 12.06 W
1788684831.129671833,0 %, 2405 MHz, 46, 12.06 W
1788684831.230372739,0 %, 2405 MHz, 46, 12.06 W
1788684831.330623565,0 %, 2405 MHz, 46, 12.06 W
1788684831.431127783,0 %, 2405 MHz, 46, 12.06 W
1788684831.530759633,0 %, 2405 MHz, 46, 12.06 W
1788684831.631370011,0 %, 2405 MHz, 46, 12.06 W
1788684831.731640949,0 %, 2405 MHz, 46, 12.06 W
1788684831.831900431,0 %, 2405 MHz, 46, 12.06 W
1788684831.932709032,0 %, 2405 MHz, 46, 12.06 W
1788684832.032902274,0 %, 2405 MHz, 46, 12.06 W
1788684832.132831629,0 %, 2405 MHz, 46, 12.06 W
1788684832.233535751,0 %, 2405 MHz, 46, 12.06 W
1788684832.333880273,0 %, 2405 MHz, 46, 12.06 W
1788684832.434642506,0 %, 2405 MHz, 46, 12.06 W
1788684832.534292613,0 %, 2405 MHz, 46, 12.05 W
1788684832.635109279,0 %, 2405 MHz, 46, 12.05 W
1788684832.735396089,0 %, 2405 MHz, 46, 12.05 W
1788684832.835559011,0 %, 2405 MHz, 46, 12.05 W
1788684832.935884845,0 %, 2405 MHz, 46, 12.05 W
1788684833.036678839,0 %, 2405 MHz, 46, 12.05 W
1788684833.136688033,0 %, 2405 MHz, 46, 12.05 W
1788684833.237319051,0 %, 2405 MHz, 46, 12.05 W
1788684833.337649781,0 %, 2405 MHz, 46, 12.05 W
1788684833.437960960,0 %, 2405 MHz, 46, 12.05 W
1788684833.538722745,0 %, 2405 MHz, 46, 12.04 W
1788684833.639050068,0 %, 2405 MHz, 46, 12.04 W
1788684833.739290318,0 %, 2405 MHz, 46, 12.04 W
1788684833.840072680,0 %, 2405 MHz, 46, 12.04 W
1788684833.940524274,0 %, 2405 MHz, 46, 12.04 W
1788684834.040670076,0 %, 2405 MHz, 46, 12.03 W
1788684834.141062551,0 %, 2405 MHz, 46, 12.03 W
1788684834.240665601,0 %, 2405 MHz, 46, 12.03 W
1788684834.342009355,0 %, 2405 MHz, 46, 12.03 W
1788684834.442082341,0 %, 2405 MHz, 46, 12.03 W
1788684834.542681536,0 %, 2405 MHz, 46, 12.04 W
1788684834.643038010,0 %, 2405 MHz, 46, 12.04 W
1788684834.743345748,0 %, 2405 MHz, 46, 12.04 W
1788684834.843713583,0 %, 2405 MHz, 46, 12.04 W
1788684834.944734920,0 %, 2405 MHz, 46, 12.04 W
1788684835.045115459,0 %, 2405 MHz, 46, 12.04 W
1788684835.144976670,0 %, 2405 MHz, 46, 12.04 W
1788684835.245713976,0 %, 2405 MHz, 46, 12.04 W
1788684835.346189010,0 %, 2405 MHz, 46, 12.04 W
1788684835.446553964,0 %, 2405 MHz, 46, 12.04 W
1788684835.546443927,0 %, 2405 MHz, 46, 12.04 W
1788684835.646805794,0 %, 2405 MHz, 46, 12.04 W
1788684835.747214988,0 %, 2405 MHz, 46, 12.04 W
1788684835.846962151,0 %, 2405 MHz, 46, 12.04 W
1788684835.947958225,0 %, 2405 MHz, 46, 12.04 W
1788684836.048835563,0 %, 2405 MHz, 46, 12.06 W
1788684836.148873430,0 %, 2405 MHz, 46, 12.06 W
1788684836.249664736,0 %, 2405 MHz, 46, 12.06 W
1788684836.349647691,0 %, 2405 MHz, 46, 12.06 W
1788684836.450545669,0 %, 2405 MHz, 46, 12.06 W
1788684836.549686017,0 %, 2405 MHz, 46, 12.08 W
1788684836.650657035,0 %, 2405 MHz, 46, 12.08 W
1788684836.751135989,0 %, 2405 MHz, 46, 12.08 W
1788684836.851814624,0 %, 2405 MHz, 46, 12.08 W
1788684836.951998106,0 %, 2405 MHz, 46, 12.08 W
1788684837.052347141,0 %, 2405 MHz, 46, 12.06 W
1788684837.152227664,0 %, 2405 MHz, 46, 12.06 W
1788684837.253064314,0 %, 2405 MHz, 46, 12.06 W
1788684837.353392389,0 %, 2405 MHz, 46, 12.06 W
1788684837.454111407,0 %, 2405 MHz, 46, 12.06 W
1788684837.554529466,0 %, 2405 MHz, 46, 12.05 W
1788684837.654806837,0 %, 2405 MHz, 46, 12.05 W
1788684837.755508319,0 %, 2405 MHz, 46, 12.05 W
1788684837.855903658,0 %, 2405 MHz, 46, 12.05 W
1788684837.956469812,0 %, 2405 MHz, 46, 12.05 W
1788684838.056575071,0 %, 2405 MHz, 46, 12.05 W
1788684838.157282026,0 %, 2405 MHz, 46, 12.05 W
1788684838.257639301,0 %, 2405 MHz, 46, 12.05 W
1788684838.358094128,0 %, 2405 MHz, 46, 12.05 W
1788684838.458176475,0 %, 2405 MHz, 46, 12.05 W
1788684838.558675989,0 %, 2405 MHz, 46, 12.05 W
1788684838.659085280,0 %, 2405 MHz, 46, 12.05 W
1788684838.759590907,0 %, 2405 MHz, 46, 12.05 W
1788684838.859315126,0 %, 2405 MHz, 46, 12.05 W
1788684838.960693280,0 %, 2405 MHz, 46, 12.05 W
1788684839.061206859,0 %, 2405 MHz, 45, 12.04 W
1788684839.161428502,0 %, 2405 MHz, 45, 12.04 W
1788684839.261647681,0 %, 2405 MHz, 45, 12.04 W
1788684839.362506284,0 %, 2405 MHz, 45, 12.04 W
1788684839.462284967,0 %, 2405 MHz, 45, 12.04 W
1788684839.562715202,0 %, 2405 MHz, 45, 12.04 W
1788684839.663367741,0 %, 2405 MHz, 45, 12.04 W
1788684839.763717272,0 %, 2405 MHz, 45, 12.04 W
1788684839.864420962,0 %, 2405 MHz, 45, 12.04 W
1788684839.965171261,0 %, 2405 MHz, 45, 12.04 W
1788684840.065175768,0 %, 2405 MHz, 45, 12.04 W
1788684840.165449364,0 %, 2405 MHz, 45, 12.04 W
1788684840.266192206,0 %, 2405 MHz, 45, 12.04 W
1788684840.366590713,0 %, 2405 MHz, 45, 12.04 W
1788684840.466940212,0 %, 2405 MHz, 45, 12.04 W
1788684840.567258384,0 %, 2405 MHz, 45, 12.06 W
1788684840.667394155,0 %, 2405 MHz, 45, 12.06 W
1788684840.768186598,0 %, 2405 MHz, 45, 12.06 W
1788684840.868375809,0 %, 2405 MHz, 45, 12.06 W
1788684840.968972444,0 %, 2405 MHz, 45, 12.06 W
1788684841.069650983,0 %, 2405 MHz, 45, 12.06 W
1788684841.170388610,0 %, 2405 MHz, 45, 12.06 W
1788684841.270361565,0 %, 2405 MHz, 45, 12.06 W
1788684841.370785224,0 %, 2405 MHz, 45, 12.06 W
1788684841.471369107,0 %, 2405 MHz, 45, 12.06 W
1788684841.571327855,0 %, 2405 MHz, 45, 12.06 W
1788684841.672264074,0 %, 2405 MHz, 45, 12.06 W
1788684841.772662725,0 %, 2405 MHz, 45, 12.06 W
1788684841.873429136,0 %, 2405 MHz, 45, 12.06 W
1788684841.973735451,0 %, 2405 MHz, 45, 12.06 W
1788684842.074069238,0 %, 2405 MHz, 45, 12.06 W
1788684842.174440114,0 %, 2405 MHz, 45, 12.06 W
1788684842.275157677,0 %, 2405 MHz, 45, 12.06 W
1788684842.375510872,0 %, 2405 MHz, 45, 12.06 W
1788684842.475852547,0 %, 2405 MHz, 45, 12.06 W
1788684842.576274831,0 %, 2405 MHz, 45, 12.05 W
1788684842.676921386,0 %, 2405 MHz, 45, 12.05 W
1788684842.777274373,0 %, 2405 MHz, 45, 12.05 W
1788684842.877237041,0 %, 2405 MHz, 45, 12.05 W
1788684842.978159532,0 %, 2405 MHz, 45, 12.05 W
1788684843.078438263,0 %, 2405 MHz, 45, 12.04 W
1788684843.178409507,0 %, 2405 MHz, 45, 12.04 W
1788684843.279178910,0 %, 2405 MHz, 45, 12.04 W
1788684843.379463722,0 %, 2405 MHz, 45, 12.04 W
1788684843.479399317,0 %, 2405 MHz, 45, 12.04 W
1788684843.580028705,0 %, 2405 MHz, 45, 12.04 W
1788684843.680245372,0 %, 2405 MHz, 45, 12.04 W
1788684843.780935911,0 %, 2405 MHz, 45, 12.04 W
1788684843.881338259,0 %, 2405 MHz, 45, 12.04 W
1788684843.981472958,0 %, 2405 MHz, 45, 12.04 W
1788684844.082338394,0 %, 2405 MHz, 45, 12.04 W
1788684844.181990710,0 %, 2405 MHz, 45, 12.04 W
1788684844.282367137,0 %, 2405 MHz, 45, 12.04 W
1788684844.383055869,0 %, 2405 MHz, 45, 12.04 W
1788684844.483399288,0 %, 2405 MHz, 45, 12.04 W
1788684844.583798244,0 %, 2405 MHz, 45, 12.03 W
1788684844.684214671,0 %, 2405 MHz, 45, 12.03 W
1788684844.784898891,0 %, 2405 MHz, 45, 12.03 W
1788684844.884758119,0 %, 2405 MHz, 45, 12.03 W
1788684844.985399314,0 %, 2405 MHz, 45, 12.03 W
1788684845.085490190,0 %, 2405 MHz, 45, 12.02 W
1788684845.185743050,0 %, 2405 MHz, 45, 12.02 W
1788684845.285953798,0 %, 2405 MHz, 45, 12.02 W
1788684845.386120001,0 %, 2405 MHz, 45, 12.02 W
1788684845.486332077,0 %, 2405 MHz, 45, 12.02 W
1788684845.586537881,0 %, 2405 MHz, 45, 12.02 W
1788684845.686657365,0 %, 2405 MHz, 45, 12.02 W
1788684845.786875169,0 %, 2405 MHz, 45, 12.02 W
1788684845.886636557,0 %, 2405 MHz, 45, 12.02 W
1788684845.987417608,0 %, 2405 MHz, 45, 12.02 W
1788684846.087494212,0 %, 2405 MHz, 45, 12.01 W
1788684846.187046705,0 %, 2405 MHz, 45, 12.01 W
1788684846.287610268,0 %, 2405 MHz, 45, 12.01 W
1788684846.387877752,0 %, 2405 MHz, 45, 12.01 W
1788684846.488135940,0 %, 2405 MHz, 45, 12.01 W
1788684846.587720977,0 %, 2405 MHz, 45, 12.01 W
1788684846.688553388,0 %, 2405 MHz, 45, 12.01 W
1788684846.789111560,0 %, 2405 MHz, 45, 12.01 W
1788684846.889715396,0 %, 2405 MHz, 45, 12.01 W
1788684846.990007567,0 %, 2405 MHz, 45, 12.01 W
1788684847.090315548,0 %, 2405 MHz, 45, 12.02 W
1788684847.190375304,0 %, 2405 MHz, 45, 12.02 W
1788684847.291404899,0 %, 2405 MHz, 45, 12.02 W
1788684847.391638383,0 %, 2405 MHz, 45, 12.02 W
1788684847.491976235,0 %, 2405 MHz, 45, 12.02 W
1788684847.592339831,0 %, 2405 MHz, 45, 12.03 W
1788684847.693099731,0 %, 2405 MHz, 45, 12.03 W
1788684847.793132799,0 %, 2405 MHz, 45, 12.03 W
1788684847.893593931,0 %, 2405 MHz, 45, 12.03 W
1788684847.994227015,0 %, 2405 MHz, 45, 12.03 W
1788684848.094521267,0 %, 2405 MHz, 45, 12.02 W
1788684848.194909391,0 %, 2405 MHz, 45, 12.02 W
1788684848.295533739,0 %, 2405 MHz, 45, 12.02 W
1788684848.396438119,0 %, 2405 MHz, 45, 12.02 W
1788684848.495949107,0 %, 2405 MHz, 45, 12.01 W
1788684848.597195679,0 %, 2405 MHz, 45, 12.01 W
1788684848.697262955,0 %, 2405 MHz, 45, 12.01 W
1788684848.797333719,0 %, 2405 MHz, 45, 12.01 W
1788684848.897643684,0 %, 2405 MHz, 45, 12.01 W
1788684848.997992864,0 %, 2405 MHz, 45, 12.01 W
1788684849.098731996,0 %, 2405 MHz, 45, 12.01 W
1788684849.199240008,0 %, 2405 MHz, 45, 12.01 W
1788684849.299374660,0 %, 2405 MHz, 45, 12.01 W
1788684849.399600912,0 %, 2405 MHz, 45, 12.01 W
1788684849.500501468,0 %, 2405 MHz, 45, 12.01 W
1788684849.600156777,0 %, 2405 MHz, 45, 12.01 W
1788684849.700852197,0 %, 2405 MHz, 45, 12.01 W
1788684849.800534194,0 %, 2405 MHz, 45, 12.01 W
1788684849.901157774,0 %, 2405 MHz, 45, 12.01 W
1788684850.001609738,0 %, 2405 MHz, 45, 12.02 W
1788684850.102166934,0 %, 2405 MHz, 45, 12.02 W
1788684850.202241699,0 %, 2405 MHz, 45, 12.02 W
1788684850.303036511,0 %, 2405 MHz, 45, 12.02 W
1788684850.403252843,0 %, 2405 MHz, 45, 12.02 W
1788684850.503642888,0 %, 2405 MHz, 45, 12.02 W
1788684850.603979956,0 %, 2405 MHz, 45, 12.02 W
1788684850.704409488,0 %, 2405 MHz, 45, 12.02 W
1788684850.805117612,0 %, 2405 MHz, 45, 12.02 W
1788684850.905595161,0 %, 2405 MHz, 45, 12.02 W
1788684851.005398517,0 %, 2405 MHz, 45, 12.00 W
1788684851.105917890,0 %, 2405 MHz, 45, 12.00 W
1788684851.206602062,0 %, 2405 MHz, 45, 12.00 W
1788684851.306973626,0 %, 2405 MHz, 45, 12.00 W
1788684851.407349735,0 %, 2405 MHz, 45, 12.00 W
1788684851.507700851,0 %, 2405 MHz, 45, 12.00 W
1788684851.608143760,0 %, 2405 MHz, 45, 12.00 W
1788684851.708585324,0 %, 2405 MHz, 45, 12.00 W
1788684851.809107081,0 %, 2405 MHz, 45, 12.00 W
1788684851.909402181,0 %, 2405 MHz, 45, 12.00 W
1788684852.010164081,0 %, 2405 MHz, 45, 12.00 W
1788684852.110187902,0 %, 2405 MHz, 45, 12.00 W
1788684852.210915226,0 %, 2405 MHz, 45, 12.00 W
1788684852.311141319,0 %, 2405 MHz, 45, 12.00 W
1788684852.411127204,0 %, 2405 MHz, 45, 12.00 W
1788684852.511418801,0 %, 2405 MHz, 45, 12.01 W
1788684852.611809693,0 %, 2405 MHz, 45, 12.01 W
1788684852.712196730,0 %, 2405 MHz, 45, 12.01 W
1788684852.812947414,0 %, 2405 MHz, 45, 12.01 W
1788684852.913299379,0 %, 2405 MHz, 45, 12.01 W
1788684853.013634671,0 %, 2405 MHz, 45, 11.99 W
1788684853.114192140,0 %, 2405 MHz, 45, 11.99 W
1788684853.214229241,0 %, 2405 MHz, 45, 11.99 W
1788684853.314868390,0 %, 2405 MHz, 45, 11.99 W
1788684853.415198002,0 %, 2405 MHz, 45, 11.99 W
1788684853.515378431,0 %, 2405 MHz, 45, 11.98 W
1788684853.615603564,0 %, 2405 MHz, 45, 11.98 W
1788684853.715904329,0 %, 2405 MHz, 45, 11.98 W
1788684853.816462821,0 %, 2405 MHz, 45, 11.98 W
1788684853.915883795,0 %, 2405 MHz, 45, 11.98 W
1788684854.016228735,0 %, 2405 MHz, 45, 11.99 W
1788684854.116689820,0 %, 2405 MHz, 45, 11.99 W
1788684854.217403401,0 %, 2405 MHz, 45, 11.99 W
1788684854.317726166,0 %, 2405 MHz, 45, 11.99 W
1788684854.418092755,0 %, 2405 MHz, 45, 11.99 W
1788684854.518851951,0 %, 2405 MHz, 45, 11.98 W
1788684854.618894892,0 %, 2405 MHz, 45, 11.98 W
1788684854.719498473,0 %, 2405 MHz, 45, 11.98 W
1788684854.819666934,0 %, 2405 MHz, 45, 11.98 W
1788684854.920500498,0 %, 2405 MHz, 45, 11.98 W
1788684855.020501376,0 %, 2405 MHz, 45, 11.99 W
1788684855.120747997,0 %, 2405 MHz, 45, 11.99 W
1788684855.221408809,0 %, 2405 MHz, 45, 11.99 W
1788684855.322236902,0 %, 2405 MHz, 45, 11.99 W
1788684855.422075123,0 %, 2405 MHz, 45, 11.99 W
1788684855.522216800,0 %, 2405 MHz, 45, 12.00 W
1788684855.622892013,0 %, 2405 MHz, 45, 12.00 W
1788684855.723422906,0 %, 2405 MHz, 45, 12.00 W
1788684855.823537079,0 %, 2405 MHz, 45, 12.00 W
1788684855.923819492,0 %, 2405 MHz, 45, 12.00 W
1788684856.024087345,0 %, 2405 MHz, 45, 11.99 W
1788684856.124404046,0 %, 2405 MHz, 45, 11.99 W
1788684856.225221915,0 %, 2405 MHz, 45, 11.99 W
1788684856.325517832,0 %, 2405 MHz, 45, 11.99 W
1788684856.425855829,0 %, 2405 MHz, 45, 11.99 W
1788684856.526622274,0 %, 2405 MHz, 45, 11.99 W
1788684856.626941567,0 %, 2405 MHz, 45, 11.99 W
1788684856.727286157,0 %, 2405 MHz, 45, 11.99 W
1788684856.827507082,0 %, 2405 MHz, 45, 11.99 W
1788684856.927828903,0 %, 2405 MHz, 45, 11.99 W
1788684857.028219748,0 %, 2405 MHz, 45, 12.01 W
1788684857.128429889,0 %, 2405 MHz, 45, 12.01 W
1788684857.229290094,0 %, 2405 MHz, 45, 12.01 W
1788684857.329570332,0 %, 2405 MHz, 45, 12.01 W
1788684857.430354136,0 %, 2405 MHz, 45, 12.01 W
1788684857.530703158,0 %, 2405 MHz, 45, 11.99 W
1788684857.630977891,0 %, 2405 MHz, 45, 11.99 W
1788684857.731280384,0 %, 2405 MHz, 45, 11.99 W
1788684857.831426526,0 %, 2405 MHz, 45, 11.99 W
1788684857.931931563,0 %, 2405 MHz, 45, 11.99 W
1788684858.032718248,0 %, 2405 MHz, 45, 12.00 W
1788684858.132864821,0 %, 2405 MHz, 45, 12.00 W
1788684858.233205811,0 %, 2405 MHz, 45, 12.00 W
1788684858.333929440,0 %, 2405 MHz, 45, 12.00 W
1788684858.434103325,0 %, 2405 MHz, 45, 12.00 W
1788684858.534527802,0 %, 2405 MHz, 45, 12.03 W
1788684858.635022360,0 %, 2405 MHz, 45, 12.03 W
1788684858.735618565,0 %, 2405 MHz, 45, 12.03 W
1788684858.835687714,0 %, 2405 MHz, 45, 12.03 W
1788684858.936023392,0 %, 2405 MHz, 45, 12.03 W
1788684859.036528109,0 %, 2405 MHz, 45, 12.03 W
1788684859.136835435,0 %, 2405 MHz, 45, 12.03 W
1788684859.237029544,0 %, 2405 MHz, 45, 12.03 W
1788684859.337173782,0 %, 2405 MHz, 45, 12.03 W
1788684859.437234772,0 %, 2405 MHz, 45, 12.03 W
1788684859.537329313,0 %, 2405 MHz, 45, 12.01 W
1788684859.638161710,0 %, 2405 MHz, 45, 12.01 W
1788684859.738668604,0 %, 2405 MHz, 45, 12.01 W
1788684859.838755401,0 %, 2405 MHz, 45, 12.01 W
1788684859.938888007,0 %, 2405 MHz, 45, 12.01 W
1788684860.039091013,0 %, 2405 MHz, 45, 11.97 W
1788684860.139749714,0 %, 2405 MHz, 45, 11.97 W
1788684860.239602720,0 %, 2405 MHz, 45, 11.97 W
1788684860.339928366,0 %, 2405 MHz, 45, 11.97 W
1788684860.440061435,0 %, 2405 MHz, 45, 11.97 W
1788684860.540259449,0 %, 2405 MHz, 45, 11.99 W
1788684860.640418919,0 %, 2405 MHz, 45, 11.99 W
1788684860.740817828,0 %, 2405 MHz, 45, 11.99 W
1788684860.841064658,0 %, 2405 MHz, 45, 11.99 W
1788684860.941188464,0 %, 2405 MHz, 45, 11.99 W
1788684861.041696717,0 %, 2405 MHz, 45, 11.99 W
1788684861.142230875,0 %, 2405 MHz, 45, 11.99 W
1788684861.242338073,0 %, 2405 MHz, 45, 11.99 W
1788684861.342662439,0 %, 2405 MHz, 45, 11.99 W
1788684861.442808532,0 %, 2405 MHz, 45, 11.99 W
1788684861.542558291,0 %, 2405 MHz, 45, 11.98 W
1788684861.643338080,0 %, 2405 MHz, 45, 11.98 W
1788684861.743201294,0 %, 2405 MHz, 45, 11.98 W
1788684861.843906748,0 %, 2405 MHz, 45, 11.98 W
1788684861.944093161,0 %, 2405 MHz, 45, 11.98 W
1788684862.044027143,0 %, 2405 MHz, 45, 11.97 W
1788684862.144502149,0 %, 2405 MHz, 45, 11.97 W
1788684862.244606675,0 %, 2405 MHz, 45, 11.97 W
1788684862.345425649,0 %, 2405 MHz, 45, 11.97 W
1788684862.445708175,0 %, 2405 MHz, 45, 11.97 W
1788684862.546078269,0 %, 2405 MHz, 45, 11.97 W
1788684862.646168235,0 %, 2405 MHz, 45, 11.97 W
1788684862.746426984,0 %, 2405 MHz, 45, 11.97 W
1788684862.846588822,0 %, 2405 MHz, 45, 11.97 W
1788684862.946659092,0 %, 2405 MHz, 45, 11.97 W
1788684863.046856546,0 %, 2405 MHz, 45, 11.96 W
1788684863.147014561,0 %, 2405 MHz, 45, 11.96 W
1788684863.247371967,0 %, 2405 MHz, 45, 11.96 W
1788684863.347363885,0 %, 2405 MHz, 45, 11.96 W
1788684863.447940459,0 %, 2405 MHz, 45, 11.96 W
1788684863.548129849,0 %, 2405 MHz, 45, 11.98 W
1788684863.648297607,0 %, 2405 MHz, 45, 11.98 W
1788684863.748420261,0 %, 2405 MHz, 45, 11.98 W
1788684863.848370771,0 %, 2405 MHz, 45, 11.98 W
1788684863.949367969,0 %, 2405 MHz, 45, 11.98 W
1788684864.049830047,0 %, 2405 MHz, 45, 12.01 W
1788684864.149794493,0 %, 2405 MHz, 45, 12.01 W
1788684864.249471932,0 %, 2405 MHz, 45, 12.01 W
1788684864.350171065,0 %, 2405 MHz, 45, 12.01 W
1788684864.450354216,0 %, 2405 MHz, 45, 12.01 W
1788684864.550551670,0 %, 2405 MHz, 45, 12.02 W
1788684864.650721908,0 %, 2405 MHz, 45, 12.02 W
1788684864.750417235,0 %, 2405 MHz, 45, 12.02 W
1788684864.850884465,0 %, 2405 MHz, 45, 12.02 W
1788684864.950863439,0 %, 2405 MHz, 45, 12.02 W
1788684865.051502237,0 %, 2405 MHz, 45, 11.99 W
1788684865.151693963,0 %, 2405 MHz, 45, 11.99 W
1788684865.251502122,0 %, 2405 MHz, 45, 11.99 W
1788684865.352420088,0 %, 2405 MHz, 45, 11.99 W
1788684865.452677126,0 %, 2405 MHz, 45, 11.99 W
1788684865.552705748,0 %, 2405 MHz, 45, 11.98 W
1788684865.652884611,0 %, 2405 MHz, 45, 11.98 W
1788684865.753830304,0 %, 2405 MHz, 45, 11.98 W
1788684865.853095279,0 %, 2405 MHz, 45, 11.98 W
1788684865.953362046,0 %, 2405 MHz, 45, 11.98 W
1788684866.053996076,0 %, 2405 MHz, 45, 12.01 W
1788684866.154497290,0 %, 2405 MHz, 45, 12.01 W
1788684866.254889128,0 %, 2405 MHz, 45, 12.01 W
1788684866.355188455,0 %, 2405 MHz, 45, 12.01 W
1788684866.455310581,0 %, 2405 MHz, 45, 12.01 W
1788684866.554647092,0 %, 2405 MHz, 45, 12.00 W
1788684866.655620978,0 %, 2405 MHz, 45, 12.00 W
1788684866.755767537,0 %, 2405 MHz, 45, 12.00 W
1788684866.856027183,0 %, 2405 MHz, 45, 12.00 W
1788684866.956286109,0 %, 2405 MHz, 45, 12.00 W
1788684867.056426748,0 %, 2405 MHz, 45, 11.97 W
1788684867.156586811,0 %, 2405 MHz, 45, 11.97 W
1788684867.256722761,0 %, 2405 MHz, 45, 11.97 W
1788684867.356980648,0 %, 2405 MHz, 45, 11.97 W
1788684867.457171142,0 %, 2405 MHz, 45, 11.97 W
1788684867.557367141,0 %, 2405 MHz, 45, 11.97 W
1788684867.657546147,0 %, 2405 MHz, 45, 11.97 W
1788684867.757711842,0 %, 2405 MHz, 45, 11.97 W
1788684867.857948817,0 %, 2405 MHz, 45, 11.97 W
1788684867.958116223,0 %, 2405 MHz, 45, 11.97 W
1788684868.058291758,0 %, 2405 MHz, 45, 11.96 W
1788684868.158437980,0 %, 2405 MHz, 45, 11.96 W
1788684868.258685819,0 %, 2405 MHz, 45, 11.96 W
1788684868.358831034,0 %, 2405 MHz, 45, 11.96 W
1788684868.459019721,0 %, 2405 MHz, 45, 11.96 W
1788684868.559223399,0 %, 2405 MHz, 45, 11.96 W
1788684868.659376278,0 %, 2405 MHz, 45, 11.96 W
1788684868.759596149,0 %, 2405 MHz, 45, 11.96 W
1788684868.858920452,0 %, 2405 MHz, 45, 11.96 W
1788684868.959909490,0 %, 2405 MHz, 45, 11.96 W
1788684869.060104929,0 %, 2405 MHz, 45, 11.95 W
1788684869.160273008,0 %, 2405 MHz, 45, 11.95 W
1788684869.260570990,0 %, 2405 MHz, 45, 11.95 W
1788684869.360638429,0 %, 2405 MHz, 45, 11.95 W
1788684869.460821804,0 %, 2405 MHz, 45, 11.95 W
1788684869.561037659,0 %, 2405 MHz, 45, 11.95 W
1788684869.661011658,0 %, 2405 MHz, 45, 11.95 W
1788684869.761354905,0 %, 2405 MHz, 45, 11.95 W
1788684869.861619399,0 %, 2405 MHz, 45, 11.95 W
1788684869.961914854,0 %, 2405 MHz, 45, 11.95 W
1788684870.061948021,0 %, 2405 MHz, 45, 11.98 W
1788684870.162122196,0 %, 2405 MHz, 45, 11.98 W
1788684870.262304227,0 %, 2405 MHz, 45, 11.98 W
1788684870.362507202,0 %, 2405 MHz, 45, 11.98 W
1788684870.462679985,0 %, 2405 MHz, 45, 11.98 W
1788684870.562842480,0 %, 2405 MHz, 45, 11.97 W
1788684870.662684143,0 %, 2405 MHz, 45, 11.97 W
1788684870.763244382,0 %, 2405 MHz, 45, 11.97 W
1788684870.863176189,0 %, 2405 MHz, 45, 11.97 W
1788684870.963773563,0 %, 2405 MHz, 45, 11.97 W
1788684871.063256155,0 %, 2405 MHz, 45, 11.96 W
1788684871.163851802,0 %, 2405 MHz, 45, 11.96 W
1788684871.263676953,0 %, 2405 MHz, 45, 11.96 W
1788684871.364429800,0 %, 2405 MHz, 45, 11.96 W
1788684871.464521127,0 %, 2405 MHz, 45, 11.96 W
1788684871.563781558,0 %, 2405 MHz, 45, 11.96 W
1788684871.664291877,0 %, 2405 MHz, 45, 11.96 W
1788684871.765063188,0 %, 2405 MHz, 45, 11.96 W
1788684871.865284291,0 %, 2405 MHz, 45, 11.96 W
1788684871.965746562,0 %, 2405 MHz, 45, 11.96 W
1788684872.065648593,0 %, 2405 MHz, 45, 11.95 W
1788684872.165901280,0 %, 2405 MHz, 45, 11.95 W
1788684872.265281696,0 %, 2405 MHz, 45, 11.95 W
1788684872.366159231,0 %, 2405 MHz, 45, 11.95 W
1788684872.466351262,0 %, 2405 MHz, 45, 11.95 W
1788684872.566559085,0 %, 2405 MHz, 45, 11.95 W
1788684872.666242765,0 %, 2405 MHz, 45, 11.95 W
1788684872.766965547,0 %, 2405 MHz, 45, 11.95 W
1788684872.866906827,0 %, 2405 MHz, 45, 11.95 W
1788684872.966841562,0 %, 2405 MHz, 45, 11.95 W
1788684873.067603865,0 %, 2405 MHz, 45, 11.95 W
1788684873.167949464,0 %, 2405 MHz, 45, 11.95 W
1788684873.268067543,0 %, 2405 MHz, 45, 11.95 W
1788684873.368035783,0 %, 2405 MHz, 45, 11.95 W
1788684873.468454918,0 %, 2405 MHz, 45, 11.95 W
1788684873.568632261,0 %, 2405 MHz, 45, 11.95 W
1788684873.668958917,0 %, 2405 MHz, 45, 11.95 W
1788684873.769014772,0 %, 2405 MHz, 45, 11.95 W
1788684873.869228355,0 %, 2405 MHz, 45, 11.95 W
1788684873.969192451,0 %, 2405 MHz, 45, 11.95 W
1788684874.069598418,0 %, 2405 MHz, 45, 11.96 W
1788684874.169711601,0 %, 2405 MHz, 45, 11.96 W
1788684874.269944961,0 %, 2405 MHz, 45, 11.96 W
1788684874.370120128,0 %, 2405 MHz, 45, 11.96 W
1788684874.470323344,0 %, 2405 MHz, 45, 11.96 W
1788684874.570266271,0 %, 2405 MHz, 45, 11.95 W
1788684874.670981518,0 %, 2405 MHz, 45, 11.95 W
1788684874.770999038,0 %, 2405 MHz, 45, 11.95 W
1788684874.871219261,0 %, 2405 MHz, 45, 11.95 W
1788684874.971629756,0 %, 2405 MHz, 45, 11.95 W
1788684875.071573036,0 %, 2405 MHz, 45, 11.95 W
1788684875.171760716,0 %, 2405 MHz, 45, 11.95 W
1788684875.271919691,0 %, 2405 MHz, 45, 11.95 W
1788684875.372107723,0 %, 2405 MHz, 45, 11.95 W
1788684875.472288586,0 %, 2405 MHz, 45, 11.95 W
1788684875.572564010,0 %, 2405 MHz, 45, 11.95 W
1788684875.672212058,0 %, 2405 MHz, 45, 11.95 W
1788684875.772855145,0 %, 2405 MHz, 45, 11.95 W
1788684875.873090904,0 %, 2405 MHz, 45, 11.95 W
1788684875.973428072,0 %, 2405 MHz, 45, 11.95 W
1788684876.073432104,0 %, 2405 MHz, 45, 11.94 W
1788684876.173147335,0 %, 2405 MHz, 45, 11.94 W
1788684876.273822951,0 %, 2405 MHz, 45, 11.94 W
1788684876.373985766,0 %, 2405 MHz, 45, 11.94 W
1788684876.474148230,0 %, 2405 MHz, 45, 11.94 W
1788684876.573776614,0 %, 2405 MHz, 45, 11.94 W
1788684876.674550645,0 %, 2405 MHz, 45, 11.94 W
1788684876.774723349,0 %, 2405 MHz, 45, 11.94 W
1788684876.874925957,0 %, 2405 MHz, 45, 11.94 W
1788684876.975113716,0 %, 2405 MHz, 45, 11.94 W
1788684877.075278612,0 %, 2405 MHz, 45, 11.94 W
1788684877.175622740,0 %, 2405 MHz, 45, 11.94 W
1788684877.275571300,0 %, 2405 MHz, 45, 11.94 W
1788684877.375810964,0 %, 2405 MHz, 45, 11.94 W
1788684877.476022403,0 %, 2405 MHz, 45, 11.94 W
1788684877.576228675,0 %, 2405 MHz, 45, 11.94 W
1788684877.676382243,0 %, 2405 MHz, 45, 11.94 W
1788684877.776582771,0 %, 2405 MHz, 45, 11.94 W
1788684877.876809474,0 %, 2405 MHz, 45, 11.94 W
1788684877.976976322,0 %, 2405 MHz, 45, 11.94 W
1788684878.077086610,0 %, 2405 MHz, 45, 11.94 W
1788684878.177325794,0 %, 2405 MHz, 45, 11.94 W
1788684878.277505826,0 %, 2405 MHz, 45, 11.94 W
1788684878.377664738,0 %, 2405 MHz, 45, 11.94 W
1788684878.477888386,0 %, 2405 MHz, 45, 11.94 W
1788684878.578043426,0 %, 2405 MHz, 45, 11.93 W
1788684878.678243729,0 %, 2405 MHz, 45, 11.93 W
1788684878.778396033,0 %, 2405 MHz, 45, 11.93 W
1788684878.878648081,0 %, 2405 MHz, 45, 11.93 W
1788684878.978947969,0 %, 2405 MHz, 45, 11.93 W
1788684879.078965233,0 %, 2405 MHz, 45, 11.93 W
1788684879.179151969,0 %, 2405 MHz, 45, 11.93 W
1788684879.279518689,0 %, 2405 MHz, 45, 11.93 W
1788684879.379541633,0 %, 2405 MHz, 45, 11.93 W
1788684879.479845297,0 %, 2405 MHz, 45, 11.93 W
1788684879.579910497,0 %, 2405 MHz, 45, 11.93 W
1788684879.679993633,0 %, 2405 MHz, 45, 11.93 W
1788684879.780239105,0 %, 2405 MHz, 45, 11.93 W
1788684879.880627633,0 %, 2405 MHz, 45, 11.93 W
1788684879.980805969,0 %, 2405 MHz, 45, 11.93 W
1788684880.080922913,0 %, 2405 MHz, 45, 11.95 W
1788684880.180910226,0 %, 2405 MHz, 45, 11.95 W
1788684880.281466753,0 %, 2405 MHz, 45, 11.95 W
1788684880.381666658,0 %, 2405 MHz, 45, 11.95 W
1788684880.481813682,0 %, 2405 MHz, 45, 11.95 W
1788684880.582021986,0 %, 2405 MHz, 45, 11.95 W
1788684880.682212690,0 %, 2405 MHz, 45, 11.95 W
1788684880.782356434,0 %, 2405 MHz, 45, 11.95 W
1788684880.882602914,0 %, 2405 MHz, 45, 11.95 W
1788684880.983224866,0 %, 2405 MHz, 45, 11.95 W
1788684881.083119859,0 %, 2405 MHz, 45, 11.94 W
1788684881.183087875,0 %, 2405 MHz, 45, 11.94 W
1788684881.283360211,0 %, 2405 MHz, 45, 11.94 W
1788684881.383528579,0 %, 2405 MHz, 45, 11.94 W
1788684881.483722148,0 %, 2405 MHz, 45, 11.94 W
1788684881.583429620,0 %, 2405 MHz, 45, 11.94 W
1788684881.684077140,0 %, 2405 MHz, 45, 11.94 W
1788684881.783876613,0 %, 2405 MHz, 45, 11.94 W
1788684881.884460869,0 %, 2405 MHz, 45, 11.94 W
1788684881.984690821,0 %, 2405 MHz, 45, 11.94 W
1788684882.084595925,0 %, 2405 MHz, 45, 11.94 W
1788684882.184641158,0 %, 2405 MHz, 45, 11.94 W
1788684882.285369622,0 %, 2405 MHz, 45, 11.94 W
1788684882.385655302,0 %, 2405 MHz, 45, 11.94 W
1788684882.486045638,0 %, 2405 MHz, 45, 11.94 W
1788684882.585702231,0 %, 2405 MHz, 45, 11.94 W
1788684882.685819639,0 %, 2405 MHz, 45, 11.94 W
1788684882.786611783,0 %, 2405 MHz, 45, 11.94 W
1788684882.886807368,0 %, 2405 MHz, 45, 11.94 W
1788684882.986342169,0 %, 2405 MHz, 45, 11.94 W
1788684883.086064409,0 %, 2405 MHz, 45, 11.94 W
1788684883.186910121,0 %, 2405 MHz, 45, 11.94 W
1788684883.287553210,0 %, 2405 MHz, 45, 11.94 W
1788684883.387728122,0 %, 2405 MHz, 45, 11.94 W
1788684883.487898955,0 %, 2405 MHz, 45, 11.94 W
1788684883.588078875,0 %, 2405 MHz, 45, 11.94 W
1788684883.687777164,0 %, 2405 MHz, 45, 11.94 W
1788684883.788448412,0 %, 2405 MHz, 45, 11.94 W
1788684883.888656301,0 %, 2405 MHz, 45, 11.94 W
1788684883.988913837,0 %, 2405 MHz, 45, 11.94 W
1788684884.089140398,0 %, 2405 MHz, 45, 11.95 W
1788684884.188089583,0 %, 2405 MHz, 45, 11.95 W
1788684884.289544799,0 %, 2405 MHz, 45, 11.95 W
1788684884.389890431,0 %, 2405 MHz, 45, 11.95 W
1788684884.490008944,0 %, 2405 MHz, 45, 11.95 W
1788684884.590328929,0 %, 2405 MHz, 45, 11.95 W
1788684884.690643297,0 %, 2405 MHz, 45, 11.95 W
1788684884.790819842,0 %, 2405 MHz, 45, 11.95 W
1788684884.890911522,0 %, 2405 MHz, 45, 11.95 W
1788684884.991156275,0 %, 2405 MHz, 45, 11.95 W
1788684885.091357988,0 %, 2405 MHz, 45, 11.95 W
1788684885.191804900,0 %, 2405 MHz, 45, 11.95 W
1788684885.291406725,0 %, 2405 MHz, 45, 11.95 W
1788684885.391807366,0 %, 2405 MHz, 45, 11.95 W
1788684885.491850503,0 %, 2405 MHz, 45, 11.95 W
1788684885.592395095,0 %, 2405 MHz, 45, 11.94 W
1788684885.692508056,0 %, 2405 MHz, 45, 11.94 W
1788684885.792763225,0 %, 2405 MHz, 45, 11.94 W
1788684885.893528601,0 %, 2405 MHz, 45, 11.94 W
1788684885.993617914,0 %, 2405 MHz, 45, 11.94 W
1788684886.093786219,0 %, 2405 MHz, 45, 11.94 W
1788684886.193187228,0 %, 2405 MHz, 45, 11.94 W
1788684886.294166556,0 %, 2405 MHz, 45, 11.94 W
1788684886.393829389,0 %, 2405 MHz, 45, 11.94 W
1788684886.493920046,0 %, 2405 MHz, 45, 11.94 W
1788684886.593772383,0 %, 2405 MHz, 45, 11.93 W
1788684886.694316112,0 %, 2405 MHz, 45, 11.93 W
1788684886.795109760,0 %, 2405 MHz, 45, 11.93 W
1788684886.894835378,0 %, 2405 MHz, 45, 11.93 W
1788684886.995747202,0 %, 2405 MHz, 45, 11.93 W
1788684887.095924947,0 %, 2405 MHz, 45, 11.93 W
1788684887.196312020,0 %, 2405 MHz, 45, 11.93 W
1788684887.296498837,0 %, 2405 MHz, 45, 11.93 W
1788684887.397271397,0 %, 2405 MHz, 45, 11.93 W
1788684887.497629686,0 %, 2405 MHz, 45, 11.93 W
1788684887.597396167,0 %, 2405 MHz, 45, 11.94 W
1788684887.698155864,0 %, 2405 MHz, 45, 11.94 W
1788684887.798515449,0 %, 2405 MHz, 45, 11.94 W
1788684887.898697114,0 %, 2405 MHz, 45, 11.94 W
1788684887.999624122,0 %, 2405 MHz, 45, 11.94 W
1788684888.099756971,0 %, 2405 MHz, 45, 11.95 W
1788684888.199975740,0 %, 2405 MHz, 45, 11.95 W
1788684888.300420989,0 %, 2405 MHz, 45, 11.95 W
1788684888.400598558,0 %, 2405 MHz, 45, 11.95 W
1788684888.501541087,0 %, 2405 MHz, 45, 11.94 W
1788684888.601732624,0 %, 2405 MHz, 45, 11.94 W
1788684888.701934721,0 %, 2405 MHz, 45, 11.94 W
1788684888.802461058,0 %, 2405 MHz, 45, 11.94 W
1788684888.903129683,0 %, 2405 MHz, 45, 11.94 W
1788684889.003504276,0 %, 2405 MHz, 45, 11.92 W
1788684889.103651845,0 %, 2405 MHz, 45, 11.92 W
1788684889.204737622,0 %, 2405 MHz, 45, 11.92 W
1788684889.304853831,0 %, 2405 MHz, 45, 11.92 W
1788684889.405252184,0 %, 2405 MHz, 45, 11.92 W
1788684889.505534153,0 %, 2405 MHz, 45, 11.94 W
1788684889.605835898,0 %, 2405 MHz, 45, 11.94 W
1788684889.706631275,0 %, 2405 MHz, 45, 11.94 W
1788684889.806980316,0 %, 2405 MHz, 45, 11.94 W
1788684889.907605133,0 %, 2405 MHz, 45, 11.94 W
1788684890.007646478,0 %, 2405 MHz, 45, 11.96 W
1788684890.107739568,0 %, 2405 MHz, 45, 11.96 W
1788684890.207729201,0 %, 2405 MHz, 45, 11.96 W
1788684890.308919602,0 %, 2405 MHz, 45, 11.96 W
1788684890.409119971,0 %, 2405 MHz, 45, 11.96 W
1788684890.509604916,0 %, 2405 MHz, 45, 11.96 W
1788684890.610377653,0 %, 2405 MHz, 45, 11.96 W
1788684890.710681430,0 %, 2405 MHz, 45, 11.96 W
1788684890.810876024,0 %, 2405 MHz, 45, 11.96 W
1788684890.911276201,0 %, 2405 MHz, 45, 11.96 W
1788684891.011439658,0 %, 2405 MHz, 45, 11.96 W
1788684891.111632364,0 %, 2405 MHz, 45, 11.96 W
1788684891.211963389,0 %, 2405 MHz, 45, 11.96 W
1788684891.312704734,0 %, 2405 MHz, 45, 11.96 W
1788684891.412741343,0 %, 2405 MHz, 45, 11.96 W
1788684891.513266513,0 %, 2405 MHz, 45, 11.96 W
1788684891.612651139,0 %, 2405 MHz, 45, 11.96 W
1788684891.714112387,0 %, 2405 MHz, 45, 11.96 W
1788684891.814637380,0 %, 2405 MHz, 45, 11.96 W
1788684891.914951526,0 %, 2405 MHz, 45, 11.96 W
1788684892.015349175,0 %, 2405 MHz, 45, 11.96 W
1788684892.116111896,0 %, 2405 MHz, 45, 11.96 W
1788684892.216580890,0 %, 2405 MHz, 45, 11.96 W
1788684892.316695803,0 %, 2405 MHz, 45, 11.96 W
1788684892.417261500,0 %, 2405 MHz, 45, 11.96 W
1788684892.517812110,0 %, 2405 MHz, 45, 11.96 W
1788684892.618115583,0 %, 2405 MHz, 45, 11.96 W
1788684892.718469313,0 %, 2405 MHz, 45, 11.96 W
1788684892.818817426,0 %, 2405 MHz, 45, 11.96 W
1788684892.919595523,0 %, 2405 MHz, 45, 11.96 W
1788684893.019835893,0 %, 2405 MHz, 45, 11.95 W
1788684893.120177590,0 %, 2405 MHz, 45, 11.95 W
1788684893.220526056,0 %, 2405 MHz, 45, 11.95 W
1788684893.320819225,0 %, 2405 MHz, 45, 11.95 W
1788684893.421489787,0 %, 2405 MHz, 45, 11.95 W
1788684893.521942012,0 %, 2405 MHz, 45, 11.94 W
1788684893.622267182,0 %, 2405 MHz, 45, 11.94 W
1788684893.722120784,0 %, 2405 MHz, 45, 11.94 W
1788684893.822799905,0 %, 2405 MHz, 45, 11.94 W
1788684893.923672370,0 %, 2405 MHz, 45, 11.94 W
1788684894.023815396,0 %, 2405 MHz, 45, 11.96 W
1788684894.124154614,0 %, 2405 MHz, 45, 11.96 W
1788684894.224530423,0 %, 2405 MHz, 45, 11.96 W
1788684894.325252361,0 %, 2405 MHz, 45, 11.96 W
1788684894.425449531,0 %, 2405 MHz, 45, 11.96 W
1788684894.525913692,0 %, 2405 MHz, 45, 11.97 W
1788684894.626758926,0 %, 2405 MHz, 45, 11.97 W
1788684894.727054319,0 %, 2405 MHz, 45, 11.97 W
1788684894.827372417,0 %, 2405 MHz, 45, 11.97 W
1788684894.927498275,0 %, 2405 MHz, 45, 11.97 W
1788684895.027890180,0 %, 2405 MHz, 45, 11.96 W
1788684895.127824983,0 %, 2405 MHz, 45, 11.96 W
1788684895.228883736,0 %, 2405 MHz, 45, 11.96 W
1788684895.328787658,0 %, 2405 MHz, 45, 11.96 W
1788684895.429196412,0 %, 2405 MHz, 45, 11.96 W
1788684895.529833293,0 %, 2405 MHz, 45, 11.95 W
1788684895.630726191,0 %, 2405 MHz, 45, 11.95 W
1788684895.731002721,0 %, 2405 MHz, 45, 11.95 W
1788684895.830591491,0 %, 2405 MHz, 45, 11.95 W
1788684895.931582932,0 %, 2405 MHz, 45, 11.95 W
1788684896.030962023,0 %, 2405 MHz, 44, 11.96 W
1788684896.131248777,0 %, 2405 MHz, 44, 11.96 W
1788684896.232065578,0 %, 2405 MHz, 44, 11.96 W
1788684896.332147532,0 %, 2405 MHz, 44, 11.96 W
1788684896.432073502,0 %, 2405 MHz, 44, 11.96 W
1788684896.533389520,0 %, 2405 MHz, 45, 11.98 W
1788684896.633555250,0 %, 2405 MHz, 45, 11.98 W
1788684896.734120067,0 %, 2405 MHz, 45, 11.98 W
1788684896.834278037,0 %, 2405 MHz, 45, 11.98 W
1788684896.935396663,0 %, 2405 MHz, 45, 11.98 W
1788684897.035246857,0 %, 2405 MHz, 44, 11.98 W
1788684897.135577419,0 %, 2405 MHz, 44, 11.98 W
1788684897.235955309,0 %, 2405 MHz, 44, 11.98 W
1788684897.336892191,0 %, 2405 MHz, 44, 11.98 W
1788684897.436523297,0 %, 2405 MHz, 44, 11.98 W
1788684897.536452772,0 %, 2405 MHz, 44, 11.95 W
1788684897.637616965,0 %, 2405 MHz, 44, 11.95 W
1788684897.738090903,0 %, 2405 MHz, 44, 11.95 W
1788684897.838261001,0 %, 2405 MHz, 44, 11.95 W
1788684897.939074827,0 %, 2405 MHz, 44, 11.95 W
1788684898.039418189,0 %, 2405 MHz, 44, 11.94 W
1788684898.139963807,0 %, 2405 MHz, 44, 11.94 W
1788684898.240522721,0 %, 2405 MHz, 44, 11.94 W
1788684898.340222547,0 %, 2405 MHz, 44, 11.94 W
1788684898.441124901,0 %, 2405 MHz, 44, 11.94 W
1788684898.541600807,0 %, 2405 MHz, 44, 11.92 W
1788684898.642309849,0 %, 2405 MHz, 44, 11.92 W
1788684898.742928395,0 %, 2405 MHz, 44, 11.92 W
1788684898.841963598,0 %, 2405 MHz, 44, 11.92 W
1788684898.944039247,0 %, 2405 MHz, 44, 11.92 W
1788684899.043542706,0 %, 2405 MHz, 44, 11.91 W
1788684899.144276596,0 %, 2405 MHz, 44, 11.91 W
1788684899.244598662,0 %, 2405 MHz, 44, 11.91 W
1788684899.344922152,0 %, 2405 MHz, 44, 11.91 W
1788684899.445132267,0 %, 2405 MHz, 44, 11.91 W
1788684899.546015405,0 %, 2405 MHz, 44, 11.91 W
1788684899.646412959,0 %, 2405 MHz, 44, 11.91 W
1788684899.746444209,0 %, 2405 MHz, 44, 11.91 W
1788684899.846899603,0 %, 2405 MHz, 44, 11.91 W
1788684899.947780229,0 %, 2405 MHz, 44, 11.91 W
1788684900.047811336,0 %, 2405 MHz, 44, 11.94 W
1788684900.148597258,0 %, 2405 MHz, 44, 11.94 W
1788684900.248460317,0 %, 2405 MHz, 44, 11.94 W
1788684900.348845215,0 %, 2405 MHz, 44, 11.94 W
1788684900.449186625,0 %, 2405 MHz, 44, 11.94 W
1788684900.550055203,0 %, 2405 MHz, 44, 11.97 W
1788684900.650390198,0 %, 2405 MHz, 44, 11.97 W
1788684900.750742920,0 %, 2405 MHz, 44, 11.97 W
1788684900.851543594,0 %, 2405 MHz, 44, 11.97 W
1788684900.951766029,0 %, 2405 MHz, 44, 11.97 W
1788684901.051936991,0 %, 2405 MHz, 44, 11.96 W
1788684901.152293714,0 %, 2405 MHz, 44, 11.96 W
1788684901.252595844,0 %, 2405 MHz, 44, 11.96 W
1788684901.353320006,0 %, 2405 MHz, 44, 11.96 W
1788684901.452531882,0 %, 2405 MHz, 44, 11.96 W
1788684901.553918235,0 %, 2405 MHz, 44, 11.94 W
1788684901.654264718,0 %, 2405 MHz, 44, 11.94 W
1788684901.754507008,0 %, 2405 MHz, 44, 11.94 W
1788684901.854786915,0 %, 2405 MHz, 44, 11.94 W
1788684901.955751413,0 %, 2405 MHz, 44, 11.94 W
1788684902.055976184,0 %, 2405 MHz, 44, 11.93 W
1788684902.156303162,0 %, 2405 MHz, 44, 11.93 W
1788684902.256336317,0 %, 2405 MHz, 44, 11.93 W
1788684902.357198111,0 %, 2405 MHz, 44, 11.93 W
1788684902.457497826,0 %, 2405 MHz, 44, 11.93 W
1788684902.557921780,0 %, 2405 MHz, 44, 11.93 W
1788684902.658738839,0 %, 2405 MHz, 44, 11.93 W
1788684902.759072041,0 %, 2405 MHz, 44, 11.93 W
1788684902.859570812,0 %, 2405 MHz, 44, 11.93 W
1788684902.959804447,0 %, 2405 MHz, 44, 11.93 W
1788684903.060662145,0 %, 2405 MHz, 44, 11.92 W
1788684903.160863060,0 %, 2405 MHz, 44, 11.92 W
1788684903.261201174,0 %, 2405 MHz, 44, 11.92 W
1788684903.361546473,0 %, 2405 MHz, 44, 11.92 W
1788684903.462281115,0 %, 2405 MHz, 44, 11.92 W
1788684903.562647422,0 %, 2405 MHz, 44, 11.93 W
1788684903.662829633,0 %, 2405 MHz, 44, 11.93 W
1788684903.763164228,0 %, 2405 MHz, 44, 11.93 W
1788684903.863399478,0 %, 2405 MHz, 44, 11.93 W
1788684903.962921258,0 %, 2405 MHz, 44, 11.93 W
1788684904.064007708,0 %, 2405 MHz, 44, 11.94 W
1788684904.164609983,0 %, 2405 MHz, 44, 11.94 W
1788684904.264988945,0 %, 2405 MHz, 44, 11.94 W
1788684904.365040372,0 %, 2405 MHz, 44, 11.94 W
1788684904.465386295,0 %, 2405 MHz, 44, 11.94 W
1788684904.565219114,0 %, 2405 MHz, 44, 11.94 W
1788684904.666597853,0 %, 2405 MHz, 44, 11.94 W
1788684904.766722944,0 %, 2405 MHz, 44, 11.94 W
1788684904.867583570,0 %, 2405 MHz, 44, 11.94 W
1788684904.966761670,0 %, 2405 MHz, 44, 11.94 W
1788684905.067934360,0 %, 2405 MHz, 44, 11.94 W
1788684905.168607451,0 %, 2405 MHz, 44, 11.94 W
1788684905.268935726,0 %, 2405 MHz, 44, 11.94 W
1788684905.369308369,0 %, 2405 MHz, 44, 11.94 W
1788684905.469536708,0 %, 2405 MHz, 44, 11.94 W
1788684905.570409174,0 %, 2405 MHz, 44, 11.95 W
1788684905.670647945,0 %, 2405 MHz, 44, 11.95 W
1788684905.770883660,0 %, 2405 MHz, 44, 11.95 W
1788684905.871537199,0 %, 2405 MHz, 44, 11.95 W
1788684905.970945714,0 %, 2405 MHz, 44, 11.95 W
1788684906.071808565,0 %, 2405 MHz, 44, 11.96 W
1788684906.172436584,0 %, 2405 MHz, 44, 11.96 W
1788684906.272388027,0 %, 2405 MHz, 44, 11.96 W
1788684906.372896766,0 %, 2405 MHz, 44, 11.96 W
1788684906.473237249,0 %, 2405 MHz, 44, 11.96 W
1788684906.573041925,0 %, 2405 MHz, 44, 11.95 W
1788684906.673788343,0 %, 2405 MHz, 44, 11.95 W
1788684906.774223130,0 %, 2405 MHz, 44, 11.95 W
1788684906.875059677,0 %, 2405 MHz, 44, 11.95 W
1788684906.974426833,0 %, 2405 MHz, 44, 11.95 W
1788684907.076146915,0 %, 2405 MHz, 44, 11.95 W
1788684907.176410950,0 %, 2405 MHz, 44, 11.95 W
1788684907.276925993,0 %, 2405 MHz, 44, 11.95 W
1788684907.377087853,0 %, 2405 MHz, 44, 11.95 W
1788684907.477270480,0 %, 2405 MHz, 44, 11.95 W
1788684907.578024787,0 %, 2405 MHz, 44, 11.95 W
1788684907.678365526,0 %, 2405 MHz, 44, 11.95 W
1788684907.778632617,0 %, 2405 MHz, 44, 11.95 W
1788684907.878839628,0 %, 2405 MHz, 44, 11.95 W
1788684907.978201184,0 %, 2405 MHz, 44, 11.95 W
1788684908.079938691,0 %, 2405 MHz, 44, 11.94 W
1788684908.179800262,0 %, 2405 MHz, 44, 11.94 W
1788684908.280314841,0 %, 2405 MHz, 44, 11.94 W
1788684908.380773148,0 %, 2405 MHz, 44, 11.94 W
1788684908.480726416,0 %, 2405 MHz, 44, 11.94 W
1788684908.580899011,0 %, 2405 MHz, 44, 11.94 W
1788684908.681547910,0 %, 2405 MHz, 44, 11.94 W
1788684908.781904714,0 %, 2405 MHz, 44, 11.94 W
1788684908.882696285,0 %, 2405 MHz, 44, 11.94 W
1788684908.981723393,0 %, 2405 MHz, 44, 11.94 W
1788684909.082650420,0 %, 2405 MHz, 44, 11.94 W
1788684909.182415560,0 %, 2405 MHz, 44, 11.94 W
1788684909.283189083,0 %, 2405 MHz, 44, 11.94 W
1788684909.383604542,0 %, 2405 MHz, 44, 11.94 W
1788684909.484091137,0 %, 2405 MHz, 44, 11.94 W
1788684909.584705380,0 %, 2405 MHz, 44, 11.94 W
1788684909.685035048,0 %, 2405 MHz, 44, 11.94 W
1788684909.784344268,0 %, 2405 MHz, 44, 11.94 W
1788684909.885440143,0 %, 2405 MHz, 44, 11.94 W
1788684909.984715427,0 %, 2405 MHz, 44, 11.94 W
1788684910.085829910,0 %, 2405 MHz, 44, 11.95 W
1788684910.185395114,0 %, 2405 MHz, 44, 11.95 W
1788684910.285937645,0 %, 2405 MHz, 44, 11.95 W
1788684910.386533905,0 %, 2405 MHz, 44, 11.95 W
1788684910.486594692,0 %, 2405 MHz, 44, 11.95 W
1788684910.587090504,0 %, 2405 MHz, 44, 11.95 W
1788684910.687820923,0 %, 2405 MHz, 44, 11.95 W
1788684910.788153406,0 %, 2405 MHz, 44, 11.95 W
1788684910.888531410,0 %, 2405 MHz, 44, 11.95 W
1788684910.987931478,0 %, 2405 MHz, 44, 11.95 W
1788684911.088862393,0 %, 2405 MHz, 44, 11.94 W
1788684911.189801404,0 %, 2405 MHz, 44, 11.94 W
1788684911.290036592,0 %, 2405 MHz, 44, 11.94 W
1788684911.390458836,0 %, 2405 MHz, 44, 11.94 W
1788684911.490647543,0 %, 2405 MHz, 44, 11.94 W
1788684911.590222939,0 %, 2405 MHz, 44, 11.94 W
1788684911.691758286,0 %, 2405 MHz, 44, 11.94 W
1788684911.792022482,0 %, 2405 MHz, 44, 11.94 W
1788684911.892463685,0 %, 2405 MHz, 44, 11.94 W
1788684911.991961818,0 %, 2405 MHz, 44, 11.94 W
1788684912.092672717,0 %, 2405 MHz, 44, 11.94 W
1788684912.193647984,0 %, 2405 MHz, 44, 11.94 W
1788684912.293937108,0 %, 2405 MHz, 44, 11.94 W
1788684912.394420552,0 %, 2405 MHz, 44, 11.94 W
1788684912.494444252,0 %, 2405 MHz, 44, 11.94 W
1788684912.594778095,0 %, 2405 MHz, 44, 11.92 W
1788684912.695526915,0 %, 2405 MHz, 44, 11.92 W
1788684912.795636215,0 %, 2405 MHz, 44, 11.92 W
1788684912.896226474,0 %, 2405 MHz, 44, 11.92 W
1788684912.995594399,0 %, 2405 MHz, 44, 11.92 W
1788684913.096811538,0 %, 2405 MHz, 44, 11.91 W
1788684913.196518470,0 %, 2405 MHz, 44, 11.91 W
1788684913.297756377,0 %, 2405 MHz, 44, 11.91 W
1788684913.398097645,0 %, 2405 MHz, 44, 11.91 W
1788684913.498292689,0 %, 2405 MHz, 44, 11.91 W
1788684913.599207669,0 %, 2405 MHz, 44, 11.92 W
1788684913.699513881,0 %, 2405 MHz, 44, 11.92 W
1788684913.799061549,0 %, 2405 MHz, 44, 11.92 W
1788684913.900300000,0 %, 2405 MHz, 44, 11.92 W
1788684913.999657029,0 %, 2405 MHz, 44, 11.92 W
1788684914.100541528,0 %, 2405 MHz, 44, 11.90 W
1788684914.201396300,0 %, 2405 MHz, 44, 11.90 W
1788684914.301729696,0 %, 2405 MHz, 44, 11.90 W
1788684914.401946708,0 %, 2405 MHz, 44, 11.90 W
1788684914.502246792,0 %, 2405 MHz, 44, 11.89 W
1788684914.602425356,0 %, 2405 MHz, 44, 11.89 W
1788684914.703336847,0 %, 2405 MHz, 44, 11.89 W
1788684914.803664643,0 %, 2405 MHz, 44, 11.89 W
1788684914.903267064,0 %, 2405 MHz, 44, 11.89 W
1788684915.003103420,0 %, 2405 MHz, 44, 11.89 W
1788684915.104425775,0 %, 2405 MHz, 44, 11.89 W
1788684915.203970388,0 %, 2405 MHz, 44, 11.89 W
1788684915.305363191,0 %, 2405 MHz, 44, 11.89 W
1788684915.405686555,0 %, 2405 MHz, 44, 11.89 W
1788684915.506015551,0 %, 2405 MHz, 44, 11.90 W
1788684915.606386980,0 %, 2405 MHz, 44, 11.90 W
1788684915.707141671,0 %, 2405 MHz, 44, 11.90 W
1788684915.807504731,0 %, 2405 MHz, 44, 11.90 W
1788684915.906969264,0 %, 2405 MHz, 44, 11.90 W
1788684916.006798516,0 %, 2405 MHz, 44, 11.90 W
1788684916.108079912,0 %, 2405 MHz, 44, 11.90 W
1788684916.208431292,0 %, 2405 MHz, 44, 11.90 W
1788684916.308118961,0 %, 2405 MHz, 44, 11.90 W
1788684916.408736133,0 %, 2405 MHz, 44, 11.90 W
1788684916.508947705,0 %, 2405 MHz, 44, 11.90 W
1788684916.608295950,0 %, 2405 MHz, 44, 11.90 W
1788684916.709254865,0 %, 2405 MHz, 44, 11.90 W
1788684916.809650069,0 %, 2405 MHz, 44, 11.90 W
1788684916.909893546,0 %, 2405 MHz, 44, 11.90 W
1788684917.009130767,0 %, 2405 MHz, 44, 11.91 W
1788684917.109969939,0 %, 2405 MHz, 44, 11.91 W
1788684917.210310999,0 %, 2405 MHz, 44, 11.91 W
1788684917.309962364,0 %, 2405 MHz, 44, 11.91 W
1788684917.410716432,0 %, 2405 MHz, 44, 11.91 W
1788684917.510886148,0 %, 2405 MHz, 44, 11.92 W
1788684917.610962360,0 %, 2405 MHz, 44, 11.92 W
1788684917.711389677,0 %, 2405 MHz, 44, 11.92 W
1788684917.811438529,0 %, 2405 MHz, 44, 11.92 W
1788684917.911581606,0 %, 2405 MHz, 44, 11.92 W
1788684918.011013066,0 %, 2405 MHz, 44, 11.92 W
1788684918.111939438,0 %, 2405 MHz, 44, 11.92 W
1788684918.212005699,0 %, 2405 MHz, 44, 11.92 W
1788684918.312300839,0 %, 2405 MHz, 44, 11.92 W
1788684918.411747932,0 %, 2405 MHz, 44, 11.92 W
1788684918.512463040,0 %, 2405 MHz, 44, 11.92 W
1788684918.612794901,0 %, 2405 MHz, 44, 11.92 W
1788684918.712956777,0 %, 2405 MHz, 44, 11.92 W
1788684918.813048270,0 %, 2405 MHz, 44, 11.92 W
1788684918.912684403,0 %, 2405 MHz, 44, 11.92 W
1788684919.012700055,0 %, 2405 MHz, 44, 11.92 W
1788684919.113829195,0 %, 2405 MHz, 44, 11.92 W
1788684919.213898224,0 %, 2405 MHz, 44, 11.92 W
1788684919.314020244,0 %, 2405 MHz, 44, 11.92 W
1788684919.413464618,0 %, 2405 MHz, 44, 11.92 W
1788684919.513779214,0 %, 2405 MHz, 44, 11.89 W
1788684919.614531634,0 %, 2405 MHz, 44, 11.89 W
1788684919.713976935,0 %, 2405 MHz, 44, 11.89 W
1788684919.814841452,0 %, 2405 MHz, 44, 11.89 W
1788684919.915095888,0 %, 2405 MHz, 44, 11.89 W
1788684920.014384533,0 %, 2405 MHz, 44, 11.89 W
1788684920.115005834,0 %, 2405 MHz, 44, 11.89 W
1788684920.215848238,0 %, 2405 MHz, 44, 11.89 W
1788684920.315752851,0 %, 2405 MHz, 44, 11.89 W
1788684920.416030247,0 %, 2405 MHz, 44, 11.89 W
1788684920.516142892,0 %, 2405 MHz, 44, 11.90 W
1788684920.615813905,0 %, 2405 MHz, 44, 11.90 W
1788684920.716590214,0 %, 2405 MHz, 44, 11.90 W
1788684920.816743450,0 %, 2405 MHz, 44, 11.90 W
1788684920.916958703,0 %, 2405 MHz, 44, 11.90 W
1788684921.015880436,0 %, 2405 MHz, 44, 11.90 W
1788684921.116788153,0 %, 2405 MHz, 44, 11.90 W
1788684921.217894957,0 %, 2405 MHz, 44, 11.90 W
1788684921.317442498,0 %, 2405 MHz, 44, 11.90 W
1788684921.417841671,0 %, 2405 MHz, 44, 11.90 W
1788684921.517414204,0 %, 2405 MHz, 44, 11.90 W
1788684921.617273569,0 %, 2405 MHz, 44, 11.90 W
1788684921.717825718,0 %, 2405 MHz, 44, 11.90 W
1788684921.818575370,0 %, 2405 MHz, 44, 11.90 W
1788684921.918960911,0 %, 2405 MHz, 44, 11.90 W
1788684922.018124068,0 %, 2405 MHz, 44, 11.89 W
1788684922.119368153,0 %, 2405 MHz, 44, 11.89 W
1788684922.219719277,0 %, 2405 MHz, 44, 11.89 W
1788684922.319868114,0 %, 2405 MHz, 44, 11.89 W
1788684922.419934583,0 %, 2405 MHz, 44, 11.89 W
1788684922.520285308,0 %, 2405 MHz, 44, 11.88 W
1788684922.620488881,0 %, 2405 MHz, 44, 11.88 W
1788684922.720643046,0 %, 2405 MHz, 44, 11.88 W
1788684922.820827835,0 %, 2405 MHz, 44, 11.88 W
1788684922.920920416,0 %, 2405 MHz, 44, 11.88 W
1788684923.020168357,0 %, 2405 MHz, 44, 11.89 W
1788684923.121278970,0 %, 2405 MHz, 44, 11.89 W
1788684923.222182046,0 %, 2405 MHz, 44, 11.89 W
1788684923.321825556,0 %, 2405 MHz, 44, 11.89 W
1788684923.422587048,0 %, 2405 MHz, 44, 11.89 W
1788684923.522728605,0 %, 2405 MHz, 44, 11.90 W
1788684923.622939922,0 %, 2405 MHz, 44, 11.90 W
1788684923.723111496,0 %, 2405 MHz, 44, 11.90 W
1788684923.822796957,0 %, 2405 MHz, 44, 11.90 W
1788684923.923651313,0 %, 2405 MHz, 44, 11.90 W
1788684924.022382183,0 %, 2405 MHz, 44, 11.89 W
1788684924.123404524,0 %, 2405 MHz, 44, 11.89 W
1788684924.224112193,0 %, 2405 MHz, 44, 11.89 W
1788684924.323730806,0 %, 2405 MHz, 44, 11.89 W
1788684924.424553611,0 %, 2405 MHz, 44, 11.89 W
1788684924.523604833,0 %, 2405 MHz, 44, 11.90 W
1788684924.624919909,0 %, 2405 MHz, 44, 11.90 W
1788684924.725063450,0 %, 2405 MHz, 44, 11.90 W
1788684924.825161632,0 %, 2405 MHz, 44, 11.90 W
1788684924.924835941,0 %, 2405 MHz, 44, 11.90 W
1788684925.024256923,0 %, 2405 MHz, 44, 11.92 W
1788684925.125920735,0 %, 2405 MHz, 44, 11.92 W
1788684925.226000180,0 %, 2405 MHz, 44, 11.92 W
1788684925.326046650,0 %, 2405 MHz, 44, 11.92 W
1788684925.426425919,0 %, 2405 MHz, 44, 11.92 W
1788684925.526813780,0 %, 2405 MHz, 44, 11.93 W
1788684925.626926393,0 %, 2405 MHz, 44, 11.93 W
1788684925.727008415,0 %, 2405 MHz, 44, 11.93 W
1788684925.827380388,0 %, 2405 MHz, 44, 11.93 W
1788684925.927331417,0 %, 2405 MHz, 44, 11.93 W
1788684926.026699263,0 %, 2405 MHz, 44, 11.92 W
1788684926.128034627,0 %, 2405 MHz, 44, 11.92 W
1788684926.228001865,0 %, 2405 MHz, 44, 11.92 W
1788684926.328343822,0 %, 2405 MHz, 44, 11.92 W
1788684926.428507428,0 %, 2405 MHz, 44, 11.92 W
1788684926.528664201,0 %, 2405 MHz, 44, 11.92 W
1788684926.628078383,0 %, 2405 MHz, 44, 11.92 W
1788684926.728269076,0 %, 2405 MHz, 44, 11.92 W
1788684926.828997673,0 %, 2405 MHz, 44, 11.92 W
1788684926.929166591,0 %, 2405 MHz, 44, 11.92 W
1788684927.028327940,0 %, 2405 MHz, 44, 11.94 W
1788684927.128727146,0 %, 2405 MHz, 44, 11.94 W
1788684927.229827311,0 %, 2405 MHz, 44, 11.94 W
1788684927.329981348,0 %, 2405 MHz, 44, 11.94 W
1788684927.429682154,0 %, 2405 MHz, 44, 11.94 W
1788684927.530168639,0 %, 2405 MHz, 44, 11.93 W
1788684927.630673045,0 %, 2405 MHz, 44, 11.93 W
1788684927.730831946,0 %, 2405 MHz, 44, 11.93 W
1788684927.830980927,0 %, 2405 MHz, 44, 11.93 W
1788684927.931092405,0 %, 2405 MHz, 44, 11.93 W
1788684928.030503579,0 %, 2405 MHz, 44, 11.90 W
1788684928.131616480,0 %, 2405 MHz, 44, 11.90 W
1788684928.231809606,0 %, 2405 MHz, 44, 11.90 W
1788684928.331951547,0 %, 2405 MHz, 44, 11.90 W
1788684928.432036641,0 %, 2405 MHz, 44, 11.90 W
1788684928.532374310,0 %, 2405 MHz, 44, 11.90 W
1788684928.632548716,0 %, 2405 MHz, 44, 11.90 W
1788684928.732731153,0 %, 2405 MHz, 44, 11.90 W
1788684928.832915351,0 %, 2405 MHz, 44, 11.90 W
1788684928.933038493,0 %, 2405 MHz, 44, 11.90 W
1788684929.032627059,0 %, 2405 MHz, 44, 11.90 W
1788684929.133503944,0 %, 2405 MHz, 44, 11.90 W
1788684929.233681341,0 %, 2405 MHz, 44, 11.90 W
1788684929.333880387,0 %, 2405 MHz, 44, 11.90 W
1788684929.434003881,0 %, 2405 MHz, 44, 11.90 W
1788684929.534390718,0 %, 2405 MHz, 44, 11.90 W
1788684929.634458532,0 %, 2405 MHz, 44, 11.90 W
1788684929.734296298,0 %, 2405 MHz, 44, 11.90 W
1788684929.834890095,0 %, 2405 MHz, 44, 11.90 W
1788684929.934965701,0 %, 2405 MHz, 44, 11.90 W
1788684930.034490459,0 %, 2405 MHz, 44, 11.90 W
1788684930.135511153,0 %, 2405 MHz, 44, 11.90 W
1788684930.235713686,0 %, 2405 MHz, 44, 11.90 W
1788684930.335862700,0 %, 2405 MHz, 44, 11.90 W
1788684930.436068626,0 %, 2405 MHz, 44, 11.90 W
1788684930.536254472,0 %, 2405 MHz, 44, 11.91 W
1788684930.636451229,0 %, 2405 MHz, 44, 11.91 W
1788684930.736638371,0 %, 2405 MHz, 44, 11.91 W
1788684930.836818729,0 %, 2405 MHz, 44, 11.91 W
1788684930.936912815,0 %, 2405 MHz, 44, 11.91 W
1788684931.036381605,0 %, 2405 MHz, 44, 11.91 W
1788684931.136704363,0 %, 2405 MHz, 44, 11.91 W
1788684931.237461809,0 %, 2405 MHz, 44, 11.91 W
1788684931.337644758,0 %, 2405 MHz, 44, 11.91 W
1788684931.437892556,0 %, 2405 MHz, 44, 11.91 W
1788684931.537950386,0 %, 2405 MHz, 44, 11.89 W
1788684931.637716888,0 %, 2405 MHz, 44, 11.89 W
1788684931.738528606,0 %, 2405 MHz, 44, 11.89 W
1788684931.838712484,0 %, 2405 MHz, 44, 11.89 W
1788684931.938868538,0 %, 2405 MHz, 44, 11.89 W
1788684932.038226336,0 %, 2405 MHz, 44, 11.89 W
1788684932.139487653,0 %, 2405 MHz, 44, 11.89 W
1788684932.239538428,0 %, 2405 MHz, 44, 11.89 W
1788684932.339654082,0 %, 2405 MHz, 44, 11.89 W
1788684932.439832376,0 %, 2405 MHz, 44, 11.89 W
1788684932.539732126,0 %, 2405 MHz, 44, 11.88 W
1788684932.640223076,0 %, 2405 MHz, 44, 11.88 W
1788684932.740385578,0 %, 2405 MHz, 44, 11.88 W
1788684932.840598688,0 %, 2405 MHz, 44, 11.88 W
1788684932.940810885,0 %, 2405 MHz, 44, 11.88 W
1788684933.040252796,0 %, 2405 MHz, 44, 11.90 W
1788684933.141730849,0 %, 2405 MHz, 44, 11.90 W
1788684933.242117415,0 %, 2405 MHz, 44, 11.90 W
1788684933.341888510,0 %, 2405 MHz, 44, 11.90 W
1788684933.442371412,0 %, 2405 MHz, 44, 11.90 W
1788684933.542339130,0 %, 2405 MHz, 44, 11.90 W
1788684933.642745424,0 %, 2405 MHz, 44, 11.90 W
1788684933.742709558,0 %, 2405 MHz, 44, 11.90 W
1788684933.843105068,0 %, 2405 MHz, 44, 11.90 W
1788684933.942866146,0 %, 2405 MHz, 44, 11.90 W
1788684934.042463577,0 %, 2405 MHz, 44, 11.90 W
1788684934.143732894,0 %, 2405 MHz, 44, 11.90 W
1788684934.243914581,0 %, 2405 MHz, 44, 11.90 W
1788684934.344077275,0 %, 2405 MHz, 44, 11.90 W
1788684934.444163889,0 %, 2405 MHz, 44, 11.90 W
1788684934.544512759,0 %, 2405 MHz, 44, 11.90 W
1788684934.644687421,0 %, 2405 MHz, 44, 11.90 W
1788684934.744889812,0 %, 2405 MHz, 44, 11.90 W
1788684934.845031034,0 %, 2405 MHz, 44, 11.90 W
1788684934.945150848,0 %, 2405 MHz, 44, 11.90 W
1788684935.045543974,0 %, 2405 MHz, 44, 11.90 W
1788684935.144763981,0 %, 2405 MHz, 44, 11.90 W
1788684935.245747539,0 %, 2405 MHz, 44, 11.90 W
1788684935.345969705,0 %, 2405 MHz, 44, 11.90 W
1788684935.446089968,0 %, 2405 MHz, 44, 11.90 W
1788684935.546265782,0 %, 2405 MHz, 44, 11.88 W
1788684935.646544076,0 %, 2405 MHz, 44, 11.88 W
1788684935.746743443,0 %, 2405 MHz, 44, 11.88 W
1788684935.846899817,0 %, 2405 MHz, 44, 11.88 W
1788684935.947346799,0 %, 2405 MHz, 44, 11.88 W
1788684936.047540501,0 %, 2405 MHz, 44, 11.87 W
1788684936.147461788,0 %, 2405 MHz, 44, 11.87 W
1788684936.247698034,0 %, 2405 MHz, 44, 11.87 W
1788684936.347862457,0 %, 2405 MHz, 44, 11.87 W
1788684936.447839983,0 %, 2405 MHz, 44, 11.87 W
1788684936.548186502,0 %, 2405 MHz, 44, 11.86 W
1788684936.647791629,0 %, 2405 MHz, 44, 11.86 W
1788684936.748516627,0 %, 2405 MHz, 44, 11.86 W
1788684936.848817833,0 %, 2405 MHz, 44, 11.86 W
1788684936.949059247,0 %, 2405 MHz, 44, 11.86 W
1788684937.049091478,0 %, 2405 MHz, 44, 11.86 W
1788684937.148735341,0 %, 2405 MHz, 44, 11.86 W
1788684937.249578691,0 %, 2405 MHz, 44, 11.86 W
1788684937.349745738,0 %, 2405 MHz, 44, 11.86 W
1788684937.449962000,0 %, 2405 MHz, 44, 11.86 W
1788684937.550135207,0 %, 2405 MHz, 44, 11.87 W
1788684937.650489117,0 %, 2405 MHz, 44, 11.87 W
1788684937.750523876,0 %, 2405 MHz, 44, 11.87 W
1788684937.850707578,0 %, 2405 MHz, 44, 11.87 W
1788684937.950969313,0 %, 2405 MHz, 44, 11.87 W
1788684938.051086119,0 %, 2405 MHz, 44, 11.88 W
1788684938.151149566,0 %, 2405 MHz, 44, 11.88 W
1788684938.251457428,0 %, 2405 MHz, 44, 11.88 W
1788684938.351660987,0 %, 2405 MHz, 44, 11.88 W
1788684938.451828210,0 %, 2405 MHz, 44, 11.88 W
1788684938.552006184,0 %, 2405 MHz, 44, 11.87 W
1788684938.652217215,0 %, 2405 MHz, 44, 11.87 W
1788684938.752398390,0 %, 2405 MHz, 44, 11.87 W
1788684938.852585484,0 %, 2405 MHz, 44, 11.87 W
1788684938.952814307,0 %, 2405 MHz, 44, 11.87 W
1788684939.052945722,0 %, 2405 MHz, 44, 11.86 W
1788684939.153068368,0 %, 2405 MHz, 44, 11.86 W
1788684939.253254327,0 %, 2405 MHz, 44, 11.86 W
1788684939.353424190,0 %, 2405 MHz, 44, 11.86 W
1788684939.453977764,0 %, 2405 MHz, 44, 11.86 W
1788684939.553994411,0 %, 2405 MHz, 44, 11.88 W
1788684939.654184674,0 %, 2405 MHz, 44, 11.88 W
1788684939.754137865,0 %, 2405 MHz, 44, 11.88 W
1788684939.854580464,0 %, 2405 MHz, 44, 11.88 W
1788684939.954819334,0 %, 2405 MHz, 44, 11.88 W
1788684940.054981581,0 %, 2405 MHz, 44, 11.90 W
1788684940.155114356,0 %, 2405 MHz, 44, 11.90 W
1788684940.255319819,0 %, 2405 MHz, 44, 11.90 W
1788684940.355494578,0 %, 2405 MHz, 44, 11.90 W
1788684940.455758824,0 %, 2405 MHz, 44, 11.90 W
1788684940.555619567,0 %, 2405 MHz, 44, 11.89 W
1788684940.655961510,0 %, 2405 MHz, 44, 11.89 W
1788684940.756075613,0 %, 2405 MHz, 44, 11.89 W
1788684940.856409796,0 %, 2405 MHz, 44, 11.89 W
1788684940.956641563,0 %, 2405 MHz, 44, 11.89 W
1788684941.056871298,0 %, 2405 MHz, 44, 11.87 W
1788684941.156960409,0 %, 2405 MHz, 44, 11.87 W
1788684941.256803888,0 %, 2405 MHz, 44, 11.87 W
1788684941.357458150,0 %, 2405 MHz, 44, 11.87 W
1788684941.457610509,0 %, 2405 MHz, 44, 11.87 W
1788684941.557795348,0 %, 2405 MHz, 44, 11.87 W
1788684941.658073227,0 %, 2405 MHz, 44, 11.87 W
1788684941.757929570,0 %, 2405 MHz, 44, 11.87 W
1788684941.858359865,0 %, 2405 MHz, 44, 11.87 W
1788684941.958684608,0 %, 2405 MHz, 44, 11.87 W
1788684942.058842583,0 %, 2405 MHz, 44, 11.88 W
1788684942.159045358,0 %, 2405 MHz, 44, 11.88 W
1788684942.259771893,0 %, 2405 MHz, 44, 11.88 W
1788684942.360148028,0 %, 2405 MHz, 44, 11.88 W
1788684942.460241187,0 %, 2405 MHz, 44, 11.88 W
1788684942.559782474,0 %, 2405 MHz, 44, 11.87 W
1788684942.659949921,0 %, 2405 MHz, 44, 11.87 W
1788684942.760127176,0 %, 2405 MHz, 44, 11.87 W
1788684942.861031407,0 %, 2405 MHz, 44, 11.87 W
1788684942.961176902,0 %, 2405 MHz, 44, 11.87 W
1788684943.060876222,0 %, 2405 MHz, 44, 11.86 W
1788684943.160744437,0 %, 2405 MHz, 44, 11.86 W
1788684943.261641340,0 %, 2405 MHz, 44, 11.86 W
1788684943.362009075,0 %, 2405 MHz, 44, 11.86 W
1788684943.462062458,0 %, 2405 MHz, 44, 11.86 W
1788684943.562407857,0 %, 2405 MHz, 44, 11.86 W
1788684943.662598536,0 %, 2405 MHz, 44, 11.86 W
1788684943.762753871,0 %, 2405 MHz, 44, 11.86 W
1788684943.862930215,0 %, 2405 MHz, 44, 11.86 W
1788684943.963085774,0 %, 2405 MHz, 44, 11.86 W
1788684944.063501765,0 %, 2405 MHz, 44, 11.87 W
1788684944.163398684,0 %, 2405 MHz, 44, 11.87 W
1788684944.263730820,0 %, 2405 MHz, 44, 11.87 W
1788684944.363914651,0 %, 2405 MHz, 44, 11.87 W
1788684944.464019058,0 %, 2405 MHz, 44, 11.87 W
1788684944.563797066,0 %, 2405 MHz, 44, 11.89 W
1788684944.664560273,0 %, 2405 MHz, 44, 11.89 W
1788684944.764673496,0 %, 2405 MHz, 44, 11.89 W
1788684944.864833375,0 %, 2405 MHz, 44, 11.89 W
1788684944.965031574,0 %, 2405 MHz, 44, 11.89 W
1788684945.065115662,0 %, 2405 MHz, 44, 11.89 W
1788684945.165422565,0 %, 2405 MHz, 44, 11.89 W
1788684945.265162045,0 %, 2405 MHz, 44, 11.89 W
1788684945.365728500,0 %, 2405 MHz, 44, 11.89 W
1788684945.465727019,0 %, 2405 MHz, 44, 11.89 W
1788684945.566057251,0 %, 2405 MHz, 44, 11.88 W
1788684945.666442234,0 %, 2405 MHz, 44, 11.88 W
1788684945.765643586,0 %, 2405 MHz, 44, 11.88 W
1788684945.865798249,0 %, 2405 MHz, 44, 11.88 W
1788684945.967041312,0 %, 2405 MHz, 44, 11.88 W
1788684946.067027304,0 %, 2405 MHz, 44, 11.87 W
1788684946.167123215,0 %, 2405 MHz, 44, 11.87 W
1788684946.267429319,0 %, 2405 MHz, 44, 11.87 W
1788684946.367645486,0 %, 2405 MHz, 44, 11.87 W
1788684946.467813717,0 %, 2405 MHz, 44, 11.87 W
1788684946.567704109,0 %, 2405 MHz, 44, 11.87 W
1788684946.667943445,0 %, 2405 MHz, 44, 11.87 W
1788684946.768569548,0 %, 2405 MHz, 44, 11.87 W
1788684946.868771731,0 %, 2405 MHz, 44, 11.87 W
1788684946.969559018,0 %, 2405 MHz, 44, 11.87 W
1788684947.069142434,0 %, 2405 MHz, 44, 11.88 W
1788684947.169342490,0 %, 2405 MHz, 44, 11.88 W
1788684947.269530321,0 %, 2405 MHz, 44, 11.88 W
1788684947.369711961,0 %, 2405 MHz, 44, 11.88 W
1788684947.469871281,0 %, 2405 MHz, 44, 11.88 W
1788684947.569407001,0 %, 2405 MHz, 44, 11.87 W
1788684947.670187200,0 %, 2405 MHz, 44, 11.87 W
1788684947.770283735,0 %, 2405 MHz, 44, 11.87 W
1788684947.870358319,0 %, 2405 MHz, 44, 11.87 W
1788684947.970910214,0 %, 2405 MHz, 44, 11.87 W
1788684948.070833278,0 %, 2405 MHz, 44, 11.86 W
1788684948.171104758,0 %, 2405 MHz, 44, 11.86 W
1788684948.271840829,0 %, 2405 MHz, 44, 11.86 W
1788684948.372158885,0 %, 2405 MHz, 44, 11.86 W
1788684948.472408556,0 %, 2405 MHz, 44, 11.86 W
1788684948.572600788,0 %, 2405 MHz, 44, 11.86 W
1788684948.672786060,0 %, 2405 MHz, 44, 11.86 W
1788684948.772971316,0 %, 2405 MHz, 44, 11.86 W
1788684948.873138331,0 %, 2405 MHz, 44, 11.86 W
1788684948.972813619,0 %, 2405 MHz, 44, 11.86 W
1788684949.073570107,0 %, 2405 MHz, 44, 11.86 W
1788684949.173832738,0 %, 2405 MHz, 44, 11.86 W
1788684949.273893610,0 %, 2405 MHz, 44, 11.86 W
1788684949.374098018,0 %, 2405 MHz, 44, 11.86 W
1788684949.473777754,0 %, 2405 MHz, 44, 11.86 W
1788684949.574665714,0 %, 2405 MHz, 44, 11.85 W
1788684949.674739465,0 %, 2405 MHz, 44, 11.85 W
1788684949.774845153,0 %, 2405 MHz, 44, 11.85 W
1788684949.875034009,0 %, 2405 MHz, 44, 11.85 W
1788684949.975203665,0 %, 2405 MHz, 44, 11.85 W
1788684950.075177609,0 %, 2405 MHz, 44, 11.85 W
1788684950.175612561,0 %, 2405 MHz, 44, 11.85 W
1788684950.275787656,0 %, 2405 MHz, 44, 11.85 W
1788684950.375971248,0 %, 2405 MHz, 44, 11.85 W
1788684950.476140136,0 %, 2405 MHz, 44, 11.85 W
1788684950.575796144,0 %, 2405 MHz, 44, 11.84 W
1788684950.676545752,0 %, 2405 MHz, 44, 11.84 W
1788684950.776712352,0 %, 2405 MHz, 44, 11.84 W
1788684950.876916488,0 %, 2405 MHz, 44, 11.84 W
1788684950.977147872,0 %, 2405 MHz, 44, 11.84 W
1788684951.076785448,0 %, 2405 MHz, 44, 11.85 W
1788684951.177499200,0 %, 2405 MHz, 44, 11.85 W
1788684951.277760888,0 %, 2405 MHz, 44, 11.85 W
1788684951.377367488,0 %, 2405 MHz, 44, 11.85 W
1788684951.478096360,0 %, 2405 MHz, 44, 11.85 W
1788684951.578170384,0 %, 2405 MHz, 44, 11.86 W
1788684951.678500280,0 %, 2405 MHz, 44, 11.86 W
1788684951.778763776,0 %, 2405 MHz, 44, 11.86 W
1788684951.879004023,0 %, 2405 MHz, 44, 11.86 W
1788684951.979101135,0 %, 2405 MHz, 44, 11.86 W
1788684952.078484792,0 %, 2405 MHz, 44, 11.86 W
1788684952.179492368,0 %, 2405 MHz, 44, 11.86 W
1788684952.279751320,0 %, 2405 MHz, 44, 11.86 W
1788684952.379882176,0 %, 2405 MHz, 44, 11.86 W
1788684952.479954168,0 %, 2405 MHz, 44, 11.86 W
1788684952.580437312,0 %, 2405 MHz, 44, 11.85 W
1788684952.680611352,0 %, 2405 MHz, 44, 11.85 W
1788684952.780814896,0 %, 2405 MHz, 44, 11.85 W
1788684952.881067464,0 %, 2405 MHz, 44, 11.85 W
1788684952.981464688,0 %, 2405 MHz, 44, 11.85 W
1788684953.081297497,0 %, 2405 MHz, 44, 11.86 W
1788684953.181535953,0 %, 2405 MHz, 44, 11.86 W
1788684953.281765065,0 %, 2405 MHz, 44, 11.86 W
1788684953.381903009,0 %, 2405 MHz, 44, 11.86 W
1788684953.482211529,0 %, 2405 MHz, 44, 11.86 W
1788684953.582408625,0 %, 2405 MHz, 44, 11.86 W
1788684953.682597338,0 %, 2405 MHz, 44, 11.86 W
1788684953.782799522,0 %, 2405 MHz, 44, 11.86 W
1788684953.883021834,0 %, 2405 MHz, 44, 11.86 W
1788684953.983790754,0 %, 2405 MHz, 44, 11.86 W
1788684954.083870682,0 %, 2405 MHz, 44, 11.85 W
1788684954.183324723,0 %, 2405 MHz, 44, 11.85 W
1788684954.283516971,0 %, 2405 MHz, 44, 11.85 W
1788684954.384723907,0 %, 2405 MHz, 44, 11.85 W
1788684954.484753963,0 %, 2405 MHz, 44, 11.85 W
1788684954.585059492,0 %, 2405 MHz, 44, 11.87 W
1788684954.684990028,0 %, 2405 MHz, 44, 11.87 W
1788684954.785151124,0 %, 2405 MHz, 44, 11.87 W
1788684954.885511997,0 %, 2405 MHz, 44, 11.87 W
1788684954.985594949,0 %, 2405 MHz, 44, 11.87 W
1788684955.085910493,0 %, 2405 MHz, 44, 11.86 W
1788684955.185266854,0 %, 2405 MHz, 44, 11.86 W
1788684955.285759134,0 %, 2405 MHz, 44, 11.86 W
1788684955.386776230,0 %, 2405 MHz, 44, 11.86 W
1788684955.486607663,0 %, 2405 MHz, 44, 11.86 W
1788684955.586882775,0 %, 2405 MHz, 44, 11.86 W
1788684955.687311984,0 %, 2405 MHz, 44, 11.86 W
1788684955.787511880,0 %, 2405 MHz, 44, 11.86 W
1788684955.887520369,0 %, 2405 MHz, 44, 11.86 W
1788684955.987657401,0 %, 2405 MHz, 44, 11.86 W
1788684956.088295137,0 %, 2405 MHz, 44, 11.84 W
1788684956.188284330,0 %, 2405 MHz, 44, 11.84 W
1788684956.288297730,0 %, 2405 MHz, 44, 11.84 W
1788684956.388678155,0 %, 2405 MHz, 44, 11.84 W
1788684956.488752659,0 %, 2405 MHz, 44, 11.84 W
1788684956.588882396,0 %, 2405 MHz, 44, 11.83 W
1788684956.689207684,0 %, 2405 MHz, 44, 11.83 W
1788684956.789020541,0 %, 2405 MHz, 44, 11.83 W
1788684956.889589013,0 %, 2405 MHz, 44, 11.83 W
1788684956.989857198,0 %, 2405 MHz, 44, 11.83 W
1788684957.089530759,0 %, 2405 MHz, 44, 11.84 W
1788684957.190905007,0 %, 2405 MHz, 44, 11.84 W
1788684957.291410567,0 %, 2405 MHz, 44, 11.84 W
1788684957.391501600,0 %, 2405 MHz, 44, 11.84 W
1788684957.490935417,0 %, 2405 MHz, 44, 11.84 W
1788684957.592458065,0 %, 2405 MHz, 44, 11.86 W
1788684957.692464073,0 %, 2405 MHz, 44, 11.86 W
1788684957.793017122,0 %, 2405 MHz, 44, 11.86 W
1788684957.892833467,0 %, 2405 MHz, 44, 11.86 W
1788684957.992964867,0 %, 2405 MHz, 44, 11.86 W
1788684958.093955435,0 %, 2405 MHz, 44, 11.85 W
1788684958.193682293,0 %, 2405 MHz, 44, 11.85 W
1788684958.294837213,0 %, 2405 MHz, 44, 11.85 W
1788684958.394923877,0 %, 2405 MHz, 44, 11.85 W
1788684958.495252494,0 %, 2405 MHz, 44, 11.85 W
1788684958.595626199,0 %, 2405 MHz, 44, 11.82 W
1788684958.696446287,0 %, 2405 MHz, 44, 11.82 W
1788684958.796125880,0 %, 2405 MHz, 44, 11.82 W
1788684958.896082049,0 %, 2405 MHz, 44, 11.82 W
1788684958.997141225,0 %, 2405 MHz, 44, 11.82 W
1788684959.097299554,0 %, 2405 MHz, 44, 11.82 W
1788684959.198041514,0 %, 2405 MHz, 44, 11.82 W
1788684959.297958819,0 %, 2405 MHz, 44, 11.82 W
1788684959.399089484,0 %, 2405 MHz, 44, 11.82 W
1788684959.499400468,0 %, 2405 MHz, 44, 11.82 W
1788684959.600128701,0 %, 2405 MHz, 44, 11.82 W
1788684959.699819414,0 %, 2405 MHz, 44, 11.82 W
1788684959.800515279,0 %, 2405 MHz, 44, 11.82 W
1788684959.901018391,0 %, 2405 MHz, 44, 11.82 W
1788684960.001324928,0 %, 2405 MHz, 44, 11.82 W
1788684960.100777673,0 %, 2405 MHz, 44, 11.83 W
1788684960.201817138,0 %, 2405 MHz, 44, 11.83 W
1788684960.302689242,0 %, 2405 MHz, 44, 11.83 W
1788684960.402946131,0 %, 2405 MHz, 44, 11.83 W
1788684960.503518764,0 %, 2405 MHz, 44, 11.83 W
1788684960.603675957,0 %, 2405 MHz, 44, 11.86 W
1788684960.703436462,0 %, 2405 MHz, 44, 11.86 W
1788684960.804570758,0 %, 2405 MHz, 44, 11.86 W
1788684960.904714575,0 %, 2405 MHz, 44, 11.86 W
1788684961.005130936,0 %, 2405 MHz, 44, 11.86 W
1788684961.104413010,0 %, 2405 MHz, 44, 11.86 W
1788684961.205895066,0 %, 2405 MHz, 44, 11.86 W
1788684961.306412707,0 %, 2405 MHz, 44, 11.86 W
1788684961.406729004,0 %, 2405 MHz, 44, 11.86 W
1788684961.506962901,0 %, 2405 MHz, 44, 11.85 W
1788684961.606611534,0 %, 2405 MHz, 44, 11.85 W
1788684961.707661286,0 %, 2405 MHz, 44, 11.85 W
1788684961.808357695,0 %, 2405 MHz, 44, 11.85 W
1788684961.908764072,0 %, 2405 MHz, 44, 11.85 W
1788684962.008215266,0 %, 2405 MHz, 44, 11.85 W
1788684962.107955883,0 %, 2405 MHz, 44, 11.85 W
1788684962.209406707,0 %, 2405 MHz, 44, 11.85 W
1788684962.309735084,0 %, 2405 MHz, 44, 11.85 W
1788684962.409668678,0 %, 2405 MHz, 44, 11.85 W
1788684962.510768878,0 %, 2405 MHz, 44, 11.86 W
1788684962.611038759,0 %, 2405 MHz, 44, 11.86 W
1788684962.711090001,0 %, 2405 MHz, 44, 11.86 W
1788684962.811451786,0 %, 2405 MHz, 44, 11.86 W
1788684962.911853795,0 %, 2405 MHz, 44, 11.86 W
1788684963.012213292,0 %, 2405 MHz, 44, 11.87 W
1788684963.111706581,0 %, 2405 MHz, 44, 11.87 W
1788684963.212852558,0 %, 2405 MHz, 44, 11.87 W
1788684963.313247367,0 %, 2405 MHz, 44, 11.87 W
1788684963.413974656,0 %, 2405 MHz, 44, 11.87 W
1788684963.514547945,0 %, 2405 MHz, 44, 11.87 W
1788684963.614892594,0 %, 2405 MHz, 44, 11.87 W
1788684963.715211691,0 %, 2405 MHz, 44, 11.87 W
1788684963.815589940,0 %, 2405 MHz, 44, 11.87 W
1788684963.916426413,0 %, 2405 MHz, 44, 11.87 W
1788684964.016690758,0 %, 2405 MHz, 44, 11.88 W
1788684964.115866736,0 %, 2405 MHz, 44, 11.88 W
1788684964.217216297,0 %, 2405 MHz, 44, 11.88 W
1788684964.317529506,0 %, 2405 MHz, 44, 11.88 W
1788684964.418270267,0 %, 2405 MHz, 44, 11.88 W
1788684964.518611300,0 %, 2405 MHz, 44, 11.89 W
1788684964.618888382,0 %, 2405 MHz, 44, 11.89 W
1788684964.719171095,0 %, 2405 MHz, 44, 11.89 W
1788684964.820008864,0 %, 2405 MHz, 44, 11.89 W
1788684964.920187577,0 %, 2405 MHz, 44, 11.89 W
1788684965.020226179,0 %, 2405 MHz, 44, 11.89 W
1788684965.119911804,0 %, 2405 MHz, 44, 11.89 W
1788684965.221154485,0 %, 2405 MHz, 44, 11.89 W
1788684965.321552783,0 %, 2405 MHz, 44, 11.89 W
1788684965.421464968,0 %, 2405 MHz, 44, 11.89 W
1788684965.522436193,0 %, 2405 MHz, 44, 11.88 W
1788684965.622829354,0 %, 2405 MHz, 44, 11.88 W
1788684965.723714131,0 %, 2405 MHz, 44, 11.88 W
1788684965.823206301,0 %, 2405 MHz, 44, 11.88 W
1788684965.923806310,0 %, 2405 MHz, 44, 11.88 W
1788684966.024432128,0 %, 2405 MHz, 44, 11.87 W
1788684966.123933386,0 %, 2405 MHz, 44, 11.87 W
1788684966.225512146,0 %, 2405 MHz, 44, 11.87 W
1788684966.325383756,0 %, 2405 MHz, 44, 11.87 W
1788684966.426259221,0 %, 2405 MHz, 44, 11.87 W
1788684966.526471727,0 %, 2405 MHz, 44, 11.88 W
1788684966.626135032,0 %, 2405 MHz, 44, 11.88 W
1788684966.727506097,0 %, 2405 MHz, 44, 11.88 W
1788684966.827638395,0 %, 2405 MHz, 44, 11.88 W
1788684966.927858004,0 %, 2405 MHz, 44, 11.88 W
1788684967.028559886,0 %, 2405 MHz, 44, 11.86 W
1788684967.128249240,0 %, 2405 MHz, 44, 11.86 W
1788684967.229566257,0 %, 2405 MHz, 44, 11.86 W
1788684967.329552698,0 %, 2405 MHz, 44, 11.86 W
1788684967.430234324,0 %, 2405 MHz, 44, 11.86 W
1788684967.531008381,0 %, 2405 MHz, 44, 11.85 W
1788684967.631207719,0 %, 2405 MHz, 44, 11.85 W
1788684967.731428000,0 %, 2405 MHz, 44, 11.85 W
1788684967.831869930,0 %, 2405 MHz, 44, 11.85 W
1788684967.932033203,0 %, 2405 MHz, 44, 11.85 W
1788684968.032467165,0 %, 2405 MHz, 44, 11.85 W
1788684968.132125111,0 %, 2405 MHz, 44, 11.85 W
1788684968.232829904,0 %, 2405 MHz, 44, 11.85 W
1788684968.333734426,0 %, 2405 MHz, 44, 11.85 W
1788684968.433891523,0 %, 2405 MHz, 44, 11.85 W
1788684968.534379741,0 %, 2405 MHz, 44, 11.84 W
1788684968.635017942,0 %, 2405 MHz, 44, 11.84 W
1788684968.735356768,0 %, 2405 MHz, 44, 11.84 W
1788684968.835686906,0 %, 2405 MHz, 44, 11.84 W
1788684968.935231220,0 %, 2405 MHz, 44, 11.84 W
1788684969.036113789,0 %, 2405 MHz, 44, 11.84 W
1788684969.135411367,0 %, 2405 MHz, 44, 11.84 W
1788684969.236557953,0 %, 2405 MHz, 44, 11.84 W
1788684969.336834506,0 %, 2405 MHz, 44, 11.84 W
1788684969.437647572,0 %, 2405 MHz, 44, 11.84 W
1788684969.537961118,0 %, 2405 MHz, 44, 11.85 W
1788684969.638289543,0 %, 2405 MHz, 44, 11.85 W
1788684969.738579953,0 %, 2405 MHz, 44, 11.85 W
1788684969.838813947,0 %, 2405 MHz, 44, 11.85 W
1788684969.939761476,0 %, 2405 MHz, 44, 11.85 W
1788684970.039935406,0 %, 2405 MHz, 44, 11.87 W
1788684970.138895401,0 %, 2405 MHz, 44, 11.87 W
1788684970.240099890,0 %, 2405 MHz, 44, 11.87 W
1788684970.340420812,0 %, 2405 MHz, 44, 11.87 W
1788684970.440841862,0 %, 2405 MHz, 44, 11.87 W
1788684970.541365264,0 %, 2405 MHz, 44, 11.89 W
1788684970.641997177,0 %, 2405 MHz, 44, 11.89 W
1788684970.742389923,0 %, 2405 MHz, 44, 11.89 W
1788684970.843182941,0 %, 2405 MHz, 44, 11.89 W
1788684970.943537158,0 %, 2405 MHz, 44, 11.89 W
1788684971.043380401,0 %, 2405 MHz, 44, 11.88 W
1788684971.143331867,0 %, 2405 MHz, 44, 11.88 W
1788684971.244358020,0 %, 2405 MHz, 44, 11.88 W
1788684971.345094510,0 %, 2405 MHz, 44, 11.88 W
1788684971.445437768,0 %, 2405 MHz, 44, 11.88 W
1788684971.545531298,0 %, 2405 MHz, 44, 11.87 W
1788684971.644990605,0 %, 2405 MHz, 44, 11.87 W
1788684971.746111942,0 %, 2405 MHz, 44, 11.87 W
1788684971.846532112,0 %, 2405 MHz, 44, 11.87 W
1788684971.947380650,0 %, 2405 MHz, 44, 11.87 W
1788684972.047224436,0 %, 2405 MHz, 44, 11.87 W
1788684972.147093614,0 %, 2405 MHz, 44, 11.87 W
1788684972.247815592,0 %, 2405 MHz, 44, 11.87 W
1788684972.348160194,0 %, 2405 MHz, 44, 11.87 W
1788684972.448687628,0 %, 2405 MHz, 44, 11.87 W
1788684972.548714038,0 %, 2405 MHz, 44, 11.88 W
1788684972.648888080,0 %, 2405 MHz, 44, 11.88 W
1788684972.749221594,0 %, 2405 MHz, 44, 11.88 W
1788684972.849397300,0 %, 2405 MHz, 44, 11.88 W
1788684972.949816334,0 %, 2405 MHz, 44, 11.88 W
1788684973.049799657,0 %, 2405 MHz, 44, 11.86 W
1788684973.149191763,0 %, 2405 MHz, 44, 11.86 W
1788684973.250740813,0 %, 2405 MHz, 44, 11.86 W
1788684973.350889783,0 %, 2405 MHz, 44, 11.86 W
1788684973.451063777,0 %, 2405 MHz, 44, 11.86 W
1788684973.550734508,0 %, 2405 MHz, 44, 11.87 W
1788684973.650842470,0 %, 2405 MHz, 44, 11.87 W
1788684973.751621008,0 %, 2405 MHz, 44, 11.87 W
1788684973.851835210,0 %, 2405 MHz, 44, 11.87 W
1788684973.952134804,0 %, 2405 MHz, 44, 11.87 W
1788684974.052059119,0 %, 2405 MHz, 44, 11.88 W
1788684974.151339546,0 %, 2405 MHz, 44, 11.88 W
1788684974.252472531,0 %, 2405 MHz, 44, 11.88 W
1788684974.352825822,0 %, 2405 MHz, 44, 11.88 W
1788684974.453030280,0 %, 2405 MHz, 44, 11.88 W
1788684974.553262818,0 %, 2405 MHz, 44, 11.88 W
1788684974.653445693,0 %, 2405 MHz, 44, 11.88 W
1788684974.753646855,0 %, 2405 MHz, 44, 11.88 W
1788684974.853864433,0 %, 2405 MHz, 44, 11.88 W
1788684974.954177115,0 %, 2405 MHz, 44, 11.88 W
1788684975.054004886,0 %, 2405 MHz, 44, 11.88 W
1788684975.153558337,0 %, 2405 MHz, 44, 11.88 W
1788684975.254687851,0 %, 2405 MHz, 44, 11.88 W
1788684975.354842933,0 %, 2405 MHz, 44, 11.88 W
1788684975.454991599,0 %, 2405 MHz, 44, 11.88 W
1788684975.555234458,0 %, 2405 MHz, 44, 11.88 W
1788684975.655408996,0 %, 2405 MHz, 44, 11.88 W
1788684975.755585775,0 %, 2405 MHz, 44, 11.88 W
1788684975.855781369,0 %, 2405 MHz, 44, 11.88 W
1788684975.955895156,0 %, 2405 MHz, 44, 11.88 W
1788684976.055961598,0 %, 2405 MHz, 44, 11.88 W
1788684976.155634505,0 %, 2405 MHz, 44, 11.88 W
1788684976.256432931,0 %, 2405 MHz, 44, 11.88 W
1788684976.356796061,0 %, 2405 MHz, 44, 11.88 W
1788684976.456991608,0 %, 2405 MHz, 44, 11.88 W
1788684976.557152291,0 %, 2405 MHz, 44, 11.87 W
1788684976.657162493,0 %, 2405 MHz, 44, 11.87 W
1788684976.757410792,0 %, 2405 MHz, 44, 11.87 W
1788684976.857748786,0 %, 2405 MHz, 44, 11.87 W
1788684976.957989389,0 %, 2405 MHz, 44, 11.87 W
1788684977.057888935,0 %, 2405 MHz, 44, 11.87 W
1788684977.157415298,0 %, 2405 MHz, 44, 11.87 W
1788684977.258256684,0 %, 2405 MHz, 44, 11.87 W
1788684977.358698599,0 %, 2405 MHz, 44, 11.87 W
1788684977.458613714,0 %, 2405 MHz, 44, 11.87 W
1788684977.559047740,0 %, 2405 MHz, 44, 11.87 W
1788684977.659220263,0 %, 2405 MHz, 44, 11.87 W
1788684977.759405505,0 %, 2405 MHz, 44, 11.87 W
1788684977.859595388,0 %, 2405 MHz, 44, 11.87 W
1788684977.959805303,0 %, 2405 MHz, 44, 11.87 W
1788684978.059735073,0 %, 2405 MHz, 44, 11.87 W
1788684978.159267773,0 %, 2405 MHz, 44, 11.87 W
1788684978.260095255,0 %, 2405 MHz, 44, 11.87 W
1788684978.360538993,0 %, 2405 MHz, 44, 11.87 W
1788684978.460447020,0 %, 2405 MHz, 44, 11.87 W
1788684978.560955095,0 %, 2405 MHz, 44, 11.86 W
1788684978.661082978,0 %, 2405 MHz, 44, 11.86 W
1788684978.761253500,0 %, 2405 MHz, 44, 11.86 W
1788684978.861453847,0 %, 2405 MHz, 44, 11.86 W
1788684978.960704450,0 %, 2405 MHz, 44, 11.86 W
1788684979.061980364,0 %, 2405 MHz, 44, 11.88 W
1788684979.161595640,0 %, 2405 MHz, 44, 11.88 W
1788684979.262760658,0 %, 2405 MHz, 44, 11.88 W
1788684979.363036077,0 %, 2405 MHz, 44, 11.88 W
1788684979.462419704,0 %, 2405 MHz, 44, 11.88 W
1788684979.563534002,0 %, 2405 MHz, 44, 11.88 W
1788684979.663794365,0 %, 2405 MHz, 44, 11.88 W
1788684979.764129928,0 %, 2405 MHz, 44, 11.88 W
1788684979.864461842,0 %, 2405 MHz, 44, 11.88 W
1788684979.964507277,0 %, 2405 MHz, 44, 11.88 W
1788684980.065655336,0 %, 2405 MHz, 44, 11.87 W
1788684980.164785795,0 %, 2405 MHz, 44, 11.87 W
1788684980.266038365,0 %, 2405 MHz, 44, 11.87 W
1788684980.366497224,0 %, 2405 MHz, 44, 11.87 W
1788684980.467047619,0 %, 2405 MHz, 44, 11.87 W
1788684980.567559086,0 %, 2405 MHz, 44, 11.87 W
1788684980.667731144,0 %, 2405 MHz, 44, 11.87 W
1788684980.768061507,0 %, 2405 MHz, 44, 11.87 W
1788684980.868392782,0 %, 2405 MHz, 44, 11.87 W
1788684980.968504297,0 %, 2405 MHz, 44, 11.87 W
1788684981.069322660,0 %, 2405 MHz, 44, 11.87 W
1788684981.168560191,0 %, 2405 MHz, 44, 11.87 W
1788684981.269893066,0 %, 2405 MHz, 44, 11.87 W
1788684981.370256981,0 %, 2405 MHz, 44, 11.87 W
1788684981.471020111,0 %, 2405 MHz, 44, 11.87 W
1788684981.571119770,0 %, 2405 MHz, 44, 11.86 W
1788684981.670874198,0 %, 2405 MHz, 44, 11.86 W
1788684981.771874144,0 %, 2405 MHz, 44, 11.86 W
1788684981.872224507,0 %, 2405 MHz, 44, 11.86 W
1788684981.972662374,0 %, 2405 MHz, 44, 11.86 W
1788684982.072844497,0 %, 2405 MHz, 44, 11.85 W
1788684982.172327868,0 %, 2405 MHz, 44, 11.85 W
1788684982.273605879,0 %, 2405 MHz, 44, 11.85 W
1788684982.373826018,0 %, 2405 MHz, 44, 11.85 W
1788684982.474051805,0 %, 2405 MHz, 44, 11.85 W
1788684982.574520584,0 %, 2405 MHz, 44, 11.84 W
1788684982.674821235,0 %, 2405 MHz, 44, 11.84 W
1788684982.775605214,0 %, 2405 MHz, 44, 11.84 W
1788684982.875934329,0 %, 2405 MHz, 44, 11.84 W
1788684982.976318868,0 %, 2405 MHz, 44, 11.84 W
1788684983.077087775,0 %, 2405 MHz, 44, 11.83 W
1788684983.176364954,0 %, 2405 MHz, 44, 11.83 W
1788684983.277675525,0 %, 2405 MHz, 44, 11.83 W
1788684983.377924832,0 %, 2405 MHz, 44, 11.83 W
1788684983.478784683,0 %, 2405 MHz, 44, 11.83 W
1788684983.579067478,0 %, 2405 MHz, 44, 11.85 W
1788684983.679190081,0 %, 2405 MHz, 44, 11.85 W
1788684983.779531613,0 %, 2405 MHz, 44, 11.85 W
1788684983.880458215,0 %, 2405 MHz, 44, 11.85 W
1788684983.980847682,0 %, 2405 MHz, 44, 11.85 W
1788684984.081313646,0 %, 2405 MHz, 43, 11.85 W
1788684984.180575177,0 %, 2405 MHz, 43, 11.85 W
1788684984.281318004,0 %, 2405 MHz, 43, 11.85 W
1788684984.381900415,0 %, 2405 MHz, 43, 11.85 W
1788684984.481972091,0 %, 2405 MHz, 43, 11.85 W
1788684984.582248038,0 %, 2405 MHz, 44, 11.85 W
1788684984.682549713,0 %, 2405 MHz, 44, 11.85 W
1788684984.782775037,0 %, 2405 MHz, 44, 11.85 W
1788684984.882959656,0 %, 2405 MHz, 44, 11.85 W
1788684984.982955651,0 %, 2405 MHz, 44, 11.85 W
1788684985.083307871,0 %, 2405 MHz, 44, 11.85 W
1788684985.182829642,0 %, 2405 MHz, 44, 11.85 W
1788684985.283647701,0 %, 2405 MHz, 44, 11.85 W
1788684985.383647265,0 %, 2405 MHz, 44, 11.85 W
1788684985.484018188,0 %, 2405 MHz, 44, 11.85 W
1788684985.584166952,0 %, 2405 MHz, 44, 11.85 W
1788684985.684040659,0 %, 2405 MHz, 44, 11.85 W
1788684985.784521486,0 %, 2405 MHz, 44, 11.85 W
1788684985.884818778,0 %, 2405 MHz, 44, 11.85 W
1788684985.984579141,0 %, 2405 MHz, 44, 11.85 W
1788684986.085189649,0 %, 2405 MHz, 44, 11.85 W
1788684986.184756284,0 %, 2405 MHz, 44, 11.85 W
1788684986.285567032,0 %, 2405 MHz, 44, 11.85 W
1788684986.385766259,0 %, 2405 MHz, 44, 11.85 W
1788684986.485512911,0 %, 2405 MHz, 44, 11.85 W
1788684986.586727610,0 %, 2405 MHz, 44, 11.84 W
1788684986.686557845,0 %, 2405 MHz, 44, 11.84 W
1788684986.786433457,0 %, 2405 MHz, 44, 11.84 W
1788684986.886794316,0 %, 2405 MHz, 44, 11.84 W
1788684986.986576824,0 %, 2405 MHz, 44, 11.84 W
1788684987.086816660,0 %, 2405 MHz, 43, 11.83 W
1788684987.186440864,0 %, 2405 MHz, 43, 11.83 W
1788684987.287405243,0 %, 2405 MHz, 43, 11.83 W
1788684987.387602262,0 %, 2405 MHz, 43, 11.83 W
1788684987.487183538,0 %, 2405 MHz, 43, 11.83 W
1788684987.587918077,0 %, 2405 MHz, 44, 11.85 W
1788684987.688094665,0 %, 2405 MHz, 44, 11.85 W
1788684987.788280261,0 %, 2405 MHz, 44, 11.85 W
1788684987.888277072,0 %, 2405 MHz, 44, 11.85 W
1788684987.988809532,0 %, 2405 MHz, 44, 11.85 W
1788684988.088850871,0 %, 2405 MHz, 43, 11.85 W
1788684988.188368404,0 %, 2405 MHz, 43, 11.85 W
1788684988.289638351,0 %, 2405 MHz, 43, 11.85 W
1788684988.389454954,0 %, 2405 MHz, 43, 11.85 W
1788684988.489700726,0 %, 2405 MHz, 43, 11.85 W
1788684988.589851874,0 %, 2405 MHz, 43, 11.83 W
1788684988.689859838,0 %, 2405 MHz, 43, 11.83 W
1788684988.790225609,0 %, 2405 MHz, 43, 11.83 W
1788684988.889530453,0 %, 2405 MHz, 43, 11.83 W
1788684988.990668048,0 %, 2405 MHz, 43, 11.83 W
1788684989.090916508,0 %, 2405 MHz, 43, 11.82 W
1788684989.190166921,0 %, 2405 MHz, 43, 11.82 W
1788684989.291718644,0 %, 2405 MHz, 43, 11.82 W
1788684989.391315648,0 %, 2405 MHz, 43, 11.82 W
1788684989.491547979,0 %, 2405 MHz, 43, 11.82 W
1788684989.591540279,0 %, 2405 MHz, 44, 11.82 W
1788684989.692008019,0 %, 2405 MHz, 44, 11.82 W
1788684989.792040175,0 %, 2405 MHz, 44, 11.82 W
1788684989.892025643,0 %, 2405 MHz, 44, 11.82 W
1788684989.993004726,0 %, 2405 MHz, 44, 11.82 W
1788684990.092696722,0 %, 2405 MHz, 44, 11.82 W
1788684990.192094654,0 %, 2405 MHz, 44, 11.82 W
1788684990.293020938,0 %, 2405 MHz, 44, 11.82 W
1788684990.393800357,0 %, 2405 MHz, 44, 11.82 W
1788684990.494044945,0 %, 2405 MHz, 44, 11.82 W
1788684990.594118029,0 %, 2405 MHz, 43, 11.82 W
1788684990.694446073,0 %, 2405 MHz, 43, 11.82 W
1788684990.794638805,0 %, 2405 MHz, 43, 11.82 W
1788684990.894796737,0 %, 2405 MHz, 43, 11.82 W
1788684990.995058461,0 %, 2405 MHz, 43, 11.82 W
1788684991.095297545,0 %, 2405 MHz, 43, 11.82 W
1788684991.194420357,0 %, 2405 MHz, 43, 11.82 W
1788684991.295698272,0 %, 2405 MHz, 43, 11.82 W
1788684991.395858748,0 %, 2405 MHz, 43, 11.82 W
1788684991.496038232,0 %, 2405 MHz, 43, 11.82 W
1788684991.596223668,0 %, 2405 MHz, 43, 11.82 W
1788684991.696197824,0 %, 2405 MHz, 43, 11.82 W
1788684991.796600636,0 %, 2405 MHz, 43, 11.82 W
1788684991.896827208,0 %, 2405 MHz, 43, 11.82 W
1788684991.997017588,0 %, 2405 MHz, 43, 11.82 W
1788684992.097008048,0 %, 2405 MHz, 43, 11.82 W
1788684992.196412413,0 %, 2405 MHz, 43, 11.82 W
1788684992.297538856,0 %, 2405 MHz, 43, 11.82 W
1788684992.397861572,0 %, 2405 MHz, 43, 11.82 W
1788684992.498103632,0 %, 2405 MHz, 43, 11.82 W
1788684992.598271389,0 %, 2405 MHz, 43, 11.83 W
1788684992.698656265,0 %, 2405 MHz, 43, 11.83 W
1788684992.798692277,0 %, 2405 MHz, 43, 11.83 W
1788684992.899019185,0 %, 2405 MHz, 43, 11.83 W
1788684992.998927245,0 %, 2405 MHz, 43, 11.83 W
1788684993.100053913,0 %, 2405 MHz, 43, 11.83 W
1788684993.198609365,0 %, 2405 MHz, 43, 11.83 W
1788684993.299600209,0 %, 2405 MHz, 43, 11.83 W
1788684993.399757037,0 %, 2405 MHz, 43, 11.83 W
1788684993.499957450,0 %, 2405 MHz, 43, 11.83 W
1788684993.600727781,0 %, 2405 MHz, 43, 11.82 W
1788684993.700293666,0 %, 2405 MHz, 43, 11.82 W
1788684993.800695278,0 %, 2405 MHz, 43, 11.82 W
1788684993.900726042,0 %, 2405 MHz, 43, 11.82 W
1788684994.000910902,0 %, 2405 MHz, 43, 11.82 W
1788684994.100921379,0 %, 2405 MHz, 43, 11.81 W
1788684994.200395855,0 %, 2405 MHz, 43, 11.81 W
1788684994.301367755,0 %, 2405 MHz, 43, 11.81 W
1788684994.401655207,0 %, 2405 MHz, 43, 11.81 W
1788684994.501833204,0 %, 2405 MHz, 43, 11.81 W
1788684994.601870912,0 %, 2405 MHz, 43, 11.81 W
1788684994.702761868,0 %, 2405 MHz, 43, 11.81 W
1788684994.803015768,0 %, 2405 MHz, 43, 11.81 W
1788684994.903148212,0 %, 2405 MHz, 43, 11.81 W
1788684995.003505776,0 %, 2405 MHz, 43, 11.81 W
1788684995.103594701,0 %, 2405 MHz, 43, 11.80 W
1788684995.202677466,0 %, 2405 MHz, 43, 11.80 W
1788684995.303934982,0 %, 2405 MHz, 43, 11.80 W
1788684995.404130594,0 %, 2405 MHz, 43, 11.80 W
1788684995.504295102,0 %, 2405 MHz, 43, 11.80 W
1788684995.604516795,0 %, 2405 MHz, 43, 11.80 W
1788684995.704689671,0 %, 2405 MHz, 43, 11.80 W
1788684995.804870851,0 %, 2405 MHz, 43, 11.80 W
1788684995.904467808,0 %, 2405 MHz, 43, 11.80 W
1788684996.005209484,0 %, 2405 MHz, 43, 11.80 W
1788684996.105438744,0 %, 2405 MHz, 43, 11.81 W
1788684996.204796517,0 %, 2405 MHz, 43, 11.81 W
1788684996.305916609,0 %, 2405 MHz, 43, 11.81 W
1788684996.406067310,0 %, 2405 MHz, 43, 11.81 W
1788684996.506291690,0 %, 2405 MHz, 43, 11.81 W
1788684996.606497687,0 %, 2405 MHz, 43, 11.81 W
1788684996.706645507,0 %, 2405 MHz, 43, 11.81 W
1788684996.806837536,0 %, 2405 MHz, 43, 11.81 W
1788684996.906994972,0 %, 2405 MHz, 43, 11.81 W
1788684997.007131960,0 %, 2405 MHz, 43, 11.81 W
1788684997.107702405,0 %, 2405 MHz, 43, 11.82 W
1788684997.206720498,0 %, 2405 MHz, 43, 11.82 W
1788684997.307757294,0 %, 2405 MHz, 43, 11.82 W
1788684997.408082619,0 %, 2405 MHz, 43, 11.82 W
1788684997.508080247,0 %, 2405 MHz, 43, 11.82 W
1788684997.608759747,0 %, 2405 MHz, 43, 11.81 W
1788684997.708765040,0 %, 2405 MHz, 43, 11.81 W
1788684997.809074125,0 %, 2405 MHz, 43, 11.81 W
1788684997.908987657,0 %, 2405 MHz, 43, 11.81 W
1788684998.010054021,0 %, 2405 MHz, 43, 11.81 W
1788684998.110085698,0 %, 2405 MHz, 43, 11.80 W
1788684998.209633135,0 %, 2405 MHz, 43, 11.80 W
1788684998.310718859,0 %, 2405 MHz, 43, 11.80 W
1788684998.410958584,0 %, 2405 MHz, 43, 11.80 W
1788684998.510848037,0 %, 2405 MHz, 43, 11.82 W
1788684998.611274289,0 %, 2405 MHz, 43, 11.82 W
1788684998.711424462,0 %, 2405 MHz, 43, 11.82 W
1788684998.811579850,0 %, 2405 MHz, 43, 11.82 W
1788684998.911836311,0 %, 2405 MHz, 43, 11.82 W
1788684999.012034596,0 %, 2405 MHz, 43, 11.83 W
1788684999.112087984,0 %, 2405 MHz, 43, 11.83 W
1788684999.211632573,0 %, 2405 MHz, 43, 11.83 W
1788684999.312551178,0 %, 2405 MHz, 43, 11.83 W
1788684999.412742151,0 %, 2405 MHz, 43, 11.83 W
1788684999.512907763,0 %, 2405 MHz, 43, 11.81 W
1788684999.613044928,0 %, 2405 MHz, 43, 11.81 W
1788684999.713088733,0 %, 2405 MHz, 43, 11.81 W
1788684999.813473865,0 %, 2405 MHz, 43, 11.81 W
1788684999.913743974,0 %, 2405 MHz, 43, 11.81 W
1788685000.013897843,0 %, 2405 MHz, 43, 11.81 W
1788685000.114082736,0 %, 2405 MHz, 43, 11.81 W
1788685000.213235309,0 %, 2405 MHz, 43, 11.81 W
1788685000.314425193,0 %, 2405 MHz, 43, 11.81 W
1788685000.414603654,0 %, 2405 MHz, 43, 11.81 W
1788685000.514802515,0 %, 2405 MHz, 43, 11.82 W
1788685000.614961808,0 %, 2405 MHz, 43, 11.82 W
1788685000.714977709,0 %, 2405 MHz, 43, 11.82 W
1788685000.815520473,0 %, 2405 MHz, 43, 11.82 W
1788685000.915150022,0 %, 2405 MHz, 43, 11.82 W
1788685001.015374835,0 %, 2405 MHz, 43, 11.84 W
1788685001.116765328,0 %, 2405 MHz, 43, 11.84 W
1788685001.215719485,0 %, 2405 MHz, 43, 11.84 W
1788685001.316181450,0 %, 2405 MHz, 43, 11.84 W
1788685001.416555079,0 %, 2405 MHz, 43, 11.84 W
1788685001.517559923,0 %, 2405 MHz, 43, 11.84 W
1788685001.618004448,0 %, 2405 MHz, 43, 11.84 W
1788685001.717950141,0 %, 2405 MHz, 43, 11.84 W
1788685001.818084490,0 %, 2405 MHz, 43, 11.84 W
1788685001.917360471,0 %, 2405 MHz, 43, 11.84 W
1788685002.017503220,0 %, 2405 MHz, 43, 11.85 W
1788685002.118293761,0 %, 2405 MHz, 43, 11.85 W
1788685002.217588270,0 %, 2405 MHz, 43, 11.85 W
1788685002.318526875,0 %, 2405 MHz, 43, 11.85 W
1788685002.418721464,0 %, 2405 MHz, 43, 11.85 W
1788685002.518913509,0 %, 2405 MHz, 43, 11.85 W
1788685002.619674594,0 %, 2405 MHz, 43, 11.85 W
1788685002.719253791,0 %, 2405 MHz, 43, 11.85 W
1788685002.819899948,0 %, 2405 MHz, 43, 11.85 W
1788685002.919498521,0 %, 2405 MHz, 43, 11.85 W
1788685003.019555718,0 %, 2405 MHz, 43, 11.83 W
1788685003.119850531,0 %, 2405 MHz, 43, 11.83 W
1788685003.219676369,0 %, 2405 MHz, 43, 11.83 W
1788685003.320358845,0 %, 2405 MHz, 43, 11.83 W
1788685003.420538491,0 %, 2405 MHz, 43, 11.83 W
1788685003.520702856,0 %, 2405 MHz, 43, 11.82 W
1788685003.620835541,0 %, 2405 MHz, 43, 11.82 W
1788685003.721067490,0 %, 2405 MHz, 43, 11.82 W
1788685003.821255903,0 %, 2405 MHz, 43, 11.82 W
1788685003.921666444,0 %, 2405 MHz, 43, 11.82 W
1788685004.021704889,0 %, 2405 MHz, 43, 11.82 W
1788685004.121852582,0 %, 2405 MHz, 43, 11.82 W
1788685004.221250868,0 %, 2405 MHz, 43, 11.82 W
1788685004.322217009,0 %, 2405 MHz, 43, 11.82 W
1788685004.422913646,0 %, 2405 MHz, 43, 11.82 W
1788685004.523061979,0 %, 2405 MHz, 43, 11.80 W
1788685004.622743272,0 %, 2405 MHz, 43, 11.80 W
1788685004.722846534,0 %, 2405 MHz, 43, 11.80 W
1788685004.823660082,0 %, 2405 MHz, 43, 11.80 W
1788685004.923252544,0 %, 2405 MHz, 43, 11.80 W
1788685005.024157677,0 %, 2405 MHz, 43, 11.81 W
1788685005.123769834,0 %, 2405 MHz, 43, 11.81 W
1788685005.223266552,0 %, 2405 MHz, 43, 11.81 W
1788685005.324131653,0 %, 2405 MHz, 43, 11.81 W
1788685005.424323010,0 %, 2405 MHz, 43, 11.81 W
1788685005.524961727,0 %, 2405 MHz, 43, 11.83 W
1788685005.625154029,0 %, 2405 MHz, 43, 11.83 W
1788685005.724818810,0 %, 2405 MHz, 43, 11.83 W
1788685005.825650295,0 %, 2405 MHz, 43, 11.83 W
1788685005.925811620,0 %, 2405 MHz, 43, 11.83 W
1788685006.025976146,0 %, 2405 MHz, 43, 11.84 W
1788685006.126124815,0 %, 2405 MHz, 43, 11.84 W
1788685006.225761837,0 %, 2405 MHz, 43, 11.84 W
1788685006.326745994,0 %, 2405 MHz, 43, 11.84 W
1788685006.426676023,0 %, 2405 MHz, 43, 11.84 W
1788685006.526987957,0 %, 2405 MHz, 43, 11.84 W
1788685006.626174642,0 %, 2405 MHz, 43, 11.84 W
1788685006.726500320,0 %, 2405 MHz, 43, 11.84 W
1788685006.827962588,0 %, 2405 MHz, 43, 11.84 W
1788685006.927871146,0 %, 2405 MHz, 43, 11.84 W
1788685007.027660200,0 %, 2405 MHz, 43, 11.85 W
1788685007.127931989,0 %, 2405 MHz, 43, 11.85 W
1788685007.228698946,0 %, 2405 MHz, 43, 11.85 W
1788685007.328789840,0 %, 2405 MHz, 43, 11.85 W
1788685007.428366029,0 %, 2405 MHz, 43, 11.85 W
1788685007.528453995,0 %, 2405 MHz, 43, 11.85 W
1788685007.629309336,0 %, 2405 MHz, 43, 11.85 W
1788685007.730089861,0 %, 2405 MHz, 43, 11.85 W
1788685007.829414947,0 %, 2405 MHz, 43, 11.85 W
1788685007.930543536,0 %, 2405 MHz, 43, 11.85 W
1788685008.030817678,0 %, 2405 MHz, 43, 11.85 W
1788685008.130992795,0 %, 2405 MHz, 43, 11.85 W
1788685008.230614873,0 %, 2405 MHz, 43, 11.85 W
1788685008.331324582,0 %, 2405 MHz, 43, 11.85 W
1788685008.431674772,0 %, 2405 MHz, 43, 11.85 W
1788685008.531850689,0 %, 2405 MHz, 43, 11.84 W
1788685008.632014687,0 %, 2405 MHz, 43, 11.84 W
1788685008.732105725,0 %, 2405 MHz, 43, 11.84 W
1788685008.832406458,0 %, 2405 MHz, 43, 11.84 W
1788685008.932894104,0 %, 2405 MHz, 43, 11.84 W
1788685009.032870981,0 %, 2405 MHz, 43, 11.84 W
1788685009.132940803,0 %, 2405 MHz, 43, 11.84 W
1788685009.232845329,0 %, 2405 MHz, 43, 11.84 W
1788685009.333526926,0 %, 2405 MHz, 43, 11.84 W
1788685009.433698044,0 %, 2405 MHz, 43, 11.84 W
1788685009.533863417,0 %, 2405 MHz, 43, 11.84 W
1788685009.633857127,0 %, 2405 MHz, 43, 11.84 W
1788685009.734329269,0 %, 2405 MHz, 43, 11.84 W
1788685009.834532002,0 %, 2405 MHz, 43, 11.84 W
1788685009.934650368,0 %, 2405 MHz, 43, 11.84 W
1788685010.035026398,0 %, 2405 MHz, 43, 11.82 W
1788685010.134942764,0 %, 2405 MHz, 43, 11.82 W
1788685010.235768713,0 %, 2405 MHz, 43, 11.82 W
1788685010.336122599,0 %, 2405 MHz, 43, 11.82 W
1788685010.436053332,0 %, 2405 MHz, 43, 11.82 W
1788685010.536517842,0 %, 2405 MHz, 43, 11.82 W
1788685010.636694064,0 %, 2405 MHz, 43, 11.82 W
1788685010.736857854,0 %, 2405 MHz, 43, 11.82 W
1788685010.837183579,0 %, 2405 MHz, 43, 11.82 W
1788685010.937143433,0 %, 2405 MHz, 43, 11.82 W
1788685011.037240407,0 %, 2405 MHz, 43, 11.82 W
1788685011.136958789,0 %, 2405 MHz, 43, 11.82 W
1788685011.238096850,0 %, 2405 MHz, 43, 11.82 W
1788685011.338110256,0 %, 2405 MHz, 43, 11.82 W
1788685011.439180958,0 %, 2405 MHz, 43, 11.82 W
1788685011.538610172,0 %, 2405 MHz, 43, 11.82 W
1788685011.638231962,0 %, 2405 MHz, 43, 11.82 W
1788685011.739733415,0 %, 2405 MHz, 43, 11.82 W
1788685011.839927157,0 %, 2405 MHz, 43, 11.82 W
1788685011.940224467,0 %, 2405 MHz, 43, 11.82 W
1788685012.040350785,0 %, 2405 MHz, 43, 11.81 W
1788685012.140523935,0 %, 2405 MHz, 43, 11.81 W
1788685012.240838781,0 %, 2405 MHz, 43, 11.81 W
1788685012.340940459,0 %, 2405 MHz, 43, 11.81 W
1788685012.440329865,0 %, 2405 MHz, 43, 11.81 W
1788685012.540461879,0 %, 2405 MHz, 43, 11.80 W
1788685012.641221605,0 %, 2405 MHz, 43, 11.80 W
1788685012.741444274,0 %, 2405 MHz, 43, 11.80 W
1788685012.841864624,0 %, 2405 MHz, 43, 11.80 W
1788685012.941931470,0 %, 2405 MHz, 43, 11.80 W
1788685013.042429052,0 %, 2405 MHz, 43, 11.82 W
1788685013.142443866,0 %, 2405 MHz, 43, 11.82 W
1788685013.242372584,0 %, 2405 MHz, 43, 11.82 W
1788685013.342810326,0 %, 2405 MHz, 43, 11.82 W
1788685013.442977028,0 %, 2405 MHz, 43, 11.82 W
1788685013.543188594,0 %, 2405 MHz, 43, 11.83 W
1788685013.643340384,0 %, 2405 MHz, 43, 11.83 W
1788685013.743542926,0 %, 2405 MHz, 43, 11.83 W
1788685013.843447580,0 %, 2405 MHz, 43, 11.83 W
1788685013.943951370,0 %, 2405 MHz, 43, 11.83 W
1788685014.044036984,0 %, 2405 MHz, 43, 11.84 W
1788685014.144127911,0 %, 2405 MHz, 43, 11.84 W
1788685014.244524837,0 %, 2405 MHz, 43, 11.84 W
1788685014.343925139,0 %, 2405 MHz, 43, 11.84 W
1788685014.444736353,0 %, 2405 MHz, 43, 11.84 W
1788685014.544906479,0 %, 2405 MHz, 43, 11.83 W
1788685014.645076317,0 %, 2405 MHz, 43, 11.83 W
1788685014.745173211,0 %, 2405 MHz, 43, 11.83 W
1788685014.845460265,0 %, 2405 MHz, 43, 11.83 W
1788685014.945724263,0 %, 2405 MHz, 43, 11.83 W
1788685015.046046870,0 %, 2405 MHz, 43, 11.82 W
1788685015.146178948,0 %, 2405 MHz, 43, 11.82 W
1788685015.246190946,0 %, 2405 MHz, 43, 11.82 W
1788685015.346456368,0 %, 2405 MHz, 43, 11.82 W
1788685015.446596703,0 %, 2405 MHz, 43, 11.82 W
1788685015.546983181,0 %, 2405 MHz, 43, 11.82 W
1788685015.646932763,0 %, 2405 MHz, 43, 11.82 W
1788685015.747426601,0 %, 2405 MHz, 43, 11.82 W
1788685015.847296295,0 %, 2405 MHz, 43, 11.82 W
1788685015.947860213,0 %, 2405 MHz, 43, 11.82 W
1788685016.048307267,0 %, 2405 MHz, 43, 11.83 W
1788685016.148297570,0 %, 2405 MHz, 43, 11.83 W
1788685016.248236512,0 %, 2405 MHz, 43, 11.83 W
1788685016.348404655,0 %, 2405 MHz, 43, 11.83 W
1788685016.448793629,0 %, 2405 MHz, 43, 11.83 W
1788685016.548915131,0 %, 2405 MHz, 43, 11.83 W
1788685016.648373610,0 %, 2405 MHz, 43, 11.83 W
1788685016.749407176,0 %, 2405 MHz, 43, 11.83 W
1788685016.849316438,0 %, 2405 MHz, 43, 11.83 W
1788685016.949560900,0 %, 2405 MHz, 43, 11.83 W
1788685017.049859427,0 %, 2405 MHz, 43, 11.83 W
1788685017.150713105,0 %, 2405 MHz, 43, 11.83 W
1788685017.250237103,0 %, 2405 MHz, 43, 11.83 W
1788685017.351027085,0 %, 2405 MHz, 43, 11.83 W
1788685017.450850092,0 %, 2405 MHz, 43, 11.83 W
1788685017.551593354,0 %, 2405 MHz, 43, 11.84 W
1788685017.651680089,0 %, 2405 MHz, 43, 11.84 W
1788685017.752065415,0 %, 2405 MHz, 43, 11.84 W
1788685017.851628166,0 %, 2405 MHz, 43, 11.84 W
1788685017.952391892,0 %, 2405 MHz, 43, 11.84 W
1788685018.053402514,0 %, 2405 MHz, 43, 11.86 W
1788685018.153118368,0 %, 2405 MHz, 43, 11.86 W
1788685018.253185887,0 %, 2405 MHz, 43, 11.86 W
1788685018.353861581,0 %, 2405 MHz, 43, 11.86 W
1788685018.454199036,0 %, 2405 MHz, 43, 11.86 W
1788685018.554358874,0 %, 2405 MHz, 43, 11.85 W
1788685018.654531433,0 %, 2405 MHz, 43, 11.85 W
1788685018.754709815,0 %, 2405 MHz, 43, 11.85 W
1788685018.855087253,0 %, 2405 MHz, 43, 11.85 W
1788685018.955088116,0 %, 2405 MHz, 43, 11.85 W
1788685019.055502802,0 %, 2405 MHz, 43, 11.81 W
1788685019.155666769,0 %, 2405 MHz, 43, 11.81 W
1788685019.256002463,0 %, 2405 MHz, 43, 11.81 W
1788685019.356153918,0 %, 2405 MHz, 43, 11.81 W
1788685019.456322813,0 %, 2405 MHz, 43, 11.81 W
1788685019.556401627,0 %, 2405 MHz, 43, 11.81 W
1788685019.656752602,0 %, 2405 MHz, 43, 11.81 W
1788685019.756950040,0 %, 2405 MHz, 43, 11.81 W
1788685019.857105959,0 %, 2405 MHz, 43, 11.81 W
1788685019.957395861,0 %, 2405 MHz, 43, 11.81 W
1788685020.057578868,0 %, 2405 MHz, 43, 11.82 W
1788685020.157632531,0 %, 2405 MHz, 43, 11.82 W
1788685020.257892833,0 %, 2405 MHz, 43, 11.82 W
1788685020.357839072,0 %, 2405 MHz, 43, 11.82 W
1788685020.458246607,0 %, 2405 MHz, 43, 11.82 W
1788685020.558377389,0 %, 2405 MHz, 43, 11.83 W
1788685020.658649068,0 %, 2405 MHz, 43, 11.83 W
1788685020.758930987,0 %, 2405 MHz, 43, 11.83 W
1788685020.859093385,0 %, 2405 MHz, 43, 11.83 W
1788685020.959310328,0 %, 2405 MHz, 43, 11.83 W
1788685021.059510055,0 %, 2405 MHz, 43, 11.83 W
1788685021.159678677,0 %, 2405 MHz, 43, 11.83 W
1788685021.259840052,0 %, 2405 MHz, 43, 11.83 W
1788685021.360048339,0 %, 2405 MHz, 43, 11.83 W
1788685021.460247314,0 %, 2405 MHz, 43, 11.83 W
1788685021.560414768,0 %, 2405 MHz, 43, 11.83 W
1788685021.659679568,0 %, 2405 MHz, 43, 11.83 W
1788685021.760766398,0 %, 2405 MHz, 43, 11.83 W
1788685021.860946909,0 %, 2405 MHz, 43, 11.83 W
1788685021.961383979,0 %, 2405 MHz, 43, 11.83 W
1788685022.062134282,0 %, 2405 MHz, 43, 11.84 W
1788685022.162687449,0 %, 2405 MHz, 43, 11.84 W
1788685022.262854103,0 %, 2405 MHz, 43, 11.84 W
1788685022.363735510,0 %, 2405 MHz, 43, 11.84 W
1788685022.463973829,0 %, 2405 MHz, 43, 11.84 W
1788685022.564308467,0 %, 2405 MHz, 43, 11.82 W
1788685022.665122658,0 %, 2405 MHz, 43, 11.82 W
1788685022.765491089,0 %, 2405 MHz, 43, 11.82 W
1788685022.865808383,0 %, 2405 MHz, 43, 11.82 W
1788685022.966511854,0 %, 2405 MHz, 43, 11.82 W
1788685023.067006717,0 %, 2405 MHz, 43, 11.81 W
1788685023.167119868,0 %, 2405 MHz, 43, 11.81 W
1788685023.266776859,0 %, 2405 MHz, 43, 11.81 W
1788685023.368301609,0 %, 2405 MHz, 43, 11.81 W
1788685023.468532200,0 %, 2405 MHz, 43, 11.81 W
1788685023.568501575,0 %, 2405 MHz, 43, 11.83 W
1788685023.669250662,0 %, 2405 MHz, 43, 11.83 W
1788685023.769241029,0 %, 2405 MHz, 43, 11.83 W
1788685023.870257491,0 %, 2405 MHz, 43, 11.83 W
1788685023.970625282,0 %, 2405 MHz, 43, 11.83 W
1788685024.070737457,0 %, 2405 MHz, 43, 11.84 W
1788685024.171165120,0 %, 2405 MHz, 43, 11.84 W
1788685024.270717503,0 %, 2405 MHz, 43, 11.84 W
1788685024.371406878,0 %, 2405 MHz, 43, 11.84 W
1788685024.471952797,0 %, 2405 MHz, 43, 11.84 W
1788685024.572619292,0 %, 2411 MHz, 43, 11.78 W
1788685024.672717003,0 %, 2411 MHz, 43, 11.78 W
1788685024.773127242,0 %, 2411 MHz, 43, 11.78 W
1788685024.873454521,0 %, 2411 MHz, 43, 11.78 W
1788685024.973854584,0 %, 2411 MHz, 43, 11.78 W
1788685025.073985079,0 %, 2411 MHz, 43, 11.74 W
1788685025.174831430,0 %, 2411 MHz, 43, 11.74 W
1788685025.274408101,0 %, 2411 MHz, 43, 11.74 W
1788685025.375288708,0 %, 2411 MHz, 43, 11.74 W
1788685025.475154771,0 %, 2411 MHz, 43, 11.74 W
1788685025.575853730,0 %, 2411 MHz, 43, 11.72 W
1788685025.676080065,0 %, 2411 MHz, 43, 11.72 W
1788685025.776357456,0 %, 2411 MHz, 43, 11.72 W
1788685025.876539871,0 %, 2411 MHz, 43, 11.72 W
1788685025.977552334,0 %, 2411 MHz, 43, 11.72 W
1788685026.077644845,0 %, 2411 MHz, 43, 11.71 W
1788685026.178292268,0 %, 2411 MHz, 43, 11.71 W
1788685026.277813308,0 %, 2411 MHz, 43, 11.71 W
1788685026.378337931,0 %, 2411 MHz, 43, 11.71 W
1788685026.479173929,0 %, 2411 MHz, 43, 11.71 W
1788685026.579451945,0 %, 2411 MHz, 43, 11.70 W
1788685026.679038984,0 %, 2411 MHz, 43, 11.70 W
1788685026.780005671,0 %, 2411 MHz, 43, 11.70 W
1788685026.880402294,0 %, 2411 MHz, 43, 11.70 W
1788685026.980944821,0 %, 2411 MHz, 43, 11.70 W
1788685027.080931940,0 %, 2411 MHz, 43, 11.70 W
1788685027.181336964,0 %, 2411 MHz, 43, 11.70 W
1788685027.281086547,0 %, 2411 MHz, 43, 11.70 W
1788685027.382168210,0 %, 2411 MHz, 43, 11.70 W
1788685027.482508785,0 %, 2411 MHz, 43, 11.70 W
1788685027.582931552,0 %, 2411 MHz, 43, 11.72 W
1788685027.683594527,0 %, 2411 MHz, 43, 11.72 W
1788685027.783933103,0 %, 2411 MHz, 43, 11.72 W
1788685027.884826478,0 %, 2411 MHz, 43, 11.72 W
1788685027.984838269,0 %, 2411 MHz, 43, 11.72 W
1788685028.085387724,0 %, 2411 MHz, 43, 11.73 W
1788685028.185223884,0 %, 2411 MHz, 43, 11.73 W
1788685028.285063787,0 %, 2411 MHz, 43, 11.73 W
1788685028.386090234,0 %, 2411 MHz, 43, 11.73 W
1788685028.485673642,0 %, 2411 MHz, 43, 11.73 W
1788685028.587077913,0 %, 2411 MHz, 43, 11.73 W
1788685028.686994680,0 %, 2411 MHz, 43, 11.73 W
1788685028.787276872,0 %, 2411 MHz, 43, 11.73 W
1788685028.887957847,0 %, 2411 MHz, 43, 11.73 W
1788685028.988823238,0 %, 2411 MHz, 43, 11.73 W
1788685029.089226021,0 %, 2411 MHz, 43, 11.73 W
1788685029.189426596,0 %, 2411 MHz, 43, 11.73 W
1788685029.288580868,0 %, 2411 MHz, 43, 11.73 W
1788685029.389615507,0 %, 2411 MHz, 43, 11.73 W
1788685029.489947427,0 %, 2411 MHz, 43, 11.73 W
1788685029.590291010,0 %, 2411 MHz, 43, 11.72 W
1788685029.690576722,0 %, 2411 MHz, 43, 11.72 W
1788685029.791340321,0 %, 2411 MHz, 43, 11.72 W
1788685029.891676960,0 %, 2411 MHz, 43, 11.72 W
1788685029.992089552,0 %, 2411 MHz, 43, 11.72 W
1788685030.092354415,0 %, 2411 MHz, 43, 11.70 W
1788685030.192350847,0 %, 2411 MHz, 43, 11.70 W
1788685030.292385070,0 %, 2411 MHz, 43, 11.70 W
1788685030.393018142,0 %, 2411 MHz, 43, 11.70 W
1788685030.493194013,0 %, 2411 MHz, 43, 11.70 W
1788685030.593975277,0 %, 2411 MHz, 43, 11.72 W
1788685030.694072428,0 %, 2411 MHz, 43, 11.72 W
1788685030.794506987,0 %, 2411 MHz, 43, 11.72 W
1788685030.894849915,0 %, 2411 MHz, 43, 11.72 W
1788685030.995705914,0 %, 2411 MHz, 43, 11.72 W
1788685031.095707194,0 %, 2411 MHz, 43, 11.73 W
1788685031.196404953,0 %, 2411 MHz, 43, 11.73 W
1788685031.296108377,0 %, 2411 MHz, 43, 11.73 W
1788685031.396819401,0 %, 2411 MHz, 43, 11.73 W
1788685031.497091096,0 %, 2411 MHz, 43, 11.73 W
1788685031.597871336,0 %, 2411 MHz, 43, 11.71 W
1788685031.698310151,0 %, 2411 MHz, 43, 11.71 W
1788685031.798577927,0 %, 2411 MHz, 43, 11.71 W
1788685031.899234614,0 %, 2411 MHz, 43, 11.71 W
1788685031.999426870,0 %, 2411 MHz, 43, 11.71 W
1788685032.099808709,0 %, 2411 MHz, 43, 11.73 W
1788685032.200305797,0 %, 2411 MHz, 43, 11.73 W
1788685032.299974997,0 %, 2411 MHz, 43, 11.73 W
1788685032.400549156,0 %, 2411 MHz, 43, 11.73 W
1788685032.501163988,0 %, 2411 MHz, 43, 11.73 W
1788685032.601653668,0 %, 2411 MHz, 43, 11.72 W
1788685032.701808563,0 %, 2411 MHz, 43, 11.72 W
1788685032.802154371,0 %, 2411 MHz, 43, 11.72 W
1788685032.902461347,0 %, 2411 MHz, 43, 11.72 W
1788685033.002666738,0 %, 2411 MHz, 43, 11.72 W
1788685033.103223794,0 %, 2411 MHz, 43, 11.72 W
1788685033.203798274,0 %, 2411 MHz, 43, 11.72 W
1788685033.303394498,0 %, 2411 MHz, 43, 11.72 W
1788685033.404288145,0 %, 2411 MHz, 43, 11.72 W
1788685033.504194385,0 %, 2411 MHz, 43, 11.72 W
1788685033.604722033,0 %, 2411 MHz, 43, 11.73 W
1788685033.705095137,0 %, 2411 MHz, 43, 11.73 W
1788685033.805856608,0 %, 2411 MHz, 43, 11.73 W
1788685033.905819696,0 %, 2411 MHz, 43, 11.73 W
1788685034.006679167,0 %, 2411 MHz, 43, 11.73 W
1788685034.106819407,0 %, 2411 MHz, 43, 11.73 W
1788685034.207592223,0 %, 2411 MHz, 43, 11.73 W
1788685034.306793023,0 %, 2411 MHz, 43, 11.73 W
1788685034.407770207,0 %, 2411 MHz, 43, 11.73 W
1788685034.508420031,0 %, 2411 MHz, 43, 11.73 W
1788685034.608417727,0 %, 2411 MHz, 43, 11.73 W
1788685034.709456798,0 %, 2411 MHz, 43, 11.73 W
1788685034.809214318,0 %, 2411 MHz, 43, 11.73 W
1788685034.909696894,0 %, 2411 MHz, 43, 11.73 W
1788685035.010398638,0 %, 2411 MHz, 43, 11.73 W
1788685035.110543790,0 %, 2411 MHz, 43, 11.74 W
1788685035.211184141,0 %, 2411 MHz, 43, 11.74 W
1788685035.310988446,0 %, 2411 MHz, 43, 11.74 W
1788685035.412127133,0 %, 2411 MHz, 43, 11.74 W
1788685035.512089981,0 %, 2411 MHz, 43, 11.74 W
1788685035.612721805,0 %, 2411 MHz, 43, 11.74 W
1788685035.713073677,0 %, 2411 MHz, 43, 11.74 W
1788685035.813271741,0 %, 2411 MHz, 43, 11.74 W
1788685035.913985949,0 %, 2411 MHz, 43, 11.74 W
1788685036.014401277,0 %, 2411 MHz, 43, 11.73 W
1788685036.114607677,0 %, 2411 MHz, 43, 11.73 W
1788685036.214866397,0 %, 2411 MHz, 43, 11.73 W
1788685036.314839501,0 %, 2411 MHz, 43, 11.73 W
1788685036.416026301,0 %, 2411 MHz, 43, 11.73 W
1788685036.515918525,0 %, 2411 MHz, 43, 11.76 W
1788685036.616706444,0 %, 2411 MHz, 43, 11.76 W
1788685036.716756477,0 %, 2411 MHz, 43, 11.76 W
1788685036.817282237,0 %, 2411 MHz, 43, 11.76 W
1788685036.917848636,0 %, 2411 MHz, 43, 11.76 W
1788685037.018149452,0 %, 2411 MHz, 43, 11.75 W
1788685037.119313132,0 %, 2411 MHz, 43, 11.75 W
1788685037.219614092,0 %, 2411 MHz, 43, 11.75 W
1788685037.319458045,0 %, 2411 MHz, 43, 11.75 W
1788685037.420723164,0 %, 2411 MHz, 43, 11.75 W
1788685037.520769741,0 %, 2411 MHz, 43, 11.74 W
1788685037.621206509,0 %, 2411 MHz, 43, 11.74 W
1788685037.721545533,0 %, 2411 MHz, 43, 11.74 W
1788685037.822440332,0 %, 2411 MHz, 43, 11.74 W
1788685037.922667693,0 %, 2411 MHz, 43, 11.74 W
1788685038.023003005,0 %, 2411 MHz, 43, 11.74 W
1788685038.123177517,0 %, 2411 MHz, 43, 11.74 W
1788685038.223560925,0 %, 2411 MHz, 43, 11.74 W
1788685038.323411966,0 %, 2411 MHz, 43, 11.74 W
1788685038.424387086,0 %, 2411 MHz, 43, 11.74 W
1788685038.524811774,0 %, 2411 MHz, 43, 11.73 W
1788685038.625368558,0 %, 2411 MHz, 43, 11.73 W
1788685038.725430510,0 %, 2411 MHz, 43, 11.73 W
1788685038.825851310,0 %, 2411 MHz, 43, 11.73 W
1788685038.926432606,0 %, 2411 MHz, 43, 11.73 W
1788685039.026199823,0 %, 2411 MHz, 43, 11.73 W
1788685039.126591167,0 %, 2411 MHz, 43, 11.73 W
1788685039.227131983,0 %, 2411 MHz, 43, 11.73 W
1788685039.326939296,0 %, 2411 MHz, 43, 11.73 W
1788685039.427641792,0 %, 2411 MHz, 43, 11.73 W
1788685039.527728592,0 %, 2411 MHz, 43, 11.75 W
1788685039.628787360,0 %, 2411 MHz, 43, 11.75 W
1788685039.729117120,0 %, 2411 MHz, 43, 11.75 W
1788685039.829436513,0 %, 2411 MHz, 43, 11.75 W
1788685039.929497905,0 %, 2411 MHz, 43, 11.75 W
1788685040.030372225,0 %, 2411 MHz, 43, 11.75 W
1788685040.131126385,0 %, 2411 MHz, 43, 11.75 W
1788685040.231031794,0 %, 2411 MHz, 43, 11.75 W
1788685040.331107378,0 %, 2411 MHz, 43, 11.75 W
1788685040.431822786,0 %, 2411 MHz, 43, 11.75 W
1788685040.532579011,0 %, 2411 MHz, 43, 11.71 W
1788685040.632917843,0 %, 2411 MHz, 43, 11.71 W
1788685040.733276979,0 %, 2411 MHz, 43, 11.71 W
1788685040.833687604,0 %, 2411 MHz, 43, 11.71 W
1788685040.934522500,0 %, 2411 MHz, 43, 11.71 W
1788685041.034394148,0 %, 2411 MHz, 43, 11.70 W
1788685041.134923269,0 %, 2411 MHz, 43, 11.70 W
1788685041.235243845,0 %, 2411 MHz, 43, 11.70 W
1788685041.334982246,0 %, 2411 MHz, 43, 11.70 W
1788685041.435859350,0 %, 2411 MHz, 43, 11.70 W
1788685041.536665366,0 %, 2411 MHz, 43, 11.70 W
1788685041.636284759,0 %, 2411 MHz, 43, 11.70 W
1788685041.737015223,0 %, 2411 MHz, 43, 11.70 W
1788685041.837290536,0 %, 2411 MHz, 43, 11.70 W
1788685041.937574552,0 %, 2411 MHz, 43, 11.70 W
1788685042.037845193,0 %, 2411 MHz, 43, 11.70 W
1788685042.137858714,0 %, 2411 MHz, 43, 11.70 W
1788685042.238679434,0 %, 2411 MHz, 43, 11.70 W
1788685042.338364619,0 %, 2411 MHz, 43, 11.70 W
1788685042.439390283,0 %, 2411 MHz, 43, 11.70 W
1788685042.539472268,0 %, 2411 MHz, 43, 11.71 W
1788685042.640308828,0 %, 2411 MHz, 43, 11.71 W
1788685042.740604780,0 %, 2411 MHz, 43, 11.71 W
1788685042.840577693,0 %, 2411 MHz, 43, 11.71 W
1788685042.940663534,0 %, 2411 MHz, 43, 11.71 W
1788685043.040994958,0 %, 2411 MHz, 43, 11.71 W
1788685043.141310319,0 %, 2411 MHz, 43, 11.71 W
1788685043.241587440,0 %, 2411 MHz, 43, 11.71 W
1788685043.341125137,0 %, 2411 MHz, 43, 11.71 W
1788685043.442070225,0 %, 2411 MHz, 43, 11.71 W
1788685043.542397313,0 %, 2411 MHz, 43, 11.70 W
1788685043.642728386,0 %, 2411 MHz, 43, 11.70 W
1788685043.743121955,0 %, 2411 MHz, 43, 11.70 W
1788685043.843802835,0 %, 2411 MHz, 43, 11.70 W
1788685043.944403060,0 %, 2411 MHz, 43, 11.70 W
1788685044.044444244,0 %, 2411 MHz, 43, 11.70 W
1788685044.144414005,0 %, 2411 MHz, 43, 11.70 W
1788685044.244834982,0 %, 2411 MHz, 43, 11.70 W
1788685044.344405223,0 %, 2411 MHz, 43, 11.70 W
1788685044.445699687,0 %, 2411 MHz, 43, 11.70 W
1788685044.545707176,0 %, 2411 MHz, 43, 11.70 W
1788685044.646362233,0 %, 2411 MHz, 43, 11.70 W
1788685044.746743257,0 %, 2411 MHz, 43, 11.70 W
1788685044.847452298,0 %, 2411 MHz, 43, 11.70 W
1788685044.947553003,0 %, 2411 MHz, 43, 11.70 W
1788685045.047838268,0 %, 2411 MHz, 43, 11.69 W
1788685045.148194252,0 %, 2411 MHz, 43, 11.69 W
1788685045.248608173,0 %, 2411 MHz, 43, 11.69 W
1788685045.348462590,0 %, 2411 MHz, 43, 11.69 W
1788685045.449359231,0 %, 2411 MHz, 43, 11.69 W
1788685045.550013567,0 %, 2411 MHz, 43, 11.67 W
1788685045.650361824,0 %, 2411 MHz, 43, 11.67 W
1788685045.751250801,0 %, 2411 MHz, 43, 11.67 W
1788685045.851087794,0 %, 2411 MHz, 43, 11.67 W
1788685045.951090643,0 %, 2411 MHz, 43, 11.67 W
1788685046.051716755,0 %, 2411 MHz, 43, 11.68 W
1788685046.152303972,0 %, 2411 MHz, 43, 11.68 W
1788685046.252409573,0 %, 2411 MHz, 43, 11.68 W
1788685046.352134566,0 %, 2411 MHz, 43, 11.68 W
1788685046.453224743,0 %, 2411 MHz, 43, 11.68 W
1788685046.553686279,0 %, 2411 MHz, 43, 11.70 W
1788685046.653017641,0 %, 2411 MHz, 43, 11.70 W
1788685046.754051577,0 %, 2411 MHz, 43, 11.70 W
1788685046.854542426,0 %, 2411 MHz, 43, 11.70 W
1788685046.954980363,0 %, 2411 MHz, 43, 11.70 W
1788685047.055243084,0 %, 2411 MHz, 43, 11.70 W
1788685047.155861117,0 %, 2411 MHz, 43, 11.70 W
1788685047.256078510,0 %, 2411 MHz, 43, 11.70 W
1788685047.355750591,0 %, 2411 MHz, 43, 11.70 W
1788685047.456096560,0 %, 2411 MHz, 43, 11.70 W
1788685047.556706881,0 %, 2411 MHz, 43, 11.69 W
1788685047.657541682,0 %, 2411 MHz, 43, 11.69 W
1788685047.757775219,0 %, 2411 MHz, 43, 11.69 W
1788685047.858514451,0 %, 2411 MHz, 43, 11.69 W
1788685047.958561508,0 %, 2411 MHz, 43, 11.69 W
1788685048.059091093,0 %, 2411 MHz, 43, 11.70 W
1788685048.159337670,0 %, 2411 MHz, 43, 11.70 W
1788685048.258501496,0 %, 2411 MHz, 43, 11.70 W
1788685048.359032121,0 %, 2411 MHz, 43, 11.70 W
1788685048.459372410,0 %, 2411 MHz, 43, 11.70 W
1788685048.560090827,0 %, 2411 MHz, 43, 11.73 W
1788685048.660270908,0 %, 2411 MHz, 43, 11.73 W
1788685048.760393405,0 %, 2411 MHz, 43, 11.73 W
1788685048.860399598,0 %, 2411 MHz, 43, 11.73 W
1788685048.960837663,0 %, 2411 MHz, 43, 11.73 W
1788685049.061359056,0 %, 2411 MHz, 43, 11.73 W
1788685049.161224626,0 %, 2411 MHz, 43, 11.73 W
1788685049.262068739,0 %, 2411 MHz, 43, 11.73 W
1788685049.361460868,0 %, 2411 MHz, 43, 11.73 W
1788685049.462450437,0 %, 2411 MHz, 43, 11.73 W
1788685049.562663606,0 %, 2411 MHz, 43, 11.71 W
1788685049.662813496,0 %, 2411 MHz, 43, 11.71 W
1788685049.763001705,0 %, 2411 MHz, 43, 11.71 W
1788685049.863165210,0 %, 2411 MHz, 43, 11.71 W
1788685049.963455611,0 %, 2411 MHz, 43, 11.71 W
1788685050.063595980,0 %, 2411 MHz, 43, 11.71 W
1788685050.163684878,0 %, 2411 MHz, 43, 11.71 W
1788685050.264447423,0 %, 2411 MHz, 43, 11.71 W
1788685050.363356561,0 %, 2411 MHz, 43, 11.71 W
1788685050.464201233,0 %, 2411 MHz, 43, 11.71 W
1788685050.564384819,0 %, 2411 MHz, 43, 11.72 W
1788685050.664582532,0 %, 2411 MHz, 43, 11.72 W
1788685050.764764021,0 %, 2411 MHz, 43, 11.72 W
1788685050.864930743,0 %, 2411 MHz, 43, 11.72 W
1788685050.965323512,0 %, 2411 MHz, 43, 11.72 W
1788685051.065457369,0 %, 2411 MHz, 43, 11.72 W
1788685051.165520107,0 %, 2411 MHz, 43, 11.72 W
1788685051.265703084,0 %, 2411 MHz, 43, 11.72 W
1788685051.365186382,0 %, 2411 MHz, 43, 11.72 W
1788685051.465884127,0 %, 2411 MHz, 43, 11.72 W
1788685051.566232368,0 %, 2411 MHz, 43, 11.70 W
1788685051.665689154,0 %, 2411 MHz, 43, 11.70 W
1788685051.766548275,0 %, 2411 MHz, 43, 11.70 W
1788685051.866831764,0 %, 2411 MHz, 43, 11.70 W
1788685051.967103894,0 %, 2411 MHz, 43, 11.70 W
1788685052.067243047,0 %, 2411 MHz, 43, 11.69 W
1788685052.167432345,0 %, 2411 MHz, 43, 11.69 W
1788685052.267212490,0 %, 2411 MHz, 43, 11.69 W
1788685052.367197148,0 %, 2411 MHz, 43, 11.69 W
1788685052.467829341,0 %, 2411 MHz, 43, 11.69 W
1788685052.568164574,0 %, 2411 MHz, 43, 11.69 W
1788685052.668655968,0 %, 2411 MHz, 43, 11.69 W
1788685052.769260081,0 %, 2411 MHz, 43, 11.69 W
1788685052.869454146,0 %, 2411 MHz, 43, 11.69 W
1788685052.969301412,0 %, 2411 MHz, 43, 11.69 W
1788685053.069865349,0 %, 2411 MHz, 43, 11.69 W
1788685053.169552519,0 %, 2411 MHz, 43, 11.69 W
1788685053.269808153,0 %, 2411 MHz, 43, 11.69 W
1788685053.369510762,0 %, 2411 MHz, 43, 11.69 W
1788685053.470586715,0 %, 2411 MHz, 43, 11.69 W
1788685053.570784813,0 %, 2411 MHz, 43, 11.69 W
1788685053.670513615,0 %, 2411 MHz, 43, 11.69 W
1788685053.770703696,0 %, 2411 MHz, 43, 11.69 W
1788685053.870866850,0 %, 2411 MHz, 43, 11.69 W
1788685053.970973171,0 %, 2411 MHz, 43, 11.69 W
1788685054.071871669,0 %, 2411 MHz, 43, 11.70 W
1788685054.172113078,0 %, 2411 MHz, 43, 11.70 W
1788685054.272209080,0 %, 2411 MHz, 43, 11.70 W
1788685054.371559946,0 %, 2411 MHz, 43, 11.70 W
1788685054.472565131,0 %, 2411 MHz, 43, 11.70 W
1788685054.572718077,0 %, 2411 MHz, 43, 11.70 W
1788685054.672857823,0 %, 2411 MHz, 43, 11.70 W
1788685054.773129120,0 %, 2411 MHz, 43, 11.70 W
1788685054.873307970,0 %, 2411 MHz, 43, 11.70 W
1788685054.973714371,0 %, 2411 MHz, 43, 11.70 W
1788685055.073870549,0 %, 2411 MHz, 43, 11.69 W
1788685055.174030551,0 %, 2411 MHz, 43, 11.69 W
1788685055.274222040,0 %, 2411 MHz, 43, 11.69 W
1788685055.373760314,0 %, 2411 MHz, 43, 11.69 W
1788685055.474617756,0 %, 2411 MHz, 43, 11.69 W
1788685055.574757854,0 %, 2411 MHz, 43, 11.69 W
1788685055.674947119,0 %, 2411 MHz, 43, 11.69 W
1788685055.775140785,0 %, 2411 MHz, 43, 11.69 W
1788685055.875313491,0 %, 2411 MHz, 43, 11.69 W
1788685055.975311365,0 %, 2411 MHz, 43, 11.69 W
1788685056.075896390,0 %, 2411 MHz, 43, 11.71 W
1788685056.175952904,0 %, 2411 MHz, 43, 11.71 W
1788685056.276170218,0 %, 2411 MHz, 43, 11.71 W
1788685056.375697852,0 %, 2411 MHz, 43, 11.71 W
1788685056.476537485,0 %, 2411 MHz, 43, 11.71 W
1788685056.576546687,0 %, 2411 MHz, 43, 11.71 W
1788685056.676345889,0 %, 2411 MHz, 43, 11.71 W
1788685056.777140323,0 %, 2411 MHz, 43, 11.71 W
1788685056.877337236,0 %, 2411 MHz, 43, 11.71 W
1788685056.977643158,0 %, 2411 MHz, 43, 11.71 W
1788685057.077739736,0 %, 2411 MHz, 43, 11.70 W
1788685057.178031786,0 %, 2411 MHz, 43, 11.70 W
1788685057.278083836,0 %, 2411 MHz, 43, 11.70 W
1788685057.377363822,0 %, 2411 MHz, 43, 11.70 W
1788685057.478566912,0 %, 2411 MHz, 43, 11.70 W
1788685057.578785777,0 %, 2411 MHz, 43, 11.69 W
1788685057.678626307,0 %, 2411 MHz, 43, 11.69 W
1788685057.778786837,0 %, 2411 MHz, 43, 11.69 W
1788685057.879169047,0 %, 2411 MHz, 43, 11.69 W
1788685057.979631033,0 %, 2411 MHz, 43, 11.69 W
1788685058.080250075,0 %, 2411 MHz, 43, 11.71 W
1788685058.179669037,0 %, 2411 MHz, 43, 11.71 W
1788685058.280710207,0 %, 2411 MHz, 43, 11.71 W
1788685058.379907441,0 %, 2411 MHz, 43, 11.71 W
1788685058.481083170,0 %, 2411 MHz, 43, 11.71 W
1788685058.581160213,0 %, 2411 MHz, 43, 11.71 W
1788685058.681244870,0 %, 2411 MHz, 43, 11.71 W
1788685058.781399928,0 %, 2411 MHz, 43, 11.71 W
1788685058.881633498,0 %, 2411 MHz, 43, 11.71 W
1788685058.982072396,0 %, 2411 MHz, 43, 11.71 W
1788685059.081712479,0 %, 2411 MHz, 43, 11.70 W
1788685059.181725617,0 %, 2411 MHz, 43, 11.70 W
1788685059.281903923,0 %, 2411 MHz, 43, 11.70 W
1788685059.381455221,0 %, 2411 MHz, 43, 11.70 W
1788685059.482896983,0 %, 2411 MHz, 43, 11.70 W
1788685059.582401241,0 %, 2411 MHz, 43, 11.71 W
1788685059.683153355,0 %, 2411 MHz, 43, 11.71 W
1788685059.783396125,0 %, 2411 MHz, 43, 11.71 W
1788685059.883592095,0 %, 2411 MHz, 43, 11.71 W
1788685059.983987569,0 %, 2411 MHz, 43, 11.71 W
1788685060.083849619,0 %, 2411 MHz, 43, 11.72 W
1788685060.183619685,0 %, 2411 MHz, 43, 11.72 W
1788685060.283760615,0 %, 2411 MHz, 43, 11.72 W
1788685060.383570714,0 %, 2411 MHz, 43, 11.72 W
1788685060.484765003,0 %, 2411 MHz, 43, 11.72 W
1788685060.584963726,0 %, 2411 MHz, 43, 11.72 W
1788685060.685282688,0 %, 2411 MHz, 43, 11.72 W
1788685060.785341570,0 %, 2411 MHz, 43, 11.72 W
1788685060.885650356,0 %, 2411 MHz, 43, 11.72 W
1788685060.985950390,0 %, 2411 MHz, 43, 11.72 W
1788685061.085832168,0 %, 2411 MHz, 43, 11.71 W
1788685061.185998666,0 %, 2411 MHz, 43, 11.71 W
1788685061.286273581,0 %, 2411 MHz, 43, 11.71 W
1788685061.385548719,0 %, 2411 MHz, 43, 11.71 W
1788685061.486627505,0 %, 2411 MHz, 43, 11.71 W
1788685061.586167492,0 %, 2411 MHz, 43, 11.72 W
1788685061.686288678,0 %, 2411 MHz, 43, 11.72 W
1788685061.787317880,0 %, 2411 MHz, 43, 11.72 W
1788685061.887521498,0 %, 2411 MHz, 43, 11.72 W
1788685061.987915308,0 %, 2411 MHz, 43, 11.72 W
1788685062.087039807,0 %, 2411 MHz, 43, 11.71 W
1788685062.187453009,0 %, 2411 MHz, 43, 11.71 W
1788685062.288054419,0 %, 2411 MHz, 43, 11.71 W
1788685062.387609030,0 %, 2411 MHz, 43, 11.71 W
1788685062.488696968,0 %, 2411 MHz, 43, 11.71 W
1788685062.588848586,0 %, 2411 MHz, 43, 11.71 W
1788685062.689053212,0 %, 2411 MHz, 43, 11.71 W
1788685062.789086942,0 %, 2411 MHz, 43, 11.71 W
1788685062.889403473,0 %, 2411 MHz, 43, 11.71 W
1788685062.989740323,0 %, 2411 MHz, 43, 11.71 W
1788685063.089827381,0 %, 2411 MHz, 43, 11.71 W
1788685063.189200952,0 %, 2411 MHz, 43, 11.71 W
1788685063.289158427,0 %, 2411 MHz, 43, 11.71 W
1788685063.389712221,0 %, 2411 MHz, 43, 11.71 W
1788685063.490516847,0 %, 2411 MHz, 43, 11.71 W
1788685063.590692401,0 %, 2411 MHz, 43, 11.69 W
1788685063.690885780,0 %, 2411 MHz, 43, 11.69 W
1788685063.790952886,0 %, 2411 MHz, 43, 11.69 W
1788685063.891190216,0 %, 2411 MHz, 43, 11.69 W
1788685063.991506427,0 %, 2411 MHz, 43, 11.69 W
1788685064.091095918,0 %, 2411 MHz, 43, 11.69 W
1788685064.191628080,0 %, 2411 MHz, 43, 11.69 W
1788685064.291941394,0 %, 2411 MHz, 43, 11.69 W
1788685064.391204117,0 %, 2411 MHz, 43, 11.69 W
1788685064.492275415,0 %, 2411 MHz, 43, 11.69 W
1788685064.592326906,0 %, 2411 MHz, 43, 11.69 W
1788685064.692948908,0 %, 2411 MHz, 43, 11.69 W
1788685064.792886415,0 %, 2411 MHz, 43, 11.69 W
1788685064.893302705,0 %, 2411 MHz, 43, 11.69 W
1788685064.993444067,0 %, 2411 MHz, 43, 11.69 W
1788685065.093558630,0 %, 2411 MHz, 43, 11.69 W
1788685065.193727528,0 %, 2411 MHz, 43, 11.69 W
1788685065.294156683,0 %, 2411 MHz, 43, 11.69 W
1788685065.393489182,0 %, 2411 MHz, 43, 11.69 W
1788685065.494497632,0 %, 2411 MHz, 43, 11.69 W
1788685065.594497283,0 %, 2411 MHz, 43, 11.70 W
1788685065.694888357,0 %, 2411 MHz, 43, 11.70 W
1788685065.795068744,0 %, 2411 MHz, 43, 11.70 W
1788685065.895170234,0 %, 2411 MHz, 43, 11.70 W
1788685065.995455837,0 %, 2411 MHz, 43, 11.70 W
1788685066.095409103,0 %, 2411 MHz, 43, 11.69 W
1788685066.195584050,0 %, 2411 MHz, 43, 11.69 W
1788685066.295984053,0 %, 2411 MHz, 43, 11.69 W
1788685066.395382264,0 %, 2411 MHz, 43, 11.69 W
1788685066.496358490,0 %, 2411 MHz, 43, 11.69 W
1788685066.596571501,0 %, 2411 MHz, 43, 11.69 W
1788685066.696226207,0 %, 2411 MHz, 43, 11.69 W
1788685066.796929762,0 %, 2411 MHz, 43, 11.69 W
1788685066.897101588,0 %, 2411 MHz, 43, 11.69 W
1788685066.997313495,0 %, 2411 MHz, 43, 11.69 W
1788685067.097856970,0 %, 2411 MHz, 43, 11.68 W
1788685067.197701900,0 %, 2411 MHz, 43, 11.68 W
1788685067.297897871,0 %, 2411 MHz, 43, 11.68 W
1788685067.397300146,0 %, 2411 MHz, 43, 11.68 W
1788685067.498123557,0 %, 2411 MHz, 43, 11.68 W
1788685067.597831192,0 %, 2411 MHz, 43, 11.66 W
1788685067.698618410,0 %, 2411 MHz, 43, 11.66 W
1788685067.798491213,0 %, 2411 MHz, 43, 11.66 W
1788685067.899092047,0 %, 2411 MHz, 43, 11.66 W
1788685067.999582178,0 %, 2411 MHz, 43, 11.66 W
1788685068.099433621,0 %, 2411 MHz, 43, 11.66 W
1788685068.199581896,0 %, 2411 MHz, 43, 11.66 W
1788685068.300455818,0 %, 2411 MHz, 43, 11.66 W
1788685068.399827261,0 %, 2411 MHz, 43, 11.66 W
1788685068.500993648,0 %, 2411 MHz, 43, 11.66 W
1788685068.601097651,0 %, 2411 MHz, 43, 11.66 W
1788685068.701237397,0 %, 2411 MHz, 43, 11.66 W
1788685068.801439928,0 %, 2411 MHz, 43, 11.66 W
1788685068.901665931,0 %, 2411 MHz, 43, 11.66 W
1788685069.001831934,0 %, 2411 MHz, 43, 11.66 W
1788685069.102084561,0 %, 2411 MHz, 43, 11.67 W
1788685069.201931588,0 %, 2411 MHz, 43, 11.67 W
1788685069.302441238,0 %, 2411 MHz, 43, 11.67 W
1788685069.401684202,0 %, 2411 MHz, 43, 11.67 W
1788685069.502272812,0 %, 2411 MHz, 43, 11.67 W
1788685069.603089183,0 %, 2411 MHz, 43, 11.68 W
1788685069.702922866,0 %, 2411 MHz, 43, 11.68 W
1788685069.802605461,0 %, 2411 MHz, 43, 11.68 W
1788685069.903522056,0 %, 2411 MHz, 43, 11.68 W
1788685070.003911882,0 %, 2411 MHz, 43, 11.68 W
1788685070.104276797,0 %, 2411 MHz, 43, 11.68 W
1788685070.204304864,0 %, 2411 MHz, 43, 11.68 W
1788685070.304701347,0 %, 2411 MHz, 43, 11.68 W
1788685070.403873126,0 %, 2411 MHz, 43, 11.68 W
1788685070.504834057,0 %, 2411 MHz, 43, 11.68 W
1788685070.604891068,0 %, 2411 MHz, 43, 11.67 W
1788685070.705252863,0 %, 2411 MHz, 43, 11.67 W
1788685070.805349554,0 %, 2411 MHz, 43, 11.67 W
1788685070.905441701,0 %, 2411 MHz, 43, 11.67 W
1788685071.005791800,0 %, 2411 MHz, 43, 11.67 W
1788685071.105909787,0 %, 2411 MHz, 43, 11.67 W
1788685071.205952846,0 %, 2411 MHz, 43, 11.67 W
1788685071.306011409,0 %, 2411 MHz, 43, 11.67 W
1788685071.405561668,0 %, 2411 MHz, 43, 11.67 W
1788685071.506731815,0 %, 2411 MHz, 43, 11.67 W
1788685071.606803930,0 %, 2411 MHz, 43, 11.66 W
1788685071.706279854,0 %, 2411 MHz, 43, 11.66 W
1788685071.807008288,0 %, 2411 MHz, 43, 11.66 W
1788685071.907742819,0 %, 2411 MHz, 43, 11.66 W
1788685072.007736470,0 %, 2411 MHz, 43, 11.66 W
1788685072.108029353,0 %, 2411 MHz, 43, 11.65 W
1788685072.207913165,0 %, 2411 MHz, 43, 11.65 W
1788685072.308743263,0 %, 2411 MHz, 43, 11.65 W
1788685072.408103379,0 %, 2411 MHz, 43, 11.65 W
1788685072.509168278,0 %, 2411 MHz, 43, 11.65 W
1788685072.609453433,0 %, 2411 MHz, 43, 11.65 W
1788685072.709831276,0 %, 2411 MHz, 43, 11.65 W
1788685072.809671199,0 %, 2411 MHz, 43, 11.65 W
1788685072.910183970,0 %, 2411 MHz, 43, 11.65 W
1788685073.010452245,0 %, 2411 MHz, 43, 11.65 W
1788685073.110326216,0 %, 2411 MHz, 43, 11.66 W
1788685073.210885339,0 %, 2411 MHz, 43, 11.66 W
1788685073.311047567,0 %, 2411 MHz, 43, 11.66 W
1788685073.410533282,0 %, 2411 MHz, 43, 11.66 W
1788685073.511453605,0 %, 2411 MHz, 43, 11.66 W
1788685073.611629752,0 %, 2411 MHz, 43, 11.65 W
1788685073.711853403,0 %, 2411 MHz, 43, 11.65 W
1788685073.812017007,0 %, 2411 MHz, 43, 11.65 W
1788685073.912343826,0 %, 2411 MHz, 43, 11.65 W
1788685074.012657285,0 %, 2411 MHz, 43, 11.65 W
1788685074.112454296,0 %, 2411 MHz, 43, 11.65 W
1788685074.212786092,0 %, 2411 MHz, 43, 11.65 W
1788685074.312697327,0 %, 2411 MHz, 43, 11.65 W
1788685074.412569762,0 %, 2411 MHz, 43, 11.65 W
1788685074.513333173,0 %, 2411 MHz, 43, 11.65 W
1788685074.613687865,0 %, 2411 MHz, 43, 11.64 W
1788685074.714290956,0 %, 2411 MHz, 43, 11.64 W
1788685074.814024559,0 %, 2411 MHz, 43, 11.64 W
1788685074.914819490,0 %, 2411 MHz, 43, 11.64 W
1788685075.015071701,0 %, 2411 MHz, 43, 11.64 W
1788685075.115198185,0 %, 2411 MHz, 43, 11.65 W
1788685075.215351052,0 %, 2411 MHz, 43, 11.65 W
1788685075.315554800,0 %, 2411 MHz, 43, 11.65 W
1788685075.414916851,0 %, 2411 MHz, 43, 11.65 W
1788685075.516080022,0 %, 2411 MHz, 43, 11.65 W
1788685075.616099242,0 %, 2411 MHz, 43, 11.66 W
1788685075.716411197,0 %, 2411 MHz, 43, 11.66 W
1788685075.816676432,0 %, 2411 MHz, 43, 11.66 W
1788685075.917017268,0 %, 2411 MHz, 43, 11.66 W
1788685076.017463879,0 %, 2411 MHz, 43, 11.66 W
1788685076.117273786,0 %, 2411 MHz, 43, 11.67 W
1788685076.217460750,0 %, 2411 MHz, 43, 11.67 W
1788685076.317650305,0 %, 2411 MHz, 43, 11.67 W
1788685076.417249669,0 %, 2411 MHz, 43, 11.67 W
1788685076.518025864,0 %, 2411 MHz, 43, 11.67 W
1788685076.618201180,0 %, 2411 MHz, 43, 11.66 W
1788685076.718104895,0 %, 2411 MHz, 43, 11.66 W
1788685076.818706595,0 %, 2411 MHz, 43, 11.66 W
1788685076.918922086,0 %, 2411 MHz, 43, 11.66 W
1788685077.019305593,0 %, 2411 MHz, 43, 11.65 W
1788685077.119284861,0 %, 2411 MHz, 43, 11.65 W
1788685077.219435457,0 %, 2411 MHz, 43, 11.65 W
1788685077.319681924,0 %, 2411 MHz, 43, 11.65 W
1788685077.419321752,0 %, 2411 MHz, 43, 11.65 W
1788685077.519985467,0 %, 2411 MHz, 43, 11.66 W
1788685077.620185727,0 %, 2411 MHz, 43, 11.66 W
1788685077.720377746,0 %, 2411 MHz, 43, 11.66 W
1788685077.820528710,0 %, 2411 MHz, 43, 11.66 W
1788685077.920596249,0 %, 2411 MHz, 43, 11.66 W
1788685078.021070637,0 %, 2411 MHz, 43, 11.65 W
1788685078.121184320,0 %, 2411 MHz, 43, 11.65 W
1788685078.221281364,0 %, 2411 MHz, 43, 11.65 W
1788685078.321350888,0 %, 2411 MHz, 43, 11.65 W
1788685078.421168091,0 %, 2411 MHz, 43, 11.65 W
1788685078.521878943,0 %, 2411 MHz, 43, 11.65 W
1788685078.621463251,0 %, 2411 MHz, 43, 11.65 W
1788685078.722170870,0 %, 2411 MHz, 43, 11.65 W
1788685078.822378650,0 %, 2411 MHz, 43, 11.65 W
1788685078.922041821,0 %, 2411 MHz, 43, 11.65 W
1788685079.022232897,0 %, 2411 MHz, 43, 11.70 W
1788685079.122376341,0 %, 2411 MHz, 43, 11.70 W
1788685079.223186376,0 %, 2411 MHz, 43, 11.70 W
1788685079.323335644,0 %, 2411 MHz, 43, 11.70 W
1788685079.423275744,0 %, 2411 MHz, 43, 11.70 W
1788685079.524232883,0 %, 2411 MHz, 43, 11.70 W
1788685079.624413815,0 %, 2411 MHz, 43, 11.70 W
1788685079.724643546,0 %, 2411 MHz, 43, 11.70 W
1788685079.825068302,0 %, 2411 MHz, 43, 11.70 W
1788685079.925443857,0 %, 2411 MHz, 43, 11.70 W
1788685080.025553669,0 %, 2411 MHz, 43, 11.67 W
1788685080.125838089,0 %, 2411 MHz, 43, 11.67 W
1788685080.225992605,0 %, 2411 MHz, 43, 11.67 W
1788685080.326161408,0 %, 2411 MHz, 43, 11.67 W
1788685080.425992548,0 %, 2411 MHz, 43, 11.67 W
1788685080.527008328,0 %, 2411 MHz, 43, 11.66 W
1788685080.627333099,0 %, 2411 MHz, 43, 11.66 W
1788685080.727172575,0 %, 2411 MHz, 43, 11.66 W
1788685080.827221347,0 %, 2411 MHz, 43, 11.66 W
1788685080.927582599,0 %, 2411 MHz, 43, 11.66 W
1788685081.027563227,0 %, 2411 MHz, 43, 11.67 W
1788685081.127763519,0 %, 2411 MHz, 43, 11.67 W
1788685081.228107394,0 %, 2411 MHz, 43, 11.67 W
1788685081.328125190,0 %, 2411 MHz, 43, 11.67 W
1788685081.427737674,0 %, 2411 MHz, 43, 11.67 W
1788685081.528492030,0 %, 2411 MHz, 43, 11.68 W
1788685081.628618642,0 %, 2411 MHz, 43, 11.68 W
1788685081.728618550,0 %, 2411 MHz, 43, 11.68 W
1788685081.829039114,0 %, 2411 MHz, 43, 11.68 W
1788685081.929191117,0 %, 2411 MHz, 43, 11.68 W
1788685082.029451025,0 %, 2411 MHz, 43, 11.68 W
1788685082.129455509,0 %, 2411 MHz, 43, 11.68 W
1788685082.229802825,0 %, 2411 MHz, 43, 11.68 W
1788685082.329942621,0 %, 2411 MHz, 43, 11.68 W
1788685082.429609841,0 %, 2411 MHz, 43, 11.68 W
1788685082.530957109,0 %, 2411 MHz, 43, 11.68 W
1788685082.630994537,0 %, 2411 MHz, 43, 11.68 W
1788685082.731340685,0 %, 2411 MHz, 43, 11.68 W
1788685082.831498352,0 %, 2411 MHz, 43, 11.68 W
1788685082.931516596,0 %, 2411 MHz, 43, 11.68 W
1788685083.031775368,0 %, 2411 MHz, 43, 11.68 W
1788685083.131072877,0 %, 2411 MHz, 43, 11.68 W
1788685083.232207488,0 %, 2411 MHz, 43, 11.68 W
1788685083.332425012,0 %, 2411 MHz, 43, 11.68 W
1788685083.431391065,0 %, 2411 MHz, 43, 11.68 W
1788685083.532849708,0 %, 2411 MHz, 43, 11.68 W
1788685083.632921072,0 %, 2411 MHz, 43, 11.68 W
1788685083.733115924,0 %, 2411 MHz, 43, 11.68 W
1788685083.833282248,0 %, 2411 MHz, 43, 11.68 W
1788685083.933636988,0 %, 2411 MHz, 43, 11.68 W
1788685084.033747248,0 %, 2411 MHz, 43, 11.68 W
1788685084.133877493,0 %, 2411 MHz, 43, 11.68 W
1788685084.233434761,0 %, 2411 MHz, 43, 11.68 W
1788685084.334224909,0 %, 2411 MHz, 43, 11.68 W
1788685084.433481649,0 %, 2411 MHz, 43, 11.68 W
1788685084.534519221,0 %, 2411 MHz, 43, 11.69 W
1788685084.634289225,0 %, 2411 MHz, 43, 11.69 W
1788685084.734507645,0 %, 2411 MHz, 43, 11.69 W
1788685084.835214273,0 %, 2411 MHz, 43, 11.69 W
1788685084.935567525,0 %, 2411 MHz, 43, 11.69 W
1788685085.035651833,0 %, 2411 MHz, 43, 11.68 W
1788685085.135286526,0 %, 2411 MHz, 43, 11.68 W
1788685085.236029778,0 %, 2411 MHz, 43, 11.68 W
1788685085.335671750,0 %, 2411 MHz, 43, 11.68 W
1788685085.435677418,0 %, 2411 MHz, 43, 11.68 W
1788685085.535572799,0 %, 2411 MHz, 43, 11.67 W
1788685085.636813314,0 %, 2411 MHz, 43, 11.67 W
1788685085.737047494,0 %, 2411 MHz, 43, 11.67 W
1788685085.837317371,0 %, 2411 MHz, 43, 11.67 W
1788685085.937501551,0 %, 2411 MHz, 43, 11.67 W
1788685086.038040451,0 %, 2411 MHz, 43, 11.65 W
1788685086.138129175,0 %, 2411 MHz, 43, 11.65 W
1788685086.238336203,0 %, 2411 MHz, 43, 11.65 W
1788685086.339069551,0 %, 2411 MHz, 43, 11.65 W
1788685086.438457988,0 %, 2411 MHz, 43, 11.65 W
1788685086.539452216,0 %, 2411 MHz, 43, 11.64 W
1788685086.639626940,0 %, 2411 MHz, 43, 11.64 W
1788685086.739937008,0 %, 2411 MHz, 43, 11.64 W
1788685086.839986532,0 %, 2411 MHz, 43, 11.64 W
1788685086.940351001,0 %, 2411 MHz, 43, 11.64 W
1788685087.040458829,0 %, 2411 MHz, 43, 11.66 W
1788685087.140429185,0 %, 2411 MHz, 43, 11.66 W
1788685087.240707350,0 %, 2411 MHz, 43, 11.66 W
1788685087.340804218,0 %, 2411 MHz, 43, 11.66 W
1788685087.440232015,0 %, 2411 MHz, 43, 11.66 W
1788685087.540449171,0 %, 2411 MHz, 43, 11.67 W
1788685087.640981015,0 %, 2411 MHz, 43, 11.67 W
1788685087.741723467,0 %, 2411 MHz, 43, 11.67 W
1788685087.842041872,0 %, 2411 MHz, 43, 11.67 W
1788685087.942592628,0 %, 2411 MHz, 43, 11.67 W
1788685088.043283288,0 %, 2411 MHz, 43, 11.66 W
1788685088.143544796,0 %, 2411 MHz, 43, 11.66 W
1788685088.243712625,0 %, 2411 MHz, 43, 11.66 W
1788685088.344069333,0 %, 2411 MHz, 43, 11.66 W
1788685088.443837802,0 %, 2411 MHz, 43, 11.66 W
1788685088.544723758,0 %, 2411 MHz, 43, 11.67 W
1788685088.645144386,0 %, 2411 MHz, 43, 11.67 W
1788685088.745659254,0 %, 2411 MHz, 43, 11.67 W
1788685088.846141674,0 %, 2411 MHz, 43, 11.67 W
1788685088.946456879,0 %, 2411 MHz, 43, 11.67 W
1788685089.046597283,0 %, 2411 MHz, 43, 11.68 W
1788685089.146672568,0 %, 2411 MHz, 43, 11.68 W
1788685089.247027884,0 %, 2411 MHz, 43, 11.68 W
1788685089.347916400,0 %, 2411 MHz, 43, 11.68 W
1788685089.447701445,0 %, 2411 MHz, 43, 11.68 W
1788685089.548465577,0 %, 2411 MHz, 43, 11.68 W
1788685089.649230302,0 %, 2411 MHz, 43, 11.68 W
1788685089.749516258,0 %, 2411 MHz, 43, 11.68 W
1788685089.848807543,0 %, 2411 MHz, 43, 11.68 W
1788685089.949445595,0 %, 2411 MHz, 43, 11.68 W
1788685090.050143439,0 %, 2411 MHz, 43, 11.69 W
1788685090.150029636,0 %, 2411 MHz, 43, 11.69 W
1788685090.250617416,0 %, 2411 MHz, 43, 11.69 W
1788685090.350965341,0 %, 2411 MHz, 43, 11.69 W
1788685090.450832802,0 %, 2411 MHz, 43, 11.69 W
1788685090.551200518,0 %, 2411 MHz, 43, 11.68 W
1788685090.651856922,0 %, 2411 MHz, 43, 11.68 W
1788685090.752183071,0 %, 2411 MHz, 43, 11.68 W
1788685090.852785043,0 %, 2411 MHz, 43, 11.68 W
1788685090.953112984,0 %, 2411 MHz, 43, 11.68 W
1788685091.053383276,0 %, 2411 MHz, 43, 11.66 W
1788685091.153795809,0 %, 2411 MHz, 43, 11.66 W
1788685091.254450469,0 %, 2411 MHz, 43, 11.66 W
1788685091.355374746,0 %, 2411 MHz, 43, 11.66 W
1788685091.454342143,0 %, 2411 MHz, 43, 11.66 W
1788685091.554955779,0 %, 2411 MHz, 43, 11.65 W
1788685091.655644120,0 %, 2411 MHz, 43, 11.65 W
1788685091.756236732,0 %, 2411 MHz, 43, 11.65 W
1788685091.856651073,0 %, 2411 MHz, 43, 11.65 W
1788685091.957005397,0 %, 2411 MHz, 43, 11.65 W
1788685092.057921562,0 %, 2411 MHz, 43, 11.64 W
1788685092.158243486,0 %, 2411 MHz, 43, 11.64 W
1788685092.258366627,0 %, 2411 MHz, 43, 11.64 W
1788685092.358609432,0 %, 2411 MHz, 43, 11.64 W
1788685092.458198221,0 %, 2411 MHz, 43, 11.64 W
1788685092.559098705,0 %, 2411 MHz, 43, 11.68 W
1788685092.659275638,0 %, 2411 MHz, 43, 11.68 W
1788685092.759696715,0 %, 2411 MHz, 43, 11.68 W
1788685092.860194959,0 %, 2411 MHz, 43, 11.68 W
1788685092.960459988,0 %, 2411 MHz, 43, 11.68 W
1788685093.060996744,0 %, 2411 MHz, 43, 11.69 W
1788685093.161253741,0 %, 2411 MHz, 43, 11.69 W
1788685093.261821682,0 %, 2411 MHz, 43, 11.69 W
1788685093.362377510,0 %, 2411 MHz, 43, 11.69 W
1788685093.462068123,0 %, 2411 MHz, 43, 11.69 W
1788685093.563283648,0 %, 2411 MHz, 43, 11.67 W
1788685093.663012373,0 %, 2411 MHz, 43, 11.67 W
1788685093.763636937,0 %, 2411 MHz, 43, 11.67 W
1788685093.864448270,0 %, 2411 MHz, 43, 11.67 W
1788685093.964991667,0 %, 2411 MHz, 43, 11.67 W
1788685094.064471688,0 %, 2411 MHz, 43, 11.68 W
1788685094.165616876,0 %, 2411 MHz, 43, 11.68 W
1788685094.265338753,0 %, 2411 MHz, 43, 11.68 W
1788685094.365523398,0 %, 2411 MHz, 43, 11.68 W
1788685094.465134587,0 %, 2411 MHz, 43, 11.68 W
1788685094.565808880,0 %, 2411 MHz, 43, 11.69 W
1788685094.666644020,0 %, 2411 MHz, 43, 11.69 W
1788685094.766984265,0 %, 2411 MHz, 43, 11.69 W
1788685094.867146142,0 %, 2411 MHz, 43, 11.69 W
1788685094.966456163,0 %, 2411 MHz, 43, 11.69 W
1788685095.066812728,0 %, 2411 MHz, 43, 11.68 W
1788685095.167632221,0 %, 2411 MHz, 43, 11.68 W
1788685095.266909666,0 %, 2411 MHz, 43, 11.68 W
1788685095.367046407,0 %, 2411 MHz, 43, 11.68 W
1788685095.467180028,0 %, 2411 MHz, 43, 11.68 W
1788685095.567774177,0 %, 2411 MHz, 43, 11.68 W
1788685095.668606950,0 %, 2411 MHz, 43, 11.68 W
1788685095.768725115,0 %, 2411 MHz, 43, 11.68 W
1788685095.869061392,0 %, 2411 MHz, 43, 11.68 W
1788685095.968583733,0 %, 2411 MHz, 43, 11.68 W
1788685096.069216698,0 %, 2411 MHz, 43, 11.67 W
1788685096.169713455,0 %, 2411 MHz, 43, 11.67 W
1788685096.269925892,0 %, 2411 MHz, 43, 11.67 W
1788685096.370095001,0 %, 2411 MHz, 43, 11.67 W
1788685096.469455710,0 %, 2411 MHz, 43, 11.67 W
1788685096.570491955,0 %, 2411 MHz, 43, 11.67 W
1788685096.670063432,0 %, 2411 MHz, 43, 11.67 W
1788685096.771011469,0 %, 2411 MHz, 43, 11.67 W
1788685096.871673329,0 %, 2411 MHz, 43, 11.67 W
1788685096.971551031,0 %, 2411 MHz, 43, 11.67 W
1788685097.072064780,0 %, 2411 MHz, 43, 11.67 W
1788685097.172587344,0 %, 2411 MHz, 43, 11.67 W
1788685097.272641158,0 %, 2411 MHz, 43, 11.67 W
1788685097.372820955,0 %, 2411 MHz, 43, 11.67 W
1788685097.472161392,0 %, 2411 MHz, 43, 11.67 W
1788685097.573078613,0 %, 2411 MHz, 43, 11.65 W
1788685097.673318490,0 %, 2411 MHz, 43, 11.65 W
1788685097.773513695,0 %, 2411 MHz, 43, 11.65 W
1788685097.873518580,0 %, 2411 MHz, 43, 11.65 W
1788685097.973324650,0 %, 2411 MHz, 43, 11.65 W
1788685098.074094911,0 %, 2411 MHz, 43, 11.65 W
1788685098.174238196,0 %, 2411 MHz, 43, 11.65 W
1788685098.274469817,0 %, 2411 MHz, 43, 11.65 W
1788685098.374673806,0 %, 2411 MHz, 43, 11.65 W
1788685098.474058724,0 %, 2411 MHz, 43, 11.65 W
1788685098.575016217,0 %, 2411 MHz, 43, 11.65 W
1788685098.675103374,0 %, 2411 MHz, 43, 11.65 W
1788685098.775568851,0 %, 2411 MHz, 43, 11.65 W
1788685098.875608152,0 %, 2411 MHz, 43, 11.65 W
1788685098.975206397,0 %, 2411 MHz, 43, 11.65 W
1788685099.075173443,0 %, 2411 MHz, 43, 11.64 W
1788685099.176067240,0 %, 2411 MHz, 43, 11.64 W
1788685099.276513645,0 %, 2411 MHz, 43, 11.64 W
1788685099.376528434,0 %, 2411 MHz, 43, 11.64 W
1788685099.475897096,0 %, 2411 MHz, 43, 11.64 W
1788685099.576984445,0 %, 2411 MHz, 43, 11.65 W
1788685099.677026562,0 %, 2411 MHz, 43, 11.65 W
1788685099.777113559,0 %, 2411 MHz, 43, 11.65 W
1788685099.877446221,0 %, 2411 MHz, 43, 11.65 W
1788685099.977009026,0 %, 2411 MHz, 43, 11.65 W
1788685100.077831047,0 %, 2411 MHz, 43, 11.68 W
1788685100.177779869,0 %, 2411 MHz, 43, 11.68 W
1788685100.278149954,0 %, 2411 MHz, 43, 11.68 W
1788685100.378259031,0 %, 2411 MHz, 43, 11.68 W
1788685100.477760317,0 %, 2411 MHz, 43, 11.68 W
1788685100.578805730,0 %, 2411 MHz, 43, 11.68 W
1788685100.678932679,0 %, 2411 MHz, 43, 11.68 W
1788685100.778974861,0 %, 2411 MHz, 43, 11.68 W
1788685100.879411778,0 %, 2411 MHz, 43, 11.68 W
1788685100.979260759,0 %, 2411 MHz, 43, 11.68 W
1788685101.079829981,0 %, 2411 MHz, 43, 11.65 W
1788685101.180317266,0 %, 2411 MHz, 43, 11.65 W
1788685101.280310007,0 %, 2411 MHz, 43, 11.65 W
1788685101.381009405,0 %, 2411 MHz, 43, 11.65 W
1788685101.480512274,0 %, 2411 MHz, 43, 11.65 W
1788685101.581855079,0 %, 2411 MHz, 43, 11.66 W
1788685101.681301421,0 %, 2411 MHz, 43, 11.66 W
1788685101.781877650,0 %, 2411 MHz, 43, 11.66 W
1788685101.882059960,0 %, 2411 MHz, 43, 11.66 W
1788685101.982045293,0 %, 2411 MHz, 43, 11.66 W
1788685102.082424627,0 %, 2411 MHz, 43, 11.67 W
1788685102.182296408,0 %, 2411 MHz, 43, 11.67 W
1788685102.283036781,0 %, 2411 MHz, 43, 11.67 W
1788685102.382870051,0 %, 2411 MHz, 43, 11.67 W
1788685102.482665769,0 %, 2411 MHz, 43, 11.67 W
1788685102.583541326,0 %, 2411 MHz, 43, 11.66 W
1788685102.683729283,0 %, 2411 MHz, 43, 11.66 W
1788685102.783916697,0 %, 2411 MHz, 43, 11.66 W
1788685102.884349566,0 %, 2411 MHz, 43, 11.66 W
1788685102.983812692,0 %, 2411 MHz, 43, 11.66 W
1788685103.084513433,0 %, 2411 MHz, 43, 11.65 W
1788685103.184665727,0 %, 2411 MHz, 43, 11.65 W
1788685103.284849477,0 %, 2411 MHz, 43, 11.65 W
1788685103.385056474,0 %, 2411 MHz, 43, 11.65 W
1788685103.484551072,0 %, 2411 MHz, 43, 11.65 W
1788685103.585178869,0 %, 2411 MHz, 43, 11.66 W
1788685103.685605131,0 %, 2411 MHz, 43, 11.66 W
1788685103.785807488,0 %, 2411 MHz, 43, 11.66 W
1788685103.886072694,0 %, 2411 MHz, 43, 11.66 W
1788685103.985750284,0 %, 2411 MHz, 43, 11.66 W
1788685104.086171617,0 %, 2411 MHz, 43, 11.68 W
1788685104.186562295,0 %, 2411 MHz, 43, 11.68 W
1788685104.286728316,0 %, 2411 MHz, 43, 11.68 W
1788685104.386916434,0 %, 2411 MHz, 43, 11.68 W
1788685104.486193336,0 %, 2411 MHz, 43, 11.68 W
1788685104.587310685,0 %, 2411 MHz, 43, 11.67 W
1788685104.687107875,0 %, 2411 MHz, 43, 11.67 W
1788685104.787544249,0 %, 2411 MHz, 43, 11.67 W
1788685104.887347503,0 %, 2411 MHz, 43, 11.67 W
1788685104.987876788,0 %, 2411 MHz, 43, 11.67 W
1788685105.088508346,0 %, 2411 MHz, 43, 11.65 W
1788685105.188762191,0 %, 2411 MHz, 43, 11.65 W
1788685105.288530629,0 %, 2411 MHz, 43, 11.65 W
1788685105.389697994,0 %, 2411 MHz, 43, 11.65 W
1788685105.488734433,0 %, 2411 MHz, 43, 11.65 W
1788685105.589895974,0 %, 2411 MHz, 43, 11.65 W
1788685105.690120284,0 %, 2411 MHz, 43, 11.65 W
1788685105.790509457,0 %, 2411 MHz, 43, 11.65 W
1788685105.889630792,0 %, 2411 MHz, 43, 11.65 W
1788685105.990029917,0 %, 2411 MHz, 43, 11.65 W
1788685106.090982707,0 %, 2411 MHz, 43, 11.67 W
1788685106.190137737,0 %, 2411 MHz, 43, 11.67 W
1788685106.290711998,0 %, 2411 MHz, 43, 11.67 W
1788685106.391591140,0 %, 2411 MHz, 43, 11.67 W
1788685106.491712618,0 %, 2411 MHz, 43, 11.67 W
1788685106.591819504,0 %, 2411 MHz, 43, 11.68 W
1788685106.690819622,0 %, 2411 MHz, 43, 11.68 W
1788685106.791679131,0 %, 2411 MHz, 43, 11.68 W
1788685106.891791201,0 %, 2411 MHz, 43, 11.68 W
1788685106.992526823,0 %, 2411 MHz, 43, 11.68 W
1788685107.092702573,0 %, 2411 MHz, 43, 11.67 W
1788685107.192891027,0 %, 2411 MHz, 43, 11.67 W
1788685107.292085193,0 %, 2411 MHz, 43, 11.67 W
1788685107.392774847,0 %, 2411 MHz, 43, 11.67 W
1788685107.492826740,0 %, 2411 MHz, 43, 11.67 W
1788685107.593193194,0 %, 2411 MHz, 43, 11.65 W
1788685107.693332176,0 %, 2411 MHz, 43, 11.65 W
1788685107.794100934,0 %, 2411 MHz, 43, 11.65 W
1788685107.893699436,0 %, 2411 MHz, 43, 11.65 W
1788685107.994439650,0 %, 2411 MHz, 43, 11.65 W
1788685108.094976679,0 %, 2411 MHz, 43, 11.65 W
1788685108.194890189,0 %, 2411 MHz, 43, 11.65 W
1788685108.295413443,0 %, 2411 MHz, 43, 11.65 W
1788685108.395541833,0 %, 2411 MHz, 43, 11.65 W
1788685108.495742767,0 %, 2411 MHz, 43, 11.65 W
1788685108.595949813,0 %, 2411 MHz, 43, 11.67 W
1788685108.696092091,0 %, 2411 MHz, 43, 11.67 W
1788685108.796293121,0 %, 2411 MHz, 43, 11.67 W
1788685108.896554919,0 %, 2411 MHz, 43, 11.67 W
1788685108.995983037,0 %, 2411 MHz, 43, 11.67 W
1788685109.096943955,0 %, 2411 MHz, 43, 11.71 W
1788685109.197077913,0 %, 2411 MHz, 43, 11.71 W
1788685109.297325279,0 %, 2411 MHz, 43, 11.71 W
1788685109.396877589,0 %, 2411 MHz, 43, 11.71 W
1788685109.497648075,0 %, 2411 MHz, 43, 11.71 W
1788685109.597883009,0 %, 2411 MHz, 43, 11.71 W
1788685109.698123431,0 %, 2411 MHz, 43, 11.71 W
1788685109.798286781,0 %, 2411 MHz, 43, 11.71 W
1788685109.897914099,0 %, 2411 MHz, 43, 11.71 W
1788685109.998574649,0 %, 2411 MHz, 43, 11.71 W
1788685110.098933231,0 %, 2411 MHz, 43, 11.68 W
1788685110.199690309,0 %, 2411 MHz, 43, 11.68 W
1788685110.299284443,0 %, 2411 MHz, 43, 11.68 W
1788685110.399506353,0 %, 2411 MHz, 43, 11.68 W
1788685110.498851992,0 %, 2411 MHz, 43, 11.68 W
1788685110.599742094,0 %, 2411 MHz, 43, 11.68 W
1788685110.699974212,0 %, 2411 MHz, 43, 11.68 W
1788685110.799788650,0 %, 2411 MHz, 43, 11.68 W
1788685110.900252096,0 %, 2411 MHz, 43, 11.68 W
1788685111.000333782,0 %, 2411 MHz, 43, 11.68 W
1788685111.100646924,0 %, 2411 MHz, 43, 11.69 W
1788685111.200296451,0 %, 2411 MHz, 43, 11.69 W
1788685111.300904457,0 %, 2411 MHz, 43, 11.69 W
1788685111.401260239,0 %, 2411 MHz, 43, 11.69 W
1788685111.501438613,0 %, 2411 MHz, 43, 11.69 W
1788685111.601297243,0 %, 2411 MHz, 43, 11.69 W
1788685111.701306514,0 %, 2411 MHz, 43, 11.69 W
1788685111.802467671,0 %, 2411 MHz, 43, 11.69 W
1788685111.902135598,0 %, 2411 MHz, 43, 11.69 W
1788685112.002979812,0 %, 2411 MHz, 43, 11.69 W
1788685112.103056490,0 %, 2411 MHz, 43, 11.69 W
1788685112.202353169,0 %, 2411 MHz, 43, 11.69 W
1788685112.303057591,0 %, 2411 MHz, 43, 11.69 W
1788685112.403191405,0 %, 2411 MHz, 43, 11.69 W
1788685112.503847795,0 %, 2411 MHz, 43, 11.69 W
1788685112.603086602,0 %, 2411 MHz, 43, 11.68 W
1788685112.703675856,0 %, 2411 MHz, 43, 11.68 W
1788685112.803924102,0 %, 2411 MHz, 43, 11.68 W
1788685112.904456860,0 %, 2411 MHz, 43, 11.68 W
1788685113.004282051,0 %, 2411 MHz, 43, 11.68 W
1788685113.104274281,0 %, 2411 MHz, 43, 11.69 W
1788685113.204446671,0 %, 2411 MHz, 43, 11.69 W
1788685113.304662726,0 %, 2411 MHz, 43, 11.69 W
1788685113.404859916,0 %, 2411 MHz, 43, 11.69 W
1788685113.505202034,0 %, 2411 MHz, 43, 11.69 W
1788685113.605225017,0 %, 2411 MHz, 43, 11.69 W
1788685113.705646607,0 %, 2411 MHz, 43, 11.69 W
1788685113.805719013,0 %, 2411 MHz, 43, 11.69 W
1788685113.906540331,0 %, 2411 MHz, 43, 11.69 W
1788685114.006811778,0 %, 2411 MHz, 43, 11.69 W
1788685114.107003416,0 %, 2411 MHz, 43, 11.69 W
1788685114.207059694,0 %, 2411 MHz, 43, 11.69 W
1788685114.306710245,0 %, 2411 MHz, 43, 11.69 W
1788685114.406785419,0 %, 2411 MHz, 43, 11.69 W
1788685114.507683474,0 %, 2411 MHz, 43, 11.69 W
1788685114.607779784,0 %, 2411 MHz, 43, 11.70 W
1788685114.708002686,0 %, 2411 MHz, 43, 11.70 W
1788685114.808146293,0 %, 2411 MHz, 43, 11.70 W
1788685114.907822571,0 %, 2411 MHz, 43, 11.70 W
1788685115.007570290,0 %, 2411 MHz, 43, 11.70 W
1788685115.108726184,0 %, 2411 MHz, 43, 11.70 W
1788685115.208979055,0 %, 2411 MHz, 43, 11.70 W
1788685115.309082949,0 %, 2411 MHz, 43, 11.70 W
1788685115.408958636,0 %, 2411 MHz, 43, 11.70 W
1788685115.509618274,0 %, 2411 MHz, 43, 11.70 W
1788685115.609764776,0 %, 2411 MHz, 43, 11.68 W
1788685115.709932223,0 %, 2411 MHz, 43, 11.68 W
1788685115.810090405,0 %, 2411 MHz, 43, 11.68 W
1788685115.909719772,0 %, 2411 MHz, 43, 11.68 W
1788685116.010222435,0 %, 2411 MHz, 43, 11.68 W
1788685116.110853993,0 %, 2411 MHz, 43, 11.67 W
1788685116.210984895,0 %, 2411 MHz, 43, 11.67 W
1788685116.311164934,0 %, 2411 MHz, 43, 11.67 W
1788685116.411386269,0 %, 2411 MHz, 43, 11.67 W
1788685116.511673251,0 %, 2411 MHz, 43, 11.67 W
1788685116.611849402,0 %, 2411 MHz, 43, 11.67 W
1788685116.711068833,0 %, 2411 MHz, 43, 11.67 W
1788685116.812388727,0 %, 2411 MHz, 43, 11.67 W
1788685116.912593821,0 %, 2411 MHz, 43, 11.67 W
1788685117.012390900,0 %, 2411 MHz, 43, 11.67 W
1788685117.112849434,0 %, 2411 MHz, 43, 11.67 W
1788685117.213715265,0 %, 2411 MHz, 43, 11.67 W
1788685117.313958439,0 %, 2411 MHz, 43, 11.67 W
1788685117.414095822,0 %, 2411 MHz, 43, 11.67 W
1788685117.514307621,0 %, 2411 MHz, 43, 11.67 W
1788685117.614675547,0 %, 2411 MHz, 43, 11.66 W
1788685117.714831522,0 %, 2411 MHz, 43, 11.66 W
1788685117.815032121,0 %, 2411 MHz, 43, 11.66 W
1788685117.915344031,0 %, 2411 MHz, 43, 11.66 W
1788685118.014729894,0 %, 2411 MHz, 43, 11.66 W
1788685118.115724364,0 %, 2411 MHz, 43, 11.68 W
1788685118.215739059,0 %, 2411 MHz, 43, 11.68 W
1788685118.315923978,0 %, 2411 MHz, 43, 11.68 W
1788685118.416224369,0 %, 2411 MHz, 43, 11.68 W
1788685118.516287767,0 %, 2411 MHz, 43, 11.68 W
1788685118.616605166,0 %, 2411 MHz, 43, 11.69 W
1788685118.716781013,0 %, 2411 MHz, 43, 11.69 W
1788685118.816958939,0 %, 2411 MHz, 43, 11.69 W
1788685118.917512066,0 %, 2411 MHz, 43, 11.69 W
1788685119.016806153,0 %, 2411 MHz, 43, 11.69 W
1788685119.117606704,0 %, 2411 MHz, 43, 11.67 W
1788685119.217840566,0 %, 2411 MHz, 43, 11.67 W
1788685119.317949517,0 %, 2411 MHz, 43, 11.67 W
1788685119.417991556,0 %, 2411 MHz, 43, 11.67 W
1788685119.518459627,0 %, 2411 MHz, 43, 11.67 W
1788685119.618679217,0 %, 2411 MHz, 43, 11.65 W
1788685119.718493608,0 %, 2411 MHz, 43, 11.65 W
1788685119.818896079,0 %, 2411 MHz, 43, 11.65 W
1788685119.919406918,0 %, 2411 MHz, 43, 11.65 W
1788685120.018941757,0 %, 2411 MHz, 43, 11.65 W
1788685120.119549075,0 %, 2411 MHz, 43, 11.64 W
1788685120.219660394,0 %, 2411 MHz, 43, 11.64 W
1788685120.319860673,0 %, 2411 MHz, 43, 11.64 W
1788685120.419930552,0 %, 2411 MHz, 43, 11.64 W
1788685120.520952126,0 %, 2411 MHz, 43, 11.64 W
1788685120.621096005,0 %, 2411 MHz, 43, 11.66 W
1788685120.720725772,0 %, 2411 MHz, 43, 11.66 W
1788685120.821529011,0 %, 2411 MHz, 43, 11.66 W
1788685120.921733930,0 %, 2411 MHz, 43, 11.66 W
1788685121.021938609,0 %, 2411 MHz, 43, 11.66 W
1788685121.122061512,0 %, 2411 MHz, 43, 11.68 W
1788685121.222244031,0 %, 2411 MHz, 43, 11.68 W
1788685121.322583029,0 %, 2411 MHz, 43, 11.68 W
1788685121.422821068,0 %, 2411 MHz, 43, 11.68 W
1788685121.522968099,0 %, 2411 MHz, 43, 11.67 W
1788685121.623231738,0 %, 2411 MHz, 43, 11.67 W
1788685121.722664658,0 %, 2411 MHz, 43, 11.67 W
1788685121.823568744,0 %, 2411 MHz, 43, 11.67 W
1788685121.923751551,0 %, 2411 MHz, 43, 11.67 W
1788685122.023972118,0 %, 2411 MHz, 43, 11.67 W
1788685122.124108653,0 %, 2411 MHz, 43, 11.67 W
1788685122.224338244,0 %, 2411 MHz, 43, 11.67 W
1788685122.324424187,0 %, 2411 MHz, 43, 11.67 W
1788685122.424786546,0 %, 2411 MHz, 43, 11.67 W
1788685122.524909689,0 %, 2411 MHz, 43, 11.69 W
1788685122.625283408,0 %, 2411 MHz, 43, 11.69 W
1788685122.725467767,0 %, 2411 MHz, 43, 11.69 W
1788685122.825686670,0 %, 2411 MHz, 43, 11.69 W
1788685122.925824613,0 %, 2411 MHz, 43, 11.69 W
1788685123.025897100,0 %, 2411 MHz, 43, 11.69 W
1788685123.125917843,0 %, 2411 MHz, 43, 11.69 W
1788685123.226411818,0 %, 2411 MHz, 43, 11.69 W
1788685123.326420161,0 %, 2411 MHz, 43, 11.69 W
1788685123.426775064,0 %, 2411 MHz, 43, 11.69 W
1788685123.526827887,0 %, 2411 MHz, 43, 11.68 W
1788685123.627312918,0 %, 2411 MHz, 43, 11.68 W
1788685123.727325005,0 %, 2411 MHz, 43, 11.68 W
1788685123.827525077,0 %, 2411 MHz, 43, 11.68 W
1788685123.927809404,0 %, 2411 MHz, 43, 11.68 W
1788685124.027853939,0 %, 2411 MHz, 43, 11.67 W
1788685124.128728618,0 %, 2411 MHz, 43, 11.67 W
1788685124.228668081,0 %, 2411 MHz, 43, 11.67 W
1788685124.329090568,0 %, 2411 MHz, 43, 11.67 W
1788685124.429027007,0 %, 2411 MHz, 43, 11.67 W
1788685124.529465414,0 %, 2411 MHz, 43, 11.67 W
1788685124.629661405,0 %, 2411 MHz, 43, 11.67 W
1788685124.729830052,0 %, 2411 MHz, 43, 11.67 W
1788685124.830008732,0 %, 2411 MHz, 43, 11.67 W
1788685124.930140931,0 %, 2411 MHz, 43, 11.67 W
1788685125.030441210,0 %, 2411 MHz, 43, 11.68 W
1788685125.130603777,0 %, 2411 MHz, 43, 11.68 W
1788685125.230783096,0 %, 2411 MHz, 43, 11.68 W
1788685125.330959776,0 %, 2411 MHz, 43, 11.68 W
1788685125.430978663,0 %, 2411 MHz, 43, 11.68 W
1788685125.531282062,0 %, 2411 MHz, 43, 11.69 W
1788685125.631641733,0 %, 2411 MHz, 43, 11.69 W
1788685125.731825100,0 %, 2411 MHz, 43, 11.69 W
1788685125.831972308,0 %, 2411 MHz, 43, 11.69 W
1788685125.932078299,0 %, 2411 MHz, 43, 11.69 W
1788685126.032461026,0 %, 2411 MHz, 43, 11.70 W
1788685126.132582009,0 %, 2411 MHz, 43, 11.70 W
1788685126.232798545,0 %, 2411 MHz, 43, 11.70 W
1788685126.332938648,0 %, 2411 MHz, 43, 11.70 W
1788685126.432601008,0 %, 2411 MHz, 43, 11.70 W
1788685126.533339639,0 %, 2411 MHz, 43, 11.70 W
1788685126.633535406,0 %, 2411 MHz, 43, 11.70 W
1788685126.732717430,0 %, 2411 MHz, 43, 11.70 W
1788685126.833875788,0 %, 2411 MHz, 43, 11.70 W
1788685126.934001508,0 %, 2411 MHz, 43, 11.70 W
1788685127.034467451,0 %, 2411 MHz, 43, 11.70 W
1788685127.133905571,0 %, 2411 MHz, 43, 11.70 W
1788685127.234660762,0 %, 2411 MHz, 43, 11.70 W
1788685127.334823105,0 %, 2411 MHz, 43, 11.70 W
1788685127.434979689,0 %, 2411 MHz, 43, 11.70 W
1788685127.535227168,0 %, 2411 MHz, 43, 11.69 W
1788685127.634688312,0 %, 2411 MHz, 43, 11.69 W
1788685127.735572239,0 %, 2411 MHz, 43, 11.69 W
1788685127.835734022,0 %, 2411 MHz, 43, 11.69 W
1788685127.935960349,0 %, 2411 MHz, 43, 11.69 W
1788685128.036133445,0 %, 2411 MHz, 43, 11.68 W
1788685128.136322028,0 %, 2411 MHz, 43, 11.68 W
1788685128.236431204,0 %, 2411 MHz, 43, 11.68 W
1788685128.336454795,0 %, 2411 MHz, 43, 11.68 W
1788685128.437023843,0 %, 2411 MHz, 43, 11.68 W
1788685128.537188970,0 %, 2411 MHz, 43, 11.69 W
1788685128.637415825,0 %, 2411 MHz, 43, 11.69 W
1788685128.737537369,0 %, 2411 MHz, 43, 11.69 W
1788685128.837731152,0 %, 2411 MHz, 43, 11.69 W
1788685128.937884040,0 %, 2411 MHz, 43, 11.69 W
1788685129.037535183,0 %, 2411 MHz, 43, 11.69 W
1788685129.138323703,0 %, 2411 MHz, 43, 11.69 W
1788685129.238498478,0 %, 2411 MHz, 43, 11.69 W
1788685129.338662070,0 %, 2411 MHz, 43, 11.69 W
1788685129.438847053,0 %, 2411 MHz, 43, 11.69 W
1788685129.539027301,0 %, 2411 MHz, 43, 11.67 W
1788685129.639004444,0 %, 2411 MHz, 43, 11.67 W
1788685129.739166212,0 %, 2411 MHz, 43, 11.67 W
1788685129.839574971,0 %, 2411 MHz, 43, 11.67 W
1788685129.939573891,0 %, 2411 MHz, 43, 11.67 W
1788685130.039936778,0 %, 2411 MHz, 43, 11.67 W
1788685130.140167378,0 %, 2411 MHz, 43, 11.67 W
1788685130.240380794,0 %, 2411 MHz, 43, 11.67 W
1788685130.340742289,0 %, 2411 MHz, 43, 11.67 W
1788685130.440731769,0 %, 2411 MHz, 43, 11.67 W
1788685130.540292945,0 %, 2411 MHz, 43, 11.68 W
1788685130.640766056,0 %, 2411 MHz, 43, 11.68 W
1788685130.741239295,0 %, 2411 MHz, 43, 11.68 W
1788685130.841411495,0 %, 2411 MHz, 43, 11.68 W
1788685130.941719551,0 %, 2411 MHz, 43, 11.68 W
1788685131.042231270,0 %, 2411 MHz, 43, 11.68 W
1788685131.142180862,0 %, 2411 MHz, 43, 11.68 W
1788685131.242855045,0 %, 2411 MHz, 43, 11.68 W
1788685131.343120189,0 %, 2411 MHz, 43, 11.68 W
1788685131.442369077,0 %, 2411 MHz, 43, 11.68 W
1788685131.542576045,0 %, 2411 MHz, 43, 11.68 W
1788685131.642945556,0 %, 2411 MHz, 43, 11.68 W
1788685131.743054796,0 %, 2411 MHz, 43, 11.68 W
1788685131.843415524,0 %, 2411 MHz, 43, 11.68 W
1788685131.944203883,0 %, 2411 MHz, 43, 11.68 W
1788685132.044595411,0 %, 2411 MHz, 43, 11.69 W
1788685132.144688730,0 %, 2411 MHz, 43, 11.69 W
1788685132.244861778,0 %, 2411 MHz, 43, 11.69 W
1788685132.345056970,0 %, 2411 MHz, 43, 11.69 W
1788685132.445240209,0 %, 2411 MHz, 43, 11.69 W
1788685132.545404457,0 %, 2411 MHz, 43, 11.69 W
1788685132.645387473,0 %, 2411 MHz, 43, 11.69 W
1788685132.745801529,0 %, 2411 MHz, 43, 11.69 W
1788685132.845977216,0 %, 2411 MHz, 43, 11.69 W
1788685132.946179928,0 %, 2411 MHz, 43, 11.69 W
1788685133.046388976,0 %, 2411 MHz, 43, 11.68 W
1788685133.146570808,0 %, 2411 MHz, 43, 11.68 W
1788685133.246762048,0 %, 2411 MHz, 43, 11.68 W
1788685133.346951575,0 %, 2411 MHz, 43, 11.68 W
1788685133.447092751,0 %, 2411 MHz, 43, 11.68 W
1788685133.547320503,0 %, 2411 MHz, 43, 11.68 W
1788685133.647278719,0 %, 2411 MHz, 43, 11.68 W
1788685133.747695015,0 %, 2411 MHz, 43, 11.68 W
1788685133.847862062,0 %, 2411 MHz, 43, 11.68 W
1788685133.948049382,0 %, 2411 MHz, 43, 11.68 W
1788685134.048230686,0 %, 2411 MHz, 43, 11.67 W
1788685134.148592278,0 %, 2411 MHz, 43, 11.67 W
1788685134.248705454,0 %, 2411 MHz, 43, 11.67 W
1788685134.348869686,0 %, 2411 MHz, 43, 11.67 W
1788685134.449003469,0 %, 2411 MHz, 43, 11.67 W
1788685134.549032421,0 %, 2411 MHz, 43, 11.67 W
1788685134.649439837,0 %, 2411 MHz, 43, 11.67 W
1788685134.749641365,0 %, 2411 MHz, 43, 11.67 W
1788685134.849819421,0 %, 2411 MHz, 43, 11.67 W
1788685134.949970389,0 %, 2411 MHz, 43, 11.67 W
1788685135.050174125,0 %, 2411 MHz, 43, 11.67 W
1788685135.150528629,0 %, 2411 MHz, 43, 11.67 W
1788685135.250708013,0 %, 2411 MHz, 43, 11.67 W
1788685135.350876261,0 %, 2411 MHz, 43, 11.67 W
1788685135.451059596,0 %, 2411 MHz, 43, 11.67 W
1788685135.551400596,0 %, 2411 MHz, 43, 11.67 W
1788685135.651613916,0 %, 2411 MHz, 43, 11.67 W
1788685135.751785524,0 %, 2411 MHz, 43, 11.67 W
1788685135.851829660,0 %, 2411 MHz, 43, 11.67 W
1788685135.952708116,0 %, 2411 MHz, 43, 11.67 W
1788685136.052539036,0 %, 2411 MHz, 43, 11.67 W
1788685136.153060420,0 %, 2411 MHz, 43, 11.67 W
1788685136.252754732,0 %, 2411 MHz, 43, 11.67 W
1788685136.352840820,0 %, 2411 MHz, 43, 11.67 W
1788685136.453610012,0 %, 2411 MHz, 43, 11.67 W
1788685136.553580276,0 %, 2411 MHz, 43, 11.68 W
1788685136.653992156,0 %, 2411 MHz, 43, 11.68 W
1788685136.754158420,0 %, 2411 MHz, 43, 11.68 W
1788685136.853819516,0 %, 2411 MHz, 43, 11.68 W
1788685136.954800580,0 %, 2411 MHz, 43, 11.68 W
1788685137.054783900,0 %, 2411 MHz, 43, 11.69 W
1788685137.155057972,0 %, 2411 MHz, 43, 11.69 W
1788685137.255385116,0 %, 2411 MHz, 43, 11.69 W
1788685137.355603748,0 %, 2411 MHz, 43, 11.69 W
1788685137.455615324,0 %, 2411 MHz, 43, 11.69 W
1788685137.555926085,0 %, 2411 MHz, 43, 11.68 W
1788685137.655920269,0 %, 2411 MHz, 43, 11.68 W
1788685137.756345829,0 %, 2411 MHz, 43, 11.68 W
1788685137.856534589,0 %, 2411 MHz, 43, 11.68 W
1788685137.956772149,0 %, 2411 MHz, 43, 11.68 W
1788685138.056884653,0 %, 2411 MHz, 43, 11.67 W
1788685138.156961061,0 %, 2411 MHz, 43, 11.67 W
1788685138.257345837,0 %, 2411 MHz, 43, 11.67 W
1788685138.357391414,0 %, 2411 MHz, 43, 11.67 W
1788685138.457547774,0 %, 2411 MHz, 43, 11.67 W
1788685138.557849382,0 %, 2411 MHz, 43, 11.66 W
1788685138.657937182,0 %, 2411 MHz, 43, 11.66 W
1788685138.758064742,0 %, 2411 MHz, 43, 11.66 W
1788685138.858411262,0 %, 2411 MHz, 43, 11.66 W
1788685138.958175415,0 %, 2411 MHz, 43, 11.66 W
1788685139.058857919,0 %, 2411 MHz, 43, 11.67 W
1788685139.158689335,0 %, 2411 MHz, 43, 11.67 W
1788685139.259274703,0 %, 2411 MHz, 43, 11.67 W
1788685139.359470567,0 %, 2411 MHz, 43, 11.67 W
1788685139.459008272,0 %, 2411 MHz, 43, 11.67 W
1788685139.559838136,0 %, 2411 MHz, 43, 11.71 W
1788685139.659848400,0 %, 2411 MHz, 43, 11.71 W
1788685139.759721913,0 %, 2411 MHz, 43, 11.71 W
1788685139.860206369,0 %, 2411 MHz, 43, 11.71 W
1788685139.960712745,0 %, 2411 MHz, 43, 11.71 W
1788685140.060863585,0 %, 2411 MHz, 43, 11.72 W
1788685140.161027369,0 %, 2411 MHz, 43, 11.72 W
1788685140.261242450,0 %, 2411 MHz, 43, 11.72 W
1788685140.361341898,0 %, 2411 MHz, 43, 11.72 W
1788685140.461592450,0 %, 2411 MHz, 43, 11.72 W
1788685140.561806043,0 %, 2411 MHz, 43, 11.70 W
1788685140.661850675,0 %, 2411 MHz, 43, 11.70 W
1788685140.762152571,0 %, 2411 MHz, 43, 11.70 W
1788685140.862325060,0 %, 2411 MHz, 43, 11.70 W
1788685140.962564588,0 %, 2411 MHz, 43, 11.70 W
1788685141.062773588,0 %, 2411 MHz, 42, 11.69 W
1788685141.162830205,0 %, 2411 MHz, 42, 11.69 W
1788685141.263177733,0 %, 2411 MHz, 42, 11.69 W
1788685141.363274749,0 %, 2411 MHz, 42, 11.69 W
1788685141.463499158,0 %, 2411 MHz, 42, 11.69 W
1788685141.563687774,0 %, 2411 MHz, 43, 11.68 W
1788685141.663249831,0 %, 2411 MHz, 43, 11.68 W
1788685141.764085007,0 %, 2411 MHz, 43, 11.68 W
1788685141.864789463,0 %, 2411 MHz, 43, 11.68 W
1788685141.964997215,0 %, 2411 MHz, 43, 11.68 W
1788685142.065147352,0 %, 2411 MHz, 43, 11.68 W
1788685142.164679392,0 %, 2411 MHz, 43, 11.68 W
1788685142.265539817,0 %, 2411 MHz, 43, 11.68 W
1788685142.365800401,0 %, 2411 MHz, 43, 11.68 W
1788685142.465672426,0 %, 2411 MHz, 43, 11.68 W
1788685142.566024338,0 %, 2411 MHz, 43, 11.68 W
1788685142.666402074,0 %, 2411 MHz, 43, 11.68 W
1788685142.766749363,0 %, 2411 MHz, 43, 11.68 W
1788685142.866873147,0 %, 2411 MHz, 43, 11.68 W
1788685142.966958100,0 %, 2411 MHz, 43, 11.68 W
1788685143.067548988,0 %, 2411 MHz, 42, 11.67 W
1788685143.167546917,0 %, 2411 MHz, 42, 11.67 W
1788685143.267692669,0 %, 2411 MHz, 42, 11.67 W
1788685143.367873334,0 %, 2411 MHz, 42, 11.67 W
1788685143.467926158,0 %, 2411 MHz, 42, 11.67 W
1788685143.568247127,0 %, 2411 MHz, 42, 11.66 W
1788685143.668603087,0 %, 2411 MHz, 42, 11.66 W
1788685143.768640200,0 %, 2411 MHz, 42, 11.66 W
1788685143.868843856,0 %, 2411 MHz, 42, 11.66 W
1788685143.969002889,0 %, 2411 MHz, 42, 11.66 W
1788685144.069401441,0 %, 2411 MHz, 42, 11.66 W
1788685144.169535930,0 %, 2411 MHz, 42, 11.66 W
1788685144.269317843,0 %, 2411 MHz, 42, 11.66 W
1788685144.369745163,0 %, 2411 MHz, 42, 11.66 W
1788685144.469941876,0 %, 2411 MHz, 42, 11.66 W
1788685144.570111836,0 %, 2411 MHz, 42, 11.67 W
1788685144.670314149,0 %, 2411 MHz, 42, 11.67 W
1788685144.770501374,0 %, 2411 MHz, 42, 11.67 W
1788685144.870675446,0 %, 2411 MHz, 42, 11.67 W
1788685144.970905919,0 %, 2411 MHz, 42, 11.67 W
1788685145.071097207,0 %, 2411 MHz, 42, 11.67 W
1788685145.171048224,0 %, 2411 MHz, 42, 11.67 W
1788685145.271570281,0 %, 2411 MHz, 42, 11.67 W
1788685145.371651249,0 %, 2411 MHz, 42, 11.67 W
1788685145.471809402,0 %, 2411 MHz, 42, 11.67 W
1788685145.571970131,0 %, 2411 MHz, 42, 11.67 W
1788685145.672192523,0 %, 2411 MHz, 42, 11.67 W
1788685145.772099412,0 %, 2411 MHz, 42, 11.67 W
1788685145.872561405,0 %, 2411 MHz, 42, 11.67 W
1788685145.972688453,0 %, 2411 MHz, 42, 11.67 W
1788685146.073126286,0 %, 2411 MHz, 43, 11.66 W
1788685146.173137015,0 %, 2411 MHz, 43, 11.66 W
1788685146.273306128,0 %, 2411 MHz, 43, 11.66 W
1788685146.373608840,0 %, 2411 MHz, 43, 11.66 W
1788685146.473679313,0 %, 2411 MHz, 43, 11.66 W
1788685146.573895498,0 %, 2411 MHz, 42, 11.67 W
1788685146.674076866,0 %, 2411 MHz, 42, 11.67 W
1788685146.774100987,0 %, 2411 MHz, 42, 11.67 W
1788685146.874422308,0 %, 2411 MHz, 42, 11.67 W
1788685146.974667149,0 %, 2411 MHz, 42, 11.67 W
1788685147.074859029,0 %, 2411 MHz, 42, 11.67 W
1788685147.175029406,0 %, 2411 MHz, 42, 11.67 W
1788685147.275210471,0 %, 2411 MHz, 42, 11.67 W
1788685147.375384096,0 %, 2411 MHz, 42, 11.67 W
1788685147.475644169,0 %, 2411 MHz, 42, 11.67 W
1788685147.575780577,0 %, 2411 MHz, 42, 11.67 W
1788685147.675930746,0 %, 2411 MHz, 42, 11.67 W
1788685147.776100227,0 %, 2411 MHz, 42, 11.67 W
1788685147.876304780,0 %, 2411 MHz, 42, 11.67 W
1788685147.976523365,0 %, 2411 MHz, 42, 11.67 W
1788685148.076712062,0 %, 2411 MHz, 42, 11.68 W
1788685148.176885510,0 %, 2411 MHz, 42, 11.68 W
1788685148.277062783,0 %, 2411 MHz, 42, 11.68 W
1788685148.377233592,0 %, 2411 MHz, 42, 11.68 W
1788685148.477177553,0 %, 2411 MHz, 42, 11.68 W
1788685148.577614442,0 %, 2411 MHz, 42, 11.67 W
1788685148.677828755,0 %, 2411 MHz, 42, 11.67 W
1788685148.778019484,0 %, 2411 MHz, 42, 11.67 W
1788685148.877992405,0 %, 2411 MHz, 42, 11.67 W
1788685148.977919678,0 %, 2411 MHz, 42, 11.67 W
1788685149.078211750,0 %, 2411 MHz, 42, 11.69 W
1788685149.178176127,0 %, 2411 MHz, 42, 11.69 W
1788685149.278595448,0 %, 2411 MHz, 42, 11.69 W
1788685149.378759713,0 %, 2411 MHz, 42, 11.69 W
1788685149.478932122,0 %, 2411 MHz, 42, 11.69 W
1788685149.579379907,0 %, 2411 MHz, 42, 11.69 W
1788685149.679558956,0 %, 2411 MHz, 42, 11.69 W
1788685149.779718325,0 %, 2411 MHz, 42, 11.69 W
1788685149.879919534,0 %, 2411 MHz, 42, 11.69 W
1788685149.980216599,0 %, 2411 MHz, 42, 11.69 W
1788685150.080349376,0 %, 2411 MHz, 42, 11.68 W
1788685150.180504313,0 %, 2411 MHz, 42, 11.68 W
1788685150.280693154,0 %, 2411 MHz, 42, 11.68 W
1788685150.380887947,0 %, 2411 MHz, 42, 11.68 W
1788685150.481054020,0 %, 2411 MHz, 42, 11.68 W
1788685150.581421085,0 %, 2411 MHz, 42, 11.68 W
1788685150.681429670,0 %, 2411 MHz, 42, 11.68 W
1788685150.781625167,0 %, 2411 MHz, 42, 11.68 W
1788685150.881790648,0 %, 2411 MHz, 42, 11.68 W
1788685150.982014753,0 %, 2411 MHz, 42, 11.68 W
1788685151.082235546,0 %, 2411 MHz, 42, 11.66 W
1788685151.182148787,0 %, 2411 MHz, 42, 11.66 W
1788685151.282528732,0 %, 2411 MHz, 42, 11.66 W
1788685151.382755877,0 %, 2411 MHz, 42, 11.66 W
1788685151.482951790,0 %, 2411 MHz, 42, 11.66 W
1788685151.583131703,0 %, 2411 MHz, 42, 11.65 W
1788685151.683429760,0 %, 2411 MHz, 42, 11.65 W
1788685151.783273930,0 %, 2411 MHz, 42, 11.65 W
1788685151.882957571,0 %, 2411 MHz, 42, 11.65 W
1788685151.983309788,0 %, 2411 MHz, 42, 11.65 W
1788685152.084113701,0 %, 2411 MHz, 42, 11.66 W
1788685152.184253694,0 %, 2411 MHz, 42, 11.66 W
1788685152.284105767,0 %, 2411 MHz, 42, 11.66 W
1788685152.384755872,0 %, 2411 MHz, 42, 11.66 W
1788685152.484908106,0 %, 2411 MHz, 42, 11.66 W
1788685152.585076115,0 %, 2411 MHz, 42, 11.67 W
1788685152.685290812,0 %, 2411 MHz, 42, 11.67 W
1788685152.785504309,0 %, 2411 MHz, 42, 11.67 W
1788685152.885685358,0 %, 2411 MHz, 42, 11.67 W
1788685152.985859783,0 %, 2411 MHz, 42, 11.67 W
1788685153.086240080,0 %, 2411 MHz, 42, 11.67 W
1788685153.185920650,0 %, 2411 MHz, 42, 11.67 W
1788685153.286394051,0 %, 2411 MHz, 42, 11.67 W
1788685153.386533644,0 %, 2411 MHz, 42, 11.67 W
1788685153.486733413,0 %, 2411 MHz, 42, 11.67 W
1788685153.586898159,0 %, 2411 MHz, 42, 11.66 W
